sys.exec.out.time {s},chaser.lvlh_rel_state.rel_state.trans.position[0] {m},chaser.lvlh_rel_state.rel_state.trans.position[1] {m},chaser.lvlh_rel_state.rel_state.trans.position[2] {m},chaser.lvlh_rel_state.rel_state.trans.velocity[0] {m/s},chaser.lvlh_rel_state.rel_state.trans.velocity[1] {m/s},chaser.lvlh_rel_state.rel_state.trans.velocity[2] {m/s},gnc.meas_rel_pos[0] {m},gnc.meas_rel_pos[1] {m},gnc.meas_rel_pos[2] {m},gnc.meas_rel_vel[0] {m/s},gnc.meas_rel_vel[1] {m/s},gnc.meas_rel_vel[2] {m/s},gnc.setpoint_pos[0] {m},gnc.setpoint_pos[1] {m},gnc.setpoint_pos[2] {m},gnc.setpoint_vel[0] {m/s},gnc.setpoint_vel[1] {m/s},gnc.setpoint_vel[2] {m/s},gnc.guidance.state_ {1},gnc.guidance.current_leg_ {--},gnc.cmd_force[0] {N},gnc.cmd_force[1] {N},gnc.cmd_force[2] {N},gnc.control.saturated_[0] {--},gnc.control.saturated_[1] {--},gnc.control.saturated_[2] {--}
0,-1033.8184467735,36.4102456595774,-30.0761295296252,-0.181933381790156,-0.0519715507094882,1.28261424734008,-1033.95873404441,36.3057309785332,-30.2720689865999,-0.185086302612278,-0.0512581208183379,1.2684587221612,-500,0,0,0,0,0,0,0,1086.42609835005,-67.4856498752325,-66.3017342429205,0,0,0
1,-1033.45642076222,36.3245277808942,-28.8271779570709,0.905947224967292,-0.119464206656217,1.21467356187562,-1033.39323057514,36.2342154916153,-28.8077348654752,0.913720736984904,-0.123892720688259,1.2239170206741,-500,0,0,0,0,0,0,0,975.414387451781,-60.0791589144047,-64.7762323364597,0,0,0
2,-1032.06213390157,36.1750208637864,-27.6471161591598,1.88258793863648,-0.179549627559543,1.14489758567484,-1032.10019140399,36.1313086872,-27.5089754278305,1.87889336383327,-0.169399759426686,1.14202658645514,-500,0,0,0,0,0,0,0,876.31104642466,-55.3226414317314,-59.1847077898525,0,0,0
3,-1029.74086467816,35.9678071052937,-26.5355160936564,2.75991406193531,-0.234877889440188,1.07780624096523,-1029.81967519024,35.8639165100768,-26.4816910361432,2.77948083042844,-0.233684437388638,1.07018676294184,-500,0,0,0,0,0,0,0,781.69126733763,-48.3593892812898,-54.0552942218972,0,0,0
4,-1026.58967714419,35.7087470178263,-25.489710184545,3.54242658864056,-0.283242285525054,1.01336287858156,-1026.58492453826,35.6555008588633,-25.5322615922169,3.55998055913921,-0.274779340593835,1.01862766194495,-500,0,0,0,0,0,0,0,697.171793162591,-43.833067658343,-50.7982430100615,0,0,0
5,-1022.69833088547,35.4035859727094,-24.5078016413077,4.24023263006032,-0.327079804735557,0.950059401134927,-1022.89055088664,35.4365922530744,-24.3728117041899,4.23332071560202,-0.334350448129281,0.95002394491552,-500,0,0,0,0,0,0,0,622.449030213071,-37.4381396932206,-46.2567710831721,0,0,0
6,-1018.14662407449,35.0577851133398,-23.5878509065645,4.86314966243687,-0.364521914013334,0.88948959994633,-1018.1634101611,34.9962359144405,-23.4862572907883,4.86751225610014,-0.364286985832525,0.907881161778087,-500,0,0,0,0,0,0,0,549.575594712188,-33.5637732456285,-43.815601596232,0,0,0
7,-1013.0085206818,34.6764795682585,-22.7280126267944,5.4130267100605,-0.398089176120669,0.829875787105995,-1012.85110753469,34.6237671419249,-22.7190179636041,5.41111996511847,-0.411820486088256,0.814172457535184,-500,0,0,0,0,0,0,0,484.590218557529,-28.0654856750242,-35.9792098263102,0,0,0
8,-1007.3530874177,34.2643561039614,-21.9245045130413,5.89781347272572,-0.426157752383458,0.776866072546881,-1007.3456328181,34.2410655414407,-21.9221494957932,5.89017096348362,-0.427886969658883,0.792945643384704,-500,0,0,0,0,0,0,0,425.674169287836,-25.6934341169932,-35.450265346884,0,0,0
9,-1001.24240075764,33.8253502873888,-21.1742602500638,6.32353352559356,-0.451853880677764,0.723381487238565,-1001.29075918823,33.7267634968075,-20.9818740750794,6.33898876693704,-0.461803064352544,0.724404509192315,-500,0,0,0,0,0,0,0,368.682641682754,-21.2732205583606,-30.4767027690727,0,0,0
10,-994.734538918295,33.3628586290498,-20.47541005448,6.69216646970035,-0.473129435923902,0.674110216431469,-994.698415355695,33.2242929987652,-20.4933356005867,6.68968948386222,-0.467392343737926,0.667594991101145,-500,0,0,0,0,0,0,0,320.427882325169,-19.7093516237377,-25.7728279089412,0,0,0
11,-987.882211490311,32.8798735007842,-19.8238014461546,7.01246723589674,-0.492840820501267,0.628925645432099,-987.758771545687,33.0363383989379,-19.8157886175944,7.00072188927622,-0.493966042018235,0.635663779724348,-500,0,0,0,0,0,0,0,275.445354163751,-16.6760725960522,-23.9348007372461,0,0,0
12,-980.732123675211,32.3786937749942,-19.216693727579,7.28768822365633,-0.509518631092325,0.585133931015893,-980.834474049294,32.4504878987237,-19.1095495489082,7.27862037853511,-0.507871289129099,0.576135388034031,-500,0,0,0,0,0,0,0,233.806910245077,-14.1138468845376,-19.3944397055867,0,0,0
13,-973.327658919601,31.8621174803556,-18.6512659678833,7.5212236829802,-0.523633958202662,0.545589297692089,-973.379914807632,32.0052763404435,-18.7032506127392,7.51703337479231,-0.512004690902689,0.546563476012247,-500,0,0,0,0,0,0,0,195.056492136033,-12.8100835906182,-17.2498463757463,0,0,0
14,-965.709067399047,31.332077865796,-18.1243976860144,7.71594301853364,-0.536445270939718,0.508036922174063,-965.731149989075,31.3272393726215,-18.3302834185889,7.70621329967338,-0.526373464820912,0.494670731063676,-500,0,0,0,0,0,0,0,160.840970010813,-10.0171322631518,-12.8065062691899,0,0,0
15,-957.912873018613,30.7906235181674,-17.632898495921,7.87643199821172,-0.546463424357001,0.474870480296548,-957.87351484608,30.7042416561225,-17.6118607431127,7.87941778755279,-0.550449033522387,0.469193953555945,-500,0,0,0,0,0,0,0,127.80525093688,-6.36357996000618,-11.695673869369,0,0,0
16,-949.972736054492,30.2409779022102,-17.1739818236175,8.00382895023161,-0.552827807567975,0.442890596536452,-949.953392032798,30.252044251463,-17.360182677888,8.00803019856542,-0.554628470054271,0.437885000949999,-500,0,0,0,0,0,0,0,99.103764209054,-5.04124149749891,-9.06813473922386,0,0,0
17,-941.919563819751,29.6856291624959,-16.7456701013525,8.10250417738308,-0.557869671934107,0.413676828984289,-942.017730688764,29.793622022885,-16.7329532252497,8.09744553779221,-0.556938168053922,0.415955404350043,-500,0,0,0,0,0,0,0,74.2909075983081,-3.89342724037774,-8.12963398450483,0,0,0
18,-933.780144697636,29.125812547053,-16.3460165111623,8.17632341793131,-0.561763558942942,0.385588395338469,-933.855203084428,29.1271299987535,-16.5309716254802,8.17950188734089,-0.562182953447371,0.391871894816061,-500,0,0,0,0,0,0,0,49.7602174347671,-2.03596465276981,-6.12524623064576,0,0,0
19,-925.579179150786,28.5630308536485,-15.9733097591883,8.22559836638315,-0.563799827899296,0.359797032069325,-925.500381354755,28.6172465817197,-15.9682363413763,8.22473818120128,-0.562408565451786,0.38309845400043,-500,0,0,0,0,0,0,0,28.5269445893827,-0.993636618260737,-6.37337271729043,0,0,0
20,-917.339583351007,27.9987341279139,-15.6263608080879,8.25358399465187,-0.564793623597759,0.334084836120716,-917.485189710323,27.9741888083323,-15.6531354488961,8.25515671258308,-0.57583593845647,0.330830239022627,-500,0,0,0,0,0,0,0,9.4547081623374,1.63521622898243,-1.77675300447051,0,0,0
21,-909.081508119055,27.4347580851828,-15.3026465077172,8.2625600514493,-0.563158461894138,0.313338483259832,-909.015750491028,27.3323814159827,-15.4249254496101,8.27374363648278,-0.56504050221301,0.318385484624971,-500,0,0,0,0,0,0,0,-9.34286266622121,1.83928738933564,-0.988697563276876,0,0,0
22,-900.823862069717,26.8725193012834,-14.9990651802647,8.25272632987256,-0.561319105884445,0.293829529483914,-900.719298964221,27.0176591111838,-14.832521979819,8.24549505983098,-0.554490049273725,0.296469515035597,-500,0,0,0,0,0,0,0,-23.1109080546549,1.41368670500485,0.0180924560783708,0,0,0
23,-892.582935377258,26.3119071169059,-14.7142933689525,8.22912212309912,-0.55990526266507,0.275727239232755,-892.642111268375,26.3409605833152,-14.5837817550433,8.24273736453802,-0.549912311642785,0.277199079449636,-500,0,0,0,0,0,0,0,-38.9895139170524,2.30930999764814,1.44765556512295,0,0,0
24,-884.373544488241,25.7531566373714,-14.4466531650934,8.18965580644741,-0.557595696223718,0.259575286734787,-884.466464236781,25.8930576350926,-14.4511423588593,8.1937124396298,-0.558652192807715,0.247435644215856,-500,0,0,0,0,0,0,0,-50.4383154894175,4.07910401058633,4.15872029613308,0,0,0
25,-876.209314960822,25.1976006528099,-14.1935808346177,8.13880116646565,-0.553516272752032,0.246597935754138,-876.105659368642,25.3054197931695,-14.1989399552679,8.13895613628199,-0.551364272297704,0.255317227877064,-500,0,0,0,0,0,0,0,-61.6842948909152,4.5255876434314,2.86615712282929,0,0,0
26,-868.10158588622,24.6463473751328,-13.9538799689071,8.07665442370939,-0.548990282496787,0.232838745330799,-868.082967526685,24.6247053197831,-13.9481581367261,8.07006769833036,-0.57142633261686,0.23520592458288,-500,0,0,0,0,0,0,0,-70.8408347796653,7.89322262211974,4.37572381516427,0,0,0
27,-860.060564093714,24.1013039321535,-13.7269385130009,8.00538769350612,-0.541096603322431,0.221084274651014,-860.118356511787,24.2506158240925,-13.5527882406343,8.01544660286803,-0.544827612031712,0.223934070694112,-500,0,0,0,0,0,0,0,-81.3079472632288,5.98152955498625,4.71216941185748,0,0,0
28,-852.096038905059,23.5631983564484,-13.5112965601839,7.92366168551509,-0.535114548092278,0.210245658426371,-852.070645539192,23.7212288088101,-13.5675669014859,7.92611062729364,-0.534215211886287,0.203206440592677,-500,0,0,0,0,0,0,0,-88.4697716509811,5.97906357100855,6.81448974370404,0,0,0
29,-844.216786953587,23.0310736216073,-13.3051865840151,7.83484264409798,-0.529134921603321,0.20202432955246,-844.130804248959,23.0479550049369,-13.2155870904985,7.85738155293489,-0.519392835461633,0.208371573173697,-500,0,0,0,0,0,0,0,-97.4765467955714,5.8433735362895,5.59401686362726,0,0,0
30,-836.430874215197,22.5048607020508,-13.1076042616151,7.73698285700411,-0.523290917561628,0.193195464118403,-836.429937486839,22.5898359525138,-13.130354765079,7.72895007854302,-0.522152879516867,0.203655132155863,-500,0,0,0,0,0,0,0,-100.035132880625,7.03561604665901,5.89519631457166,0,0,0
31,-828.744094259973,21.9850879156437,-12.9184898217777,7.63657742376679,-0.516254655292134,0.185090006769375,-828.774663318523,21.9345394074799,-12.7943793156722,7.64830870734835,-0.512871773934464,0.17381010084821,-500,0,0,0,0,0,0,0,-107.28154409779,7.41809857848666,8.20774854652339,0,0,0
32,-821.161297300487,21.4725426511264,-12.736023915365,7.52901844799503,-0.508835873804933,0.179902441069616,-821.168257554771,21.3497156783922,-12.7885361726167,7.52422629010261,-0.521198005305551,0.178255639646425,-500,0,0,0,0,0,0,0,-110.08611390072,9.42036917377072,7.75150838059085,0,0,0
33,-813.687463159788,20.9684173141215,-12.55873910034,7.41865172537959,-0.499414800264923,0.174729419463248,-813.764578395573,21.055132588015,-12.4834093957684,7.41981995914382,-0.503035777127013,0.163834527155197,-500,0,0,0,0,0,0,0,-114.452839123236,8.19331253667125,8.5833660760171,0,0,0
34,-806.326155614851,20.4730995348981,-12.3859407638916,7.30396596159467,-0.49122075824281,0.170931920561724,-806.367815702405,20.3372440711941,-12.4951421166856,7.30064296043291,-0.503740368764105,0.171997450970569,-500,0,0,0,0,0,0,0,-117.32866463848,9.69954873402219,7.79053913631429,0,0,0
35,-799.08097841339,19.9867289276819,-12.2170849172506,7.18639080150345,-0.481520456273821,0.16684607253259,-799.118879829821,20.025578809007,-12.3826822733341,7.18594864809241,-0.473349162285734,0.169094020555167,-500,0,0,0,0,0,0,0,-120.357105149599,7.2837586105594,7.85596249115147,0,0,0
36,-791.954880769523,19.5088507374628,-12.0520214936041,7.06580710289983,-0.474235924256592,0.163348775519589,-792.144866663227,19.7287842517619,-11.9790602494595,7.0624786943617,-0.471181152300074,0.149341368797268,-500,0,0,0,0,0,0,0,-121.958136109716,7.66054672648354,9.02398361919211,0,0,0
37,-784.950134114052,19.0384454755858,-11.8896342726273,6.94368967515811,-0.466574599550874,0.161494534341925,-785.120932533208,19.0281204710963,-11.7701270058508,6.93964635820272,-0.463433469154754,0.160993322412422,-500,0,0,0,0,0,0,0,-123.722770753856,8.28710597328281,7.44092177045937,0,0,0
38,-778.0684099419,18.5760148282742,-11.7296474606647,6.81976144145451,-0.458286695135902,0.158548980780099,-777.960687742602,18.4847418514447,-11.6202706050213,6.82007823444437,-0.487217120961808,0.160972872477493,-500,0,0,0,0,0,0,0,-126.086447959234,11.7522283932914,7.14325396229328,0,0,0
39,-771.311792780773,18.1236046554379,-11.5724929418515,6.6934757019829,-0.446533650685591,0.155831278430978,-771.371033814033,18.1093152998854,-11.4224985274033,6.68050355805873,-0.452604727747092,0.153780890608428,-500,0,0,0,0,0,0,0,-125.308288177807,9.04184217493845,7.4669079939638,0,0,0
40,-764.681056723612,17.6815923303999,-11.4176984664106,6.56799955689713,-0.437490999461007,0.153828438138738,-764.723383158194,17.6195802529622,-11.2534239666232,6.58529024162969,-0.434039380843834,0.158561635381636,-500,0,0,0,0,0,0,0,-129.082257846581,8.16477757845892,6.65068439508276,0,0,0
41,-758.177691137766,17.2481841392302,-11.2650145004184,6.43873455751269,-0.429325382874812,0.151612392798832,-758.050773987433,17.2956232377735,-11.2414223088335,6.43109313071379,-0.415924679208816,0.135044214260516,-500,0,0,0,0,0,0,0,-127.007765096514,7.0012214453346,8.97842319161535,0,0,0
42,-751.802490073774,16.8223597733299,-11.1132147332232,6.31167193409652,-0.422323348984331,0.152058798918254,-751.786157124351,16.8994520197862,-11.213790549726,6.31760892918981,-0.424046828996198,0.144524232432613,-500,0,0,0,0,0,0,0,-128.188578670279,8.60577886004751,7.97515785619062,0,0,0
43,-745.554952530548,16.4043397267392,-10.9612258593423,6.18340714408369,-0.413716744284278,0.151991279516343,-745.427634877339,16.3747928127287,-10.7998193637675,6.1822703767041,-0.399992442232176,0.169740933154796,-500,0,0,0,0,0,0,0,-127.371767915731,7.24965859776022,4.62554541205532,0,0,0
44,-739.435343268802,15.9942482309741,-10.810780614823,6.05581362334795,-0.40646624739093,0.148971160176345,-739.508699874175,15.9379881387137,-10.9004022963707,6.05517909930091,-0.39073628987815,0.14089613362412,-500,0,0,0,0,0,0,0,-126.500510181742,7.19765271038757,7.71119123032945,0,0,0
45,-733.442806891504,15.5913812178278,-10.6616210490136,5.92926325076925,-0.399267778865483,0.149419329529514,-733.47115118508,15.5170943580764,-10.4627083168734,5.92837806639985,-0.393296862916246,0.14726515593353,-500,0,0,0,0,0,0,0,-125.895504269825,8.29549757547181,6.19890104039374,0,0,0
46,-727.576545684261,15.1962615976439,-10.5125701362784,5.80326257416408,-0.390971461451317,0.148753540113624,-727.567137100441,15.2732507853061,-10.628310170097,5.80419244030622,-0.392841865572405,0.133340386248933,-500,0,0,0,0,0,0,0,-125.284969829741,8.73768498662827,7.92258171530068,0,0,0
47,-721.835924032448,14.8096593819323,-10.3631275303034,5.67798525222365,-0.382232970021567,0.150202304523455,-721.734843258701,14.8216623440656,-10.2458017168995,5.66569451535321,-0.380572311232473,0.127391945385685,-500,0,0,0,0,0,0,0,-123.099765017919,8.41390643511619,7.75240889523047,0,0,0
48,-716.219479616639,14.4316337614688,-10.2121686511467,5.55490809769433,-0.373818271038198,0.151784839644158,-716.364301747615,14.3597241941878,-10.2568106091288,5.55886658553796,-0.374761773935218,0.152362415903903,-500,0,0,0,0,0,0,0,-123.158055058566,8.75672900514626,5.27737962786723,0,0,0
49,-710.726196428402,14.0621942580484,-10.0606530789125,5.4316615612457,-0.365060735790168,0.151315784654355,-710.835901843087,14.0827752362828,-10.2284744903315,5.4248473084016,-0.380218310833276,0.145992795124504,-500,0,0,0,0,0,0,0,-120.812927153986,9.85628061076192,5.85766946821253,0,0,0
50,-705.354962654936,13.7020620561489,-9.90917485716755,5.31080967598137,-0.355203667949326,0.15170878105397,-705.513608527424,13.9698263752857,-9.91744261052055,5.30956350845054,-0.371095604786809,0.133449637176367,-500,0,0,0,0,0,0,0,-119.929133790207,9.16990772810954,6.48992150340438,0,0,0
51,-700.104110126657,13.351443731097,-9.75680920974985,5.19089955102703,-0.346032982377533,0.153090100331597,-700.08411846713,13.4998870554871,-9.87939633559692,5.16932656056087,-0.344652459200204,0.159767528796775,-500,0,0,0,0,0,0,0,-116.764419121827,7.46547180904622,3.78203979151631,0,0,0
52,-694.971655174204,13.0091438701149,-9.60430426365444,5.07401304704503,-0.338566739625219,0.151985665314864,-695.080312329681,13.0101517968798,-9.57983268936378,5.06918175736976,-0.349182592153355,0.156939461518464,-500,0,0,0,0,0,0,0,-116.757551077613,8.89795562157597,3.46571922688119,0,0,0
53,-689.956084554369,12.6750264946308,-9.45286421595971,4.95713085595942,-0.329668011410022,0.150960297720583,-689.838517107087,12.8809186769945,-9.44907266923966,4.96030744772969,-0.328539920817599,0.13273620106616,-500,0,0,0,0,0,0,0,-116.353710558796,7.09215472777079,5.62452523186332,0,0,0
54,-685.057120464959,12.3489049397586,-9.30118691249346,4.84080133465847,-0.322575098418532,0.152459858763214,-685.045658105247,12.3673250368191,-9.49500607919811,4.83249430225802,-0.322770965392104,0.155047646244734,-500,0,0,0,0,0,0,0,-113.158114015309,7.54244646557224,3.48524753392287,0,0,0
55,-680.272945604853,12.0301014386131,-9.14898045541897,4.72755122912473,-0.315031903853978,0.152016863755928,-680.255478310635,12.1497092181121,-8.99374304175236,4.72754720616887,-0.325823456319478,0.146290412486445,-500,0,0,0,0,0,0,0,-112.243763995616,8.28292719572362,3.35844483486018,0,0,0
56,-675.601559935437,11.7192113696464,-8.99711783775168,4.61522299280371,-0.306748234074744,0.151771654433805,-675.579999076376,11.7906740089566,-9.27886185697722,4.6204003774865,-0.309693568013651,0.156516461969278,-500,0,0,0,0,0,0,0,-110.880039595899,7.38800878345182,2.90607751702663,0,0,0
57,-671.04182786158,11.4161575079079,-8.84558030372825,4.50424387595887,-0.299359489513309,0.151365925271304,-671.102918602122,11.4026100543415,-8.92099924185135,4.5035382740762,-0.315359028557214,0.155332217840999,-500,0,0,0,0,0,0,0,-108.147990203376,8.73068274703851,2.30877669960283,0,0,0
58,-666.591723115893,11.1211637200592,-8.69464863543229,4.39596804028099,-0.290628086299905,0.150558391657806,-666.551474742951,11.2078821518184,-8.80638272868604,4.39184496548799,-0.297487923685061,0.139912352184123,-500,0,0,0,0,0,0,0,-106.081547062897,7.33302806486934,3.62153023895977,0,0,0
59,-662.248812066221,10.8342024975308,-8.54375564006045,4.28985728108552,-0.283294358817554,0.151287356667589,-662.158483617285,10.7628291163268,-8.5122369846881,4.308037642645,-0.301278838929559,0.155211578179289,-500,0,0,0,0,0,0,0,-106.486797029931,8.60222566030237,1.5033161514473,0,0,0
60,-658.012276018183,10.5552096083871,-8.39299734525372,4.18321699626277,-0.274691419617372,0.150289276202405,-657.998224414909,10.6444034753536,-8.43619299077103,4.1771772600419,-0.276493664915156,0.135411499638127,-500,0,0,0,0,0,0,0,-101.721277174372,6.3605595408084,3.33123601772933,0,0,0
61,-653.879933438941,10.2836988042547,-8.24230965612332,4.08147131977951,-0.268330188650225,0.151143379657073,-653.76657330532,10.282237813112,-8.27112598072343,4.07771044775323,-0.255797462998657,0.148897655531097,-500,0,0,0,0,0,0,0,-100.237898164683,5.01527067364159,1.65248640833718,0,0,0
62,-649.848645935807,10.0178765861672,-8.09148537110611,3.98110597099393,-0.263314247588511,0.150561681689386,-650.067074436646,10.199581077757,-8.17358033064825,3.98001641843636,-0.263743287686146,0.148039912337013,-500,0,0,0,0,0,0,0,-97.8674929703443,5.9751666131006,1.54316942759522,0,0,0
63,-645.916538500312,9.75755024938838,-7.94121228560815,3.88311115493646,-0.257338426058717,0.150039639045059,-645.849266044669,9.79739953413177,-7.93881006476115,3.87041050169699,-0.26755491211901,0.156578203326863,-500,0,0,0,0,0,0,0,-95.3425180803597,7.16069214363748,0.219799796835977,0,0,0
64,-642.081207695978,9.50379249191088,-7.79204712614459,3.78755198663235,-0.250177089000625,0.148344446687166,-641.94867485258,9.55410480108442,-7.76192439090306,3.79743211623687,-0.254869899702999,0.146459869523122,-500,0,0,0,0,0,0,0,-95.8458619185268,6.37878036813111,0.877861829493895,0,0,0
65,-638.341658152345,9.25680511551768,-7.64406923668653,3.69154914459536,-0.243797663843855,0.147665340565594,-638.624213189243,9.18424046864006,-7.82968287532072,3.69063243074428,-0.242730929670605,0.134593138462858,-500,0,0,0,0,0,0,0,-91.8148166959424,5.90461202978037,2.20005190435559,0,0,0
66,-634.696045967536,9.01596006284444,-7.49609958308285,3.59967796255956,-0.237892441441529,0.148325641486893,-634.706640902344,9.00121149264869,-7.39485252934365,3.58257156906273,-0.22198589832294,0.148304836212667,-500,0,0,0,0,0,0,0,-88.8438751015844,4.19616684699664,-0.0407785625793924,0,0,0
67,-631.140900292798,8.78016600599852,-7.34854433024334,3.51061485666473,-0.233695672321684,0.14683494867216,-631.162364875255,8.9678348037949,-7.20880093363925,3.51565466167251,-0.233283947852421,0.138631151245826,-500,0,0,0,0,0,0,0,-89.24073641674,5.39272517765228,0.554486742695907,0,0,0
68,-627.674988165327,8.54916699718469,-7.20201752616164,3.42121133143149,-0.228302345379676,0.14626892539625,-627.671377988534,8.40199951452833,-7.18153003025541,3.41979962722884,-0.227804350805635,0.161628630734418,-500,0,0,0,0,0,0,0,-86.6372067458168,5.97643605150687,-1.79980301293101,0,0,0
69,-624.297267638964,8.32385316830099,-7.05718103545914,3.33423033367058,-0.222325312561851,0.143452953357955,-624.434366574234,8.41043119493155,-6.97346039950287,3.33325364925236,-0.217796566815044,0.161206204506556,-500,0,0,0,0,0,0,0,-84.4566317767676,4.9587942916413,-2.17369965164987,0,0,0
70,-621.005454083046,8.10400754495704,-6.91528645655824,3.2493971937708,-0.217365934267965,0.140383879907426,-620.783550060876,8.03779313259423,-6.90449427711848,3.26164880411762,-0.235664821181619,0.129756823645886,-500,0,0,0,0,0,0,0,-84.5977802900092,7.49089585297345,0.833306189648344,0,0,0
71,-617.798422038976,7.89038734302967,-6.77481361764057,3.16466910845557,-0.209874469612797,0.14060940284856,-617.679609578197,7.82238077218991,-6.81792647225044,3.17818494128601,-0.210749846135435,0.142847958024935,-500,0,0,0,0,0,0,0,-82.4592749722057,5.43022306916364,-0.648942857992585,0,0,0
72,-614.675105912122,7.68322826629461,-6.6347981074086,3.08196453732524,-0.204443684268231,0.139468073020215,-614.60285637485,7.76009456794382,-6.74075902600311,3.09325233391119,-0.211995234740959,0.136569977782887,-500,0,0,0,0,0,0,0,-80.1195206414185,5.67933433820824,-0.175479726282491,0,0,0
73,-611.633304659475,7.48162452120785,-6.49564511713889,3.00163962127054,-0.198763806049349,0.138883017435087,-611.538826549063,7.44548731014856,-6.46198879581115,2.99448536050864,-0.19312898524384,0.146294783850932,-500,0,0,0,0,0,0,0,-76.3708829527382,4.42192390408689,-1.70550079347086,0,0,0
74,-608.670019444539,7.28507194045673,-6.35786086466289,2.92493153043341,-0.194341355452726,0.136728553915782,-608.617828469599,7.08408993007298,-6.39819531566033,2.92922675951862,-0.178398234824518,0.13225907140608,-500,0,0,0,0,0,0,0,-75.6870190126642,3.67164362230583,-0.429516509287366,0,0,0
75,-605.783045319199,7.09256666452408,-6.22149515403391,2.84901822033812,-0.190669196623713,0.13604547459472,-605.969295554171,6.88055781082454,-6.18688181684355,2.85094183676157,-0.183683405276762,0.133727604009267,-500,0,0,0,0,0,0,0,-73.1555925678149,4.60722490602708,-0.998996767239637,0,0,0
76,-602.970743296235,6.90420133088086,-6.08607702091796,2.77558698054945,-0.186061470608235,0.13483199565628,-602.988006926375,6.83875955886239,-5.94145044104488,2.78888710925441,-0.179702744906202,0.132860656691198,-500,0,0,0,0,0,0,0,-72.9126970726922,4.29275537289539,-1.40316478703006,0,0,0
77,-600.231765536852,6.72028648880776,-5.95196064589985,2.70236954757072,-0.181768213599961,0.133441829173793,-600.236729925566,6.8249671491955,-5.91188836676653,2.70581287297929,-0.180667213604504,0.131238021182739,-500,0,0,0,0,0,0,0,-70.1078274467963,4.41678706205938,-1.30002538474082,0,0,0
78,-597.564600560695,6.54072690980735,-5.81918335149836,2.63196142511914,-0.177350944461607,0.132152244993866,-597.505023313668,6.49002917419111,-5.83468256883299,2.63942878458703,-0.185307880217343,0.149283204071233,-500,0,0,0,0,0,0,0,-68.932831831366,5.55072967335208,-3.25895526945734,0,0,0
79,-594.967342737124,6.36615157246417,-5.68860514714423,2.56255417689833,-0.171799730152544,0.129043077992633,-594.976118763056,6.22257789360285,-5.7426184481256,2.54442674457381,-0.167855572005733,0.137467400898652,-500,0,0,0,0,0,0,0,-64.4904369312681,4.3404014133676,-2.26150319361402,0,0,0
80,-592.437235056708,6.19652226762515,-5.56072325092597,2.49766155923639,-0.167458879569803,0.126757084525401,-592.437680855878,6.16949077043375,-5.60417179189132,2.49635598584197,-0.177405556124788,0.13468380927603,-500,0,0,0,0,0,0,0,-64.7602368724413,5.40157407161133,-2.26003734382038,0,0,0
81,-589.972153050081,6.03176440061329,-5.43500519003152,2.43250292557767,-0.162056854510954,0.12471554441664,-590.026962111518,6.16780315193124,-5.50105342348255,2.43096827675747,-0.167896367591278,0.117582243262179,-500,0,0,0,0,0,0,0,-63.0429034527119,4.45403045526532,-0.756117479252804,0,0,0
82,-587.571303623992,5.87193477697002,-5.31054987758516,2.36919723104995,-0.157602392780721,0.12423053939173,-587.555199971074,5.78503368040689,-5.38761908380828,2.35104251545525,-0.144863879348761,0.121274407860886,-500,0,0,0,0,0,0,0,-59.9938516033768,2.91632057406233,-1.35220261847203,0,0,0
83,-585.23226598747,5.71579075144703,-5.18691270894801,2.30887893270783,-0.154685658392646,0.123077572315991,-585.241285459756,5.64611077824689,-5.14227850245417,2.31662465573442,-0.159743003090176,0.125590671611204,-500,0,0,0,0,0,0,0,-61.1798946539304,4.68207875252385,-2.27451015621203,0,0,0
84,-582.954177945836,5.56344634585283,-5.06473008178286,2.24729766503149,-0.1500031528288,0.121322151868163,-582.679809351485,5.39907316587322,-5.0501074482371,2.23945473794571,-0.142320101902468,0.109077804239142,-500,0,0,0,0,0,0,0,-58.5858550916009,3.43386385850038,-0.807565527440001,0,0,0
85,-580.7363081881,5.41516032567762,-4.94359373958363,2.1884431216805,-0.146568887620251,0.120983468566035,-580.762916364028,5.49776621336038,-4.94459617318537,2.17404137973295,-0.131821082816701,0.119699129899269,-500,0,0,0,0,0,0,0,-55.8783052452399,2.18657585494933,-2.08072064355616,0,0,0
86,-578.576003440732,5.26968492092823,-4.82346218080152,2.13216686047173,-0.144381921927443,0.1193111288817,-578.639478375247,5.36620177623833,-4.64597628830106,2.13749127088576,-0.147541412187162,0.137474937164137,-500,0,0,0,0,0,0,0,-56.4701703380819,4.02173766623959,-4.45554113981157,0,0,0
87,-576.472384411567,5.12731407117968,-4.70606118585221,2.07507046425236,-0.140359777655627,0.115522787313681,-576.332743565676,5.15002853389906,-4.54442302525176,2.07248500260134,-0.144643291795391,0.122911535390378,-500,0,0,0,0,0,0,0,-54.5830131287822,4.16427211174095,-3.20230748853429,0,0,0
88,-574.424862810298,4.9890366231611,-4.59182286155161,2.01997267048968,-0.136195118455986,0.112984656713238,-574.341455759996,5.03021401217556,-4.62858650000258,2.00699766447133,-0.132598701319891,0.0946205598112901,-500,0,0,0,0,0,0,0,-52.0168549271407,3.199442107638,-0.204882981123854,0,0,0
89,-572.431012161751,4.8544414025452,-4.47866788414406,1.96773015375783,-0.132995322753058,0.113354484111715,-572.498261919275,4.89812982643534,-4.50939317410252,1.98660361940541,-0.135473097836136,0.107218858352913,-500,0,0,0,0,0,0,0,-53.6638381019913,3.75105013074296,-1.70309948708627,0,0,0
90,-570.490294620059,4.72332179121299,-4.36571723305206,1.91370578101898,-0.129243899817683,0.112576991627773,-570.447916013458,4.89012906952543,-4.21474527009345,1.9155675835542,-0.142779882730233,0.110269046028627,-500,0,0,0,0,0,0,0,-50.6609263285042,4.49773013397243,-2.59741406267582,0,0,0
91,-568.602151150095,4.59632693522868,-4.25405235485719,1.86258140711455,-0.124745812428373,0.110781306260394,-568.602117677546,4.67197818157018,-4.28199550405971,1.8702766632982,-0.137328295469461,0.109998755429418,-500,0,0,0,0,0,0,0,-49.823430974727,4.38887318380578,-2.43588453482241,0,0,0
92,-566.764706380016,4.47377573478159,-4.14406063393801,1.81230848685108,-0.120356588526599,0.109230190855646,-566.964511491896,4.45387262866354,-4.23411590543251,1.80209202281129,-0.116146678191975,0.122273345389967,-500,0,0,0,0,0,0,0,-46.2801792973371,2.70692256187038,-3.75910272813166,0,0,0
93,-564.975840869092,4.35477277436418,-4.03637949374954,1.76542200762661,-0.117649332150835,0.106158240540636,-565.175757398668,4.39567997769735,-4.16226309374331,1.77994578980199,-0.106205094856127,0.105271931698948,-500,0,0,0,0,0,0,0,-47.643064182862,1.82914953021801,-2.20266698240818,0,0,0
94,-563.234458558,4.238038184332,-3.93084585632137,1.71734309253493,-0.115819847937602,0.104935841230757,-563.201051515024,4.34476702354856,-3.98233016032945,1.71391487673644,-0.129147815304988,0.0926299755846058,-500,0,0,0,0,0,0,0,-44.9893846435955,4.2252474834017,-1.29833723780169,0,0,0
95,-561.539786049533,4.12433111606655,-3.82614662555178,1.67200280657303,-0.11159428861007,0.104487886917638,-561.544497161465,4.02848203685059,-3.87629936850465,1.66119551691844,-0.109730833559529,0.0821789106634004,-500,0,0,0,0,0,0,0,-43.0305573689143,2.91611928225175,-0.465292329330738,0,0,0
96,-559.889432419499,4.01419503401303,-3.72151138548085,1.6287057363935,-0.108677875235406,0.104806710371658,-559.918791820582,4.17464847808507,-3.88860950865957,1.63981946284865,-0.109587052844451,0.107685053440592,-500,0,0,0,0,0,0,0,-44.1443626437014,2.60940832827499,-2.99128632674004,0,0,0
97,-558.283063493945,3.90682202060418,-3.61767959195608,1.58403211600467,-0.106068151691902,0.102881754120931,-558.344363069241,3.80476803700865,-3.57752607012597,1.58406291103183,-0.105393189704271,0.101145227390983,-500,0,0,0,0,0,0,0,-41.7175649647005,2.92978289640977,-2.95947059884634,0,0,0
98,-556.720160382999,3.80221890957765,-3.51581622027244,1.54177403070851,-0.103138070193163,0.100868506097012,-556.599745364916,3.86306161291092,-3.55941815708958,1.53978434564412,-0.10405903510166,0.0888789539189067,-500,0,0,0,0,0,0,0,-40.7789438345801,2.67978028434417,-1.7690590777115,0,0,0
99,-555.198982801774,3.70042087245841,-3.41535636832804,1.50058171222006,-0.100458004067185,0.100074110837142,-555.167744591942,3.86840608409103,-3.43981392525639,1.49587219419481,-0.112472635297417,0.0958440066684933,-500,0,0,0,0,0,0,0,-39.2517302355979,3.51045136155964,-2.70477281633655,0,0,0
100,-553.718289655557,3.60171823425033,-3.31617302413617,1.46080459629454,-0.0969472721877518,0.0983146893695849,-553.729438833469,3.53768495070401,-3.34851085789683,1.45924192961083,-0.114986825408269,0.0939327209631866,-500,0,0,0,0,0,0,0,-38.4653152941442,4.42331263941888,-2.69625038052499,0,0,0
101,-552.276982379759,3.50698275602893,-3.21872323639746,1.42180997644379,-0.0925236844020959,0.0966065547948289,-552.22421311523,3.49991863747907,-3.1168488466891,1.42197147452805,-0.0899812504513348,0.0979130846601172,-500,0,0,0,0,0,0,0,-37.7487212223448,1.99828777017535,-3.55761077263352,0,0,0
102,-550.874363129038,3.4154583530647,-3.12338555707335,1.38342807084896,-0.0905251217149243,0.0940901198557524,-550.806023288346,3.54073430817862,-3.06003650643984,1.39183713396659,-0.0849056434572694,0.0869803116655187,-500,0,0,0,0,0,0,0,-37.571666819967,1.4090957293697,-2.57795815367219,0,0,0
103,-549.509982399006,3.32563791340275,-3.03002410647759,1.34533351420894,-0.089115757535457,0.0926539241588099,-549.573684507447,3.43454719867741,-2.88796354984737,1.34831630723575,-0.073237803401182,0.0821895068708015,-500,0,0,0,0,0,0,0,-35.6842617086819,0.45468594276339,-2.44302358738541,0,0,0
104,-548.182750689944,3.23674962645088,-2.9380788396069,1.3091300286395,-0.0886608166554488,0.0912566919445087,-548.189040641238,3.35310595997627,-2.99752165344383,1.31791067218294,-0.103320699960877,0.0867986784641149,-500,0,0,0,0,0,0,0,-35.4129859358182,3.62585807613518,-2.68482453952383,0,0,0
105,-546.891601626832,3.1499018660683,-2.84760663430309,1.27316811554675,-0.0850347041812125,0.0897076598253671,-547.093794938073,3.21580540394864,-2.69992589867286,1.27777790727637,-0.082130310684857,0.0869730942979022,-500,0,0,0,0,0,0,0,-33.5902008514901,1.78142026058842,-3.29745763244449,0,0,0
106,-545.635546011859,3.06575799474259,-2.75903644339156,1.23894271658924,-0.083253038579652,0.0874516834375174,-545.620529012139,3.1020603584354,-2.82566402107652,1.22816114043725,-0.0834424717327949,0.0832193927226631,-500,0,0,0,0,0,0,0,-31.5750560194466,2.14012645640869,-2.67061123011328,0,0,0
107,-544.412678979161,2.98357513357874,-2.67247544292992,1.20679120552852,-0.0811126838036956,0.0856881157019589,-544.289456755739,3.10466008562101,-2.8497291619443,1.20405328482873,-0.0798219489485462,0.0776903826953292,-500,0,0,0,0,0,0,0,-31.8264149713939,1.7728747236126,-2.06957994564432,0,0,0
108,-543.222052103993,2.90334900052746,-2.58731107127157,1.17446279086438,-0.0793395822911415,0.0846585151991641,-543.30217535168,2.94707763634341,-2.72919155610003,1.19493145766649,-0.0884397905949842,0.0875699517915014,-500,0,0,0,0,0,0,0,-32.88879506329,2.94982378681161,-3.29861206695009,0,0,0
109,-542.064355349961,2.82548445042736,-2.5036674328338,1.14093039635528,-0.0763895179141951,0.0826473134323353,-542.051636750807,2.73383053980779,-2.54183173706597,1.13561208633551,-0.069751699151331,0.0828537055374606,-500,0,0,0,0,0,0,0,-29.457935131936,1.50750883551752,-3.20170707961412,0,0,0
110,-540.938483658646,2.74984879536402,-2.42214338100071,1.11081252492271,-0.0748817922552367,0.0804174326512646,-540.947396691477,2.90868522278477,-2.38259556775998,1.11191083250674,-0.0687015037732883,0.0883650768645418,-500,0,0,0,0,0,0,0,-29.2962898677198,1.05277993175929,-4.07131655093423,0,0,0
111,-539.84270523905,2.67549350288598,-2.34324078532736,1.08074339880106,-0.0738287919269162,0.0774043632077628,-539.835294666128,2.68739053521305,-2.43671278828216,1.0803722404021,-0.0826889538589258,0.07915645612705,-500,0,0,0,0,0,0,0,-28.3666347079545,2.89411431546649,-3.04222003614069,0,0,0
112,-538.776472757056,2.60311187199829,-2.26684949234563,1.05172119160937,-0.0709344690408956,0.0753942402281051,-538.897418127115,2.79936606615932,-2.03863529067252,1.04717859857032,-0.0553347577615967,0.0900826455229991,-500,0,0,0,0,0,0,0,-26.9230236028026,-0.0652563561589821,-4.93099397095487,0,0,0
113,-537.738667516945,2.53214487882179,-2.19344867791191,1.02388780561666,-0.0709995164642871,0.0714227321940563,-537.875462838183,2.58081464622119,-2.3955890950709,1.02914703327457,-0.0714092721696956,0.0776234453585804,-500,0,0,0,0,0,0,0,-27.1637776510902,1.97929792452718,-2.97116634571624,0,0,0
114,-536.728693961873,2.46213511118488,-2.12298607833793,0.996058955468506,-0.0690200185020758,0.0695178006620916,-536.753634029638,2.465290032209,-2.21470558401196,0.982325983925488,-0.0855709383449834,0.0684820268176907,-500,0,0,0,0,0,0,0,-24.7253303332734,3.62651377008034,-2.41879151374516,0,0,0
115,-535.745305579397,2.3949284394238,-2.05426602609682,0.970717624962663,-0.0653933241851805,0.067936247236226,-535.700805832703,2.42646060024173,-2.02269357870261,0.982121074440597,-0.0735633851531974,0.0774585148502318,-500,0,0,0,0,0,0,0,-26.8104957786543,2.50341731483628,-3.70046432761796,0,0,0
116,-534.788376236692,2.33078692414673,-1.98758526495266,0.943140351921593,-0.0628897053051371,0.0654404533978142,-534.77952934032,2.45030501394252,-1.94497131978323,0.928196578084745,-0.0574657909604173,0.0727868646335701,-500,0,0,0,0,0,0,0,-23.2605991278352,0.845969068156697,-3.38874382379054,0,0,0
117,-533.857246225691,2.26832029082164,-1.92343344557091,0.919118908157812,-0.0620435604030313,0.0628763789892417,-533.774538999148,2.31780344627372,-1.92530145784251,0.907607621057932,-0.055395374868205,0.0599133947426812,-500,0,0,0,0,0,0,0,-23.2116841074964,0.903930594273059,-2.14073655858309,0,0,0
118,-532.950033007115,2.20672877977171,-1.86119086120126,0.895307481067503,-0.061139461016154,0.0616218604166306,-532.777375912846,2.09554501459542,-1.8430062968559,0.886771293386562,-0.0681125160161057,0.0460000887242528,-500,0,0,0,0,0,0,0,-23.1223775129634,2.62016157241972,-0.913996278713484,0,0,0
119,-532.066505138994,2.14689947982629,-1.79956168010537,0.871748905968159,-0.0585191378423562,0.0616494278345209,-532.164645800586,2.08137073915469,-1.76565321901548,0.867464702564646,-0.0667607657886272,0.0460846732091875,-500,0,0,0,0,0,0,0,-22.4171786552929,2.51333510055335,-1.07716088288779,0,0,0
120,-531.206195467952,2.08963708808257,-1.73799449428564,0.848870972399512,-0.0560056450432441,0.0614974832988461,-531.198700396383,2.07159596912232,-1.9089946076297,0.84196161267031,-0.0745518162363498,0.0736317518718732,-500,0,0,0,0,0,0,0,-21.7987604742647,3.31198968539033,-3.54518597192793,0,0,0
121,-530.368623299851,2.03528752067645,-1.67780620764256,0.826272523989831,-0.0526934885940935,0.0588914676174099,-530.357611200399,1.94860955395885,-1.85444575809634,0.82310649973035,-0.0524796822507514,0.0626109276622461,-500,0,0,0,0,0,0,0,-21.5954275722368,1.35074911715744,-2.55220125003192,0,0,0
122,-529.553483411293,1.9832694861901,-1.61970890811985,0.804006972098126,-0.0513425794237273,0.0573153192844915,-529.480464413728,2.00657038549485,-1.66585147218427,0.802226098074823,-0.0506568402907902,0.0772120302367286,-500,0,0,0,0,0,0,0,-21.2616809800264,1.05254325808931,-4.38950007930432,0,0,0
123,-528.760571369632,1.93245326183521,-1.5640840876795,0.781815821355095,-0.0502898685058229,0.0539464552420722,-528.646410407126,1.93231040718557,-1.48925132601171,0.79108235297866,-0.0424732590980706,0.0667827903088375,-500,0,0,0,0,0,0,0,-21.8154144836137,0.382705095435927,-3.69977637886033,0,0,0
124,-527.990080535107,1.88235482926565,-1.5114117065863,0.759165008331825,-0.0499069957021002,0.0514106924326846,-527.728040047007,1.95316219767725,-1.62522422749681,0.75560106512964,-0.0544257430257001,0.0620997498960366,-500,0,0,0,0,0,0,0,-20.1040264189499,1.53624990721552,-2.95952653461003,0,0,0
125,-527.241343872013,1.83321603409819,-1.46099141006087,0.738307780318741,-0.0483705936592847,0.0494412843822891,-527.32143667804,1.86272302804158,-1.42294985189541,0.725682570114306,-0.0488105097057154,0.0341975956006463,-500,0,0,0,0,0,0,0,-17.9253836553498,1.15560491448838,-0.573859856273814,0,0,0
126,-526.512219113714,1.7854233048883,-1.41147939863692,0.71994236389338,-0.0472148641880122,0.0495927356258575,-526.458574347984,1.80701660639677,-1.46413106248656,0.723511992865642,-0.0574343755341864,0.0383181899581453,-500,0,0,0,0,0,0,0,-19.4340505905957,2.1294043406251,-0.903556870841404,0,0,0
127,-525.802227985375,1.73927321030471,-1.3618417238372,0.700040481128848,-0.045085323295915,0.0496934592746159,-525.622652221629,1.84151052257732,-1.40002059464883,0.713865448647319,-0.0459123327131354,0.0688124775024815,-500,0,0,0,0,0,0,0,-20.1412404214735,0.908212226158906,-4.08120656095049,0,0,0
128,-525.11271484297,1.69464207184905,-1.31359246164164,0.678984729148631,-0.0441769526596118,0.0468165436501197,-525.251277451896,1.71226848653198,-1.2810772053482,0.669014635318525,-0.036846305073483,0.0439085016389677,-500,0,0,0,0,0,0,0,-16.39890862806,0.260093534284345,-1.82869575320038,0,0,0
129,-524.442246326938,1.65059522600893,-1.26734176863216,0.66195218929866,-0.0439167381778894,0.045694083526176,-524.406029657269,1.6707516696347,-1.30547375783652,0.662307793059505,-0.0516897315274228,0.0294836434479256,-500,0,0,0,0,0,0,0,-17.4187199914117,1.82746981347288,-0.337416829119523,0,0,0
130,-523.789206522441,1.60759228225928,-1.22137385009218,0.6441282258691,-0.0420891485111883,0.0462514272468667,-523.648220864914,1.78085638093589,-1.37221599459997,0.644580557519952,-0.0388416035563867,0.0487365821614954,-500,0,0,0,0,0,0,0,-17.1616140221669,0.32244759376688,-2.1292262269496,0,0,0
131,-523.153992566287,1.56566442099166,-1.17572464209146,0.626299512125404,-0.0417665731852969,0.0450566618949654,-523.129908007281,1.54368912724135,-1.25852931841257,0.635309511853119,-0.0421269200163614,0.0322791761731192,-500,0,0,0,0,0,0,0,-17.2711351707491,1.12531374715344,-0.710858980486769,0,0,0
132,-522.536557128139,1.52446056476349,-1.13053169670538,0.608571996999591,-0.0406411385853578,0.0453388420602051,-522.692344701885,1.65851574523104,-1.04714897533593,0.606355550535473,-0.037714485937194,0.0369730651810738,-500,0,0,0,0,0,0,0,-15.2508656497778,0.454417103257311,-1.60300856743553,0,0,0
133,-521.935914863048,1.48404669033049,-1.08561929607359,0.592712532871389,-0.0401866095256052,0.0444945349338846,-521.879516591313,1.45492478043485,-1.06001514754732,0.59602800066555,-0.0382871238029719,0.0561480876626918,-500,0,0,0,0,0,0,0,-15.8437668839296,0.918862819427497,-3.49477847117454,0,0,0
134,-521.351567058214,1.44431957481925,-1.04241618150499,0.575982110666305,-0.0392676205657599,0.0419207455668491,-521.257386722321,1.28433716569553,-1.20857043339989,0.576804926316897,-0.0461755662084932,0.0435980889028353,-500,0,0,0,0,0,0,0,-15.1657191870483,2.04888228945826,-1.94266802348375,0,0,0
135,-520.783500133761,1.40607645158467,-1.00104380104398,0.560151584685903,-0.0372186250725049,0.0408325634543585,-520.907002866134,1.37090232434075,-1.00450231535956,0.56146566355182,-0.0251026420086781,0.0282851066406985,-500,0,0,0,0,0,0,0,-14.3325606229133,-0.231540447813696,-0.819506033350717,0,0,0
136,-520.230766976266,1.36874210653862,-0.960242347525297,0.545315139709346,-0.0374500639920621,0.0407783391954382,-520.246683387837,1.34072328057335,-0.888226324043168,0.54168715572005,-0.0299608460354355,0.0465796937908469,-500,0,0,0,0,0,0,0,-13.6753487963305,0.314638042396856,-2.88151673099836,0,0,0
137,-519.692702367886,1.33144941537696,-0.920540336732035,0.530813322278604,-0.0371353177988502,0.0386334852276461,-519.69161123936,1.46653935095868,-0.936292539116311,0.539005420317442,-0.0454303532959624,0.0311506000236639,-500,0,0,0,0,0,0,0,-14.517319553024,1.60995662767889,-1.24247492413377,0,0,0
138,-519.169431215131,1.29511912796915,-0.882085072353717,0.515729212950825,-0.0355252561218145,0.038285164987002,-519.199796202735,1.25226558117028,-0.904504530481598,0.523833245622198,-0.0373735577816601,0.0350155431205956,-500,0,0,0,0,0,0,0,-13.9837321567496,1.23282461582545,-1.69254525109636,0,0,0
139,-518.661014912204,1.2602103356885,-0.844217555401677,0.501103349462587,-0.0342923276549512,0.0374577329554558,-518.631375798081,1.22041989040102,-0.924117406346976,0.50431981543974,-0.0375208929114083,0.042192469205718,-500,0,0,0,0,0,0,0,-13.1692299478112,1.31124951033879,-2.37101210787785,0,0,0
140,-518.166875479848,1.22657368315186,-0.807552704350945,0.487175048618411,-0.0329809761677202,0.035879443585326,-518.217999715995,1.25365678083642,-0.886719230572557,0.483180312888557,-0.02204872194297,0.0365201625186316,-500,0,0,0,0,0,0,0,-11.8820318568652,-0.302441367375842,-1.87857779071805,0,0,0
141,-517.685991365846,1.19344153122105,-0.772302073519309,0.474592886629339,-0.0332833269261109,0.0346285452012881,-517.767795087545,1.36418339768889,-0.828187772196952,0.474035449003298,-0.0158600426258222,0.012979569747264,-500,0,0,0,0,0,0,0,-11.8679547252408,-1.14236253279556,0.358418569667503,0,0,0
142,-517.217505749317,1.15958706174717,-0.737178972907384,0.462379285629852,-0.0344256109647096,0.0356241751706959,-517.183377297755,1.00161917914002,-0.608392233666027,0.457991598317782,-0.0253295113098044,0.0298430562007522,-500,0,0,0,0,0,0,0,-11.4324052362673,0.529712772700407,-1.76752115274316,0,0,0
143,-516.761185845703,1.12542635019602,-0.702124798826628,0.450260279923807,-0.0338958112240034,0.0344906365617673,-516.665882454727,0.999212224854397,-0.861288796441485,0.452183854256394,-0.0506447385314073,0.0392530247668595,-500,0,0,0,0,0,0,0,-11.8866205161856,3.06604940343194,-2.20272488380298,0,0,0
144,-516.317244819081,1.09306360939368,-0.668362983301965,0.43762135024057,-0.0308296694338887,0.0330397427539972,-516.332691081407,1.23513497331674,-0.682287543293866,0.443911578542447,-0.0402733742920164,0.0407895633946164,-500,0,0,0,0,0,0,0,-11.7257756914314,1.55706748256816,-2.71438125287391,0,0,0
145,-515.885906076612,1.06301252029594,-0.636297306601979,0.425055434382113,-0.0292725079060801,0.0310983133415981,-515.934885276301,0.963279596829641,-0.586822148107101,0.412261893263631,-0.0383188322803899,0.0404087659527079,-500,0,0,0,0,0,0,0,-9.3564187737605,1.90532403437971,-2.86723229905658,0,0,0
146,-515.465978990782,1.03469271340675,-0.606421601501865,0.414797756670137,-0.0273671050620388,0.028658522377585,-515.643219534241,0.977502331239391,-0.449980412880414,0.419814484026615,-0.0334005267562107,0.0172304008635305,-500,0,0,0,0,0,0,0,-10.6950093341793,1.38504801314228,-0.823079260592222,0,0,0
147,-515.056804894586,1.00801817044633,-0.577851307905624,0.403550699117029,-0.0259819801517085,0.028488032293102,-515.11013264819,1.13912477420552,-0.548084561572405,0.416054826921319,-0.0243980150068934,0.00283926870426206,-500,0,0,0,0,0,0,0,-11.3852173957525,0.161551952278312,0.812242252718605,0,0,0
148,-514.659082263985,0.982117002121896,-0.548570155897681,0.391895789630495,-0.0258203554132573,0.0300804634256753,-514.672837552025,1.09763928048631,-0.480646409252182,0.390954951228331,-0.0364846543072381,0.03286459863082,-500,0,0,0,0,0,0,0,-9.74982001878351,1.45318686975118,-2.32516704457764,0,0,0
149,-514.272465539152,0.957023278965124,-0.51936089585001,0.381337048744167,-0.0243670899836923,0.0283436382719522,-514.347178938001,0.9709428692358,-0.708615748838883,0.375028043757432,-0.0104569238338953,0.0511991506824255,-500,0,0,0,0,0,0,0,-8.80844649974147,-0.896193355082066,-3.70268357056479,0,0,0
150,-513.896060686572,0.932208131744523,-0.492629575318064,0.371471224245374,-0.0252632037525167,0.0251241982761486,-513.741907964473,1.03526636749686,-0.494640126667397,0.366479794296306,-0.0355400125574967,0.0344897836797114,-500,0,0,0,0,0,0,0,-9.16416350068494,1.48346852075595,-2.45969811463634,0,0,0
151,-513.529596498266,0.907686699386588,-0.468459521525268,0.361456439387828,-0.0237796599174423,0.0232211822407766,-513.489262532046,1.01461990051324,-0.523059178748916,0.349405290396929,-0.0211757892709889,0.0330193830234765,-500,0,0,0,0,0,0,0,-7.96200397560146,0.0883391260724027,-2.25581994484982,0,0,0
152,-513.172539566212,0.8839512415883,-0.446178164649191,0.352656722695994,-0.0236912547218921,0.0213461336746134,-513.141968373075,0.827648909487464,-0.30242787266393,0.355952543854546,-0.0249987879432519,0.0221627173090675,-500,0,0,0,0,0,0,0,-9.31131763930448,0.844580975350266,-1.61141598557889,0,0,0
153,-512.824894194299,0.860682312808161,-0.425325404783471,0.342633805517727,-0.022846601995693,0.020364656076076,-512.731446071945,0.98954622342664,-0.365434528947015,0.352237852770763,-0.026882662843522,0.0254968502258086,-500,0,0,0,0,0,0,0,-9.76089313318722,0.709173837498918,-1.81881596468683,0,0,0
154,-512.487511636814,0.838190335159173,-0.405501854472233,0.332131036058602,-0.0221373522470135,0.0192879753411337,-512.603053905054,1.03151803934846,-0.517134916475566,0.327922180332242,0.000762490971909155,0.0224216463122512,-500,0,0,0,0,0,0,0,-7.58611022311543,-2.13928517588783,-1.20789479827399,0,0,0
155,-512.159508842382,0.814983368853456,-0.386625521408798,0.323874416180201,-0.0242765795270234,0.0184689858235111,-512.183269591854,0.696236285210449,-0.418509951589225,0.319308462720742,-0.024194731103589,0.0196931241638451,-500,0,0,0,0,0,0,0,-7.56430708836614,1.027000539938,-1.13229251320606,0,0,0
156,-511.839745746171,0.791220317735308,-0.368519961808084,0.315651688002414,-0.0232495216496482,0.0177464069323043,-511.655654789229,0.863189136617595,-0.312890223040698,0.290154603494155,-0.020100844292503,0.0349170553004819,-500,0,0,0,0,0,0,0,-5.70415077095842,0.283706156015108,-2.8659250839668,0,0,0
157,-511.52744163998,0.768112675729879,-0.352140395895884,0.308955331630215,-0.0229657614398149,0.0150161572097013,-511.450147426512,0.960855222814954,-0.352749572930927,0.315853314027969,-0.0274440188119793,0.0139261479493845,-500,0,0,0,0,0,0,0,-8.68503654977266,0.822691435568024,-0.687115649076593,0,0,0
158,-511.223112745884,0.745558290908863,-0.337145913724607,0.299702735401582,-0.0221430074574474,0.0149776368637781,-511.19950867417,0.690773701504637,-0.574676133421151,0.297660030671031,-0.0241726382689444,0.00623375641272855,-500,0,0,0,0,0,0,0,-7.36698571876307,1.03571642388517,0.525976625569446,0,0,0
159,-510.927279526953,0.72393316477943,-0.321695288149319,0.291964518824547,-0.0211072439409974,0.0159276133255475,-511.080088591087,0.709454212447076,-0.24755085893642,0.280770824358736,-0.020179154176339,0.0323271493586025,-500,0,0,0,0,0,0,0,-5.91690525369912,0.599006992739745,-2.73761321798741,0,0,0
160,-510.638759546333,0.703125451247087,-0.307017603628033,0.285074366715275,-0.0205081821482421,0.0134312878265921,-510.575370333736,0.721022631714579,-0.263997344028481,0.281941999448345,-0.0203703208784767,0.0168075753391268,-500,0,0,0,0,0,0,0,-7.04345927736174,0.594986824418515,-1.15276284585572,0,0,0
161,-510.357544960622,0.682914789010475,-0.293945049702017,0.277354702570159,-0.0199131414033821,0.0127178052781096,-510.371356089336,0.654947585232706,-0.0869601621307411,0.28389531689065,-0.00485515368607571,0.00270494287016118,-500,0,0,0,0,0,0,0,-7.64681951039244,-0.824379801857841,-0.0965739627546356,0,0,0
162,-510.084251790929,0.662589483435145,-0.281000172697227,0.269232171214441,-0.0207374688721019,0.0131761478684231,-510.052830773656,0.662359140602963,-0.24520663791913,0.275266389884344,-0.042952501978179,0.0233556054665217,-500,0,0,0,0,0,0,0,-7.42097744112192,2.97053191661197,-1.84514727081391,0,0,0
163,-509.819127165697,0.643337310155915,-0.268464606575073,0.261016660198002,-0.0177668767549723,0.01189923418502,-509.837201821329,0.610998968451627,-0.388988184627669,0.264230093190751,-0.0312703585815441,0.0113137021080763,-500,0,0,0,0,0,0,0,-6.74860567641774,1.90503792125116,-0.353393841552287,0,0,0
164,-509.561752588772,0.626522975843028,-0.256521250100491,0.253732819225557,-0.0158617912032939,0.0119912173508806,-509.660555520928,0.760368874731983,-0.129896134940706,0.252186628884552,0.00624277411364002,0.00396074993224118,-500,0,0,0,0,0,0,0,-5.89755184660007,-2.14501516082797,-0.136282723342705,0,0,0
165,-509.311222658669,0.609588696951827,-0.244446148504395,0.247327406176509,-0.0180067656625912,0.0121622397716072,-509.221058115241,0.740542955822206,-0.0729873670594447,0.267336792836326,-0.00938796472436558,0.00339400369188589,-500,0,0,0,0,0,0,0,-8.29156305315007,-0.542289439207855,-0.1934256350697,0,0,0
166,-509.068278717244,0.59131081470833,-0.231997220139816,0.238561060348618,-0.0185489978724238,0.0127401617531256,-509.164218952597,0.60980541238942,-0.263771140795342,0.238504745706056,-0.00799374064216796,0.0133932033683845,-500,0,0,0,0,0,0,0,-5.52203666541153,-0.420236760562043,-0.811778055247768,0,0,0
167,-508.832796157338,0.572551719183374,-0.219517825620658,0.232404040299585,-0.0189691928530378,0.0122217435210666,-508.961126080364,0.412573519407469,-0.331575805302799,0.238429229133526,-0.0116350498364855,0.0120252094440207,-500,0,0,0,0,0,0,0,-5.92067075262537,0.338357944833612,-0.539369333796472,0,0,0
168,-508.603641020992,0.553751726437044,-0.207376450786747,0.225906406971948,-0.018630791890047,0.0120643065089984,-508.691869206268,0.642661344882826,-0.232785130984817,0.225073905720642,-0.0259763368835176,0.0101430756461326,-500,0,0,0,0,0,0,0,-5.12365215952878,1.3123109985861,-0.548737302643628,0,0,0
169,-508.380592458305,0.535777108445207,-0.195462112750534,0.220190812991887,-0.0173184432214164,0.0117672399592029,-508.222996650814,0.585151222465058,-0.181737535625918,0.217625898858446,-0.0156969451938611,-0.00855376260193563,-500,0,0,0,0,0,0,0,-5.31659658421722,0.399392074455994,1.2188513314454,0,0,0
170,-508.163186884191,0.518658375677552,-0.182950136219222,0.214621403507751,-0.0169190216692486,0.0132595054253687,-508.143563915193,0.526848675820946,-0.0271165702511226,0.203971921069273,-0.0112073150844978,0.0170138880449397,-500,0,0,0,0,0,0,0,-4.11006427654194,0.0670341568078883,-1.64715566399173,0,0,0
171,-507.95102764393,0.501772888956984,-0.170459077887177,0.209696491574991,-0.0168519508149433,0.0117250489096589,-507.750921424854,0.548875686396014,-0.330674324799373,0.207240808700716,-0.037454998645219,0.0177714224512335,-500,0,0,0,0,0,0,0,-5.2222380203633,2.64774849172987,-1.11579359552461,0,0,0
172,-507.744290102782,0.486244832649587,-0.159128076502561,0.203778411170721,-0.0142041609359438,0.010939928964471,-507.732472356684,0.526758085900961,-0.0391029829516541,0.205810283722314,-0.00609491374720739,0.0263835356583495,-500,0,0,0,0,0,0,0,-5.11608365886418,-0.444024797081183,-2.56014759993164,0,0,0
173,-507.543557922528,0.471818683155859,-0.149292183253935,0.197684993244149,-0.0146481373102123,0.00873492184744096,-507.572786174142,0.634448102962286,-0.101450363117794,0.197188559072705,-0.0113909830533753,0.00819070458756013,-500,0,0,0,0,0,0,0,-4.57328355898668,-0.129797900587044,-0.616169732520424,0,0,0
174,-507.348467855291,0.457105663600995,-0.140750894495549,0.192495174530898,-0.0147779009072899,0.00835022986107492,-507.417538085916,0.448535160312347,-0.213029744086974,0.195116869507413,-0.0256535337551162,0.0128414789908116,-500,0,0,0,0,0,0,0,-4.67661077890896,1.66828305488692,-0.858088410907216,0,0,0
175,-507.158641683433,0.443161921807686,-0.132695183382806,0.18715709029607,-0.013109581552226,0.00776384658780671,-506.899551355945,0.31558628055334,-0.101570935256153,0.172871695066273,-0.0167005357270268,-0.000685282039712831,-500,0,0,0,0,0,0,0,-3.48806679473642,1.038881011596,0.27167007448359,0,0,0
176,-506.973460621016,0.430571791458504,-0.124780051810498,0.183205438842518,-0.0120706783618131,0.00806831552760079,-507.03773492918,0.555015580457401,0.00878567516361826,0.183041318082363,-0.00417463710079331,-0.000551854684029468,-500,0,0,0,0,0,0,0,-4.22866194987574,-0.692567450835471,0.0376141180757102,0,0,0
177,-506.792616076041,0.418154843196329,-0.116596745078128,0.17848401290802,-0.0127632173570003,0.008300612316268,-506.929146774558,0.314801699932727,-0.0794856802295293,0.19004384792485,-0.00646506258147774,-0.000221674381681155,-500,0,0,0,0,0,0,0,-5.14609124336829,0.0169028582823196,0.181138798627174,0,0,0
178,-506.616927359031,0.40540009366511,-0.108013221659912,0.172893963342643,-0.0127462805994746,0.00886922150028491,-506.67539100486,0.57127629025122,-0.220527101361918,0.166126695847933,-0.0293211569063851,0.0115249403585353,-500,0,0,0,0,0,0,0,-3.26188757507245,1.78956311013607,-0.711439833129689,0,0,0
179,-506.445992370782,0.393548607184185,-0.0994772568638639,0.168975882806529,-0.0109566915631763,0.00820458572887994,-506.366494707886,0.426749638485963,0.0333248740772575,0.184258464947835,-0.0209154039057044,0.00526435501567984,-500,0,0,0,0,0,0,0,-5.69285707901249,1.23804111359852,-0.593085249722499,0,0,0
180,-506.280155037786,0.383210956438252,-0.0912995856263966,0.162698984050619,-0.00971860868407623,0.00815391336330251,-506.175491576259,0.37503373084796,-0.0348264212973255,0.147789020166409,-0.00761499627801246,0.012520077373621,-500,0,0,0,0,0,0,0,-2.42791886412246,0.0114321661053263,-1.18235489476745,0,0,0
181,-506.119053918923,0.373498074933231,-0.0837794943177697,0.159502792438519,-0.00970715371597196,0.0068877516361493,-506.110720516755,0.525082045272641,0.0133095384389417,0.157349733970556,0.0123156485965,-0.00351826461472843,-500,0,0,0,0,0,0,0,-3.51353236354582,-2.28172895019529,0.325207384594959,0,0,0
182,-505.961529887484,0.362650067113855,-0.0766733012171894,0.155545733025107,-0.011988860607277,0.00732652605479789,-505.917095757289,0.330553330965444,0.0173265920004341,0.146406997522401,-0.0107773204014825,0.00211580621450653,-500,0,0,0,0,0,0,0,-2.80650823766125,0.416625378217362,-0.246233805451521,0,0,0
183,-505.807673323223,0.350869529245187,-0.0694741522510756,0.152167480338563,-0.011572214892974,0.00707335192859704,-505.741778016899,0.229033467650302,0.0275827161395196,0.144743793394262,-0.0159862688986306,-0.0247171181968983,-500,0,0,0,0,0,0,0,-2.99082330562745,1.14055995456245,2.41654638741079,0,0,0
184,-505.657013435436,0.339867597459119,-0.0612012375591909,0.149153817686554,-0.0104316476538706,0.00947385760984909,-505.509917879894,0.210223601704738,-0.0789930327855467,0.144995109166962,-0.00770489705111593,-0.0042047669327178,-500,0,0,0,0,0,0,0,-3.47967515690729,0.350042501702117,0.578462758842874,0,0,0
185,-505.509790291447,0.329610980816042,-0.0513730901435154,0.145293074301649,-0.0100815846830432,0.010184275639275,-505.635407922099,0.443434559752142,-0.0208073182580774,0.158161253882541,-0.00808311684166883,0.00543175055243473,-500,0,0,0,0,0,0,0,-4.54530954405531,-0.0785574353374009,-0.501560418727318,0,0,0
186,-505.367058739265,0.319490133504752,-0.0412476292455607,0.14017018376918,-0.0101601086244242,0.010069166709765,-505.429990143366,0.279415114547584,-0.15104721505133,0.131020818581772,-0.0248370495566544,0.00683867103040242,-500,0,0,0,0,0,0,0,-2.24210157144454,1.92487472657027,-0.381772672937583,0,0,0
187,-505.228310567288,0.310292470230301,-0.0314096422789909,0.137326125315709,-0.00823521665019115,0.00960809254502959,-505.169227586199,0.33178121239832,-0.0852389554113259,0.132515214725565,-0.0193964088810526,0.00442228823576833,-500,0,0,0,0,0,0,0,-2.91306630015798,1.27607846330862,-0.271750912754181,0,0,0
188,-505.092723238129,0.302695303009242,-0.0219052215476398,0.133848636063477,-0.00695911698270083,0.00940238294647122,-505.124545397518,0.27832003412557,0.0161274983615758,0.142276622363157,-0.0122700099374931,0.00703598254808349,-500,0,0,0,0,0,0,0,-3.97857144127947,0.670360925498165,-0.735853251531501,0,0,0
189,-504.961182605749,0.296071381287715,-0.0127170575326414,0.129232608929583,-0.00628872514618897,0.00897618974096581,-504.941734171266,0.20008457058205,0.0163324596167449,0.122995284254544,-0.00521032458029202,0.00805279673172369,-500,0,0,0,0,0,0,0,-2.41606008292223,0.120863316865101,-0.837944592405859,0,0,0
190,-504.83350500782,0.289843097760047,-0.0041625612169056,0.126122341870918,-0.00616784096010119,0.00813423258908463,-504.879428820919,0.0930809968089177,-0.0189380179753239,0.135255494232522,-0.00289641318586382,0.0136814099569265,-500,0,0,0,0,0,0,0,-3.7666917814137,0.103479324968547,-1.330264959742,0,0,0
191,-504.709650498532,0.283727012388983,0.00345640250757992,0.121586329082975,-0.00606432896067324,0.00710589264092276,-504.803903029729,0.339777872311959,-0.0549178400753786,0.136515534853314,-0.00123742329948905,0.00424277899128597,-500,0,0,0,0,0,0,0,-4.04374742587381,-0.555813414675013,-0.314442218977839,0,0,0
192,-504.590360519859,0.277384790550102,0.01057936455281,0.116993853964697,-0.00662011328496824,0.00714225963856108,-504.669738794599,0.233001744636671,0.133680759960488,0.113724488605862,-0.00125503850473586,0.0123405506409335,-500,0,0,0,0,0,0,0,-2.03297127138902,-0.340499638799757,-1.50141658401433,0,0,0
193,-504.47480681483,0.270594437864398,0.0169509457068865,0.114112928172331,-0.00696059108440369,0.00560219977159526,-504.649513989512,0.209619139710149,0.0747082073739023,0.110750292591234,-0.0194268229757356,-0.010236933769286,-500,0,0,0,0,0,0,0,-1.77600128009904,1.52344401815326,0.874276962180796,0,0,0
194,-504.3617555875,0.264395572204736,0.0229190001393618,0.111990125789291,-0.00543713972203947,0.00633480040648826,-504.306647226707,0.280461653632092,0.151380411316964,0.102060144386333,-0.00769983042544563,0.00595305786916535,-500,0,0,0,0,0,0,0,-1.59271998521886,0.209059735280379,-0.898066609550463,0,0,0
195,-504.250926926255,0.259062969643274,0.0287372347087802,0.109666842329038,-0.00522806437134578,0.00530266778085919,-504.192826287233,0.200495397997231,0.0195056541530172,0.0996816799647582,-0.00185495645873292,-0.00386246773322673,-500,0,0,0,0,0,0,0,-1.58251542200958,-0.215495150121169,0.347235465016638,0,0,0
196,-504.142282741168,0.253727161402783,0.0341330940524511,0.107621830062165,-0.00544355065977352,0.00548989714774994,-504.19865244666,0.338349823323823,0.0433957180019942,0.122537104302591,-0.000460584506885618,-0.00187725336710442,-500,0,0,0,0,0,0,0,-3.85640553693856,-0.630641195959085,0.100933900706453,0,0,0
197,-504.036819148123,0.247968302584566,0.0398460278154193,0.103305797845947,-0.00607416626548418,0.0059380404284094,-504.008901853739,0.289326613399404,-0.0265981329832277,0.101373665454724,-0.00243865671324132,0.0149006614848519,-500,0,0,0,0,0,0,0,-2.11956283799402,-0.334787555474676,-1.43686988251873,0,0,0
198,-503.934991054189,0.24172675315224,0.0450730797024461,0.100349823483711,-0.00640893173897258,0.00451740180179683,-503.727464928268,0.0265873806760967,0.17206377161221,0.109043490767759,-0.0105086494050939,-0.00667856886161707,-500,0,0,0,0,0,0,0,-3.44941922023913,0.997690179157199,0.323729342937287,0,0,0
199,-503.836575814278,0.235816676901764,0.0498884287539693,0.0964811761529632,-0.00541121992522525,0.00511512541916548,-503.818580226778,0.106738366013902,0.0393397916871086,0.099581039209608,-0.00322642966861647,-0.00222233790455636,-500,0,0,0,0,0,0,0,-2.32094346740478,0.109166234833844,0.143554207081418,0,0,0
200,-503.741497252237,0.230460047216651,0.0550945133678856,0.0936762428160465,-0.00530203873336316,0.00529830082797311,-503.674191258776,0.354846909103113,-0.0406595480953945,0.0948545531566303,-0.00971177027320841,-0.00187135792585835,-500,0,0,0,0,0,0,0,-2.13707279811096,0.261483209114614,0.268454888776624,0,0,0
201,-503.649119237168,0.225288756130651,0.0605280327854919,0.0910801285923782,-0.00504054248573257,0.00556988186668195,-503.702909775815,0.215092421101544,-0.0224283219178691,0.0868252935924931,-0.00148059109727693,-0.00520265404352167,-500,0,0,0,0,0,0,0,-1.27670980761899,-0.282125732475395,0.565122048187905,0,0,0
202,-503.558883891118,0.220107153104876,0.0662852530662811,0.0893909608419263,-0.00532266260144125,0.00594521951712046,-503.392791232109,0.268744662989412,0.00326631937828938,0.0886695123727026,-0.00370782319480688,0.0125178201895781,-500,0,0,0,0,0,0,0,-2.08136877305191,-0.166707006498135,-1.25831465771439,0,0,0
203,-503.470932843271,0.21470114694357,0.0716213393955983,0.0865106738111814,-0.00548934874768537,0.00472824787622361,-503.496492572181,0.249343769392732,-0.000892342085312026,0.0683286475599063,-0.00302069308700338,0.0154648480629266,-500,0,0,0,0,0,0,0,0.160120388372186,-0.196618230085127,-1.54470012212204,0,0,0
204,-503.384803687433,0.209113492216531,0.0753526137537108,0.0857467596959289,-0.00568595976655864,0.002734457703924,-503.445018719749,0.264656966519364,0.0756372462893812,0.0762924857126481,-0.00437997196856555,-0.0163460271017049,-500,0,0,0,0,0,0,0,-0.7392111317665,-0.0913167361821738,1.48332821759172,0,0,0
205,-503.29953681732,0.20338187220489,0.0786670432399511,0.0847877969471851,-0.00577727945682367,0.00389466446173037,-503.181999073976,0.0358254422532251,0.0857013537960641,0.102640075414601,-0.0110027084603306,0.00134475595845618,-500,0,0,0,0,0,0,0,-3.90000939350787,1.02861996152661,-0.305878303437746,0,0,0
206,-503.216968741424,0.198118916238999,0.0826301872938363,0.080348620740933,-0.00474863142077363,0.00403375347099122,-503.258801304485,0.23377395654917,-0.0812346558323014,0.07804543384133,-0.012632025256081,0.000853802879076323,-500,0,0,0,0,0,0,0,-1.2869407751624,0.795654612509758,0.0770890237569705,0,0,0
207,-503.137523280217,0.193768115770366,0.086627128195865,0.0785424527539698,-0.00395296849735444,0.00396084399150587,-503.098577955492,0.36496076342034,0.00936309729363752,0.08676196049089,-0.0115544830633304,0.00262837142091424,-500,0,0,0,0,0,0,0,-2.47904013810585,0.425526779492361,-0.281563336678699,0,0,0
208,-503.060504819243,0.190027919328533,0.0905153760195963,0.0754945811188395,-0.00352742340425958,0.00381703194793459,-503.266597222795,0.0260783853965764,0.240415092453888,0.0726390642931126,-0.00741972618137965,-0.0254411795480972,-500,0,0,0,0,0,0,0,-0.730711983721626,0.689815847344812,2.06328776990195,0,0,0
209,-502.985413257946,0.186845400298703,0.095203595092168,0.0746896636946026,-0.00283761369230075,0.0055595864979433,-503.115890291612,0.278350452058679,0.0375563752947464,0.0583861557869088,0.00330373421063831,0.00360302389113399,-500,0,0,0,0,0,0,0,0.393165004533469,-0.887074325181189,-0.435415139702892,0,0,0
210,-502.910865528096,0.183564249071125,0.100289452927493,0.0744054780140321,-0.00372468834241017,0.00461203205166028,-503.068009663052,0.112705787833002,0.140161718650469,0.0741292918483634,0.00187598319294227,0.00421897155322553,-500,0,0,0,0,0,0,0,-1.27690985873289,-0.413009894960231,-0.702220592623492,0,0,0
211,-502.837446120723,0.179633061583922,0.104491724715254,0.0724330859210245,-0.00413768581207483,0.00379331109323744,-502.870399716205,0.162090880160786,0.161812959018161,0.0790859658201577,0.00367870050746662,0.00351106839364425,-500,0,0,0,0,0,0,0,-2.16779714960523,-0.692051811068235,-0.674732757400746,0,0,0
212,-502.766429791401,0.175149358554454,0.107995008770644,0.0695994505867005,-0.00482971930473277,0.0032145215965369,-502.607933573748,0.306527520472163,0.109760750532856,0.0761796182126436,0.00249911004826206,0.0135277986237176,-500,0,0,0,0,0,0,0,-2.40209467376933,-0.862966045770532,-1.57230136343747,0,0,0
213,-502.698466551074,0.169888168241651,0.110514480023221,0.0663264738227409,-0.00569266063031348,0.00182591814054922,-502.60879762254,0.244152980284088,0.13387016540815,0.079831575456768,-0.0213557346953013,-0.00463773935070396,-500,0,0,0,0,0,0,0,-2.7655623005969,1.64726750896196,0.196033604254095,0,0,0
214,-502.633746382593,0.165019149852691,0.112551946677339,0.0631142751587174,-0.00404537543568252,0.00225047924343125,-502.617726159771,0.119829544499456,0.221398342943155,0.0563893593198387,-0.00137419533610783,-0.0161773172936979,-500,0,0,0,0,0,0,0,-0.403483612442102,-0.10223955538813,1.17493504348348,0,0,0
215,-502.570973892215,0.160922652497154,0.11521461696002,0.0624313300664679,-0.00414761857210335,0.00307497431428472,-502.618352452692,0.0291571885648621,-0.0360852262824834,0.0708472104218924,-0.0195423548662993,-0.0081996864017536,-500,0,0,0,0,0,0,0,-1.84801613680486,1.89592110950021,0.892139092740327,0,0,0
216,-502.509617647667,0.157722997736058,0.118736336444479,0.0602818199324759,-0.00225168973313093,0.00396936241728785,-502.612755455948,0.362674080411034,0.22477500883724,0.0622486195050216,-0.00837842578820209,0.00642809250349115,-500,0,0,0,0,0,0,0,-0.999351038605723,0.11249441799814,-1.0923592680236,0,0,0
217,-502.450233578616,0.155527561111408,0.122090299138833,0.0584858442274117,-0.00213918267314961,0.00273927086992509,-502.535997701509,0.149205617845095,0.0797654796902546,0.0550234550673251,-0.00307024919459223,0.0241239298253545,-500,0,0,0,0,0,0,0,-0.430350103714356,0.00861368376903293,-2.57192394191596,0,0,0
218,-502.392547949236,0.153392693111873,0.123429894780508,0.0568841040559786,-0.0021305522581262,-5.94777203271057E-05,-502.346667732064,0.104699375911237,0.0302117777708468,0.0357941339406938,0.00577624248825471,-0.00387894020691135,-500,0,0,0,0,0,1,0,1.11392207005877,-0.787023000647945,0.327470465149442,0,0,0
219,-502.335369687719,0.150868624242794,0.123193839689342,0.0574724144557826,-0.00291758456275224,-0.000413197098438234,-502.272698965556,0.13229802485944,0.105361782895803,0.0512985965698636,-0.00314338823468913,0.00488446640553327,-500,0,0,0,0,0,1,0,-0.584461725874806,0.0497427737500324,-0.699170206344933,0,0,0
220,-502.278551205763,0.147975913939635,0.122309498324399,0.0561642303971418,-0.00286783407051446,-0.001355039320596,-502.402646501986,0.298148260622505,0.00211174393809807,0.0473668948986226,0.00921388625313616,-0.00858414457004085,-500,0,0,0,0,0,1,0,0.0686035141101868,-1.51768514655863,0.854190969127888,0,0,0
221,-502.222536591482,0.144349234473313,0.121158856184638,0.0558653995487277,-0.004385524265414,-0.000946337936475028,-502.234958605637,-0.207482988772597,0.272541229882691,0.0753490902323229,-0.00968281335109365,0.00628661603537453,-500,0,0,0,0,0,1,0,-3.06499181195779,1.38324731265456,-1.17374406330284,0,0,0
222,-502.168586283932,0.140655347077739,0.119815153245444,0.0520349774758108,-0.00300224987959486,-0.00173927906773441,-502.049391471723,0.324716445527799,0.189425720557278,0.0586227217087371,0.0152154582336523,-0.00192818294210628,-500,0,0,0,0,0,1,0,-1.76348922742834,-2.17097871442082,-0.186033146903928,0,0,0
223,-502.117715288228,0.136567613387702,0.118003412630057,0.0497071211496043,-0.00517321564452451,-0.00188321370177424,-501.971472815574,0.120623333334112,0.148410030072386,0.0433163550219251,-0.00690760647001037,-0.0110707046108178,-500,0,0,0,0,0,1,0,-0.388689871044788,0.449513980332814,0.810250400937009,0,0,0
224,-502.068383064806,0.131619153522937,0.116364598020865,0.0489577663422566,-0.00472370338054317,-0.00139426899684125,-502.123699451492,0.197461490385642,0.0610318825227001,0.0532263603882467,-0.0210432395542125,0.00636424550859931,-500,0,0,0,0,0,1,0,-1.07523713584107,1.70940097464997,-0.758488315905331,0,0,0
225,-502.020325129967,0.127750156043401,0.114539806695154,0.0471578269212346,-0.00301429104870536,-0.00225460752964701,-502.00983137466,0.173414066558062,0.165582219012526,0.031462166880962,-0.00723322040205355,0.00556258453225456,-500,0,0,0,0,0,1,0,0.873446061224702,0.376493907089231,-0.887422891250508,0,0,0
226,-501.973140008922,0.124924110634186,0.111552835484954,0.0472118176063305,-0.00263779829702232,-0.00371961443938162,-502.058204068237,0.206715842069864,0.00759455313981797,0.0387313346215831,-0.00764518856239641,0.00245571796098553,-500,0,0,0,0,0,1,0,0.243274674315099,0.351087172099913,-0.260760902378189,0,0,0
227,-501.926129873366,0.122461855290146,0.107481916971297,0.0468082622301833,-0.00228671137172028,-0.00442225885987924,-501.935580844955,0.222109144931597,0.057853916036547,0.0616548671403885,0.00473773214195887,-0.00485894437494884,-500,0,0,0,0,0,1,0,-2.29432502412922,-0.917991504059082,0.37018660542179,0,0,0
228,-501.880673565456,0.119716154360352,0.103330807490583,0.0441048231802642,-0.00320468931589747,-0.00387877638852774,-501.774059000147,0.0660211932166777,-0.00219998317780985,0.0425762789273209,-0.0044352491327036,0.00111876953705107,-500,0,0,0,0,0,1,0,-0.709509892438055,0.311482526837005,-0.107476987349487,0,0,0
229,-501.837212164251,0.116667208283747,0.0992966941395085,0.0428179958284162,-0.00289320140195825,-0.00418901764410173,-501.865520572285,0.219958753144584,0.123712412457919,0.0229541787038823,0.00617917392216811,-0.0175997723621442,-500,0,0,0,0,0,1,0,1.43562327418266,-1.05783489850598,1.51255241129858,0,0,0
230,-501.793795486568,0.113245080158256,0.0954672578745678,0.0440159220405084,-0.00395105415512536,-0.00347073565463829,-501.834578638692,-0.0100672780176589,0.123289578322169,0.0441642917975701,-0.00883926957449754,-0.000370928109031826,-500,0,0,0,0,0,1,0,-0.747271902373131,0.904061513485072,-0.209486345741155,0,0,0
231,-501.750452967739,0.109746059262986,0.0917965845136485,0.042669084843354,-0.00304698644693731,-0.00387014342545633,-501.771099187026,0.142153844739286,0.10236452149194,0.0657609565096883,-0.00104919037440031,-0.00236528093046556,-500,0,0,0,0,0,1,0,-3.0338972769163,-0.179388652038541,0.0317990500626762,0,0,0
232,-501.709532545852,0.106609388119297,0.0881350130972507,0.0391721608367083,-0.00322635471021864,-0.00345139671342898,-501.794195338005,0.0600882843010703,0.015640487347721,0.0461548698543863,0.00718069526935308,0.00872756095078825,-500,0,0,0,0,0,1,0,-1.02709630942816,-0.838246095537449,-0.904037069774267,0,0,0
233,-501.671256965453,0.102963915899612,0.0841886406753017,0.0373786560512408,-0.00406458898892244,-0.00444064519036036,-501.620615707,0.0407802324891046,0.0770070320399172,0.0219208435314755,-0.00368413238979318,-0.00642830874030159,-500,0,0,0,0,0,1,0,1.04914706085202,0.286852774001109,0.488816809950325,0,0,0
234,-501.633594075296,0.0990427481071499,0.0796625053342466,0.0379472139553351,-0.0037777459454347,-0.00461217014356941,-501.571076474852,0.0711537670015741,-0.00158949511812513,0.0314403580388749,0.0129241178174958,-0.00453848003568991,-500,0,0,0,0,0,1,0,-0.00188285418265233,-1.43471931575273,0.457026993805241,0,0,0
235,-501.595874306862,0.0945476412092685,0.075082946019346,0.0374925370439678,-0.00521246770255095,-0.00454695501993119,-501.421469210066,0.175467965661707,0.0513177514645979,0.0432914602576105,0.00102034780962895,-0.0132517987179001,-500,0,0,0,0,0,1,0,-1.48620760562906,-0.45297071228631,1.22254436886081,0,0,0
236,-501.559226790898,0.0891086894430057,0.0711299337495093,0.0358033026999848,-0.00566543491259675,-0.00335842074476322,-501.58378350017,0.161656284617385,0.115770806314491,0.0312049362688275,-0.0212011750560161,-0.00578918971697074,-500,0,0,0,0,0,1,0,0.0470733734569118,1.79680493636684,0.347377359068091,0,0,0
237,-501.523639015531,0.0843416552671355,0.0677461043830175,0.0353724008071223,-0.00386863215903785,-0.00340925500589517,-501.400118055603,0.248899126633763,-0.0240971791913594,0.0479741153286191,0.00374200095951227,0.0060380965581482,-500,0,0,0,0,0,1,0,-1.99717542165682,-0.871998349218753,-0.555615297432101,0,0,0
238,-501.489586083778,0.0800370317495431,0.0641413398057937,0.0327334354395738,-0.00474061399097711,-0.00379912693644346,-501.420530403168,0.010712036637931,0.050159289224084,0.0489063198159277,-0.0144174917300742,-0.025350867356734,-500,0,0,0,0,0,1,0,-2.04957117525719,1.42032509973156,2.43476815722524,0,0,0
239,-501.457806982007,0.0760065806363238,0.0616002922506846,0.0308262714718827,-0.00332028807758162,-0.0012822057502514,-501.232975707248,0.0328674485182266,0.0786261772660627,0.0358291506234196,-0.0122793018003019,-0.0117884108356634,-500,0,0,0,0,0,1,0,-1.11696364784689,1.16219528299374,1.02158872903421,0,0,0
240,-501.427665797735,0.0732673907483334,0.060774320199351,0.0294567547160258,-0.00215809071655481,-0.000369258542158413,-501.382124241882,0.0151552643707482,-0.0661494944702007,0.0238820924310423,0.0059972781122074,-0.000584329111183014,-500,0,0,0,0,0,1,0,0.376039240658797,-0.630038339962236,0.190731900058703,0,0,0
241,-501.398281325104,0.0707942785522125,0.060265470280564,0.0293122193506069,-0.00278813262534297,-0.000648606407544827,-501.400452979219,0.209792721204897,0.141510435955845,0.0169439926154023,-0.00671447889095229,-0.00249446151598747,-500,0,0,0,0,0,1,0,1.10650669689796,0.251862446685435,-0.0335747203129435,0,0,0
242,-501.368718676195,0.0681320731108972,0.0592721118372709,0.029812891961093,-0.00253627749697722,-0.00133861540221003,-501.30282252892,0.177398280424524,0.0960441470499506,0.0227895970543975,-0.00278730468859282,-0.00169041691308931,-500,0,0,0,0,0,1,0,0.326685352399321,-0.0760660919897664,-0.0230466027909705,0,0,0
243,-501.33903046757,0.065557761322577,0.0576957223478287,0.0295634543742485,-0.00261234567948839,-0.00181426830724774,-501.354875070598,0.0906451599475605,-0.0312124636399243,0.0150982857113151,-0.00895688286129053,-0.0175391822747818,-500,0,0,0,0,0,1,0,1.19992157006389,0.714397966233932,1.81634315475803,0,0,0
244,-501.308926189421,0.0633026049156562,0.056413610111729,0.0306458380706814,-0.00189796560270589,-0.000750763983180192,-501.464720746265,0.0751730483515428,0.00928226579831175,0.0371472039316621,0.0133882044860671,0.00195500220843014,-500,0,0,0,0,0,1,0,-0.785278900635495,-1.48916654530979,-0.214064752439638,0,0,0
245,-501.278965143898,0.0606600588671234,0.0554795771917364,0.029276239224825,-0.00338712567798012,-0.00111681941151331,-501.20402093596,0.192002520537926,0.280774867727354,0.0203364731101898,0.00330989563955806,0.0135473154329501,-500,0,0,0,0,0,1,0,0.374394560901792,-0.714994605031657,-1.91628127874971,0,0,0
246,-501.250043479656,0.0569154394246357,0.0532054738823136,0.0285660519749422,-0.00410211252618741,-0.00343125252209275,-501.291068877697,0.0195608252293512,0.215601853581265,0.0430755472650184,0.0116655206586295,-0.00548488740643958,-500,0,0,0,0,0,1,0,-1.72541697110807,-1.20567371632165,0.117285033481428,0,0,0
247,-501.222572440678,0.0522104953326085,0.0498792871781895,0.0263763150252668,-0.00530777518431451,-0.00322020945364154,-501.1828394689,0.157740127472579,0.0548918873622406,0.0454793754041184,-0.0310199726743442,-0.0126052421295686,-500,0,0,0,0,0,1,0,-2.1822586026115,2.78651701248926,1.15074043823238,0,0,0
248,-501.197370507602,0.048295982626039,0.0473261161216955,0.0240284286786698,-0.00252124956320281,-0.00188513740515206,-501.22214267879,0.290119792038298,0.0976734460992348,0.0402718563475961,-0.000831916759376545,-0.00798730518093856,-500,0,0,0,0,0,1,0,-1.58290027718036,-0.497047908138942,0.603383625895387,0,0,0
249,-501.174299650462,0.0455262124460191,0.0457662748004738,0.022113802712818,-0.00301828998205131,-0.00123377875818498,-501.231419975981,-0.0560389093895082,0.147591343508148,0.000199238224853078,-0.0111557088323718,-0.00042765918147286,-500,0,0,0,0,0,1,0,2.44291612947692,1.2276487020162,-0.252416768869011,0,0,0
250,-501.151321539831,0.043121738839413,0.0439002329642654,0.0238419317216258,-0.00179065648221082,-0.00249944589497197,-501.213448563685,-0.238551200105676,0.03795946155069,0.025578660625574,0.00287106953747897,-0.00261875201775902,-500,0,0,0,0,0,1,0,-0.130968935187275,0.189995446463454,0.185956278674522,0,0,0
251,-501.127794801703,0.0414260794918481,0.0413276825622345,0.0232116446042695,-0.00160066114911296,-0.00264556146074224,-501.208653495715,-0.140227134720454,-0.00222299568451734,0.0357902312156444,-0.00576570613799588,0.00176675712983821,-500,0,0,0,0,0,1,0,-1.16171613013501,0.857024883240495,-0.172229721614787,0,0,0
252,-501.105442778931,0.0402539349333434,0.0385784562352456,0.0214924695794519,-0.000743627470690209,-0.00285222737528423,-500.971611689049,-0.0836631115446372,0.115506987928786,0.0351101825042184,0.000178722527564439,-0.0066771053325106,-500,0,0,0,0,0,1,0,-1.5677948723241,0.149453970332831,0.436696557393487,0,0,0
253,-501.084921092294,0.0395850382393291,0.0359731525792035,0.0195513388111508,-0.000594165225096837,-0.00235759848020634,-501.024530684995,-0.0741574839285991,-0.0296460862983228,0.0146868340238891,0.00960831548058819,-0.00232760219553386,-500,0,0,0,0,0,1,0,0.58037796760086,-0.812516580201621,0.292052392150032,0,0,0
254,-501.065326956425,0.0385846115556409,0.0334985056041943,0.0196369866884792,-0.00140668730660709,-0.00259197522521648,-501.037494613117,0.0670859095609343,0.0496308305307378,0.0189016060238776,-0.0152227181542205,-0.011069371149683,-500,0,0,0,0,0,1,0,0.184828623846733,1.38809999630018,1.00767545390682,0,0,0
255,-501.045737787146,0.0378719706173388,0.0311872743567445,0.0195418213390738,-1.85939733446557E-05,-0.00203067141803848,-501.060134899279,0.0908722046354515,0.01937924930345,0.0109221559835599,0.0148708458083487,0.00490564932204252,-500,0,0,0,0,0,1,0,1.02805420020265,-1.66882899010577,-0.529323430811152,0,0,0
256,-501.026051340578,0.0370189593481824,0.0285813083561398,0.0198306479293605,-0.00168742708671128,-0.00318164429477807,-500.845878801018,0.0466201245648035,0.117911560947413,0.0230622185822791,-0.00984847144045782,-0.00523091699266979,-500,0,0,0,0,0,1,0,-0.61446425619205,0.891606894916176,0.287268577372153,0,0,0
257,-501.006751842814,0.0357773365945713,0.0254446792224324,0.0187685714993892,-0.000795817566239444,-0.00309129281406473,-500.882916803696,0.12617679638659,0.0575370381372756,0.0182870366673338,-0.000165573671370531,-0.00553880370498,-500,0,0,0,0,0,1,0,-0.0628700593418481,-0.235796225636127,0.438806294223449,0,0,0
258,-500.988227775146,0.0348636197160197,0.0223947768331576,0.0182797840029619,-0.0010316157229154,-0.00300848792954667,-501.170053932569,0.0088074416619518,-0.109000034771725,0.0146646057033976,0.00329368631646209,-0.00420173135328713,-500,0,0,0,0,0,1,0,0.87364729479808,-0.346983514970112,0.638173204872162,0,0,0
259,-500.969714446672,0.0336585071392071,0.0193916645563851,0.0187470560170831,-0.00137860858671421,-0.00299821043682369,-501.065849196337,0.0110714617430304,-0.0979434834628245,0.0238082466193278,-0.0152036608955668,-0.0141992296959351,-500,0,0,0,0,0,1,0,-0.249126269258529,1.49822316607062,1.61580993651916,0,0,0
260,-500.951133824688,0.0330290064325215,0.0170248444110792,0.0184150225839665,0.000119607586737378,-0.00173548744985508,-500.946901448551,0.220023002006818,0.0523815775913841,0.0273614991947732,0.0272038198885847,0.0122158754738995,-500,0,0,0,0,0,1,0,-0.84234702237568,-3.16042799287211,-1.32635070257271,0,0,0
261,-500.933584024747,0.0315684054362216,0.0145938151120258,0.0166840327382766,-0.00304080757187389,-0.00312589934918661,-500.754408805347,-0.157376397625326,-0.285934851883288,0.0308778482687607,0.00338597144013533,-0.00951451995727708,-500,0,0,0,0,0,1,0,-1.57896721618162,-0.0238443487628811,1.52332169949429,0,0,0
262,-500.917714811928,0.0285156763506209,0.0122451449348271,0.0150553783204898,-0.00306464940950092,-0.00157082385891538,-500.897680178641,-0.0422725259469876,-0.100198630588995,0.0229261517499103,-0.0160588816543636,-0.00666952404183263,-500,0,0,0,0,0,1,0,-0.497254817708928,1.69043321733034,0.867349665361253,0,0,0
263,-500.903046506467,0.0262962425720009,0.0109847253558014,0.0142817337790931,-0.00137421748460679,-0.000949833679444789,-500.883661803496,0.0481308526180344,-0.157138159033813,0.00989593721849411,0.00743675706021129,0.00450522693327493,-500,0,0,0,0,0,1,0,0.777729885142157,-0.839937411257198,-0.136246375259867,0,0,0
264,-500.88868323839,0.0245020535080946,0.00968249649773929,0.0144446122154318,-0.00221415943282337,-0.00165493638586567,-500.827619386916,-0.131221810355556,-0.177537810196915,0.0174664028122601,0.0074749507550202,0.00095446172918213,-500,0,0,0,0,0,1,0,-0.0914015073945527,-0.485051454790907,0.259629447475617,0,0,0
265,-500.874517031317,0.0220453676562647,0.00798868488941663,0.0138879378798402,-0.00269921165991117,-0.00173262540013552,-500.840446351832,0.0760909822937695,-0.0387633804897921,0.0021900241094882,-0.017980250173891,-4.06987470981932E-06,-500,0,0,0,0,0,1,0,1.46189029271458,1.64584305280156,0.0779337484505661,0,0,0
266,-500.860189611147,0.0201690719505662,0.0059064617424121,0.0147667169261854,-0.00105337893016053,-0.00243250015464802,-500.915846718875,0.0429697510106693,0.14019024423333,0.0284703583918404,-0.000474695243255984,0.0029667830067611,-500,0,0,0,0,0,1,0,-1.01534240143392,-0.0384699776957402,-0.57705878914277,0,0,0
267,-500.84626437414,0.019096463045389,0.00316717411581586,0.0130836157834215,-0.00109183893059856,-0.00304542807731023,-500.896363008686,-0.00310323345317827,-0.0920113144279791,-0.00966381133422661,-0.00300810142746481,-0.0107989176231287,-500,0,0,0,0,0,1,0,2.75910715079369,0.307016609652838,1.26391439116883,0,0,0
268,-500.831949487321,0.0181581194891728,0.000149877211974133,0.0155463643164794,-0.000784847807984082,-0.00299066565953199,-500.571186109075,0.0477258105661275,0.00410158220171504,0.0245471889344069,-0.00458494475608639,-0.0143725285025616,-500,0,0,0,0,0,1,0,-1.31234667529131,0.363042854476384,1.42904968585273,0,0,0
269,-500.817094630266,0.0175547928696553,-0.00214517419790131,0.014164249112568,-0.00042180373340814,-0.00159894464453703,-500.808156294533,-0.00960441966454698,-0.0598214492509809,0.00579392596450981,-0.00564678448936139,-0.000787169578573524,-500,0,0,0,0,0,1,0,1.03691999261509,0.583887288265233,0.198359856359314,0,0,0
270,-500.802675708861,0.0174249283271399,-0.00397882918638193,0.0146735285317452,0.000162075466814804,-0.00206885282709868,-500.730933950411,0.0358026021320405,-0.0747834992318507,0.0213329590005668,-0.00091768525223239,-0.0054398560068982,-500,0,0,0,0,0,1,0,-0.671427999234934,0.0201633209591579,0.693552599153522,0,0,0
271,-500.788491708356,0.0175970859676152,-0.00579663454391346,0.013694910045327,0.000182239612597714,-0.00156647342679705,-500.679940618028,-0.131903424603028,-0.278476997462876,0.0106481475439813,0.0196842031757258,-0.00151174834893196,-500,0,0,0,0,0,1,0,0.295066481658465,-1.70461346836653,0.708128829818947,0,0,0
272,-500.774821024208,0.0169270157046693,-0.00724644615388795,0.0136467569462933,-0.0015223796541798,-0.00133334604992175,-500.637552638077,-0.0672511941194422,0.0385354366628448,0.0303978896477586,0.00291120777827295,-0.00147144464198126,-500,0,0,0,0,0,1,0,-1.76468368862139,-0.15661838958841,0.0700735908724367,0,0,0
273,-500.762275748924,0.0153263323223193,-0.00846445116305912,0.0114440911759293,-0.00167898646564959,-0.00110174631001958,-500.785994225538,0.0966336708301752,0.0369483307439702,0.0351356743504561,0.00341940533059954,0.0236219235669172,-500,0,0,0,0,0,1,0,-1.94157898396997,-0.535207874720304,-2.43608901817966,0,0,0
274,-500.752387933152,0.013379754565411,-0.0106187402805434,0.00833063130927241,-0.00221416809702121,-0.0032054459966252,-500.728675106313,-0.0510471634977452,-0.0557820850193749,0.00654596838760017,0.00312964837778477,0.00125892454742571,-500,0,0,0,0,0,1,0,0.802753373865312,-0.210870510782987,-0.0143282847038214,0,0,0
275,-500.743946244735,0.011060148257292,-0.0141242461765843,0.00855261256291559,-0.00242504396983102,-0.00380590137234715,-500.882988077402,-0.113695874064679,-0.037890853890885,0.0106844056482048,-0.0077601105766011,-0.00304042822278327,-500,0,0,0,0,0,1,0,0.697535589983268,1.00340280578947,0.379824530060097,0,0,0
276,-500.735274416616,0.00913680198017968,-0.0180274138643973,0.00879112125274107,-0.0014216479351004,-0.00400077611609939,-500.767187607517,-0.0370485003795765,0.0794950565339339,-0.00662699934676087,0.000191326763263647,-0.00883116544823333,-500,0,0,0,0,0,1,0,2.19707514971072,0.0549643244327883,0.724126431755465,0,0,0
277,-500.725596923058,0.00774262623837104,-0.0221865447700255,0.010563881059823,-0.00136670238483713,-0.00431861688278423,-500.75558488408,-0.038226600808135,0.031775559963141,0.0118503386904385,0.00628690692440078,-0.019723099982849,-500,0,0,0,0,0,1,0,0.32613589911685,-0.552237490823808,1.90875887835862,0,0,0
278,-500.714861165768,0.00609979865771708,-0.0258211104742861,0.0109085170147998,-0.00191895233978075,-0.00295090918880414,-500.683575490052,-0.038918616733481,-0.0711559049294411,0.00576639373032138,-0.00953309543598206,-0.0227415627569441,-500,0,0,0,0,0,2,0,0.790511607071223,1.03114677706517,2.4164680855533,0,0,0
279,-500.70348026126,0.00469641006619929,-0.0279170069980282,0.0118543507275172,-0.000887823898155984,-0.00124158689993348,-500.71039519292,0.213105250788891,0.119326556515684,0.0168438781328797,-0.000610501528616109,0.0185177526534225,-200,0,0,0,0,0,0,1,599.736402572552,-0.365160348716171,-2.09042837837362,0,0,0
280,-500.406353942887,0.00362397959713937,-0.120934662393826,0.582304101770983,-0.00125703716606472,-0.185087253032934,-500.525838149619,0.208390190194698,-0.0865387640118082,0.600923397625629,0.00637463002153004,-0.17607679571891,-200,0,0,0,0,0,0,1,540.959336536675,-1.0542433825424,17.7807570999146,0,0,0
281,-499.564055232144,0.00183794009030439,-0.380301760951508,1.10221753862396,-0.00231504190828085,-0.333914209625919,-499.663022578498,-0.0731033902745555,-0.523325444984941,1.09802151568718,-0.0185305172351152,-0.321033432192879,-200,0,0,0,0,0,0,1,489.523893588279,1.99925850406063,33.1499941092578,0,0,0
282,-498.224233833085,0.000520779450457376,-0.774155852956012,1.57736457736688,-0.00031927876360904,-0.454037976520292,-498.127666135158,-0.00585321173160519,-0.756008566894435,1.57336996457342,-0.0128738580256297,-0.473489114451198,-200,0,0,0,0,0,0,1,438.918335812973,1.29909222602618,48.8609285789087,0,0,0
283,-496.431147997174,0.000849428176682053,-1.27366516256787,2.0087615908563,0.000976576641335129,-0.545201929264903,-496.346997458741,-0.00352122273206934,-1.4095805970079,2.00770116160079,0.0119129691310402,-0.5609717430343,-200,0,0,0,0,0,0,1,391.923878757404,-1.18425446763988,58.9163354974458,0,0,0
284,-494.227633105213,0.00123239098359195,-1.85302420175943,2.39823457949453,-0.000210650203078022,-0.613715687723503,-494.123706972823,0.0680962060306353,-1.90736650649241,2.4370503674075,-0.0105465196144944,-0.626353418826774,-200,0,0,0,0,0,0,1,344.542377204896,0.918459549388166,66.4500748956623,0,0,0
285,-491.656136452063,0.00147962385671107,-2.49063674733135,2.74473587487564,0.000705117584214289,-0.661686690698014,-491.549233827002,-0.00424318812121251,-2.53577727453313,2.74113383690697,0.0051594040264417,-0.654891935718694,-200,0,0,0,0,0,0,1,308.985083963308,-0.507454026401745,70.5607481209357,0,0,0
286,-488.754488733648,0.00192977773027868,-3.16932067090035,3.05854399171119,0.00019519067116703,-0.695841479898089,-488.653212849701,0.0319951416703205,-3.21918178755802,3.06990213293874,-0.00805853461296906,-0.719587721252425,-200,0,0,0,0,0,0,1,270.316212405529,0.741863177956265,78.3971357003586,0,0,0
287,-485.556257735816,0.00249477303699955,-3.87293984333244,3.33791205497445,0.000934800906270987,-0.711539359836208,-485.780477389048,0.0613798624915166,-3.87955504410595,3.33773986221273,0.0102041967075493,-0.71203074360662,-200,0,0,0,0,0,0,1,237.786968556824,-1.14317939573797,78.9621844488739,0,0,0
288,-482.094052916263,0.00285696608155169,-4.58737444828712,3.58649678444012,-0.00021041402259917,-0.71745640992138,-482.011873032224,0.14214894658551,-4.72703015038415,3.60018302209694,0.005633599679788,-0.719127452748112,-200,0,0,0,0,0,0,1,204.005443854754,-0.847657861149819,81.3668055755795,0,0,0
289,-478.398945822635,0.00222181280672301,-5.30171129068641,3.80372288109425,-0.00105989141529959,-0.711327636757658,-478.350271210056,0.0585377361844124,-5.23968629212847,3.80308521818185,0.0157742996597686,-0.702431466471954,-200,0,0,0,0,0,0,1,176.392020601927,-1.69450543834569,80.7225192314524,0,0,0
290,-474.499814929843,0.000313853610106943,-6.00625025216611,3.99454823699324,-0.0027560257985779,-0.697847004653092,-474.332242501829,0.0230982626815711,-5.94829069451435,3.99479113055498,0.000799464495360321,-0.700233708618653,-200,0,0,0,0,0,0,1,149.18537194816,-0.126142974899174,81.919952250894,0,0,0
291,-470.422564018343,-0.00250596981337947,-6.69277407164541,4.15996763438276,-0.0028836197868008,-0.67528424064914,-470.475819148748,-0.0765151911308276,-6.66681108426561,4.14105391363124,0.00561700546279479,-0.670578142731534,-200,0,0,0,0,0,0,1,126.846246934372,-0.408670164017824,80.3914364416847,0,0,0
292,-466.190696883205,-0.00559457071018859,-7.35420621370257,4.30378333046133,-0.00329358137296651,-0.647652500574877,-466.094664023994,0.0762312549744585,-7.26438403358529,4.3070512888839,-0.0191300392108628,-0.641014330592931,-200,0,0,0,0,0,0,1,101.484199159598,1.76054141113736,78.6302011264637,0,0,0
293,-461.827277665381,-0.00800843718473276,-7.98506785643761,4.42307484976298,-0.0015341500524277,-0.614130618923011,-461.89850589056,0.0162380587095186,-8.06313411700581,4.43623195205182,-0.00445062237632889,-0.61309586835722,-200,0,0,0,0,0,0,1,80.1738165759386,0.412586120213852,77.4358550697336,0,0,0
294,-457.354806476892,-0.00933677425038167,-8.5797892115755,4.52188997244356,-0.00112252319255863,-0.575361391784359,-457.317683278502,-0.0111531057265736,-8.45330191628685,4.5310033144722,-0.00348591401069329,-0.572145467071211,-200,0,0,0,0,0,0,1,61.5350351097838,0.370897612522476,74.1211505396948,0,0,0
295,-452.792817488118,-0.0102742564401173,-9.13450953931806,4.60211172478146,-0.000752440731460896,-0.534119004333027,-452.789984285619,0.0304221905343596,-8.87125546831331,4.60411524579826,0.00102114252330625,-0.538175167677417,-200,0,0,0,0,0,0,1,45.1684439914118,-0.162958633399344,71.5600277043683,0,0,0
296,-448.158701879269,-0.0111085221254787,-9.64672114565385,4.66614450979069,-0.000916089850184183,-0.490335632040115,-448.215293503118,-0.0311345634806429,-9.58283297536017,4.67007426946082,-0.00554254286360101,-0.489384284509175,-200,0,0,0,0,0,0,1,29.4231600601547,0.616523413321387,68.1040944016379,0,0,0
297,-443.468491400218,-0.0117166334947386,-10.1143728712705,4.71430225099396,-0.000300131656794694,-0.444991104827593,-443.478609795867,0.0611147476454045,-10.1429251734522,4.69376076721178,0.015232480414621,-0.447325765998583,-200,0,0,0,0,0,0,1,17.581142870556,-1.64547753675291,65.0184269467627,0,0,0
298,-438.736149406674,-0.012839738590727,-10.5363193703949,4.75040789746051,-0.00194607758916502,-0.398918985644504,-438.78390912937,0.119309964214957,-10.52854578887,4.76389382252989,-0.00832189651041805,-0.392198508741097,-200,0,0,0,0,0,0,1,1.17843600575048,0.593569722611891,60.2769424518496,0,0,0
299,-433.976151856737,-0.0144891974659005,-10.9118614723349,4.76961368277044,-0.00135283963811972,-0.352173678006614,-433.915158607053,0.118935083528262,-10.9326494804626,4.76010812071133,0.00635220938498034,-0.366291488879626,-200,0,0,0,0,0,0,1,-8.18049485702596,-0.873091105554557,58.4944478488878,0,0,0
300,-429.201586678637,-0.0162787125411976,-11.2400229592027,4.77954377094151,-0.00222618951910982,-0.304153007410929,-429.126751679472,-0.0266120978209382,-11.1479204482781,4.78186698271074,0.000682772263670568,-0.3157362641586,-200,0,0,0,0,0,0,1,-19.9331949121297,-0.0150530307251803,53.8694673124162,0,0,0
301,-424.423318314636,-0.0185125062050797,-11.5204687482082,4.77701971265688,-0.00224139684167297,-0.256735930912034,-424.427601288193,-0.104507471019854,-11.4573495539336,4.76862618375255,-0.000737717493631915,-0.247537799887687,-200,0,0,0,0,0,0,1,-28.0074157988694,0.282786691402899,47.6684790966359,0,0,0
302,-419.652316745282,-0.0206125432755256,-11.755117561368,4.7650085011388,-0.00195867641592683,-0.212554222881682,-419.566443029306,-0.0259441102024654,-11.7747876389058,4.77031660287559,0.0142710901196342,-0.215893286783328,-200,0,0,0,0,0,0,1,-37.8987742289464,-1.37522079155849,45.1389039561443,0,0,0
303,-414.898339695551,-0.0232588233060226,-11.9451542114837,4.74297106705316,-0.00333388285642542,-0.167506508332834,-414.938069671179,-0.00888235413864381,-11.9373407073614,4.74306023215818,-0.00469193445492496,-0.174259446211019,-200,0,0,0,0,0,0,1,-44.4298838734595,0.486958153769783,41.3006260358247,0,0,0
304,-410.170035977532,-0.0263491877752967,-12.0908576742763,4.71366106679682,-0.00284684547683531,-0.123884158856112,-410.242105013543,-0.044435359044782,-12.1685578992133,4.72773794402818,-0.00163548055757993,-0.116009854439521,-200,0,0,0,0,0,0,1,-52.2895843757314,0.252418773847557,35.9381012423786,0,0,0
305,-405.475557862842,-0.0290697438510139,-12.194142113173,4.67531859402826,-0.00259426541060862,-0.0826638852322791,-405.476017882013,-0.131459915358025,-12.1716548684094,4.67209837960175,-0.00212598787872553,-0.100113964093574,-200,0,0,0,0,0,0,1,-56.2578021961488,0.475518618588603,34.3547061461761,0,0,0
306,-400.821485864684,-0.0314261523315826,-12.2562425712652,4.63284874444596,-0.00211855010162621,-0.0415141097437219,-400.970510574859,-0.0634311567506085,-12.2461783906139,4.63452527830828,-0.00137710665661063,-0.044674561869424,-200,0,0,0,0,0,0,1,-61.5115066811086,0.26457297916228,28.9598129681703,0,0,0
307,-396.21318040359,-0.0334122857968936,-12.2788103209594,4.58378383087366,-0.0018537158548952,-0.00359514754322438,-396.133082995872,-0.0226634483754248,-12.2253789081891,4.57914045081978,-0.00168188148604591,0.00827118783887797,-200,0,0,0,0,0,0,1,-65.6478790902344,0.21351504535544,23.6236390324905,0,0,0
308,-391.656706106195,-0.0351590855262917,-12.265218992818,4.52918458518954,-0.00163988283683919,0.030806827190787,-391.677924142064,0.1704530641901,-12.0975689945773,4.53667870936537,0.0103118268216384,0.048815136115988,-200,0,0,0,0,0,0,1,-70.3120226524079,-1.37208881054404,19.3136243775558,0,0,0
309,-387.157684349199,-0.0374848267625446,-12.2184029460672,4.46887750613549,-0.00301159891638434,0.0628571507329754,-387.21123715052,-0.318603670738487,-12.1939937693887,4.46568042490346,-0.00475999763376454,0.0439302673132391,-200,0,0,0,0,0,0,1,-72.1455681893054,1.11320710485343,19.9949608074534,0,0,0
310,-382.7196661611,-0.039939631953287,-12.1388160026469,4.40717811501438,-0.00189801032427903,0.0963493010282065,-382.866710478005,-0.00805929498289847,-12.0272919408721,4.40191734375398,0.00878303158516238,0.0932648242847594,-200,0,0,0,0,0,0,1,-74.4583134193882,-0.862184568550441,14.7281014532683,0,0,0
311,-378.34525478938,-0.0422685223488925,-12.0277393430391,4.34166179843358,-0.00275976943738113,0.125838483607544,-378.289488315718,0.0498324111964252,-12.0965810929152,4.34833988484436,0.00981172063878312,0.127259818862299,-200,0,0,0,0,0,0,1,-78.2550118530004,-1.08083688627116,11.4671802996004,0,0,0
312,-374.038641129751,-0.0455684764082425,-11.8879754540352,4.27158182655818,-0.0038401376180545,0.153726031357014,-374.023516689847,-0.119024394801369,-12.1696212423938,4.27143323294517,0.00408404547425962,0.159619445895937,-200,0,0,0,0,0,0,1,-79.0962899148219,-0.170355757823223,8.3772978951938,0,0,0
313,-369.802970894534,-0.0494935468140097,-11.7215296788943,4.19977367526239,-0.00401000237402049,0.179203085706984,-369.867663956785,-0.0864365322329097,-11.8269113223514,4.19525233980502,-0.0191158492324206,0.167072698013203,-200,0,0,0,0,0,0,1,-79.7899060669322,2.08445798770788,6.9465528433825,0,0,0
314,-365.639630009245,-0.0524610688802228,-11.5300521428778,4.12692262009116,-0.00192504100129361,0.203790043853354,-365.561447971955,-0.00314906101034237,-11.6214967394853,4.11009918596139,-0.0164819751070836,0.187148858511029,-200,0,0,0,0,0,0,1,-79.8870226522284,1.65449563272904,4.52810762786765,0,0,0
315,-361.54954839361,-0.0535586042792017,-11.3149962379749,4.05325406509635,-0.000270028338048234,0.226360198232629,-361.515049004647,-0.0815770432004024,-11.2799406234112,4.05531560376414,-0.00659459074258323,0.220299203378996,-200,0,0,0,0,0,0,1,-82.5014623671203,0.822613160659128,0.529960908922728,0,0,0
316,-357.534999029435,-0.0534170482592708,-11.078697002879,3.97585672850695,0.000553141053027076,0.246278538778588,-357.515878967756,-0.0703716945142786,-10.9376496810577,3.9614562151394,0.00262291964050917,0.271253035238718,-200,0,0,0,0,0,0,1,-81.1138635784282,-0.121548575022359,-5.25000416175635,0,0,0
317,-353.598133742265,-0.0529243930880901,-10.8253132045528,3.8978830121301,0.000432170351108595,0.260529568402134,-353.622337770897,0.107232119191697,-10.8206799538194,3.89746128168854,-0.00984923930420832,0.261339741233911,-200,0,0,0,0,0,0,1,-82.501452627061,0.770459692037438,-4.49261421575231,0,0,0
318,-349.739739144195,-0.0521067019862153,-10.5569656325399,3.81891601118338,0.00120321324919462,0.276206540994184,-349.842438843683,-0.0430648408808329,-10.6424531899559,3.80751402451944,0.00964458055681352,0.289224323191294,-200,0,0,0,0,0,0,1,-81.0665247645773,-0.878328373919686,-7.63752593921754,0,0,0
319,-345.960141211966,-0.0513423581188385,-10.2745409302766,3.74028802293071,0.000325475249365016,0.288683611744651,-345.861932197308,0.0836149633021575,-10.236345355753,3.74611719569502,0.00639174751092391,0.290585358645684,-200,0,0,0,0,0,0,1,-82.8878551748866,-0.806404677696706,-8.58584515306232,0,0,0
320,-342.260164397472,-0.0514197818919721,-9.97965267054583,3.65967371046361,-0.000480321608252741,0.301134603372921,-342.342077265372,-0.192896272253344,-9.92768694144064,3.68157007894057,0.00213561487038592,0.29411962171638,-200,0,0,0,0,0,0,1,-83.4728533633144,0.172231057468096,-9.55658828875671,0,0,0
321,-338.641218176676,-0.0518136798001711,-9.67254471229394,3.57822655028335,-0.000307473559461855,0.313123376462332,-338.658379235201,-0.167928491374517,-9.5274533855132,3.58904009755152,-0.00398700477259883,0.335553659949508,-200,0,0,0,0,0,0,1,-81.5872512847487,0.734557460008917,-14.5004592239244,0,0,0
322,-335.103656255457,-0.0517535595369645,-9.35596719893592,3.4969025410205,0.000427714673561482,0.320073600822447,-335.037098266111,-0.0249813581300694,-9.38404951464034,3.50227888441638,0.0150840310957792,0.322776296465286,-200,0,0,0,0,0,0,1,-80.1536919094157,-1.45844039331778,-13.5095306172479,0,0,0
323,-331.64655920277,-0.0520547574994522,-9.03209446114121,3.41729710767097,-0.00103010998418595,0.327712914662527,-331.785246343051,0.0330681083876588,-9.00810205319836,3.43287604427129,0.00232825084679583,0.328906317794462,-200,0,0,0,0,0,0,1,-79.7171117410256,-0.298961301454901,-14.8744276730495,0,0,0
324,-328.269080903848,-0.0532340384889179,-8.70117523340622,3.33766439343079,-0.00132845117504884,0.334166544154846,-328.317070131898,0.094454726460052,-8.70263155283168,3.32824374013391,-0.00624227916584851,0.318905323523282,-200,0,0,0,0,0,0,1,-76.1902337495962,0.435318463664747,-14.4852692466649,0,0,0
325,-324.969498345206,-0.0543445338566554,-8.36410563168449,3.26150527762748,-0.000892538595121081,0.340011881142524,-324.899774568865,-0.0210834467660394,-8.40349678196414,3.24507255049599,-0.00224686388569624,0.346130921656354,-200,0,0,0,0,0,0,1,-74.7077059118689,0.266853282101702,-17.8060986017071,0,0,0
326,-321.74594054232,-0.0551033453212184,-8.02288745148794,3.18561314572876,-0.000625083402899431,0.342463516707658,-321.667121189086,-0.0120586351122349,-7.97756403248856,3.18625006790062,0.000892483200015116,0.347196020043985,-200,0,0,0,0,0,0,1,-75.2907644118898,-0.0651310497770417,-18.7644739394214,0,0,0
327,-318.598706082889,-0.0557606892977995,-7.67944878288453,3.10885831650086,-0.000689603448309156,0.344453235800359,-318.707769245347,-0.187227862205302,-7.7666753658411,3.1070909315713,0.00255045186214364,0.351302628130455,-200,0,0,0,0,0,0,1,-73.2935546664367,0.119410538196239,-19.5969120813633,0,0,0
328,-315.527427439492,-0.0563902869165283,-7.33463996271566,3.03370085517087,-0.000569590961829624,0.345202972552463,-315.560944675217,0.158274369312304,-7.34125153139902,3.04897418400802,0.00103835870610479,0.347268499659325,-200,0,0,0,0,0,0,1,-73.7755290503674,-0.420384609235087,-20.0443469031345,0,0,0
329,-312.531604441378,-0.0571697669200908,-6.98909131108223,2.95794697488377,-0.000989367955377864,0.345933143597256,-312.616810994686,-0.0904768981777605,-6.97644245208921,2.95286840082912,0.00651635247101125,0.346247945154171,-200,0,0,0,0,0,0,1,-70.05321809354,-0.470681450745604,-20.6719096112387,0,0,0
330,-309.609896042546,-0.0583941830592558,-6.64364128324855,2.88547079238539,-0.00145946364411418,0.345004045277606,-309.586832325176,-0.208457857426026,-6.54784406256726,2.88819406016843,0.00462985126046259,0.332999092281579,-200,0,0,0,0,0,0,1,-69.6457413664903,-0.0460694111942076,-20.2042211030234,0,0,0
331,-306.760388016329,-0.0598763918129609,-6.29886150614062,2.81354644797828,-0.00150495256654031,0.344592318235845,-306.681212345106,-0.157412455602795,-6.25386443881297,2.81714047135682,0.013258953589657,0.345130941059811,-200,0,0,0,0,0,0,1,-68.35162244547,-1.01107044776011,-22.0053652283552,0,0,0
332,-303.982511789811,-0.0618865897313911,-5.95545371289241,2.74220620032662,-0.0025154416207953,0.34225973572525,-304.075054366559,-0.0405974424395535,-5.98981438415984,2.75769002333258,-0.0209375758905111,0.330031098610494,-200,0,0,0,0,0,0,1,-67.6188936001395,2.17495247393022,-21.0234810927298,0,0,0
333,-301.275459162109,-0.0633142695432872,-5.6139389646675,2.67189964868633,-0.000339917993243325,0.340805662428472,-301.213054208988,-0.0416272338548896,-5.60951733571786,2.67651560680964,0.00326902264802661,0.342226326716135,-200,0,0,0,0,0,0,1,-65.2254522629871,-0.243647797092881,-23.0035980001778,0,0,0
334,-298.637941944417,-0.0637757292160472,-5.27511990495653,2.60313411672861,-0.000583000212170266,0.336867547532168,-298.711734200293,-0.0425587575357093,-5.20641555083072,2.60126072672934,0.00374683826263918,0.347340184091005,-200,0,0,0,0,0,0,1,-62.702604272348,-0.2895663111925,-24.3211873074391,0,0,0
335,-296.068246291083,-0.0645032355712281,-4.94119696498802,2.53625553861046,-0.000872010966006106,0.331012439518172,-296.21668829364,-0.0171114816416073,-4.93172979807693,2.51504712930133,-0.0153064872292106,0.324517894438229,-200,0,0,0,0,0,0,1,-59.071336342853,1.56487168620428,-22.5883298476691,0,0,0
336,-293.563429054025,-0.0645925503174816,-4.61286241722424,2.4733775168468,0.000693382361275818,0.325688737930767,-293.574676477915,-0.00104737212210257,-4.61032366527704,2.47337090766343,0.00992567132239967,0.314536325478914,-200,0,0,0,0,0,0,1,-60.1877378105128,-0.990472387995762,-22.2329852173373,0,0,0
337,-291.12195226873,-0.0643941410167856,-4.28939043289174,2.40957506113204,-0.000296562731525896,0.321287722570338,-291.038123549256,-0.125611547606353,-4.20032820196722,2.40193334574536,-0.000995310319836878,0.334923926040869,-200,0,0,0,0,0,0,1,-58.1170874760233,0.350754127196393,-25.0917362001524,0,0,0
338,-288.743824609804,-0.0645150628842968,-3.97192698708882,2.3466776457094,5.47200133948146E-05,0.313671163343737,-288.812762757114,-0.136831853051055,-3.96974799860597,2.32150682257032,-0.0142224169100087,0.30112118384907,-200,0,0,0,0,0,0,1,-54.5251567428044,1.69590539710298,-22.1726223876951,0,0,0
339,-286.426402492205,-0.0636121462390324,-3.66126484736034,2.28816475500233,0.00175111400354361,0.307682899274818,-286.426406342093,-0.0957735392852987,-3.80205496377355,2.29853363862713,-0.00221085604055067,0.310097655852883,-200,0,0,0,0,0,0,1,-57.0005511785259,0.412632682625664,-23.4056556577412,0,0,0
340,-284.16887525534,-0.0616544604660461,-3.35663251310744,2.22688781755844,0.00216425868111228,0.301612873344009,-284.276165463991,-0.0246269438093594,-3.38994688292694,2.23614549775423,0.000553986264222464,0.293491667652408,-200,0,0,0,0,0,0,1,-55.0622188474409,-0.00614473880352763,-22.569272999387,0,0,0
341,-281.971575862808,-0.0594930273140815,-3.05793577177038,2.16770916961919,0.00215860830757933,0.295810631703825,-282.069122769601,0.00776034770091567,-3.15472047979917,2.16908642687786,0.0234671052552376,0.29179672337826,-200,0,0,0,0,0,0,1,-52.7703971485839,-2.36223122092559,-22.8702313782277,0,0,0
342,-279.832446143677,-0.0585152947519295,-2.76550524854247,2.1105479886065,-0.000203142462908032,0.289079402886552,-280.053997954545,-0.0938860837861037,-2.7658440857525,2.08437511666654,-0.00651197424151761,0.28478216956879,-200,0,0,0,0,0,0,1,-48.329515757565,0.838969591723968,-22.946528785374,0,0,0
343,-277.748428260821,-0.0582987274557109,-2.48055819810244,2.05748473196456,0.000636277898617645,0.280841624211915,-277.682377961858,-0.199869995131131,-2.31599192088349,2.0560025454671,-0.00653655765497402,0.282395776297642,-200,0,0,0,0,0,0,1,-50.2354986229943,1.05339575575966,-23.6075937879972,0,0,0
344,-275.718490692788,-0.0571355186950482,-2.20373041962173,2.00238745275016,0.00169014089470546,0.272841815543513,-275.582592060264,0.168961818425086,-2.04031963105356,2.00078379662191,0.00190718234337245,0.276925231004145,-200,0,0,0,0,0,0,1,-48.9131955416634,-0.528641871187417,-23.6118838383073,0,0,0
345,-273.743044124978,-0.0557094700972918,-1.9350613250409,1.94850255188539,0.0011619573228588,0.264523617096145,-274.015444541636,-0.0542611887829005,-2.08813273304228,1.95325992281653,0.0185920960938857,0.257614213105799,-200,0,0,0,0,0,0,1,-47.295103198382,-1.75068723182277,-21.5851558444953,0,0,0
346,-271.82036893137,-0.0554226384920394,-1.67398017055819,1.89684539936576,-0.000588293463999689,0.257664801466469,-271.938668907346,-0.08985023923202,-1.68987302991665,1.89894608373734,-0.0114581116122914,0.249257864787065,-200,0,0,0,0,0,0,1,-46.0172705590422,1.32551163969318,-21.5460404188732,0,0,0
347,-269.948756289891,-0.0553479627772384,-1.41989489885243,1.84637729138065,0.000737645748785916,0.250531228584578,-269.815864907929,0.137150073534147,-1.37258516659549,1.87582490956647,0.0096147097009639,0.247770297181124,-200,0,0,0,0,0,0,1,-47.950761140789,-1.23577111716469,-22.0318593849214,0,0,0
348,-268.128607998244,-0.055227981478143,-1.17273849368325,1.79391687916655,-0.000497682076468818,0.243808004910045,-268.093014240859,-0.0261569064028864,-1.24629449686818,1.78790652032299,-0.00067570615866802,0.248364215962926,-200,0,0,0,0,0,0,1,-42.6046235505808,0.119884428672575,-22.3438326025563,0,0,0
349,-266.358498475911,-0.0556655173324424,-0.933353221664477,1.74629870417129,-0.000377388912282783,0.234986548968101,-266.335251753335,-0.0173775244017869,-0.97563039961682,1.73401470908891,0.00279903985224581,0.23636010616658,-200,0,0,0,0,0,0,1,-40.7309674022206,-0.245148936421007,-21.6847498174243,0,0,0
350,-264.635025118492,-0.0561652836891839,-0.702756062851865,1.70064456755964,-0.000622145347963145,0.226230779150391,-264.472852324871,-0.0172243980670122,-0.778074962590814,1.69697749601663,-0.00504014710755749,0.21455685456819,-200,0,0,0,0,0,0,1,-40.7520449519217,0.538463506889773,-19.8995355316374,0,0,0
351,-262.956896419089,-0.0565180046845232,-0.480012234074097,1.65561025237009,-8.32987868624391E-05,0.219279547631385,-262.965628265472,-0.0330505307165732,-0.659145461549455,1.65082347544078,-0.00136962543183873,0.220331274998054,-200,0,0,0,0,0,0,1,-39.1510910131346,0.203063604617019,-20.7148365767064,0,0,0
352,-261.323216983555,-0.056499582208254,-0.264826623683465,1.61174542884875,0.000120141403672722,0.211113735602255,-261.242506388703,-0.163145284712894,0.0457580925627176,1.61284653519202,0.0088242071260983,0.21241941113591,-200,0,0,0,0,0,0,1,-38.7996407417972,-0.556130143184042,-21.3334572987164,0,0,0
353,-259.733363486474,-0.0566573160019174,-0.0580930911598909,1.56795807982723,-0.000435611213176578,0.202375318753048,-259.628157633785,-0.158049739674632,-0.00866971388641605,1.54691023494456,0.00406436738777607,0.214780358085278,-200,0,0,0,0,0,0,1,-35.4347082268866,-0.0903372594283428,-21.460696380755,0,0,0
354,-258.185769651534,-0.0571379171752746,0.139283154127174,1.52722548571656,-0.000525593069139627,0.192397636906652,-258.076409273079,-0.0747291053243521,0.142206253659551,1.54054467931595,0.00452429069192886,0.185282270973689,-200,0,0,0,0,0,0,1,-37.9016493854381,-0.302970858544182,-18.812639604688,0,0,0
355,-256.679571582252,-0.0578148148259743,0.32843153512831,1.48516824099651,-0.000828206030108107,0.185920200565272,-256.734520420181,-0.206841672842305,0.292101888698957,1.46800711302208,-0.00917893028250486,0.175885071581152,-200,0,0,0,0,0,0,1,-33.3316704618462,1.3315763739351,-18.1727109355131,0,0,0
356,-255.2131989697,-0.0579770696564154,0.510608475145451,1.44757407289864,0.000503693833611802,0.178452547790389,-255.350283831572,-0.103369598535169,0.543025756998869,1.4618370752768,0.011586089501363,0.174366544543639,-200,0,0,0,0,0,0,1,-35.4831398645354,-0.951869753065959,-18.5227059683616,0,0,0
357,-253.785492188234,-0.0579491398749109,0.685615113165378,1.40783685144311,-0.00044783597014069,0.171580603665655,-253.909028217342,-0.0721349114272006,0.730540625086231,1.3937166068371,0.00429928880179205,0.173100421981015,-200,0,0,0,0,0,0,1,-31.5536042490263,-0.285659057324803,-18.771123448274,0,0,0
358,-252.395756192665,-0.0585396471457742,0.852956455723696,1.371631718003,-0.000733180372429329,0.16312021393378,-252.570386045563,-0.0551104511093331,0.879334122627813,1.34885568408921,-0.00487741317211344,0.145297538081477,-200,0,0,0,0,0,0,1,-29.744796317796,0.59796221943001,-16.2884220534034,0,0,0
359,-251.040930391651,-0.0589737008660882,1.012701369478,1.33801728884862,-0.000134929087958745,0.156386456847404,-251.022897594986,-0.0347835300662852,1.08002806071019,1.33283212399412,0.00092746470072473,0.160327787935811,-200,0,0,0,0,0,0,1,-31.2374172094401,-0.0231794099399026,-18.1928349150014,0,0,0
360,-249.720777229273,-0.0591200641946596,1.16516284085616,1.30228589364813,-0.000157799091312198,0.148554327930683,-249.646334066722,-0.118679929564057,1.14821925080996,1.31792713021842,-0.0112102800769551,0.148023406765813,-200,0,0,0,0,0,0,1,-32.5000448883982,1.35838786682363,-17.0987791782012,0,0,0
361,-248.436742357303,-0.058598512503672,1.31059087190243,1.26578147165108,0.00120090085887111,0.142319923109614,-248.282827395791,0.0848143379073659,1.35596383464084,1.26261223251918,-0.00680192002158616,0.15908505692459,-200,0,0,0,0,0,0,1,-29.6955684603367,0.510563326343884,-18.6204333617407,0,0,0
362,-247.188209930962,-0.0571421781777684,1.44860337800271,1.23127984458479,0.00171176544550767,0.133722277870886,-247.213710896597,-0.400517946272687,1.38461475033784,1.23293748563559,-0.00186775758782277,0.140119507057997,-200,0,0,0,0,0,0,1,-28.8663267703654,0.98781165132765,-16.7811802064754,0,0,0
363,-245.973456713178,-0.0549363627511287,1.57876284798037,1.19822376426634,0.00269986285873193,0.126613120719265,-246.116833148193,-0.0243696751472063,1.74198048511795,1.20287092358112,0.0191091213572232,0.12919790580117,-200,0,0,0,0,0,0,1,-28.0534260617256,-1.86217278542791,-16.4037515503529,0,0,0
364,-244.7913203528,-0.0531674459713453,1.7018821763611,1.16604618441706,0.000837968293720323,0.119641542375575,-244.720419388276,0.0300432956644616,1.49924300570535,1.1580182186514,-0.0195755258592253,0.111728949023392,-200,0,0,0,0,0,0,1,-26.3609830885875,1.89746599459361,-14.1713809137499,0,0,0
365,-243.640161557403,-0.0513806164301003,1.81878644822752,1.13626935405793,0.00273568904764517,0.114181820535153,-243.8534245682,-0.0781528388785537,1.8119665591355,1.13108271785128,-0.0132497647636366,0.119094600279669,-200,0,0,0,0,0,0,1,-25.4014226487288,1.48128215412076,-15.5333931462379,0,0,0
366,-242.518603108507,-0.0479041571024622,1.92946266414862,1.10684473934771,0.00421722678163646,0.107185235864558,-242.648999851647,0.171131520787691,1.97498653508885,1.10627402451244,0.0174162865928841,0.0911233144140096,-200,0,0,0,0,0,0,1,-25.3294027479497,-2.08389170086379,-13.0623045115787,0,0,0
367,-241.425970465858,-0.0447287542760384,2.03431335970805,1.07841886146504,0.0021335768919259,0.102530274238669,-241.394566040355,-0.140090665049966,2.089834698049,1.07455785953659,0.00985502635425013,0.0955783796725767,-200,0,0,0,0,0,0,1,-24.6666538729483,-0.705321305325081,-13.7375073633557,0,0,0
368,-240.361592635791,-0.042947716724911,2.13411237895658,1.05033471765549,0.00142849653611887,0.0970816875888154,-240.286357605418,-0.188336920553881,2.32874925790497,1.04215384730246,0.00984287367484692,0.0996225149593277,-200,0,0,0,0,0,0,1,-23.6426695194092,-0.60761352637693,-14.6197500117427,0,0,0
369,-239.325002725101,-0.0418229065039574,2.22790022482926,1.02284247373423,0.000821121757380247,0.09050762471112,-239.356516366273,0.0819187741592478,2.16544323184326,1.0144805676074,0.00121297101854793,0.0996988668210235,-200,0,0,0,0,0,0,1,-22.7350240281931,-0.285134650173289,-14.3007731457889,0,0,0
370,-238.3154327243,-0.0411442348302696,2.31512667060877,0.99629490245101,0.000536217994050495,0.0839584099996141,-238.276488045305,-0.188008736221748,2.34088731916499,0.990875725975744,-0.00436107908510487,0.08512176799659,-200,0,0,0,0,0,0,1,-22.5345965069641,0.812125380953982,-13.193951437989,0,0,0
371,-237.332111494428,-0.0402018413347107,2.3963147743058,0.970345413926974,0.0013485669562218,0.0784306323300412,-237.432435981231,-0.102121383383909,2.41569396103642,0.978641444577659,-0.00057051640519017,0.0653840190260513,-200,0,0,0,0,0,0,1,-22.9992724953045,0.261294407286835,-11.369789824678,0,0,0
372,-236.374606369587,-0.0387225173272051,2.47294435867906,0.944663613244023,0.00161007829622402,0.0748412173379682,-236.153961889315,0.035946365533564,2.43747033886272,0.945802403022995,0.00595059171631931,0.0777949926584912,-200,0,0,0,0,0,0,1,-22.2723165236699,-0.666951902699059,-12.6544399435746,0,0,0
373,-235.442701660968,-0.0374458041644715,2.54528944249342,0.919143905679423,0.000943345299654069,0.069861535380469,-235.220421242132,0.0520255977908174,2.4950856891204,0.927957690495443,0.00132763019330577,0.0667661947673024,-200,0,0,0,0,0,0,1,-22.3549265652804,-0.236814214912212,-11.666790854971,0,0,0
374,-234.536167874396,-0.036620757769177,2.61316344856919,0.893922247695883,0.000706745250401723,0.0658988970082869,-234.696381023097,0.0120601054681024,2.81925305360734,0.882331253880752,-0.0167876213438089,0.0659394388512987,-200,0,0,0,0,0,0,1,-18.8403633418815,1.65464192344468,-12.2324499923445,0,0,0
375,-233.653352875751,-0.035086593738016,2.67616514689098,0.871705448199071,0.0023615805535941,0.0601154588790542,-233.69943812731,-0.0728682800680291,2.72185749091041,0.857470235548085,0.00785163267551057,0.0475814908694724,-200,0,0,0,0,0,0,1,-18.3481473001894,-0.639426707414999,-10.201864068768,0,0,0
376,-232.792137551561,-0.0330446357394977,2.73425411636205,0.850723726793038,0.00172233298416844,0.056072829938345,-232.92101685792,-0.00904463507913059,2.63396354284751,0.856635852641909,0.007949474481811,0.0438808553163835,-200,0,0,0,0,0,0,1,-19.8215515483502,-0.776858178022839,-9.65601261733337,0,0,0
377,-231.952478841476,-0.0317106375964964,2.78887165283278,0.828592758697422,0.000945661003074358,0.0531731244093181,-231.931142695393,0.057663056735084,2.7884815585497,0.836276955005082,-0.0130118768917147,0.0460464641821727,-200,0,0,0,0,0,0,1,-19.7654101097224,1.1858615757013,-10.1816095353167,0,0,0
378,-231.135031446758,-0.0301719505829001,2.84036946426739,0.806300876583567,0.00213171121311599,0.0498334401841635,-231.027572947644,0.0103420656343277,2.94650768486105,0.814481912665807,-0.0158864669053156,0.0601106499737399,-200,0,0,0,0,0,0,1,-19.3930453712919,1.5679625592629,-11.9040803670961,0,0,0
379,-230.340047797843,-0.0272561592853421,2.8876955189669,0.783664464211363,0.00369986913439005,0.0448297568520016,-230.436695741483,-0.0133854866174364,2.87458658411842,0.789974174688071,-0.0111097169046969,0.0399042287080123,-200,0,0,0,0,0,0,1,-18.1240259858403,1.13774266370457,-9.73959603903806,0,0,0
380,-229.566695943954,-0.022987330352842,2.93079463573161,0.763038020420135,0.00483778693419049,0.0413785854767869,-229.568830558218,-0.146142802485822,2.9533911246512,0.773058592249224,0.00477268929877694,0.0165519932523185,-200,0,0,0,0,0,0,1,-18.1681981084865,-0.184983324906051,-7.56198157453424,0,0,0
381,-228.813563337383,-0.0182419521780638,2.97148145066452,0.743226952907448,0.00465296735023484,0.0400047476139876,-228.918106883886,0.143119683446989,3.09222681903274,0.730992642949989,0.000290512070196799,0.0424203760311455,-200,0,0,0,0,0,0,1,-15.2630505272273,-0.315290573913658,-10.42649124118,0,0,0
382,-228.079477612602,-0.0137465497064821,3.00893242823519,0.724942472463048,0.00433783621427175,0.0349061658283287,-228.014048907666,0.124766591519227,2.85033293982237,0.710071196262709,0.00683782740448568,0.0207763397113637,-200,0,0,0,0,0,0,1,-14.9790218109383,-0.933315923487022,-7.77829985078111,0,0,0
383,-227.36302550563,-0.00987529871764995,3.0424700745349,0.707960842258296,0.00340466357964978,0.0321774509089904,-227.39919028351,0.0577898218257945,3.05238648054405,0.709981373451672,-0.00398618587833386,0.0273081506943988,-200,0,0,0,0,0,0,1,-16.1997567781467,0.283038944181797,-8.83558803052798,0,0,0
384,-226.6643282176,-0.00632903588291312,3.07306243180698,0.689432621480596,0.00368785976043389,0.0290163083535454,-226.500265008805,-0.0539367310536524,3.10008720228645,0.685056371235216,0.0209174554889992,0.0281566555575626,-200,0,0,0,0,0,0,1,-15.5051071059113,-1.98387208679262,-9.01583996032915,0,0,0
385,-225.983880083309,-0.0036330343529711,3.10029940354947,0.67146234326427,0.00170414117461451,0.0254663990997409,-225.935668256649,0.212220629176327,3.03120244477546,0.661820718213097,0.0273991075338457,0.0232508458059823,-200,0,0,0,0,0,0,1,-14.3107353080122,-3.16435201173722,-8.38748947014916,0,0,0
386,-225.320733117152,-0.00351099730460825,3.12406157141092,0.654830350380108,-0.00146006880292078,0.0220660506284904,-225.461617544099,0.163211992039159,3.12980643109027,0.648992195803546,-0.00741932850768649,0.0103933181433746,-200,0,0,0,0,0,0,1,-13.9759844921566,0.41550886669033,-7.29894467651799,0,0,0
387,-224.673850155186,-0.00476324340428167,3.14487912257252,0.638934762675337,-0.00104442602010066,0.0195768025436564,-224.892871089665,-0.00137825962127847,3.16906858693151,0.637012981857487,0.00231605473844368,0.00912943152060405,-200,0,0,0,0,0,0,1,-13.9155560064182,-0.228848954601811,-7.25108032592343,0,0,0
388,-224.04282792548,-0.00592202627354252,3.16324043550477,0.623108910694537,-0.00127314172674464,0.0171535270221976,-224.098956287582,0.0509616992368394,3.19834939655981,0.626063760124758,-0.0111102011734936,0.0216518961930772,-200,0,0,0,0,0,0,1,-14.4084634373115,1.00909671887568,-8.56188841242733,0,0,0
389,-223.428123551985,-0.00669054649965566,3.17870105006269,0.606298593321949,-0.000263901381636945,0.0137758620297831,-223.372956541806,0.0474515893661367,3.1377821897816,0.625435499266788,-0.00837692130368327,0.00775585299628551,-200,0,0,0,0,0,0,1,-15.7976368430661,0.742788951636053,-7.05114967919175,0,0,0
390,-222.830563626509,-0.00658298001536862,3.19177999638462,0.58882095120388,0.000479032504466454,0.0123904924412576,-222.841341049974,0.0297892954129637,3.37493333463555,0.587405643114395,0.00916103037336792,0.00574868748275078,-200,0,0,0,0,0,0,1,-13.0578822114922,-0.975681628162719,-7.32473541754617,0,0,0
391,-222.249284929371,-0.00659172317069801,3.20281948721749,0.573735509889916,-0.00049652128918133,0.00969580278146592,-222.346210292934,-0.268892095638635,3.13773192932716,0.584041951527637,-0.000494692691243978,0.00550112844532035,-200,0,0,0,0,0,0,1,-13.7117745668953,0.587253460401667,-6.82557670318636,0,0,0
392,-221.683292097963,-0.00679455182021428,3.21154695524466,0.558249575990154,9.08617558927552E-05,0.00776662397579045,-221.575083644596,-0.0720146336370254,3.07829980530345,0.570798475485425,-0.0140906740792575,0.0141145388667028,-200,0,0,0,0,0,0,1,-13.9296802593498,1.5530966751998,-7.56805349727717,0,0,0
393,-221.133037347242,-0.00592707324396721,3.21807279716782,0.54225908578491,0.00164409347670412,0.00529277658901647,-221.063269185311,-0.0357040353206903,3.13104292415333,0.545138201972126,0.00827007957196947,0.0112655119506249,-200,0,0,0,0,0,0,1,-12.3872818265909,-0.755599886555566,-7.38863704336915,0,0,0
394,-220.598034734864,-0.00466071650283941,3.22191577605808,0.527745096531898,0.000888617221929175,0.00240018828755115,-220.513315794802,-0.141541349106285,2.98007055360799,0.508805461311187,0.00899722931167719,0.0195460919326584,-200,0,0,0,0,0,0,1,-9.85391454151429,-0.616640232955148,-7.91475030048182,0,0,0
395,-220.076500216492,-0.0040803636216874,3.22213005483332,0.51532219787522,0.000272086280706931,-0.00196562204193923,-220.002320959788,0.0932613855154439,3.24454091750512,0.495225877427044,-0.000534369375752019,0.0332529924279856,-200,0,0,0,0,0,0,1,-9.51794582312779,-0.133085833455686,-9.81438107780881,0,0,0
396,-219.567628996668,-0.00387476068290497,3.21706110280911,0.502417632186447,0.000139117667509717,-0.008166057337959,-219.657839619698,-0.205214534508671,3.25707149205734,0.496954664371668,-0.00947798143981344,-1.78934631160591E-05,-200,0,0,0,0,0,0,1,-10.3797871977708,1.35822721299869,-6.51235363780308,0,0,0
397,-219.071386545129,-0.00305647600148328,3.2074929774698,0.490066262062267,0.00149745020085005,-0.010964240942077,-219.075624643144,0.133017250283049,3.17348378796787,0.476445871519937,0.00659906428241646,-0.0179858000948415,-200,0,0,0,0,0,0,1,-9.49333786570656,-0.925940928807745,-4.5483875664516,0,0,0
398,-218.586691067219,-0.00202195076906746,3.19585781881351,0.479324369499238,0.000571598035771347,-0.0123008925747833,-218.651987805621,0.233891430570491,3.10583125629679,0.480817328500837,0.00149160548810255,-0.0281384724015498,-200,0,0,0,0,0,0,1,-10.7777572388417,-0.616943409951237,-3.3978152724386,0,0,0
399,-218.113086979214,-0.00175877803914876,3.18369017835294,0.467884232397994,-4.52540839240897E-05,-0.0120288833142108,-217.987912662033,0.105161063305555,3.16036701152383,0.468759602727376,-0.00673729209166211,-0.0183904824648636,-200,0,0,0,0,0,0,1,-10.900134948672,0.4634070825551,-4.48168577656129,0,0,0
400,-217.651200996545,-0.00157227864237704,3.17134259584588,0.455887729712842,0.000418250940136659,-0.0126605229460927,-217.505149382913,-0.122458278599784,3.10380364570338,0.470147975666714,-0.0161611466692253,-0.0316917427349977,-200,0,0,0,0,0,0,1,-12.0044988008458,1.8610312241221,-3.03843301790698,0,0,0
401,-217.201516104419,-0.000223461996972262,3.15926596634518,0.443482893010334,0.00227937983257331,-0.0114867962099074,-217.151420093836,0.0710328644555126,3.19141765221944,0.440055105599572,-0.00745223276599372,-0.0160729945900414,-200,0,0,0,0,0,0,1,-9.7026703722859,0.603157547688347,-4.77553584543474,0,0,0
402,-216.763545660013,0.00235754350879912,3.14711367125944,0.432457656429993,0.00288262878336841,-0.0128125060753527,-216.698363987125,0.0120706431156333,3.11640450956561,0.43077918664503,0.0044593776260387,-0.00946707630043436,-200,0,0,0,0,0,0,1,-9.68119069025356,-0.470079048835137,-5.28610138908778,0,0,0
403,-216.336697645051,0.00500518122602522,3.13341479767073,0.421237822849687,0.00241264373481475,-0.0145798764178345,-216.288558184593,-0.0281137676974004,3.07249026181788,0.41909824178434,-0.00639445192909567,-0.0211417741826575,-200,0,0,0,0,0,0,1,-9.33270780924784,0.695672728304367,-4.03080310537001,0,0,0
404,-215.920651649086,0.00776570560259071,3.11846300230665,0.410854096912817,0.00310840136181827,-0.0153187489777669,-215.804484240427,0.0187133454894608,3.06283893783323,0.398163272400685,0.0116191505066552,-0.00721381642658507,-200,0,0,0,0,0,0,1,-8.20735875921436,-1.19934174164444,-5.40429623300796,0,0,0
405,-215.514764271696,0.0102744793580986,3.10192848044225,0.400919791323711,0.00190914427308368,-0.0177455465811918,-215.388978569538,0.148205805112333,2.92809874210486,0.398540728642844,0.0150725581636133,-0.0203954434716482,-200,0,0,0,0,0,0,1,-9.07611572520841,-1.803667426586,-3.81665313704491,0,0,0
406,-215.118877053499,0.0112818321810149,3.08388408524471,0.390854632170002,0.00010555884903226,-0.0183384422209462,-215.200834286419,0.0810652642500922,3.05904943020569,0.384398650758139,-0.0147890305398888,-0.00518113265139929,-200,0,0,0,0,0,0,1,-8.03819650297514,1.3167725254887,-5.59998559527144,0,0,0
407,-214.732956731713,0.0120458207527161,3.06423419853591,0.380985048784944,0.00142241592641349,-0.0209566298000637,-214.662190034797,-0.0541210681551893,3.18371555689283,0.379131525489376,0.00161883673316593,-0.0291294624493863,-200,0,0,0,0,0,0,1,-8.58877247934334,-0.0536415370062144,-3.45448486884704,0,0,0
408,-214.356709079946,0.0134414552751383,3.04306956238109,0.371510317482825,0.00136885114521923,-0.021368134048127,-214.250012397464,0.0109601924919051,3.17090595393884,0.373150713250322,-0.00103728516514726,-0.0342150114093126,-200,0,0,0,0,0,0,1,-8.81504653010516,0.0818081315309163,-2.92031076694642,0,0,0
409,-213.989926443389,0.014851248922025,3.02179685090646,0.362055298577548,0.0014507346976969,-0.021172795724306,-213.890726294601,-0.021374751360829,3.01277670240916,0.362435432528236,-0.000865878731458574,-0.0270357836357865,-200,0,0,0,0,0,0,1,-8.46209066362136,0.129337375867515,-3.32197504123966,0,0,0
410,-213.632522255426,0.0163666907514782,3.0004764951009,0.352753188648969,0.00158014726250854,-0.0214635012512553,-213.856600757943,0.107239733362485,3.10603158542754,0.340994653626939,-0.00277325185332231,-0.00446001549418305,-200,0,0,0,0,0,0,1,-6.38626384680771,0.0628457186072615,-5.76606162143678,0,0,0
411,-213.283994190179,0.0179782988866066,2.97733288403051,0.344301621961622,0.00164306722937182,-0.0248197111700554,-213.374377302816,-0.0343832808857102,3.14234628300299,0.339329645730393,0.00197370191585768,-0.0458696395962176,-200,0,0,0,0,0,0,1,-7.18420996740634,-0.128603629814348,-1.69772860638423,0,0,0
412,-212.943423576237,0.0195570944366748,2.95285729288708,0.336840168028116,0.00151452140670766,-0.024127926830763,-212.841424106628,0.0442332382138803,3.01525829952001,0.315862722131908,-0.0054845144697001,-0.0238145946941546,-200,0,0,0,0,0,0,1,-5.90342399993446,0.459984970542249,-3.64905712962457,0,0,0
413,-212.610145742769,0.021301639470555,2.92792906864119,0.329714994391712,0.00197456598497678,-0.0257251394824065,-212.677238801918,0.00330237895536301,2.91580422684664,0.334881928126134,0.00477415168859715,-0.0265542696580583,-200,0,0,0,0,0,0,1,-8.13371520877813,-0.484019926770441,-3.17618148788745,0,0,0
414,-212.284904077259,0.0230342329371508,2.90210103099386,0.320768476381724,0.00149061823756733,-0.0259267154504455,-212.336967242458,-0.107097806024373,2.87473748939292,0.313529861434638,0.00775884152367339,-0.0463052986027988,-200,0,0,0,0,0,0,1,-6.67905165854872,-0.561688540318593,-1.11894511850596,0,0,0
415,-211.967512882622,0.0242440335532242,2.87670589689263,0.314014636231368,0.000928980972829016,-0.024860354147511,-212.017621129226,0.0936190161462025,2.72805849296958,0.302382379774295,0.00836096525102604,-0.0261376657505722,-200,0,0,0,0,0,0,1,-6.20299571897792,-1.02333455739501,-2.84235041088195,0,0,0
416,-211.657025077164,0.024661377117203,2.8515057120392,0.306960887623101,-9.42962873370861E-05,-0.0255366834329066,-211.802061906799,-0.0629635760543811,2.99821716423295,0.284257362732888,0.00775658757092306,-0.0357117946526334,-200,0,0,0,0,0,0,1,-4.82161245969008,-0.649731604983544,-2.42525486320256,0,0,0
417,-211.35287765469,0.0242422386508322,2.82553299875412,0.301333777380739,-0.000743982188746453,-0.026406076364264,-211.387454320321,0.0554115260929918,2.71890033176278,0.301861996656289,-0.00763663362952541,-0.0294494354606557,-200,0,0,0,0,0,0,1,-7.41129102498758,0.652840310766558,-2.49285711745998,0,0,0
418,-211.055542800028,0.0238247093232449,2.79922207727394,0.293336241502722,-9.10782642572622E-05,-0.0262120074736249,-210.907226850378,0.10939466119422,2.68520914406239,0.299191736326455,0.00095164553369263,-0.0163871641646709,-200,0,0,0,0,0,0,1,-8.10471993188974,-0.313953875757704,-3.73170187165768,0,0,0
419,-210.766783246516,0.0235766924143067,2.7727053815956,0.284182800762439,-0.000404957171234517,-0.0268170987738296,-210.911431347855,-0.0807122027028919,2.80746393906372,0.284010868746295,-0.00814680188784903,-0.0264043706851953,-200,0,0,0,0,0,0,1,-6.57822417892028,0.976104594190687,-2.97449080960791,0,0,0
420,-210.486325451171,0.0236598189874979,2.74561071443415,0.27673274850106,0.000571207977892317,-0.0273687395740047,-210.610002162199,-0.00283262088764404,2.64277598102183,0.289399554109207,0.00607206101162259,-0.0169773410165955,-200,0,0,0,0,0,0,1,-7.71995108652311,-0.601540859386971,-3.58781786038411,0,0,0
421,-210.213965108296,0.0239302933222416,2.71794360013818,0.267987872487832,-3.02612947697929E-05,-0.0279614048745407,-210.163546913608,0.0757173649110316,2.90839281637647,0.269724475633848,0.00736629773701577,-0.0323507189117076,-200,0,0,0,0,0,0,1,-6.64535373616881,-0.88806450352364,-2.58171374158217,0,0,0
422,-209.949648196116,0.0234560304958306,2.68991843966547,0.26064609974684,-0.000918266895658576,-0.0280854851279278,-210.008889185096,-0.00110248349164427,2.65812496045121,0.265039203802135,0.000776778915895216,-0.02741591869448,-200,0,0,0,0,0,0,1,-6.48614201002167,-0.0754729246062331,-2.57465805145442,0,0,0
423,-209.692599289409,0.0225000570489182,2.66174829930946,0.253451839436283,-0.000993682038364853,-0.0282514373001374,-209.636488736614,-0.0564935862106859,2.65000222224441,0.229947380499943,0.0015651952019708,-0.0174425684833519,-200,0,0,0,0,0,0,1,-3.72176057676698,-0.0435323477757086,-3.55574759615362,0,0,0
424,-209.441710367066,0.0214846317146042,2.6323820257663,0.248325179958667,-0.00103717006825318,-0.0304787078359406,-209.406783948481,-0.0458855301441341,2.694302881174,0.25331723307351,0.00397401555069518,-0.0368254678188336,-200,0,0,0,0,0,0,1,-6.51815541038846,-0.30563049478125,-1.70605898046463,0,0,0
425,-209.196809702985,0.0202946741890715,2.60223520384485,0.241476654425278,-0.00134274722658033,-0.0298117429015664,-209.117252955421,0.0198652504934923,2.48582169568833,0.248966045341511,-0.0248886241741489,-0.0457055549393802,-200,0,0,0,0,0,0,1,-6.66209862330816,2.4491319164279,-0.401087897438651,0,0,0
426,-208.958537502638,0.0201765178360341,2.57338391039637,0.23506882338124,0.00110643199364541,-0.0278878615710181,-208.766645045395,0.000281935421500547,2.55304411542279,0.24297770790161,0.00555078925402961,-0.051560627046346,-200,0,0,0,0,0,0,1,-6.76448069937033,-0.555642796245962,0.0499744737890158,0,0,0
427,-208.726617879518,0.0210051517680626,2.54669077432846,0.228771711177186,0.000550834772824908,-0.0254954846363346,-208.61974874547,0.217039186155325,2.36511579228525,0.226240796546868,-0.00166206118735073,-0.0148761408803836,-200,0,0,0,0,0,0,1,-5.38458216374597,-0.267872253575577,-3.24261749653214,0,0,0
428,-208.501088283601,0.0214220785308363,2.52061639086956,0.22228713736962,0.000283016422188563,-0.0266502736685502,-208.312656913481,-0.00768728667878119,2.5506524645745,0.222640942300302,0.0180878163588692,-0.0159165684703767,-200,0,0,0,0,0,0,1,-5.6387804030684,-1.79340706252936,-3.50964808211132,0,0,0
429,-208.282216952831,0.0208084211801347,2.49333164950943,0.215455128041744,-0.00151033357852158,-0.0279160472776933,-208.047369641388,-0.00936581532179537,2.26667186818773,0.217501932450216,-0.00212217697324395,-0.0328874607458585,-200,0,0,0,0,0,0,1,-5.65545396224549,0.230949327967986,-1.24459766178961,0,0,0
430,-208.069690720621,0.0194135861685759,2.46581260278197,0.209597882884277,-0.00127933924172045,-0.0271193337850362,-208.016757268373,0.192678700071657,2.3821983489428,0.20642277134326,0.00520452631967895,-0.0340194838881241,-200,0,0,0,0,0,0,1,-4.60876259758041,-0.905810032111208,-1.36244830907318,0,0,0
431,-207.8625755747,0.0176813621297973,2.4388159955159,0.204632700018332,-0.00218511072381974,-0.026871582812936,-207.85889782333,-0.180026344055404,2.45400129309474,0.19737259447621,-0.0132987023696364,-0.0101238041246769,-200,0,0,0,0,0,0,1,-4.01946380096044,1.68992292507445,-3.89562217372179,0,0,0
432,-207.660716367282,0.0163412378423944,2.41080675349919,0.199084852597982,-0.000495139634727659,-0.0291443399370087,-208.018095569238,0.00586310851871265,2.41580831979312,0.201294752259935,0.0052835984898055,-0.0226587335912635,-200,0,0,0,0,0,0,1,-4.09328408751788,-0.540086066017975,-2.56574328045989,0,0,0
433,-207.464148137176,0.015576076699457,2.38114577440619,0.194051310861048,-0.00103518417891586,-0.0301752972196115,-207.473754668955,0.0654079980954406,2.44610261882133,0.183021153654359,-0.00478298906904662,-0.0228646654382059,-200,0,0,0,0,0,0,1,-3.35460602752613,0.347482910713781,-2.60573869382207,0,0,0
434,-207.272291650382,0.0147146533938317,2.35028002134056,0.189661206866723,-0.000687664536930618,-0.0315541855654876,-207.104042357258,0.139521863084292,2.38941994964734,0.182599885889151,-0.000721636853139738,-0.0332151771855077,-200,0,0,0,0,0,0,1,-4.05190387439889,-0.206880040854611,-1.45732218074392,0,0,0
435,-207.084885813763,0.0139235675628026,2.31871060860608,0.185150625801006,-0.000894509291385401,-0.0315825622326729,-207.105015453383,-0.00524699423680307,2.2377892263632,0.193063596769933,-0.0124317423977504,-0.0364894312297569,-200,0,0,0,0,0,0,1,-5.09632877022778,1.25366822824865,-0.826635329750712,0,0,0
436,-206.90231884109,0.0136559127400753,2.28763292318433,0.179983949553358,0.000359197911746132,-0.0305704377552271,-206.971061264748,-0.0807515207653583,2.29263044888099,0.181326160145113,0.0181215585128442,-0.0429656879557476,-200,0,0,0,0,0,0,1,-4.19049348501438,-1.6506528097537,-0.288692102187215,0,0,0
437,-206.724391455852,0.0131898000520028,2.2576147767161,0.1758714879427,-0.00129142495033881,-0.029463970785781,-206.711615619931,-0.0606540949579555,2.21596209058408,0.172053983624609,0.0057246575675806,-0.0407689268813166,-200,0,0,0,0,0,0,1,-3.78216712259834,-0.451157566842149,-0.355031493036495,0,0,0
438,-206.550406341471,0.0116728111157297,2.22858836339408,0.172099304757511,-0.00174255498209121,-0.0285871215744238,-206.455740582161,0.143829635230974,2.05765120273086,0.166985621009783,0.010405047766043,-0.0295017333743759,-200,0,0,0,0,0,0,1,-3.78708093665624,-1.32816404706624,-1.16512906802414,0,0,0
439,-206.380374165146,0.00926619115899225,2.20008234562903,0.167965283704255,-0.00307068710846716,-0.0284230217005863,-206.298300702911,0.0124262791633328,2.15732431575458,0.17192204192863,-0.0162662491958924,-0.0212726717801342,-200,0,0,0,0,0,0,1,-4.59560278704127,1.60177236126257,-2.18738145349574,0,0,0
440,-206.215065014176,0.00699641216486749,2.17146878357433,0.162653004553304,-0.00146887185560053,-0.0288016788136228,-206.139149051297,0.255128173730509,1.96390986941999,0.167085279950954,-0.00689948230143549,-0.0282128986344801,-200,0,0,0,0,0,0,1,-4.43022989250091,0.17969188268253,-1.10652987539197,0,0,0
441,-206.054752863717,0.00561740701011932,2.14293045224285,0.157971689934597,-0.00128914400535248,-0.0282728510418154,-206.183306063847,-0.0222843398861186,2.1589234553072,0.146068037949504,0.00677981846421938,-0.00745463842377433,-200,0,0,0,0,0,0,1,-2.24019166725582,-0.6334131666497,-3.57238306823696,0,0,0
442,-205.898693131039,0.00401157633544445,2.1133347943245,0.154146732338687,-0.0019225228017953,-0.0309167206486121,-205.89168797161,-0.021316558104729,2.22497138075986,0.161323883383801,0.00518031405220967,-0.0101527847677922,-200,0,0,0,0,0,0,1,-4.34901239516082,-0.475398289011509,-3.43466428474049,0,0,0
443,-205.747373194975,0.00185138056012731,2.08163464140972,0.148492585067886,-0.00239787317060555,-0.032481018836642,-205.81905353018,-0.15738047141814,2.11627177261621,0.129488167463907,0.00835870838785574,-0.028866563776118,-200,0,0,0,0,0,0,1,-1.31070968602996,-0.521109895949294,-1.34588716762061,0,0,0
444,-205.599882728061,-0.00080703661823981,2.04862897080248,0.146488025869671,-0.00291896695498258,-0.0335294098584641,-205.595259275267,-0.0602065589195431,1.96683119267592,0.140117007979514,0.00246853777601691,-0.0216792662291435,-200,0,0,0,0,0,0,1,-2.82118224741778,-0.126440659762605,-1.76573576243748,0,0,0
445,-205.455166733171,-0.00378920640247167,2.01472987941313,0.142943778786779,-0.00304537901163059,-0.0342671669424044,-205.44687353158,0.0364904172051741,2.08601636089501,0.12531824922112,-0.00871616487071098,-0.0567819075021941,-200,0,0,0,0,0,0,1,-1.63807785895263,0.79863565266075,1.50615802842938,0,0,0
446,-205.312730253882,-0.00643526344311241,1.98129172411975,0.141930074757089,-0.00224674034991272,-0.0326086824398311,-205.423091292215,0.146030113031216,2.08470467723812,0.15427249354006,0.0037655981620243,-0.0204410835538602,-200,0,0,0,0,0,0,1,-4.58106676957613,-0.668620042264861,-2.12530099909021,0,0,0
447,-205.173437492041,-0.00901629013412782,1.94855751591672,0.136655482861561,-0.00291531793127442,-0.0328573502934695,-205.001161694308,-0.146890408685169,1.86038545592084,0.139785567935384,0.00756109892313884,-0.0244645001876712,-200,0,0,0,0,0,0,1,-3.97623340492168,-0.462329074943545,-1.27432089307455,0,0,0
448,-205.038957071987,-0.0121627535311289,1.91582452061588,0.132305614244965,-0.00337761321650537,-0.0326066761529344,-204.941434620697,-0.0662153952882595,1.76680388408503,0.130594194404384,-0.00957903141051242,-0.0486708261410971,-200,0,0,0,0,0,0,1,-3.17655019904448,1.09033393162776,1.33347484593965,0,0,0
449,-204.907878581296,-0.0149951891349782,1.88432936677394,0.129852511226663,-0.00228726491745403,-0.0303825246628345,-204.885611907652,0.000346759967983449,1.9806356967064,0.123026021748259,-0.00403976106530681,-0.0245463134696646,-200,0,0,0,0,0,0,1,-2.53137835952234,0.403282586594714,-1.50664004644633,0,0,0
450,-204.779606783694,-0.0170807968369984,1.8536498882458,0.126690958929713,-0.00188395708670809,-0.0309750096416586,-204.804773391087,-0.0371109216660495,1.88227545885989,0.117626317765646,-0.00223997833724748,-0.0389549020748357,-200,0,0,0,0,0,0,1,-2.15308499439082,0.298219677056847,0.130939289763796,0,0,0
451,-204.653956198109,-0.0188156334195813,1.82302548355814,0.124610665007587,-0.001585723522499,-0.0302728634488316,-204.625270854335,-0.0287859176454996,1.77159819432233,0.133003978410584,-0.0104344804523197,-0.0239052268520617,-200,0,0,0,0,0,0,1,-4.04985613238929,1.10101988052297,-1.15267370343849,0,0,0
452,-204.531521159138,-0.0198508276181235,1.7929665771452,0.120259741150044,-0.000484670009705497,-0.029842999012402,-204.483478882095,-0.124687241367887,1.74554363560546,0.11980274876772,0.000323984064001603,-0.0442199571390389,-200,0,0,0,0,0,0,1,-3.01331711258188,0.216976076335613,0.93090844269297,0,0,0
453,-204.412499574157,-0.0202269986046621,1.76403399417112,0.117784381132559,-0.00026767851407556,-0.0280210569463373,-204.494696051866,-0.069237817023815,1.86119076030899,0.102809424253429,-0.0199036253984601,-0.0292127971766591,-200,0,0,0,0,0,0,1,-1.29155032161079,2.12883817389364,-0.801101802952067,0,0,0
454,-204.295580555324,-0.0194302485456263,1.73576296828438,0.116053566781557,0.00186117271243905,-0.0285202198678445,-204.382720610861,0.036089339625616,1.65046890898337,0.109888479243981,0.00134631206598875,-0.0266105444718738,-200,0,0,0,0,0,0,1,-2.22340670267587,-0.206809885850107,-0.639883370779361,0,0,0
455,-204.180769956467,-0.0176724688157069,1.70728008130894,0.113567799446144,0.0016543813319054,-0.0284444407818848,-204.228532572147,0.040693608121471,1.56061836335122,0.12864627850418,-0.00234593060131535,-0.0165135790466348,-200,0,0,0,0,0,0,1,-4.4075627061236,0.153205843888593,-1.46987882203897,0,0,0
456,-204.069605404429,-0.0159414628240069,1.67900837134334,0.108761591575997,0.00180762494046603,-0.0280968303424644,-203.93962704383,-0.0406719892268351,1.62664815277994,0.111255215345028,0.0057912441101839,-0.033660448833491,-200,0,0,0,0,0,0,1,-3.24626744684358,-0.49778043256472,0.11274857778923,0,0,0
457,-203.962366918752,-0.0143827148660735,1.65152682131502,0.10571605921912,0.00130986589704229,-0.0268649100127771,-204.070672908735,0.0699508512579384,1.66657266434475,0.092239075516816,0.011008445119411,-0.023979790629089,-200,0,0,0,0,0,0,1,-1.08256173421236,-1.24074621445698,-0.935166265780599,0,0,0
458,-203.857452570624,-0.0136932133622905,1.62431821785333,0.104112458839852,6.91320404983643E-05,-0.0275515837474815,-203.808139120807,-0.0443340780719398,1.78275404625805,0.118858156942919,-0.00761741409532639,-0.016429415303633,-200,0,0,0,0,0,0,1,-4.26953745267788,0.850409565676519,-1.92256656215281,0,0,0
459,-203.755784008191,-0.013198854133585,1.5967215561848,0.0992247537618758,0.000919580871281661,-0.0276395654539733,-203.723785870702,-0.0430769092547501,1.47833831249481,0.0823435771999324,-0.00683246792510688,-0.0108140638343716,-200,0,0,0,0,0,0,1,-0.786785978590176,0.769400611020188,-1.87527024155246,0,0,0
460,-203.657447377125,-0.0118945628096666,1.5682602750886,0.0974479036850561,0.00168899688830811,-0.0292822105678179,-203.590985525035,-0.170687824688905,1.50139024325896,0.0990197823833433,0.00165394958970922,-0.0257969620049945,-200,0,0,0,0,0,0,1,-2.72000718826417,0.175980690406888,-0.423084286018457,0,0,0
461,-203.561410524462,-0.0101175629447657,1.5392495757429,0.0946261691203309,0.00186499828128087,-0.0287379378738298,-203.550533491738,0.0615272824546336,1.34435063621729,0.105014975060781,0.00275159885902319,-0.029777278417547,-200,0,0,0,0,0,0,1,-3.40043052260255,-0.398214450811586,0.289026569320121,0,0,0
462,-203.468330811536,-0.0084516580733607,1.51126006379287,0.0915340466593734,0.00146680532010131,-0.0272397198837221,-203.477413345837,0.0326399658910426,1.63370937688059,0.0879458082424595,0.00349879293304046,-0.0294648008640326,-200,0,0,0,0,0,0,1,-1.83975413257151,-0.415159225086131,-0.320938667357928,0,0,0
463,-203.37779121906,-0.00719242285385299,1.4841405382154,0.0895453678730036,0.00105166028083405,-0.0269984524570677,-203.298091452799,0.247009154950469,1.50241327543284,0.0710931342377494,-0.0269348169088793,-0.0131917923998833,-200,0,0,0,0,0,0,1,-0.513130518176859,2.19946338098699,-1.68564731087734,0,0,0
464,-203.288969594832,-0.00504102155537129,1.4563523983422,0.0880973011120757,0.00325113618801931,-0.0285771931587227,-203.296304864523,-0.184891163902087,1.37477873060367,0.0852073901776253,0.0161391125946281,-0.045065127650271,-200,0,0,0,0,0,0,1,-1.92812928871631,-1.24412893165864,1.75695530381976,0,0,0
465,-203.201422240565,-0.00241194512199568,1.42884015434157,0.0869984714947334,0.00200701088297586,-0.0264468163048459,-203.214172878637,0.201364081387847,1.50469940533533,0.0919585590631511,0.0033814939931424,-0.020750454629122,-200,0,0,0,0,0,0,1,-2.76751014904126,-0.740877562089935,-0.934353347758464,0,0,0
466,-203.115969495628,-0.000775359000461032,1.40246524992145,0.0839072024247436,0.00126615709661712,-0.0263016290951414,-203.253713125952,0.0122479433686148,1.42219882714283,0.0759385170953328,-0.0106807806625619,-0.0327185396845307,-200,0,0,0,0,0,0,1,-1.08642545763007,1.04358217951896,0.427456314167401,0,0,0
467,-203.032546156014,0.00101259473941234,1.37644884069438,0.082939847379064,0.00230974434124795,-0.0257307686565228,-203.149298115528,0.00212767001650037,1.47789349544605,0.100065376682411,0.00211301130768206,-0.0163845462159506,-200,0,0,0,0,0,0,1,-3.70794143718555,-0.215556470801207,-1.31733236929705,0,0,0
468,-202.951655713415,0.00321457907038474,1.35084714098877,0.0788412708852851,0.00209422007615788,-0.0254708289759935,-202.878844127946,0.0681808068718776,1.35357880863844,0.0860993915037582,0.00492634669137196,-0.0211417935848971,-200,0,0,0,0,0,0,1,-2.85225089448474,-0.628996282880952,-0.592978258787173,0,0,0
469,-202.874315440408,0.00499431503415067,1.32563009857358,0.0758396154293444,0.00146524630619676,-0.0249619395568788,-202.892408166791,-0.148498372148093,1.57197883626458,0.0729623061866999,0.00699801686944811,-0.0161717975009994,-200,0,0,0,0,0,0,1,-1.51141428508771,-0.402804942648625,-1.52677792242922,0,0,0
470,-202.799603179501,0.00625817076883979,1.30019883813175,0.0735846070815457,0.00106245981173464,-0.0258995966606881,-202.8416314451,-0.117107058693288,1.42149624905284,0.0858290970644211,-0.00597310095772149,-0.0250615330187166,-200,0,0,0,0,0,0,1,-2.89964681624261,0.831524213158725,-0.336839196234032,0,0,0
471,-202.727479471053,0.0077364061690748,1.27468441891162,0.0706632651107147,0.00189400548457329,-0.0251279606088026,-202.626839041205,0.131279112480061,1.06370517068984,0.0608538970376002,-0.0199349929967124,-0.00536817653165772,-200,0,0,0,0,0,0,1,-0.831711621349533,1.73094107471112,-1.59059268821391,0,0,0
472,-202.657659113468,0.0104958919488566,1.24890535387865,0.0689769894223948,0.00362496074025475,-0.0264294377777938,-202.663986340853,-0.114576220248829,1.2974766902544,0.0662142724820345,-0.000316645302788729,-0.0311273861952251,-200,0,0,0,0,0,0,1,-1.29345456649671,0.260816970776532,0.517785239013703,0,0,0
473,-202.589232432578,0.0142512668754084,1.22286536286952,0.0678768264754101,0.00388578369502391,-0.0256500739673185,-202.700355309346,-0.106468351264322,1.19345828310955,0.0748596046970022,0.00997072433665671,-0.0382866324545942,-200,0,0,0,0,0,0,1,-2.08524985100781,-0.784135731137027,1.44174667924033,0,0,0
474,-202.522035034696,0.0177449879154158,1.19820040303972,0.0665189472531032,0.0031016543497482,-0.0236792614069627,-202.486507429182,-0.0709062886572414,1.0771987707149,0.057640019675463,-0.0106421386038308,-0.0290482916346882,-200,0,0,0,0,0,0,1,-0.790987109182101,1.20602643769757,0.750431622039029,0,0,0
475,-202.455786261846,0.0214496588920521,1.17489713892046,0.0659790388571992,0.00430768211594698,-0.0229270405431711,-202.501249135953,0.0105046657525924,1.23886225630291,0.0573657196405683,0.00402558465867851,-0.0292386697612049,-200,0,0,0,0,0,0,1,-0.734073692149915,-0.423567797373036,0.446142463514676,0,0,0
476,-202.390123193047,0.0255455610342647,1.15219933154312,0.0653474083583609,0.00388411690060473,-0.0224683092460939,-202.381648562503,-0.0198934808988776,1.02933649146559,0.0588583757370788,0.023318335426368,-0.01075537836654,-200,0,0,0,0,0,0,1,-1.12254044870116,-2.29204658083904,-0.98313514627718,0,0,0
477,-202.325601240721,0.0282836633471383,1.12942446861155,0.0636963377315513,0.0015920832039627,-0.0230807054403779,-202.440933189945,0.259997974636807,1.26570308810349,0.0773505638468139,0.00167834114273088,-0.0281530767818543,-200,0,0,0,0,0,0,1,-2.8531900047917,-0.687830063546702,0.283901501978458,0,0,0
478,-202.263190486104,0.0295318431215665,1.10700828861379,0.0611258650795687,0.00090427094986058,-0.0217505352327015,-202.101945903339,0.117291274421975,1.13288179322802,0.0367789722636999,0.00963685348234557,-0.0240518427213723,-200,0,0,0,0,0,1,1,0.525994580308438,-1.19826789707851,0.139420685681181,0,0,0
479,-202.201897199539,0.029836980564155,1.08505687401682,0.0614606394534536,-0.000294001261913927,-0.0221524523945782,-202.234198349688,0.0913507794422565,1.24307647146852,0.0593047922329949,0.0105126541625908,-0.0238673872355009,-200,0,0,0,0,0,1,1,-1.46208252392411,-1.23396697514359,-0.0994142193869498,0,0,0
480,-202.141199825481,0.028926003408747,1.06307264558599,0.0599343627249798,-0.00152795779110131,-0.0218153493789194,-202.32255678739,0.00918540603974911,1.11708046216786,0.0694362380592053,-0.00914697237910943,-0.0363539669920796,-200,0,0,0,0,0,1,1,-2.29851023113979,0.896326425831445,1.40123577487224,0,0,0
481,-202.082036525999,0.0278462168279581,1.04228644930767,0.0583932386299248,-0.00063162331426794,-0.0197563807936272,-202.164749695891,-0.158267384385815,1.19763880979088,0.051216803679896,-0.00980377909042952,-0.0254293140710536,-200,0,0,0,0,0,1,1,-0.792180976208105,1.29691267781458,0.147653787523593,0,0,0
482,-202.024050318842,0.0278630552246106,1.02265027859637,0.0575793843615971,0.000665293940757691,-0.019515618442633,-201.952615544216,0.137988097636625,1.04654910630059,0.0587354617594973,0.00293585779052228,-0.0151897678294155,-200,0,0,0,0,0,1,1,-1.96831508751841,-0.569561974325478,-0.574121429659624,0,0,0
483,-201.967566454384,0.0282435798497918,1.00322130372165,0.0553885237273898,9.57483889106583E-05,-0.0193413875391921,-201.97348537495,0.0146623600660891,0.866408331333845,0.072208852673166,-0.00593127557680762,-0.000959087760246218,-200,0,0,0,0,0,1,1,-3.27391451741665,0.563802837548583,-1.63690788664307,0,0,0
484,-201.914100731428,0.0286212479348318,0.983816952551016,0.0515429700781951,0.000659582207159096,-0.0194656526282306,-201.791626126214,0.0240322666731786,1.06706077688263,0.0474880292945907,-0.00455045165889579,-0.0206451058168008,-200,0,0,0,0,0,1,1,-1.16555067703028,0.406980632543221,-0.0696109720851781,0,0,0
485,-201.863179223298,0.0294843277377091,0.964473031311072,0.0503002519656166,0.00106657111657752,-0.019221663664865,-201.849068761102,-0.114007618275854,0.649419192385542,0.0517820204505979,-0.00317257735792874,-0.0354803791126891,-200,0,0,0,0,0,1,1,-1.48006452285604,0.545272972344583,2.24919952649783,0,0,0
486,-201.813078837481,0.0308235394093107,0.946466341969624,0.049901676696876,0.00161184203770006,-0.016791552632515,-201.806975468074,0.0357565372324176,0.840424299472315,0.0520907365529094,0.0126499342791567,-0.00554982344963148,-200,0,0,0,0,0,1,1,-1.5951227191422,-1.33650650238051,-1.12586625398148,0,0,0
487,-201.764238530983,0.0317671390764725,0.929440098013696,0.0477788320062389,0.000275352392365666,-0.0172600270857754,-201.721816492336,0.0786774751262602,0.914070992086987,0.0391596304645323,-0.00772862546526048,-0.0197937763951367,-200,0,0,0,0,0,1,1,-0.47233006178222,0.615507596273527,0.151235655339692,0,0,0
488,-201.716721233002,0.0323502495532718,0.912235657886707,0.0472559111435149,0.000890862376367302,-0.0171486394707383,-201.686632456386,0.0263169318651706,0.76651954427087,0.057555063374707,-0.00642521515384377,-0.00626280205232877,-200,0,0,0,0,0,1,1,-2.38224142469772,0.589887651654035,-0.906758883308863,0,0,0
489,-201.670818103879,0.0335360693021596,0.89514281211409,0.0445504932880886,0.0014807710451015,-0.0170358932651696,-201.605865780666,0.00859802794052405,1.09739372784045,0.0481972632632809,0.00444052019409993,-0.0159166640235729,-200,0,0,0,0,0,1,1,-1.60799476499594,-0.461248075291041,-0.603121053323616,0,0,0
490,-201.627207779082,0.0347862275662645,0.878111210022468,0.0426702548153732,0.00101953710442319,-0.0170265111396374,-201.659151706869,0.0132522481106052,0.828591695990934,0.0485051448262288,-0.00295753341444631,-0.0210984376353282,-200,0,0,0,0,0,1,1,-1.53221106888531,0.269248845223421,0.452660371550947,0,0,0
491,-201.58518785365,0.0359403958734067,0.861534417489054,0.0413700808554686,0.00128879390053914,-0.0161265279578893,-201.474613086047,0.0966381644540935,0.863463630883333,0.0394966241644439,-0.0154453025519612,-0.0325986244188785,-200,0,0,0,0,0,1,1,-1.0004362443494,1.35125392628794,1.53293518012118,0,0,0
492,-201.543971572987,0.0379048196098537,0.846201808994653,0.0410632639331699,0.00264004637197717,-0.0145385685013275,-201.670911185406,0.151131441665376,0.701529758265915,0.0249755238551778,0.00643714599915765,-0.0217153048153903,-200,0,0,0,0,0,1,1,0.844269985293709,-0.945977483246517,0.768470965007204,0,0,0
493,-201.502440559922,0.0400718737888203,0.831674312111128,0.0419988674348572,0.00169405904258363,-0.0145168399233821,-201.366547652542,0.178511408286772,0.852709502051744,0.0476680949616262,0.00291125304780098,-0.0254492190074991,-200,0,0,0,0,0,1,1,-2.03371419107866,-0.648148121353643,0.839502896646418,0,0,0
494,-201.461212319187,0.0414418662347523,0.817900518930413,0.0404583491194587,0.00104592019253959,-0.0130300955720051,-201.568055349953,0.113229040441576,0.752754778151308,0.0421572276559482,0.00653413325104065,0.0052439685549802,-200,0,0,0,0,0,1,1,-1.07961206568791,-0.879871405987217,-2.02990641180064,0,0,0
495,-201.421807414225,0.0420478628992073,0.804130592547964,0.0383509174759814,0.000166067009146064,-0.0145088624746227,-201.270109598499,0.115296380650331,0.823148838688795,0.0408487548123654,0.00199156693404861,-0.0133432894532594,-200,0,0,0,0,0,1,1,-1.54465628423848,-0.429749454705522,-0.311968732051646,0,0,0
496,-201.384293866025,0.0419990641030406,0.789747427340972,0.0366763808271451,-0.000263670297519627,-0.0142567623854519,-201.335511848796,-0.0964926783640412,0.827363745027901,0.0315550259972169,0.00137099842552444,-0.00839658847852361,-200,0,0,0,0,0,1,1,-0.484478902128804,0.0558855141756384,-0.815068642203441,0,0,0
497,-201.34811555737,0.0417633431286462,0.775139358224418,0.0356800285581379,-0.000207777121585537,-0.0149589604221061,-201.463535108906,0.00228105129852382,0.785375360721423,0.0269040984989943,0.0105466504975728,-0.0117884018406276,-200,0,0,0,0,0,1,1,0.23666036791342,-1.05922715235433,-0.391910537380081,0,0,0
498,-201.312516236306,0.0410259557257352,0.75983761398696,0.0355184106696732,-0.00126700377311123,-0.0156444739524826,-201.175066568431,-0.0292246702113253,0.91825665494018,0.0316517992389849,-0.0100118214113262,-0.0115167265521685,-200,0,0,0,0,0,1,1,-0.815046787037132,1.05963148155527,-0.68484065466351,0,0,0
499,-201.277609040231,0.0402887756092702,0.743981574107305,0.0342958962026158,-0.00020736308690716,-0.016067092963226,-201.304207311018,0.0230936336052847,0.75264524840042,0.0581760803540056,-0.00807597094601381,-0.00648391458674892,-200,0,0,0,0,0,1,1,-3.20919341336531,0.761409827390812,-0.856899038125947,0,0,0
500,-201.245008830289,0.0404621331277787,0.728219122187435,0.030904878355943,0.000554073090944218,-0.0154563733325119,-201.109073129144,0.20930029089547,0.819019241840556,0.00836853167307336,0.00202270179544518,-0.00905556926035397,-200,0,0,0,0,0,1,1,1.38129309098131,-0.620870761335457,-0.732481557645715,0,0,0
501,-201.213771281125,0.0407057705794189,0.711993716110697,0.0315696510215087,-6.68030973446557E-05,-0.0169947392977206,-201.124471882423,-0.0341418036564474,0.824111695875688,0.0224085547653057,-0.00320710378228591,-0.0236705276669548,-200,0,0,0,0,0,1,1,0.00808828831473418,0.388993985541486,0.718829374944101,0,0,0
502,-201.182109183424,0.0408334653028152,0.69519915074833,0.0317548063359029,0.000322186967016416,-0.0165944861730166,-201.175916750386,0.0157515273888273,0.608817352439948,0.0309156160447978,0.00700937817365614,-0.0125321714931989,-200,0,0,0,0,0,1,1,-0.739728103707052,-0.732440872143268,0.035582444439999,0,0,0
503,-201.150755106561,0.0407894367922144,0.678692647293029,0.030953513808201,-0.000410249079660275,-0.0164181945614667,-201.096387099344,0.130461557636308,0.587616458389973,0.0360704381851214,-0.00151795945726307,-0.0187741508517929,-200,0,0,0,0,0,1,1,-1.41426961982496,-0.109127169546309,0.70218216839934,0,0,0
504,-201.120329647342,0.0403246297275873,0.66282003571012,0.0298979612442692,-0.000519370436620237,-0.0153265934434001,-201.018957694705,0.11082773095198,0.634150735998583,0.0440982127805317,-0.00818448765219947,-0.0101678187316919,-200,0,0,0,0,0,1,1,-2.37190588864307,0.596793303315986,-0.251519598827975,0,0,0
505,-201.091610400731,0.0401036675893821,0.647863920864639,0.0275409370976826,7.74402863068879E-05,-0.0145846479414619,-201.142957123459,-0.0927026914075618,0.580523145769409,0.0173326546907685,0.00766444943684498,-0.00850597481831048,-200,0,0,0,0,0,1,1,0.55264877784066,-0.581039560869375,-0.31044880970777,0,0,0
506,-201.063992676232,0.0398905899950706,0.632900472819789,0.0276942779868735,-0.000503601349261217,-0.0153423284035855,-200.931131532953,-0.0266857842600409,0.630751020034459,0.0277339655870016,-0.0154986014442865,-0.00550330570069491,-200,0,0,0,0,0,1,1,-0.91113349279319,1.60323171294873,-0.711171469999427,0,0,0
507,-201.036956835296,0.0401886125432559,0.61736957179079,0.0263773318140559,0.00109964035987023,-0.0157189294859515,-201.012396742935,0.0270855347379269,0.596455918450173,0.0108780246105929,-0.0155408289544659,-0.0222562145233131,-200,0,0,0,0,0,1,1,0.936991024811014,1.49991182597073,1.03270961543097,0,0,0
508,-201.010002462598,0.0420382055993806,0.601759041951593,0.0275315948384414,0.00259954029328535,-0.0155026376498207,-201.140769518338,-0.00814072876759032,0.551569126396428,0.0184941585176816,-0.0113234682851153,-0.0335440922281208,-200,0,0,0,0,0,1,1,0.432123184907223,1.14862828604671,2.25127097001922,0,0,0
509,-200.981807899287,0.0452120559599026,0.587017236885664,0.0288582691280966,0.00374815355606925,-0.013981552264477,-200.80583041877,0.0421869246440997,0.525805745466884,0.0228052424017454,0.0068337250403462,-0.00214117072584769,-200,0,0,0,0,0,1,1,-0.668863402634706,-0.76774635332282,-0.837494418348998,0,0,0
510,-200.953533275055,0.0485763437084009,0.572732403839542,0.0276908080885449,0.00298041623216886,-0.0145876332097347,-200.858375503099,-0.0158101483362578,0.646856245311074,0.021190105644994,-0.0120289970252148,0.00802427586164014,-200,0,0,0,0,0,1,1,-0.402259558302398,1.234519999194,-2.09614007678616,0,0,0
511,-200.926626279583,0.0521740302187067,0.557231420909501,0.0261224978059937,0.00421495021318281,-0.0164136851843703,-201.025199289377,0.138424956336196,0.757011358058493,0.0229536723621053,0.00408680643373516,-0.0109708381229569,-200,0,0,0,0,0,1,1,-0.244968657455934,-0.685530556045907,-0.416938903821296,0,0,0
512,-200.900800670091,0.0560462190669719,0.540593356440822,0.0255286214442575,0.00352942355930541,-0.0168622075408338,-200.892762662212,-0.0431931865233737,0.446191200369629,0.0127209303689949,0.00989254805685634,-0.0170667933614192,-200,0,0,0,0,0,1,1,0.513432287525238,-0.902868432638886,0.814296935402661,0,0,0
513,-200.874932208039,0.0591242077973296,0.523849475678319,0.0262084897483741,0.00262654726886898,-0.0166258585837262,-200.864029703739,0.0113721287492365,0.647364983845122,0.0164518200308993,0.0219818694090142,-0.00594646493271864,-200,0,0,0,0,0,1,1,0.0828774043881699,-2.22093119839989,-0.70008347441838,0,0,0
514,-200.8489501442,0.0606402939554434,0.506794776345261,0.025755364244429,0.000405619269303164,-0.0174833638757366,-200.959403843991,0.12181226327313,0.524010673623907,0.0187230427458203,0.00391736468981414,-0.0398188874229176,-200,0,0,0,0,0,1,1,0.0465034134004227,-0.635360995527674,2.93386739504395,0,0,0
515,-200.822522782599,0.0607282278949964,0.490462056629563,0.0271004180397085,-0.000229757804913943,-0.0151826602606423,-200.761384168282,-0.034619502427463,0.490714328812057,0.0286938282563407,0.0102859936218072,-0.0212107701331679,-200,0,0,0,0,0,1,1,-1.34661448907097,-0.959360357325795,1.13964835569268,0,0,0
516,-200.795801100015,0.0600187941842332,0.476004873012834,0.0263436453125613,-0.00118911515583459,-0.0137314048067542,-200.847070373662,-0.0428424742261388,0.434535086522648,0.0366963114748121,-0.00207991860668187,-0.0142453812553661,-200,0,0,0,0,0,1,1,-1.97549040015691,0.293676809120465,0.555467952491319,0,0,0
517,-200.770252995518,0.0589765258974366,0.46290655067775,0.0247531837756189,-0.000895427944984213,-0.0124645832799003,-200.834625500374,0.0135408993629461,0.46468227847068,0.0243802275680215,0.00910695889497823,-0.00543853814474111,-200,0,0,0,0,0,1,1,-0.76877175605417,-0.937777688223715,-0.385510742467249,0,0,0
518,-200.746010939351,0.0576122150404539,0.450365990543073,0.0237309500404584,-0.00183319835528929,-0.0126161208253901,-200.858739398945,-0.0356015723652852,0.49439124595318,0.0272581528866748,0.00116922401671882,-0.00457981019108794,-200,0,0,0,0,0,1,1,-1.00833649077781,-0.0457192569413117,-0.530801472797565,0,0,0
519,-200.722931127193,0.0557561660247146,0.437673170827321,0.0224286939614367,-0.00187890792954194,-0.012768984148959,-200.698064362222,0.210339216781951,0.591725737446311,0.0272272665118446,-0.0235964531124873,-0.0201601433840787,-200,0,0,0,0,0,1,1,-1.3265979267412,1.93896687768483,0.832562863515251,0,0,0
520,-200.700944902691,0.054846746833258,0.425497297207112,0.0215443378850394,6.00634663243884E-05,-0.011582406233177,-200.668105625313,0.126662402382414,0.476957768464172,0.0107725389626094,0.00019353349948569,-0.0256469834461265,-200,0,0,0,0,0,1,1,0.258957354365319,-0.272678154713397,1.6107828076843,0,0,0
521,-200.678960759717,0.0547704690499777,0.414441587511719,0.0224244734469696,-0.000212625098156304,-0.0105293960676772,-200.814179233746,0.0207639043647433,0.53472515195173,0.00420595590722839,-0.0115329582846647,-0.0224543243779632,-200,0,0,0,0,0,1,1,1.20776287676834,1.11176801973698,1.17598213389286,0,0,0
522,-200.655797030949,0.0551137240387952,0.404009263392942,0.0239031485941229,0.000899128418640561,-0.010335886457825,-200.764100051404,0.0436770930740108,0.374754509839752,0.0069111784508978,-0.0151703284896787,-0.0135488435990401,-200,0,0,0,0,0,1,1,0.837082257719187,1.42967866281984,0.605375340224501,0,0,0
523,-200.631458953869,0.0567276907587709,0.393617438139714,0.0247730419554818,0.00232879815856216,-0.0104481397856164,-200.566521761563,0.0196043420996869,0.40762573036732,0.0196656868509771,0.0185035476751866,-0.0143915636254396,-200,0,0,0,0,0,1,1,-0.833525161972631,-1.88956345171803,0.623904901809322,0,0,0
524,-200.606964631434,0.0581117114105727,0.383546274269989,0.0242160025543964,0.000439237004919197,-0.00969396745697246,-200.658606198004,-0.0782913011032862,0.429128005132114,0.031506747855862,-0.00688695785608455,-0.0118336365165059,-200,0,0,0,0,0,1,1,-1.83346238957887,0.845278387815028,0.325107641386359,0,0,0
525,-200.583532277451,0.0589735956790929,0.374356895951173,0.0226492114903987,0.00128452607448171,-0.00868414330042508,-200.654820648054,0.0526277338806484,0.397551872390915,0.0315976295873552,0.0163608732887559,-6.02466365512561E-05,-200,0,0,0,0,0,1,1,-1.85012166262758,-1.74134279663689,-0.789079081126705,0,0,0
526,-200.561957334551,0.059387461634373,0.365704839967521,0.0205007826079318,-0.00045679994084418,-0.00861908353131458,-200.410916139135,-0.0333331068078068,0.286275239823699,0.0288787209528743,-0.0128190819373565,-0.00227999413058648,-200,0,0,0,0,0,1,1,-2.0660398170184,1.34857440735126,-0.344551066588749,0,0,0
527,-200.542509349675,0.0596049602366282,0.357366694567603,0.0183955017555796,0.000891790317568781,-0.00805634239944147,-200.377604092155,0.0494912777912267,0.255209473693413,0.0210535886008877,-0.00539188286524141,-0.000764931843648343,-200,0,0,0,0,0,1,1,-1.35015067577827,0.440205730941687,-0.433925763021992,0,0,0
528,-200.524881361864,0.0607168621062767,0.349371918990323,0.0168606043692099,0.00133200752460459,-0.0079325824403533,-200.509107686216,-0.0421150704213918,0.280986147505761,0.0226666917795663,-0.00702938998333085,-0.0160139668938987,-200,0,0,0,0,0,1,1,-1.2484538055252,0.787169139175869,1.03942439437835,0,0,0
529,-200.508365842628,0.0624424585048998,0.342108724071206,0.0161710707706731,0.00211917954185582,-0.00659353232580401,-200.430762598059,0.0363705370755323,0.319427072511386,0.0145952087808607,0.00102727108210984,-0.00954927089513788,-200,0,0,0,0,0,1,1,-0.597995681967379,-0.175468182362049,0.316072944491016,0,0,0
530,-200.492445090842,0.0644739078712376,0.335707951226149,0.0156706722825007,0.00194371371252545,-0.00620781748375529,-200.422193000886,-0.0121586224707289,0.146425180694485,0.00526151165680323,0.00248953242176481,-0.00437540721176537,-200,0,0,0,0,0,1,1,0.318234836092382,-0.224635997235023,0.144690359787567,0,0,0
531,-200.476675498603,0.0663053051055792,0.329384057798818,0.0158684956562416,0.00171907477774648,-0.00644006214314652,-200.359359210802,0.105517725716214,0.228183790192818,0.030868397640781,0.00271769765652154,-0.00987807004849726,-200,0,0,0,0,0,1,1,-2.36812134247459,-0.482805217084582,0.53143942446409,0,0,0
532,-200.461759103114,0.0677829869822566,0.32368612665026,0.0139649918793224,0.00123628275562375,-0.00495502156453204,-200.49250964237,0.11294350356838,0.410584035670818,0.0175196548613532,0.0123240907172517,-0.00164616001113804,-200,0,0,0,0,0,1,1,-0.766946201395816,-1.45829607886193,-0.656552070227832,0,0,0
533,-200.448365421275,0.0682901286047483,0.318553427275466,0.0128223008922209,-0.00022200460427249,-0.00530991662998725,-200.520273337165,0.124841974939895,0.509325531520182,0.010264782476994,0.00247977003313182,-0.00675384367147353,-200,0,0,0,0,0,1,1,0.0140684266311266,-0.497660953192972,-0.343266695893011,0,0,0
534,-200.435699404516,0.0678192973119485,0.312999299512533,0.0125096048721133,-0.000719663805211289,-0.00579822357664708,-200.450399082764,0.0241541081238571,0.0585810539790581,0.00430806108820901,0.0052012433433988,-0.00594954032791206,-200,0,0,0,0,0,1,1,0.469992056706802,-0.568432550587595,0.47779192483309,0,0,0
535,-200.422938833314,0.0668154174406024,0.307190320183373,0.0130116050119645,-0.00128810211250755,-0.00581995611947153,-200.491700705459,-0.0382070330490356,0.212903240761446,0.0134420547170993,-0.0214946903353299,-0.0247469545083533,-200,0,0,0,0,0,1,1,-0.360804060790999,2.22588309963107,2.04888896931244,0,0,0
536,-200.409623788211,0.0666402554959742,0.302246030360311,0.0136192845185595,0.000937772423425066,-0.00406888798213667,-200.479498004306,0.00402052385499306,0.0529362613556623,0.00952428859204903,0.00645143527200853,0.00874019381158976,-200,0,0,0,0,0,1,1,0.00656714940796788,-0.653184574910839,-0.979891903870301,0,0,0
537,-200.396328212238,0.0672514411041396,0.297662482810041,0.0129715182071046,0.000284593070432652,-0.00509795094469598,-200.414355431855,-0.0299404931035151,0.429893867937106,0.0196902362100535,-0.0287419726564159,-0.00302288990142136,-200,0,0,0,0,0,1,1,-1.1403127572958,2.93407825184862,-0.557498745732075,0,0,0
538,-200.384061394329,0.0690030814673448,0.292529256336045,0.011562164337076,0.0032186820419392,-0.00516793157289197,-200.362372001991,-0.0105297376137507,0.193781745617626,0.0132793348559342,0.00388161298202586,-0.00667720311198493,-200,0,0,0,0,0,2,1,-0.603189481610474,-0.367101822975084,0.280156819963241,0,0,0
539,-200.372756423639,0.0720382171050058,0.287545455186274,0.0110480037925355,0.00285158280496518,-0.00479947149531867,-200.392973795991,0.19308438976144,0.451695368134694,0.016268822495378,0.00502952747226331,-0.0180125787964033,-30,0,0,0,0,0,0,2,339.159065342444,-0.889121526749211,0.897867143370944,0,0,0
540,-200.216849168083,0.0744440907294393,0.194606841213151,0.300693968325805,0.0019601581257577,-0.181197111602261,-200.325399832274,-0.019830086319859,0.192346298533923,0.307227095951246,0.00937970775195357,-0.199192658328734,-30,0,0,0,0,0,0,2,309.928090069423,-0.898310602555639,19.5345732358056,0,0,0
541,-199.779112555776,0.0759539933190617,-0.0595082753633451,0.574719487993271,0.00105964234545317,-0.327145863454237,-199.789505184139,0.216067119161846,-0.0165953465614315,0.569675123757669,0.0205511079413171,-0.30838801105229,-30,0,0,0,0,0,0,2,282.611497992512,-2.4872450324554,30.8719917983519,0,0,0
542,-199.076208291525,0.0757689757035962,-0.447936441882647,0.831039053028112,-0.00142968365455937,-0.449815749391307,-199.115269795092,0.176806416210864,-0.584015571363045,0.827354036247757,-0.0137597487981399,-0.457244141094052,-30,0,0,0,0,0,0,2,255.495135965409,1.02236204739226,46.8924452521313,0,0,0
543,-198.124491885572,0.0748494852423968,-0.945426794983292,1.07235513786061,-0.000409304872144227,-0.545263900065572,-198.088130896464,0.00121920330682347,-0.997899528172957,1.06546542605051,0.00875630760219342,-0.56173065344189,-30,0,0,0,0,0,0,2,229.629719187877,-0.878069166832989,58.1688644005349,0,0,0
544,-196.939632282365,0.0740002137375239,-1.52708039678502,1.29733486629001,-0.00128924260391452,-0.618135372602155,-196.808053344011,0.093339685058444,-1.57697159149236,1.29244035446904,0.0129298113266017,-0.608461119689617,-30,0,0,0,0,0,0,2,204.372071241118,-1.47966050277706,64.0000551519464,0,0,0
545,-195.539098725717,0.0719702794923055,-2.17277017547429,1.50371042024358,-0.00277063183595369,-0.673328462812246,-195.559701049802,0.0366750459186933,-2.07587792807095,1.50980929767864,0.00247390278579892,-0.66615298417209,-30,0,0,0,0,0,0,2,180.13847233174,-0.320740370417278,70.7670542733509,0,0,0
546,-193.940784250317,0.0690384798360558,-2.86465796577464,1.69290418425174,-0.00309297306628138,-0.710524204209144,-193.943455486324,0.164623629804469,-2.94109972183877,1.71337529294426,0.00738702397104503,-0.710815246309232,-30,0,0,0,0,0,0,2,156.549381678222,-1.06794965671344,76.9637240746007,0,0,0
547,-192.161716746785,0.065410797862725,-3.58512998143503,1.86522361404465,-0.00416239701351665,-0.73048986311051,-192.210618591924,-0.037042151657996,-3.4723878764515,1.87779216520976,-0.0057567939420736,-0.741528444617748,-30,0,0,0,0,0,0,2,136.642020662871,0.649763697523352,81.0976202146778,0,0,0
548,-190.217721074202,0.0615726047518044,-4.31877489484642,2.02276614555028,-0.00351399490461107,-0.736863822225302,-190.215467510527,-0.0270178187881648,-4.39180767737346,2.01782618752937,-0.0114494058515901,-0.72688842276527,-30,0,0,0,0,0,0,2,118.648316268117,1.19897622273534,81.4724576312739,0,0,0
549,-188.123730737414,0.0586574800569014,-5.05407791644259,2.16521684611717,-0.00231626035502231,-0.733799789200752,-188.002594316068,-0.082555506203925,-5.05373881701304,2.16273261304925,-0.00399042730654281,-0.719384738571251,-30,0,0,0,0,0,0,2,99.7319273272117,0.564153743062131,82.0459514911512,0,0,0
550,-185.895161023356,0.0566227413711738,-5.78124792802116,2.2919290787857,-0.0017532231787163,-0.720591260568813,-185.873845891789,0.166735913602791,-5.88760031648428,2.29058087781928,-0.0212123241122566,-0.723948419700568,-30,0,0,0,0,0,0,2,82.6896040016502,1.78776058402008,84.1700426030253,0,0,0
551,-183.546528237341,0.055762894063611,-6.48995236080194,2.40534730149512,3.3524918528461E-05,-0.696863104732648,-183.182493107079,-0.035001825158698,-6.65986228181574,2.41372843684949,-0.000813417129488908,-0.715537255151605,-30,0,0,0,0,0,0,2,64.9921425292092,0.151345363266287,84.873450078792,0,0,0
552,-181.091763229289,0.0558716469029938,-7.1700784863324,2.50419748637049,0.000183973945016763,-0.663428614085526,-181.148285062646,0.0215692255371763,-7.10378761115047,2.50569013154805,0.00239165772775943,-0.653868683029493,-30,0,0,0,0,0,0,2,51.7275569704872,-0.282304223850296,79.5944435252503,0,0,0
553,-178.545126146443,0.0559140827550246,-7.81560736563268,2.58909239787514,-9.91083683270266E-05,-0.627662843932709,-178.415281242329,0.0697116612213872,-7.75253183499683,2.58724235642942,0.00899355237560856,-0.631174294224648,-30,0,0,0,0,0,0,2,38.1063268417161,-1.03877856000363,78.6224930924585,0,0,0
554,-175.919575487781,0.0552952477817156,-8.4222654350645,2.66202715743659,-0.00113856749252151,-0.585682053586719,-175.824512701859,0.0430627268002816,-8.64761922256757,2.66805385698692,-0.00416962004912117,-0.599507819726922,-30,0,0,0,0,0,0,2,24.8436397050253,0.330836551311554,77.2460204178274,0,0,0
555,-173.227017005907,0.0543218102206207,-8.98408460171487,2.72311035011491,-0.000808314234916356,-0.537980153478162,-173.315241199696,-0.158739982635763,-8.9299450632322,2.73133795164641,0.0109784983300557,-0.549033984706379,-30,0,0,0,0,0,0,2,13.4966872347506,-0.780369867734045,72.7632885971023,0,0,0
556,-170.479309412667,0.0531230724714333,-9.49714894562549,2.77232621155999,-0.00158916642561566,-0.488167531487869,-170.463122680153,0.187565418859332,-9.59257275716269,2.7603591491911,-0.00877194980884814,-0.481816176927155,-30,0,0,0,0,0,0,2,4.8903304411952,0.50206414316615,67.3667632070409,0,0,0
557,-167.687401061685,0.0517847437839718,-9.9604455098788,2.81151180190419,-0.00108749729336044,-0.438440474826811,-167.691365088207,0.0415847468260992,-9.97951223614437,2.82050618460125,0.00705813739067599,-0.434652372344968,-30,0,0,0,0,0,0,2,-6.66788828371097,-0.788983232719798,63.4242617067855,0,0,0
558,-164.862182145263,0.0503026100594715,-10.3726406288273,2.83894842242815,-0.00187677603270994,-0.385959839234044,-165.003489937716,0.103140217708253,-10.4249600475583,2.82607063448802,0.00916145070148856,-0.396551510591723,-30,0,0,0,0,0,0,2,-12.6000835733713,-1.12242550556536,60.505071154289,0,0,0
559,-162.012746451953,0.047864504441452,-10.732033063654,2.85994557794062,-0.002999441168432,-0.332832465131128,-162.00307307598,0.0234424443185775,-10.7207566966992,2.87809561370975,0.0066312575982073,-0.32988616603858,-30,0,0,0,0,0,0,2,-23.8034152190162,-0.710010648457886,54.4301299972564,0,0,0
560,-159.148603284708,0.0445099953057711,-11.0378873957346,2.86836366084551,-0.00370958289444384,-0.278878522237297,-159.154693286707,0.214689367746853,-10.9561712948881,2.85648519308825,0.00402465704572976,-0.293528874295754,-30,0,0,0,0,0,0,2,-27.3391327354109,-0.831844440066682,51.2652300193516,0,0,0
561,-156.278314023141,0.0403844478366878,-11.2901831512764,2.8722374056508,-0.00454151745144095,-0.22571345221416,-156.175534229095,0.00546852451189486,-11.1808890983282,2.86655571920454,-0.0159607253690443,-0.235042911285676,-30,0,0,0,0,0,0,2,-34.3045034622645,1.58513548788064,45.866069325224,0,0,0
562,-153.408470879879,0.0366354940681144,-11.4897240586218,2.86747104703096,-0.00295639587655296,-0.173365325249873,-153.426409282636,0.0458817879638916,-11.4220149718336,2.84883499887862,-0.00059780902184691,-0.181987364869987,-30,0,0,0,0,0,0,2,-38.0306813225891,-0.0319826737430921,41.0427664306659,0,0,0
563,-150.546194810279,0.033663127953228,-11.6379405068818,2.85710238705817,-0.00298834130483689,-0.123062266979997,-150.62940388101,-0.128688350395858,-11.7313681607938,2.83664709722361,-0.00742666776083768,-0.127002037898282,-30,0,0,0,0,0,0,2,-42.4059019603409,1.00004347687548,36.1629401114159,0,0,0
564,-147.697380295184,0.0311748577040868,-11.7367176761333,2.84054719491738,-0.00198820472117388,-0.0744842746027745,-147.586682659294,0.204650892509942,-11.7531924838371,2.84261596318004,0.00123133038368512,-0.0798421670063967,-30,0,0,0,0,0,0,2,-49.0882309994166,-0.532434823388396,31.4906016683139,0,0,0
565,-144.869132775757,0.0289205203499523,-11.787061781873,2.81596823144212,-0.00252047605598246,-0.0261929147519501,-144.929803292383,0.100580515040534,-11.8006575967139,2.83034995751812,0.0176293691605436,-0.0419487064006225,-30,0,0,0,0,0,0,2,-53.1753891670459,-1.96409794613543,27.79618583349,0,0,0
566,-142.06812026356,0.0254181038228897,-11.7895346878661,2.78607679203862,-0.00448436297336422,0.0212602515029624,-142.221855737765,-0.197605102876346,-11.7510534819372,2.7881124019673,-0.0103834021155886,0.0163549658859658,-30,0,0,0,0,0,0,2,-54.3675287212014,1.43355041731155,21.8666103752779,0,0,0
567,-139.299042039248,0.0216506445889989,-11.7466883587618,2.75209789319206,-0.00305056158676963,0.0644471813972694,-139.298515584345,0.0552590686799031,-11.7082573142741,2.7370117007655,-0.00694221689851646,0.0608302036580366,-30,0,0,0,0,0,0,2,-55.1041389078607,0.58370355249184,17.3334942627445,0,0,0
568,-136.565423450189,0.0188920768824024,-11.662318280454,2.71515614352885,-0.00246657772805588,0.104308920521824,-136.668610940304,0.0886643806259306,-11.6091839646035,2.70774602453279,0.00680320841537733,0.125769736781166,-30,0,0,0,0,0,0,2,-57.4373805726717,-0.857649602789594,10.6413942510903,0,0,0
569,-133.871488490567,0.015996843024911,-11.5402202792957,2.67272887869235,-0.00332389526654606,0.139905206324999,-133.799856932832,0.224309070949314,-11.458291706998,2.65711245332946,0.00886301740232866,0.120323740989662,-30,0,0,0,0,0,0,2,-58.1115314672824,-1.33491988213149,10.8842093150298,0,0,0
570,-131.220152937076,0.0120056569781679,-11.3821869351123,2.62995755732446,-0.00465847981755073,0.176179716833235,-131.292321226957,0.0391225998018608,-11.3357375641215,2.65337118234637,-0.00151842887815454,0.183699423798057,-30,0,0,0,0,0,0,2,-62.752475780722,0.0735976882117325,4.30153274843726,0,0,0
571,-128.615278051504,0.00738418024926608,-11.1893293559102,2.57980633764215,-0.00458447998504718,0.209556599082806,-128.509402440761,-0.0119431493445403,-10.9376921308857,2.5808264649047,0.0252623767385383,0.205838494527356,-30,0,0,0,0,0,0,2,-61.0638416089485,-2.50235137516475,1.29153480903572,0,0,0
572,-126.060621105337,0.00154873082833928,-10.96475369057,2.52952031011815,-0.0070864244916846,0.239615910842405,-126.107281245038,0.111653842545729,-10.9931315413785,2.52459814708493,-0.00249275191479853,0.232863768996043,-30,0,0,0,0,0,0,2,-60.2452522184176,0.0259675063883947,-1.3001138168473,0,0,0
573,-123.55657354518,-0.00552449950515486,-10.7113651568871,2.47858652933496,-0.00706004174444391,0.267182562103775,-123.564456925205,-0.124711670985113,-10.5677364574885,2.4781557434006,-0.00570560855997405,0.255542706667113,-30,0,0,0,0,0,0,2,-60.686660489651,0.81998419796763,-4.41879775173425,0,0,0
574,-121.104459145414,-0.0121743294536075,-10.4315332363328,2.42565305168701,-0.00623962256133469,0.292503447174069,-121.086238953475,-0.0495884825732044,-10.5324392897361,2.4134965322728,0.00904771830100669,0.293995764208789,-30,0,0,0,0,0,0,2,-59.1771753203312,-0.80559486495426,-8.33469784140672,0,0,0
575,-118.705681194186,-0.0188165239555069,-10.1283667182187,2.37191201520773,-0.00704477163781892,0.313852041060274,-118.862275182466,0.0592680032756223,-10.0628465069126,2.37493254258046,-0.0146244503241498,0.303722048837073,-30,0,0,0,0,0,0,2,-59.7687038931134,1.34390902586374,-10.2465118698821,0,0,0
576,-116.361386545228,-0.0251891080998433,-9.80442358023593,2.31668595555627,-0.00570040254338094,0.334057237678555,-116.381345329977,0.134550630745203,-9.8347725698035,2.326327270485,-0.0188845598450118,0.321735473945227,-30,0,0,0,0,0,0,2,-59.8700363885464,1.61935472301077,-12.5040022549157,0,0,0
577,-114.072951490607,-0.0300795929906643,-9.46112368025535,2.26019211702826,-0.00408057494092287,0.352566028207087,-114.055784960029,-0.0203637108675588,-9.53593028131349,2.26277484929563,-0.00979081367165448,0.369623551353502,-30,0,0,0,0,0,0,2,-58.1659150095045,1.01980878890057,-17.8904945727233,0,0,0
578,-111.841747651776,-0.0336500155327096,-9.10196494914904,2.20222138784116,-0.00306027588625722,0.365775445769889,-111.872254175427,-0.119878065769388,-9.00044045583787,2.20965088595303,-0.000448546230587334,0.356097084439935,-30,0,0,0,0,0,0,2,-57.2205802444495,0.28461075459751,-17.6088275323177,0,0,0
579,-109.66802449803,-0.0365677420188974,-8.72966609148022,2.14523066174876,-0.00277518278532367,0.378845848613303,-109.759920003675,-0.0427954918180451,-8.693780197628,2.14919487857715,-0.0126799694262046,0.368543930586067,-30,0,0,0,0,0,0,2,-55.3996478503647,1.35358792625655,-19.4668326633507,0,0,0
580,-107.551023459939,-0.0386658894612024,-8.34550240179949,2.08877617141246,-0.00142111487006404,0.389504853288418,-107.727963535022,-0.0428316645543345,-8.38961065628345,2.09085379128165,0.00635131788060245,0.381564897029142,-30,0,0,0,0,0,0,2,-53.629452058121,-0.549468458951576,-21.3772683903473,0,0,0
581,-105.490247875218,-0.0403614964036095,-7.95189420979228,2.03277876921565,-0.00197010507129819,0.397734628712656,-105.549180164542,0.219727957460844,-7.94838427198618,2.04456919703675,-0.0104323462979004,0.401886164680543,-30,0,0,0,0,0,0,2,-53.3585593745916,0.603778714868348,-24.291847924082,0,0,0
582,-103.486146839887,-0.042029462697496,-7.55127851861525,1.97542608059155,-0.00136583428028142,0.403520342878148,-103.496229723127,-0.0694655210468789,-7.34393263717974,1.97554833909633,-0.00057304401675783,0.391836034710378,-30,0,0,0,0,0,0,2,-50.5623744633791,0.196235443769541,-24.4957381966783,0,0,0
583,-101.538279300001,-0.04329693926333,-7.14566145226855,1.92031113437899,-0.00116912461242339,0.40773644778551,-101.587248179798,0.0977745749886085,-7.18322703616292,1.91392227609695,-0.00105956966432786,0.398789323656442,-30,0,0,0,0,0,0,2,-48.2177312500993,-0.0895921835444309,-25.5124782933184,0,0,0
584,-99.6448225623122,-0.0445106254515862,-6.73683085447204,1.86660366623617,-0.00125825300443774,0.409946808538952,-99.7563254514152,-0.252712036210668,-6.86456201785498,1.86674077013331,-0.00854008644000546,0.412373861298985,-30,0,0,0,0,0,0,2,-47.1614261105005,1.35943271642188,-27.5082620941885,0,0,0
585,-97.8051797731087,-0.0450889256133047,-6.32684737839794,1.81268238431838,0.000101647070858171,0.410042244409598,-97.7021463172344,0.0316016889419944,-6.19995665871854,1.81497720499204,-0.00523307634779256,0.426069291813355,-30,0,0,0,0,0,0,2,-46.0934278647348,0.460104256895267,-30.2070158638984,0,0,0
586,-96.0197575860852,-0.0447569861893336,-5.91812189496901,1.75816137971688,0.000562225946079264,0.407431013378705,-96.0810926287848,0.0826922298680851,-5.71117329776002,1.76762134701696,0.00452838660172208,0.408940852212772,-30,0,0,0,0,0,0,2,-44.5999494441264,-0.618223119908379,-29.4717386257572,0,0,0
587,-94.2880327756146,-0.0445036384650231,-5.51204779315508,1.70528758341226,-5.55366313798703E-05,0.404738790604737,-94.3890082421578,0.0512570262733761,-5.69793577821536,1.72203908935997,-0.00562239529428125,0.389058652242749,-30,0,0,0,0,0,0,2,-43.4258924516812,0.459725476881373,-27.5099936678442,0,0,0
588,-92.6081515827939,-0.0443290884484128,-5.10810977913357,1.65447456522487,0.000404630894010769,0.403157983313875,-92.5589235796384,-0.128882808535131,-5.04034168588689,1.64851078300292,0.0167186778248661,0.411751401625029,-30,0,0,0,0,0,0,2,-39.7332311410155,-1.41410216541635,-31.0944567907291,0,0,0
589,-90.9785418678919,-0.044631287757151,-4.70820573038928,1.60474268971543,-0.00100903498643151,0.396670393824885,-90.9639331372322,-0.144662408681134,-4.72306001063266,1.5847132063488,-0.0114034279037338,0.390730306305964,-30,0,0,0,0,0,0,2,-36.5434543604155,1.42966760773564,-29.6269106093311,0,0,0
590,-89.3969366555982,-0.044925283433749,-4.31500387666429,1.55846537837937,0.000421039403985008,0.389752198293754,-89.4446731010201,-0.128835019032827,-4.29040562851668,1.55927626566148,-0.00425820115357284,0.373325222007151,-30,0,0,0,0,0,0,2,-37.0382803641082,0.683490153422939,-28.7517109436817,0,0,0
591,-87.8615781579125,-0.04416229395493,-3.92816230865172,1.51224968839155,0.0011049349965685,0.383949756565464,-87.8516781915087,0.00553894415043729,-4.017641532691,1.5175675437859,0.010485544887741,0.388561083221832,-30,0,0,0,0,0,0,2,-36.0533979955731,-1.05963237707497,-30.8208252568012,0,0,0
592,-86.3726078430132,-0.0435869673280969,-3.54820033857132,1.46568816121258,4.57124975818717E-05,0.375993097932197,-86.169095132528,-0.119198742601141,-3.78509936505145,1.46026752845757,0.00267508776899594,0.398859710027289,-30,0,0,0,0,0,0,2,-33.688562580701,-0.029111291697312,-32.315772272626,0,0,0
593,-84.9296420796641,-0.0435556068184495,-3.17741788047209,1.4202396217331,1.70030847578885E-05,0.36559025813296,-84.9770322508644,-0.130980081418648,-3.1990916780203,1.41663025875681,0.00417174324783242,0.369094314589171,-30,0,0,0,0,0,0,2,-31.7089613739521,-0.155214161945946,-30.5112481028765,0,0,0
594,-83.5308112382738,-0.0436160181681138,-2.81678639009265,1.37741850704364,-0.000137832305621097,0.355690098232217,-83.5919206379857,-0.0798477935125814,-2.68501121078004,1.38916466667893,0.00052720779737467,0.356234969451719,-30,0,0,0,0,0,0,2,-31.7326253919215,0.106974807287696,-30.2534745236118,0,0,0
595,-82.1747499663076,-0.0437001713991562,-2.46588944690022,1.33470060554872,-3.04799488012573E-05,0.346121085375444,-82.0896237528846,-0.105990920528677,-2.4938730950748,1.3377833928196,-0.021288450571258,0.34201085328591,-30,0,0,0,0,0,0,2,-29.5990917761904,2.34082689818316,-29.2133391384413,0,0,0
596,-80.8602416407472,-0.0425600559398627,-2.12467502731632,1.29431251867775,0.00231070444980362,0.336324107484226,-80.6746348432603,-0.0357895950216585,-2.02019137240558,1.2917371603729,-0.0199362196131287,0.340264625686843,-30,0,0,0,0,0,0,2,-27.8244463507696,2.06520115135618,-29.9860798238731,0,0,0
597,-79.5856130176065,-0.0392165731352999,-1.79402545810175,1.25494059952159,0.00437625522843326,0.324990950764547,-79.659285169634,0.00175283636217433,-1.93617583799031,1.24843294041307,-0.0195547937323887,0.335192417514891,-30,0,0,0,0,0,0,2,-25.5247237020391,1.95197370051453,-29.6468900755085,0,0,0
598,-78.349321335147,-0.0338641618992051,-1.47516532924049,1.2176382798571,0.00632856115116974,0.312744388324536,-78.2606833378117,0.119872763969558,-1.31616513563373,1.23594973561769,0.0187755909518553,0.329495487014418,-30,0,0,0,0,0,0,2,-27.0736068861452,-2.11730462312464,-30.3172184301743,0,0,0
599,-77.1511745173479,-0.0285940772883577,-1.16834941340809,1.17865102454722,0.00421160284868787,0.300903144099541,-77.2178459556439,0.0372393373781497,-1.15689200387385,1.17434782470205,-0.010720883302735,0.285225210361377,-30,0,0,0,0,0,0,2,-22.9990905589176,0.997609655517205,-26.20873702839,0,0,0
600,-75.9891884887383,-0.023883518287453,-0.872772649902059,1.14531716293369,0.00520950914156013,0.29026385787562,-75.9446454554461,0.133377708462287,-0.847686038644062,1.14411111847281,0.0183902808091231,0.278181854698196,-30,0,0,0,0,0,0,2,-22.5218209363893,-2.10578349783688,-26.1228133925315,0,0,0
601,-74.8603264351087,-0.0197267516586416,-0.587893453090479,1.11240302839891,0.00310401859078435,0.279507817576306,-74.995907607649,0.0104980451523489,-0.449025776949309,1.11656579093993,-0.00482656845440314,0.283628236239981,-30,0,0,0,0,0,0,2,-21.6647638786946,0.461660755135616,-27.4647720700995,0,0,0
602,-73.7644138685364,-0.0163917524431507,-0.314526264801372,1.07941760170346,0.00356597369158866,0.267239838047944,-73.8029633717932,0.0623055898507705,-0.172725138073977,1.07952464945399,0.00234788941350945,0.270344322870001,-30,0,0,0,0,0,0,2,-20.3465382018124,-0.359400121052486,-26.6889820108521,0,0,0
603,-72.7007371415687,-0.013005335038399,-0.0534383681842941,1.04793134058584,0.00320685481346381,0.25494862478078,-72.6578816207658,-0.072226840209749,-0.201149837621832,1.06507253304036,0.0178387248153393,0.254317638428979,-30,0,0,0,0,0,0,2,-21.1914900625046,-1.63941880111443,-25.0294641676542,0,0,0
604,-71.6684407224913,-0.0106180477276793,0.196319730195248,1.01665772801988,0.00156771406572594,0.244580130705894,-71.7864926607461,0.134734014107862,0.379439496563911,1.00769102968493,0.00200102375827254,0.244322426159486,-30,0,0,0,0,0,0,2,-17.1961176470011,-0.469570404042978,-25.1911216090765,0,0,0
605,-70.6658265271746,-0.00928499021156402,0.434551697570168,0.98856599756657,0.00109839551045188,0.231895106636719,-70.7069122758193,0.0134728529221039,0.446268365837607,0.986553220888882,0.0052659743173814,0.245676829779777,-30,0,0,0,0,0,0,2,-17.2414975372495,-0.553543137582348,-25.4602197096529,0,0,0
606,-69.6914128442372,-0.00846323689118424,0.660034408338041,0.960256655520208,0.000545105979396236,0.219081674893539,-69.7050481348709,0.0343196522791776,0.736038223951104,0.970776569470514,0.000181910723825354,0.21931365359777,-30,0,0,0,0,0,0,2,-17.6675606773096,-0.0868303769408907,-23.4034418076793,0,0,0
607,-68.7449159103743,-0.00796141960457913,0.873706028063226,0.932733271835296,0.000458521038046613,0.208272596150289,-68.878557743074,-0.115287806518378,0.904697213090685,0.952356449444317,-0.00552392987922184,0.220250933374671,-30,0,0,0,0,0,0,2,-17.4785294582838,0.78296860095894,-23.8344877636485,0,0,0
608,-67.8259984650701,-0.00711128956446428,1.07637052077869,0.905097525865737,0.00124173611237119,0.197067435755925,-67.8009924611139,0.0409973313405903,1.13997685677523,0.887116334207479,0.0146635942845157,0.204561032298398,-30,0,0,0,0,0,0,2,-13.1096484985202,-1.54835409113275,-22.7360569433903,0,0,0
609,-66.9326187328167,-0.00664362154015326,1.26707555130216,0.88165726626669,-0.000306407010664011,0.184352036747507,-66.8327960646947,0.0336569808376185,1.358021878083,0.878555030496007,-0.00382897017006518,0.196951890692457,-30,0,0,0,0,0,0,2,-14.1899109202114,0.315583055331282,-22.4112328254118,0,0,0
610,-66.0630454768207,-0.00679212767528684,1.44553392744009,0.857484935176618,9.39258864265937E-06,0.172574383477185,-66.063275356362,-0.0817537209616517,1.42447988285212,0.847282437799528,0.00112494328234055,0.18951595797282,-30,0,0,0,0,0,0,2,-12.6016930672288,0.0510131136892481,-21.8005555629862,0,0,0
611,-65.2168306397459,-0.0067571241186419,1.61204314300423,0.834940299992642,6.06082089666888E-05,0.160453072868665,-65.0566579034848,-0.0668876094986264,1.72312050168059,0.843797424922252,-0.00259633068610946,0.160526390348805,-30,0,0,0,0,0,0,2,-14.2664266852555,0.393408287608199,-19.4988800382417,0,0,0
612,-64.3932027409017,-0.00649970834544947,1.76787811812783,0.812312166497664,0.000454217917038417,0.151225911414198,-64.5403290073099,-0.0621071258028295,1.71931210819236,0.804271872568615,-0.00528216309685066,0.159262880567544,-30,0,0,0,0,0,0,2,-11.3465292422418,0.652430561290724,-19.3649122731391,0,0,0
613,-63.5909752157751,-0.00571918315251081,1.91373587783627,0.792138978162281,0.00110682939405306,0.140497683759947,-63.8291670505485,-0.0934604880749317,2.04130906461742,0.776270907749924,0.00378727893252245,0.139846578985158,-30,0,0,0,0,0,0,2,-9.96875667389531,-0.191806917102382,-18.0672760277507,0,0,0
614,-62.8079966230117,-0.00470817192454137,2.04902933657276,0.773814429961948,0.000915187084034363,0.130096583473508,-62.8377794043484,-0.0656244698308511,2.07708215144653,0.751278162174346,0.00346124328103216,0.134278193980158,-30,0,0,0,0,0,0,2,-9.45225740873786,-0.214875388441514,-17.5819837009088,0,0,0
615,-62.0430033159932,-0.00390034080591612,2.17399536600532,0.756168466770489,0.000700470190536807,0.119842549047182,-61.9845847470512,0.00242385390241425,2.30687258821442,0.756738650356936,-0.00889701933665325,0.0968810844504409,-30,0,0,0,0,0,0,2,-11.7046955415913,0.884854225860497,-14.3018536214729,0,0,0
616,-61.2956530512193,-0.0027573624985559,2.29071804296843,0.738529878200534,0.00158548056255402,0.113609858851127,-61.4071536590622,-0.067253299787368,2.42579426418501,0.723802384701324,-0.00108308786452341,0.127595237687413,-30,0,0,0,0,0,0,2,-9.56593115200806,0.242815386027078,-17.6111122971113,0,0,0
617,-60.5660184269308,-0.00105039070287565,2.39926032228552,0.720735703213538,0.00182845537389227,0.103481796404019,-60.6464633050192,-0.0478484149821909,2.37594043134572,0.718950230515513,-0.0124248197335802,0.103996788382481,-30,0,0,0,0,0,0,2,-10.602096441513,1.3381788033224,-15.1515597009396,0,0,0
618,-59.8539086814851,0.00144723340869719,2.49900050598187,0.703481129296945,0.0031667874142354,0.0960054454151049,-59.8664463133987,-0.0580095645232364,2.35736801558205,0.700032575776075,0.0011030384711698,0.0890778138330021,-30,0,0,0,0,0,0,2,-10.2703649508102,0.00571528192949311,-13.6225174144643,0,0,0
619,-59.158486978121,0.00461695246304965,2.59181594904413,0.687360039720364,0.00317264547088255,0.0896318680981748,-59.1216294326789,-0.0338417899191723,2.51685983356461,0.678038410045438,0.00957035997046015,0.0929794751995789,-30,0,0,0,0,0,0,2,-9.56058213918594,-0.88935241720767,-14.3316671870871,0,0,0
620,-58.479106217898,0.00734499467559518,2.67778299651796,0.671398880329812,0.00228343483063625,0.0823085776749513,-58.6075143627644,-0.131409216522917,2.58394265597537,0.674880699424309,0.0409117149033069,0.0910520539644558,-30,0,0,0,0,0,0,2,-10.2730412169021,-3.82835305728486,-14.2730907083963,0,0,0
621,-57.8159690239804,0.0077143287050896,2.75667459362142,0.654873098103409,-0.00154477193617328,0.0754811670064806,-57.8198226584037,-0.216782411929453,2.69536770787345,0.659442594153986,0.00580211860469998,0.0803971011461672,-30,0,0,0,0,0,0,2,-10.3046140985912,-0.146647036611092,-13.4304455303636,0,0,0
622,-57.1691352017716,0.00609630674581596,2.82911203504593,0.638792418068615,-0.00169127700131464,0.0694000834386375,-57.1555951278663,0.0116687810512237,2.99411683226892,0.62548338132002,-0.0100306733347515,0.0708928394692162,-30,0,0,0,0,0,0,2,-8.23714787626941,0.979729771372701,-13.0775176114594,0,0,0
623,-56.5374418866026,0.00489495986386561,2.89503603512997,0.624591757352621,-0.000711421158262611,0.0624535574065218,-56.4902700039742,0.035099142818874,2.8009318330755,0.626874633409683,-0.00945055796795428,0.0590037295019199,-30,0,0,0,0,0,0,2,-9.70692333301985,0.874857511157681,-11.502236616343,0,0,0
624,-55.9201025251979,0.00462103371809898,2.95509773049291,0.610085329638224,0.000163563921336918,0.0576755782814408,-55.8108310682978,-0.0395459967738077,2.91033281831755,0.610514405293681,0.00171372353144334,0.0456489000595722,-30,0,0,0,0,0,0,2,-9.42977839277248,-0.0922803595967188,-10.3855556425923,0,0,0
625,-55.3168389350434,0.00473852000977822,3.01077448609522,0.596440511435247,7.14032514134279E-05,0.0536833378150138,-55.0702472075824,0.0323654959452689,3.14913609632115,0.590119421295892,-0.00221542467416827,0.0616982151382348,-30,0,0,0,0,0,0,2,-8.87144771442432,0.156811475526289,-12.4680937064658,0,0,0
626,-54.727598318367,0.00488839548917666,3.06146417670401,0.582038631601166,0.00022834182277997,0.0477017219751925,-54.7631813392504,-0.0235807208428137,3.10937063736096,0.571745562414313,-0.00177378999952296,0.0652205534049758,-30,0,0,0,0,0,0,2,-7.64819356293041,0.224540441637924,-12.7407966152195,0,0,0
627,-54.1523459389576,0.00522906955627804,3.10572413167652,0.568463699210675,0.000453002529819331,0.0408235422859071,-54.1984664051308,-0.0237822974196512,3.00086997640682,0.561241266782494,-0.0103995791772267,0.0398881599875886,-30,0,0,0,0,0,0,2,-7.72719386798772,1.08752251256197,-9.99055595157251,0,0,0
628,-53.58991133403,0.006225889036979,3.14426571608355,0.556403956039511,0.00154063107355804,0.0362643960107516,-53.6846278641712,0.0804208142801315,3.11123490875836,0.546253623125141,0.0070742782950492,0.0302867019260252,-30,0,0,0,0,0,0,2,-7.25610658417176,-0.868269458065183,-9.25114001011924,0,0,0
629,-53.0391348424747,0.00733243778031848,3.17842705451641,0.545147607579365,0.000672460482195643,0.0320627386941001,-53.1548763568571,-0.127939593834167,3.04546142662151,0.526960865647985,0.00904476020635778,0.0352735058090951,-30,0,0,0,0,0,0,2,-6.38633385108436,-0.648596832967444,-9.61827343415254,0,0,0
630,-52.4993714166895,0.00768065001612631,3.20799817370462,0.534377530655289,2.39585974196948E-05,0.0270837630084539,-52.3182075404406,-0.0210924468724353,3.11721234262186,0.518887675050924,0.0199166783942368,0.0303539909303562,-30,0,0,0,0,0,0,2,-7.25235242421126,-1.94948294567881,-9.26982377827935,0,0,0
631,-51.9706343347416,0.00672991947774995,3.23299653333161,0.523095225577735,-0.00192542540890231,0.0229174042269314,-51.9672407365911,-0.0694285372460098,3.35466205256487,0.505894460895237,0.0033408095387945,0.0245059191959639,-30,0,0,0,0,0,0,2,-6.65496461634163,-0.195223879387431,-9.15991602472614,0,0,0
632,-51.4529088475663,0.00470693268688993,3.25371280406824,0.512354255368673,-0.00212055498460831,0.0185193702549897,-51.3924781254049,-0.0149262364789942,3.33253460323272,0.514508038865418,-0.00511151420189925,-0.000657602907113607,-30,0,0,0,0,0,0,2,-8.66584763573201,0.541003893147913,-6.59930891575409,0,0,0
633,-50.9460005537749,0.00285692980234321,3.27167006622006,0.501462064426945,-0.00157945691682448,0.0173994368716457,-51.0216789544045,-0.0945212096291942,3.32912812118986,0.500269009049303,-0.00566747498660598,0.0200544189950016,-30,0,0,0,0,0,0,2,-7.98354299612127,0.755789917918986,-8.66369814187988,0,0,0
634,-50.4503098043046,0.00165542110699566,3.28748270065869,0.489918399084065,-0.000823566364591344,0.0142303476036983,-50.5724239512726,0.0818068256320626,3.27445808975683,0.476625075073632,-0.00180257101737258,0.010556741183164,-30,0,0,0,0,0,0,2,-6.51765960481795,0.016643450473133,-7.60459029783005,0,0,0
635,-49.9652615975274,0.000840221693602827,3.30014209001484,0.480176986954637,-0.000806837900387519,0.0110922589329812,-50.1950264507183,0.0237076077801264,3.23401042538979,0.492819662485131,-0.00139268993710428,0.032214191323248,-30,0,0,0,0,0,0,2,-8.89191334707643,0.0918537781501756,-9.68943998310439,0,0,0
636,-49.4915303381558,7.93698837333299E-05,3.30952232633428,0.467284397697556,-0.000714871819500517,0.00767320871935733,-49.6121187056999,0.157678282180392,3.16511199700654,0.492904805163022,5.42948822922716E-05,0.00113476317344727,-30,0,0,0,0,0,0,2,-10.0662431049024,-0.320786052590011,-6.44370031135781,0,0,0
637,-49.0302223264343,-0.000795840434154793,3.31715831621955,0.455331740612854,-0.00103555504620356,0.00760341003215356,-48.8498854230516,0.259301584050035,3.21427241868519,0.461873817613064,-0.00164137221281978,0.00833945417771403,-30,0,0,0,0,0,0,2,-8.48761091520314,-0.354465946818092,-7.26249025514178,0,0,0
638,-48.5804663394605,-0.00200857747084489,3.32394443947065,0.444179762281336,-0.00138992446369192,0.00597316323323712,-48.5177651318583,-0.170076953405092,3.43113684924141,0.448894940508937,-0.00667662840304626,0.0142512871095013,-30,0,0,0,0,0,0,2,-7.85396378717702,1.00781674711481,-8.28740240943294,0,0,0
639,-48.1419072965576,-0.00289454182970133,3.32851238996414,0.432937413911654,-0.000382009977362824,0.00316709284382566,-48.1712444040446,0.0281004840180187,3.59983901945239,0.43898558801717,0.019898293644336,0.00185001718492847,-30,0,0,0,0,0,0,2,-7.55606999362785,-2.04603033246964,-7.38467975739763,0,0,0
640,-47.7142079408589,-0.00429951792924732,3.33056550565477,0.422460605450048,-0.00242794943160304,0.000943195313597538,-47.8065020665569,0.148324658379339,3.50963245467299,0.416093397101027,-0.00544737005508533,0.000130162821463794,-30,0,0,0,0,0,0,2,-5.99633557698889,0.248087688749854,-7.03228119149236,0,0,0
641,-47.2962527359532,-0.00660338169400834,3.33009158721551,0.413448886036932,-0.00217978333247518,-0.00188752382425131,-47.4939403221312,0.0150781747814274,3.21194905944382,0.417729851823463,-0.0158328139411941,-0.0169440225439467,-30,0,0,0,0,0,0,2,-6.78510453808391,1.55312504455656,-4.72949586449297,0,0,0
642,-46.886954278248,-0.00800656453114133,3.32796077510792,0.405147979041371,-0.000626586905616723,-0.00237086264449436,-46.6944224504673,0.060604203709712,3.32652636195035,0.425605652812519,-0.00154550904558676,-0.00167403584762861,-30,0,0,0,0,0,0,2,-9.17172038031721,0.0333424971392516,-6.48564913913783,0,0,0
643,-46.4874384176092,-0.00861642917499606,3.32534847411647,0.393883689935576,-0.000593147419568387,-0.0028494134198989,-46.3609289974906,0.0836336581750896,3.52352480318753,0.411033235674147,-0.0161143815676198,-0.00638397692483768,-30,0,0,0,0,0,0,2,-8.38146557243357,1.4441708404118,-6.40865191389128,0,0,0
644,-46.09884499893,-0.00848744242045998,3.32206898033726,0.383302953611166,0.000851114644715876,-0.00370550956151221,-46.1260329285307,-0.275294394898017,3.41283492216886,0.386728248650393,-0.00632750193823528,-0.0101045418195246,-30,0,0,0,0,0,0,2,-6.42075900797791,1.18333898361956,-5.81521566238527,0,0,0
645,-45.7198661197637,-0.00704461796603949,3.31760723423441,0.374654366769574,0.00203452837929106,-0.00521463997714955,-45.7064988284328,0.00961029240063553,3.34682782376153,0.380527442558822,-0.0028654527338114,-0.00479658143098985,-30,0,0,0,0,0,0,2,-6.63974659901655,0.267324688579869,-6.21399750442408,0,0,0
646,-45.3497432099227,-0.00487638443306105,3.31155004146323,0.365590950301319,0.00230193144152285,-0.00689625983477613,-45.3123372914271,0.0445507245034755,3.30507187911029,0.380219770428599,-0.00850769766742077,-0.00314179089142726,-30,0,0,0,0,0,0,2,-7.39730246000569,0.761668317735126,-6.29596466907785,0,0,0
647,-44.989015043006,-0.00219357404937851,3.3040123938704,0.355865028095871,0.00306368370927213,-0.00817530977146551,-44.7885885789857,0.138378979783895,3.17187115042473,0.350691128908691,0.0215195377506363,-0.0141040958274976,-30,0,0,0,0,0,0,2,-5.49193573289776,-2.42871173463142,-4.9333327180997,0,0,0
648,-44.6368427224599,-0.000344211344132201,3.29519288723496,0.348479252132254,0.000635035688518727,-0.00946084934902585,-44.6006212244745,-0.0740630459031757,3.33447241884387,0.351579012953023,0.00608460329730556,-0.00184724242958885,-30,0,0,0,0,0,0,2,-5.95665884635321,-0.460334237924205,-6.48422059472886,0,0,0
649,-44.292703558917,6.06972598764679E-05,3.28460897354595,0.339798361721536,0.000174776647390809,-0.0117036527851408,-44.2324943525769,0.0626101554106024,3.21311277522488,0.340026963441518,-0.00855368441358119,-0.00328952174958594,-30,0,0,0,0,0,0,2,-5.53770763899799,0.730148130536914,-6.09727337549116,0,0,0
650,-43.9569640343541,0.000600585649178555,3.27182394962338,0.331680002948496,0.000904995055604283,-0.013863283349387,-43.9384551746487,0.0956691770086831,3.14922970241972,0.354049069355243,-0.00603952099778927,-0.020126488011063,-30,0,0,0,0,0,0,2,-7.52799658622703,0.412613745761561,-4.28581060373313,0,0,0
651,-43.6296088693322,0.00171192772324665,3.25820809104042,0.323030615885339,0.00131768283643083,-0.0133651348374033,-43.7740121137457,0.0971688704448112,3.20472392841484,0.329963282449074,0.0135259552585935,-0.00582411041082697,-30,0,0,0,0,0,0,2,-5.44830401741593,-1.54693326674898,-5.82703681574698,0,0,0
652,-43.310523051546,0.00225618078861564,3.24386279399103,0.315140410231866,-0.000229182207003463,-0.0153224422813027,-43.2935956025214,0.0987690323210694,3.38934448805851,0.328566924400991,0.00347258668135029,-0.0239212717035046,-30,0,0,0,0,0,0,2,-6.26950123505624,-0.544796732777168,-4.38656180576657,0,0,0
653,-42.9992314240231,0.0017546360414142,3.22839249080146,0.307442840304652,-0.000773912891347867,-0.0156152274524073,-43.17863947286,-0.150972081729875,3.12404981528586,0.306555577122027,-0.00206947367062681,-0.0170856282429723,-30,0,0,0,0,0,0,2,-4.29827876648262,0.50889153052243,-4.53953680627449,0,0,0
654,-42.6948906529024,0.00123519833730444,3.21199037365248,0.301238227248464,-0.000264967851242501,-0.0171866226557374,-42.5113202578985,-0.0948759950095029,3.1615961704487,0.306311773068553,0.0112302796193905,-0.0169734574975627,-30,0,0,0,0,0,0,2,-5.60853679105821,-0.933275971920039,-4.62584659114111,0,0,0
655,-42.3973079199451,0.000503626924157994,3.19437947402892,0.293927030608171,-0.00119818097037916,-0.0180323924307615,-42.5257878636561,0.150223165123501,3.08965644228852,0.304653187437914,0.00352226905963559,-0.0302418396705033,-30,0,0,0,0,0,0,2,-5.41374301647915,-0.65267323621056,-3.15512891752671,0,0,0
656,-42.1065204673342,-0.00102086131188935,3.17646352733227,0.287648058494764,-0.00185080057372094,-0.0177970993975998,-41.8958206656991,0.109427162352935,3.11456592486246,0.298968565928276,-0.00896561527222431,-0.0199989552678481,-30,0,0,0,0,0,0,2,-6.10521526142943,0.677707202516561,-4.2292363229401,0,0,0
657,-41.8226093221737,-0.00253277340947731,3.15856539003097,0.280174252343749,-0.00117302927897393,-0.0179963471731412,-41.7631188621103,-0.155789658259244,3.21366804627986,0.302517615838939,-0.0191684422862687,-0.00397353400476539,-30,0,0,0,0,0,0,2,-6.72552385967341,2.22842354514536,-6.02998269208318,0,0,0
658,-41.5469584209836,-0.00259154926834325,3.13993959201437,0.271127184821599,0.0010554722298449,-0.0192518508803499,-41.4771776093954,0.0373726749560316,3.31766758682113,0.272221728427824,0.00721829840210883,-0.0172326926626911,-30,0,0,0,0,0,0,2,-4.26781762399148,-0.796575190122946,-4.91206590737315,0,0,0
659,-41.2790364558351,-0.00193433436558056,3.1197818862298,0.264716181289718,0.000258952345150035,-0.0210611250056284,-41.0670068600823,0.111709403769624,3.22669053972916,0.283522351528977,-0.00425053654383817,-0.0141828138237427,-30,0,0,0,0,0,0,2,-6.21822143273306,0.201634846844568,-5.03509969708405,0,0,0
660,-41.018345311455,-0.0015745272318982,3.09835650038673,0.256665934572924,0.000460656379350958,-0.0217866265810043,-41.0426909372977,-0.009425243574255,3.03002960768544,0.256336412926536,0.0193002200220712,-0.0165448991363168,-30,0,0,0,0,0,0,2,-3.54825941805828,-1.91117151505861,-4.4055693017392,0,0,0
661,-40.7644474159928,-0.00206942996117195,3.07566705884809,0.251129290348489,-0.00145046742481771,-0.0235901539583168,-40.6916801238839,-0.0329485832228065,3.2463512402278,0.257520693494622,-0.0032721782954403,-0.0222591242859128,-30,0,0,0,0,0,0,2,-4.36870910169436,0.393114995989643,-4.26679005186431,0,0,0
662,-40.5163745536596,-0.00332331111558022,3.05148189670527,0.245016090871786,-0.00105729990632254,-0.0247778646463689,-40.7644652397196,0.0991953603891769,3.0036174346638,0.240035805734699,0.00322228672417234,-0.0318273276418265,-30,0,0,0,0,0,0,2,-2.47465009403065,-0.520619393195588,-2.82450210514495,0,0,0
663,-40.2732256115206,-0.00464090188321017,3.02612439353824,0.241281460029179,-0.00157788735420588,-0.0259357007940753,-40.4524487886114,0.0142863805747184,3.07536484790002,0.257787369606082,-0.012985299435681,-0.00349680407386446,-30,0,0,0,0,0,0,2,-4.87383938338525,1.26995718241866,-5.8010492884136,0,0,0
664,-40.0356653697309,-0.00558377614956213,2.99914423955724,0.233838355225953,-0.000307865982820523,-0.028021829082361,-40.2667548286984,0.158933078035403,3.03783817337084,0.222824192794691,0.00427272840026054,-0.0339588366191967,-30,0,0,0,0,0,0,2,-1.74890962207234,-0.74513899609686,-2.67979268482202,0,0,0
665,-39.8033633866408,-0.00626419587731122,2.97039369864276,0.230765168981134,-0.00105297872706764,-0.0294780597272425,-40.0425994363143,-0.0232128366591333,2.87915278766886,0.221325804217721,-0.00310921626268042,-0.0145314273078642,-30,0,0,0,0,0,0,2,-2.04738154914346,0.357347299586309,-4.3051628445513,0,0,0
666,-39.5747442402099,-0.00713847978964013,2.93963134630257,0.226472279735366,-0.000695594426491592,-0.0320450153160131,-39.4383755162013,0.0539134661107583,2.83914898287969,0.220210779336646,-0.00679121451330634,-0.0331628157775311,-30,0,0,0,0,0,0,2,-3.14432690126204,0.571294519109117,-2.36201638800627,0,0,0
667,-39.3502729187121,-0.00754840726913272,2.90741282084941,0.222470322076897,-0.000124265908173463,-0.0323905128532005,-39.3155973139327,-0.125219448696052,2.82759890558263,0.221114132109598,-0.0153041985505154,-0.0372789939651295,-30,0,0,0,0,0,0,2,-3.48021858309431,1.78085875244365,-1.9272984146523,0,0,0
668,-39.129806567072,-0.00678222420901852,2.87512803182823,0.218462539902603,0.0016566267771743,-0.0321775435908199,-39.1906899696133,-0.0554263082481546,2.78151962118979,0.234829488883127,-0.00323313202150503,-0.0411733669306787,-30,0,0,0,0,0,0,2,-5.10156894908619,0.434165818646813,-1.44570254931171,0,0,0
669,-38.9138485037499,-0.00490849044207707,2.84374209781773,0.2134542373563,0.00209083493479271,-0.0305924458577425,-39.0665626858037,0.00957696945324858,2.93904709467963,0.224828540358782,-0.0147750156175517,-0.0251504218270169,-30,0,0,0,0,0,0,2,-4.34972866427093,1.45834762284867,-3.36305200665757,0,0,0
670,-38.7031764694023,-0.002088454447978,2.81295585787509,0.20788977112186,0.00354923009793292,-0.0309779594836097,-38.7753155282481,-0.00359271731206834,2.84075329764679,0.204610648307375,-0.00152368022544473,-0.0293854649963974,-30,0,0,0,0,0,0,2,-2.91043377424136,0.15955345716861,-2.74296009565385,0,0,0
671,-38.4973084528732,0.00154057230088681,2.7816020258279,0.203846069841551,0.00370881801271849,-0.0317281806465722,-38.5834463352157,0.00672989149024359,2.79357425791029,0.202122890384531,0.000888621847261447,-0.0163134630600921,-30,0,0,0,0,0,0,2,-3.04539636802161,-0.102321967706632,-3.95580220981138,0,0,0
672,-38.2959055188551,0.00519825328526718,2.7490607021486,0.198959291654231,0.00360653793057312,-0.033352645496633,-38.3071883263482,0.0533069967220447,2.72913024743543,0.205517780049652,0.0102037026107722,-0.0321650473153562,-30,0,0,0,0,0,0,2,-3.93740135226884,-1.1269842545213,-2.24175576333524,0,0,0
673,-38.0992264165658,0.00824132158213307,2.71585240762448,0.194399091747513,0.00247959240103509,-0.0330622415610009,-38.1531458811227,-0.0338658679224068,2.71648797481423,0.199543833577234,-0.00464199561421947,-0.0305428995298588,-30,0,0,0,0,0,0,2,-3.64809159547797,0.53193129726676,-2.37868599664258,0,0,0
674,-37.9070334771505,0.0109869012332649,2.68279745510957,0.189986865108594,0.00301156119365386,-0.0330460201811815,-38.0555547094226,-0.116015467053399,2.62994207679409,0.204396965310323,0.0200201463227866,-0.0249647933485216,-30,0,0,0,0,0,0,2,-4.32858711218699,-1.76998369817186,-2.76340481873602,0,0,0
675,-37.7196396922672,0.0131134955277185,2.64981734142312,0.184800826412652,0.00124162166913259,-0.032912287076631,-37.6108316769302,0.0353036007569748,2.52294660702979,0.198503066447587,-0.0050419880655405,-0.0415403249462606,-30,0,0,0,0,0,0,2,-4.62864329089836,0.4335916050401,-0.891860719433513,0,0,0
676,-37.5369821437624,0.0145719334621105,2.61781109504111,0.180514988713874,0.00167524943012101,-0.0310986143028393,-37.6419148663714,0.04326471355581,2.62974141526633,0.174586665313261,-0.0034585357008881,-0.0179271664208926,-30,0,0,0,0,0,0,2,-2.17483679858324,0.25932414297719,-3.46676618844339,0,0,0
677,-37.3584173723818,0.0163768645779316,2.58585514061152,0.176614012667134,0.00193460693448587,-0.0328118415184802,-37.3705727049612,0.0237993317615482,2.44174360364025,0.182244216656312,0.00137283953258167,-0.0300774273703557,-30,0,0,0,0,0,0,2,-3.48327625570869,-0.184882616781263,-1.87574447024493,0,0,0
678,-37.1837899735926,0.0182190496648366,2.55321970202203,0.172640979101297,0.00174975799583544,-0.0324575618591717,-37.3053250978812,-0.0536082939089179,2.55376504385476,0.183077687529112,0.00828511163001676,-0.0344843544558256,-30,0,0,0,0,0,0,2,-3.6971185571487,-0.72129457518384,-1.65909464212697,0,0,0
679,-37.0131538053983,0.0196081795334076,2.52109400965317,0.168631660732112,0.001028497386791,-0.031792339038278,-36.9856608977994,0.138803077878316,2.49567057743168,0.17158962451963,-0.00313694437206204,-0.0318554982593819,-30,0,0,0,0,0,0,2,-3.18764065636431,0.0360882814495712,-1.80579132892517,0,0,0
680,-36.8463688959523,0.0206547395546573,2.48942450540461,0.164938312121045,0.00106461697187668,-0.0315452984312676,-36.8088303599323,0.136653110342398,2.48537121382516,0.162403383875973,-0.00788983365273905,-0.0237311698059014,-30,0,0,0,0,0,0,2,-2.62267766773271,0.515677144589108,-2.59762544706017,0,0,0
681,-36.6832948123574,0.0219772145652758,2.45752012182774,0.161209664482571,0.0015803258422634,-0.0322620895534218,-36.7137377420118,-0.140392663505566,2.466323501375,0.159162734457844,-0.0124486123991272,-0.035676975314333,-30,0,0,0,0,0,0,2,-2.48879796176084,1.52564656692385,-1.3649494713167,0,0,0
682,-36.5235203687116,0.0243203785226665,2.42535009693048,0.158339352868414,0.00310599660333198,-0.0320768887633622,-36.3340581677996,-0.0163720978509398,2.48625024854265,0.153703654507499,-0.00734321571856703,-0.0391071622850322,-30,0,0,0,0,0,0,2,-2.70224911515069,0.767065767558582,-1.06178426858209,0,0,0
683,-36.3666075915484,0.0278099230752949,2.3935536893701,0.155486463004617,0.00387308638900587,-0.0315148625975366,-36.2623032166909,-0.0650073336065108,2.46179015350513,0.157301474813911,0.00786385764339777,-0.0328539000929203,-30,0,0,0,0,0,0,2,-3.20554104800933,-0.656371097126755,-1.63819029771822,0,0,0
684,-36.2129223343984,0.0313548416948829,2.36224863570195,0.151884262181054,0.00321674581497754,-0.031093917797597,-36.1146645091216,0.0332251228260475,2.43010030785844,0.13990604364964,0.00218413976718343,-0.0345429660492364,-30,0,0,0,0,0,0,2,-1.76127534672091,-0.284864222370438,-1.40590401079324,0,0,0
685,-36.0621967632918,0.0344291679706731,2.33101786128258,0.14956684469024,0.00293190108078181,-0.0313667603266588,-36.0244494237169,-0.163896552686193,2.28096300949589,0.159410400649487,0.0165690724791339,-0.0329364839237353,-30,0,0,0,0,0,0,2,-3.89214121751496,-1.329114142541,-1.26827762661826,0,0,0
686,-35.9145881078471,0.0366965316430978,2.30022457400744,0.145650932161742,0.00160282012414094,-0.0302183812070454,-35.8701035957738,-0.00294290897669649,2.27023041395446,0.141971562115913,-0.0194885760170028,-0.0322138995568418,-30,0,0,0,0,0,0,2,-2.45694902004368,1.95474341965368,-1.31907087222474,0,0,0
687,-35.7703430273392,0.0392767388924232,2.27012345540755,0.142839369914756,0.00355758727299202,-0.0299828154289442,-35.8449545318029,0.101844796578937,2.25248806041288,0.149018005705052,0.0361158554692602,-0.0393716782540161,-30,0,0,0,0,0,0,2,-3.21189150689934,-3.81527514008389,-0.567808295424146,0,0,0
688,-35.6289761787695,0.0409267036457181,2.24078930801867,0.139894841959603,-0.000257663052209593,-0.0286843934764295,-35.6630845220632,0.0603146721957891,2.26064708730613,0.137583476895423,0.00120509391406773,-0.0376810349847876,-30,0,0,0,0,0,0,2,-2.43217864541582,-0.241138735798351,-0.753190676133511,0,0,0
689,-35.4903018565775,0.0405484842359003,2.21244401617174,0.13745409775208,-0.000498781259460389,-0.0280052849550498,-35.3100840335879,0.0197073673533095,2.34472424793544,0.143068492905889,-0.00170529570672183,-0.0274763357961068,-30,0,0,0,0,0,0,2,-3.68668122341307,0.131114835965564,-1.94181491626021,0,0,0
690,-35.3549275463472,0.0401152818794559,2.18469818289475,0.133294755858484,-0.000367631007595885,-0.0274848757790526,-35.3387159335633,-0.036151580328004,2.04928049725449,0.138790898834432,-0.000715745584482186,-0.035807575728744,-30,0,0,0,0,0,0,2,-3.20165801631655,0.143877719104227,-0.517803421634591,0,0,0
691,-35.223082226216,0.0398196051075042,2.15788876089949,0.130396411330704,-0.000223728806531242,-0.0261329051495543,-35.1820047294944,0.0448556867799524,2.19046812694409,0.134212470236313,0.00317820198979694,-0.0339964149145934,-30,0,0,0,0,0,0,2,-3.05723756464247,-0.407531572539599,-0.981294762428848,0,0,0
692,-35.0942197063886,0.0393921267753104,2.13220751937535,0.127328997277755,-0.00063123439019884,-0.0252284569024623,-35.1533497000271,0.0848880680687597,2.11638438532044,0.115329150348057,-0.0173074100433171,-0.0357848792921717,-30,0,0,0,0,0,0,2,-1.22621563475142,1.56096486819419,-0.654280841423712,0,0,0
693,-34.9676021949643,0.0395413829677464,2.10699776486248,0.125906090235678,0.000929742303746978,-0.0251905120907527,-34.9440905361696,-0.183378033650575,2.23237558739161,0.135233757579956,0.00853499344029814,-0.0184146330277183,-30,0,0,0,0,0,0,2,-3.6351946856564,-0.486743276728665,-2.62328787201138,0,0,0
694,-34.8439627617279,0.0402277762649942,2.08179730677217,0.121372820348088,0.000443037750785131,-0.0252087746007654,-34.860599612206,-0.150261298137018,2.08050852005297,0.104981049028266,0.00264568413168183,-0.040706944900264,-30,0,0,0,0,0,0,2,-0.776905678414623,0.0359541831058534,-0.0903225500795415,0,0,0
695,-34.7229501846397,0.0406887968377288,2.05669540664009,0.120652458159492,0.000478997683987711,-0.0249947334877145,-34.5074609639097,-0.0585791199028371,2.19739813196675,0.122152628568433,0.00361435608002544,-0.00731495533941195,-30,0,0,0,0,0,0,2,-3.20034092902398,-0.24427736819687,-3.66330072999231,0,0,0
696,-34.6047149175987,0.0410456789262966,2.03115478251097,0.115817744649189,0.000234761682259166,-0.0260847849537316,-34.5953550808929,-0.022503530252791,2.07827319992078,0.110826528535284,-0.00377839545599775,-0.0244254106553282,-30,0,0,0,0,0,0,2,-1.89194269174249,0.422846606105357,-1.71400533430873,0,0,0
697,-34.4901981012175,0.0414918782190394,2.00488936996684,0.113215810477932,0.000657630319310036,-0.0264450940506329,-34.6639146664768,-0.0206588702626284,1.82976365941402,0.114839550946644,0.00248171011842188,-0.0193528997094693,-30,0,0,0,0,0,0,2,-2.15612576171072,-0.206853271316931,-1.72423734788112,0,0,0
698,-34.378390280283,0.0420460963803234,1.97834434955034,0.110399809891795,0.000450800923179803,-0.0266439269727162,-34.2516007035893,-0.0846518811025805,2.02475330610155,0.0980772808989806,-0.0132332373454939,-0.0396816331650927,-30,0,0,0,0,0,0,2,-1.30452668271945,1.49262749675455,-0.0813432956938307,0,0,0
699,-34.2685549393525,0.043243218285217,1.95198362261015,0.109271116220205,0.00194343769469072,-0.0260770977223763,-34.3781323618518,0.0470355628841069,2.14617928056724,0.110636949705699,0.00618292878369616,-0.0325921196660515,-30,0,0,0,0,0,0,2,-2.30743024686635,-0.71236400413783,-1.03314659452933,0,0,0
700,-34.1605361463817,0.0448304872340214,1.92612935858848,0.106766671573812,0.0012310948754049,-0.0256305219809344,-34.1958462246887,0.136514381469234,1.96576887755992,0.119719529334262,-0.00284456106480664,-0.027858561153618,-30,0,0,0,0,0,0,2,-3.58026048404872,0.0114273435421967,-1.14568163975804,0,0,0
701,-34.0555547393375,0.0460673138388193,1.90107584264169,0.103196590534789,0.00124255263199458,-0.02447523517753,-33.8177011796581,0.0704368675602352,2.00488947554326,0.0989066092328947,0.0100161027966712,-0.0146116779026111,-30,0,0,0,0,0,0,2,-2.2552585639733,-1.14248401478759,-2.54861116082541,0,0,0
702,-33.954059696966,0.0467386421384577,1.87622009777418,0.0997932749695335,0.000100097591689682,-0.0252350412303112,-33.9428408132213,-0.169684481747846,1.8399332172421,0.10355769440333,-0.0120013157077673,-0.0213147739094479,-30,0,0,0,0,0,0,2,-2.47008781389034,1.53950053427243,-1.54838904353941,0,0,0
703,-33.8557413112914,0.0476085049267904,1.85106642548438,0.0968435941034695,0.00163962318154701,-0.0250712479906612,-34.0563187601695,0.0938298770518913,1.81915250743666,0.102140387771425,-0.0174011817174015,-0.0252624856149796,-30,0,0,0,0,0,0,2,-2.1014012568035,1.55245841763636,-1.11205645337536,0,0,0
704,-33.7600921845321,0.0500243705009071,1.82613547170807,0.0944547986212305,0.00319210181312545,-0.0247898007156484,-33.9607593136026,0.193130768601841,1.84807487907179,0.0945756511924104,0.00532624595693766,-0.00945834878976343,-30,0,0,0,0,0,0,2,-1.53604649203591,-0.918886132897448,-2.75031487916725,0,0,0
705,-33.6671213483923,0.0527570451427093,1.80067193993329,0.0914864508876026,0.00227324086251637,-0.0261362072649287,-33.6990323628271,0.0849242278517182,1.91597367689696,0.0791817476443335,0.00246373091457327,-0.0243273796345446,-30,0,0,0,0,0,0,2,-0.520110038779109,-0.416221547160763,-1.39920939033947,0,0,0
706,-33.576301589244,0.054822183568968,1.77407587135572,0.0901527922832818,0.00185703035843833,-0.0270554395740988,-33.5302986813004,0.0880638703940105,1.7975244005775,0.0731945852460162,-0.0054010791036243,-0.0503850070686001,-30,0,0,0,0,0,0,2,-0.2588611620009,0.363980169574409,1.44345190570501,0,0,0
707,-33.4858263443302,0.056861203421213,1.74759024347514,0.09079813383802,0.00222100453298239,-0.0259160097607062,-33.4995987818708,0.26725048623364,1.78878136825594,0.0853474756326199,-0.00512221815972054,-0.0238471225224481,-30,0,0,0,0,0,0,2,-1.53554999952036,-0.0222791564952246,-1.19285048426708,0,0,0
708,-33.3960268433168,0.0590710801977494,1.72161393668932,0.0888008690010179,0.00219874218967252,-0.0260358869415024,-33.3535889453506,0.00556795009011765,1.59432813249866,0.0810242060431986,-0.00650693192246492,-0.0346776160815978,-30,0,0,0,0,0,0,2,-1.39524271361869,0.639557292066257,0.279105343162455,0,0,0
709,-33.3077092952567,0.0615896073790702,1.69605003588488,0.0878345921541426,0.00283830743374699,-0.0250915536943389,-33.3092108875896,0.0736102324947338,1.8350888324421,0.105035439259095,0.0120763005371605,-0.0242793706733458,-30,0,0,0,0,0,0,2,-3.88512215073029,-1.35485051870552,-1.24224059754962,0,0,0
710,-33.2218038665283,0.0637505088545512,1.67161836494839,0.0839767590464176,0.00148348991201414,-0.0237704338517311,-33.0918493675709,0.209800400258739,1.61530310414813,0.0863490539027075,-0.0122112451447857,-0.0188231470729114,-30,0,0,0,0,0,0,2,-2.45120665512893,0.801523713961093,-1.34829150100513,0,0,0
711,-33.1392294403429,0.0656347748999548,1.64802110430574,0.0811722502541228,0.00228503748050664,-0.0234230973557488,-33.3237950012105,-0.0493775721823366,1.63798634899464,0.0852788266638195,-0.00370768030128025,-0.0323222808872709,-30,0,0,0,0,0,0,2,-1.8802926639609,0.469523174492698,-0.0437446092621898,0,0,0
712,-33.0588275192451,0.0681545831179376,1.62510295190272,0.0796319755614068,0.00275457363403926,-0.0224126539195042,-32.9582354189562,0.020676966653225,1.54186616119254,0.0927161097553491,-0.0111573189203855,-0.0235409099778491,-30,0,0,0,0,0,0,2,-3.3551401376225,1.0743779587321,-0.729641324600166,0,0,0
713,-32.9807539739615,0.0714463626511211,1.60339308589247,0.0765156331639615,0.00382897824483072,-0.0210059836881154,-32.9849656639218,0.127116915695013,1.68514603106592,0.0701325237196527,0.00480364737271314,-0.016564066223498,-30,0,0,0,0,0,0,2,-1.04332104412174,-0.734598568661341,-1.71388543978204,0,0,0
714,-32.9052054468764,0.0749080531908043,1.58198390199775,0.0745811829262734,0.00309439594921298,-0.0218116923251137,-32.9785979317419,0.0897297328636203,1.7452319624443,0.0800373858069871,0.0264307523882519,-0.0129430999670374,-30,0,0,0,0,0,0,2,-2.04654271721499,-2.82253470455244,-2.19615392818487,0,0,0
715,-32.8321337245266,0.0765911986205095,1.55989914986332,0.0715621111751658,0.000271886915769018,-0.0223567583064959,-32.9668215877652,0.0129359837603823,1.68765288147272,0.0778581670622892,0.0049998009377707,-0.0137772004356326,-30,0,0,0,0,0,0,2,-1.85217353069862,-0.525852061297834,-1.99758571938217,0,0,0
716,-32.7619435043243,0.0766001721455585,1.53728845174375,0.0688181871938164,-0.000253941864426775,-0.0228636754507361,-32.7467886587449,0.1338820061293,1.55915364610403,0.0839043519874009,-0.00245356756173401,-0.0295318867781331,-30,0,0,0,0,0,0,2,-2.89685788125035,-0.0224072560851996,-0.165118614394744,0,0,0
717,-32.6943259232408,0.0763350395552996,1.51521431444882,0.0664175493882975,-0.00027632860438054,-0.0212837589644165,-32.6236292875458,0.242155739936698,1.65318647919466,0.0683251031986063,-0.0155156198893317,-0.0221222100416892,-30,0,0,0,0,0,0,2,-1.58525174476905,1.06725050905977,-1.09415195422041,0,0,0
718,-32.6288912308159,0.0765923474830949,1.49394854404592,0.064451880711767,0.000790938523145284,-0.0212470920327813,-32.6450488469463,-0.0489133706553408,1.38615916570039,0.0712504124151246,0.0035447219107487,-0.00489180031107174,-30,0,0,0,0,0,0,2,-1.83494354761991,-0.256645449764188,-2.2831383002936,0,0,0
719,-32.5658941318145,0.0772549783652967,1.47233918517167,0.0615421029428171,0.00053431777478225,-0.0219706171013417,-32.3463140442472,0.0658164890092386,1.52388706911149,0.0616129145308212,-0.0137141988447008,-0.0149444890197294,-30,0,0,0,0,0,0,2,-1.46866336458766,1.23978690645161,-1.55332523625003,0,0,0
720,-32.5054349685821,0.0784092019246068,1.45017653295278,0.0593761247026525,0.00177412297856373,-0.022353932257507,-32.6959125404496,-0.00300324509998048,1.52633895777374,0.054060596208977,-0.00829926789550021,-0.0108782168445349,-30,0,0,0,0,0,0,2,-0.0142345399985011,0.835933279749983,-1.96485623109399,0,0,0
721,-32.4467087216466,0.0806012991037437,1.42701365516602,0.0580758496096201,0.00261006691045051,-0.0239713626918381,-32.3628423709114,-0.124337181959848,1.36451765468055,0.0604702685518964,0.00161704648315491,-0.000455894587951446,-30,0,0,0,0,0,0,2,-1.32134211336688,0.0869697156042052,-2.68344585056596,0,0,0
722,-32.3900177394963,0.083254865236879,1.40237002316104,0.0553056900225117,0.00269705999879613,-0.0253149446389771,-32.5570024201056,0.148008800180631,1.56748582713172,0.0470397249138693,0.00523740877345289,-0.0289270188409691,-30,0,0,0,0,0,0,2,0.410032348824334,-0.819758477706552,-0.242269770166518,0,0,0
723,-32.3346552577487,0.0855420481099893,1.37678214317432,0.0554191188848751,0.00187730004617223,-0.0258608377069606,-32.3802566042792,0.137511682559147,1.42524012881737,0.0422177402042142,0.00127391509970082,-0.0151942618592078,-30,0,0,0,0,0,1,2,0.538739188137042,-0.402414875088377,-1.33105407171396,0,0,0
724,-32.2794750562602,0.087218145043944,1.35018642197251,0.0549408197139257,0.00147488867204952,-0.0273304242286316,-32.2484397485619,0.00814555727477889,1.17965874684206,0.0611995468506983,0.0104763067916597,-0.0328008385323329,-30,0,0,0,0,0,1,2,-1.62307518794609,-1.06392179371553,0.920766359549163,0,0,0
725,-32.2248960192289,0.088161078890912,1.3236776969338,0.0542178424235174,0.000410972930954788,-0.0256867667031142,-32.0082952228204,-0.0142130162129408,1.3401805409746,0.0513592261606416,0.00448126599933079,-0.0139498423682097,-30,0,0,0,0,0,1,2,-1.11933217042331,-0.419700567507198,-1.28537684512823,0,0,0
726,-32.1715438454631,0.088362212347767,1.29780122116287,0.052486408434493,-8.71315163408395E-06,-0.0260655865895791,-32.0769127224298,-0.0340005710758829,1.21932370197754,0.051041745172709,0.00534245889964317,-0.0242799372227687,-30,0,0,0,0,0,1,2,-0.950349072411219,-0.466244747812552,-0.0106536816782032,0,0,0
727,-32.1194532049674,0.0881203829716982,1.27198623177184,0.0516950707728423,-0.00047495140483546,-0.0255641111119786,-32.1055233247171,-0.0324272791770136,1.36036201027988,0.0608436840236795,-0.00930308300127636,-0.0121165244752984,-30,0,0,0,0,0,1,2,-1.87332175293384,0.995162858481663,-1.50907157302991,0,0,0
728,-32.0689858719452,0.0881430268479047,1.24638877035373,0.049239603645732,0.000520232253531855,-0.0256299709651026,-32.1777337142904,-0.136894944187787,1.04407705211958,0.0474489562981455,0.0154638529447891,-0.0305014581314026,-30,0,0,0,0,0,1,2,-0.389428201233802,-1.27259540610334,0.961991708901101,0,0,0
729,-32.0196154011207,0.0880269630726316,1.22120885984556,0.04950167067212,-0.00075236568557191,-0.0247299248712241,-31.9779768795178,0.0926831217236893,1.26587656483481,0.0389977215634335,0.0101594933469087,-0.0204274806205606,-30,0,0,0,0,0,1,2,0.0561816026922544,-1.20131557813825,-0.489005067613554,0,0,0
730,-31.9702721734417,0.0866739436965929,1.19622755081344,0.0491846450699077,-0.00195367901402734,-0.0252325733479338,-32.0422062374582,0.0435916169660286,1.07475294861992,0.0537198359130207,-0.00362896850503703,-0.0153526822417523,-30,0,0,0,0,0,1,2,-1.28757111638558,0.275713616571646,-0.614237673064602,0,0,0
731,-31.9218039884386,0.0848581301523002,1.17112397970683,0.047751841281193,-0.00167795337534315,-0.0249740740280818,-31.9813313360944,0.0945138665788616,1.08961353351798,0.0426214537942327,-0.00769584756394516,-0.0346190799811758,-30,0,0,0,0,0,1,2,-0.299482707234411,0.580557023236793,1.28268093108162,0,0,0
732,-31.8737827411334,0.0834704555470744,1.1466956156549,0.0482910474268292,-0.00109740121168129,-0.0238828227807493,-31.9068538815199,0.169949714297148,0.861835989590053,0.0420218049413588,-0.00317930490669146,-0.0385676321539984,-30,0,0,0,0,0,1,2,-0.388472731096137,-0.0219689379251488,2.13309123621973,0,0,0
733,-31.8249838795384,0.0823620690525099,1.12371367046959,0.0493073096278625,-0.00111937897295338,-0.0220813934993232,-31.6866262974458,0.0526308978178731,1.25254514171008,0.0489371721772378,0.00998533307551343,-0.0195427322054886,-30,0,0,0,0,0,1,2,-1.52046462283209,-1.10379510318709,-0.550817062871303,0,0,0
734,-31.7764597200764,0.0806908015535908,1.10186156357267,0.0477411903726807,-0.00222316081338136,-0.0216222813446737,-31.5659358574425,0.0565995469484434,1.23118186106592,0.0362608520217843,0.00969394899945461,-0.00115683883966184,-30,0,0,0,0,0,1,2,-0.494213487293393,-1.08259399384235,-2.34667983816565,0,0,0
735,-31.7296808650062,0.077926356830633,1.07945171940013,0.0458160247279119,-0.00330573885216842,-0.0231967535038534,-31.869075484375,0.10247409312433,1.11935347432808,0.0413540602198544,-0.0043368489016424,-0.03196640943943,-30,0,0,0,0,0,1,2,-0.397255053235498,0.22873670391558,0.957933995286836,0,0,0
736,-31.6837339351911,0.0747349877129676,1.05670793525026,0.046078164574432,-0.00307700459946976,-0.0222908887811591,-31.8900407910332,0.0814525401169459,0.997241719942362,0.0540989995172864,-0.011084198528001,-0.0432458440535173,-30,0,0,0,0,0,1,2,-1.62981836966226,0.945514772566208,2.33010096546701,0,0,0
737,-31.6375576961485,0.0721307424308632,1.03579140902271,0.0462752525494877,-0.00213149129925305,-0.0195422217559843,-31.5897420379064,0.111068713172142,1.04587057838611,0.0583902517464305,0.00313006635863543,-0.0347272437786226,-30,0,0,0,0,0,1,2,-2.65954109883032,-0.535144062207826,1.38098322109003,0,0,0
738,-31.5918809211295,0.0697316875242077,1.01758919794227,0.0450792193474961,-0.00266662475866892,-0.0168617864151124,-31.4519581416405,0.0733501145008206,1.07714580847601,0.0355525095171287,0.00509911413050245,-0.00963179402740592,-30,0,0,0,0,0,1,2,-0.651334668431951,-0.656611642051886,-1.19111221421143,0,0,0
739,-31.5474522345375,0.0667367658973992,1.00043797513987,0.0437779851452688,-0.00332322558742165,-0.0174402132542433,-31.5398732777957,-0.0334871849634377,1.11522316395025,0.0421024120943645,0.000178510071731888,-0.0179769023363736,-30,0,0,0,0,0,1,2,-1.13049465384511,0.0491233627536866,-0.432756094263137,0,0,0
740,-31.5042655118762,0.0634381101479644,0.983154191514899,0.0425955912632213,-0.0032740922374956,-0.0171269475343867,-31.6365727567951,0.0238585764183657,1.01400957666176,0.0467465320385549,0.0164973569005127,-0.0359223151015359,-30,0,0,0,0,0,1,2,-1.40150769026522,-1.697452842888,1.56421235683007,0,0,0
741,-31.4617230504977,0.0593152951793108,0.96703704125797,0.0424900264784059,-0.00497154399014288,-0.0151073063091092,-31.3734469610194,0.132871143916047,0.977049779348556,0.0372116015404241,-0.00411757205267272,-0.00573457271454291,-30,0,0,0,0,0,1,2,-0.974266232003688,0.146014917435178,-1.38064228724282,0,0,0
742,-31.420067340585,0.0544167690125399,0.951674706419079,0.0408212468652057,-0.00482551505650447,-0.0156167987076209,-31.4237438951143,0.1475920065523,1.05219695125933,0.0358632308552246,-0.0108327732673102,-0.0139340473876452,-30,0,0,0,0,0,1,2,-0.738835295293879,0.788093313626421,-0.710989163754148,0,0,0
743,-31.3797752631749,0.0499853078785676,0.935985092522936,0.0397628835059431,-0.00403741291710166,-0.0157620669453084,-31.3606546768506,0.0214508930502428,0.854854614563182,0.06270581440211,0.00380709646500359,-0.00274433744982292,-30,0,0,0,0,0,1,2,-3.54927208650987,-0.423611432600845,-1.43527548414407,0,0,0
744,-31.3418498118898,0.0457361086029955,0.920779353987911,0.0360884110324899,-0.00446099258789553,-0.0146481821310907,-31.1479481841882,0.157435109164236,1.01256102088654,0.0389843034481855,-0.0144420931237743,-0.0309719647094378,-30,0,0,0,0,0,1,2,-1.60253397644211,1.12933909404896,1.07207442917071,0,0,0
745,-31.3060453787727,0.0418397916079766,0.907022237576182,0.0355210649712824,-0.00333164839045815,-0.0128658564006899,-31.3311041002088,0.0700675816469296,0.8879483131223,0.043451665496444,-0.000846758118227902,-0.0144909672386379,-30,0,0,0,0,0,1,2,-1.68295834922678,-0.055459351471069,-0.32679990238081,0,0,0
746,-31.2712883959826,0.0384804226936605,0.894539540484725,0.0339931747643159,-0.0033870945818213,-0.0120990218296995,-31.2834277936182,0.192127325727823,0.81440459082178,0.0476403105482806,-0.0183733083061931,-0.00547417994883059,-30,0,0,0,0,0,1,2,-2.19717546759168,1.45307617916366,-1.0813911867605,0,0,0
747,-31.2384984054708,0.0358198794900052,0.882703083992564,0.0315869987232737,-0.00193399770667786,-0.0115730879935561,-31.3052444456599,0.117914178741011,0.958357530589537,0.0299940382170246,-0.00584640917744968,-0.0158415061460491,-30,0,0,0,0,0,1,2,-0.388914930382737,0.348812560262945,-0.332564446574162,0,0,0
748,-31.2071820283453,0.0340602921009641,0.871096587401155,0.0310457509554613,-0.00158518072944604,-0.0116397168790099,-31.3534996763988,-0.091495974341237,0.991696115437546,0.0405726403671762,-0.00953505387339493,-0.00946273939016508,-30,0,0,0,0,0,1,2,-1.35026468391998,1.13649733602197,-1.03711829185858,0,0,0
749,-31.1770013605187,0.0330433691982467,0.859466108916241,0.0293156091815205,-0.00044866866856493,-0.0116206594929833,-31.103399630591,-0.0697370099643385,0.779586443291441,0.0404822004298919,-0.000826733551162185,-0.0149758682015022,-30,0,0,0,0,0,1,2,-1.84142078180712,0.222147375044895,-0.0615860664326668,0,0,0
750,-31.1484223571151,0.0327057830014084,0.848387215381228,0.0278427744504747,-0.000226508480541734,-0.010536632750862,-31.0387709710676,-0.0897138167518319,0.849613665967691,0.0271950903410997,0.0144681723391438,-0.0181467356257011,-30,0,0,0,0,0,1,2,-0.641967091974669,-1.26738960041071,0.115446230634731,0,0,0
751,-31.1208007714028,0.0318455837560203,0.838072890263737,0.0274005632433585,-0.00149389434664921,-0.0100918618520993,-31.1479584287059,-0.0166307377833858,0.824775041439763,0.019979594727872,0.0184594903425396,-0.00521437440584795,-30,0,0,0,0,0,1,2,0.297957384624557,-1.81268755868718,-1.12811264229473,0,0,0
752,-31.0936659893674,0.0294453499915397,0.827425700146286,0.0268686561995011,-0.00330657786386814,-0.0112023357146325,-30.9861805159387,0.0733588058157177,0.805135548129411,0.0172338876760678,-0.00644839627966099,0.000490627297808631,-30,0,0,0,0,0,1,2,0.248972264270658,0.498122016334663,-1.65933382603968,0,0,0
753,-31.0672550629296,0.0263878397512633,0.815482311261079,0.0259527288296257,-0.00280844861935189,-0.0126841335547021,-31.104502710434,0.0706707425224748,0.935216321312696,0.034239491875736,0.000948867040840731,-0.00897313323596981,-30,0,0,0,0,0,1,2,-1.21494376670564,-0.236228189129023,-0.973119319028412,0,0,0
754,-31.0420955577145,0.0234612870073131,0.802794171185436,0.0243662976798082,-0.00304466334530355,-0.012691618892618,-31.050314070102,0.0391897362996183,0.863602322726291,0.0349914326853781,-0.0127042165842169,0.00552576309368307,-30,0,0,0,0,0,1,2,-1.39851512833379,1.19204218582245,-2.27978095482089,0,0,0
755,-31.0190166194598,0.0210126589623288,0.789663042139728,0.0217913097275227,-0.00185259943446695,-0.0135697888867518,-31.1050073067638,0.00791186697297653,0.884435979448715,0.00805702308106578,-0.016744188208659,-0.0103556135920104,-30,0,0,0,0,0,1,2,1.40431230542105,1.65859508691995,-0.733310599696394,0,0,0
756,-30.9969459324396,0.0199893573686413,0.775332776839201,0.0223495838498622,-0.000194009920662221,-0.0150909216748047,-30.853438270418,0.111080201479668,0.652526239494387,0.0150973597414107,0.00434322942708102,-0.00299217511806749,-30,0,0,0,0,0,1,2,0.197140566695017,-0.656483345667439,-1.00583496718202,0,0,0
757,-30.9748654498203,0.019467110510994,0.759770060883543,0.0218110918856958,-0.000850489199927041,-0.0160343281553924,-31.0992321767903,0.0791468408769424,0.912582456005294,0.0343569500825925,-0.00212619311844934,-0.0169903757031277,-30,0,0,0,0,0,1,2,-1.23723065467856,0.0543256300910495,-0.126127341697818,0,0,0
758,-30.9535822853476,0.0186437930043847,0.74406528976618,0.0207554723179197,-0.000796154508473726,-0.0153748683387158,-31.0159336853826,0.0548428662925827,0.726606824862572,0.0279989083052113,0.00701331484704146,-0.00464035395237297,-30,0,0,0,0,0,1,2,-0.768023459755885,-0.811017217289312,-0.989178254487846,0,0,0
759,-30.9334572536928,0.0174421380707888,0.728540821074862,0.0194945062872232,-0.0016071612033393,-0.0156736586172686,-30.7172652224691,0.103495144364964,0.576226559163283,0.0263425108438146,0.00783104556166216,-0.0223623798344742,-30,0,0,0,0,0,1,2,-1.19972063944322,-0.990094844896143,1.08378486512086,0,0,0
760,-30.9140812074636,0.0153399328875801,0.71364536939262,0.0192581077966401,-0.00259725373382562,-0.0141171647452698,-30.9400963362977,0.131143318305132,0.599339077363655,0.0244145309653286,-0.0100451662291824,-0.0143753007170679,-30,0,0,0,0,0,1,2,-0.561260423937406,0.742229986307972,0.238851916979484,0,0,0
761,-30.8949737844103,0.0131137981699317,0.699778222337243,0.018956917167052,-0.00185502122984272,-0.0136170255078753,-30.5362595960837,0.111464676992936,0.78645514972252,0.0176128056883779,0.0157781556765706,-0.0239137351042482,-30,0,0,0,0,0,1,2,-0.688761376670423,-1.80074492164293,0.818463210979776,0,0,0
762,-30.876026043261,0.0103584075370174,0.686672629803102,0.018938913546546,-0.00365576588148527,-0.0125941478646237,-30.9040169843176,0.0868363536093061,0.595941965305647,0.0365003691752275,-0.00199984087633644,-0.0220575085848622,-30,0,0,0,0,0,1,2,-1.84200294888762,0.0263113804150318,1.01386692787492,0,0,0
763,-30.8574678327412,0.00671580352346916,0.675040751664255,0.0181781474218154,-0.00362944746462942,-0.0106693560254085,-30.8720748005925,0.120018371134477,0.643322713729165,0.0201616868623352,0.0140855358904876,-0.00422797484309738,-30,0,0,0,0,0,1,2,-0.272019085048529,-1.64859033131771,-0.863847943148593,0,0,0
764,-30.8396887211996,0.0022620663416484,0.664110798690028,0.0173799221371391,-0.00527803130965135,-0.0111902851804182,-30.8705427370894,0.0255620310592778,0.597825866878208,0.0106723090708547,0.000178458616740736,-0.00664382699099174,-30,0,0,0,0,0,1,2,0.673854567093373,-0.0689699237926293,-0.531269034657242,0,0,0
765,-30.8222418915934,-0.00305044860071234,0.652476876402087,0.0175134662578506,-0.0053470029435029,-0.0120775964634374,-30.8399336777709,-0.0766756935260946,0.435763192043021,0.0280676131018142,0.0009874440620812,0.00536629108889285,-30,0,0,0,0,0,1,2,-1.12689395463967,0.0546069808440692,-1.40815549297533,0,0,0
766,-30.8056298518404,-0.00837013884045576,0.640214004310493,0.0157105058323478,-0.00529238075973055,-0.012447556954787,-30.8905198613087,-0.133071927542519,0.550985744297121,0.0228146866509499,-0.000129624051052585,0.00244319152629058,-30,0,0,0,0,0,1,2,-0.500428942477607,0.279106260190297,-1.3462906412233,0,0,0
767,-30.7905642614625,-0.0135229589958727,0.627400968393913,0.014420456870284,-0.00501326387570688,-0.01317809304564,-30.8365676014057,0.082176644606567,0.693434532186304,-0.0143148676987653,-0.0210093994326353,0.000403062870906568,-30,0,0,0,0,0,1,2,3.10462197268798,1.93658665405039,-1.42717535146327,0,0,0
768,-30.7754554252148,-0.0175679338304614,0.612645681569628,0.0157962159591838,-0.00307669059374222,-0.016332918900727,-30.8366028665339,-0.0885693752028222,0.570761823775634,0.0331131669569591,-0.00287116941141491,-0.0151406824644903,-30,0,0,0,0,0,1,2,-1.63811096262806,0.464255691547135,0.372544598897761,0,0,0
769,-30.7601719108304,-0.0204124895938642,0.596969818742637,0.0147712511954951,-0.00261242580387986,-0.0150184727545053,-30.7658744811233,-0.0372551144003014,0.428083692579365,0.0227418300380205,-0.00358855336220617,-0.0160615280308699,-30,0,0,0,0,0,1,2,-0.742434041555358,0.43336556502122,0.749985417928263,0,0,0
770,-30.7454504281521,-0.0228082297377467,0.582457467092412,0.014672056990609,-0.00217905923706687,-0.0140061941113661,-30.7095269937626,-0.0626429080261376,0.516584652438389,0.017940168926537,-0.00285728817405356,-0.0102095158886602,-30,0,0,0,0,0,1,2,-0.374962905128521,0.411014633457631,-0.0122177160107622,0,0,0
771,-30.7309392301592,-0.0247817768982353,0.568549546836949,0.0143504196478284,-0.0017680420003177,-0.0138095391341789,-30.7602913722206,-0.230193645135955,0.441810811481939,0.0131576658966677,-0.000392626606357182,-0.00583759330298225,-30,0,0,0,0,0,1,2,0.204816154774436,0.499649950907628,-0.299862292665654,0,0,0
772,-30.7166257505551,-0.0262999919781916,0.55453956639642,0.0142764247344076,-0.00126839182389052,-0.0142103938728447,-30.7119820583415,-0.180525990653005,0.484044590275184,0.0330096030639749,0.00178756922661795,-0.0183015470177112,-30,0,0,0,0,0,1,2,-1.8769961897144,0.182295058644215,0.86206552122075,0,0,0
773,-30.7027875283161,-0.0274772295420989,0.541251432401088,0.0134006268637251,-0.00108608867706026,-0.0123655897568035,-30.6689509040979,-0.132112548208535,0.422153017402121,0.00819617595997059,0.00264740548252482,-0.0148873869215822,-30,0,0,0,0,0,1,2,0.518284212198807,-0.00051545183541174,0.64443265735398,0,0,0
774,-30.6889940871898,-0.0285635765095507,0.528937973635537,0.0141863037122031,-0.0010866111059942,-0.012261576153497,-30.556554084673,0.143857981142549,0.602052347871904,0.00901364202484002,0.00107017852369742,-0.0102062799502747,-30,0,0,0,0,0,1,2,0.211743966862075,-0.394733814654841,-0.183476700716336,0,0,0
775,-30.6748030132413,-0.0298475512910592,0.516517637889547,0.0141957585145504,-0.00148134536820689,-0.0125790958431403,-30.5476515849877,-0.196462712240046,0.654979073787331,0.0147761697122713,0.0129235754200474,-0.0148687525697497,-30,0,0,0,0,0,1,2,-0.382313801251711,-0.89943211752465,0.176917109400311,0,0,0
776,-30.6607070254079,-0.0317786090787189,0.504111182654529,0.0139963434929546,-0.00238077584522644,-0.0122337470133419,-30.5566446807697,-0.0698740128568802,0.433870240233396,-0.000133334940385621,-0.0016507714230124,-0.0155035770472217,-30,0,0,0,0,0,1,2,1.12662285557788,0.304825168015001,0.682617224255373,0,0,0
777,-30.6460765268022,-0.0340069754072907,0.491741952196142,0.0152645821669216,-0.00207596197739812,-0.0125051131375421,-30.6125318542382,-0.103015237848875,0.571939379153086,0.0187317303580326,0.0081778324045971,-0.0164644138216794,-30,0,0,0,0,0,1,2,-0.648109327326946,-0.611752764761961,0.502562623861766,0,0,0
778,-30.6309035076191,-0.0363888107623903,0.479618980629802,0.0150817145672035,-0.00268771304828966,-0.0117407690141567,-30.727587216229,0.0923780322803087,0.62651695410919,0.00484641456995564,-0.00436420489927015,-0.0294280035796106,-30,0,0,0,0,0,1,2,0.970532975462402,0.251664425366398,1.68976644974268,0,0,0
779,-30.6149129409337,-0.0389506958532413,0.468170611196055,0.0168996210735687,-0.00243606427752846,-0.0111565466912239,-30.5233503652499,-0.148202635669114,0.363547816465232,0.0361399138701036,-0.00667343429661798,-0.00029090944171855,-30,0,0,0,0,0,1,2,-2.56729065651063,0.963748701000025,-0.698004688758609,0,0,0
780,-30.5992201033567,-0.0409048727090781,0.457580314335478,0.0144864280944104,-0.00147229442811992,-0.0100232740025656,-30.6308217602456,-0.195492486634873,0.46716641393288,0.0172842478424703,-0.0104410006404466,-0.00520161897680873,-30,0,0,0,0,0,1,2,-0.466781263755832,1.4350850373144,-0.414170930184888,0,0,0
781,-30.5850584141249,-0.0416596190185108,0.44753640781066,0.0138369500997219,-3.72040020584552E-05,-0.0100643287377406,-30.4125500464872,0.165440720443009,0.337782611025694,0.0255898235402366,0.00499988581587214,-0.0262481347045222,-30,0,0,0,0,0,1,2,-1.73388226104926,-0.830870022473233,1.94924824840083,0,0,0
782,-30.5712374962641,-0.0421122536657574,0.438756887124035,0.0138057141882184,-0.000868072744836628,-0.0074946984207454,-30.5514564388776,0.164996442172268,0.36523467637366,0.00017118114262134,0.000740346912784752,-0.00690961837033229,-30,0,0,0,0,0,1,2,1.08579476349316,-0.404027575623011,-0.0395075157140904,0,0,0
783,-30.5570496282272,-0.0431823414107602,0.430867799193488,0.0145697836083339,-0.00127210747052957,-0.00828371530668499,-30.6484038900726,-0.204640824949729,0.477189741681711,0.00896009896582497,0.0130953805952811,-9.90950855692899E-05,-30,0,0,0,0,0,2,2,0.400797883562676,-0.900256409628647,-0.944469974806494,0,0,0
784,-30.5426549030794,-0.0449045727317389,0.422077829996607,0.0142193590493222,-0.00217236151966125,-0.00929610687844737,-30.5093487577083,-0.00817123361104636,0.432049500869888,0.00838878828319806,-1.43926162715414E-05,0.01001827598837,-30,0,0,0,0,0,4,3,0.1798186870967,0.0177817288492469,-1.86592660057677,0,0,0
785,-30.5290001168197,-0.047068035746803,0.412004761913209,0.0130897358250194,-0.00215457098251037,-0.010849668290296,-30.3111609831863,0.00735550547050275,0.367737785273093,0.0219734740829519,-0.0110526852342415,-0.00990083166817559,-30,0,0,0,0,0,4,3,-1.57502544192262,1.09055751248315,0.254607596271373,0,0,0
786,-30.5164272933411,-0.0486773206689389,0.401754582337704,0.01205630542417,-0.00106400416813259,-0.00965035953307239,-30.4710967019229,-0.0770822619829117,0.428390739373044,0.00601449072000807,-0.0152579765594764,-0.00426582138947165,-30,0,0,0,0,0,4,3,0.340744331844964,1.67996217991346,-0.430199339798922,0,0,0
787,-30.5043991432069,-0.0489013426711056,0.391811924640199,0.0119998204497228,0.000615958018897361,-0.010234931756993,-30.3704170447252,-0.0495805458063664,0.499210984821819,0.0108469487208912,0.00054750016262206,-0.0142542252067454,-30,0,0,0,0,0,4,3,-0.343860782638649,0.0444110753505267,0.427000551030901,0,0,0
788,-30.4923982132511,-0.04826317638473,0.381832468595708,0.0120022148853639,0.000660369128563565,-0.00972397629463642,-30.2584103106293,-0.267632295430652,0.392048310404389,0.00299712503727288,-0.00847697777160919,0.000873386474443454,-30,0,0,0,0,0,4,3,0.217108117531223,1.38296236802222,-0.871435268253124,0,0,0
789,-30.4806175466583,-0.046911321726306,0.371692902490206,0.0115588707170653,0.00204333471032222,-0.0105550129304833,-30.5820751056109,-0.020417642768828,0.237216695703092,0.0220568299315291,-0.0131437959920472,0.00143520896607542,-30,0,0,0,0,0,4,3,-1.04153278193108,1.35521488474237,-0.617954288013726,0,0,0
790,-30.4696656546878,-0.0441903710253393,0.361236663222192,0.0103449888465333,0.00339855996999274,-0.0103570812792261,-30.4872667319572,0.067552247132938,0.342641023410475,0.00497445907380996,-0.00217175767796832,-0.0109993347828741,-30,0,0,0,0,0,4,3,0.477087556533359,0.0820712735309558,0.414651431466464,0,0,0
791,-30.4590173183096,-0.0407507737025014,0.350857759896482,0.0109516861273063,0.00348062578436629,-0.0104009162890794,-30.4635894473955,-0.133495187210303,0.272403215996972,0.012814707018421,-0.00306154067066992,-0.00298571479111149,-30,0,0,0,0,0,4,3,-0.35429180705109,0.573144441487599,-0.246234952882795,0,0,0
792,-30.4482923851698,-0.0369835707871497,0.340465840596174,0.0104981996869566,0.00405377395427787,-0.0103827763711846,-30.3389171549254,0.0670768430675079,0.256588372485666,0.0158751595115041,-0.00392210044548405,0.00586078923095083,-30,0,0,0,0,0,4,3,-0.909681641299529,0.258056358413389,-1.09925566806641,0,0,0
793,-30.4385124275068,-0.0328007603101017,0.329960547700625,0.00906165232844262,0.00431184238254719,-0.0106273551366079,-30.5257620470822,-0.192673196861514,0.283839498460707,0.0080226094748729,0.0057255777025253,-0.00391840527642735,-30,0,0,0,0,0,4,3,0.249263146677038,-0.187211376529503,-0.17583846927868,0,0,0
794,-30.4294295917614,-0.0285825208686713,0.31916816199341,0.00910393031881911,0.00412463026728311,-0.0109574262628018,-30.5006497236198,-0.0560525146156607,0.334290232491839,0.0234418553179772,0.00167333806484455,0.00259857115555513,-30,0,0,0,0,0,4,3,-1.34288608455803,-0.0552287772531332,-0.928437580539191,0,0,0
795,-30.4211482412706,-0.0244854941207184,0.308298380999218,0.00745884024230273,0.00406941557669091,-0.0107816202794223,-30.5412121893179,-0.145641027357806,0.474649546536186,-4.60270554822782E-05,0.0171028426394539,-0.00244275211129835,-30,0,0,0,0,0,4,3,1.08702708418411,-1.41900220922978,-0.705023881942537,0,0,0
796,-30.413534318367,-0.0211255784928893,0.296875780001966,0.00776861297801006,0.00265040978953967,-0.0120636828854094,-30.3161060745689,-0.124686216137893,0.348532189750075,-0.00366592656130138,-0.00258154964368052,-0.0284237058194935,-30,0,0,0,0,0,4,3,0.998804805268031,0.507527396643838,2.1453062024492,0,0,0
797,-30.4046900046899,-0.018221411638052,0.285258658545592,0.0099203056879613,0.00315791889487999,-0.0111712289384182,-30.3488582334589,-0.0365668967222032,0.249576757860795,0.00376360356482434,-0.00302240978962743,0.00720226742265925,-30,0,0,0,0,0,4,3,0.321356110435405,0.37537477240715,-1.21938025798752,0,0,0
798,-30.3950720737975,-0.0148758000949405,0.273510458057211,0.00931521112000611,0.00353329803989979,-0.0123249816587574,-30.6167473989861,-0.138452274602156,0.465442946034206,0.00634650904128652,0.000773190038213839,-0.00057629576193757,-30,0,0,0,0,0,4,3,0.598843893843504,0.199585545382928,-0.873256315874654,0,0,0
799,-30.3858412953657,-0.011242706241993,0.2606443909299,0.00914602294799185,0.0037328842135063,-0.0134070962555078,-30.5430213027419,-0.0344627028805882,0.174986161863893,0.00563416506812341,0.0163088256831795,-0.01999927880238,-30,0,0,0,0,0,4,3,0.522626098671385,-1.56195716255678,1.64995555651021,0,0,0
800,-30.3759622012593,-0.00829080279458904,0.247657204295115,0.0106124425622757,0.00217091465088514,-0.0125677323230677,-30.3727843448173,-0.00413872939878107,0.213315074920939,-0.00657580635866083,-0.00245966371767078,-0.0123946539473299,-30,0,0,0,0,0,4,3,1.40314932550071,0.25424383056464,0.812835244891108,0,0,0
801,-30.3645707800826,-0.0059927705506481,0.23490222388136,0.0121702980203892,0.00242514460299664,-0.0129427090433093,-30.4841681769136,-0.0531698939385928,0.0815803695800821,0.00409654386182239,0.00611643957823905,-0.00864097438846917,-30,0,0,0,0,0,4,3,0.558681967644867,-0.50530416994672,0.700936699686753,0,0,0
802,-30.3519720756527,-0.00382027823507319,0.222013171772195,0.0130271597939314,0.0019198328849095,-0.0128356584318177,-30.1973278089279,-0.106547197599461,0.196463091439995,0.0120803569577387,0.00605707618811338,-0.00133947112928116,-30,0,0,0,0,0,4,3,-0.813380077917991,-0.392613223612417,-0.258979069951873,0,0,0
803,-30.3393468647048,-0.0020967458513883,0.209336564867981,0.0122233754107325,0.00152722656473446,-0.0125173012511269,-30.201648205672,-0.11516229141028,0.187554274317802,0.0261183169337566,-0.00428770706342731,-0.0111536263559355,-30,0,0,0,0,0,4,3,-2.2085352820317,0.659095289163292,0.740254086957948,0,0,0
804,-30.3277048187535,-0.000239963304639083,0.197818082313235,0.0110613469571874,0.00218633283795457,-0.0105193026441709,-30.2619136075255,-0.0204028465172757,0.164544315206303,0.0348317464452224,0.00685685743155111,-0.00589852058198436,-30,0,0,0,0,0,4,3,-2.9593474294713,-0.644880050120559,0.260763427785831,0,0,0
805,-30.3176618822524,0.00162394131668717,0.188374278694568,0.00902520344653032,0.00154147144462198,-0.00836767105251905,-30.2776820226682,0.10773702775692,0.235685640604319,0.013883505063653,-0.00132281953465929,0.000675880131495844,-30,0,0,0,0,0,4,3,-0.832986461028951,-0.0831921020479107,-0.538959294358223,0,0,0
806,-30.3091370318752,0.00312382363698407,0.180072096525904,0.00802454969372485,0.00145828788101091,-0.00823638105885495,-30.2523350209936,0.126378816269222,0.123763309766571,0.00894524209981568,-0.00533052665319542,-0.0178011248903339,-30,0,0,0,0,0,4,3,-0.389854167994286,0.280295032781097,1.53258586950025,0,0,0
807,-30.3007505848913,0.00472225808477469,0.172517539347011,0.008748773849976,0.00173857731921239,-0.00687295398544888,-30.209325983011,0.178793935567435,0.0258360835468766,0.00747715697195894,0.0155489830112617,-0.00888254302902379,-30,0,0,0,0,0,4,3,-0.329063731173862,-1.91248617226104,0.836582135808625,0,0,0
808,-30.2918510388323,0.00550459441893883,0.166048419784345,0.00905057952356749,-0.000173911115812622,-0.00606537457351669,-30.2986380199994,0.03173435309174,0.130267216167948,0.00298524517879815,-0.0250488117566375,-0.0134039213561405,-30,0,0,0,0,0,4,3,0.298751522119045,2.44141246948027,1.07985770327815,0,0,0
809,-30.2823352235152,0.00655138836795828,0.16026435385593,0.00998123557136977,0.00226749352650677,-0.00550303968148675,-30.3291082518327,-0.06342098064697,0.108518528523871,0.0112373159502591,-0.00802696157280888,0.0153037013819407,-30,0,0,0,0,0,4,3,-0.465515091360528,0.929538118574828,-1.74740719524181,0,0,0
810,-30.2731251295308,0.00928365958439134,0.154257935056179,0.00843865397567237,0.0031970441902975,-0.00650932048780661,-30.2554561029619,0.0230553881031489,0.0872236196984536,0.0180773764479369,0.00582320308515346,0.00146360364532424,-30,0,0,0,0,0,4,3,-1.29682543886983,-0.628431084721644,-0.320807603929331,0,0,0
811,-30.2652824293757,0.0121664962937249,0.148053242960729,0.00724694526949106,0.00256862361766259,-0.00589969365550842,-30.3946331297479,0.0359565944207882,0.273554024943118,0.01669777731691,-0.00428243389767051,-0.00217698205844557,-30,0,0,0,0,0,4,3,-0.88051147219512,0.356330200925475,-0.329409844041679,0,0,0
812,-30.2584804809856,0.014913291561432,0.142315273868994,0.00635706128151069,0.00292496156017427,-0.00557596787483536,-30.290678258989,0.0363573119414957,0.0410309387913779,0.0371849044190862,-0.0042002766450396,-0.0235114860261144,-30,0,0,0,0,0,4,3,-3.13713392393064,0.347313040620969,2.26908672502869,0,0,0
813,-30.2525187202121,0.018011917498205,0.138621946484195,0.00556762578728909,0.00327228367365152,-0.00181044236267868,-30.2885407992331,0.185897401508199,0.255099854235165,0.00307033161367229,0.00691619940567705,-0.0155247966255891,-30,0,0,0,0,0,4,3,0.270048437099043,-1.0634147435841,1.04227995408858,0,0,0
814,-30.2465055382084,0.0207524922915196,0.137089485285039,0.00645891536996861,0.00220886150137466,-0.00125474926370067,-30.2018261125238,0.217327796024011,0.24652237941553,-0.00225654559695702,-0.00356929070686061,0.00514702887874885,-30,0,0,0,0,0,4,3,0.629306784743296,-0.0777265213619608,-1.00774764670594,0,0,0
815,-30.2401634322914,0.0229224943745623,0.135236662702012,0.00622494059928361,0.00213113613332481,-0.00245082205548795,-30.2298224823082,-0.133743109735087,0.129812771710572,0.0242628167223435,-0.000260804170793172,-0.0218586974053494,-30,0,0,0,0,0,4,3,-1.9666367076179,0.293566636549491,1.9262441971138,0,0,0
816,-30.234014680581,0.0252004180267295,0.134146327851643,0.00607340084903673,0.00242470575042695,0.000270201894025719,-30.2664992949126,0.106389996800775,0.396758262030456,0.0103742215636642,-0.0153173745085544,0.00112022850030358,-30,0,0,0,0,0,4,3,-0.504423566541288,1.31895745725389,-0.905539374091269,0,0,0
817,-30.2284393602457,0.0282846093985068,0.134241216915539,0.00507714249563965,0.00374367149517871,-8.01153692746269E-05,-30.0502126137379,-0.0489399724853326,0.243649446903963,-0.00442806063865801,0.0173008747154889,-0.0166663737353749,-30,0,0,0,0,0,4,3,0.543231291341626,-1.63220752657822,1.17933847972956,0,0,0
818,-30.2227680454531,0.0312121753126133,0.134395839063083,0.00626563582076283,0.00211145395423669,0.00038900194289828,-30.1733824562195,0.0256916417636555,0.0682253735920271,0.00856411443160457,-0.00609785840529111,-0.0100596398057472,-30,0,0,0,0,0,4,3,-0.509646530721401,0.5584025570018,0.869513233390667,0,0,0
819,-30.2163991851247,0.0336028320685572,0.135262750456759,0.00647238377515833,0.00266985529318876,0.00134476082704067,-30.2691879795998,0.00733774676762633,0.207310637317423,0.00891327478117757,0.00128174023883937,-0.00322740294616632,-30,0,0,0,0,0,4,3,-0.352951518918081,-0.14284951741919,-0.0918809800182142,0,0,0
820,-30.2100922374564,0.0362012673364581,0.136679598609236,0.00614156277277633,0.00252700866023585,0.00148903935722863,-30.2579521767686,0.00799181340667878,0.133580880824076,0.0179618482470176,-0.0125646275113571,-0.0019566581532759,-30,0,0,0,0,0,4,3,-1.28028047116447,1.24047912432236,-0.0714959463205614,0,0,0
821,-30.204448690846,0.0393485229416525,0.138564109494651,0.00514577684624484,0.00376749684179844,0.00228028800024956,-30.2018485753501,0.117592590651012,0.22819020890822,-0.00293899932298545,0.00799467445873747,-0.0168160524464511,-30,0,0,0,0,0,4,3,0.697597082998819,-1.03465262717577,1.22522482682867,0,0,0
822,-30.1986345133405,0.0425986905112211,0.141041927706788,0.00648270555147205,0.00273283290326528,0.0026749461263011,-30.1612834958338,-0.117912739372769,0.132495008035267,-0.000293669356552465,0.013572351680201,-0.00999450967740961,-30,0,0,0,0,0,4,3,0.351933927322882,-1.12140968927456,0.734460951670427,0,0,0
823,-30.1917767433949,0.0447708176432079,0.143851434538881,0.00723292389144722,0.00161141688297996,0.00294384395731097,-30.292038288293,0.229870007995167,0.140606276467053,0.00426013695194389,0.000986363354661321,0.00135945949891992,-30,0,0,0,0,0,4,3,0.158062881391518,-0.558376351456466,-0.417158502826097,0,0,0
824,-30.1846320849413,0.0461030495674588,0.146574161959896,0.00705626751927511,0.00105304169664781,0.00250167019616671,-30.2158203724039,-0.0678686443841449,-0.00107921816409412,0.0193631292584036,-0.0120168133684253,-0.00878022137170612,-30,0,0,0,0,0,4,3,-1.50467218103265,1.33741862561082,0.8801805734988,0,0,0
825,-30.1778294567143,0.0478248064251677,0.149896390428882,0.00654949329739335,0.00239046579217269,0.00414294499868484,-30.1292338945196,0.0746117247148879,0.0534379293739513,0.000567751959854745,-0.0116090130232984,0.00249338496140754,-30,0,0,0,0,0,4,3,0.201692593053706,1.01167785290006,-0.356214354888656,0,0,0
826,-30.1713309799986,0.0507211144002903,0.153826134953839,0.00644733878203402,0.00340214419265071,0.00371657923516359,-29.9835904777873,-0.0214621352053097,0.0879101368019728,0.013047173075034,0.0101544591645093,0.00203300440180706,-30,0,0,0,0,0,4,3,-1.3375363519287,-0.972521646040311,-0.379120713784652,0,0,0
827,-30.1655047684991,0.053637005984595,0.157847157744556,0.00520527692831288,0.0024296336510122,0.00432584416886139,-30.0816374289976,0.192761502470267,0.102047994265931,0.00559777853117595,0.0014154217380396,0.000728150557930572,-30,0,0,0,0,0,4,3,-0.396502995122404,-0.527065178744493,-0.276911044324918,0,0,0
828,-30.1605417653827,0.055803111668774,0.162194151868669,0.00472074857571305,0.00190257264542425,0.00436829559564186,-30.171652430546,0.0621147487136905,0.174476321000337,0.00376946421050573,-0.00146761166693395,0.0186805748451676,-30,0,0,0,0,0,4,3,-0.0336415599585222,0.0225316692660138,-2.21701012651744,0,0,0
829,-30.1565946281033,0.0577169593636209,0.165752466821868,0.00317304451097653,0.00192511644849319,0.00274880322352307,-30.0881211346751,0.0785273289817719,0.336645215708294,0.00594698252216275,-0.00335921627744971,0.00737022061404438,-30,0,0,0,0,0,4,3,-0.418455982865985,0.178866969781427,-1.41031249282103,0,0,0
830,-30.1540607303859,0.05973151675821,0.168118423401398,0.00189452671408158,0.00210399382555802,0.0019834960151876,-30.2348317223099,0.00052502567265883,0.0852295678766968,0.00421507027702626,-0.00676805275146226,0.0241354852122433,-30,0,0,0,0,0,4,3,0.0481564169172496,0.675755223800909,-2.58400765697772,0,0,0
831,-30.1530381020464,0.0621733984231175,0.169132903431794,0.000150154451878481,0.00277976260864845,4.59897856151109E-05,-30.1051723805218,0.129352689913738,0.286478369883376,0.00435200491126619,0.0050083645634555,0.016493564781449,-30,0,0,0,0,0,4,3,-0.224855730083089,-0.759541836173025,-2.22231321791165,0,0,0
832,-30.1537369890487,0.0645733996712259,0.16843670246527,-0.00154836648767082,0.00202023423585509,-0.00143788063770124,-30.2051193171711,0.164569126449389,0.172332235889915,-0.00880853643509986,0.00430834541997596,-0.00892254035687079,-30,0,0,0,0,0,4,3,1.29109227785225,-0.759972794896375,0.54758956390725,0,0,0
833,-30.1546341639455,0.0662136446591774,0.166745984780399,-0.00024612774751671,0.00126024974880627,-0.0019439439310436,-30.0788604089629,0.237179718009065,-0.0152795117145198,-0.000876479518313517,0.00727908584328522,0.011714443902202,-30,0,0,0,0,0,4,3,0.245368769757229,-1.20226802034665,-1.14088536679116,0,0,0
834,-30.155189256326,0.0668727642196886,0.16429296860581,-0.000864353723448208,5.79861971457612E-05,-0.0029619045146511,-30.3537658663966,0.209572678488296,0.342241618902607,0.0124313639425744,0.0183461627139695,-0.00459600370605579,-30,0,0,0,0,0,4,3,-0.535604661464163,-2.25376162837354,-0.224882867199634,0,0,0
835,-30.1563327205156,0.0658038761789071,0.161423632436403,-0.00142251217004152,-0.00219577059160442,-0.00277659734493104,-30.2296907728343,-0.0339369605051861,0.13875968031176,-0.0136653178614173,-0.0044498918152994,0.0108216787592339,-30,0,0,0,0,0,4,3,1.82591333181041,0.512863102540312,-1.35968723654691,0,0,0
836,-30.1575663784768,0.063864538208847,0.157516453467223,-0.00104546870440255,-0.00168291256021368,-0.00503787105044595,-30.2526498678809,-0.178896048327482,0.200173135558065,-0.00101020553222822,0.00296558737798382,-0.00740530461369907,-30,0,0,0,0,0,4,3,0.606320288984525,0.0612333588565825,0.340184190253777,0,0,0
837,-30.1582832171009,0.0622122421702185,0.152384076628081,-0.000388258193983457,-0.0016216851331218,-0.00522707775871714,-30.1464749579898,-0.0395424075495709,0.0662307935585649,0.0200975320532659,0.0143471615729775,0.00695207645849221,-30,0,0,0,0,0,4,3,-1.716803289347,-1.35563134219861,-0.827669232966351,0,0,0
838,-30.1595876336245,0.0599127519746636,0.147437515217925,-0.00222039941718976,-0.00297730040062769,-0.00466549775534462,-30.2141825808063,-0.0923562152448903,0.232116777870357,-4.31873109817084E-05,0.00464531619486962,-0.00776377467482017,-30,0,0,0,0,0,4,3,0.432683892710774,-0.279819188997181,0.312143911741304,0,0,0
839,-30.1615518630096,0.0567955421509052,0.142727439138828,-0.0017080786501272,-0.00325712419885017,-0.00475480569547814,-30.2419724012007,0.266886816619217,0.169075868377253,-0.00881940469754962,-0.0120749164810089,0.0106087761652938,-30,0,0,0,0,0,4,3,1.36588527215639,0.673718014862456,-1.39902935328389,0,0,0
840,-30.1632551338725,0.053875278562427,0.136986012356202,-0.00169904272767873,-0.00258340792858595,-0.00672804974223774,-30.140314787652,0.118305181576884,0.000787225687103571,-0.0129735900244131,-0.0138634132344746,0.00108690320648947,-30,0,0,0,0,0,4,3,1.57798857774533,1.14973096029369,-0.110264772023155,0,0,0
841,-30.1644300343055,0.0518667339517019,0.129664991274419,-0.000651102874324018,-0.00143368706472276,-0.00791430519402708,-29.9079515661054,0.142063345589065,0.074824000027704,0.00745169879881335,0.000808394882446516,0.00794885646178196,-30,0,0,0,0,0,4,3,-0.9292667476705,-0.364966179422782,-0.944533646233604,0,0,0
842,-30.165753363237,0.0502505723043157,0.121719609681191,-0.00199556324092358,-0.00179864187254397,-0.00797605879199963,-30.1122837398101,0.0343789405787642,0.346573310799997,-0.011652735349277,0.0105366395287939,0.00738340038255393,-30,0,0,0,0,0,4,3,1.3898410145479,-1.12242183403692,-1.43148665985539,0,0,0
843,-30.1677502605931,0.0478907216682112,0.112737093445529,-0.00199881852959746,-0.00292106543791224,-0.00998897261612599,-30.2792044353305,-0.0411638157868503,-0.253172539708225,0.010134356075994,0.00587293305049926,-0.00849448061902926,-30,0,0,0,0,0,4,3,-0.455026736938456,-0.504965673476226,1.35579314131938,0,0,0
844,-30.1694566250806,0.0447171736404534,0.103386589305964,-0.00141352270282721,-0.00342603530749751,-0.00871220853876511,-30.3149407139499,0.0971956341736248,0.141887242912036,0.000321763235021993,-0.00558414012480742,-0.00713797207618189,-30,0,0,0,0,0,4,3,0.597705104397512,0.364022744133492,0.430022721794116,0,0,0
845,-30.1705160259604,0.0414731489612963,0.0946140017228923,-0.000705305635730165,-0.00306201892579166,-0.00883317621059392,-30.0223566971037,0.0202607260404571,-0.00140446308027835,-0.00333931822630693,0.0147490424690793,-0.0150945222423899,-30,0,0,0,0,0,4,3,0.378645216838021,-1.51542569898884,1.51226115039954,0,0,0
846,-30.1705721983203,0.0376534144823074,0.0861864292020914,0.000593208696573961,-0.00457745531688731,-0.00802235267576224,-30.2215858141854,0.0299766201138913,0.243313239924573,0.0145112408137986,-0.0187070239145807,-0.0060802758500837,-30,0,0,0,0,0,4,3,-1.00795245300907,1.81074915123029,0.121401105159223,0,0,0
847,-30.1703108256974,0.0339813392053901,0.078546245296105,-7.02305077690294E-05,-0.00276669998860309,-0.00725781844805467,-30.1402096907261,0.188826942929897,0.0485036358665672,-0.0109499830085818,-0.00522081455718641,-0.0136488751917922,-30,0,0,0,0,0,4,3,1.37541768231028,0.144427569858848,1.26788024744608,0,0,0
848,-30.1694554766477,0.0312868474851219,0.0712596451628779,0.00178092166742835,-0.00262228854739836,-0.00731592561509541,-30.2393455532492,-0.0996140467516642,0.227529774753175,0.014573996840555,-0.0121148516287973,-0.022150968958956,-30,0,0,0,0,0,4,3,-0.978708577557164,1.41071325638306,1.76003734638925,0,0,0
849,-30.1674272792772,0.0293699171893101,0.0649062639064092,0.00227604928999888,-0.00121157811320944,-0.00539098016360098,-30.1857209198334,0.0237054927062564,0.200718656244553,-0.00760164187945512,-0.00638540901375324,0.00386689170815753,-30,0,0,0,0,0,4,3,1.13160602761241,0.591129915962811,-0.788126483304858,0,0,0
850,-30.165025063907,0.0284539047343544,0.0588276849166225,0.00252798583207464,-0.000620451628587764,-0.00676625135756586,-30.266335290963,-0.0687492625933542,-0.0441855126241297,0.0166263967653058,-0.0124530885197669,-0.00309666315394489,-30,0,0,0,0,0,4,3,-1.1299690946046,1.3828073771634,0.398037340642748,0,0,0
851,-30.162775170093,0.0285248632110591,0.0525852121144402,0.00197211917316162,0.000762361271039883,-0.00571852859781575,-29.9729272258042,0.0586716192002706,-0.00697346209330191,-0.0018683533657878,0.0076297180066313,-0.0161749166259608,-30,0,0,0,0,0,4,3,0.132689788187149,-0.880315039063671,1.63143858678269,0,0,0
852,-30.1601976718601,0.0288470656883824,0.0473966960594027,0.00318319640522899,-0.000117963431027837,-0.00465885589375553,-30.1744266657719,0.0658537707237852,-0.0216817095880507,-0.0128938272984243,-0.00106195219115405,0.000184695342630467,-30,0,0,0,0,0,4,3,1.6382360613863,-0.0255123223321653,0.0248938849130548,0,0,0
853,-30.156424436321,0.0287163432672456,0.0421660466724948,0.00436294770139946,-0.000143486985541708,-0.00580278750204231,-30.2180138082029,0.125440265758463,0.039527521207833,-0.00244575785198483,-0.00258545788431293,-0.0229513843682276,-30,0,0,0,0,0,4,3,0.680603401604228,0.00766525691436798,2.2160833944071,0,0,0
854,-30.1510553466344,0.0285766837729672,0.0369109890796953,0.0063755621144308,-0.000135838242693072,-0.00470791506126466,-30.2626943328813,0.118801643824185,-0.0554068671060575,0.00144632017900165,0.00680135220039716,-0.0168103384014186,-30,0,0,0,0,0,4,3,0.380756647862391,-0.917738507688087,1.79184757435397,0,0,0
855,-30.1439279039698,0.0279819725774765,0.0327008597511617,0.00787962406395903,-0.00105358895703693,-0.00371277825715537,-30.2035802037054,0.0510708919668623,-0.0134647850237944,0.0244623856303358,0.00834110430338938,0.0133609456547003,-30,0,0,0,0,0,4,3,-2.03907815562274,-0.936252214272662,-1.30916499542244,0,0,0
856,-30.1372433460498,0.0264602709816992,0.0292127617830261,0.00548963300421923,-0.00198982032029546,-0.0032627155899527,-29.9195509247714,-0.201878864342909,-0.120906491212132,0.0166995101502933,0.00369040642626893,0.00649970658790078,-30,0,0,0,0,0,4,3,-1.83084916548647,0.0347170860589244,-0.408157676365814,0,0,0
857,-30.1325599749613,0.0244878208126918,0.0264277368508443,0.00387739859636824,-0.00195508863742565,-0.00230686250141596,-30.1658301454134,-0.0826968902958445,0.213665698333701,-0.00850005116941156,0.0186986386583297,-0.00894732025496688,-30,0,0,0,0,0,4,3,1.18166540776791,-1.70447008524128,0.467400628829286,0,0,0
858,-30.1281023752358,0.0216804938971032,0.0238647666991939,0.00503765842911859,-0.00365956923860585,-0.00281941331756076,-30.1302843309704,-0.0984439001229105,0.151676654840402,0.00153039204715095,0.00802345254566645,-0.00809935744621224,-30,0,0,0,0,0,4,3,0.107529457225608,-0.605457454320824,0.506582434940419,0,0,0
859,-30.1228563747914,0.017718196855906,0.0211766497572464,0.00545442616763889,-0.00426503014020593,-0.00255693939117917,-30.122761085925,0.150184902832953,-0.0372650892229525,0.00657109677836304,-0.00672452385435853,0.00251141668254555,-30,0,0,0,0,0,4,3,-0.41158750598627,0.372082579769947,-0.17661148980865,0,0,0
860,-30.1176176072353,0.0136392121128991,0.0186868884160163,0.00502315604668666,-0.00389294382390181,-0.00242245346815694,-30.2828353634214,0.194616082480626,0.03810023208801,0.0113179208043845,0.0141793269031228,-0.0064638055828933,-30,0,0,0,0,0,4,3,-0.566121353595624,-1.80716485527353,0.57018009411331,0,0,0
861,-30.1126047372693,0.0088426905269435,0.0166533585205212,0.00500282121336512,-0.00570010790404601,-0.00164459832884698,-30.1438901614728,-0.159436964609121,-0.0397360946743523,-0.0244691076189858,-0.0109929258052152,0.00735303841922986,-30,0,0,0,0,0,4,3,2.7346910848441,1.41816650973976,-0.655831652574281,0,0,0
862,-30.1068581608924,0.00385166122039398,0.0138064491314735,0.0064896416069414,-0.00428195639816011,-0.00404964961220453,-30.2662275717719,0.184230223152242,0.0728234865324856,0.0282406555301412,-0.0109952240343932,-0.00433451699485563,-30,0,0,0,0,0,4,3,-2.29161040947041,0.731061957134832,0.287804726420592,0,0,0
863,-30.1010951044839,-6.47548548421337E-05,0.0106467035396085,0.00503699603986046,-0.00355088045856283,-0.0022694145084667,-30.1936245774142,0.0804805561806209,-0.0665925039338204,-0.00946569470125976,-0.0223945601871617,-0.00596185971739844,-30,0,0,0,0,0,4,3,1.33381862495432,2.07849490635492,0.729370979607485,0,0,0
864,-30.0953326645936,-0.00257639144261645,0.0081590222285882,0.00648776429122962,-0.00147239851376565,-0.00270636381882484,-30.0922473346146,0.176893443255029,-0.0523608915148978,0.0268986485243797,0.00627366486379736,0.010690244772885,-30,0,0,0,0,0,4,3,-2.50537018320877,-0.981153372889793,-0.964302694258708,0,0,0
865,-30.0900839603158,-0.00453935271805349,0.00597081749982625,0.00400995297769487,-0.0024535297291857,-0.00166932435582325,-30.0494455832397,-0.0540013504760377,-0.155190457820621,0.000136605076049353,-0.0129941973518026,-0.000223766134780521,-30,0,0,0,0,0,4,3,0.0852306588744764,1.40742243613233,0.332757529119293,0,0,0
866,-30.0859331009952,-0.00628916986999246,0.00437834765337386,0.0042918173763689,-0.0010461096553617,-0.00151569309812756,-30.0724091083655,3.95576700485626E-06,0.0628641104047434,-0.0133864667900511,-0.000112317878127679,-0.00168638037849492,-30,0,0,0,0,0,4,3,1.48346489573605,0.0112238762787582,0.0429098170400055,0,0,0
867,-30.0811027047109,-0.00732966959152757,0.00234619886117179,0.00536868554734807,-0.00103489606255297,-0.00254891080333929,-30.1151927354461,-0.0607006884224851,0.0595576697081641,0.0265187592020923,-0.0126086425568955,-0.0181538584809113,-30,0,0,0,0,0,4,3,-2.42149044931711,1.38226563253452,1.6962705086748,0,0,0
868,-30.0760098689118,-0.00767342597487796,0.00123789406162866,0.00481782476281434,0.000347376864045906,0.000332461890103893,-30.0206008974515,0.00280509249242687,0.0871343062169998,0.00590039901880947,-0.000669568708562783,0.00131600249957692,-30,0,0,0,0,0,4,3,-0.548838106977923,0.0613466858714245,-0.305868862391691,0,0,0
869,-30.0714997327578,-0.00729536995072188,0.00164116916040451,0.00420249407895082,0.000408728910295453,0.000474268453969758,-29.8969840213159,0.126223870864236,0.0367241037693869,-0.0113240399397712,-0.00677394103715046,-0.0158542916118488,-30,0,0,0,0,0,4,3,0.926372036608974,0.424946361986575,1.51198095364611,0,0,0
870,-30.0664414889992,-0.00667417263024951,0.00231697996144863,0.00591411565375628,0.000833660873243152,0.000876866162156584,-30.1581540375261,-0.0338528511204495,0.148467867452333,0.00115351687060668,-0.00535015777742416,-0.00171064907606558,-30,0,0,0,0,0,4,3,0.200956387991487,0.602721479983315,-0.125870827298108,0,0,0
871,-30.0605044557876,-0.00553914854219812,0.00306532638120511,0.00595988440808252,0.00143638166538211,0.000619817663027711,-30.1661466286344,-0.255568124410964,0.0998761223984109,0.0166654478548777,0.00115792741041881,-0.00230095896459529,-30,0,0,0,0,0,4,3,-1.33425152821904,0.395343507780047,0.0303436516627071,0,0,0
872,-30.0550133563641,-0.00390508778249242,0.0041513629894276,0.00502259103626404,0.001831734054419,0.00155253166552429,-29.952327848822,-0.0668345046877676,0.0237578025913007,-0.00659639773809306,0.0131000420268173,0.00868371566643805,-30,0,0,0,0,0,4,3,0.564295471453331,-1.17633519330619,-0.915887171826406,0,0,0
873,-30.0501159606281,-0.00266151739393219,0.00516721019289129,0.00477189991585696,0.000655399955803413,0.00047923899284287,-29.8499513104955,-0.152731306001786,0.123007092483536,-0.00526443086526861,-0.0154684833123664,0.00719313976969803,-30,0,0,0,0,0,4,3,0.226345707517851,1.85231094324021,-0.965328161936876,0,0,0
874,-30.0456076672771,-0.00107995777049861,0.00521124357079035,0.00424444609951092,0.00250771455227847,-0.000391017156568967,-30.1556716195741,0.0716657573236313,0.0202651329815043,0.0131905280681014,0.016467660886202,0.0129743636947977,-30,0,0,0,0,0,4,3,-1.0077095676619,-1.79009760326746,-1.33796663544277,0,0,0
875,-30.042197110456,0.000532717907352573,0.00468725423676391,0.00257659960917235,0.000717630968565948,-0.000656482759439723,-29.9358417318595,-0.15510395581448,0.0151136598858252,-0.00621556444123777,0.0100036973973324,-0.0100448872321506,-30,0,0,0,0,0,4,3,0.493239907842772,-0.690161828104279,0.974261403443413,0,0,0
876,-30.0391076968863,0.000905266151254915,0.00419191245784759,0.00360232497063143,2.74605674089889E-05,-0.000334491496649884,-30.0801801645668,0.123555711090004,0.180948930605179,0.000788551712381432,-0.00771407931895045,0.00829613550453037,-30,0,0,0,0,0,4,3,0.0815051578954384,0.524296509715037,-1.19151141166339,0,0,0
877,-30.0359012043915,0.00119488043919276,0.00339411984297918,0.00281040291814017,0.000551762926003937,-0.00126086390924095,-29.9544165635834,0.0105868390227757,0.104599786029301,0.0054856321390653,-0.0128238433027017,-0.00199649691364648,-30,0,0,0,0,0,4,3,-0.639730086739779,1.26121065222462,-0.00954988069395499,0,0,0
878,-30.0333266638428,0.00237725354739485,0.00234404299896904,0.00233880582852171,0.00181297796863553,-0.000839154776039477,-29.8936640863347,-0.00516852131191809,-0.0116114010193866,0.0080543027471347,0.00685508701693237,-0.0094509407873195,-30,0,0,0,0,0,4,3,-1.01810210204399,-0.675171659069401,0.968316880770724,0,0,0
879,-30.0310126559159,0.00385264964654597,0.00219614687548587,0.00228960950453275,0.00113780800944458,0.000543377156288268,-29.8919563582543,0.0014668374270971,-0.00839256543577536,-0.00329909511970534,0.00705565378388778,-0.00593883428425666,-30,0,0,0,0,0,4,3,0.113822228479186,-0.708499053242972,0.610668559297216,0,0,0
880,-30.0284718166903,0.00463620899364891,0.00290475446939367,0.00279217008951054,0.000429304899813415,0.000873698254368352,-30.0038713707716,-0.059454281104558,-0.159639801219434,-0.00527180282287554,-0.000808945681487013,0.0214759934905304,-30,0,0,0,0,0,4,3,0.534923023830786,0.199803130357817,-1.82831974661417,0,0,0
881,-30.0261400376943,0.00516542029790994,0.00293100896155097,0.00187091412629546,0.00062911422608507,-0.000820924977346357,-29.9035361376067,-0.0512512398930693,0.100206021875259,0.0206578959178382,0.00761220448512399,0.020626367540137,-30,0,0,0,0,0,4,3,-2.25871731657042,-0.65871796872626,-2.26304879776422,0,0,0
882,-30.025873113296,0.00546519203598249,0.00209638249651919,-0.0013370655790499,-2.95762738891575E-05,-0.000847415941092909,-29.9810392199061,0.103510343354953,-0.0214475921695593,-0.00296699044316884,-0.00141561512016288,-0.0128732572545844,-30,0,0,0,0,0,4,3,0.258777484129072,-0.0654591746936169,1.33022090979756,0,0,0
883,-30.0266538253944,0.00540288542117799,0.00161911601423524,-0.000224140243342929,-9.50443452920465E-05,-0.000107433400041639,-30.1528643918134,0.0140915239899376,-0.0565952948644499,-0.00561900076577527,-0.00665236077581692,-0.00209412046530629,-30,0,0,0,0,0,4,3,0.867628860204317,0.637053029601816,0.322602636259529,0,0,0
884,-30.0264620677842,0.00562636575442666,0.00130941247609651,0.000607546035803827,0.000542001075662735,-0.000512205293976341,-29.736450516432,0.015729468273424,0.0262321679938971,0.0122748678038504,0.00044727489804678,-0.00745752643860506,-30,0,0,0,0,0,4,3,-1.75458574752106,-0.0761864263515261,0.693288307872712,0,0,0
885,-30.0262341723677,0.00613027998475014,0.00165300584615175,-0.000151261167200802,0.000465822817272051,0.00119961172327114,-30.1563511913668,0.0725670955538104,0.0669121752433133,-0.00249791325535561,0.003188515307011,-0.00419746768436353,-30,0,0,0,0,0,4,3,0.562493708269237,-0.463985721808721,0.285922417949726,0,0,0
886,-30.0260897219646,0.00636411009632906,0.00274492796912467,0.000440107005951894,1.83174747182826E-06,0.000984069143738272,-30.1725679204584,-0.00718223288443073,-0.0434798316582728,-0.00205347131954427,-0.0153744602279743,-0.0094950587559648,-30,0,0,0,0,0,4,3,0.550482972871216,1.55181048856629,1.03646553891303,0,0,0
887,-30.0250924400649,0.00714184577377091,0.00388992138866388,0.00155455598248275,0.0015536329421623,0.00130560638578834,-30.0371758099234,0.00240304474372984,0.020512475052453,0.00859992908306448,-0.0039888013432417,-0.00695341416703384,-30,0,0,0,0,0,4,3,-0.785641288459597,0.39407404483671,0.654316466598478,0,0,0
888,-30.0235870919958,0.0088925199914244,0.00569429922862074,0.00145642415322635,0.00194770879566257,0.00230317906462652,-29.9804755204235,0.0959000195747808,-0.130044046354449,-0.00858622820406098,0.00649739009736998,-0.00056401332311954,-30,0,0,0,0,0,4,3,0.819573861253141,-0.84153904888656,0.316489425020853,0,0,0
889,-30.021733018718,0.0104194573894906,0.00780801964368561,0.00225162159176842,0.00110616248970567,0.00192404098348675,-30.1087558213227,-0.184330596819906,0.206884915385847,0.00199260108644034,0.00240863621964331,0.00997536288533225,-30,0,0,0,0,0,4,3,0.0182515340014565,0.127797571675481,-1.41130611930492,0,0,0
890,-30.0199793983641,0.0115895247849077,0.00921759808520363,0.00125533735107844,0.0012339675236124,0.000895397726064978,-30.1990535864183,-0.0973380803111012,-0.10130030239655,-0.0116490235049319,-0.00684283645263308,-0.00486226744178533,-30,0,0,0,0,0,4,3,1.56300952332969,0.878959805885511,0.688827348971633,0,0,0
891,-30.017933440431,0.0132629665414613,0.00979038386060251,0.00283640231195649,0.00211291303448539,0.000249733261934792,-30.0291903482596,0.0683971280178885,0.201816784695688,0.0100906604591844,0.00159022877914646,0.00190762637929896,-30,0,0,0,0,0,4,3,-0.950685349399142,-0.295817133950423,-0.594396207321272,0,0,0
892,-30.015647298723,0.0152279789878384,0.0101575458617476,0.00173595405744713,0.00181710553494805,0.00048490309880396,-30.0832730639304,0.0824243677433161,-0.0187349671771884,0.0108914257118018,-0.00189342872355929,0.00787528795228571,-30,0,0,0,0,0,4,3,-0.922596443319436,0.0244941368692965,-0.750058860874194,0,0,0
893,-30.0145068356037,0.017057339051309,0.010696086483221,0.000545009804847426,0.00184160995342868,0.000592513909564805,-30.1429899204541,-0.0051528833488696,0.107286563562441,-0.00912902978576142,-0.0275865454497725,-0.0197381931103788,-30,0,0,0,0,0,4,3,1.19888281948441,2.76896031167499,1.75924618391299,0,0,0
894,-30.0129191949749,0.0202834235339648,0.0114708112646066,0.00263037722557,0.00461055268831217,0.000956352114284839,-29.963343528901,0.0853173176514721,-0.0194115696608666,0.0166959071501576,0.00821067344796797,-0.00859606610387152,-30,0,0,0,0,0,4,3,-1.74290365721374,-0.991701980099741,0.898429749708885,0,0,0
895,-30.0105855771425,0.02439813106714,0.0133519488369572,0.00203738302445476,0.0036188576888271,0.00280609188546848,-30.0934417911807,0.02795186296932,-0.0614302602579067,0.00817965679366612,0.0136300116097531,-0.00773566014799971,-30,0,0,0,0,0,4,3,-0.631082097005116,-1.41890488691395,0.896426535315784,0,0,0
896,-30.0084537557263,0.0273075391691171,0.016686819017748,0.00222655982674069,0.00219995225890562,0.00386360015826186,-30.0383584678772,0.000480644360908021,0.0710229433380682,0.00733939621755737,0.0066988389576252,-0.0194568412326255,-30,0,0,0,0,0,4,3,-0.65722268600136,-0.670845184484336,1.80363823658641,0,0,0
897,-30.0058178813219,0.0291720686109986,0.0214066925351741,0.00304567126715813,0.00152910183830158,0.00557592212208797,-29.8038992284783,0.009437068374235,0.0514550932767857,-0.00147234451125916,-0.00256020738910979,0.00978750771838342,-30,0,0,0,0,0,4,3,-0.244967091917462,0.237146602162509,-1.08166095839191,0,0,0
898,-30.0032451764394,0.0308197512608577,0.0266794427521414,0.00209957608399726,0.00176625590679697,0.0049698469815167,-29.8662314643496,-0.0916836831174776,-0.0260761210836467,-0.00604581968201529,0.00652155947529544,-0.00858315663910562,-30,0,0,0,0,0,4,3,0.337044896900693,-0.468788581294589,0.910467906077855,0,0,0
899,-30.0007047026406,0.0323516118145228,0.0318376088591963,0.00298148251489656,0.00129746014578826,0.00534624307885808,-29.9909094942122,0.0827829280939165,0.0612074217351171,0.00787774251986383,-0.0127185882186243,0.021160559930224,-30,0,0,0,0,0,4,3,-0.805955263561918,1.1062929656746,-2.23847083649263,0,0,0
900,-29.9988058651899,0.0342022302112898,0.036676195430148,0.000815918393875426,0.00240377059876223,0.004331538633506,-29.8878086712201,0.00506885845745165,-0.0786048256302121,-0.000498618657652594,-0.0062299552508872,-0.00158731647567124,-30,0,0,0,0,0,4,3,-0.174520791794513,0.612857808173817,0.315941298827548,0,0,0
901,-29.9979404949221,0.0369124323475523,0.0411707763890257,0.000914918303132791,0.00301662789177592,0.00465759938113826,-29.8613834274835,0.0293613638682258,-0.053955876422804,0.0148241823229235,-0.00216325361401398,-0.0136737868831895,-30,0,0,0,0,0,4,3,-1.75965137732533,0.157602633664946,1.47529044116455,0,0,0
902,-29.9971163899762,0.0400078654757845,0.046963164346192,0.000733925553213136,0.00317423452846406,0.00692723052359681,-30.0246229007746,-0.0335777970791165,-0.0088903141775389,-0.0124473615001756,0.000134362483932786,0.00633142201320052,-30,0,0,0,0,0,4,3,1.2939819515667,0.0537193457649544,-0.615361572964974,0,0,0
903,-29.9961506533811,0.0432089610594984,0.0532029820901122,0.0011971716864629,0.00322794841365921,0.00555227904784768,-29.9670746268529,0.00386056536077067,-0.0642041780375778,0.0132237178850702,0.0035117215927537,-0.0040435442112516,-30,0,0,0,0,0,4,3,-1.38822253480113,-0.358893289996911,0.532762777200315,0,0,0
904,-29.9952497162231,0.0462574688727699,0.0594277943493272,0.000605076978339473,0.00286906167445773,0.00689751148545438,-29.9672839546201,0.0051305292925014,0.154528193427936,0.0127395727685624,-0.00445949279176272,0.0158904817289935,-30,0,0,0,0,0,4,3,-1.339389367616,0.435688220591269,-1.89810455975523,0,0,0
905,-29.9957923359781,0.0493443868601349,0.0661317597249101,-0.00169041843812992,0.00330476916590323,0.00651105310310577,-29.9182749913973,0.0893114140240416,0.23585957099321,0.014295184042669,0.0126163874369264,-0.0129767337144061,-30,0,0,0,0,0,4,3,-1.59296842147232,-1.44026157174073,0.82595422945419,0,0,0
906,-29.9977442318321,0.0519290326650522,0.0734929322814115,-0.00221290217512599,0.00186451395501406,0.0082114405182279,-30.0673949119952,-0.0178849913872871,0.156076954694553,-0.0023670514182936,-0.00143045404985849,0.0040263472539053,-30,0,0,0,0,0,4,3,0.371494965819706,0.178815387760423,-0.714788634779636,0,0,0
907,-30.0000835687688,0.0538829575264155,0.0813138074014486,-0.00246598270400169,0.0020433306622777,0.0074303807847102,-30.1055918275732,0.0205292211395381,0.0200507078448015,0.0170706830557076,-0.0125397324701905,0.0135587577714623,-30,0,0,0,0,0,4,3,-1.49588465042438,1.21291480473998,-1.39597719283583,0,0,0
908,-30.0035718878056,0.0565327582385452,0.0887854404770546,-0.00451062810829793,0.00325626309863054,0.00751344736699744,-29.9905784595878,0.0316969582807601,0.0637843141286612,-0.00701882663452399,0.000610097652544374,0.00103899200425696,-30,0,0,0,0,0,4,3,0.68303958262791,-0.124403681815958,-0.231467828683018,0,0,0
909,-30.007927893611,0.059726820975447,0.0959664936464472,-0.00420156127895173,0.00313185603109337,0.00684857662339977,-29.9353637830674,0.280155210454349,0.0557371603314391,-0.00936186388179487,0.0207603093430491,-0.00210324040006383,-30,0,0,0,0,0,4,3,0.806913954314383,-2.6363413552136,0.0988497193435052,0,0,0
910,-30.0118137473238,0.0615405063935157,0.102553050566851,-0.00357028666274621,0.000495508680021773,0.00632436633196783,-29.9735351096151,0.147664988886688,0.354036164559224,0.0199797395248306,-0.000494892693604287,0.00841702813198928,-30,0,0,0,0,0,4,3,-2.0509037332529,-0.245840708412947,-1.54977514231738,0,0,0
911,-30.0166553038549,0.0619131104003067,0.109066644295092,-0.0061127194951565,0.000249690193933895,0.00670352147843861,-30.0440208784087,-0.0260263161187135,0.231456242413193,-0.0089257405487495,0.00197097771884416,-0.00852778473334571,-30,0,0,0,0,0,4,3,0.980615811692282,-0.145045139646989,0.389865988508184,0,0,0
912,-30.0222877201806,0.0620902750804611,0.11554773720767,-0.00515223211127782,0.00010463631172365,0.00625840309994513,-29.91854258709,0.220774991018944,-0.052635533830436,0.00997152884717638,0.00442729631285324,0.00822490810152413,-30,0,0,0,0,0,4,3,-1.16006771053761,-0.884279613323212,-0.717219742491541,0,0,0
913,-30.0281021451769,0.0617527798188593,0.121967080720489,-0.00647652625762975,-0.00077963158614485,0.0065806482807206,-30.0908170135966,0.040725140373564,0.029771146115869,-0.00608518906134782,-0.00327991807081839,0.00205647355864322,-30,0,0,0,0,0,4,3,0.79015293332808,0.246541526334711,-0.26518964809606,0,0,0
914,-30.0344003331459,0.0610964201736853,0.12816579981062,-0.00612005437081432,-0.000533093993603104,0.00581669416248305,-30.151597723521,0.197183619582694,0.0358993645771432,-0.00978968048098432,0.00895660506507014,0.0035788672430441,-30,0,0,0,0,0,4,3,1.28216349514035,-1.2900277456724,-0.429685453458696,0,0,0
915,-30.0402309461464,0.0599183120515006,0.133366185259896,-0.00554150536220144,-0.00182312811617117,0.00458391956773744,-29.9266747002509,0.124998381312495,0.0987590170453778,0.0117385368917482,-0.0131608209464874,-0.00456825990283057,-30,0,0,0,0,0,4,3,-1.32050428867309,1.06608533202375,0.259307956192301,0,0,0
916,-30.0461395487321,0.0586282335234359,0.138509085364587,-0.00627539236626431,-0.000757035232677961,0.0057020793202049,-30.0563272504957,0.118019858825651,0.170710234285423,-0.00474648902657114,0.00537792774048707,-0.010072582062498,-30,0,0,0,0,0,4,3,0.587303403648489,-0.77383249170001,0.66583773767895,0,0,0
917,-30.0519728576811,0.0574842817564557,0.144224899046547,-0.00539121468963162,-0.00153087528123016,0.00572930601715652,-29.7840462857575,-0.0655805679003557,0.260280973899049,-0.0157327788690338,-0.00395995924538836,0.0285896533764242,-30,0,0,0,0,0,4,3,1.14137045841841,0.527157060339548,-3.37952728544052,0,0,0
918,-30.0581871068029,0.0562169931359262,0.148364915841741,-0.00703814443410087,-0.00100370780597932,0.00255117605955577,-30.1550183923199,0.17606866036522,0.255137135719957,-0.00334890873317766,-0.00148704448835287,-0.00476027521576869,-30,0,0,0,0,0,4,3,0.644927657957501,-0.203432871895153,-0.0342467498630447,0,0,0
919,-30.0650172058003,0.0551115698136586,0.150666385604838,-0.00662218441092145,-0.00120714486502523,0.00205165175663891,-30.1028261283731,0.0401472647808837,0.153471806084775,0.00344883875742586,-0.00192040802066672,0.00344499438408143,-30,0,0,0,0,0,4,3,-0.13923161899643,0.111746272504905,-0.651443050577693,0,0,0
920,-30.0719259033818,0.0539603035319031,0.152537002116389,-0.0071953053269114,-0.00109539414539588,0.00168973818973919,-30.0948137868212,0.145462244311621,-0.0694986109115077,-0.0150419121278871,-0.0116701667767925,-0.00414957572706025,-30,0,0,0,0,0,4,3,1.69381878643121,0.876092189056005,0.55395479452904,0,0,0
921,-30.0783385741217,0.0533029504014937,0.153802072832236,-0.00563026197853597,-0.000219316407087738,0.000839978869532377,-29.9451461169305,-0.0131735270217553,0.123579751897352,-0.0197597141592882,-0.00717576803541457,0.00102831081414479,-30,0,0,0,0,0,4,3,1.86626364978981,0.743923857584968,-0.349990585209183,0,0,0
922,-30.0834535320002,0.0534555942174196,0.153841134552993,-0.00460008688229742,0.000524596681489282,-0.000762136222305226,-29.8297586001702,0.0397888185840807,0.206674750821256,-0.00737707508757898,0.00350669956906719,-0.00226183573585406,-30,0,0,0,0,0,4,3,0.397224709098308,-0.430247594074881,-0.187165928057106,0,0,0
923,-30.0879887477346,0.053765068207176,0.152864123617066,-0.00447045617138957,9.43474049545772E-05,-0.00119192063939222,-29.9695744727014,0.0443477571551864,0.0628833738138948,0.00840302905340636,-0.0114252338504534,-0.00835888517137034,-30,0,0,0,0,0,4,3,-0.901153959937886,1.05382787073497,0.710121769509245,0,0,0
924,-30.0925191001974,0.0543863335494688,0.152236483979923,-0.00458993941746412,0.00114817756762636,-6.33260098420359E-05,-30.2077531321935,0.0279330823122163,0.257963379183418,-0.00884529487637671,0.00935040816527691,-0.0170735645192209,-30,0,0,0,0,0,4,3,1.30003575202461,-0.990906981152124,1.19142969355525,0,0,0
925,-30.0962337629768,0.0550390529261298,0.15210794122654,-0.00283941785378284,0.000157255377621803,-0.000194230846162467,-30.2715653653364,-0.0966127163613279,0.118100342638547,-0.0025015865016492,0.0146035913239248,0.00367871684924866,-30,0,0,0,0,0,4,3,0.793289380837805,-1.26713369966983,-0.60407237020196,0,0,0
926,-30.0990224095138,0.0545627434112169,0.151410615627123,-0.00273814097774717,-0.00110988044935119,-0.00120044746064695,-30.1789130736917,0.00559195933212608,0.231918890625117,-0.0117640362631784,0.000576940192437856,0.0094519601437525,-30,0,0,0,0,0,4,3,1.53422977370132,-0.0688779379080377,-1.40903379562548,0,0,0
927,-30.1017462893309,0.0534184271552047,0.149161135133821,-0.00271017944774924,-0.00117876121042093,-0.00329851829384188,-30.2911496162087,0.107462388545495,0.140773080380954,-0.0015011458627661,0.00663836771513114,-0.00958512771365259,-30,0,0,0,0,0,4,3,0.73241381869398,-0.878761548604104,0.676966610603352,0,0,0
928,-30.1039650005886,0.0518002839490107,0.145823143297627,-0.00172725866830303,-0.00205753135717818,-0.00337773034502742,-30.0546217256123,0.000382954377969841,0.078817595438342,-0.00639616221228325,-0.00448596819642047,0.0227699814433899,-30,0,0,0,0,0,4,3,0.748859672452897,0.447830910886107,-2.43463333521567,0,0,0
929,-30.1063224652336,0.0499666753495366,0.141326946843705,-0.00298826590170338,-0.00160969244272208,-0.00561432323446831,-30.1805364304807,0.00410756597067759,0.330638881365011,-0.0143743251093821,0.00178623056655372,0.000465927772195577,-30,0,0,0,0,0,4,3,1.79850537189965,-0.186838188596727,-0.707870539949579,0,0,0
930,-30.1089553171025,0.0482635640677621,0.134809409183937,-0.0022779179620544,-0.00179653901793997,-0.00742094338887398,-29.9932060007952,0.168214236954572,0.0929014410594088,-0.0139577055853142,0.0149320111418195,-0.00306057351534572,-30,0,0,0,0,0,4,3,1.38218256012176,-1.82962958809109,0.120254469415754,0,0,0
931,-30.1107222391397,0.0455522083964959,0.126920712984789,-0.00125616812017628,-0.0036261786171526,-0.008356722367809,-29.9431536707704,-0.0710226142253171,0.184774671109989,-0.0107558316140591,0.00723037870399138,-0.0106712934958363,-30,0,0,0,0,0,4,3,0.961890502946634,-0.580992641948504,0.697580007363657,0,0,0
932,-30.1114032437287,0.0416355308866021,0.118446527247022,-0.000105896351794334,-0.00420718152522651,-0.00859195829293247,-30.0120282725161,-0.115067740537382,0.176441746341435,-0.00104679985834027,0.0116035540841747,0.00265207483772698,-30,0,0,0,0,0,4,3,0.128736530866251,-0.930219927342702,-0.618090976455567,0,0,0
933,-30.1116982247259,0.0369632457482115,0.109586288620864,-0.000484199442784165,-0.00513739899982268,-0.00912841054324672,-30.1880786896053,0.0529540051277028,0.0436716494939657,-0.0062731457015624,0.00611228339084525,-0.0320290402445306,-30,0,0,0,0,0,4,3,1.00347194936676,-0.71713634933993,3.11556072546513,0,0,0
934,-30.1107152292009,0.0314672718463079,0.101155165719605,0.00245057136281813,-0.00585455888067721,-0.0077346177420243,-30.1864157070938,-0.0116766642545616,0.269119426287302,0.00372010323616076,0.00450164303216102,-0.015588749116401,-30,0,0,0,0,0,4,3,0.000821090571511418,-0.426810974706979,1.02063605906549,0,0,0
935,-30.10790195041,0.0253993077433518,0.093760386861624,0.00317618048269087,-0.00628137534538818,-0.00705512981786973,-30.2411721475702,0.0381092324020483,0.0832833464565916,-0.00230170447838286,-0.00936369566460013,-0.00116032063377611,-30,0,0,0,0,0,4,3,0.712514742978722,0.860151101655916,-0.0505346295355718,0,0,0
936,-30.1045076637533,0.0195480091274186,0.0864181023855024,0.00361224695777911,-0.00542122880101339,-0.0076295535192319,-30.1578602472954,0.0707473619519647,0.150306635318679,0.00371204104534975,-0.0230706986786991,-0.00762784442526529,-30,0,0,0,0,0,4,3,-0.0554836099442399,2.16557514396598,0.462171171889171,0,0,0
937,-30.100754696548,0.0152095691465531,0.0789563015686448,0.00389378730445513,-0.00325565576849827,-0.00729412262236298,-30.0949706858521,0.103010841934142,-0.0236973701131944,0.0157833296643703,-0.0184925047570703,-0.0117222823800487,-30,0,0,0,0,0,4,3,-1.38839159473285,1.64322879183875,1.21962297823126,0,0,0
938,-30.0969012134658,0.0127755314587704,0.0725745113201954,0.00381367046305583,-0.0016124241221156,-0.0054694379326202,-30.031498282282,-0.0162734822997093,0.0817763429983275,0.00142814482982011,0.00239678418017414,-0.00508470664558444,-30,0,0,0,0,0,4,3,-0.0798179184180797,-0.207131453417995,0.344917978561789,0,0,0
939,-30.092996494326,0.011059542181803,0.0672412712602046,0.0039958517127152,-0.00181955688481776,-0.00519709031898187,-30.0748783742472,0.0816234555981972,0.207471197135518,0.00859832066904409,-0.0129663604583928,-0.0207199403534857,-30,0,0,0,0,0,4,3,-0.710075318410076,1.13338913464288,1.65705164107753,0,0,0
940,-30.0886471666869,0.00980667882627769,0.0628592042097125,0.00470324515177765,-0.000686171840040881,-0.00356722948419669,-30.0499287052302,0.0403332816835904,0.221088321134867,0.0180027910353322,-0.00785365863805633,-0.0128789389626103,-30,0,0,0,0,0,4,3,-1.70042169307277,0.704699300438452,0.845717253991297,0,0,0
941,-30.0842238159831,0.00947286303753963,0.0601897228638139,0.00414393988965995,1.85344365511861E-05,-0.00177158278231057,-29.9643211922209,-0.0905884876730172,0.0405417406107344,0.00361178912557559,-0.0100730189635367,0.00242167354081662,-30,0,0,0,0,0,4,3,-0.432536528115829,1.18847887169971,-0.323250835303131,0,0,0
942,-30.0803508991753,0.0100856411470056,0.05845410793667,0.0036019194163805,0.00120701797706695,-0.00169950076451332,-30.1913983378333,0.0447826695111843,0.292712300313993,-0.00850696253216337,-0.00701267424459202,0.00219384918501545,-30,0,0,0,0,0,4,3,1.23349292888299,0.611702085436833,-0.804809519129532,0,0,0
943,-30.0766260444075,0.0115985109839843,0.0560185264606917,0.00384740869434702,0.00181871602957538,-0.00317172403014445,-30.2392276869875,-0.0799014495908865,0.0667469325961977,0.000598481262229038,-0.0129174306927628,-0.00362013389302481,-30,0,0,0,0,0,4,3,0.418607247752084,1.45154596845805,0.228519524110086,0,0,0
944,-30.0725580833296,0.0141430015347644,0.0527610734689691,0.00428847348882547,0.003270257935859,-0.00334329387331374,-30.0917278994674,-0.0947223683777954,0.103869002469334,0.00737411045794247,0.0146549294513763,-0.012212015440166,-30,0,0,0,0,0,4,3,-0.553955246859523,-1.27604820838204,1.01346353907793,0,0,0
945,-30.0680946410227,0.0167752370292293,0.0499549620862796,0.00463870203693606,0.00199420803940641,-0.00226901808509998,-29.8797724432405,-0.0612434310809855,-0.0521014031510056,0.0238766185387188,0.00274300008482228,0.00941616296056827,-30,0,0,0,0,0,4,3,-2.62811696739085,-0.151813146320257,-0.837413489754816,0,0,0
946,-30.064664312114,0.0186935529239205,0.0483490359177104,0.00222231283476933,0.00184241720378634,-0.000942195098794459,-30.0458251985969,-0.0997756870085151,0.0122137094770232,-0.00252687701191697,0.00173375032294222,-0.0123984890122831,-30,0,0,0,0,0,4,3,0.344338098385458,0.0261763417228083,1.21542148227426,0,0,0
947,-30.0618849072889,0.0205490560885666,0.0476854469091494,0.00333664825249084,0.00186858468137874,-0.000385275200738833,-30.0510399663971,-0.0960518549178282,0.151552245744763,0.00720323637330034,0.00768820952016607,-0.0152597015405639,-30,0,0,0,0,0,4,3,-0.6182437045359,-0.576717242180951,1.22286566256687,0,0,0
948,-30.0583161527591,0.0221292837942322,0.0479325132359597,0.00380119862878603,0.00129186505895823,0.000879287538426757,-30.0590472730812,0.056016571692263,0.169797758598767,-0.00389581406403007,0.018715377983845,-0.00184012106507467,-30,0,0,0,0,0,4,3,0.507675952565425,-1.98357094176903,-0.155583410690067,0,0,0
949,-30.0544026296845,0.0224293655506162,0.0485621057272273,0.00402572008890561,-0.000691708488002349,0.000379840134506267,-30.2066464335169,0.00254851695562427,0.0718521476354694,0.0117387697459933,-0.00115379546614605,-0.0099984062029987,-30,0,0,0,0,0,4,3,-0.760584107565587,0.110282512703356,0.856136325028931,0,0,0
950,-30.0503264388155,0.0217928014078262,0.0495009317238743,0.00412696157596965,-0.00058142542232733,0.00149778924868339,-30.1053856076142,0.0564264643539845,0.120474810492829,0.0166993431900363,-0.000765957714991306,0.0131191768280035,-30,0,0,0,0,0,4,3,-1.45916310377521,-0.0362571572088383,-1.55286730378601,0,0,0
951,-30.0472682617769,0.0211932581659906,0.0509936404784324,0.00198939949937755,-0.000617664349959326,0.00148819003489849,-29.9447922348675,0.0519957127804217,0.0892899033900341,0.0030345744190044,0.0211084544564581,0.00978920487381325,-30,0,0,0,0,0,4,3,-0.413872972165413,-2.21483687120665,-1.15750029416139,0,0,0
952,-30.0458472013448,0.0194681833438778,0.0522298631181067,0.000852590405004802,-0.00283249220361656,0.000984552697826449,-30.0291954614523,-0.16933781026255,-0.162371285182355,0.00972182269856233,-0.00945634846266787,0.00523571073009773,-30,0,0,0,0,0,4,3,-0.913791346951711,1.28431046679189,-0.198828502645064,0,0,0
953,-30.0453817763844,0.0172778529858821,0.0534725481848474,7.83991662717802E-05,-0.00154817447327782,0.00150102249123912,-29.9240632925903,0.112132704643661,-0.0370913967841787,-0.00256379242551464,-0.00602969249843449,0.0105967593000661,-30,0,0,0,0,0,4,3,0.104505827732016,0.378703840556128,-0.985493136438249,0,0,0
954,-30.0456327141017,0.015919036703354,0.0545915042911324,-0.000580468101024266,-0.00116946604414723,0.000737062831353663,-30.0345271257009,-0.0466760490609057,0.226253507754037,0.0028176173136625,-0.0198802710160879,-0.0146747934028979,-30,0,0,0,0,0,4,3,-0.212707479964427,2.0813791997306,1.01497232478172,0,0,0
955,-30.0459166410641,0.015790260652569,0.0557427476237776,1.28348050798856E-05,0.000911909147509386,0.00156527030409964,-30.0428735978662,0.0406497730498137,0.0402372272857405,0.0021911528336857,0.000493149832449309,-0.000581807729775648,-30,0,0,0,0,0,4,3,-0.133368087636246,-0.130614529344558,-0.0222936815939163,0,0,0
956,-30.0459605484712,0.0166368646884183,0.0573405822050065,-0.000100628698647707,0.000781295642319403,0.00163043100693329,-30.091936592551,0.0269643796796326,-0.104445017514517,-0.0189386815440949,0.00627840354898337,-0.00908730936886473,-30,0,0,0,0,0,4,3,2.07774133951151,-0.681769114257602,1.11762097191551,0,0,0
957,-30.0449491186445,0.0170772687316112,0.0585780627179907,0.00212329043506202,9.9506445402561E-05,0.000843952485918918,-30.1717971360714,0.00645664645410071,0.19653128328409,-0.000137009189660327,-0.000728675130280189,-0.0109236483788342,-30,0,0,0,0,0,4,3,0.357295191108735,0.0599542201198175,0.699302271315237,0,0,0
958,-30.04245134242,0.0172067528207067,0.059517843815678,0.0028723161464908,0.000159454484966908,0.00103542043271434,-30.0277813354156,0.0676817604049712,0.174278505013285,0.0164734049757946,-0.0177562589489102,0.0090286192990214,-30,0,0,0,0,0,4,3,-1.59177782674825,1.64026237408107,-1.25141893992871,0,0,0
959,-30.0405820287694,0.0181863486980637,0.0607042883916739,0.00086639574300894,0.00179973436333393,0.00133799270020174,-30.1085387782589,0.0519792287040564,-0.0152732642154717,-0.00192550889949165,-0.00161674361094892,0.00685444071401303,-30,0,0,0,0,0,4,3,0.409628446466958,0.057715903686779,-0.65489754297036,0,0,0
960,-30.0398212307569,0.0200149445068548,0.0616605878787066,0.000655006959347361,0.00185745101157522,0.000574663886199258,-29.9623211090021,-0.00563205155894196,-0.00584811920603098,0.0093876722509175,0.00472241190276576,0.000947597461005144,-30,0,0,0,0,0,4,3,-1.01412500708762,-0.460977087158692,-0.0830635076884524,0,0,0
961,-30.0395437715497,0.0216419133083982,0.06257128294842,-9.99097514583601E-05,0.00139648124535328,0.00124692376482653,-30.1116567321284,0.0738991400680958,-0.0971112121636105,-0.00760161732950547,0.00769805175989339,-0.000357654019504179,-30,0,0,0,0,0,4,3,0.98347519720743,-0.917603456125531,0.229987826277639,0,0,0
962,-30.0392297609097,0.0225795932323008,0.0635251360317218,0.000727787043779844,0.000478869890898734,0.000660565621804558,-29.9708766818094,0.00102036718301981,0.0755173458360004,0.00923469458034303,0.00719249592535628,0.00446525590609537,-30,0,0,0,0,0,4,3,-0.981716094415502,-0.721290326901667,-0.597560282281537,0,0,0
963,-30.0390576934726,0.0226978258051549,0.0643362419984502,-0.000383569398204136,-0.00024241057814776,0.000961935463454487,-29.9273817215065,0.132106465986822,0.159495145003071,0.00176530159295814,-0.00625651101687701,-0.00977571913110425,-30,0,0,0,0,0,4,3,-0.321766716282744,0.361438169714058,0.658581623104283,0,0,0
964,-30.0393107711774,0.0226361366522483,0.0656307342057709,-0.00012240677337331,0.000119026232455174,0.00162698344132047,-29.9463511230232,0.154065634399654,0.119031056000429,0.00397934865686628,0.00888274519825642,0.0137991715507346,-30,0,0,0,0,0,4,3,-0.50523261964021,-1.19640578862495,-1.61797926707432,0,0,0
965,-30.0402036154022,0.0221569692183327,0.0668890226263883,-0.00166346723398145,-0.00107736743989416,0.000889994829278554,-30.121583261153,0.162562123297929,0.152814988920305,-0.00305528857628683,0.00420038851921426,0.00227171500947069,-30,0,0,0,0,0,4,3,0.548695379934624,-0.745163098517285,-0.532801478787679,0,0,0
966,-30.0418820458486,0.0207070229744706,0.0673889142195114,-0.00169358900093238,-0.00182253139566632,0.000109798812668637,-29.8381738153706,0.117576649396034,0.0652442743438634,-0.00167406811663446,0.00574448409362157,-0.00517565270634591,-30,0,0,0,0,0,4,3,-0.156245557595449,-0.809601708154224,0.387076721946864,0,0,0
967,-30.0434894188299,0.0184796907899019,0.0676790978273601,-0.00152106257572179,-0.00263213412052805,0.000470528795995325,-29.9363724586508,0.0200667971533117,0.0762852874305112,-0.0136052789569974,-0.0278693498953936,-0.0043616971101692,-30,0,0,0,0,0,4,3,1.23327281300136,2.74680139523273,0.283599136155897,0,0,0
968,-30.0444937754198,0.0172209557171787,0.0677818807716398,-0.000487834383899573,0.000114657394021883,-0.000265226108597453,-29.9332844873642,0.150159771411048,0.292817079640774,0.0150135938857536,-0.0232564497926824,0.00798912491316119,-30,0,0,0,0,0,4,3,-1.63479041384689,2.02532543644614,-1.38454665059767,0,0,0
969,-30.0460480249603,0.0183482880777023,0.0676457310309898,-0.00262059338126245,0.00214000134767505,-6.52196226105448E-06,-29.9876579240339,-0.0727036563519879,0.0679600318977365,0.00305368072133368,0.0197469997151608,-0.00485285000569658,-30,0,0,0,0,0,4,3,-0.330052224065574,-1.82929265881211,0.349364936774185,0,0,0
970,-30.0486546139976,0.0195736464887663,0.0678715060021913,-0.00259246077518105,0.000310709048435566,0.000458066172384109,-30.0033555870457,-0.0497114230198634,0.16908333647837,0.0104454322352541,-0.00406652653762541,-0.00308079438185022,-30,0,0,0,0,0,4,3,-1.03783204943408,0.506075499802268,-0.0300872347717175,0,0,0
971,-30.0516111967065,0.0201374002429424,0.0686958931508257,-0.00332051267808468,0.000816791745924525,0.00119089703494902,-30.1299550436475,-0.111187322886981,-0.089666332220914,0.000996587404710141,0.0100761163689444,-0.00683563381921322,-30,0,0,0,0,0,4,3,0.160251346824062,-0.785236991120475,0.86289604636315,0,0,0
972,-30.0545619241236,0.0205615728695423,0.0701107647179115,-0.00258082776123191,3.15490343289487E-05,0.00163865477344359,-30.107809834221,0.0629079862376428,0.0488682238784161,0.00254199600935109,0.0019057392808036,-0.0113412683519524,-30,0,0,0,0,0,4,3,-0.0385799324930495,-0.316389900555646,1.03639038743841,0,0,0
973,-30.0567752305234,0.0204349276799397,0.072104746394342,-0.00184559938196542,-0.000284846175469463,0.00234912112100686,-30.0446679581846,-0.037036836337474,0.0136282740634278,-0.00720647672210493,-0.0165228882178924,-0.0172983900959263,-30,0,0,0,0,0,4,3,0.809983588579658,1.72636249446419,1.70258246146577,0,0,0
974,-30.0577209643173,0.0210132602476781,0.0747182118905561,-4.57266984625287E-05,0.0014415016890146,0.00287735003722303,-30.0141581849997,-0.0562391533103263,-0.173466795251628,0.00293858379679218,-0.000760454164822216,-0.00645172240917109,-30,0,0,0,0,0,4,3,-0.265542009679851,0.188523723102874,0.992105831420365,0,0,0
975,-30.0574907632467,0.0225490261489774,0.078018448471157,0.000506347055288215,0.00163002188322895,0.00372298650353117,-30.1932324286794,-0.0351798392312194,0.121737661505374,0.00429090702487812,0.00323452994465655,0.00167474260520472,-30,0,0,0,0,0,4,3,-0.0426258451290666,-0.253093316003216,-0.41094958353122,0,0,0
976,-30.0571530808338,0.0240525059488003,0.0816104504628899,0.000168953363548743,0.00137693106675617,0.00346110478948453,-30.0297168635339,0.0434183674767693,0.0655305026350148,-0.00695766126315552,0.010433778273428,0.0151518578197979,-30,0,0,0,0,0,4,3,0.755199853383293,-1.13021456229634,-1.64624678724982,0,0,0
977,-30.0573434896879,0.0248643329398924,0.0842306786024242,-0.000550192898341054,0.000246720226529717,0.00177953346270949,-30.1699843267469,-0.0110452551853191,0.0688785475970946,0.0145829965219396,0.00611700220537659,-0.000112377208077426,-30,0,0,0,0,0,4,3,-1.11833099870018,-0.589609710167021,-0.126519374386447,0,0,0
978,-30.0583185039032,0.0248162564761022,0.0863743844731281,-0.00139964669413196,-0.00034288122263561,0.00250809694039297,-30.0553759602338,0.057317929772655,0.13320885058237,0.00945743710396327,-0.00170943520989498,-0.0042803288722088,-30,0,0,0,0,0,4,3,-0.834991789928714,0.0563076614441876,0.161615186056141,0,0,0
979,-30.0599405344191,0.0245015337167885,0.0892386718224329,-0.00184422801390139,-0.000286568769766959,0.00322059179076366,-29.9608084127924,0.0235923040696423,-0.0193344367944797,0.00811880136342763,-0.00523044931490277,-0.00399974652627109,-30,0,0,0,0,0,4,3,-0.890263310757864,0.475860323350993,0.438643526216068,0,0,0
980,-30.0619222254818,0.024452900664598,0.0929290798258479,-0.00211891137968588,0.000189295229510594,0.00416029653670057,-30.054905851817,0.193231640907793,0.0454135377261245,-0.00899704581948252,-0.0101347562514378,0.00891595569982196,-30,0,0,0,0,0,4,3,1.00951628558227,0.627012343328196,-0.982422645434445,0,0,0
981,-30.0640700811677,0.0249557058655262,0.0963780841381923,-0.00217715931630197,0.000816306006649776,0.00273773024943427,-30.0321777979444,-0.12503699393017,0.215033551363346,0.0199658215423329,0.00591855361806194,-0.00196840814605073,-30,0,0,0,0,0,4,3,-1.93222655834458,-0.341781373945855,-0.23322628812162,0,0,0
982,-30.0669826574809,0.0256011314607531,0.099748527212779,-0.0036476682535426,0.000474538982582452,0.00400353052197721,-30.1055090880263,-0.0857281646912984,0.178869394792961,-0.00943261178383973,0.0018342470784593,0.000615244683914206,-30,0,0,0,0,0,4,3,1.15427935443649,-0.0119683784633334,-0.419263257977343,0,0,0
983,-30.0704022576218,0.0260696867214727,0.103175996706893,-0.00319181957896213,0.000462565036988973,0.00285129551236459,-30.0128628459612,-0.0996951083908137,-0.0493262177221639,-0.00673059433075329,0.0038688121061598,0.00164870931514228,-30,0,0,0,0,0,4,3,0.698785124997732,-0.187490993834352,-0.0662184960699003,0,0,0
984,-30.0733877037272,0.0264385067054842,0.105738287113698,-0.00277921399022175,0.000275069662778875,0.00227318195636231,-30.0153811842011,-0.0517825225459815,0.109471267038593,-0.012460831075974,-0.00397170988767813,0.0140242696933273,-30,0,0,0,0,0,4,3,1.27684547599967,0.500736033859776,-1.62136950340992,0,0,0
985,-30.0763467713699,0.0269639466715554,0.106987774200488,-0.00313943259756098,0.000775805758190888,0.000225884092053793,-30.1347726549197,0.0320573629179273,0.0787090132305191,0.00414805947543597,-0.0118093712863168,-0.01473915015864,-30,0,0,0,0,0,4,3,-0.145260637704224,1.11682240279583,1.31649698940296,0,0,0
986,-30.0790482145119,0.0282981631517533,0.107700121529799,-0.00226320408078886,0.00189262207358773,0.00119858885702181,-30.0124141650054,0.162229752525515,0.175130571879938,0.00908045159832849,0.00347070088702871,0.00296432246924957,-30,0,0,0,0,0,4,3,-0.883216829821986,-0.671529593753902,-0.646693390684833,0,0,0
987,-30.0818501360794,0.0298550286909792,0.109004684865039,-0.00334058247356851,0.00122110194055606,0.00141081119956246,-30.1191621642178,-0.00180816576458193,0.0860842287888628,-0.00440535214818674,0.013366408581412,0.0100417008808375,-30,0,0,0,0,0,4,3,0.678859543254305,-1.33302452661203,-1.17633854566148,0,0,0
988,-30.085405990925,0.0304096220678207,0.109763580966197,-0.00377145140272421,-0.000111920861729376,0.000107087985017308,-30.0996437431807,0.166073877170519,0.0592802391829612,-0.0113896483070756,0.000589905898325609,0.00617615163475302,-30,0,0,0,0,0,4,3,1.33825231706896,-0.3911383441736,-0.736175641841225,0,0,0
989,-30.0890099003014,0.0301021318964159,0.109119855115258,-0.00343673983486129,-0.000503064321759754,-0.00139462166314593,-29.945592257014,-0.0519498910821847,0.253051763196009,-0.00442557060342685,0.00149080133523912,-0.0175588213237301,-30,0,0,0,0,0,4,3,0.333741574370633,-0.0451803513595425,1.24977860598099,0,0,0
990,-30.0918738520472,0.0295764756773386,0.108010094567809,-0.00229101597493954,-0.000548253643636729,-0.0008251861775863,-30.1474658487297,-0.136874409002406,-0.00632001411680273,0.000975571367058596,0.00797921542479835,0.00428749406190679,-30,0,0,0,0,0,4,3,0.197374560753552,-0.524172724475022,-0.416109377957074,0,0,0
991,-30.0942587154282,0.0287661385757153,0.106965467479494,-0.00247881368941084,-0.00107242546702407,-0.00126402080692738,-30.0950824146016,0.070355696853402,0.117964651329576,0.0120980460280862,-0.0117723605194997,-0.0106955709320331,-30,0,0,0,0,0,4,3,-1.01963977360535,1.03652465824317,0.833627790544158,0,0,0
992,-30.0967698288882,0.0282119790072981,0.106352158996661,-0.00254308293259827,-3.58983733118058E-05,3.74239104331351E-05,-30.2323766078673,-0.058948470893014,0.198373206158835,0.00903852949185102,-0.0174084037745077,-0.00488182725436871,-30,0,0,0,0,0,4,3,-0.439099733450499,1.8587373192368,0.0914363131192011,0,0,0
993,-30.0994284830842,0.0291054530825928,0.106576811375016,-0.00277412830178341,0.00182284142871004,0.000411939987962876,-30.1693636884319,0.14685971344724,0.20277398156272,0.0128159215653913,-0.00230928716950202,0.0145506695558132,-30,0,0,0,0,0,4,3,-0.942864779675389,-0.062790709944278,-1.86061491870676,0,0,0
994,-30.1032147125404,0.0308969090681297,0.10671594574233,-0.00479846206367195,0.00176006710505323,-0.000133160851615381,-30.0646133288846,0.0932849322238316,0.166701107062716,-0.00584023772522146,0.00656672216485959,-0.0143537535055993,-30,0,0,0,0,0,4,3,0.713250430291333,-0.843242080933622,1.1019731364345,0,0,0
995,-30.1073682439455,0.0322353520890882,0.106675964460774,-0.00350854974827263,0.000916814269362241,5.28766260105163E-05,-29.8617056003357,-0.0780406326712533,0.0722483158115507,0.00097247517106182,0.00919695649344097,0.0096834262106614,-30,0,0,0,0,0,4,3,-0.373836316434697,-0.763614384001591,-1.11283925268924,0,0,0
996,-30.1114208234702,0.0327703665950215,0.10649272695574,-0.00459672291801973,0.000153208397083916,-0.000419079678806052,-30.0347171804125,-0.139844609145361,0.244734606118182,0.00391662353097142,-0.00483604547006746,0.00325436044884074,-30,0,0,0,0,0,4,3,-0.32222799227222,0.763293765297469,-0.814905257120437,0,0,0
997,-30.1164333126582,0.0333052284106576,0.105917845796959,-0.00542832846276748,0.000916508722702384,-0.000730475624149175,-30.2585134317115,-0.0143992711083345,0.069656372632216,-0.00106291161112018,-0.0110082316352585,0.00484978616942723,-30,0,0,0,0,0,4,3,0.623318024535109,1.12962170574252,-0.624291362207155,0,0,0
998,-30.121892867815,0.0347865511964412,0.104741404101598,-0.00549099844692548,0.00204612955690697,-0.00162239039687106,-30.023200619569,0.0268684493598981,0.0339387793524657,-0.00883139139215243,-0.00420357631951992,0.0089203905833287,-30,0,0,0,0,0,4,3,0.929540378353249,0.366620733232195,-0.959916617037802,0,0,0
999,-30.1274400065326,0.0370159936442941,0.102447232141957,-0.00560360726844247,0.00241274914389962,-0.00296592397216324,-30.2709838472579,0.000686766524994477,0.0681410052202655,-0.00280721613578607,0.00969347592024646,0.00623565749788394,-30,0,0,0,0,0,4,3,0.822689308094383,-0.970721125074634,-0.759847760228925,0,0,0
1000,-30.1330611622419,0.0389433837313334,0.0989158896453372,-0.00563897902314309,0.00144202652633798,-0.00409675265129316,-30.1238227822144,0.0232662017642876,0.0672789806409218,-0.000495318792154594,0.00239783324424238,0.00609932605058494,-30,0,0,0,0,0,4,3,0.297177443644346,-0.286315727952813,-0.744490566340338,0,0,0
1001,-30.1388866463455,0.0402422561802096,0.0944558139222833,-0.00601216417983853,0.00115571278159374,-0.00482330525512289,-30.0250436440488,0.177038871822905,0.0618092143254208,0.00153507456627959,0.00948998299775885,0.00546676487625855,-30,0,0,0,0,0,4,3,-0.10342016853028,-1.30307604342169,-0.670294916276696,0,0,0
1002,-30.1451905030524,0.0407464349858531,0.0894442312390629,-0.00659563608224758,-0.0001473589592206,-0.0051997149776779,-29.9577616282676,-0.0839120270037923,0.0662012687245577,-0.00486397141763133,0.00231506654521849,-0.00147301476135137,-30,0,0,0,0,0,4,3,0.401920398298235,-0.0636826005142645,0.0148989386860219,0,0,0
1003,-30.1516539965808,0.0405672353887215,0.0840935537594471,-0.00633142331482518,-0.000211044361182398,-0.00550170418550655,-30.2260638608108,-0.138189940503791,0.193802165669051,-0.00770835881851756,-0.000845066700441568,-0.0039762659115041,-30,0,0,0,0,0,4,3,1.22296360347326,0.360886551051738,0.0100222598123077,0,0,0
1004,-30.1575840958572,0.040536635510355,0.0781309128947962,-0.00552899833241513,0.000149833849797862,-0.0064237735014653,-30.288081219217,-0.12764518979964,0.127150869586338,-0.015522028882735,-0.000504758044407663,0.000682562810796074,-30,0,0,0,0,0,4,3,2.12836532670751,0.305766184040046,-0.322558020252284,0,0,0
1005,-30.162538402818,0.0408393487835717,0.0707958312677361,-0.00438006016700369,0.00045558734544911,-0.00824667350361662,-30.1691401957764,0.0202224535737109,-0.0101726359151747,-0.0115384900642865,0.00828633180519707,-0.0090895175807038,-30,0,0,0,0,0,4,3,1.49212939798146,-0.869078087667129,0.92929702990073,0,0,0
1006,-30.1660847711271,0.0408603931302831,0.0622890825107841,-0.00271279745799617,-0.000413505849597123,-0.00876723542348818,-30.1069716923978,-0.0688950065101759,-0.00994769315791375,-0.00552025266756765,0.00751641560342681,-0.0128042602055711,-30,0,0,0,0,0,4,3,0.765968651552321,-0.613851547322329,1.30032140687293,0,0,0
1007,-30.1680642757407,0.0401399576365745,0.0536558085326297,-0.00124613977273813,-0.00102736957606356,-0.00849967454500507,-30.2498728321857,-0.0564402178953761,0.0517083437883196,0.0214967780850856,0.0130502021957508,-0.00778491566636052,-30,0,0,0,0,0,4,3,-1.64993214413722,-1.19213978378433,0.675074879059412,0,0,0
1008,-30.1696082687422,0.0385165242810483,0.0459912885449575,-0.00184142241225762,-0.00221950180074206,-0.00682922471128273,-30.2772671564495,-0.12873026794299,0.0774844198888437,0.00874448244292277,-0.00883169240126721,-0.00975058645015821,-30,0,0,0,0,0,4,3,-0.319913931393255,1.1406297760127,0.820089805238134,0,0,0
1009,-30.1712536104303,0.0368673390936044,0.0395451403778453,-0.00144906751084043,-0.00107887425895862,-0.00606316656947958,-30.248266487503,0.0395442783009263,-0.0546019093932672,0.00131030361921247,-0.00270541873095028,-0.0123694163417089,-30,0,0,0,0,0,4,3,0.365502613084801,0.191453316493176,1.34614545295742,0,0,0
1010,-30.1720824029364,0.0358841889187384,0.0337800295886448,-0.000208364706285782,-0.000887430650781396,-0.00546736002551692,-30.2346860912102,0.00923266740204898,-0.00112520085038385,-0.0043086099717715,-0.0113945381797856,0.0211387739002267,-30,0,0,0,0,0,4,3,0.900233179597493,1.12098848317446,-2.1116269883219,0,0,0
1011,-30.1727958390284,0.0355572599913647,0.0272707514637326,-0.00121901512157075,0.000233563075077637,-0.00755094387094317,-30.2096694986027,0.0230053622429466,-0.0888743678970511,-0.0123393156916123,0.0112605625469964,-0.00778799291940827,-30,0,0,0,0,0,4,3,1.65327056636671,-1.17206697918553,0.95654802773493,0,0,0
1012,-30.1731182316532,0.0352047844728235,0.0194040148029575,0.00057408226006835,-0.000938520241748747,-0.00818296683657982,-30.1852950241568,-0.0802998966133601,0.0065740062006782,0.00859313051880191,-0.00131748781411573,-0.0338787780043726,-30,0,0,0,0,0,4,3,-0.488723003566582,0.292348574638294,3.37472978803591,0,0,0
1013,-30.1714408255945,0.0344124351086223,0.0125058273008105,0.00278136650044854,-0.000646186482056865,-0.00561394925567613,-30.107649283705,0.0139035024035294,0.107185150211883,0.00840363750049248,-0.0111906598720872,-0.00667352948295995,-30,0,0,0,0,0,4,3,-0.625065182639225,1.09125898240166,0.452982647872229,0,0,0
1014,-30.1687003814005,0.0343118818823467,0.00726667728762921,0.00269970809192728,0.000445074300268056,-0.0048643297973138,-30.1326354045447,-0.0452699857616343,-0.00197776892577841,0.00824021426979717,-0.00592824835018625,-0.00834036292794933,-30,0,0,0,0,0,4,3,-0.55875061789038,0.683364806541893,0.837991830646489,0,0,0
1015,-30.1658740679393,0.0350986427188413,0.00287860561720946,0.00295315691741362,0.00112843839109793,-0.00391186986287084,-30.3875967639219,0.133473908579281,0.0939646421024157,-0.00267841187189621,-0.023958612123134,-0.00462047030411485,-30,0,0,0,0,0,4,3,1.0430347150335,2.12891339515484,0.274117746206653,0,0,0
1016,-30.1624807428665,0.0372915366482401,-0.00134651426544275,0.00383334689382031,0.0032573432491608,-0.00453858341457612,-29.9954421150432,0.0301489107407063,0.0694508825587636,0.00446425412370915,-0.011344853343941,-0.00364730760979843,-30,0,0,0,0,0,4,3,-0.4555411822845,1.07418751291269,0.225828995862316,0,0,0
1017,-30.1587173388648,0.0410859782928298,-0.00564920154535112,0.00369358356017775,0.00433153263700267,-0.00406675425270132,-30.1410662500494,-0.176213653157057,-0.0455758604724874,0.0162664467359434,-0.00834134567014483,-0.00748023229406421,-30,0,0,0,0,0,4,3,-1.34451217349553,1.1865618733286,0.839174950351396,0,0,0
1018,-30.1551531030423,0.0460107980830949,-0.00894325057739913,0.00343527052783907,0.00551809911258948,-0.00252127844742685,-30.2861684411784,-0.105345876670249,0.0642569798123795,-2.90497217410009E-05,-0.00282420845580084,0.00432119816404531,-30,0,0,0,0,0,4,3,0.57524185453088,0.493112598920581,-0.560633776029291,0,0,0
1019,-30.1517459691506,0.0517754564361456,-0.011875354493572,0.00337880274453258,0.00601121082026257,-0.00334291326214228,-30.2628533937589,-0.0221726894913835,-0.090556225205095,0.00861051645829731,0.00308960985834118,-0.00324858627347851,-30,0,0,0,0,0,4,3,-0.33534485831194,-0.264615606851351,0.505971077758041,0,0,0
1020,-30.1482909203017,0.0576543623214733,-0.0149357270765732,0.00353143940079793,0.00574659477116222,-0.00277786556184949,-30.2445196735791,0.0157398572514374,-0.0990241056054764,0.011589060226462,0.00211853905878918,0.00471790190996297,-30,0,0,0,0,0,4,3,-0.669866675488076,-0.243333620381792,-0.273741979785345,0,0,0
1021,-30.1450870519249,0.0632792974027861,-0.0175598039577985,0.00287637923074448,0.00550326715974622,-0.00247012645266759,-30.1296189262061,0.0883035681604109,-0.0228702550901207,-0.00291815236173303,0.00173470997477857,-0.0156082803457028,-30,0,0,0,0,0,4,3,0.551053088585431,-0.350078133798679,1.60656854475052,0,0,0
1022,-30.141427551015,0.0686075234185397,-0.0197225435653362,0.00444278031880303,0.00515317666309769,-0.00185573157505881,-29.9724771454057,0.106865646347262,0.0870595429910681,-0.00555306271192119,-0.00742354746000957,-0.013862676209633,-30,0,0,0,0,0,4,3,0.500260562003522,0.528623453306433,1.21214853498116,0,0,0
1023,-30.1363670277074,0.0740250094330958,-0.0213817087833656,0.00567836685979446,0.00568179021381997,-0.00146289391406687,-30.3000707885396,0.087818195878115,-0.0862936589425749,0.00557616165964498,0.0020390169872806,0.00779557395225546,-30,0,0,0,0,0,4,3,0.0425254111147157,-0.37953809048429,-0.606970077340396,0,0,0
1024,-30.1309087631046,0.0795170346842121,-0.0230698681118459,0.00523805828728706,0.00530225509632217,-0.00191331434814512,-30.0558726513572,0.0597257924804097,0.0350206022887302,0.00107005302598303,0.0063957018789809,-0.00773930322018106,-30,0,0,0,0,0,4,3,0.00474000011610816,-0.759021772858909,0.703889117440646,0,0,0
1025,-30.125407027464,0.0844397824819312,-0.0247658495909648,0.00576552105816567,0.00454322950554723,-0.00147877046419814,-30.2308761748406,0.079431541114294,0.102719405830927,0.0143808097718967,0.0190172076462369,0.0144347481371322,-30,0,0,0,0,0,4,3,-0.976328627508402,-2.06058384685228,-1.64891362537507,0,0,0
1026,-30.1205890024414,0.0879527325528985,-0.0264236593142919,0.00387044616345013,0.00248266112999399,-0.00183638639341859,-30.2303552975158,0.270035420488779,0.139592536309816,-0.0136967948817734,-0.00371656955390108,0.00230883937014729,-30,0,0,0,0,0,4,3,1.83039008320903,-0.16841388558745,-0.510069009634362,0,0,0
1027,-30.1163193594215,0.0903511849917633,-0.0291301165059026,0.00466842950377238,0.00231423758272343,-0.00357671887285412,-30.1355063840644,0.0461005937382381,-0.108586194813681,0.00477160863764947,0.0169907228280662,0.00887897045257148,-30,0,0,0,0,0,4,3,-0.206148095636184,-1.79127347028309,-0.670724655629786,0,0,0
1028,-30.1119776515876,0.0917697908655646,-0.0328576266599232,0.00401491846438056,0.000522969113968955,-0.00387814212749099,-30.127727188779,0.123593465566123,-0.0392961209204322,-0.00837419957473358,0.00597045395761264,0.00273245461193511,-30,0,0,0,0,0,4,3,1.09287433503144,-0.844232326893511,-0.194653219352646,0,0,0
1029,-30.1076859181209,0.0918706453775255,-0.037223763213528,0.00456832005810363,-0.000321269570101107,-0.00485426167188662,-30.1417690035158,0.0159892975167334,0.166756287022109,0.00760108928042744,0.0117925508067211,0.00760939517373826,-30,0,0,0,0,0,4,3,-0.476570921011071,-1.21123367570558,-1.09445209141804,0,0,0
1030,-30.1036938794717,0.0909437642520422,-0.042263760480517,0.00341567032360799,-0.001532494141334,-0.00522545076903299,-30.0695987729673,0.155882019352919,-0.119445037551259,0.00292458213493094,0.0140137811292206,-0.00775688197147737,-30,0,0,0,0,0,4,3,-0.153260667558444,-1.71314215162789,1.01457827225026,0,0,0
1031,-30.0999488653175,0.0885546999435622,-0.0471106191622406,0.00407454513454982,-0.00324564070063249,-0.00446841987038608,-30.1521882121733,0.0948665289393304,-0.0779418219094886,0.00728394584669135,-0.0135465656817239,-0.00548860279535412,-30,0,0,0,0,0,4,3,-0.424018160322556,1.16492351029373,0.704743923354389,0,0,0
1032,-30.0957501281672,0.0858915236129441,-0.0511988350154951,0.0043231180570012,-0.00208071810008065,-0.00370806869423407,-29.9888425511284,0.106464220121365,0.0010397925127828,0.0222186957702663,-0.00735159671575803,-0.00628166635919636,-30,0,0,0,0,0,4,3,-2.24418447476985,0.522231231333073,0.62608705089407,0,0,0
1033,-30.0919237236759,0.0840719292901222,-0.0538608488171654,0.00333019843332631,-0.00155847502303881,-0.00161571995409282,-29.9148887938766,0.257836744272264,0.0304494569929951,-0.00290695277841503,0.00876388767689836,0.00843729911500208,-30,0,0,0,0,0,4,3,0.120472865594638,-1.39206225623436,-0.904628825486198,0,0,0
1034,-30.0889024564333,0.0818174281331879,-0.0558258482807767,0.00271217492970777,-0.00295053323452339,-0.00231412779384378,-29.9905330356736,0.175079721717948,0.0252075149432243,0.0152130099502433,-0.020256839103443,0.0130737627030958,-30,0,0,0,0,0,4,3,-1.5402349236772,1.6755244669084,-1.35779130019602,0,0,0
1035,-30.0872111571416,0.0797046680864374,-0.058004413306324,0.000670493764213634,-0.00127499103152946,-0.00204251267371277,-30.0797714465771,0.197272401535176,-0.102312940591925,0.0224760616167518,0.0160106166393659,-0.00655478621531434,-30,0,0,0,0,0,4,3,-2.08806326852088,-1.99560646700694,0.860104502715284,0,0,0
1036,-30.0868953659699,0.0774318802649249,-0.0589818457917149,-3.83984543685055E-05,-0.00327058797008749,8.78173561948987E-05,-30.1195058081863,-0.0183079608495023,-0.117520290349788,-0.00911866433021796,-0.0110629709702334,-0.0376422985017036,-30,0,0,0,0,0,4,3,1.15087804939435,1.14291301872234,3.99927043086994,0,0,0
1037,-30.0850418800729,0.074732737857663,-0.0580431053706615,0.00374577830387701,-0.00212770423122286,0.00178876636845307,-30.239025333707,-0.200823994775237,-0.102627031642012,-0.00287155803558887,-0.00199680023818338,0.010501083064739,-30,0,0,0,0,0,4,3,0.765206470972805,0.601328013368813,-0.844854243189873,0,0,0
1038,-30.0813722947838,0.0729057004622898,-0.056829282339926,0.00359312249561096,-0.00152637686694596,0.00063891814535705,-30.248302356363,0.0599167775643274,-0.0700536123524511,-0.000987045507793609,0.00359514854956108,-0.00388603641911952,-30,0,0,0,0,0,4,3,0.595309263505301,-0.479348410084763,0.528710866616855,0,0,0
1039,-30.0773880472719,0.0711396491590226,-0.0562555433155871,0.00437535185481427,-0.00200573215303289,0.000508379486046094,-30.0511796628205,0.0766313425604078,-0.00364051172842296,0.0225668764022646,-0.000344775927707054,-0.000638412267126655,-30,0,0,0,0,0,4,3,-2.15432831458544,-0.11878509235011,0.0711222501695114,0,0,0
1040,-30.0736861855613,0.0690745351336728,-0.0549133156759392,0.00302877110352809,-0.00212450302951546,0.00217639960368076,-29.9984260720957,0.0756961629787398,-0.00675885801513124,-0.00310970879824018,-0.00641379232621485,-0.00244689672614032,-30,0,0,0,0,0,4,3,0.30782302401549,0.489986906664006,0.258207388644295,0,0,0
1041,-30.0704617266269,0.0671950253215877,-0.0527801138368643,0.00342013374528776,-0.00163451959396549,0.00208991560397533,-30.0414971228544,0.107862466097071,0.120083726111051,-0.00513173066455876,-0.00245048885536422,0.0117217758910191,-30,0,0,0,0,0,4,3,0.596167312164715,0.0293239533422807,-1.41234504132402,0,0,0
1042,-30.0673897651513,0.0655751728415078,-0.051383849406358,0.00272346451523851,-0.00160519209024766,0.000702782765967552,-30.1488760319211,0.0200271598023941,-0.243935734285575,0.000276417251501454,-0.0141144439444955,0.0119691408441294,-30,0,0,0,0,0,4,3,0.270110338691994,1.37139007484476,-0.709042615841785,0,0,0
1043,-30.0648525162284,0.0646556796808169,-0.0510225124384871,0.00235087702700736,-0.00023380003848298,1.99815630057189E-05,-30.1667957044868,0.213859710579864,-0.0880765430542258,0.0187376552698319,0.00840233299415671,0.00938673713717855,-30,0,0,0,0,0,4,3,-1.54017411800959,-1.2679527205754,-0.762520627609403,0,0,0
1044,-30.063293509642,0.0637879144690459,-0.0506700781453933,0.000767295757592813,-0.00150173822615261,0.000685260118520412,-29.890654540744,-0.0860193973322644,0.00301626783946799,-0.00754582326032753,-0.00447024802514542,0.00316782556107574,-30,0,0,0,0,0,4,3,0.535891407520707,0.619063597179071,-0.32281509178651,0,0,0
1045,-30.0624794738323,0.0625957109189764,-0.0503019296552982,0.000860634557304703,-0.0008826765263823,5.10212585002456E-05,-30.2008952286468,0.0564720687489924,0.151245363790635,0.00789270943194681,-0.0115481389318734,-0.0100553988857255,-30,0,0,0,0,0,4,3,-0.387480485901152,1.04186975568935,0.703049160991275,0,0,0
1046,-30.0614786381496,0.0622339705531996,-0.0498843807492441,0.00114121594297123,0.000159192078728981,0.000784011419112001,-29.9761770462902,-0.0246288317283469,-0.249941600739423,0.00324502686049907,-0.00485351897334288,-0.0042097694853015,-30,0,0,0,0,0,4,3,-0.372148593469408,0.534609560790982,0.920860150008996,0,0,0
1047,-30.0601085221022,0.0626604684169876,-0.048669648505698,0.00159922369956748,0.000693799218253117,0.00164534640857658,-30.0038905583626,0.0141725433341603,-0.143729797247485,-0.00630479102877812,0.00498629195835653,0.00869123143275877,-30,0,0,0,0,0,4,3,0.638260219603025,-0.526974282503974,-0.581663548780907,0,0,0
1048,-30.0585284785382,0.063090781459329,-0.0474643975909129,0.0015606615184623,0.000166823738639488,0.000765165256495604,-30.0057804167944,-0.000622186086361914,0.0971889157774398,0.00493470873921251,-0.0282288773256255,0.0228590332049118,-30,0,0,0,0,0,4,3,-0.481910040332363,2.82413210473528,-2.48028115204606,0,0,0
1049,-30.0580744743371,0.0646696825504967,-0.047322519036529,-0.000652940924293409,0.00299097243116065,-0.000480884952808165,-30.0065721182791,0.080861237616297,-0.138796801529833,-0.0108068189440484,-0.000660949591335746,0.000497046090616467,-30,0,0,0,0,0,4,3,1.09382613096302,-0.0956275160990195,0.227888993998019,0,0,0
1050,-30.0582916138893,0.0676128395793976,-0.0481560561284803,0.00021850001534103,0.00289533627747063,-0.00118639249763797,-30.1198420169441,0.0221002553044927,-0.0373552095600782,0.00916484659175838,-0.00627158028604576,0.00631314248417754,-30,0,0,0,0,0,4,3,-0.676800625287614,0.58295751799559,-0.556603829297598,0,0,0
1051,-30.0585077527258,0.0707996615636912,-0.0492704883312456,-0.000650739869045299,0.00347830137353773,-0.00104226751636597,-30.039864193554,0.0486338979045422,0.0359342039954165,0.00194347962353804,-0.00874633741090982,0.0076364690107494,-30,0,0,0,0,0,4,3,-0.114619575245848,0.777365945281898,-0.835515309065773,0,0,0
1052,-30.0595190131335,0.0746666496009979,-0.0505451104432238,-0.00137188592787758,0.00425567258790388,-0.00150680303735,-30.0398357537738,0.0966335831579323,0.0491641946762166,0.00203091065783144,0.00617721368234238,-0.00458156141662013,-30,0,0,0,0,0,4,3,-0.123419558235614,-0.810988534550102,0.35982775230958,0,0,0
1053,-30.0607967390492,0.0785168303127812,-0.051896190544554,-0.00118348641092318,0.00344468296148297,-0.00119540113138973,-30.1648361799625,0.0469662841629363,0.021079433885045,-0.00707185041251182,-0.00292530104216619,-0.0138818100930279,-30,0,0,0,0,0,4,3,1.0368574011761,0.198597535890746,1.3460221415327,0,0,0
1054,-30.061135246087,0.0820608077939892,-0.0530637783985382,0.000506490480160232,0.00364326623967707,-0.00114016853243988,-30.2030187118233,0.00325134577977311,-0.0163282482116507,0.0118480760601378,0.00417902870993987,0.00348665174052831,-30,0,0,0,0,0,4,3,-0.778770182367209,-0.424405562553533,-0.316008677629529,0,0,0
1055,-30.0610037088805,0.0854918768698929,-0.054014947248655,-0.000243322168321332,0.00321886764965762,-0.000761992099037231,-29.9065007304169,0.146861129875444,-0.199169132517299,0.00528896629896406,-0.012588589639753,-0.00309355456677288,-30,0,0,0,0,0,4,3,-0.715895169062646,0.965136704224407,0.707693721711885,0,0,0
1056,-30.0612089737011,0.0891933154164971,-0.0542830430076701,-0.000166976336904597,0.00418400540618718,0.000225782306489723,-29.8951807640474,0.0928680737110858,-0.0414145431885013,0.0173302528196648,-0.00110245810273852,-0.00506259399178747,-30,0,0,0,0,0,4,3,-1.94266375387172,-0.0754903371483195,0.589088485555749,0,0,0
1057,-30.0617761085783,0.0933395835848955,-0.0531308428883405,-0.000966856815893652,0.00410852507193427,0.00207880672752847,-30.1902910167016,0.178994455805118,-0.112561456179805,-0.000754266943064223,0.00557787443085428,0.00784955842340904,-30,0,0,0,0,0,4,3,0.456008727709602,-0.915776354695664,-0.559832929981294,0,0,0
1058,-30.0628139307244,0.096990222444888,-0.051413809195941,-0.00110895565107737,0.003192748635946,0.00135529395353674,-30.1891379641539,0.0975134580301864,-0.104274711107085,-0.0111068576398109,-0.00467246887845891,0.00831034954277597,-30,0,0,0,0,0,4,3,1.4889616922888,0.272219971785518,-0.622485532063426,0,0,0
1059,-30.0636875080838,0.100319080147988,-0.050836812221918,-0.000638556502778184,0.00346496186006389,-0.000201409462725623,-30.0236320859237,0.0814881386773955,-0.216518128048342,0.0108848142147246,0.0152664841438695,-0.0198492254144171,-30,0,0,0,0,0,4,3,-1.04121724962498,-1.68962469174174,2.4179587975384,0,0,0
1060,-30.0637341093902,0.102939228461772,-0.049871688965762,0.000545900263330715,0.00177533123521121,0.00213138518057969,-30.1073846689786,0.148380893402625,0.0435151175356558,-0.00849310810707226,0.00600349242254731,-0.00302025140767118,-30,0,0,0,0,0,4,3,1.06408014866452,-0.897111029059982,0.214994905695806,0,0,0
1061,-30.0627673656203,0.104266002879882,-0.0480883530903085,0.00138743032813859,0.000878211840002276,0.00143509304096824,-30.0894567304418,0.0129222546260961,-0.0871316371595658,0.00281548823271285,0.0125569652725307,-0.0134052887090588,-30,0,0,0,0,0,4,3,-0.102635362387607,-1.28154103650526,1.51479214522501,0,0,0
1062,-30.0608330986411,0.104503443178385,-0.0461377773756666,0.00248134819334184,-0.000403336641817832,0.00246580632482553,-30.0546314911082,0.0430807536858493,-0.00625661478380624,-0.00496549465084624,-0.00349442054655311,0.00457989902662826,-30,0,0,0,0,0,4,3,0.605812447301088,0.263280547283612,-0.445476673095213,0,0,0
1063,-30.0583314764273,0.104231748189729,-0.044056182589163,0.00252172339897057,-0.000140057807549204,0.00169737711053552,-30.1178088227625,0.144202799938818,-0.224490200503352,0.0040762343697381,-0.0157359386320278,0.00452723396264269,-30,0,0,0,0,0,4,3,-0.172005791448743,1.28518826332514,-0.00374299525756611,0,0,0
1064,-30.055868552245,0.104734288408064,-0.0423027370648727,0.00240415435360692,0.00114513163951284,0.00180954314467687,-30.1216092344267,0.169626563225051,-0.243415300047632,0.00248084191397734,0.00272558372540145,0.00182122393228238,-30,0,0,0,0,0,4,3,-0.0048657225444271,-0.611811498990247,0.304708206867027,0,0,0
1065,-30.0533510636567,0.105573516632917,-0.0404028688984124,0.00263086772559569,0.000533318539731777,0.00199014285053022,-30.056838021734,0.153165506740318,-0.149685715722137,0.014543790699043,-0.00216958372838729,-0.00720738621622501,-30,0,0,0,0,0,4,3,-1.34070302643624,-0.0893726406419067,1.02011005306678,0,0,0
1066,-30.0507575844863,0.106062154121373,-0.0375800476431931,0.00255648022488561,0.000443949507143923,0.00365552026968754,-29.940534862023,0.236434703734519,-0.255627136181795,0.0198780848080369,0.00398216599998489,-0.00224345731690706,-30,0,0,0,0,0,4,3,-2.10673875675768,-0.871086007467527,0.735600004054295,0,0,0
1067,-30.048591194003,0.1060705692147,-0.0328875245188109,0.0017767815769533,-0.000427126176666518,0.00572970908505198,-30.1144586166047,0.19765415876461,0.00425467476288978,0.00697916292594253,-0.0135323907140604,0.0154943255194883,-30,0,0,0,0,0,4,3,-0.468999059384944,0.95793075387682,-1.55794190147461,0,0,0
1068,-30.0475646138367,0.106122417368628,-0.027482214272838,0.000276231078355118,0.000530816119714332,0.0050812606419155,-30.1045353688417,0.217556076452704,-0.028782378701293,-0.0102863255974467,-0.0121117308474181,0.0137630623790098,-30,0,0,0,0,0,4,3,1.237703297428,0.776060931836402,-1.3187414804984,0,0,0
1069,-30.0474031613748,0.107041267250569,-0.0233058454272905,4.62616799310145E-05,0.00130687574988369,0.00327153237912211,-29.9412886672674,0.00918754129125243,-0.00982631729195756,0.00381248283786588,-0.000510829009116586,0.000987734067277405,-30,0,0,0,0,0,4,3,-0.498670949251808,0.0327078183291538,-0.0791207721438253,0,0,0
1070,-30.0475478329032,0.108364501477264,-0.0198749389585014,-0.000335527455262004,0.0013395873726667,0.00359037102006811,-30.010013305196,0.268741460132347,-0.0247784777810717,0.0101059380774542,-0.0073836690714227,0.0143712259802727,-30,0,0,0,0,0,4,3,-0.990567197353407,0.200883986877576,-1.38756564246512,0,0,0
1071,-30.0487352256214,0.109804540696033,-0.0163515581173675,-0.00203928555631835,0.00154048552893514,0.00345678310377354,-30.0642520467151,-0.118767676119752,-0.0770704691111759,0.00070387858559725,-0.0137260837335766,-0.0165764846077554,-30,0,0,0,0,0,4,3,0.0581162348703773,1.61014372559717,1.81178939899789,0,0,0
1072,-30.0500585615523,0.112150095322648,-0.0123477179010362,-0.000607129769361729,0.00315061912561926,0.0045505730631113,-30.0604076519589,0.13024639892829,0.143776877420048,-0.00365022675998113,-0.00370730086859053,-0.00323338108721567,-30,0,0,0,0,0,4,3,0.485837979915993,0.110237289002474,0.0357843538814713,0,0,0
1073,-30.0504985199725,0.115355834358272,-0.00798064981500594,-0.000272869654577542,0.00326085292922246,0.00418349040760655,-29.880477156093,0.0976692650214106,-0.179333567325582,0.0192615921066267,0.0263338193439101,0.000565522556170098,-30,0,0,0,0,0,4,3,-2.1652048984766,-2.82872046443383,0.302114879034154,0,0,0
1074,-30.051343804593,0.117202336845867,-0.00287267027116689,-0.00141727612428366,0.000432145513933799,0.00603273426186258,-30.0627231008499,0.0251783418283513,-0.0365684783787295,0.00772784236693342,0.0202461564091837,0.0157715359837339,-30,0,0,0,0,0,4,3,-0.647338034993497,-2.07497232457508,-1.50401664161593,0,0,0
1075,-30.0535479389223,0.116597004572502,0.00292561616822024,-0.0029910955288789,-0.00164281434731057,0.00556420059188488,-30.0245376159925,0.139721555697018,0.0804269084218016,-0.015246340353529,0.00234038028497702,0.0178930902892049,-30,0,0,0,0,0,4,3,1.57370926733781,-0.513481139891738,-1.95016284576409,0,0,0
1076,-30.0567938095911,0.114697452398207,0.00725666112397463,-0.00350120731584775,-0.00215629567627389,0.00309800670370213,-30.1316877825431,-0.0145183012125663,-0.0600671554250657,-0.0126955392974788,-0.0050377827148154,0.010338932577328,-30,0,0,0,0,0,4,3,1.53292949483417,0.532814873906672,-0.913758946882671,0,0,0
1077,-30.0601637814734,0.112807563744981,0.00946631996878441,-0.00323913680893147,-0.00162348628376221,0.00132125255054854,-30.0325457246543,0.0821352480766221,-0.0631368906584288,0.00402896533178001,-0.00377666802659626,-0.00304298706274282,-30,0,0,0,0,0,4,3,-0.337805083869482,0.213396306506382,0.43057248759114,0,0,0
1078,-30.0633460084606,0.111290778732236,0.0110485620963059,-0.00312519554726992,-0.00141009000437214,0.00184320772655348,-30.1068301979889,0.307292121132114,-0.0969898687659794,-0.0038788217753734,0.00761185878379217,0.00158188653848326,-30,0,0,0,0,0,4,3,0.601542573515144,-1.37577012064345,0.035791083683633,0,0,0
1079,-30.0662690736174,0.109192805211672,0.0126642513774536,-0.00272103780624713,-0.00278586438940921,0.00138808130325934,-29.9279727948107,-0.0419621846333205,0.109181769513664,0.00503309531519355,0.0013207419232439,-0.000739469121453004,-30,0,0,0,0,0,4,3,-0.647363941898027,-0.0481498230577492,-0.144416626882028,0,0,0
1080,-30.0692534401652,0.106382871115232,0.0142507912430968,-0.00324760155654974,-0.00283400904922195,0.00178511860313871,-30.0714722850823,0.0714517631474528,-0.0894824870210005,0.0100253523477997,-0.0154978101049448,0.0011491275901582,-30,0,0,0,0,0,4,3,-0.859590664615379,1.40687748419958,0.0640522150261814,0,0,0
1081,-30.0727505405248,0.104252306121242,0.016382857749053,-0.00374643660661738,-0.00142712608270138,0.00247912886379298,-30.1649521933606,0.134322845458991,0.153150036166878,0.00786027300825132,-0.00312488092760577,-0.00237377927530521,-30,0,0,0,0,0,4,3,-0.456122914103843,0.0438424018425947,-0.0689221448032343,0,0,0
1082,-30.0766698946796,0.102847106997849,0.0190109753252383,-0.00409220170094256,-0.00138328022430479,0.00277718717695736,-30.1973518618546,0.158882334292404,-8.19380884193796E-05,0.00216931106248903,0.0010305800398365,0.0113771543365794,-30,0,0,0,0,0,4,3,0.177772617460267,-0.420822672568457,-1.1375515574811,0,0,0
1083,-30.0811484355422,0.101253419822069,0.0213540314704999,-0.00486507626469171,-0.00180409799545327,0.00190910248651894,-30.0978755253353,0.450375729021076,0.0651851501685985,-0.00827724151127703,-0.00177661856552254,0.00823771918910721,-30,0,0,0,0,0,4,3,1.02347520179828,-0.723089601489898,-0.954142219247918,0,0,0
1084,-30.0860621838846,0.0990877792530337,0.022559720181329,-0.00496273586190202,-0.00252718940300003,0.000502299052167988,-29.8075628190369,0.0176201805246022,-0.0716827244668546,-0.0106185463826912,-0.0108827693121386,-0.00603837853620428,-30,0,0,0,0,0,4,3,0.676980276342958,1.05303657016465,0.747203302554137,0,0,0
1085,-30.0905243255754,0.0970871056700301,0.0230301951996743,-0.0039615617694614,-0.0014741614328613,0.000438422023105669,-30.0160525615317,0.159040115980057,0.0797432786944761,0.0142565646342312,0.0083319832889176,-0.0166600444773384,-30,0,0,0,0,0,4,3,-1.39355134035977,-1.15127856085187,1.50651789034488,0,0,0
1086,-30.0943442361248,0.0950373075925359,0.0244787658524234,-0.00367779797655391,-0.00262543864084516,0.00245865658751245,-30.0784547346456,-0.0961307042053721,-0.0980425448509236,-0.000669773113461217,-0.00389662719939172,-0.00402173580647416,-30,0,0,0,0,0,4,3,0.223886780637244,0.581924128349916,0.598258670349264,0,0,0
1087,-30.097721264025,0.0927028318986506,0.0270333922713987,-0.00307621050289048,-0.00204351924405016,0.00265046227085443,-30.1347693284033,0.102760147806139,-0.044108727282978,0.00492822656988648,0.00602433982532983,-0.00787255575221909,-30,0,0,0,0,0,4,3,-0.223284000181974,-0.807954278145261,0.875473029787865,0,0,0
1088,-30.1005299359972,0.0902553367153649,0.030040365688995,-0.00254096841175901,-0.00285147671279487,0.00336336508447174,-30.0362038187249,0.0506699912811486,0.0795108729314008,-0.00565312751248821,0.012079223461754,-0.00214114061332739,-30,0,0,0,0,0,4,3,0.637720388698621,-1.3092623287377,0.0550923154699369,0,0,0
1089,-30.1028501521988,0.0867492294059981,0.0331671374237804,-0.00209956725442525,-0.00416074365748703,0.00289008038533118,-30.0550281569189,0.0511943432243684,0.0541948761164717,0.00155834432210463,0.00483652341381414,0.0165640250626566,-30,0,0,0,0,0,4,3,-0.045778118372632,-0.586041027830151,-1.7647922584986,0,0,0
1090,-30.1056513411276,0.0822954732058513,0.0355127885582925,-0.00350305064014889,-0.00474677489519878,0.00180153638459585,-30.0731226844575,0.0882726143563151,-0.0291505296192899,-0.00368351034886912,-0.00965236153704318,-0.00982536802841499,-30,0,0,0,0,0,4,3,0.514596403802008,0.788690924991688,1.04083786208008,0,0,0
1091,-30.1085902673978,0.0779430426546501,0.03743602387657,-0.00237474424875038,-0.00395809304499566,0.00204468256123278,-30.1660484422831,-0.0484011133482413,-0.0925905081597808,-0.0207480468424774,-0.000676640363821269,-0.010699197813398,-30,0,0,0,0,0,4,3,2.40690156881388,0.16446626307861,1.25510079765936,0,0,0
1092,-30.1097222732902,0.0740671752191775,0.0389335276320278,0.000110491188458962,-0.00379364983385975,0.000949769724366048,-30.1313027932601,-0.0540478440724524,-0.237260322943236,0.000312301276899459,-0.0161209619578883,-0.00474126445312838,-30,0,0,0,0,0,4,3,0.231375458830299,1.72019188393373,0.94864709119931,0,0,0
1093,-30.1091727870319,0.071133620299674,0.0400840306976973,0.000988576324265977,-0.00207346461569591,0.00135104225881245,-29.9573340846732,-0.180744495425375,-0.0336720559693862,0.00938616068524099,-0.0151701549571719,-0.0202149900535473,-30,0,0,0,0,0,4,3,-1.02394789917769,1.87850448656794,2.08884311729351,0,0,0
1094,-30.1076958204199,0.069999408723276,0.0424817240405131,0.00196582859080856,-0.000194964408308033,0.00344412834116541,-30.0009364382088,0.121357094128023,-0.123722232106685,0.00426789026548656,0.00307109545215899,0.0219600250449224,-30,0,0,0,0,0,4,3,-0.424916150131119,-0.549823733471944,-1.94855804027887,0,0,0
1095,-30.1066230970655,0.0695295420202102,0.0454710417498146,0.000179418128211396,-0.000744774793167921,0.0025349073649021,-30.1185884428545,-0.0162646437767573,0.081587354974739,-0.00654543545033325,-0.0105422102016303,0.00999472981336742,-30,0,0,0,0,0,4,3,0.891720430742351,1.08675030771655,-1.16264769128622,0,0,0
1096,-30.1066182726817,0.0693281443919803,0.0472864804804081,-0.000170084602818752,0.000341975711370614,0.001096047418608,-30.3862893691051,0.148132417923124,0.0783696346016972,-0.00873168127832886,-0.0116519225460826,0.00583954048229237,-30,0,0,0,0,0,4,3,1.64574686604303,0.868927418762012,-0.740693317432631,0,0,0
1097,-30.1065631003692,0.0701045831854606,0.0475020370796148,0.000280041999270055,0.00121089595208602,-0.000665032797481537,-30.2108233110417,-0.0138958032536584,0.0573899113922021,-0.00945877810524084,-0.00737665380011997,-0.00754277989167288,-30,0,0,0,0,0,4,3,1.36752443260754,0.765456986519313,0.639498166382884,0,0,0
1098,-30.1056085590081,0.0716982042906771,0.0464972540550969,0.00162889246336025,0.00197634023522799,-0.00134483080110336,-30.1554516304442,0.0689929102204652,0.0595527441672095,-0.00115611468126587,0.0157465495471543,-0.00699985871609044,-30,0,0,0,0,0,4,3,0.426514729015068,-1.71264077515636,0.580880383274625,0,0,0
1099,-30.1036232842034,0.0728182236486441,0.0451601003331521,0.00234166585713072,0.000263693450295995,-0.00132963159894713,-30.0850870545363,0.0017592382833989,-0.0985317267672142,-0.00328613058197346,0.00160616052536282,-0.00581127233210034,-30,0,0,0,0,0,4,3,0.498787167270028,-0.164134529103079,0.778190686744462,0,0,0
1100,-30.1008256653767,0.0729998485235716,0.0438712919789185,0.00325359723109014,9.95513548269886E-05,-0.00124818772682356,-29.9394733532277,-0.000110980736658939,0.132235007432137,-0.00210853775269793,-0.00850760875205772,-0.0186653600187467,-30,0,0,0,0,0,4,3,0.0898004817252659,0.85098283667909,1.6020659870104,0,0,0
1101,-30.0969227731584,0.0735248898123259,0.0430806487081815,0.00455239681489467,0.000950524975969236,-0.000333384901641715,-29.9222606238287,0.0967055189805129,0.0949474537313736,0.0186501861297127,-0.0146666913141776,0.00733049791365005,-30,0,0,0,0,0,4,3,-2.02049736531382,1.27325809345673,-0.922944698827752,0,0,0
1102,-30.0933654943057,0.0751120556497084,0.0432373670043172,0.00256238178085298,0.00222380172053109,0.000647264021938345,-30.1094486297609,0.153111266617159,-0.0879548455400539,0.0111596832866428,0.0015965679897886,0.00859762539222642,-30,0,0,0,0,0,4,3,-0.897071069142508,-0.465879332213178,-0.683852848142534,0,0,0
1103,-30.0913530801915,0.0771029255496557,0.0440124236235437,0.00146250615718827,0.00175793214220934,0.000903095300839022,-29.9981742138838,0.086647350329412,0.0247365017310412,-0.0190927487762913,0.0107732920556802,-0.00284287425617592,-30,0,0,0,0,0,4,3,1.90562330539664,-1.25062390622684,0.23481442215551,0,0,0
1104,-30.089206081802,0.0782355412389036,0.0442370149610927,0.00283119221372938,0.000507294060351035,-0.000454211260465983,-30.0894931570748,0.058449292437258,-0.026364122445024,0.0111210852847791,0.00088012764914044,-0.00385951576409492,-30,0,0,0,0,0,4,3,-0.933122214328331,-0.20491134978856,0.43867982129954,0,0,0
1105,-30.0864981183725,0.0786403838397684,0.0442755913038366,0.00258495485762646,0.000302386676412024,0.00053142034645428,-30.0447811323369,0.0146326210548653,0.207814584953558,0.0154463193579628,-0.0102518205707619,0.000981415496216601,-30,0,0,0,0,0,4,3,-1.4550696711225,0.995916814966458,-0.513770719528777,0,0,0
1106,-30.0845706841131,0.0794407383025765,0.0452066089284996,0.00127009381554815,0.0012983161126994,0.00133090708096029,-30.0766849222235,-0.0387237720664303,0.16668211297869,-0.00255671805910589,-0.00375318028766592,-0.00315872190340747,-30,0,0,0,0,0,4,3,0.409041650357545,0.452765572899453,-0.0174920356166336,0,0,0
1107,-30.083182184834,0.0809654370383201,0.0463643473955292,0.00150683274096102,0.00175107900926971,0.000984516828585287,-30.2466706686879,0.118986806718879,-0.0840193062891251,0.00809509303337934,0.00199084662458145,0.00157756311022149,-30,0,0,0,0,0,4,3,-0.316167965962067,-0.437058275895904,0.0102823015561014,0,0,0
1108,-30.0817723964951,0.082497990695589,0.0474677001325539,0.00131280033592983,0.00131402282073233,0.00122223303837375,-30.1568925340499,0.0955017701073046,0.180443691035422,0.00480474550073285,0.0031875487069089,-0.00331619285329742,-30,0,0,0,0,0,4,3,-0.166689481973495,-0.509758410905499,-0.0292680967411021,0,0,0
1109,-30.0805253664851,0.083557137997459,0.0487381302203496,0.00118128453409638,0.000804265694775689,0.00131865782744815,-30.1387240200562,0.170075428549406,-0.0843307765522624,0.0097487784169396,-0.000494610776398624,0.0054989497199737,-30,0,0,0,0,0,4,3,-0.697429801581592,-0.290689779458949,-0.381233418892845,0,0,0
1110,-30.079712738279,0.0842160651442233,0.0502030947705205,0.000444039772830538,0.000513582684997669,0.00161143521291465,-30.1331936483732,0.0136006566396318,-0.0393816718306212,0.0160667201139467,0.00433607636265525,0.00495601276786522,-30,0,0,0,0,0,4,3,-1.34028471464835,-0.460808949544789,-0.416837933125279,0,0,0
1111,-30.079851165477,0.0844992529207935,0.0522018147382496,-0.000720720376438163,5.27850547350089E-05,0.00238625974520827,-30.0159271929793,0.129567072656235,0.0470036577817142,-0.00603279078214912,0.0101553607318738,-0.010855536220133,-30,0,0,0,0,0,4,3,0.635133464173494,-1.27467021849984,0.991546306449868,0,0,0
1112,-30.0799880371359,0.0839147035314293,0.0546409373776451,0.000447008334739173,-0.00122189479331021,0.00249172635990335,-30.0229563078984,0.0118589682185799,0.100707642812205,-0.00508913293587058,0.00103074505485758,0.026162679606804,-30,0,0,0,0,0,4,3,0.554825909383789,-0.126792441922918,-2.81768324630482,0,0,0
1113,-30.0804737368356,0.0826294224138209,0.0560319547721361,-0.00141888750000074,-0.00134867585997665,0.00029072057002081,-29.9315826882228,0.289263884056322,-0.027971491018329,-0.00825128353851026,-0.00461334383674196,0.00100431490277633,-30,0,0,0,0,0,4,3,0.688293730296549,-0.117193384438449,-0.0444885082409746,0,0,0
1114,-30.0816989522085,0.0812221508107883,0.0560326037491831,-0.00103166560135332,-0.00146587366743826,-0.000289504421144419,-30.1946544619154,0.0763031222132456,0.141911497647002,-0.00145877880726664,-0.0116416014828909,0.0163456963777455,-30,0,0,0,0,0,4,3,0.535186804557396,1.01155390386259,-1.91839263306856,0,0,0
1115,-30.0833191772929,0.0802620585313435,0.0549308378508041,-0.00220913913318285,-0.000454313085996589,-0.00191376595593165,-30.0961989829552,0.030689088468138,0.0974589945425184,0.00467109637313597,0.00011450739595009,-0.0139568109102598,-30,0,0,0,0,0,4,3,-0.274711671403145,-0.072828916531285,1.20076310194095,0,0,0
1116,-30.0851465946373,0.0797713311958652,0.053491189941003,-0.00144548619495672,-0.000527146586863216,-0.000965695277994685,-30.1249189282046,0.235782761518925,0.0522104564447118,-0.00531310953183247,-0.00568721758846341,0.00533427547808757,-30,0,0,0,0,0,4,3,0.781148809592412,0.0971562358084906,-0.637848460698181,0,0,0
1117,-30.086603181954,0.0792927644317244,0.0520147264699883,-0.00146790654528245,-0.00042999221408457,-0.00198722470947702,-30.1274904898919,0.0191647940277134,0.193540904476753,-0.00317564511651829,-0.0179340877284744,-0.00842665147856605,-30,0,0,0,0,0,4,3,0.572545491435688,1.75507918479202,0.455583338903099,0,0,0
1118,-30.0877185913534,0.0797403114641841,0.0499375864637772,-0.000762947310034715,0.00132508064794207,-0.00216720700478969,-30.100386087543,0.180115856875833,0.13475004279809,-0.00879443328386059,0.00955613498711384,-0.00398796889397584,-30,0,0,0,0,0,4,3,1.08021550347205,-1.31584521246305,0.129296803801404,0,0,0
1119,-30.0880998896939,0.0804074685954237,0.0473796949003449,1.86270223602824E-07,9.22742191047414E-06,-0.00294873861808358,-30.1198672834762,-0.0860690047938828,0.132866900861075,0.0103212370597907,-0.00371136002340694,-0.00347329227545886,-30,0,0,0,0,0,4,3,-0.79238913902677,0.54327401192846,0.0815954258237351,0,0,0
1120,-30.0883172057194,0.0806883389335229,0.0447600823795275,-0.000434671254631989,0.00055250636750318,-0.00229038919067404,-30.0031893123246,0.249141524996372,0.100771361123452,0.00322563018677776,0.0086833105687866,-0.00353449399855246,-30,0,0,0,0,0,4,3,-0.316184394028624,-1.36661410687141,0.151906677608342,0,0,0
1121,-30.0887939417673,0.0805575424647519,0.0426338805536934,-0.000518723357436935,-0.000814106413812259,-0.00196199374023163,-30.0820716963456,0.206056392312389,0.154661624694199,-0.0100475656723853,-0.0134350289062787,0.0102943330132208,-30,0,0,0,0,0,4,3,1.16889995992977,0.931390106003097,-1.33875655071048,0,0,0
1122,-30.08948062369,0.0802091348959041,0.0397916332483682,-0.000855020035179084,0.00011728296344038,-0.00372242383884995,-29.9668974341081,0.170491846952747,0.278996815575604,0.0043966098069279,-0.0142392491937104,-0.0151690995135611,-30,0,0,0,0,0,4,3,-0.505866112476601,1.08294122546555,0.958916320204902,0,0,0
1123,-30.0901196885379,0.0808678893703321,0.0365576756878674,-0.000422897042341521,0.00120022246814063,-0.00274558144545176,-30.0067166160893,0.0618839534444766,-0.060327950057008,0.00786161157059824,0.0113065922815491,0.00337632543933819,-30,0,0,0,0,0,4,3,-0.77272792488114,-1.25442713504386,-0.216976643819803,0,0,0
1124,-30.0908706775476,0.081440903401084,0.0340418185540386,-0.00107897817424951,-5.41982639211583E-05,-0.00228598753902769,-30.0277210764519,0.0261755553097727,0.174366354864266,0.000851674441486677,0.000718716371537523,-0.0137076733944529,-30,0,0,0,0,0,4,3,-0.0297252912449165,-0.124222747773298,1.02203462971675,0,0,0
1125,-30.0915607690007,0.0813245945981068,0.0320764919432563,-0.000301062063680024,-0.000178426299160593,-0.00164483157275231,-29.9779406967898,0.143311761405946,0.224183860651253,0.00555242834501103,-0.0120212784685989,0.00844869064112493,-30,0,0,0,0,0,4,3,-0.5993614409215,0.915504324048,-1.293236785415,0,0,0
1126,-30.0925590452187,0.0816039296189339,0.0302612224073469,-0.00169556115782449,0.000737089031714532,-0.00198540800496567,-30.073825109106,-0.0260176533983097,0.0177642183714305,-0.00345997932251954,0.00058620357154807,0.00103148397113535,-30,0,0,0,0,0,4,3,0.493648150464046,-0.00658505035818749,-0.138676833856396,0,0,0
1127,-30.0941605428161,0.0823377280136707,0.0280323986936309,-0.00150753401466391,0.0007305013864848,-0.00247227983260622,-30.2028782767707,0.12680121959842,-0.0270148840640352,-0.00947054687740673,0.00476479225386998,0.0132248768209763,-30,0,0,0,0,0,4,3,1.35281124128199,-0.730081664583837,-1.26845791396956,0,0,0
1128,-30.095754102917,0.0827031893563316,0.0246300609543666,-0.00167998237090784,4.17366165309327E-07,-0.00433235741891216,-30.1548813975708,0.112665390215041,-0.0440626515603956,0.00739110399732011,-0.00219516267841135,-0.0114269707391458,-30,0,0,0,0,0,4,3,-0.429347604590367,-0.00581451258894664,1.23082237703538,0,0,0
1129,-30.0970864252002,0.0827007003645742,0.0208396691894901,-0.000984425046741216,-5.40084560506074E-06,-0.00324857459291554,-30.1681683562867,0.146135724499845,0.0506680710681619,-0.00774855622692135,0.00684634271132347,0.000935671408974388,-30,0,0,0,0,0,4,3,1.11119233526554,-0.976905720132038,-0.194903283033763,0,0,0
1130,-30.0978095599849,0.0822068458670482,0.0170867180659055,-0.000462057633700768,-0.000982313048122581,-0.00425743757577791,-30.0993952059717,0.015750940102005,0.0560259100646527,-0.0117702928411526,0.0157019792308268,-0.001811541674342,-30,0,0,0,0,0,4,3,1.37581969605872,-1.60169980328669,0.069102347304895,0,0,0
1131,-30.0978254887351,0.0804236817014931,0.0123015785353375,0.000429978349708566,-0.00258402254314221,-0.00531303142925813,-30.1433322879502,0.178317946099356,0.0935791167588955,0.000727646552932796,-0.00650185845377947,0.0106831105117833,-30,0,0,0,0,0,4,3,0.213899920607102,0.293549953179235,-1.25546928469612,0,0,0
1132,-30.0978295824269,0.0779864397133343,0.00651071760822618,-0.000438363538721703,-0.00229046729745095,-0.00626850195846404,-30.1729393606407,0.181452227346658,-0.121273951972791,0.0093026904413036,0.00207087507251202,-0.0129951458819107,-30,0,0,0,0,0,4,3,-0.584390322848915,-0.569991961944518,1.54206249213665,0,0,0
1133,-30.0978451022498,0.0754109780571802,0.000939909019413097,0.000407628397110757,-0.00286046358343409,-0.00487329521533422,-30.2246404473922,0.231925513517255,0.0959302845667995,-0.000646641894102467,-0.0124010252743572,0.0105100712402942,-30,0,0,0,0,0,4,3,0.513945084194655,0.776251500401213,-1.24286769316302,0,0,0
1134,-30.0977745578338,0.0729386451683937,-0.00452528674115801,-0.000266786482725899,-0.00208420888703515,-0.00605695052849539,-30.0858295201943,-0.0954611757190452,-0.00489638109565353,0.00116606754711391,-0.0119852675835392,-0.0110501698684874,-30,0,0,0,0,0,4,3,0.0550522856771632,1.38944910979201,1.11480974904005,0,0,0
1135,-30.0975899368252,0.0715491600773391,-0.010268483023873,0.00063616597281969,-0.000694766135544909,-0.00542963255103957,-30.1222519556484,-0.0693349926464025,0.0153003000565196,0.0054684391942868,-0.00936914947534012,-0.0117172855269389,-30,0,0,0,0,0,4,3,-0.302340008131784,1.07558493282682,1.14112795258085,0,0,0
1136,-30.0966012798734,0.0713921842540343,-0.0152358021292598,0.00134135441401176,0.000380814715590699,-0.00450515593410949,-30.0498470665364,0.106604409170559,0.00797125886603063,0.001676088063252,0.00479137073598542,-0.00904040342175087,-30,0,0,0,0,0,4,3,-0.0679146732523912,-0.692345891939659,0.888097824443026,0,0,0
1137,-30.0949348024579,0.0714268257237254,-0.0194492721418792,0.00199172375853054,-0.000311535488742207,-0.00392191937077855,-30.1541432349772,0.270901997207219,-0.099978446074793,-0.000278508143039267,-0.00212862022590471,-0.0066768473372722,-30,0,0,0,0,0,4,3,0.336137284258394,-0.328941971823967,0.867641625876806,0,0,0
1138,-30.0925017495757,0.0709508183610868,-0.0232457566391324,0.00287444139113433,-0.000640484398607902,-0.00367123542438733,-30.1695855657001,0.0887624921030338,-0.0738432772276614,0.00732569952749521,-0.00223929716260865,-0.00981528179469483,-30,0,0,0,0,0,4,3,-0.393398821349286,0.0464047320547979,1.12921473392481,0,0,0
1139,-30.0893060597154,0.0703335357718042,-0.0264237355277737,0.00351715894033532,-0.000594083070908532,-0.00268486001550757,-30.0889125263865,0.109221008257209,0.162902073023391,-0.00636661196894378,0.00731839798873496,0.00313590984323645,-30,0,0,0,0,0,4,3,0.814486249667338,-0.950281815387913,-0.639395130370427,0,0,0
1140,-30.0857959536414,0.0692643136383189,-0.0296348277019096,0.00350283238300468,-0.00154436697288757,-0.00373731854171377,-30.0601266945052,0.129007324025629,-0.0296666598560675,0.0155641002097385,0.00351168822476475,0.00795681999967194,-30,0,0,0,0,0,4,3,-1.43615663196347,-0.609183470527733,-0.736348680255059,0,0,0
1141,-30.0830281814047,0.0674153650747695,-0.0330383243045132,0.00203285962078814,-0.00215353675167483,-0.0030693590692554,-30.2493014730177,0.124697839078339,-0.0396683002890042,0.000447275728699452,-0.00455213124181607,-0.00604587024014324,-30,0,0,0,0,0,4,3,0.453875373165381,0.205817446024928,0.683923624592333,0,0,0
1142,-30.0805899934292,0.0653647364462838,-0.0360857545667355,0.0028435317158854,-0.00194772605434681,-0.00302567113794265,-30.0969623588968,0.100590927137586,-0.0768072537377929,-0.000951335661038868,-0.00317092948773331,-0.0102885123996504,-30,0,0,0,0,0,4,3,0.289058283897415,0.115911094498159,1.18246574744063,0,0,0
1143,-30.0771942844082,0.0634749665198565,-0.0388723453859546,0.00394799161198296,-0.0018318232672295,-0.00254774463105445,-30.0510354778981,0.0476614308639181,-0.167426247812724,0.00364746911868923,0.000714365983685569,0.00547079774201218,-30,0,0,0,0,0,4,3,-0.262675956072793,-0.166759460096393,-0.212227278575769,0,0,0
1144,-30.0734143227129,0.0615597669288377,-0.041389654010376,0.00361194819461065,-0.00199857980969519,-0.00248679944619623,-30.1637373627454,0.136579901316912,-0.359430574037491,-0.00335172271261232,0.00647126667968021,0.00113792378560834,-30,0,0,0,0,0,4,3,0.662646996752013,-0.920286470601846,0.605068769514147,0,0,0
1145,-30.0693641812494,0.0591010428755187,-0.0439624066679564,0.00448830362865293,-0.00291887402288966,-0.00265888726979116,-30.0921956225764,0.0750321152729915,-0.223348703047999,0.00991100036892554,-0.0176146116369273,-0.0189632784798957,-30,0,0,0,0,0,4,3,-0.806708791739822,1.61139693314675,2.34302525408557,0,0,0
1146,-30.0641982069913,0.0569878666424965,-0.0455953714347324,0.00584408118378848,-0.00130748421221727,-0.000607325778955657,-30.1015289376861,-0.0206782374028946,0.0220164343792444,0.0228665279488747,0.0115637792584969,0.0114376972394239,-30,0,0,0,0,0,4,3,-2.08359491951528,-1.1150214510439,-1.18780259270087,0,0,0
1147,-30.0594633239916,0.0551228824752918,-0.0457492492071448,0.00362588344363493,-0.00242248516264609,0.000300036569510678,-29.9738944805921,0.00406275874044509,-0.0347750174813887,-0.00408429000221664,0.00374762087094259,-0.0346544647789928,-30,0,0,0,0,0,4,3,0.356217961405801,-0.382887604575149,3.53499651286206,0,0,0
1148,-30.0543306984442,0.0525089451771585,-0.0445207314304442,0.00663976191027001,-0.00280539416549478,0.00215636548859875,-30.100133491492,0.131808356502926,-0.0576627876962733,0.0228758428091195,-0.0150958137621555,-0.0136364640440568,-30,0,0,0,0,0,4,3,-2.08731729792796,1.2459646632097,1.47897197979822,0,0,0
1149,-30.0477427162174,0.0503265389830661,-0.0410959741890858,0.00653673849057769,-0.00155942330421357,0.00469317359993336,-30.065228758369,-0.0542609701282795,-0.0319465145431595,0.00648867952539789,-0.00886316047750305,0.00318453047498729,-30,0,0,0,0,0,4,3,-0.51841043580172,0.994837988006865,-0.25456001841241,0,0,0
1150,-30.0414655061913,0.0492645395849164,-0.0362844703967207,0.00601773500673977,-0.000564580439797815,0.00492994662539477,-30.0656723052856,0.0163604131346534,0.0386001097993686,0.0261800296513723,0.00841244017020814,0.0133780734926958,-30,0,0,0,0,0,4,3,-2.48665835456602,-0.873964843290121,-1.41500756886832,0,0,0
1151,-30.0367666710814,0.0482629914414555,-0.0308085589437319,0.00338016977648779,-0.00143852082873094,0.00602243448256512,-30.0733555834607,0.104402068982525,0.0278683910882832,-0.0059748619469065,0.00590918413013361,-0.00744629740687794,-30,0,0,0,0,0,4,3,0.744197361612027,-0.79972255097841,0.688892958511228,0,0,0
1152,-30.0328868449876,0.0464246101164905,-0.0248800435387372,0.00437944308821817,-0.0022382521216486,0.00583439140640662,-29.8540345225858,0.192463063849779,0.0186736521222987,-0.0015458255990212,-0.00190336111472951,0.00649359318994384,-30,0,0,0,0,0,4,3,-0.137348394926267,-0.194590016226608,-0.686706623238982,0,0,0
1153,-30.0288218914344,0.0440890668661748,-0.0192087144809151,0.00375039631580599,-0.00243283751830306,0.00550840637428934,-29.9783057316147,-0.0503553423476312,-0.0872712872507485,0.00397218353539457,-0.0067012858764342,0.0191038743935089,-30,0,0,0,0,0,4,3,-0.440606890309972,0.770839272338682,-1.73584486484939,0,0,0
1154,-30.0258948587368,0.0420416579917839,-0.0140614833156568,0.00210352094801225,-0.00166198593420014,0.00478640379562165,-30.1480495311884,-0.0322759772821521,-0.0566244741505091,-0.0155330896780142,-0.020999195822492,0.00783508110524881,-30,0,0,0,0,0,4,3,1.84940803017818,2.1644715368135,-0.670259162223863,0,0,0
1155,-30.0234962567941,0.0414619065559334,-0.0102208772187761,0.00269329211131308,0.000502476669860502,0.00289468883856985,-29.8292099142929,0.182264912727891,-0.18902096457022,0.0104730537361974,0.00478784829157808,-0.011630468850703,-30,0,0,0,0,0,4,3,-1.38888554503393,-0.843314654613591,1.54108881421075,0,0,0
1156,-30.0206139188363,0.0415427288607444,-0.00631449578518745,0.00307180952564272,-0.000340836848811355,0.00491799824756572,-30.0242235108597,0.0286025309152215,0.0165194376468771,0.00650665624392714,-0.00243007808609596,0.00576257555711502,-30,0,0,0,0,0,4,3,-0.602218602673409,0.185802746779153,-0.609296431005256,0,0,0
1157,-30.0179675467441,0.0412947997608792,-0.00135022114662259,0.00222095832283172,-0.00015502675257884,0.00501073113307948,-29.9197521373493,0.0334448635408618,-0.0621964359647094,-0.00696645026381485,-0.00724059708223772,-0.00325883228933412,-30,0,0,0,0,0,4,3,0.536149301080026,0.657169981142049,0.450276100862831,0,0,0
1158,-30.0154055043924,0.041468357895672,0.00357621351645048,0.00290309378526161,0.000502137179042286,0.00484199927723252,-29.9945394652499,0.0524139772768056,-0.104342846904237,0.0147409471615704,0.00778937585863171,0.0137643300682769,-30,0,0,0,0,0,4,3,-1.48501578565717,-0.883765540416782,-1.16774731301922,0,0,0
1159,-30.0134175002419,0.0415286235330881,0.00864666349641527,0.00107301087754268,-0.000381612025575607,0.00529928521022487,-30.0291605125199,0.0426865464069803,0.0532974266823182,-0.00130909307957677,0.0128771615353605,-0.00239098259068877,-30,0,0,0,0,0,4,3,0.189230332997571,-1.37308924635001,0.132503405704241,0,0,0
1160,-30.0122348552841,0.040460468786321,0.0139035763940518,0.00129226332912675,-0.00175470326967354,0.005214498150773,-29.8775434932866,-0.100766248391054,-0.249228814792804,-0.00420171605426914,-0.00411847871017627,-0.00706884025867818,-30,0,0,0,0,0,4,3,0.175258592000061,0.613380367799734,1.20534165545343,0,0,0
1161,-30.0104103772637,0.039012455271053,0.0194060029717893,0.00235681928377475,-0.00114133056549607,0.00579013990706714,-29.9718254269659,0.0242473410172818,-0.0357532211484334,0.00754766599941977,0.000347413061611005,-0.00330808518464074,-30,0,0,0,0,0,4,3,-0.811115746010106,-0.0832359881956641,0.402314960760941,0,0,0
1162,-30.00813911065,0.0378295094548757,0.0256329601495281,0.00218589810234973,-0.00122456321472735,0.00666381408358694,-29.9436109531306,-0.177862142705971,0.143647269945225,0.00665938128200432,-0.001761611614004,0.0060326268439957,-30,0,0,0,0,0,4,3,-0.778716221939264,0.531885446812341,-0.890557224290021,0,0,0
1163,-30.0065431389548,0.0368708982083626,0.0323297324950461,0.00100606461946903,-0.000692667703374955,0.00672998279448127,-30.1426801759105,0.0520057110491095,0.0100066068535085,-0.00410213717176636,0.00156222352839426,0.00468899484749446,-30,0,0,0,0,0,4,3,0.695574068997705,-0.260233774937645,-0.488912698456463,0,0,0
1164,-30.0055212924752,0.0360481156325814,0.038627709543098,0.00103744828042163,-0.000952903561883351,0.00586597004787325,-30.0518187582227,-0.188023711088374,0.117446767244607,-0.00631236842721075,-3.33491862105673E-05,0.00567200409059733,-30,0,0,0,0,0,4,3,0.734874359166542,0.379382340797805,-0.802093943548947,0,0,0
1165,-30.0045814827056,0.0352849054127027,0.0439513799518907,0.000841951551643832,-0.000573521890681192,0.00478141304260258,-30.0915824042018,0.111317928994221,-0.0376120221752736,0.00372866334132421,-0.00760691862984863,-0.00589060582513416,-30,0,0,0,0,0,4,3,-0.189701525728839,0.538056004996421,0.664284626863963,0,0,0
1166,-30.0035326972202,0.0349804128100854,0.0490018998994334,0.00125573066786206,-3.54681702439202E-05,0.00531954361674984,-30.1375797083651,0.0150178348136549,0.108843021893587,0.00357097137976734,-0.00149927293146362,0.00514384744972376,-30,0,0,0,0,0,4,3,-0.0819377212465511,0.119891623519052,-0.732070788759549,0,0,0
1167,-30.0025938912163,0.0350048944310109,0.0541258888133231,0.000621802836542577,8.44279420841891E-05,0.00492856975716241,-30.0781119468242,-0.091134119867325,0.199041488355309,-0.0077012999728647,0.0081856536439934,0.00544795598971636,-30,0,0,0,0,0,4,3,0.926353890934851,-0.63629712466469,-0.942878575682254,0,0,0
1168,-30.0020691495957,0.0347711752119726,0.0583936614982241,0.000427412576782335,-0.00055187039587936,0.00360701664733594,-29.9904452583243,0.0327185222707345,0.207856999589015,0.0115531570377973,0.00626415639492949,0.00422173208056057,-30,0,0,0,0,0,4,3,-1.17442518713105,-0.691852684034418,-0.837887207234087,0,0,0
1169,-30.0023311097571,0.033873386886648,0.0622096060612383,-0.0009512465574175,-0.00124371061831169,0.0040251601324252,-29.8722989380849,-0.0253797951495395,0.171275023658654,0.00151265395945464,-0.016047176030002,-0.00130575310247723,-30,0,0,0,0,0,4,3,-0.406667519775694,1.65547719329928,-0.211974737069584,0,0,0
1170,-30.0034903668034,0.0334574179031066,0.0663268269599666,-0.00136723031921727,0.000411770471071435,0.00420937161141346,-30.1909066829885,0.221115430328791,0.120233036175787,0.00150718043991778,0.0113149479425649,-0.00342747705906505,-30,0,0,0,0,0,4,3,0.231095321985132,-1.57372565491407,0.102281633554931,0,0,0
1171,-30.0047480031361,0.0330823268102078,0.0704686296828964,-0.00114806709138494,-0.00116195729937819,0.00407419005646016,-29.9965213996595,-0.0574586844819893,0.177362284607861,0.00156922731230207,-0.00651484305395676,0.000118902914937705,-30,0,0,0,0,0,4,3,-0.163879931911286,0.766401674359654,-0.366614860709493,0,0,0
1172,-30.0060926376702,0.0323035753827666,0.0744916720091625,-0.0015412212938838,-0.000395552545960791,0.00397197630309636,-30.0632740530032,0.115746146818296,0.0886126191251519,-0.0120051046456523,-0.00587692308306075,-0.0144463298329802,-30,0,0,0,0,0,4,3,1.32705857057154,0.356200014669483,1.26740774504772,0,0,0
1173,-30.0067293742153,0.0320861164904157,0.0783089026391996,0.000267687314321775,-3.936833243313E-05,0.00366211566857407,-30.0461192588238,0.0758983776603494,0.273377670143037,-0.0358676622161437,0.0109554820202556,0.0175823614222532,-30,0,0,0,0,0,4,3,3.67900473926198,-1.24734495734626,-2.30499148251139,0,0,0
1174,-30.0062773505511,0.0314230728810209,0.0798014481154391,0.0006354734610612,-0.00128672583963697,-0.000677099892226416,-30.0916019920794,-0.123576141784132,0.068043038881233,-0.00489979454756979,-0.00361558961760319,-0.0143701659260186,-30,0,0,0,0,0,4,3,0.673183438915702,0.608711245328583,1.30093051483939,0,0,0
1175,-30.0049225124155,0.0304407003030859,0.0792393593501623,0.00207425345914714,-0.000678026145206745,-0.00044737130208722,-30.0884848326628,0.0537587831892085,-0.0440316021098204,0.00730141733422478,8.95586045431632E-05,-0.0199773505439322,-30,0,0,0,0,0,4,3,-0.553172068096814,-0.116473426832733,2.08579825861286,0,0,0
1176,-30.0021833467419,0.0297044366118302,0.0796320800897021,0.00340442504770593,-0.000794507026375301,0.00123254380031584,-29.9657948308811,0.120555575336123,0.24455713553714,-0.00757215967555589,-0.00242499383537361,0.00623581861254796,-30,0,0,0,0,0,4,3,0.6888056293178,0.00138823286511533,-1.11269613232908,0,0,0
1177,-29.9990190872532,0.028910627227983,0.080247142104002,0.00292384404412411,-0.000793117480281002,-2.31711354280358E-06,-29.9701168109322,-0.0482922364867374,0.139585824460945,-0.001283700177044,0.0331573152087677,0.00852104712756376,-30,0,0,0,0,0,4,3,0.0686036395687795,-3.2191470479033,-1.13127636167827,0,0,0
1178,-29.9965296780486,0.0265079421566091,0.0798701457314398,0.00205482504492332,-0.00401225891455348,-0.000751495126805507,-29.8631116440839,0.31381528805944,0.0641710068658058,0.0098998134883298,-0.0161225313295292,0.00322894043910751,-30,0,0,0,0,0,4,3,-1.2637580606652,0.984622556834041,-0.451236057642363,0,0,0
1179,-29.9950371598175,0.0229880021487711,0.0794815082838084,0.000930364638080707,-0.00302762536740888,-2.55487026555694E-05,-29.8166462634626,0.187259869334284,0.244645187727629,-0.0206627187642572,-0.0116142753756189,-0.014248702735588,-30,0,0,0,0,0,4,3,1.69956440335101,0.786907798893327,0.93557989810354,0,0,0
1180,-29.993225503982,0.0203538240427109,0.0790491461933662,0.00269278559612595,-0.00224073411027296,-0.000839531627558099,-30.0362373126278,0.0230306103975085,0.0560532415702218,0.0224262660881642,-0.00529216834688515,-0.00175137716412647,-30,0,0,0,0,0,4,3,-2.17015198356089,0.483155613893498,0.063031233272204,0,0,0
1181,-29.9911603627034,0.0183546768532215,0.079089602785423,0.0014378582664755,-0.00175756413066361,0.000920701211173573,-29.7659344203084,0.00404095376937203,0.222016802207581,0.00112579669288325,0.00292970673938947,0.00622099579817358,-30,0,0,0,0,0,4,3,-0.580710828671487,-0.301052581477691,-1.06613318423252,0,0,0
1182,-29.99032542619,0.0164465942677933,0.079916502679784,0.000231979264728259,-0.00205860705244576,0.000733344118682021,-30.0129928769953,-0.0247213086631986,-0.0465449737641296,0.0114977463947237,-0.00152279938847578,0.00242660329680694,-30,0,0,0,0,0,4,3,-1.12378888548179,0.201722556173976,-0.149570382152435,0,0,0
1183,-29.9904918036199,0.0144888560330607,0.0810485842683021,-0.000564568664257024,-0.00185687608107512,0.00153098372634306,-29.9380840416887,0.0287420924915807,0.101475416748138,-0.00715222588816105,-0.00573268988385442,0.00232515152330246,-30,0,0,0,0,0,4,3,0.591390672193456,0.515784803402281,-0.435465985826521,0,0,0
1184,-29.991055871876,0.0128898752415246,0.0822060093248586,-0.000563716130745871,-0.00134109294314301,0.00078386907128019,-30.0955230422254,0.0074842025136804,0.0937555459442511,0.0155557503316929,0.0118688183094975,-0.0128876877721446,-30,0,0,0,0,0,4,3,-1.36452894871847,-1.20185023597711,1.10125768532596,0,0,0
1185,-29.9915881746817,0.010947861781441,0.0838596338669989,-0.000500534483795254,-0.0025429398516026,0.00252336537587701,-29.894349759104,-0.0050697873358445,0.0620435089922452,-0.000253306908384136,0.000651496162649763,-0.00230284542795712,-30,0,0,0,0,0,4,3,-0.185969790953609,-0.0550100415932873,0.106197524811222,0,0,0
1186,-29.9921031349515,0.0083774195219984,0.0864829249548432,-0.000529342588263851,-0.00259794920242334,0.00272322335548706,-29.9314745206279,-0.0390972893596557,0.0263760335690675,0.00191926548136916,0.00282296640684628,0.00774990958293636,-30,0,0,0,0,0,4,3,-0.328977506881063,-0.204102061965317,-0.827743025431771,0,0,0
1187,-29.993064051712,0.00567742495494139,0.0890846153175865,-0.00139253752294406,-0.00280204458873493,0.00248033191764778,-30.0087114978552,-0.0902155998775941,0.238954568465444,-0.0132897026853923,-0.0126376452924234,-0.00297812498406496,-30,0,0,0,0,0,4,3,1.34639326424955,1.44419572899753,-0.180096638524391,0,0,0
1188,-29.9941285310108,0.0035974763673946,0.0909650524092941,-0.000736661695625409,-0.00135785701867694,0.0012804133003974,-30.0134962888445,0.0412208206890327,0.0679051677455123,0.00137687396776297,-0.00108463555444775,0.00658959564349519,-30,0,0,0,0,0,4,3,-0.110694819087219,0.0260219140667096,-0.794769899840543,0,0,0
1189,-29.9952190992076,0.00225263599406081,0.0920466134120893,-0.00144455267558099,-0.00133183008701218,0.000882852437388658,-29.9555331120748,-0.116242484573491,0.194616641543588,-0.0183331717847418,0.000652722782869701,0.0047455154697886,-30,0,0,0,0,0,4,3,1.74438340262377,0.167212690860012,-0.863784830066035,0,0,0
1190,-29.9964925382955,0.00100441342481804,0.0919657856346197,-0.00110270628331986,-0.00116462457600117,-0.00104457591456436,-29.892529849595,-0.14503543113075,0.181173046057333,0.00797287623806656,0.000557705900879265,0.0104272034929725,-30,0,0,0,0,0,4,3,-1.0122279246167,0.234300272173573,-1.40506644141192,0,0,0
1191,-29.9984638801234,-4.30504476176165E-05,0.0909030000058982,-0.00283998161972905,-0.000930309900077002,-0.00108064613763324,-29.9355604117513,-0.135347412946941,0.136723748322726,0.00108628732507858,-0.000626772611675641,-0.00166017429292217,-30,0,0,0,0,0,4,3,-0.237507909005299,0.333372087061446,-0.107430067353235,0,0,0
1192,-30.0014206064021,-0.000806670568112923,0.0898803921673176,-0.00307344585120295,-0.000596935630021754,-0.000964522602884399,-30.068669036453,-0.0531969085531673,0.00580360800827781,-0.00481592166419938,0.0136074829443837,0.000656669472640657,-30,0,0,0,0,0,4,3,0.618930239325858,-1.25435447733204,-0.0772741632806213,0,0,0
1193,-30.0043437386655,-0.002030782451853,0.0886389197976705,-0.00277292576317038,-0.00185129388843423,-0.00151848290392371,-30.0362539433842,-0.101598662598386,-0.147052708274857,-0.00833071899803589,0.00858043216651912,-0.00708298551529059,-30,0,0,0,0,0,4,3,0.90557978657208,-0.654845891455141,1.00240396807877,0,0,0
1194,-30.0064474789043,-0.00420950220835623,0.0870492349909803,-0.00143457926621425,-0.00250615130294029,-0.00166115210167626,-30.0421513466028,-0.0295511781445904,0.183114551819239,-0.00248074533531638,0.000273144433036501,-0.0149595905510516,-30,0,0,0,0,0,4,3,0.332377226737253,0.0317879129855307,1.12972995146668,0,0,0
1195,-30.0073321560863,-0.00669975959286402,0.0855843801531085,-0.000334692507616575,-0.00247437171237982,-0.00126877931003884,-29.8290124189281,-0.000994557585624137,-0.0532287611071292,0.0097679318729039,0.00467077273624936,0.000729321475822937,-30,0,0,0,0,0,4,3,-1.31876834943409,-0.465088158453688,0.0335253746319648,0,0,0
1196,-30.0080481190515,-0.00940666841726913,0.0848495549867838,-0.00109701528425541,-0.00293945111508119,-0.000200716471896808,-30.136637381495,0.0154406336707549,0.054301460674119,-0.0186313533849704,0.00357947551204719,0.00789476532974141,-30,0,0,0,0,0,4,3,2.13641010148696,-0.388828818546229,-0.898079454322379,0,0,0
1197,-30.0088744892806,-0.0125405366536,0.0835167077039347,-0.000556173813603677,-0.0033282895887397,-0.00246508674737113,-29.962677491856,-0.0045261910047243,0.196577788428142,-0.0152388873048787,-0.000257501837835541,0.00106817579363213,-30,0,0,0,0,0,4,3,1.44924371419985,0.0348025657930027,-0.499973156219498,0,0,0
1198,-30.0092051162386,-0.0158514251935031,0.0803138334801905,-0.000105369823007568,-0.00329349415558645,-0.00394075132067583,-29.9314504612038,-0.00477784180354142,0.141453048917386,0.0129334503925082,-0.00543575585890801,-0.00703839944340888,-30,0,0,0,0,0,4,3,-1.43044411684329,0.553131269497884,0.420933846506116,0,0,0
1199,-30.0095693438434,-0.0188683473618774,0.0770672879022068,-0.000622805203629799,-0.00274035545418306,-0.00255223400306036,-30.0071145562271,0.0330982711197059,0.242139111066537,-0.00270554257007253,-0.00227672384680136,-0.0030038094319147,-30,0,0,0,0,0,4,3,0.28478336946142,0.161475842440724,-0.183897278941603,0,0,0
1200,-30.0101851762035,-0.021527964285589,0.0743396700302176,-0.000608920790799952,-0.00257888055606558,-0.00290299975187506,-29.8964268222765,-0.00511788380002474,-0.00380213950038495,0.00445544954887893,-0.0234666429476965,0.0134364484598526,-30,0,0,0,0,0,4,3,-0.652691310334922,2.3569000623697,-1.33604056698449,0,0,0
