sys.exec.out.time {s},chaser.lvlh_rel_state.rel_state.trans.position[0] {m},chaser.lvlh_rel_state.rel_state.trans.position[1] {m},chaser.lvlh_rel_state.rel_state.trans.position[2] {m},chaser.lvlh_rel_state.rel_state.trans.velocity[0] {m/s},chaser.lvlh_rel_state.rel_state.trans.velocity[1] {m/s},chaser.lvlh_rel_state.rel_state.trans.velocity[2] {m/s},gnc.meas_rel_pos[0] {m},gnc.meas_rel_pos[1] {m},gnc.meas_rel_pos[2] {m},gnc.meas_rel_vel[0] {m/s},gnc.meas_rel_vel[1] {m/s},gnc.meas_rel_vel[2] {m/s},gnc.setpoint_pos[0] {m},gnc.setpoint_pos[1] {m},gnc.setpoint_pos[2] {m},gnc.setpoint_vel[0] {m/s},gnc.setpoint_vel[1] {m/s},gnc.setpoint_vel[2] {m/s},gnc.guidance.state_ {1},gnc.guidance.current_leg_ {--},gnc.cmd_force[0] {N},gnc.cmd_force[1] {N},gnc.cmd_force[2] {N},gnc.control.saturated_[0] {--},gnc.control.saturated_[1] {--},gnc.control.saturated_[2] {--}
0,-962.300390225394,105.107484338625,32.5184396300465,-0.379531554231832,0.155082605920726,0.938427998871912,-962.440677496307,105.00296965758,32.3225001730718,-0.382684475053954,0.155796035811876,0.924272473693037,-500,0,0,0,0,0,0,0,963.149802498009,-225.585542896348,-157.072247715447,0,0,0
1,-962.197998908062,105.149785131545,33.3781662104828,0.584224883430674,-0.0704810200774555,0.780479843056907,-962.13480872098,105.059472842266,33.3976093020786,0.591998395448286,-0.0749095341094977,0.789723301855391,-500,0,0,0,0,0,0,0,865.069777897131,-202.627992273582,-145.767548789696,0,0,0
2,-961.18114681348,104.977999994218,34.0840793198502,1.44939529507349,-0.27308925457607,0.630856728997322,-961.219204315903,104.934287817632,34.2222200511795,1.44570072027028,-0.262939386443212,0.627985729777617,-500,0,0,0,0,0,0,0,777.868336604777,-183.574636990943,-131.243013080121,0,0,0
3,-959.342952407225,104.613132305535,34.6463171171212,2.22691679042401,-0.456646122802509,0.493178713948461,-959.421762919304,104.509241710319,34.7001421746344,2.24648355891714,-0.455452670750959,0.485559235925071,-500,0,0,0,0,0,0,0,694.195169946894,-163.473216345541,-117.956207941776,0,0,0
4,-956.769273004568,104.074757509723,35.076395384867,2.92037203032416,-0.620103468846235,0.366585150564806,-956.764520398634,104.02151135076,35.0338439771951,2.93792600082281,-0.611640523915016,0.371849933928198,-500,0,0,0,0,0,0,0,619.736440714986,-146.878970310018,-107.25268134721,0,0,0
5,-953.539547075416,103.381221654882,35.3842699321411,3.53901525562412,-0.766968240868628,0.248813528594369,-953.731767076583,103.414227935247,35.5192598692589,3.53210334116583,-0.774238884262352,0.248778072374961,-500,0,0,0,0,0,0,0,554.253200036582,-129.404567444259,-95.9163269760139,0,0,0
6,-949.724074158769,102.549557479288,35.5792168461596,4.0918718837609,-0.896360110319611,0.14076703830008,-949.740860245384,102.488008280388,35.6808104619358,4.09623447742417,-0.896125182138802,0.159158600131837,-500,0,0,0,0,0,0,0,489.858272748351,-115.363498346896,-87.2774809370553,0,0,0
7,-945.388083141006,101.595521250553,35.6697565821113,4.58005593167794,-1.01171234711899,0.0400357065130594,-945.230669993893,101.542808824219,35.6787512453017,4.5781491867359,-1.02544365708658,0.0243323769422481,-500,0,0,0,0,0,0,0,432.646421314197,-100.541251939781,-73.7907401848282,0,0,0
8,-940.592614237096,100.533543225034,35.6657411052796,5.01083495860136,-1.11224370385121,-0.0483109568144782,-940.585159637499,100.510252662513,35.6680961225277,5.00319244935926,-1.11397292112663,-0.032231385976656,-500,0,0,0,0,0,0,0,380.851074339073,-89.6232132123633,-68.1130536473898,0,0,0
9,-935.392374704755,99.3764922943106,35.5757523326264,5.38960015249827,-1.20185815754436,-0.131881499399369,-935.440733135343,99.2779055037294,35.7681385076108,5.40505539384175,-1.21180734121914,-0.130858477445619,-500,0,0,0,0,0,0,0,330.37592688651,-77.3750768855448,-58.4504292706596,0,0,0
10,-929.838683021822,98.1359503926595,35.4066685829547,5.71774456863747,-1.27922564568437,-0.206472309320891,-929.802559459222,97.9973847623748,35.3887430368481,5.71526758279933,-1.27348855349839,-0.212987534651214,-500,0,0,0,0,0,0,0,288.07836063851,-68.6459141749103,-49.4787326085747,0,0,0
11,-923.978054012636,96.8224050869024,35.167186938863,6.00347976174295,-1.34786496576891,-0.272653324651359,-923.854614068012,96.9788699850561,35.1751997674232,5.99173441512243,-1.34899018728588,-0.26591519035911,-500,0,0,0,0,0,0,0,248.535786623781,-59.0587212415242,-43.7588804989355,0,0,0
12,-917.851521532149,95.4450136132977,34.8641682696997,6.24955468877308,-1.40691798142696,-0.333523947599037,-917.953871906232,95.5168077370272,34.9713124483705,6.24048684365186,-1.40527063946374,-0.342522490580899,-500,0,0,0,0,0,0,0,211.859059447278,-50.506551527681,-35.6903758386511,0,0,0
13,-911.49728249713,94.012844775449,34.5041654251385,6.45889742811487,-1.45741969433425,-0.38660091589143,-911.549538385161,94.156003635537,34.4521807802825,6.45470711992698,-1.44579042703427,-0.385626737571272,-500,0,0,0,0,0,0,0,177.628364777623,-43.7329645676467,-30.3416878034379,0,0,0
14,-904.950849345907,92.5335606305122,34.0936757070318,6.63394598862413,-1.50114859558449,-0.434478311397556,-904.972931935935,92.5287221373377,33.8877899744573,6.62421626976387,-1.49107678946568,-0.447844502507944,-500,0,0,0,0,0,0,0,147.524236895483,-35.9497653281074,-22.9911296981203,0,0,0
15,-898.244423569505,91.0144388224626,33.6389416315477,6.77888690342598,-1.53709502048452,-0.475072608979836,-898.205065396972,90.9280569604177,33.6599793843559,6.78187269276705,-1.54108062964991,-0.480749135720438,-500,0,0,0,0,0,0,0,118.222861517239,-27.7480509558444,-19.2450451966679,0,0,0
16,-891.407727211973,89.4634711213464,33.145505038292,6.89448938693852,-1.56484038177293,-0.511866758625116,-891.388383190279,89.4745374705992,32.9593041840215,6.89869063527233,-1.56664104425923,-0.516872354211569,-500,0,0,0,0,0,0,0,92.9077028533254,-22.2849705152759,-14.2313729468862,0,0,0
17,-884.468084490274,87.8874893042855,32.6178274024134,6.98478259678165,-1.58712325239962,-0.543540386089356,-884.566251359287,87.9954821646746,32.6305442785162,6.97972395719078,-1.58619174851943,-0.541261810723602,-500,0,0,0,0,0,0,0,71.1601069994949,-17.3717894774059,-11.1349074846721,0,0,0
18,-877.449028872161,86.2916809631616,32.0600914470291,7.05331706778684,-1.60449342988475,-0.57197109666379,-877.524087258952,86.2929984148621,31.8751363327112,7.05649553719642,-1.60491282438918,-0.565687597186198,-500,0,0,0,0,0,0,0,49.3986207982625,-12.0947143908062,-7.18151294680268,0,0,0
19,-870.372309073366,84.6811407313592,31.4760177671594,7.10011337233695,-1.61658703375048,-0.596203539306795,-870.293511277335,84.7353564594304,31.4810911849715,7.09925318715508,-1.61519577130297,-0.572902117375691,-500,0,0,0,0,0,0,0,30.6617038391624,-7.95113578856342,-5.67197063237391,0,0,0
20,-863.258169393158,83.0605784837777,30.8685977132817,7.12815786585333,-1.62453746140253,-0.618653238614508,-863.403775752473,83.036033164196,30.8418230724735,7.12973058378453,-1.63557977626124,-0.621907835712597,-500,0,0,0,0,0,0,0,13.8344931264932,-2.51408870226817,0.507137426312717,0,0,0
21,-856.124347058471,81.4347841140192,30.2419677250893,7.13948236580498,-1.62705127814694,-0.634613952745151,-856.058589430445,81.3324074448192,30.1196887831964,7.15066595083846,-1.62893331846581,-0.629566951380012,-500,0,0,0,0,0,0,0,-2.94941622295642,0.228516956942883,2.71731757160843,0,0,0
22,-848.987575251732,79.8078470434316,29.6006701680638,7.1340582823056,-1.62682286298393,-0.647978898364759,-848.883012146237,79.9529868533321,29.7672133685094,7.12682701226402,-1.61999380637321,-0.645338912813077,-500,0,0,0,0,0,0,0,-14.9166769339284,2.09340693065707,4.99946454428886,0,0,0
23,-841.862188175818,78.1820706941687,28.9473116640655,7.11671437764482,-1.62472983528941,-0.658729102960844,-841.921364066934,78.211124160578,29.0778232779747,7.13032961908372,-1.61473688426713,-0.657257262743964,-500,0,0,0,0,0,0,0,-29.1902337745038,5.05144010555671,7.57007971844692,0,0,0
24,-834.761248539721,76.5598662249371,28.2847095653081,7.08516509754357,-1.61967910299127,-0.666458047837258,-834.854168288261,76.6997672226583,28.2802203715422,7.08922173072596,-1.62073559957526,-0.678597690356189,-500,0,0,0,0,0,0,0,-39.2138364960729,8.67402551220974,11.2993282925345,0,0,0
25,-827.696814365709,74.9445236504223,27.616435974707,7.04370576170509,-1.61100604586201,-0.670066475045986,-827.593158773529,75.0523427907819,27.6110768540568,7.04386073152143,-1.60885404540768,-0.66134718292306,-500,0,0,0,0,0,0,0,-49.1997556050841,10.780718959204,10.9125645841923,0,0,0
26,-820.678828455156,73.3389073818299,26.9445761637285,6.99226857133044,-1.60022649126587,-0.673624840975142,-820.660210095622,73.3172653264803,26.9502979959095,6.98568184595141,-1.62266254138594,-0.671257661723061,-500,0,0,0,0,0,0,0,-57.2477644038976,15.6317234856334,13.2251701804872,0,0,0
27,-813.716258823512,71.7464960707325,26.2705221388602,6.93287471513455,-1.5845961307884,-0.674450398009658,-813.774051241584,71.8958079626715,26.4446724112268,6.94293362449646,-1.58832713949768,-0.671600601966561,-500,0,0,0,0,0,0,0,-66.7452599664767,15.0410980244248,14.2707153742025,0,0,0
28,-806.817800616364,70.1694197032482,25.5964145231529,6.864046558829,-1.56955660408627,-0.67372667658086,-806.792407250496,70.3274501556098,25.5401441818509,6.86649550060755,-1.56865726788028,-0.680765894414554,-500,0,0,0,0,0,0,0,-73.0647355597628,16.2108264768082,16.9963010777536,0,0,0
29,-799.991269052748,68.6079676417396,24.9246112122874,6.78902317206434,-1.55334751901944,-0.66983827648766,-799.905286348119,68.6248490250693,25.014210705804,6.81156208090125,-1.54360543287775,-0.663491032866423,-500,0,0,0,0,0,0,0,-81.3456353938867,17.1108452376369,16.3206818750343,0,0,0
30,-793.243890532107,67.0631745961842,24.2566247220262,6.70574034542991,-1.53623857220736,-0.666088360259623,-793.242953803749,67.1481498466472,24.2338742185622,6.69770756696882,-1.5351005341626,-0.655628692222163,-500,0,0,0,0,0,0,0,-83.2848490893841,19.2137537229656,17.0951207850918,0,0,0
31,-786.580730702888,65.5365419260339,23.5929482890133,6.62058637048076,-1.51702676813785,-0.661217092804966,-786.611299761438,65.48599341787,23.7170587951188,6.63231765406232,-1.51364388678018,-0.672496998726131,-500,0,0,0,0,0,0,0,-90.0091658833559,20.3924018422784,19.8155822823755,0,0,0
32,-780.006014113706,64.0297102949509,22.9357668086014,6.52885564671979,-1.49663649415092,-0.653094730492734,-780.01297436799,63.9068833222167,22.8832545513497,6.52406348882737,-1.50899862565154,-0.654741531915925,-500,0,0,0,0,0,0,0,-92.3804001467576,23.0860959207208,19.707644088893,0,0,0
33,-773.524188448022,62.5446157617236,22.2868515796107,6.43480462854555,-1.47355257237719,-0.644683265830078,-773.601303683808,62.6313310356171,22.3621812841823,6.43597286230978,-1.47717354923928,-0.655578158138129,-500,0,0,0,0,0,0,0,-96.3946788633618,22.4546928526936,20.8334532454482,0,0,0
34,-767.138370771956,61.0822893994282,21.6471450928203,6.33684050896345,-1.45110015231703,-0.634675025855709,-767.180030859511,60.9464339357243,21.5379437400264,6.33351750780169,-1.46361976283832,-0.633609495446865,-500,0,0,0,0,0,0,0,-98.9916890611472,24.4691084123834,20.2850620646338,0,0,0
35,-760.851796123826,59.6434226429533,21.0173884674228,6.23631844480809,-1.42663336072293,-0.62478208626867,-760.889697540256,59.6822725242784,20.8517911113393,6.23587629139705,-1.41846206673484,-0.622534138246092,-500,0,0,0,0,0,0,0,-101.808234059193,22.4816616249277,20.5498316019305,0,0,0
36,-754.667116112183,58.2280289241211,20.3978829391703,6.13305157686115,-1.40415407699158,-0.614171272494205,-754.857102005887,58.4479624384203,20.4708441833149,6.12972316832303,-1.40109930503507,-0.628178679216525,-500,0,0,0,0,0,0,0,-103.258112820529,23.214005626666,21.8761795550226,0,0,0
37,-748.586369320244,56.8354806360208,19.7898543125728,6.02845291799041,-1.38094249915489,-0.601827523022743,-748.7571677394,56.8251556315312,19.9093615793494,6.02440960103502,-1.37780136875877,-0.602328734952246,-500,0,0,0,0,0,0,0,-104.926624624701,24.1298256128143,20.4141503365259,0,0,0
38,-742.61105331375,55.4666018301983,19.1936504101874,5.92218935334661,-1.35681511240239,-0.590520872680885,-742.503331114452,55.3753288533687,19.3030272658309,5.92250614633648,-1.38574553822829,-0.588096980983492,-500,0,0,0,0,0,0,0,-107.243952404744,27.8238961160919,20.2036435666874,0,0,0
39,-736.743132183532,54.1236974246515,18.608877477519,5.81366323820195,-1.328993698759,-0.578964295322737,-736.802373216792,54.109408069099,18.7588718919672,5.80069109427779,-1.3350647758205,-0.581014683145287,-500,0,0,0,0,0,0,0,-106.464362994195,25.2876614438525,20.5837245305942,0,0,0
40,-730.983308001346,52.8073463203374,18.0360153298663,5.70599578795262,-1.30370850990755,-0.56669978015238,-731.025634435928,52.7453342428998,18.2002898296537,5.72328647268518,-1.30025689129037,-0.561966582909482,-500,0,0,0,0,0,0,0,-110.277378396663,24.5350206432378,19.7960786316408,0,0,0
41,-725.333041891934,51.5159040520238,17.4752935321393,5.59454688381497,-1.27917602676928,-0.554681452077345,-725.2061247416,51.5633431505671,17.4988857237242,5.58690545701607,-1.26577532310328,-0.571249630615661,-500,0,0,0,0,0,0,0,-108.278296218407,23.4508460091939,22.1271916141177,0,0,0
42,-719.793139282514,50.2484521816884,16.9278937615353,5.48527018842278,-1.25572771398127,-0.54005694409658,-719.77680633309,50.3255444281447,16.8273179450325,5.49120718351607,-1.25745119399314,-0.547591510582221,-500,0,0,0,0,0,0,0,-109.567105685426,25.0940305430244,21.1045151681571,0,0,0
43,-714.363146244608,49.0052702112741,16.3948225837596,5.37472733643761,-1.23063622686435,-0.526023545530446,-714.2358285914,48.9757232972636,16.5562290793343,5.37359056905802,-1.21691192481225,-0.508273891891992,-500,0,0,0,0,0,0,0,-108.887399723003,23.7397458866981,17.7149310305305,0,0,0
44,-709.043406630389,47.7865026188524,15.8742607304236,5.26476155023646,-1.20689895809499,-0.515038615461079,-709.116763235761,47.730242526592,15.7846390488759,5.26412702618943,-1.19116900058221,-0.523113642013304,-500,0,0,0,0,0,0,0,-108.179176147421,23.6564150050366,20.7420861035787,0,0,0
45,-703.833172864666,46.591430613425,15.3663619711257,5.15571746262641,-1.18324505283103,-0.500697871316372,-703.861517158242,46.5171437536736,15.5652747032659,5.15483227825702,-1.17727413688179,-0.502852044912356,-500,0,0,0,0,0,0,0,-107.760193509217,24.693126180832,19.1546550847037,0,0,0
46,-698.731780771631,45.4205308853963,14.872183473761,5.04707743474474,-1.15855440329604,-0.487598313185837,-698.72237218781,45.4975200730586,14.7564434399425,5.04800730088688,-1.16042480741713,-0.503011467050528,-500,0,0,0,0,0,0,0,-107.355985713067,25.0474405955961,20.7882598251679,0,0,0
47,-693.738751135464,44.2744989555108,14.3920918202094,4.93899359285025,-1.13350945650273,-0.472524491007224,-693.637670361717,44.286501917644,14.5094176336133,4.92670285597981,-1.13184879771364,-0.495334850144993,-500,0,0,0,0,0,0,0,-105.394944874547,24.6118759360758,20.5146497472726,0,0,0
48,-688.852798303022,43.1532942120732,13.9270655474175,4.83292374790763,-1.1089000304603,-0.457468681740384,-688.997620433998,43.0813846447923,13.8824235894354,4.83688223575126,-1.10984353335732,-0.456891105480639,-500,0,0,0,0,0,0,0,-105.692982707131,24.8215840461471,17.9242633691931,0,0,0
49,-684.073100820274,42.0568037658178,13.4759882402137,4.72648157647084,-1.08408086216931,-0.444626345008187,-684.182806234959,42.0773847440523,13.3081668287947,4.71966732362674,-1.09923843721242,-0.449949334538038,-500,0,0,0,0,0,0,0,-103.601119892756,25.7690742331372,18.3785997962143,0,0,0
50,-679.398757192074,40.9856062505787,13.0380995925937,4.62221636061822,-1.05831416842288,-0.431092588474621,-679.557403064561,41.2533705697155,13.0298318392407,4.62097019308739,-1.07420610526037,-0.449351732352224,-500,0,0,0,0,0,0,0,-102.982213179617,24.9138693866057,18.875509556741,0,0,0
51,-674.828323314237,39.9397478290652,12.6141499227898,4.51866246536987,-1.03340267471433,-0.416748785648971,-674.808331654711,40.0881911534553,12.4915627969427,4.49708947490371,-1.032022151537,-0.410071357183792,-500,0,0,0,0,0,0,0,-100.09228418095,23.0258328467894,16.0240101244937,0,0,0
52,-670.360051448672,38.9178569343686,12.2032095629084,4.41789076456952,-1.01037911486667,-0.405075533226343,-670.46870860415,38.9188648611335,12.2276811371991,4.41305947489425,-1.02099496739481,-0.400121737022744,-500,0,0,0,0,0,0,0,-100.368530281124,24.2617670172136,15.5568114278762,0,0,0
53,-665.992674562084,37.9196075674224,11.8038867499799,4.3168723791744,-0.98611961919842,-0.393513555672817,-665.875107114802,38.1254997497861,11.8076782966999,4.32004897094467,-0.984991528605997,-0.411737652327241,-500,0,0,0,0,0,0,0,-100.254682864863,22.2481533610275,17.5584086393242,0,0,0
54,-661.726169814964,36.9446108749196,11.4172909417656,4.21614773383923,-0.963873765922052,-0.379621685057899,-661.714707455251,36.9630309719801,11.223471775061,4.20784070143879,-0.964069632895624,-0.377033897576379,-500,0,0,0,0,0,0,0,-97.3546552333761,22.4809013456022,15.2564462075159,0,0,0
55,-657.558982174327,35.9919764568165,11.0435171030831,4.11823689497458,-0.941395070303676,-0.367871199941653,-657.541514880109,36.1115842363155,11.1987545167497,4.11823287201872,-0.952186622769176,-0.373597651211135,-500,0,0,0,0,0,0,0,-96.7402574416529,22.9954938042866,14.9622560876141,0,0,0
56,-653.489379951646,35.062078039084,10.6814918410424,4.02097683282984,-0.918401765236119,-0.356124894020961,-653.467819092585,35.1335406783942,10.3997478218169,4.02615421751263,-0.921347099175026,-0.351380086485488,-500,0,0,0,0,0,0,0,-95.6797835660937,21.8676285607142,14.3385130049151,0,0,0
57,-649.516500792647,34.1546090093303,10.3310307141896,3.92479049948437,-0.896536294293325,-0.344743533111865,-649.577591533189,34.1410615557639,10.2556117760665,3.92408489760171,-0.91253583333723,-0.340777240542171,-500,0,0,0,0,0,0,0,-93.2533066937931,22.9714602221953,13.5665005020841,0,0,0
58,-645.638595520425,33.269557396906,9.99164761737023,3.83102865521997,-0.873566930639982,-0.333970197981995,-645.598347147484,33.3562758286652,9.87991352411649,3.82690558042697,-0.880426768025138,-0.344616237455678,-500,0,0,0,0,0,0,0,-91.4938637477303,21.3301251451834,14.7017966973349,0,0,0
59,-641.853510482233,32.4066544896008,9.66370286088386,3.73915071979132,-0.852238884076884,-0.321867915572335,-641.763182033297,32.3352811083968,9.69522151625621,3.7573310813508,-0.870223364188888,-0.317943694060635,-500,0,0,0,0,0,0,0,-92.2067440684865,22.3517742020953,12.4039263735511,0,0,0
60,-638.160708971557,31.5655904640208,9.34689246696538,3.64646045032088,-0.829889167246666,-0.31170101636584,-638.146657368283,31.6547843309873,9.30369682144807,3.6404207141,-0.831691412544449,-0.326578792930117,-500,0,0,0,0,0,0,0,-87.7487566734345,19.8595725924702,14.0504856501156,0,0,0
61,-634.55829266265,30.7456300867593,9.04107203495465,3.55838118254537,-0.810031587385677,-0.299890596132138,-634.444932529029,30.7441690956166,9.01225571035454,3.55462031051909,-0.797498861734109,-0.302136320258114,-500,0,0,0,0,0,0,0,-86.5721659938504,18.2615479821776,12.1891206051024,0,0,0
62,-631.04340685547,29.9447283033328,8.74624011475746,3.4713984649504,-0.791771979472741,-0.289724602259556,-631.261835356309,30.1264327949226,8.66414515521532,3.47030891239284,-0.792201019570376,-0.292246371611929,-500,0,0,0,0,0,0,0,-84.5072205266655,18.9672363671923,11.8963468507622,0,0,0
63,-627.614460143233,29.16243899515,8.46150052505533,3.38650285363181,-0.772806636870083,-0.279707106488593,-627.54718768759,29.2022882798934,8.46390274590233,3.37380220039233,-0.783023122930376,-0.273168542206789,-500,0,0,0,0,0,0,0,-82.2858446640533,19.8977357332508,10.3890487288743,0,0,0
64,-624.269332020431,28.3995803135243,8.18608876983594,3.30376045439236,-0.752910726599263,-0.271070152035421,-624.136799177032,28.4498926226978,8.21621150507747,3.31364058399688,-0.757603537301638,-0.272954729199465,-500,0,0,0,0,0,0,0,-83.090460045623,18.8605684847682,10.8630499097915,0,0,0
65,-621.007308800816,27.6560989467916,7.91971861331726,3.22029344904,-0.734052007196649,-0.261623502992002,-621.289863837714,27.5835342999139,7.73410497468308,3.21937673518892,-0.732985273023399,-0.274695705094737,-500,0,0,0,0,0,0,0,-79.3579458434639,18.131458702512,12.0013605601076,0,0,0
66,-617.826826565048,26.9311117734225,7.66336338596775,3.14067907228666,-0.715922339735493,-0.251042461680071,-617.837421499857,26.9163632032268,7.76461043970695,3.12357267878984,-0.700015796616903,-0.251063266954297,-500,0,0,0,0,0,0,0,-76.6824248792705,16.1688532552368,9.5771058160158,0,0,0
67,-614.724692308577,26.2232730105684,7.4164126704699,3.06359611529894,-0.699755186011612,-0.242815901630312,-614.746156891034,26.4109418083648,7.556156067074,3.06863592030672,-0.699343461542349,-0.251019699056646,-500,0,0,0,0,0,0,0,-77.371278248604,17.1124625375054,9.98965777151663,0,0,0
68,-611.69994845524,25.5320731959708,7.17804982262256,2.98589862221016,-0.682644443329918,-0.233866386484347,-611.696338278447,25.3849057133144,7.19853731852879,2.98448691800751,-0.682146448755877,-0.218506681146179,-500,0,0,0,0,0,0,0,-75.0560152438568,17.444833448959,7.45359347756031,0,0,0
69,-608.751825667268,24.8581503525496,6.94741225458706,2.91035255764217,-0.665201243588066,-0.227366555305463,-608.888924602539,24.9447283791802,7.03113289054334,2.90937587322395,-0.660672497841258,-0.209613304156862,-500,0,0,0,0,0,0,0,-73.1597381173179,16.1777930257655,6.89906463459951,0,0,0
70,-605.878308785817,24.2010372121356,6.72304968091609,2.83668650734888,-0.649025037317455,-0.22131746157235,-605.656404763647,24.1348227997728,6.73384186035584,2.8489381176957,-0.667323924231109,-0.23194451783389,-500,0,0,0,0,0,0,0,-73.5810022422759,18.4627468235652,9.72676806267733,0,0,0
71,-603.078538526132,23.5612427287515,6.5062857843614,2.76286100877812,-0.630563929619669,-0.212169115101718,-602.959726065354,23.4932361579117,6.46317292975153,2.77637684160856,-0.631439306142307,-0.209930559925343,-500,0,0,0,0,0,0,0,-71.7182320301483,16.1574582984072,8.06671013303126,0,0,0
72,-600.351711867175,22.9387567404503,6.29789081294312,2.69079838183267,-0.614408047023243,-0.204580605757161,-600.279462329903,23.0156230420995,6.1919298943486,2.70208617841863,-0.621959597495971,-0.207478700994488,-500,0,0,0,0,0,0,0,-69.6496931820564,16.1647136653981,8.36401031075162,0,0,0
73,-597.695886522834,22.3324302810184,6.09726786527656,2.62085853932595,-0.598244871828704,-0.196626262185796,-597.601408412422,22.2962930699591,6.1309241866043,2.61370427856405,-0.592610051023195,-0.189214495769951,-500,0,0,0,0,0,0,0,-66.1676110315609,14.6684189624013,6.6596012037865,0,0,0
74,-595.108318489958,21.7415188980783,5.90372158404097,2.55428272708332,-0.583577894477469,-0.190429167274114,-595.056127515018,21.5405368876945,5.86338713304353,2.55857795616853,-0.56763477384926,-0.194898649783816,-500,0,0,0,0,0,0,0,-65.745540586816,13.682403609537,7.76309071229449,0,0,0
75,-592.587053570531,21.1647814803466,5.71701565726218,2.48825299243555,-0.569896941049597,-0.182945863538025,-592.773303805502,20.9527726266471,5.75162899445253,2.490176608859,-0.562911149702645,-0.185263734123477,-500,0,0,0,0,0,0,0,-63.4710532748952,14.3855697169703,7.02311542344267,0,0,0
76,-590.130699367183,20.602076627823,5.53743727644329,2.4244608523614,-0.555512764040477,-0.176175334772762,-590.147962997323,20.5366348558045,5.68206385631637,2.43776098106636,-0.549154038338444,-0.178146673737844,-500,0,0,0,0,0,0,0,-63.4801721119907,13.8421341222353,6.45053966115168,0,0,0
77,-587.738150333047,20.0534842388915,5.36445127714644,2.36064241259737,-0.541672013925764,-0.169761092249832,-587.743114721761,20.1581648992793,5.40452355627976,2.36408573800594,-0.540571013930307,-0.171964900240886,-500,0,0,0,0,0,0,0,-60.9223443570726,13.7407715944722,6.38744291152908,0,0,0
78,-585.40813289827,19.5186819451051,5.19784218765019,2.29939757057033,-0.527932573629692,-0.163422964323831,-585.348555651243,19.4679842094888,5.18234297031556,2.30686493003822,-0.535889509385427,-0.146292005246464,-500,0,0,0,0,0,0,0,-59.9893817013369,14.6529825195651,4.26451458401527,0,0,0
79,-583.138974917054,18.9980752228996,5.03657475230775,2.238922347352,-0.513280870617962,-0.159078218151288,-583.147750942987,18.8545015440382,4.98256145132638,2.22079491502747,-0.509336712471151,-0.150653895245269,-500,0,0,0,0,0,0,0,-55.7839896167739,13.2246681590386,5.10026662187412,0,0,0
80,-580.928148367786,18.4914060827267,4.87997942779073,2.18273503569541,-0.500057409866682,-0.154081154125742,-580.928594166956,18.4643745855353,4.83653088682537,2.18142946230099,-0.510004086421667,-0.146154429375112,-500,0,0,0,0,0,0,0,-56.2857578961869,14.0716594710961,4.94238116386047,0,0,0
81,-578.7737532644,17.9983838950845,4.72841930046889,2.12605946196105,-0.485986965506045,-0.149007556892324,-578.828562325836,18.1344226464025,4.66237106701785,2.12452481314085,-0.491826478586369,-0.156140858046785,-500,0,0,0,0,0,0,0,-54.795356662412,12.913802565832,6.28934367064283,0,0,0
82,-576.675216468826,17.5188532279957,4.58262902124359,2.07101916507461,-0.473074368790433,-0.142542372877151,-576.659112815908,17.4319521314326,4.50555981502047,2.05286444947991,-0.460335855358473,-0.145498504407995,-500,0,0,0,0,0,0,0,-51.9682193161752,11.1696812729821,5.53873081075856,0,0,0
83,-574.63033256129,17.0513631313586,4.44288974773127,2.01875318518737,-0.461905824543271,-0.136907110652766,-574.639352033576,16.9816831581584,4.48752395422511,2.02649890821397,-0.466963169240801,-0.134394011357553,-500,0,0,0,0,0,0,0,-53.3711867542449,12.7329506077632,4.46435322730506,0,0,0
84,-572.638450203803,16.5958232076719,4.30840461162566,1.96501560400043,-0.449174022673255,-0.132033277782589,-572.364081609452,16.4314500276923,4.32302724517142,1.95717267691465,-0.441490971746923,-0.14427762541161,-500,0,0,0,0,0,0,0,-50.9891044725615,11.2861971193078,5.78170805081815,0,0,0
85,-570.699044425662,16.1522917230295,4.17942439180797,1.91380069900174,-0.437888946541669,-0.125898695726758,-570.725652601589,16.2348976107123,4.17842195820624,1.89939895705418,-0.423141141738119,-0.127183034393525,-500,0,0,0,0,0,0,0,-48.4885905022396,9.84431895238733,4.36145952293998,0,0,0
86,-568.809663739652,15.7193244117724,4.05583608944438,1.86496455414117,-0.428045675984157,-0.121250782775449,-568.873138674167,15.8158412670825,4.23332198194484,1.8702889645552,-0.431205166243876,-0.103086974493012,-500,0,0,0,0,0,0,0,-49.2826191071869,11.4888340902226,1.8420534854115,0,0,0
87,-566.969626180319,15.2970226402207,3.93576239518318,1.81511314439688,-0.416557867281288,-0.118868915300026,-566.829985334429,15.3197371029401,4.09740055578363,1.81252768274587,-0.420841381421052,-0.111480167223329,-500,0,0,0,0,0,0,0,-47.5927976057288,11.444663936225,2.95321561076568,0,0,0
88,-565.178536366712,14.8861866007381,3.81862264004512,1.76706964970816,-0.405114211778462,-0.115383922876872,-565.09512931641,14.9273639897525,3.78185900159415,1.75409464368981,-0.401517794642368,-0.133748019778819,-500,0,0,0,0,0,0,0,-45.2192057361611,10.2970514847317,5.81108397469364,0,0,0
89,-563.43415631118,14.4862204123583,3.70635052557975,1.72169514604597,-0.394818165033096,-0.109135134031505,-563.501406068704,14.5299088362484,3.67562523562129,1.74056861169355,-0.397295940116174,-0.115270759790306,-500,0,0,0,0,0,0,0,-47.0540490319474,10.6697763391206,4.17582550778806,0,0,0
90,-561.736132282097,14.0967366273094,3.59968234999197,1.67435684528476,-0.384149405188215,-0.104174948037053,-561.693753675496,14.2635439056219,3.75065431295058,1.67621864781998,-0.397685388100766,-0.106482893636199,-500,0,0,0,0,0,0,0,-44.234357431006,11.2414509988328,3.14698073771871,0,0,0
91,-560.084085044649,13.7182074758991,3.49739685794556,1.62974088509103,-0.372908897696577,-0.100371299650558,-560.0840515721,13.7938587222406,3.46945370874305,1.63743614127467,-0.385491380737666,-0.101153850481533,-500,0,0,0,0,0,0,0,-43.5755109832663,10.9614206292853,3.17647763066721,0,0,0
92,-558.476314765138,13.3507788231289,3.39896972814721,1.5858029624144,-0.361948407707439,-0.096458605279456,-558.676119877018,13.3308757170108,3.3089144566527,1.57558649837461,-0.357738497372814,-0.0834154507451355,-500,0,0,0,0,0,0,0,-40.2064100834239,9.11209830325976,1.72371616120814,0,0,0
93,-556.910873303156,12.9933860446059,3.30362943434385,1.54508229738715,-0.352837149375917,-0.0941994361829223,-557.110789832733,13.0342932479391,3.17774583435008,1.55960607956253,-0.341392912081209,-0.0950857450246101,-500,0,0,0,0,0,0,0,-41.7390282907878,8.07070471224279,3.15308283376084,0,0,0
94,-555.386831759115,12.6445838009735,3.21140774200709,1.50300406215253,-0.344767337794313,-0.0902206490723899,-555.35342471614,12.7513126401901,3.15992343799901,1.49957584635405,-0.358095305161699,-0.102526514718541,-500,0,0,0,0,0,0,0,-39.2507352031251,10.3069052357898,3.93280459585604,0,0,0
95,-553.903579883778,12.3049694884537,3.12348923962992,1.46350329612443,-0.334461287450998,-0.0855945009174615,-553.90829099571,12.2091204092377,3.07333649667706,1.45269600646983,-0.332597832400458,-0.107903477171699,-500,0,0,0,0,0,0,0,-37.4530186555628,8.84154242157039,4.6436747238158,0,0,0
96,-552.458885872217,11.9749285574732,3.04051859424974,1.42588866869105,-0.325620574583933,-0.0803259935149828,-552.4882452733,12.1353820015452,2.87342047107102,1.4370023951462,-0.326529752192978,-0.0774476504460489,-500,0,0,0,0,0,0,0,-38.7237489680199,8.38221121620739,1.99792410246285,0,0,0
97,-551.052570670483,11.6534986814766,2.96163326611898,1.38674432903288,-0.317239177594033,-0.0774230159752899,-551.113870245779,11.5514446978811,3.00178678794909,1.38677512406003,-0.316564215606401,-0.0791595427052377,-500,0,0,0,0,0,0,0,-36.4497719144459,8.55353216487793,1.91238069462559,0,0,0
98,-549.684266651528,11.3405358865255,2.88554788315525,1.34986616292943,-0.308686412332279,-0.0747273758344371,-549.563851633445,11.4013785898588,2.84194594633811,1.34787647786503,-0.309607377240776,-0.0867169280125429,-500,0,0,0,0,0,0,0,-35.6599445196137,8.15798054436009,2.98780090857808,0,0,0
99,-548.352381006086,11.0359280807755,2.81270959847636,1.3139081749958,-0.300529199394271,-0.0709293378513831,-548.321142796253,11.2039132924081,2.78825204154801,1.30919865697055,-0.312543830624503,-0.0751594420200319,-500,0,0,0,0,0,0,0,-34.277580104549,8.84655647763399,1.93944011890717,0,0,0
100,-547.055816381056,10.7398217979155,2.74313026531387,1.27922349659622,-0.291683366307829,-0.0682101876673807,-547.066965558968,10.6757885143692,2.71079243155321,1.27766082991251,-0.309722919528347,-0.0725921560737791,-500,0,0,0,0,0,0,0,-33.6321518733139,9.62071492409635,1.83763074427148,0,0,0
101,-545.793614297502,10.4529484346681,2.67624024207548,1.24518303659956,-0.282063360139267,-0.0655510839859008,-545.740845032973,10.4458843161182,2.77811463178384,1.24534453468382,-0.279520926188506,-0.0642445541206125,-500,0,0,0,0,0,0,0,-33.0527634024354,7.06032398661419,0.868226148493568,0,0,0
102,-544.565213363317,10.1744148953112,2.61155086530782,1.21162066452329,-0.275003718155769,-0.0638091660199812,-544.496873522625,10.2996908504251,2.67489991594133,1.22002972764091,-0.269384239898114,-0.0709189742102149,-500,0,0,0,0,0,0,0,-33.0092257188422,6.33904228896121,1.74209758913884,0,0,0
103,-543.370296998025,9.90258035110746,2.54909036488381,1.17821442232608,-0.268665370544146,-0.0610934150285783,-543.433999106465,10.0114896363821,2.69115092151403,1.18119721535289,-0.252787416409871,-0.0715578323165867,-500,0,0,0,0,0,0,0,-31.2517233223587,5.25576236822289,1.77348138863062,0,0,0
104,-542.207905205629,9.63654253188117,2.48931360659025,1.14657146080673,-0.263410267792997,-0.0584426807174392,-542.214195156924,9.75289886540656,2.42987079275332,1.15535210435016,-0.278070151098425,-0.062900694197833,-500,0,0,0,0,0,0,0,-31.1068201211693,8.30121737902942,1.43032783427665,0,0,0
105,-541.077097788232,9.37728254703872,2.43206093023962,1.11504551081896,-0.255109701780456,-0.056045317834022,-541.279291099474,9.44318608491906,2.57974166586984,1.11965530254858,-0.252205308284101,-0.0587798833614869,-500,0,0,0,0,0,0,0,-29.4069480559096,6.33415865857197,0.718505004409013,0,0,0
106,-539.977008407104,9.12533962165206,2.37680294987895,1.08513491903811,-0.248776149063766,-0.0544541965805828,-539.961991407385,9.16164198534486,2.310175372194,1.07435334288611,-0.248965582216909,-0.0586864872954371,-500,0,0,0,0,0,0,0,-27.5113514738414,6.57327425100119,1.24829798515572,0,0,0
107,-538.905851795128,8.879849821887,2.32333435640911,1.05718017487906,-0.242203450632172,-0.052467641227527,-538.782629571707,9.00093477392927,2.14608063739472,1.05444225417927,-0.240912715777023,-0.0604653742341567,-500,0,0,0,0,0,0,0,-27.8789662745135,6.08940202984376,1.75437614862622,0,0,0
108,-537.862796000493,8.64069077671033,2.2721718401159,1.02893362280452,-0.236114639706367,-0.0498418826162036,-537.94291924818,8.68441941252628,2.13029135528745,1.04940228960664,-0.24521484801021,-0.0469304460238663,-500,0,0,0,0,0,0,0,-29.0543904643036,7.15264597596842,0.432461891811737,0,0,0
109,-536.848644378507,8.40815216284877,2.22309764395964,0.999371212585735,-0.228962588106218,-0.0482902734468637,-536.835925779353,8.3164982522292,2.18493333972746,0.994052902565958,-0.222324769343354,-0.0480838813417384,-500,0,0,0,0,0,0,0,-25.7334386978904,5.59948042987695,0.438521454718914,0,0,0
110,-535.862402230614,8.1819890513675,2.17542145554042,0.97311448493442,-0.223363634976009,-0.0470477146885109,-535.871315263445,8.34082547878825,2.21496926878115,0.97421279251845,-0.21718334649406,-0.0391000704752336,-500,0,0,0,0,0,0,0,-25.6786487249552,5.03668369182954,-0.519931490038943,0,0,0
111,-534.902445165736,7.96114350220052,2.12855208134235,0.94680054561463,-0.21832746261135,-0.0466766173734398,-534.895034592814,7.97304053452758,2.03508007838756,0.946429387215672,-0.227187624543359,-0.0449245244541526,-500,0,0,0,0,0,0,0,-24.8528695359385,6.77268138528076,0.422292288640144,0,0,0
112,-533.968330427054,7.74620212524935,2.08251246807068,0.921430327311458,-0.211555290465524,-0.0453887231160142,-534.089275797112,7.94245631941039,2.31072666974379,0.916887734272406,-0.195955579186225,-0.0307003178211202,-500,0,0,0,0,0,0,0,-23.5102218330165,3.71064527980178,-1.55142155737556,0,0,0
113,-533.059041053302,7.53650193131206,2.03673827288861,0.897148661890867,-0.207845096658832,-0.046146390839889,-533.19583637454,7.58517169871147,1.83459785572961,0.902407889548775,-0.208254852364241,-0.0399456776753649,-500,0,0,0,0,0,0,0,-23.849116205797,5.65514183900112,0.325372056077264,0,0,0
114,-532.174080494527,7.33148416138272,1.99119861445185,0.872773787611712,-0.202190442249731,-0.0449196003830666,-532.199020562292,7.33463908240684,1.89947910877782,0.859040816068695,-0.218741362092639,-0.0459553742274675,-500,0,0,0,0,0,0,0,-21.5060404822857,7.20485804445021,0.796579205191106,0,0,0
115,-531.312298646131,7.13289592410683,1.94700803410654,0.850791361656508,-0.19498603154761,-0.0434495737529325,-531.267798899436,7.16442808492476,1.97858048150076,0.862194811134443,-0.203156092515627,-0.0339273061389267,-500,0,0,0,0,0,0,0,-23.6838833145728,5.98675308171319,-0.56443034910884,0,0,0
116,-530.47366311751,6.94090303357718,1.90379055809431,0.826480581475038,-0.188999748757695,-0.0429721026489752,-530.464816221138,7.06042112337297,1.94640450326374,0.811536807638189,-0.183575834412976,-0.0356256914132194,-500,0,0,0,0,0,0,0,-20.224048321543,4.23674119455164,-0.330239865205541,0,0,0
117,-529.657605358773,6.75402145310681,1.86097919044844,0.805635728060758,-0.18476341150809,-0.0426392886085175,-529.574898132231,6.80350460855889,1.85911117817684,0.794124440960877,-0.178115225973264,-0.045602272855078,-500,0,0,0,0,0,0,0,-20.2626478316263,4.20451338020863,0.842004929154115,0,0,0
118,-528.862331541833,6.57136008642616,1.81911817662819,0.784913371367762,-0.180559321029669,-0.0410714671857106,-528.689674447565,6.46017632124988,1.83730274097355,0.776377183686821,-0.187532376029621,-0.0566932388780885,-500,0,0,0,0,0,0,0,-20.2583694735517,5.83288496046232,1.99471840586175,0,0,0
119,-528.087696572854,6.39371698712072,1.77942971722629,0.764358690335058,-0.174726876756226,-0.0382942831076947,-528.185837234446,6.32818824644912,1.81333817831618,0.760074486931545,-0.182968504702497,-0.0538590377330281,-500,0,0,0,0,0,0,0,-19.6357742242627,5.64047397735143,1.75922741667045,0,0,0
120,-527.333317281513,6.22181013469707,1.74239335896571,0.744401864894046,-0.169086827221357,-0.0357675935236277,-527.325822209944,6.20376901573682,1.57139324562166,0.737492505164844,-0.187632998414463,-0.0236333249506005,-500,0,0,0,0,0,0,0,-19.0976060965957,6.35576180997266,-0.779453996183256,0,0,0
121,-526.598794627302,6.0559010007204,1.70662208712158,0.72464400256941,-0.162731439599742,-0.0357642227982635,-526.58778252785,5.9692230340028,1.5299825366678,0.721477978309929,-0.1625176332564,-0.0320447627534274,-500,0,0,0,0,0,0,0,-18.9722327752922,4.31331725763443,0.14451120200714,0,0,0
122,-525.883902790304,5.89532602638062,1.67133539605389,0.705140752480519,-0.158418508325587,-0.0347985809874364,-525.810883792739,5.91862692568538,1.62519283198947,0.703359878457216,-0.15773276919265,-0.0149018700351993,-500,0,0,0,0,0,0,0,-18.7142202602443,3.93602306789426,-1.760198660459,0,0,0
123,-525.18851455732,5.73887535350126,1.63608502940385,0.685635751448921,-0.154482836481476,-0.0356915747436141,-525.074353594814,5.73873249885161,1.71091779107164,0.694902283072486,-0.146666227073724,-0.0228552396768488,-500,0,0,0,0,0,0,0,-19.3415211176214,3.18915770966915,-1.13631161445841,0,0,0
124,-524.512898403793,5.58598690861597,1.60032592066488,0.665597007799567,-0.151294052360634,-0.0358157799724762,-524.250857915693,5.65679427702757,1.48651339975437,0.662033064597383,-0.155812799684234,-0.0251267225091242,-500,0,0,0,0,0,0,0,-17.7015906283529,4.26769141436823,-0.460354548596309,0,0,0
125,-523.856460379002,5.43682652600035,1.56469492000889,0.647279762927634,-0.147026711847712,-0.0354363110367295,-523.93655318503,5.46633351994374,1.60273647817435,0.6346545527232,-0.147466627894143,-0.0506799998183723,-500,0,0,0,0,0,0,0,-15.5923489022602,3.81399574952681,1.86252702548852,0,0,0
126,-523.217129296925,5.29170663956433,1.5304739165249,0.631384253521466,-0.143213060360307,-0.0329971345389347,-523.163484531195,5.31329994107281,1.47782225267525,0.634953882493728,-0.153432571706481,-0.0442716802066469,-500,0,0,0,0,0,0,0,-17.1684191869828,4.7166572885025,1.47152351531418,0,0,0
127,-522.594495998933,5.15085172217601,1.49863644892976,0.613884123273637,-0.138496773149226,-0.0306683507766459,-522.414920235187,5.25308903444862,1.46045757811813,0.627709090792108,-0.139323782566446,-0.0115493325487802,-500,0,0,0,0,0,0,0,-17.9410686088377,3.42620018774737,-1.76598190135824,0,0,0
128,-521.989972011465,5.01406788091032,1.46760950337179,0.595163938907707,-0.135070908462971,-0.0313754189318614,-522.128534620392,5.03169429559325,1.50012475966523,0.585193845077602,-0.127740260876842,-0.0342834609430133,-500,0,0,0,0,0,0,0,-14.2623152669762,2.71063749649769,0.428096574970866,0,0,0
129,-521.402189279849,4.8803521432093,1.43672546684455,0.580402542016561,-0.132360566084361,-0.0303847321854464,-521.36597261018,4.90050858683507,1.39859347764019,0.580758145777405,-0.140133559433895,-0.0465951722636968,-500,0,0,0,0,0,0,0,-15.3438693573798,4.21233876971931,1.86233027108929,0,0,0
130,-520.829595451032,4.75009757645897,1.40764412744214,0.564787023531972,-0.128148566550957,-0.0277695527775672,-520.688609793505,4.92336167513558,1.25680198293435,0.565239355182824,-0.124901021596155,-0.0252843978629385,-500,0,0,0,0,0,0,0,-15.1467159312718,2.64337880934434,0.0148358204251426,0,0,0
131,-520.272649433139,4.62327054560217,1.38027491273773,0.549105910375163,-0.125505494340777,-0.0269604494935649,-520.248564874133,4.60129525185186,1.29747023641662,0.558115910102878,-0.125865841171842,-0.0397379352154111,-500,0,0,0,0,0,0,0,-15.3144612620223,3.38399361348047,1.37885304870787,0,0,0
132,-519.731363945757,4.49945688218752,1.35442699667836,0.533466741118169,-0.122121831867549,-0.0247269818939628,-519.887151519504,4.63351206265507,1.43780971804782,0.531250294654051,-0.119195179219386,-0.0330927587730941,-500,0,0,0,0,0,0,0,-13.3507264263979,2.65249379662841,0.433656441213778,0,0,0
133,-519.204812043917,4.37866115837726,1.33022417377129,0.519638078346889,-0.119469614833104,-0.0236712682451756,-519.148413772182,4.34953924848162,1.35582832229756,0.52295354614105,-0.117570129110471,-0.0120177155163683,-500,0,0,0,0,0,0,0,-13.9985270697407,3.05793441408383,-1.50988509295828,0,0,0
134,-518.692551773807,4.26072038042807,1.3061870725142,0.504882485186811,-0.116411940150013,-0.024395028974604,-518.598371437914,4.10073797130435,1.1400328206193,0.505705300837403,-0.123319885792746,-0.0227176856386178,-500,0,0,0,0,0,0,0,-13.3737872079129,4.13051263666595,-0.00829707737682117,0,0,0
135,-518.194624776463,4.14637356094844,1.28214489677996,0.490972319090274,-0.112281697892165,-0.0236818878125645,-518.318127508836,4.11119943370453,1.27868638246438,0.492286397956191,-0.100165714828338,-0.0362293446262246,-500,0,0,0,0,0,0,0,-12.5923847779473,1.79417261542476,1.0655616976937,0,0,0
136,-517.710137604445,4.03498881321055,1.25930933920305,0.478003371551521,-0.11048779649667,-0.0219823155073118,-517.726054016016,4.00696998724528,1.33132536268518,0.474375387562225,-0.102998578540043,-0.016180960911903,-500,0,0,0,0,0,0,0,-11.9854307241904,2.28591787951378,-1.04455463418005,0,0,0
137,-517.238477188988,3.92564386228271,1.23710497414808,0.465317617247231,-0.108202104842076,-0.0224196633138007,-517.237386060462,4.06073379786442,1.2213527717638,0.47350971528607,-0.116497140339189,-0.0299025485177829,-500,0,0,0,0,0,0,0,-12.8761994076837,3.52824643819002,0.54754930825069,0,0,0
138,-516.779819185792,3.81920574583851,1.21533879626104,0.45199950668757,-0.104674127337778,-0.0211055956135027,-516.810184173396,3.77635219903965,1.19291933813316,0.460103539358943,-0.106522428997623,-0.024375217479909,-500,0,0,0,0,0,0,0,-12.3899855891023,3.09953850168304,0.0516830717245789,0,0,0
139,-516.334274323036,3.71608126162156,1.19462524930735,0.439091040202257,-0.101574840247453,-0.0203146279873463,-516.304635208913,3.67629081633408,1.11472539836205,0.442307506179411,-0.10480340550391,-0.0155798917370841,-500,0,0,0,0,0,0,0,-11.6214802001147,3.12775891772283,-0.671461623015695,0,0,0
140,-515.901312551834,3.61607018805522,1.17430599273291,0.426832877622365,-0.0984473059773876,-0.0203173789158045,-515.952436787981,3.64315328573977,1.0951394665113,0.422838141892511,-0.0875150517526374,-0.019676659982499,-500,0,0,0,0,0,0,0,-10.3789406132899,1.46519860378419,-0.222612934772696,0,0,0
141,-515.479958905537,3.51835537772023,1.15412714742923,0.415874941371266,-0.0969823138460598,-0.0200345268751583,-515.561762627235,3.68909724418806,1.09824144875158,0.415317503745225,-0.0795590295457711,-0.0416835023291824,-500,0,0,0,0,0,0,0,-10.4082251200527,0.577708466200985,1.97186733541507,0,0,0
142,-515.069401857985,3.42166179715536,1.13533414812881,0.405240890046434,-0.0964048464778548,-0.0175458671004257,-515.035273406423,3.26369391454821,1.26412088737017,0.400853202734365,-0.0873087468229497,-0.0233269860703695,-500,0,0,0,0,0,0,0,-10.0147734605905,2.20348685319855,-0.195543167703384,0,0,0
143,-514.66945268719,3.32635859364191,1.11794541443873,0.394657986245448,-0.0942015591517087,-0.017226022962758,-514.574149296214,3.20014446830029,0.958781416823871,0.396581560578036,-0.110950486459113,-0.0124636347576658,-500,0,0,0,0,0,0,0,-10.5098574653757,4.69475970931068,-0.671199357881165,0,0,0
144,-514.280367419016,3.23450431279344,1.10069838019263,0.383512881815081,-0.0895070016091112,-0.017262162957427,-514.295813681341,3.37657567671651,1.08677382020073,0.389803110116959,-0.0989507064672389,-0.0095123423168078,-500,0,0,0,0,0,0,0,-10.3886836490135,3.14191929329087,-1.22231340872067,0,0,0
145,-513.902411095238,3.14656817473011,1.08315110228079,0.3723997997225,-0.0863652734856873,-0.0178265325690508,-513.951390294927,3.04683525126381,1.13262626077567,0.359606258604018,-0.0954115978599972,-0.00851607995794096,-500,0,0,0,0,0,0,0,-8.05784527054706,3.4474892834721,-1.41364452575725,0,0,0
146,-513.534433534055,3.06192657503784,1.06477256087632,0.363555057479537,-0.0829179252610599,-0.0189259375862059,-513.711674077514,3.00473619287048,1.22121374949778,0.368571784836015,-0.0889513469552317,-0.0303540591002604,-500,0,0,0,0,0,0,0,-9.43383032857353,2.88566230978222,0.592978411030489,0,0,0
147,-513.175815413985,2.98045138065571,1.04641109531761,0.353682141547824,-0.0800324629619703,-0.0177918223500219,-513.229143167588,3.1115579844149,1.07617784165083,0.366186269352114,-0.0784484978171551,-0.0434405859388618,-500,0,0,0,0,0,0,0,-10.1603406000346,1.62173381288572,2.19170291058452,0,0,0
148,-512.827293451933,2.90122966447254,1.03004765502368,0.343363685262342,-0.0784109686490301,-0.0149296481595287,-512.841048739973,3.01675194283695,1.09797140166918,0.342422846860178,-0.0890752675430109,-0.012145512954384,-500,0,0,0,0,0,0,0,-8.56018720607191,2.87402286862718,-0.981391507899955,0,0,0
149,-512.488559257567,2.82425562783813,1.01486509649186,0.334104750236587,-0.0755371037086249,-0.0154306395736571,-512.563272656416,2.83817521810881,0.825610243502985,0.327795745249852,-0.0616269375588279,0.00742487283681625,-500,0,0,0,0,0,0,0,-7.6530292121524,0.486343319665176,-2.3937077706876,0,0,0
150,-512.158754897993,2.74896163630929,0.998423875694737,0.325503176503153,-0.0750508780638889,-0.0174473388615876,-512.004602175894,2.85201987206163,0.996413324345404,0.320511746554085,-0.0853276868688689,-0.00808175345802484,-500,0,0,0,0,0,0,0,-8.04197030362141,2.82872894276363,-1.18465130288832,0,0,0
151,-511.837644302045,2.6753250502304,0.98060802972901,0.316717926237237,-0.0722222934123835,-0.0181797885325299,-511.797310335824,2.78225825135706,0.926008372505362,0.304666777246337,-0.0696184227659301,-0.00838158774982996,-500,0,0,0,0,0,0,0,-6.87205705298529,1.39732577387889,-1.01385797002773,0,0,0
152,-511.524728237251,2.60380135773072,0.962058349846583,0.309114108452067,-0.0708250909180771,-0.0189156563050048,-511.494157044115,2.54749902562988,1.10580864183184,0.312409929610619,-0.0721326241394369,-0.0180990726705507,-500,0,0,0,0,0,0,0,-8.25267887283272,2.11826436268394,-0.401710016608621,0,0,0
153,-511.220044206812,2.53403531827302,0.943203962444246,0.300254327028033,-0.0687069872472489,-0.0187885180958322,-511.126596084458,2.6628992288915,1.0030948382807,0.30985837428107,-0.0727430480950779,-0.0136563239460995,-500,0,0,0,0,0,0,0,-8.73264525919076,1.94850635172479,-0.640557281951452,0,0,0
154,-510.924475754675,2.46630250048109,0.92441408447987,0.290882878201009,-0.0667586475935166,-0.0187863599429253,-511.040018022916,2.65963020467038,0.812781022476536,0.286674022474648,-0.043858804374594,-0.0156526889718078,-500,0,0,0,0,0,0,0,-6.58736620163358,-0.933379971881358,-0.0602931477722894,0,0,0
155,-510.637171169705,2.39907709641707,0.905741311074484,0.283726713927327,-0.0676921598720762,-0.0185555237844774,-510.660931919178,2.28033001277406,0.873856880894056,0.279160760467868,-0.0676103114486418,-0.0173313854441434,-500,0,0,0,0,0,0,0,-6.59421220843161,2.20037111931606,-0.0145752173737712,0,0,0
156,-510.357020898167,2.33248505533347,0.887333486892259,0.276574284050124,-0.0654919219051872,-0.0182564677440415,-510.172929941225,2.40445387421576,0.942963225659645,0.251077199541864,-0.0623432445480419,-0.00108581937586396,-500,0,0,0,0,0,0,0,-4.76186007173565,1.42541670637268,-1.77734451373289,0,0,0
157,-510.083273907247,2.26770580687583,0.868207544528403,0.270919033384903,-0.0640665739530814,-0.0199925850673259,-510.005979693779,2.4604483539609,0.86759836749336,0.277817015782657,-0.0685448313252458,-0.0210825943276427,-500,0,0,0,0,0,0,0,-7.76974219070776,1.93358642460278,0.373062697777554,0,0,0
158,-509.816475247656,2.20460594424697,0.848677237502651,0.262679079039281,-0.0621331504656647,-0.0190637815664936,-509.792871175941,2.14982135484274,0.611147017806107,0.26063637430873,-0.0641627812771618,-0.0278076620175431,-500,0,0,0,0,0,0,0,-6.47789507899063,2.1166354180307,1.5584721661421,0,0,0
159,-509.557173434936,2.14353103333453,0.830557356351531,0.25592586277809,-0.0600166702421898,-0.0171725504050305,-509.70998249907,2.12905208100217,0.904701785564429,0.244732168312279,-0.0590885804775313,-0.000773014371975463,-500,0,0,0,0,0,0,0,-5.05325183308711,1.65075388574878,-1.73210213393131,0,0,0
160,-509.304213257531,2.08433970186119,0.812593078062128,0.249993902563761,-0.0583659917093081,-0.018753026592407,-509.240824044935,2.10223688232868,0.85561333766168,0.24686153529683,-0.0582281304395427,-0.0153767390798722,-500,0,0,0,0,0,0,0,-6.20450543981385,1.6183392792969,-0.173552767336136,0,0,0
161,-509.057613342212,2.02678281796107,0.793927136927652,0.24320629864555,-0.0567477752341206,-0.0185754102591751,-509.071424470927,1.9988156141833,1.00091202449893,0.249746912966041,-0.0416897875168142,-0.0285882726671235,-500,0,0,0,0,0,0,0,-6.83184235474997,0.171347523314819,0.857003217714495,0,0,0
162,-508.818015457254,1.97012064023743,0.776012549246592,0.23599046605801,-0.0565765791816095,-0.0172500863366017,-508.786594439981,1.96989029740525,0.811806084024689,0.242024684727913,-0.0787916122876867,-0.00707062873850322,-500,0,0,0,0,0,0,0,-6.62927959282861,3.93938063395817,-0.916549294199056,0,0,0
163,-508.585691789182,1.91551369090254,0.758543924752506,0.228656898448227,-0.0526373184226305,-0.0176834200230892,-508.603766444813,1.88317534919825,0.638020346699909,0.231870331440976,-0.0661408002492024,-0.018268952100033,-500,0,0,0,0,0,0,0,-5.97950025447147,2.84772932652373,0.55085451660348,0,0,0
164,-508.360248207438,1.86430017187522,0.74131523794634,0.222231025858855,-0.0497897185826072,-0.0167707099396178,-508.459051139593,1.99814607076417,0.867940353106124,0.22068483551785,-0.0276851532656732,-0.0248011773582572,-500,0,0,0,0,0,0,0,-5.15038127259872,-1.22777681496102,0.744237029613476,0,0,0
165,-508.140802909052,1.81389650642506,0.725027867365606,0.216660358912357,-0.0510176111103605,-0.015801256624194,-508.050638365624,1.94485076529544,0.896486648810557,0.236669745572173,-0.0423988101721349,-0.0245694927039153,-500,0,0,0,0,0,0,0,-7.56569782596973,0.350179486622606,0.663975972770418,0,0,0
166,-507.92812021098,1.76305390290851,0.709901920303826,0.208706032862998,-0.0506675949470699,-0.0144465566589815,-508.024060446332,1.7815485005896,0.6781279996483,0.208649718220436,-0.0401123377168141,-0.0137935150437226,-500,0,0,0,0,0,0,0,-4.81685092937887,0.448136770502215,0.0230955050756643,0,0,0
167,-507.722097888026,1.71261032692294,0.695572687062424,0.203338993452069,-0.0502195559634599,-0.0142092494273179,-507.850427811051,1.55263212714703,0.583514707380283,0.20936418228601,-0.0428854129469076,-0.0144057835043639,-500,0,0,0,0,0,0,0,-5.23556260649896,1.1832770403967,0.273548935675823,0,0,0
168,-507.521623732537,1.66298235415523,0.681650891755591,0.197609881406815,-0.0490363890644276,-0.0136314814189271,-507.609851917813,1.75189197260101,0.656242211557521,0.196777380155509,-0.0563819340578982,-0.0155527122817929,-500,0,0,0,0,0,0,0,-4.4580341799249,2.13440946058779,0.242786805064243,0,0,0
169,-507.326498054958,1.61501312240498,0.66822727866757,0.192641946620186,-0.0469020735362602,-0.0132133069552232,-507.168902247466,1.66438723642483,0.681951855792186,0.190077032486745,-0.0452805755087048,-0.0335343095163617,-500,0,0,0,0,0,0,0,-4.66989875374292,1.19928307802082,1.9895272400518,0,0,0
170,-507.136277829579,1.56871062735197,0.656106802355619,0.187799940368068,-0.0457029157704835,-0.0110252734234615,-507.11665486058,1.57690092749536,0.811940368323718,0.17715045792959,-0.0399912091857327,-0.00727089080389044,-500,0,0,0,0,0,0,0,-3.4817360717992,0.845319063582536,-0.896791656258392,0,0,0
171,-506.950586358665,1.52343034252076,0.644651697994679,0.183582773908576,-0.0448576532279477,-0.0118829040511979,-506.750480139589,1.57053313995979,0.484436451082484,0.1811270910343,-0.0654607010582235,-0.00583653050962319,-500,0,0,0,0,0,0,0,-4.61174882425112,3.40500382590277,-0.385219851202649,0,0,0
172,-506.769618450088,1.48027514737271,0.632704150093485,0.178353211810339,-0.0414527367032626,-0.0120096106402359,-506.757800703989,1.52078840062408,0.752729243644392,0.180385084361933,-0.0333434895145262,0.00343399605364261,-500,0,0,0,0,0,0,0,-4.52290702821584,0.292772150204453,-1.84885809265305,0,0,0
173,-506.593976643235,1.43896876490396,0.619910897429356,0.172929784744001,-0.0411600273647581,-0.0135742088281402,-506.623204894849,1.60159818471038,0.667752717565496,0.172433350572557,-0.0379028731079211,-0.014118426088021,-500,0,0,0,0,0,0,0,-3.99692526755855,0.587090941371348,0.07633717367111,0,0,0
174,-506.423316022905,1.39810224152592,0.606454716551315,0.168391818979128,-0.0405730184532197,-0.0133359497124047,-506.49238625353,1.38953173823728,0.53417586695989,0.171013513955643,-0.051448651301046,-0.00884470058266798,-500,0,0,0,0,0,0,0,-4.11657888850428,2.36580165363005,-0.183881675652982,0,0,0
175,-506.257276264781,1.35871208293155,0.593127413027021,0.163687938693812,-0.0382072972115464,-0.0133163657962874,-505.998185937294,1.23113644167721,0.624251661153673,0.149402543464016,-0.0417982513863472,-0.0217654944238069,-500,0,0,0,0,0,0,0,-2.94388247181321,1.71755225528031,0.928046120073345,0,0,0
176,-506.095255962313,1.32136352442629,0.580257215461607,0.160353381120764,-0.0364898188945832,-0.0124224848964395,-506.159530270478,1.44580731342519,0.713822942435723,0.160189260360609,-0.0285937776335635,-0.0210426551080697,-500,0,0,0,0,0,0,0,-3.69986549510532,-0.0322368634940244,0.676619625935529,0,0,0
177,-505.936963379825,1.28485754400136,0.568236522201965,0.156232448673688,-0.0365221410819397,-0.0116169300541445,-506.073494078343,1.18150440073776,0.605347587050563,0.167792283690518,-0.0302239863064171,-0.0201392167520937,-500,0,0,0,0,0,0,0,-4.63224021236635,0.659389829166193,0.803226501108244,0,0,0
178,-505.783234231583,1.24866504433327,0.557181457320412,0.15122668450502,-0.035862857398668,-0.0104907463785104,-505.841697877413,1.41454124091938,0.444667577618406,0.14445941701031,-0.0524377337055784,-0.0078350275202601,-500,0,0,0,0,0,0,0,-2.76254594620601,2.41469088871908,-0.105832403210802,0,0,0
179,-505.633682406789,1.21400950467108,0.546628793135992,0.147877121207221,-0.033448220746842,-0.0106130301475512,-505.554184743893,1.24721053597286,0.679430924077113,0.163159703348527,-0.0434069330893702,-0.0135532608607513,-500,0,0,0,0,0,0,0,-5.20760084706704,1.8462722369913,-0.00353576207909434,0,0,0
180,-505.488667362753,1.18148436697264,0.536252734061189,0.142153445577373,-0.031602053787614,-0.0101362482516718,-505.384003901226,1.17330714138235,0.59272589839026,0.127243481693163,-0.0294984413815503,-0.00577008424135335,-500,0,0,0,0,0,0,0,-1.95634036686333,0.603229855390331,-0.608443372645184,0,0,0
181,-505.347842723223,1.15018391231638,0.525739320759962,0.139495640889937,-0.0309988540660473,-0.0108894053898029,-505.339509321056,1.30176788265579,0.622828353516673,0.137342582421974,-0.00897605175357526,-0.0212954216406806,-500,0,0,0,0,0,0,0,-3.0552396000861,-1.70593058995405,0.883885457034713,0,0,0
182,-505.21006399977,1.1183320548007,0.51531794400208,0.136062533090924,-0.0327048601554391,-0.00995174652258912,-505.165629869576,1.08623531865229,0.609317837219704,0.126923797588217,-0.0314933199496446,-0.0151624663628805,-500,0,0,0,0,0,0,0,-2.3611200196693,0.976861357659887,0.297610961848641,0,0,0
183,-505.07543585523,1.0861155985906,0.505481585335627,0.133194096428239,-0.031728051169783,-0.00971968340932627,-505.009540548907,0.964279536995717,0.602538453726223,0.125770409483938,-0.0361421051754395,-0.0415101535348216,-500,0,0,0,0,0,0,0,-2.5579598505808,1.68565144355252,2.94593844602971,0,0,0
184,-504.943501432845,1.05523032404864,0.497197563925341,0.130676519999532,-0.0300424971480542,-0.00684725928817953,-504.796405877303,0.925586328294264,0.479405768698985,0.126517811479939,-0.0273157465452996,-0.0205258838307464,-500,0,0,0,0,0,0,0,-3.05896939338697,0.880401997941428,1.09377684567667,0,0,0
185,-504.81451429726,1.02562798789667,0.4909341902906,0.127298596787293,-0.0291621739810237,-0.00567792234859077,-504.940131927913,1.13945156683277,0.521499962176038,0.140166776368184,-0.0271637061396493,-0.0104304474354311,-500,0,0,0,0,0,0,0,-4.13641378099299,0.437467480299393,4.48191910324969E-05,0,0,0
186,-504.689542390585,0.996684505382674,0.485420722972503,0.122645605091374,-0.0287247901637836,-0.0053467591160955,-504.752473794686,0.956609486425506,0.375621137166735,0.113496239903966,-0.0434017310960139,-0.00857725479545807,-500,0,0,0,0,0,0,0,-1.84467640102516,2.42695413675037,0.106483205212338,0,0,0
187,-504.56809027824,0.969173172755428,0.480059934204301,0.12025881429385,-0.0262978749936884,-0.00537379104223734,-504.509007297151,0.990661914923448,0.426230621071966,0.115447903703706,-0.0374590672245499,-0.0105595953514986,-500,0,0,0,0,0,0,0,-2.52677577606778,1.76458289260809,0.203498293005929,0,0,0
188,-504.449347848326,0.943757561535,0.47479363198348,0.117226368964128,-0.0245333463648252,-0.00515743614751107,-504.481170007715,0.919382292651328,0.512826351892696,0.125654355263807,-0.0298442393196175,-0.0075238365458988,-500,0,0,0,0,0,0,0,-3.60309551095098,1.14565934665909,-0.273269049195511,0,0,0
189,-504.334213011121,0.919797010125913,0.469627303189362,0.113043501046083,-0.0233877556622747,-0.00517322314419466,-504.314764576638,0.823810199420249,0.498676820338748,0.106806176371044,-0.0223093550963777,-0.00609661615343678,-500,0,0,0,0,0,0,0,-2.05108848382844,0.583315110797277,-0.387692025333819,0,0,0
190,-504.222513825477,0.896700893850214,0.464232052884509,0.110354834593089,-0.0228044760249924,-0.00561608753242548,-504.268437638576,0.699938792899085,0.449456596126091,0.119487986954693,-0.019533048250755,-6.89101645835917E-05,-500,0,0,0,0,0,0,0,-3.41192341831695,0.553427239277329,-0.892022175793822,0,0,0
191,-504.114221754223,0.874173103575757,0.458294843672371,0.106229164082273,-0.0222511039616453,-0.00625636596078616,-504.20847428542,0.930223963498733,0.399920601089412,0.121158369852612,-0.0174241983004611,-0.00911947961042296,-500,0,0,0,0,0,0,0,-3.69888841442128,-0.118028096951357,0.112106758863471,0,0,0
192,-504.010089341989,0.851862946714162,0.452244327197501,0.102036084134095,-0.0223692086125881,-0.00584266550660373,-504.089467616729,0.807479900800732,0.575345722605179,0.0987667187752587,-0.0170041338323557,-0.000644374504231271,-500,0,0,0,0,0,0,0,-1.69773664406833,0.0854535816341098,-1.08625399478723,0,0,0
193,-503.909299126311,0.829536455889028,0.445814556255736,0.0995439129281236,-0.0222837725257107,-0.00701579720350221,-504.084006300993,0.768561157734779,0.503571817922751,0.0961812773470264,-0.0347500044170426,-0.0228549307443835,-500,0,0,0,0,0,0,0,-1.45011513271722,1.9378781262347,1.27834943859284,0,0,0
194,-503.810627845751,0.808221597372726,0.439343130702981,0.0977994341655724,-0.0203459435501414,-0.00592637807314178,-503.755519484958,0.824287678800082,0.567804541880584,0.0878694527626148,-0.0226086342535475,-0.0063081206104647,-500,0,0,0,0,0,0,0,-1.27590630634508,0.612288067754587,-0.504797022714698,0,0,0
195,-503.713805816385,0.788181788281963,0.433073750851449,0.0958444525602264,-0.0197336734632006,-0.00661159262613076,-503.655705177364,0.729614216635919,0.423842170295686,0.085859290195947,-0.0163605655505877,-0.0157767281402167,-500,0,0,0,0,0,0,0,-1.2745186648673,0.176828121786931,0.729988473430297,0,0,0
196,-503.618804860492,0.768536510175905,0.426724104817944,0.094157938165478,-0.0195568824393261,-0.00608705568480983,-503.675174565984,0.853159172096945,0.435986728767488,0.109073212405904,-0.0145739162864382,-0.0134542061996642,-500,0,0,0,0,0,0,0,-3.55697210862234,-0.248926715550075,0.473447162431444,0,0,0
197,-503.526630758805,0.748855124403228,0.421024152219144,0.0901908779478471,-0.0198058884454064,-0.005310981571225,-503.498713464421,0.790213435218066,0.354579991420497,0.0882587455566239,-0.0161703788931635,0.00365163948521747,-500,0,0,0,0,0,0,0,-1.82844762682113,0.0366110188802211,-1.07432393136274,0,0,0
198,-503.437747812053,0.729067531113943,0.415161708605971,0.0875746153173,-0.0197692977510581,-0.00641276007873459,-503.230221686133,0.513928158637799,0.542152400515735,0.0962682826013477,-0.0238690154171795,-0.0176087307421485,-500,0,0,0,0,0,0,0,-3.16638488786933,1.35904522444235,0.676568273183379,0,0,0
199,-503.351942542778,0.70997771862485,0.409202002274037,0.0840366048302683,-0.0184103270613984,-0.00550500975439683,-503.333946955278,0.580899407736988,0.398653365207176,0.0871364678869131,-0.0162255368047897,-0.0128424730781187,-500,0,0,0,0,0,0,0,-2.04575287813529,0.46075486500499,0.486940577397514,0,0,0
200,-503.269147684243,0.691797743885461,0.403938751764533,0.0815535638557557,-0.0179496211259802,-0.00502041760043093,-503.201841690782,0.816184605771923,0.308184690301253,0.0827318741963395,-0.0223593526658254,-0.0121900763542624,-500,0,0,0,0,0,0,0,-1.86950403807012,0.603566055038697,0.602638254823732,0,0,0
201,-503.188735747842,0.674149881773802,0.39920016596372,0.07927080346912,-0.0173461022268922,-0.00445578754898535,-503.242526286489,0.663953546744695,0.316243811260359,0.075015968469235,-0.0137861508384366,-0.015228323459189,-500,0,0,0,0,0,0,0,-1.01654427394559,0.0507079903542706,0.890344723398177,0,0,0
202,-503.110157267993,0.656829115929682,0.395074259178408,0.0778867003534974,-0.0172954286038685,-0.00379554523903214,-502.944064608984,0.705466625814217,0.332055325490417,0.0771652518842737,-0.0156805891972342,0.00277705543342547,-500,0,0,0,0,0,0,0,-1.82839597045987,0.157125668094983,-0.941816194323381,0,0,0
203,-503.033562051856,0.639612238535229,0.39080815074294,0.07530341546023,-0.017138325308418,-0.00473554644294982,-503.059121780767,0.674254860984392,0.31829446926203,0.057121389208955,-0.014669669647736,0.00600105374375318,-500,0,0,0,0,0,0,0,0.406104640638018,0.11845724280482,-1.23669431289938,0,0,0
204,-502.958495647951,0.622533155246044,0.385210356600377,0.0748286544150329,-0.0170198406745316,-0.00646005070302114,-503.018710680267,0.678076629548878,0.385494989136047,0.0653743804317522,-0.0157138528765385,-0.02554053550865,-500,0,0,0,0,0,0,0,-0.500016682640841,0.215232028556092,1.78306357259291,0,0,0
205,-502.884006215173,0.605620911135885,0.379461251898774,0.0741511631727504,-0.0168046464085179,-0.00503805685945236,-502.766468471829,0.43806448118422,0.386495562454887,0.092003441640166,-0.0220300754120248,-0.00758796536272654,-500,0,0,0,0,0,0,0,-3.6674072203578,1.32687857883404,-0.0141945886371209,0,0,0
206,-502.811937829035,0.589479666352456,0.374618989490138,0.0699860079434278,-0.0154778417897672,-0.0046444943444367,-502.853770392096,0.625134706662626,0.210754146364001,0.0676828210438249,-0.0233612356250746,-0.0078244449363516,-500,0,0,0,0,0,0,0,-1.06074132018956,1.08585414918221,0.360936200907158,0,0,0
207,-502.742721646032,0.574544737641845,0.370061459077351,0.0684466381135964,-0.014392014690198,-0.00447000039434398,-502.703776321307,0.745737385291819,0.292797428175123,0.0766661458505166,-0.021993529256174,-0.00580247296493561,-500,0,0,0,0,0,0,0,-2.25906194243805,0.707878155033761,-0.00534755985668611,0,0,0
208,-502.675669176736,0.560506638792581,0.365639175677095,0.0656585381791031,-0.0136841821459609,-0.00437333064345946,-502.881761580287,0.396557104860625,0.515538892111386,0.0628030213533761,-0.017576484923081,-0.0336315421394913,-500,0,0,0,0,0,0,0,-0.516778974762837,0.964534282586847,2.33207642972636,0,0,0
209,-502.610287269665,0.547304700238509,0.362254002827976,0.0651065202608783,-0.0127196944837109,-0.00239697819930773,-502.74076430333,0.638809751998485,0.304606783030554,0.0488030123531845,-0.00657834658077184,-0.00435354080611705,-500,0,0,0,0,0,1,0,0.601227371342054,-0.619784845919787,-0.173859485449403,0,0,0
210,-502.545199588348,0.534275120507207,0.359496988959485,0.0650686414605858,-0.0133394644709673,-0.00311728634128661,-502.702343723304,0.463416659269083,0.399369254682462,0.064792455294917,-0.00773879293561489,-0.00351034683972135,-500,0,0,0,0,0,1,0,-1.07455808288425,-0.152954024976677,-0.447703825392788,0,0,0
211,-502.480997170621,0.520859171002031,0.3560804507824,0.0633360588015163,-0.0134924332882019,-0.00371512053934109,-502.513950766103,0.503316989578895,0.413401685085306,0.0699889387006495,-0.00567604696866042,-0.00399736323893428,-500,0,0,0,0,0,1,0,-1.97099233785953,-0.439029282291748,-0.427067046277184,0,0,0
212,-502.418961170768,0.507147206068632,0.352182719662271,0.0607359292910697,-0.0139314958159047,-0.00407921181371185,-502.260464953115,0.638525367986341,0.353948461424483,0.0673160969170128,-0.00660266646290988,0.00623406521346888,-500,0,0,0,0,0,1,0,-2.21067978547221,-0.616784089681694,-1.33130344419585,0,0,0
213,-502.359747816112,0.492907305392014,0.347512862243628,0.0576903335913201,-0.014548303978162,-0.0052591289376992,-502.270078887579,0.567172117434451,0.370868547628557,0.0711954352253471,-0.0302113780431499,-0.0117227864289524,-500,0,0,0,0,0,1,0,-2.57938574737759,1.88679356944608,0.430541547638124,0,0,0
214,-502.303553175732,0.479302368312397,0.342566788147865,0.0546994642712011,-0.0126615692600825,-0.00463167919412488,-502.28753295291,0.434112762959163,0.451413184413682,0.0479745484323223,-0.00999038916050779,-0.023059475731254,-500,0,0,0,0,0,1,0,-0.222388937412806,0.130813390132453,1.40312120429804,0,0,0
215,-502.24908776651,0.466706192199078,0.338445961041482,0.0542320813522819,-0.0125307821266673,-0.00360998210871577,-502.296466326987,0.334940728266787,0.187146117798979,0.0626479617077064,-0.0279255184208633,-0.0148846428247541,-500,0,0,0,0,0,1,0,-1.67186351679663,2.12267038555276,1.11417204687745,0,0,0
216,-502.195825889688,0.455236719446832,0.335378628992273,0.0522924329906948,-0.0104081628361976,-0.00252390266121527,-502.298963697969,0.660187802121809,0.441417301385033,0.0542592325632404,-0.0165348988912688,-6.51725750119656E-05,-500,0,0,0,0,0,1,0,-0.827995860385842,0.333114284883258,-0.87631734526887,0,0,0
217,-502.144329040378,0.444995111806248,0.332332527329831,0.0507008885129791,-0.0100750517077463,-0.00356770671669082,-502.230093163271,0.438673168539935,0.290007707881252,0.0472384993528925,-0.0110061182291889,0.0178169522387386,-500,0,0,0,0,0,1,0,-0.263663608747318,0.223265485839018,-2.36171063963636,0,0,0
218,-502.094328865538,0.435031707875928,0.327455731116974,0.0492982450823506,-0.00985175492974086,-0.00618539396231477,-502.048448648366,0.386338390675293,0.234237614107313,0.0282082749670658,-0.00194496018335996,-0.010004856448899,-500,0,0,0,0,0,1,0,1.27606980002586,-0.57818076301459,0.532010416675276,0,0,0
219,-502.044639569317,0.424890870681233,0.321181808705046,0.0500804339792361,-0.0104299181358295,-0.00636312430970098,-501.981968847154,0.406320271297879,0.303349751911507,0.0439066160933171,-0.0106557218077664,-0.00106546080572949,-500,0,0,0,0,0,1,0,-0.426723915024149,0.252931638180879,-0.500153423250066,0,0,0
220,-501.995118715191,0.414587417293467,0.314433113573694,0.048961043978314,-0.0101769873736007,-0.00713392770548982,-502.119214011414,0.564759763976338,0.194235359187393,0.0401637084797949,0.00190473295004994,-0.0143630329549347,-500,0,0,0,0,0,1,0,0.222057174849283,-1.31999282295767,1.04783257711868,0,0,0
221,-501.946215388566,0.403750427119247,0.307586741399434,0.0488460971867884,-0.011496991952483,-0.00655901001232817,-501.958637402721,0.0519182038733366,0.458969115097488,0.0683297878703836,-0.0167942810381627,0.000673943959521388,-500,0,0,0,0,0,1,0,-2.91570398159654,1.5755916960696,-0.985332626147114,0,0,0
222,-501.899194911438,0.393041208757958,0.300711193945989,0.0451947005819192,-0.00992144395651359,-0.00719039755807094,-501.780000099229,0.577102307208018,0.370321761257823,0.0517824448148456,0.00829626415673353,-0.0073793014324428,-500,0,0,0,0,0,1,0,-1.61824428302605,-1.98383103008939,-0.0027133792713655,0,0,0
223,-501.855077014144,0.38212783245166,0.293526869403575,0.0430412788366675,-0.0119053076737675,-0.00717736784022138,-501.708834541489,0.36618355239807,0.323933486845904,0.0366505127089884,-0.0136396984992534,-0.0163648587492649,-500,0,0,0,0,0,1,0,-0.24738218792036,0.6316027451292,0.988618901234687,0,0,0
224,-501.812325764905,0.370538315478317,0.286670251335138,0.0424617398664784,-0.0112737252644864,-0.00653581426753391,-501.867642151591,0.436380652341023,0.231337535836974,0.0467303339124686,-0.0275932614381558,0.00122270023790665,-500,0,0,0,0,0,1,0,-0.937749088065796,1.88656483913353,-0.584945095464612,0,0,0
225,-501.770681206567,0.360207867398625,0.279778118097963,0.0408271779628651,-0.00938717032349909,-0.00724783539825846,-501.760187451261,0.405871777913285,0.330820530415335,0.0251315179225924,-0.0136060996768473,0.000569356663643109,-500,0,0,0,0,0,1,0,1.00722311026254,0.548866411858158,-0.718576727194981,0,0,0
226,-501.729746215644,0.351095145387848,0.271870029680808,0.0410422809370531,-0.00883827239655682,-0.00856871085621014,-501.814810274959,0.432886876823526,0.167911747335671,0.0325617979523058,-0.0138456626619309,-0.00239337845584298,-500,0,0,0,0,0,1,0,0.37344075468646,0.518792512546039,-0.0964856490870442,0,0,0
227,-501.688827196637,0.342516273431288,0.263020087188802,0.0407956385085771,-0.00831947083970408,-0.00913129563568382,-501.698278168227,0.442163563072739,0.213392086254052,0.0556422434187823,-0.00129502732602493,-0.00956798115075343,-500,0,0,0,0,0,1,0,-2.16766800542519,-0.754824393542986,0.530013942567239,0,0,0
228,-501.649307121923,0.333819363687196,0.254228013808405,0.0382450502248505,-0.00907434729494099,-0.00845175254597053,-501.542692556614,0.280124402543522,0.148697223140012,0.0367165059719072,-0.0103049071117471,-0.00345420662039172,-500,0,0,0,0,0,1,0,-0.586265483963206,0.470241906087669,0.0480262157591486,0,0,0
229,-501.611631097252,0.324980130401411,0.245687093796472,0.0371070829753548,-0.00860411799335568,-0.00862973733702521,-501.639939505287,0.428271675262248,0.270102812114883,0.0172432658508208,0.000468257330770681,-0.0220404920550676,-500,0,0,0,0,0,1,0,1.55555242549164,-0.903369083601564,1.663843581277,0,0,0
230,-501.573852856752,0.31592433049297,0.237481240346384,0.0384500270207155,-0.00950748141502776,-0.00778293271467101,-501.614636008876,0.192611972317056,0.265303560793985,0.0385983967777771,-0.0143956968343999,-0.00468312516906454,-500,0,0,0,0,0,1,0,-0.630567660025818,1.05434573880588,-0.0622946046815154,0,0,0
231,-501.536005655153,0.306944015408716,0.229560858106001,0.0372444102221679,-0.00845314746397827,-0.00805744564694166,-501.55665187444,0.339351800885015,0.240128795084292,0.0603362818885022,-0.00645535139144127,-0.00655258315195089,-500,0,0,0,0,0,1,0,-2.92032443997083,-0.033168462625904,0.175000725026504,0,0,0
232,-501.50044114981,0.298474252493159,0.221772682784642,0.0338850640595665,-0.00848637770513195,-0.0075173790720916,-501.585103941964,0.251953148674932,0.149278157035113,0.0408677730772446,0.00192067227443978,0.00466157859212563,-500,0,0,0,0,0,1,0,-0.916569423797355,-0.695973524793842,-0.764714173282788,0,0,0
233,-501.467385673911,0.289639884203315,0.213819313046417,0.0322256047056373,-0.00918235790888542,-0.00838873247632921,-501.416744415458,0.227456200792807,0.206637704411032,0.0167677921858721,-0.00880190130975617,-0.0103763960262704,-500,0,0,0,0,0,1,0,1.15670961232862,0.425277729390003,0.62436419380498,0,0,0
234,-501.434810594499,0.280670171732241,0.205402429115724,0.0329247016409218,-0.00875706646661283,-0.0084456552222093,-501.372292994055,0.252781190626665,0.124150428663353,0.0264178457244616,0.00794479729631767,-0.00837196511432981,-500,0,0,0,0,0,1,0,0.102801415663134,-1.3000421108851,0.588895654106275,0,0,0
235,-501.402049767201,0.27126308063751,0.197045075686337,0.0325972249592697,-0.0100571156270202,-0.00826912676939484,-501.227644670404,0.352183405089949,0.173279881131589,0.0383961481729123,-0.00382430011484029,-0.0169739704673637,-500,0,0,0,0,0,1,0,-1.38432547648254,-0.32193679869587,1.3508372844732,0,0,0
236,-501.370235652821,0.261044971589604,0.189424009066104,0.031031866170207,-0.0103791013732272,-0.00697242984904478,-501.394792362093,0.333592566763984,0.234064881631085,0.0264334997390497,-0.0259148415166466,-0.0094031988212523,-500,0,0,0,0,0,1,0,0.146234750280059,1.92429901813669,0.472190118863059,0,0,0
237,-501.339359022458,0.251628017245947,0.182478776812606,0.0307216010570745,-0.00845480672213337,-0.00691811820517452,-501.215838062529,0.416185488612575,0.090635493238229,0.0433233155785713,-0.000844173603583256,0.00252923335886886,-500,0,0,0,0,0,1,0,-1.90065543279895,-0.747953616866825,-0.434194322363343,0,0,0
238,-501.309898121217,0.242799217757115,0.1754162253117,0.0282002268265085,-0.00920279205185774,-0.00720590079583239,-501.240842440607,0.173474222645503,0.16143417472999,0.0443731112028624,-0.0188796697909548,-0.028757641216123,-500,0,0,0,0,0,1,0,-1.95562623907287,1.54101853380448,2.55289577215232,0,0,0
239,-501.282595018039,0.23436689494787,0.169518055018999,0.0264075354664306,-0.00766185265608302,-0.00458974062623474,-501.05776374328,0.191227762829773,0.186543940034377,0.0314104146179674,-0.0166208663788033,-0.0150959457116467,-500,0,0,0,0,0,1,0,-1.02551397523739,1.27963111222078,1.13650669109591,0,0,0
240,-501.25681681994,0.227344838431986,0.165432787956829,0.0251495674661187,-0.00638225990996178,-0.00358037596907057,-501.211275264087,0.169232712054401,0.0385089732872776,0.0195749051811352,0.00177310891880042,-0.00379544653809517,-500,0,0,0,0,0,1,0,0.465060010060409,-0.515776315988844,0.302526707234962,0,0,0
241,-501.231685192687,0.220704692203482,0.161759678968029,0.0251137639187537,-0.00689803150939316,-0.00376606721338757,-501.233856846802,0.359703134856166,0.24300464464331,0.0127455371835492,-0.0108243777750025,-0.00561192232183021,-500,0,0,0,0,0,1,0,1.19315997524951,0.363031507787916,0.0751829428964014,0,0,0
242,-501.206268065053,0.213988187485096,0.157694396204833,0.0257203514800389,-0.00653497703325949,-0.00436506165768169,-501.140371917777,0.323254394798723,0.194466431417513,0.0186970565733434,-0.00678600422487509,-0.00471686316856097,-500,0,0,0,0,0,1,0,0.411038178219718,0.0320916328900634,0.0827534540210707,0,0,0
243,-501.180620821141,0.207469259262869,0.153135795373173,0.0255741087169465,-0.00650287836895422,-0.00475230558252937,-501.196465424169,0.232556657887852,0.0642276093854196,0.011108940054013,-0.0128474155507564,-0.0204772195500634,-500,0,0,0,0,0,1,0,1.28203684293713,0.819628239299931,1.9192667362355,0,0,0
244,-501.154455658001,0.201376192504937,0.148958632276112,0.0267569988100341,-0.00568325395546479,-0.00360288308415013,-501.310250214846,0.213246635940824,0.101827287962694,0.0332583646710148,0.00960291613330819,-0.000897116892539799,-500,0,0,0,0,0,1,0,-0.705336037410145,-1.38678488521247,-0.113942886671409,0,0,0
245,-501.128334476201,0.194999539899346,0.145214209354296,0.0254853917214494,-0.00707005133954921,-0.00388553519193358,-501.053390268264,0.326342001570148,0.370509499889914,0.0165456256068142,-0.000373030022011034,0.0107785996525298,-500,0,0,0,0,0,1,0,0.452217975846058,-0.615381000939193,-1.81887896503281,0,0,0
246,-501.103155942003,0.187621816102892,0.140211940201646,0.0248706807928564,-0.00768539498764321,-0.00611891987962532,-501.144181340044,0.150267201907607,0.302608319900597,0.0393801760829326,0.00808223819717368,-0.00817255476397214,-500,0,0,0,0,0,1,0,-1.64965492820427,-1.10875822353258,0.21203883659602,0,0,0
247,-501.079333789721,0.179382023201982,0.134237469054067,0.0227739525326351,-0.00879418986517187,-0.00582916313184922,-501.039600817943,0.284911655341953,0.139250069238118,0.0418770129114868,-0.0345063873552016,-0.0152141958077763,-500,0,0,0,0,0,1,0,-2.10849965526283,2.88081542483625,1.2429194423014,0,0,0
248,-501.057688979387,0.172028209624352,0.129113638097176,0.0205165845368846,-0.00591343636351071,-0.0044175554046193,-501.082461150575,0.413852019036611,0.179460968074715,0.0367600122058108,-0.00422410355968444,-0.0105197231804058,-500,0,0,0,0,0,1,0,-1.51107891943188,-0.405293682104777,0.693050381891151,0,0,0
249,-501.038085841628,0.165912105457213,0.125058549457842,0.0186902459793699,-0.00631877135220261,-0.0036919035728068,-501.095206167148,0.0643469836216861,0.226883618165516,-0.00322431850859499,-0.0144561902025231,-0.00288578399609468,-500,0,0,0,0,0,1,0,2.51284418515534,1.31692505300894,-0.165188836721565,0,0,0
250,-501.018488303191,0.16025182335549,0.120770526710622,0.0205043818102697,-0.00500179291399424,-0.00488533167233984,-501.080615327045,-0.121421115589599,0.114829755297046,0.022241110714218,-0.000340066894304441,-0.00500463779512689,-500,0,0,0,0,0,1,0,-0.0628804173327167,0.276848920609643,0.270804268918596,0,0,0
251,-500.998257224244,0.155388451538758,0.115847176254552,0.0199579124009279,-0.00472494946730272,-0.00496132066859478,-501.079115918255,-0.026264762673544,0.0722964980078,0.0325364990123028,-0.00888999445618564,-0.000549002078014327,-500,0,0,0,0,0,1,0,-1.09541806471969,0.941528970965652,-0.0896927882141672,0,0,0
252,-500.979118121795,0.151134255569808,0.110816271655033,0.018320396640701,-0.00378344126143997,-0.00509986718565381,-500.845287031912,0.0272172090918273,0.187744803348574,0.0319381095654675,-0.00286109126318532,-0.00892474514288017,-500,0,0,0,0,0,1,0,-1.50323689272231,0.231674708134877,0.51698490759087,0,0,0
253,-500.961728733512,0.14746663190462,0.105996427819408,0.0164588481488052,-0.00355180497624948,-0.00453908460550623,-500.901338326213,0.033724109736692,0.0403771889418815,0.0115943433615436,0.00665067572943555,-0.00450908832083376,-500,0,0,0,0,0,1,0,0.643242316270664,-0.732515792416939,0.370154454199612,0,0,0
254,-500.945188314384,0.14354857205633,0.101372447251019,0.0166220763035316,-0.00428431350022433,-0.004709197642353,-500.917355971077,0.172049870061623,0.117504772177563,0.01588669563893,-0.0181003443478377,-0.0131865935668195,-500,0,0,0,0,0,1,0,0.246042378260036,1.46593469466052,1.08364981232682,0,0,0
255,-500.928576301423,0.139997219038886,0.0969752423401294,0.0166024499700572,-0.00281839062854947,-0.00408543544061579,-500.942973413556,0.192997453056999,0.0851672172868349,0.00798278461454331,0.0120710491531439,0.00285088529946521,-500,0,0,0,0,0,1,0,1.08766836565697,-1.59309982142838,-0.455422964520191,0,0,0
256,-500.911792390105,0.136382292608051,0.0923448399809429,0.0169649790360092,-0.00441146138564105,-0.00517579339456931,-500.731619850545,0.145983457824672,0.181675092572216,0.0201965496889279,-0.0125725057393876,-0.00722506609246102,-500,0,0,0,0,0,1,0,-0.556415267803521,0.965283658289416,0.35915642410167,0,0,0
257,-500.895322702145,0.132453464053563,0.0872435354875026,0.0159746504622246,-0.00344619455426239,-0.00502653404650744,-500.771487663026,0.222852923845581,0.119335894402346,0.0154931156301692,-0.00281595065939347,-0.00747404493742271,-500,0,0,0,0,0,1,0,-0.00633623696436336,-0.164110781751816,0.508732704937579,0,0,0
258,-500.879557596375,0.128925209755229,0.0822870115705467,0.0155558100684797,-0.00361031335399746,-0.00488652805088285,-501.061383753798,0.102869031701161,-0.0491078000343357,0.0119406317689153,0.000714988685380022,-0.00607977147462331,-500,0,0,0,0,0,1,0,0.928704330704121,-0.277236931940325,0.706192747531003,0,0,0
259,-500.863734170907,0.125176281684304,0.0774336612591187,0.0160912510492434,-0.00388754245237941,-0.00482068486162901,-500.959868920573,0.102589236288128,-0.039901486760091,0.0211524416514881,-0.017712594761232,-0.0160217041207404,-500,0,0,0,0,0,1,0,-0.195506324003607,1.56608100354694,1.68197338559422,0,0,0
260,-500.847776178654,0.122071764597254,0.0732713805766768,0.0158255952775052,-0.00232149148908968,-0.00350397064383579,-500.843543802517,0.30906576017155,0.108628113756982,0.0247720718883119,0.0247627208127577,0.0104473922799188,-500,0,0,0,0,0,1,0,-0.790119583796867,-3.09440360161887,-1.26199545550584,0,0,0
261,-500.832783404427,0.118203072442326,0.0690980554077738,0.014159432786166,-0.00541589149859563,-0.0048420438811726,-500.653608185027,-0.070741730619221,-0.23143061158754,0.0283532483166501,0.00101088751341358,-0.0112306644892631,-500,0,0,0,0,0,1,0,-1.5281084616117,0.0403947098970841,1.58592767210139,0,0,0
262,-500.819407268638,0.112807350015311,0.0650587048767413,0.0125938501518916,-0.00537555228740212,-0.00323607390913816,-500.799372635351,0.0420191477177024,-0.0473850706470809,0.0204646235813121,-0.0183697845322648,-0.00833477409205541,-500,0,0,0,0,0,1,0,-0.447717087429085,1.75294015779108,0.928247550499702,0,0,0
263,-500.807169781107,0.108308255763496,0.0621577910981456,0.011881647142094,-0.0036226355815365,-0.00256561668881761,-500.787785078136,0.13014286580953,-0.105965093291468,0.00749585058149504,0.00518833896328159,0.00288944392390211,-500,0,0,0,0,0,1,0,0.825985098122802,-0.779119627947219,-0.0770142058072739,0,0,0
264,-500.795176633796,0.104296068846621,0.0592637964889763,0.012104481766745,-0.00440173730827486,-0.00322271609379521,-500.734112782322,-0.0514277950170301,-0.127956510205678,0.0151262723635733,0.0052873728795687,-0.000613317978747409,-500,0,0,0,0,0,1,0,-0.0444016717139544,-0.42588169792281,0.317244818286097,0,0,0
265,-500.783321359998,0.099681387324621,0.0560255300627711,0.0116062256754007,-0.00482762482265748,-0.00325378678375965,-500.749250680512,0.153727001962126,0.00927346468356236,-9.16880949513327E-05,-0.0201086633366374,-0.00152523125833394,-500,0,0,0,0,0,1,0,1.50767017052,1.70341232973948,0.13397619646627,0,0,0
266,-500.771247216494,0.0957054827647997,0.0524448250862837,0.012541898601564,-0.00312418407719683,-0.00390833570992211,-500.826904324221,0.118506161824903,0.186728607577201,0.0262455400672189,-0.00254550039029228,0.00149094745148702,-500,0,0,0,0,0,1,0,-0.970745358279087,0.0175377153794229,-0.522551960303104,0,0,0
267,-500.759519064033,0.0925900612449596,0.0482516943734572,0.0109142880439895,-0.00310665789538081,-0.00447730752816156,-500.809617698579,0.0703903647463923,-0.0469267941703378,-0.0118331390736586,-0.00502292039224707,-0.0122307970739801,-500,0,0,0,0,0,1,0,2.8025493045247,0.361511309731922,1.31693329573868,0,0,0
268,-500.747346480668,0.089664176871774,0.0438239011695779,0.0134311065468426,-0.00274511032568801,-0.00437980851586917,-500.486583102422,0.119231867948729,0.0477756061593188,0.0224319311647701,-0.00654520727379031,-0.0157616713588988,-500,0,0,0,0,0,1,0,-1.27002691163357,0.416056991481574,1.48061592357124,0,0,0
269,-500.734580549513,0.0871270703291356,0.0401604477856803,0.0121016766110112,-0.00232910198160166,-0.00294662921984989,-500.72564221378,0.0599678577949333,-0.0175158272673993,0.00373135346295305,-0.00755408273755491,-0.00213485415388639,-500,0,0,0,0,0,2,0,1.07814908126371,0.635472558165624,0.248517069923438,0,0,0
270,-500.722198525645,0.0851157139344889,0.0369992627375859,0.0126623247806502,-0.00169361146692759,-0.0033762554229565,-500.650456767195,0.10349338773939,-0.0338054073078828,0.0193217552494719,-0.00277337218597478,-0.00674725860275602,-200,0,0,0,0,0,0,1,599.368738009443,0.0703504431186989,0.742336674891368,0,0,0
271,-500.423191237854,0.0834633330148977,-0.0540855373439243,0.585261725506295,-0.00161114941960848,-0.179089689298378,-500.314640147525,-0.0660371775557457,-0.326765900262886,0.58221496300495,0.0178908141435196,-0.179034964220512,-200,0,0,0,0,0,0,1,542.407783994556,-1.65700705924047,18.557028222577,0,0,0
272,-499.576455191004,0.0810290210528631,-0.304878820534137,1.10813680498869,-0.00325747324418191,-0.322767233893088,-499.439186804873,-0.0031491887712484,-0.259096937717404,1.12488793769016,0.00117611418827084,-0.322905332485148,-200,0,0,0,0,0,0,1,486.38957984073,-0.111313041284587,32.8087271239496,0,0,0
273,-498.231721949094,0.0777205555986473,-0.685082616072152,1.58127122446396,-0.00335945710852827,-0.437884751089786,-498.255440425708,0.159027894106503,-0.639669834165123,1.60496280763848,0.00173893468772086,-0.413161081212849,-200,0,0,0,0,0,0,1,436.014600087567,-0.491949256985093,42.5954477896151,0,0,0
274,-496.436637563825,0.0741192025033078,-1.16900176252058,2.00885118840024,-0.0038432478533441,-0.530174166875725,-496.412924736986,0.00969228444015163,-1.21416510725942,2.00706652547857,0.00150056862146189,-0.525709796331674,-200,0,0,0,0,0,0,1,392.119196926114,-0.169441431026492,54.9993098476862,0,0,0
275,-494.233225329499,0.0701947726133106,-1.7334270387533,2.39793936558353,-0.00400561096897272,-0.598876913786514,-494.372267162166,-0.0545612497086602,-1.7571936464676,2.40007115866882,-0.0093406775757428,-0.59811144063695,-200,0,0,0,0,0,0,1,348.737418457449,1.0431902569916,63.3255313566302,0,0,0
276,-491.660289681282,0.0667137923580818,-2.3567144715408,2.74790841081611,-0.00295634897411287,-0.647878087066402,-491.692202872183,0.0205284899983256,-2.25919200114247,2.7324902902166,-0.00134337427574882,-0.652708476398536,-200,0,0,0,0,0,0,1,310.135376722705,0.0932804475782311,69.7892316421386,0,0,0
277,-488.754905958135,0.063806678238611,-3.02068492903792,3.062844301403,-0.00285787780047613,-0.680224703788495,-488.784893919157,0.017837451192105,-2.96672282430476,3.06413075903361,0.00479573150876178,-0.69562918688856,-200,0,0,0,0,0,0,1,271.156711934953,-0.515248053260388,75.4963643374655,0,0,0
278,-485.552364974925,0.0606933327266346,-3.70891546193875,3.34223144240546,-0.00336881202910664,-0.696379735501395,-485.521079299209,0.0156749173354365,-3.75425025639391,3.33708931912098,-0.010982955125308,-0.716170389069535,-200,0,0,0,0,0,0,1,237.33322668632,1.06694567785992,79.1255394197413,0,0,0
279,-482.086036048852,0.0578597798597063,-4.40690772413961,3.59042692171069,-0.00229829293039059,-0.699731930340068,-482.092950980513,0.266268620582398,-4.25966416062589,3.59541644911606,-0.00202097056085071,-0.679972590786712,-200,0,0,0,0,0,0,1,204.64425704942,-0.330440185079725,76.516587399923,0,0,0
280,-478.387485159039,0.0553977425950265,-5.104938914523,3.80667890695711,-0.00262578041805547,-0.696440997995299,-478.506969365771,0.260163953192585,-5.07054301614098,3.82529820281176,0.0050058867695393,-0.687430540681275,-200,0,0,0,0,0,0,1,174.484118450366,-1.0209165833391,78.8841401004094,0,0,0
281,-474.486682224987,0.0522626565544014,-5.79431177750472,3.99493663521349,-0.00364439105260704,-0.682400738435734,-474.585649571341,-0.0226786738104585,-5.93733546153816,3.99074061227671,-0.0198598663794414,-0.669519961002694,-200,0,0,0,0,0,0,1,150.097237915011,2.03134398556506,78.8266670233457,0,0,0
282,-470.409217541892,0.0496348440260123,-6.46625184223768,4.16000597603131,-0.00161123348976059,-0.661563353230678,-470.312649843965,0.0432608528439497,-6.4481045561761,4.15601136323785,-0.0141658127517813,-0.681014491161585,-200,0,0,0,0,0,0,1,125.024163364145,1.33005956949023,80.9976582285107,0,0,0
283,-466.178251789261,0.0486892761313756,-7.11274818641163,4.30194357065866,-0.000279901147725398,-0.631501298946378,-466.094101250828,0.0443186252226242,-7.24866362085166,4.30088314140315,0.0106564913419797,-0.647271112715776,-200,0,0,0,0,0,0,1,102.099888361341,-1.15428638464321,79.2244385132809,0,0,0
284,-461.816477988556,0.0478326496515045,-7.72673457067448,4.42162463323092,-0.00143335093890434,-0.596531903537467,-461.712551856166,0.114696464698548,-7.78107687540747,4.46044042114389,-0.0117692203503207,-0.609169634640739,-200,0,0,0,0,0,0,1,77.3810615979421,0.947529105634973,76.4791172148888,0,0,0
285,-457.347145430365,0.0468732522491254,-8.3034446726275,4.51706348545722,-0.000485442639974306,-0.556936204961086,-457.240242805304,0.0411504402712019,-8.34858519982929,4.51346144748855,0.0039688438022531,-0.550141449981767,-200,0,0,0,0,0,0,1,63.1343408617524,-0.479185260767714,71.7113153978352,0,0,0
286,-452.789816440258,0.0461482989882194,-8.84077690276155,4.5976172947809,-0.0009644629406776,-0.517768441103,-452.688540556311,0.0762136629282612,-8.89063801941922,4.60897543600846,-0.00921818822481369,-0.541514682457337,-200,0,0,0,0,0,0,1,44.4795375117756,0.769391496624846,71.9327442845722,0,0,0
287,-448.160702215299,0.0455684234255914,-9.33607481246271,4.66063689921522,-0.000195287237141246,-0.472858512337555,-448.384921868531,0.104453512880108,-9.34269001323622,4.6604647064535,0.00907410856413711,-0.473349896107967,-200,0,0,0,0,0,0,1,30.7233730917123,-1.11631788217393,66.0203696372691,0,0,0
288,-443.475946852528,0.0448147754274496,-9.78723509022132,4.70889877882402,-0.00131200746627487,-0.429485558811813,-443.39376696849,0.184106755931407,-9.92689079231834,4.72258501648085,0.00453200623611229,-0.431156601638545,-200,0,0,0,0,0,0,1,14.5290322888948,-0.821414135474044,62.9694417484912,0,0,0
289,-438.751024992002,0.0430917192569106,-10.1940253770005,4.74097090566538,-0.00213410419331562,-0.384110192815641,-438.702350379423,0.0994076426346,-10.1320003784426,4.74033324275298,0.0147000868817526,-0.375214022529937,-200,0,0,0,0,0,0,1,3.37137648354883,-1.66882397344446,57.7854030098788,0,0,0
290,-434.000062135416,0.0401227884500215,-10.5562086988485,4.76097996774068,-0.00380375605309278,-0.3402654169011,-433.832489707402,0.0629071975214856,-10.4982491411968,4.76122286130241,-0.000248265759154561,-0.342652120866661,-200,0,0,0,0,0,0,1,-8.45730671543697,-0.100987819127515,55.2617103690597,0,0,0
291,-429.235027029202,0.036268024569398,-10.8739223852966,4.76911602067989,-0.00390577187281101,-0.295164817500468,-429.288282159607,-0.0377411967480501,-10.8479593979168,4.75020229992838,0.00459485337678458,-0.290458719582862,-200,0,0,0,0,0,0,1,-16.4436656736225,-0.384002944182358,50.7417907541199,0,0,0
292,-424.46627925686,0.0321696910870951,-11.1474367802874,4.76840434725291,-0.00429089426318638,-0.251862288365623,-424.370246397649,0.113995516771742,-11.0576146001702,4.77167230567549,-0.0201273521010826,-0.245224118383677,-200,0,0,0,0,0,0,1,-28.4267377722505,1.78474417656478,46.637641038708,0,0,0
293,-419.704501641359,0.0287705194861788,-11.3777053357574,4.75517561569673,-0.00250744826413789,-0.208666727905767,-419.775729866538,0.0530170153804302,-11.4557715963256,4.76833271798557,-0.00542392058803908,-0.207631977339975,-200,0,0,0,0,0,0,1,-37.2818120654806,0.436358028043048,43.6747409266488,0,0,0
294,-414.960547375243,0.0264805343546278,-11.564761786674,4.73275762323196,-0.00207252157206693,-0.16543338256763,-414.923424176853,0.0246642028784359,-11.4382744913853,4.7418709652606,-0.00443591239020159,-0.162217457854482,-200,0,0,0,0,0,0,1,-44.3402481723547,0.394262833263287,39.0982947682189,0,0,0
295,-410.243009243094,0.0246043925575084,-11.7095992412504,4.70234226955392,-0.0016797618754057,-0.124224652506151,-410.240176040594,0.0653008395319854,-11.4463451702456,4.70434579057072,9.38213793614459E-05,-0.128280815850541,-200,0,0,0,0,0,0,1,-49.9542269758833,-0.139983817000115,35.7207719255453,0,0,0
296,-405.559013643024,0.0228538564690869,-11.8138869576392,4.66567183682125,-0.00182131000999074,-0.0843307246313072,-405.615605266873,0.00282781511392276,-11.7499987873456,4.66960159649137,-0.00644776302340757,-0.0833793771003678,-200,0,0,0,0,0,0,1,-55.7289491153914,0.639120672112912,31.8379352847279,0,0,0
297,-400.914975227048,0.0213512962023925,-11.8791407958515,4.6224269785666,-0.00118381024790884,-0.046153545346467,-400.925093622698,0.0941826773425357,-11.9076930980331,4.60188549478442,0.0143488018235069,-0.0484882065174568,-200,0,0,0,0,0,0,1,-58.3383622330473,-1.62324553703576,28.6642068478119,0,0,0
298,-396.315859137697,0.0193550505410081,-11.9072339704615,4.57582609734916,-0.00280868026101016,-0.010007697875569,-396.363618860393,0.151504753346692,-11.8994603889366,4.58931202241853,-0.0091844991822632,-0.00328722097216238,-200,0,0,0,0,0,0,1,-66.203964521068,0.615440411532936,24.1276428750893,0,0,0
299,-391.767733624088,0.0168532334705371,-11.8999938593588,4.52044494718874,-0.00219495306658784,0.0245174717682503,-391.706740374404,0.150277514464699,-11.9207818674865,4.51093938512963,0.00551009595651222,0.0103996608952389,-200,0,0,0,0,0,0,1,-67.6804577641556,-0.851564624580621,22.8015976454491,0,0,0
300,-387.275841392722,0.0142316364182276,-11.8585304561067,4.4633591696754,-0.00304824021327436,0.0584397368337216,-387.201006393558,0.00389825113848698,-11.7664279451821,4.46568238144462,-0.000139278430493971,0.0468564800860503,-200,0,0,0,0,0,0,1,-72.1662253573473,0.00613134077242312,18.8472078817592,0,0,0
301,-382.84373662948,0.0111855856759639,-11.7842018926707,4.40086888209777,-0.00304386080425662,0.0902505141207621,-382.848019603037,-0.0748093791388101,-11.721082698396,4.39247535319344,-0.00154018145621557,0.0994486451451086,-200,0,0,0,0,0,0,1,-73.5514961132708,0.303636903899177,13.4973008822812,0,0,0
302,-378.475587160258,0.00829269450152178,-11.6802703815082,4.33544628597489,-0.00274192088887746,0.117647096295126,-378.389713444282,0.00296112757458192,-11.699940459046,4.34075438771168,0.0134878456466836,0.114308032393479,-200,0,0,0,0,0,0,1,-77.2960118826045,-1.35470681981752,11.9690776787441,0,0,0
303,-374.174830426148,0.00487254527195899,-11.5489540292207,4.26608334253202,-0.00409837673627158,0.145022163598753,-374.214560401777,0.0192490144393378,-11.5411405250984,4.26617250763704,-0.00545642833477112,0.138269225720569,-200,0,0,0,0,0,0,1,-78.1881299601506,0.507144804598436,9.25535847813983,0,0,0
304,-369.944251383415,0.0010268781764031,-11.3912909034489,4.19508980447527,-0.00359295692526265,0.170341440088632,-370.016320419427,-0.0170592930930822,-11.4689911283859,4.20916668170663,-0.00238159200600727,0.178215744505223,-200,0,0,0,0,0,0,1,-80.8840273318096,0.272277786786891,5.11640780624945,0,0,0
305,-365.786570118745,-0.00243079811080273,-11.2097128561553,4.12028630684593,-0.00332239447691371,0.192853898534615,-365.787030137915,-0.104820969617814,-11.1872256113917,4.11706609241941,-0.00285411694503062,0.17540381967332,-200,0,0,0,0,0,0,1,-80.1325489661108,0.49505363373869,4.8340692554513,0,0,0
306,-361.703342703548,-0.0055065144181475,-11.0057610639016,4.04618190697077,-0.00282903660653568,0.215088537827678,-361.852367413723,-0.0375115188371734,-10.9956968832503,4.04785844083309,-0.0020875931615201,0.211928085701976,-200,0,0,0,0,0,0,1,-81.0811092558627,0.283782353826357,0.79858519630298,0,0,0
307,-357.695289769634,-0.00819448633642959,-10.7812084332364,3.96993563629742,-0.00254690662158783,0.234056618633643,-357.615192361917,0.00255435108503914,-10.7277770204661,3.96529225624354,-0.00237507225273853,0.245922954015745,-200,0,0,0,0,0,0,1,-81.298840900521,0.232398523103775,-3.13674136064233,0,0,0
308,-353.764198539963,-0.0106259918859217,-10.5393902684026,3.89225672495455,-0.00231610384222604,0.249620289736881,-353.785416575833,0.19498615783047,-10.3717402701618,3.89975084913038,0.00963560581625159,0.267628598662082,-200,0,0,0,0,0,0,1,-82.4042517613718,-1.3535328972861,-6.01937932588449,0,0,0
309,-349.911753988495,-0.0136196499565313,-10.2830648265147,3.81264115805338,-0.00367121014606992,0.263072105038447,-349.965306789817,-0.294738493932474,-10.2586556498362,3.80944407682135,-0.00541960886345012,0.244145221618711,-200,0,0,0,0,0,0,1,-81.0137941025016,1.13143787420996,-3.89721086219877,0,0,0
310,-346.137891277172,-0.0167259301380625,-10.0123920243274,3.73509389461818,-0.00254135045972609,0.278313923092734,-346.284935594077,0.0151544068323261,-9.90086796255257,3.72983312335778,0.00813969144971532,0.275229446349287,-200,0,0,0,0,0,0,1,-80.4134411476238,-0.844277958636184,-7.72120870982357,0,0,0
311,-342.441898571821,-0.0196901728193012,-9.72825941883475,3.65689929818347,-0.00338713516437795,0.289991995030345,-342.386132098158,0.0724107607260165,-9.79710116871084,3.66357738459424,0.0091843549117863,0.2914133302851,-200,0,0,0,0,0,0,1,-81.5854742631084,-1.06325701263066,-9.54713069108833,0,0,0
312,-338.824933625648,-0.0236096878783203,-9.43299241646527,3.57703777548565,-0.00445189431241039,0.300583505283133,-338.809809185745,-0.097065606271447,-9.71463820482381,3.57688918187263,0.00347228877990372,0.306476919822056,-200,0,0,0,0,0,0,1,-80.0692998157737,-0.153097665447478,-11.218415572558,0,0,0
313,-335.287373071791,-0.0281388542982563,-9.12805029566022,3.49808954113552,-0.00460643753562434,0.309341727447075,-335.352066134041,-0.0650818397171564,-9.23343193911728,3.49356820567814,-0.0197122843940245,0.297211339753294,-200,0,0,0,0,0,0,1,-78.6526882997312,2.10139211883676,-11.2542700970948,0,0,0
314,-331.828080664858,-0.0316953041528112,-8.81448111328942,3.42050129958526,-0.00250646176721593,0.317836894896437,-331.749898627568,0.0176167037170692,-8.90592570989689,3.40367786545549,-0.0170633958730059,0.301195709554113,-200,0,0,0,0,0,0,1,-76.8679892904119,1.67110617986645,-12.3077195356175,0,0,0
315,-328.445694709438,-0.0333668952095455,-8.49309186607244,3.3442759103677,-0.000836719502329101,0.324981124428177,-328.411195320475,-0.0613853341307462,-8.45803625150869,3.3463374490355,-0.0071612819068641,0.318920129574545,-200,0,0,0,0,0,0,1,-77.8113542626007,0.838898858947902,-14.9759404544371,0,0,0
316,-325.140411590779,-0.033784836245416,-8.16553720963082,3.26629459798346,8.37740363855101E-07,0.330168548203774,-325.1212915291,-0.0507394825004238,-8.02448988780951,3.25189408461591,0.00207061632784595,0.355143044663904,-200,0,0,0,0,0,0,1,-74.9468254033909,-0.105582667783747,-19.4653246907714,0,0,0
317,-321.912506850113,-0.033837397224501,-7.83527063454199,3.18951662617802,-0.000105958985289422,0.330404307586066,-321.936710878744,0.126319115055286,-7.83063738380854,3.18909489573646,-0.0103873686406063,0.331214480417843,-200,0,0,0,0,0,0,1,-75.0360678161574,0.786098633950062,-17.4601732741672,0,0,0
318,-318.761077235335,-0.0335509308274478,-7.50369078653891,3.11334538238064,0.000678892685891133,0.332794736806592,-318.863776934823,-0.0245090697220654,-7.5891783439549,3.1019433957167,0.00912025999351003,0.345812519003701,-200,0,0,0,0,0,0,1,-72.4667857020238,-0.863007859906872,-19.4028952124603,0,0,0
319,-315.684932024998,-0.0333041249670516,-7.17095243487213,3.03894654016847,-0.000185280042297219,0.332720377008557,-315.58672301034,0.101653196453944,-7.13275686034852,3.04477571293278,0.00588099221926168,0.33462212390959,-200,0,0,0,0,0,0,1,-73.3041252725989,-0.791405614834056,-19.1966986702619,0,0,0
320,-312.683539612377,-0.0338857007405427,-6.8379337506776,2.96384010167426,-0.000977870658379085,0.333355706911159,-312.765452480277,-0.175362191101915,-6.78596802157241,2.98573647015123,0.00163806582025958,0.326340725254618,-200,0,0,0,0,0,0,1,-73.0427420545695,0.186917800177871,-19.0621364823169,0,0,0
321,-309.757102310528,-0.0347707035349779,-6.50414502784837,2.88903641116857,-0.000792134656954356,0.334260250373866,-309.774263369054,-0.150885515109324,-6.35905370106764,2.89984995843674,-0.00447166587009133,0.356690533861042,-200,0,0,0,0,0,0,1,-70.4364691055674,0.74893761722778,-22.9509459839689,0,0,0
322,-306.904904353192,-0.0351889041258094,-6.1716093549122,2.81535921714297,-4.42658248033273E-05,0.330848994577623,-306.838346363845,-0.00841670271891431,-6.19969167061662,2.82073556053884,0.0146120505974144,0.333551690220462,-200,0,0,0,0,0,0,1,-68.3968633261936,-1.44437165430361,-20.955785680813,0,0,0
323,-304.125084027807,-0.0359558855994892,-5.84178454663197,2.74428180876255,-0.00148969594803826,0.32883717223104,-304.263771168088,0.0491669802876218,-5.81779213868912,2.75986074536286,0.00186866488294352,0.330030575362976,-200,0,0,0,0,0,0,1,-67.4585322001096,-0.285200448869596,-21.3674732589193,0,0,0
324,-301.415970313386,-0.0375886986392162,-5.51421674223291,2.67394571272266,-0.00177592950130448,0.326334565662666,-301.463959541436,0.110100066309754,-5.51567306165837,2.66452505942578,-0.00668975749210415,0.311073345031103,-200,0,0,0,0,0,0,1,-63.5245868597063,0.448775616590907,-20.0759883797935,0,0,0
325,-298.775123381497,-0.0391407277787638,-5.18911622292819,2.6077482428917,-0.00132812744514418,0.32390049005206,-298.705399605155,-0.00587964068814779,-5.22850737320785,2.59131551576021,-0.00268245273571933,0.33001953056589,-200,0,0,0,0,0,0,1,-61.7207523657102,0.280004554948229,-22.5449383101733,0,0,0
326,-296.200054758176,-0.0403293030052226,-4.86781814170916,2.54238769862274,-0.00104902167954771,0.318729224683489,-296.121235404941,0.0027154072037609,-4.82249472270977,2.54302462079459,0.000468544923366832,0.323461728019816,-200,0,0,0,0,0,0,1,-62.0599912695766,-0.052285306744205,-22.701183356562,0,0,0
327,-293.690536713911,-0.0414049192931065,-4.55160510327183,2.47664713754262,-0.00110221021469288,0.313730542630097,-293.799599876369,-0.172872092200609,-4.6388316862284,2.47487975261306,0.00213784509575992,0.320579934960194,-200,0,0,0,0,0,0,1,-59.8887755085675,0.131959674825225,-22.7803301235626,0,0,0
328,-291.245758953331,-0.0424415791265066,-4.24070463727477,2.41290678931385,-0.000971108629147015,0.308103040708575,-291.279276189056,0.172223077102325,-4.24731620595813,2.428180118151,0.000636841038787404,0.310168567815438,-200,0,0,0,0,0,0,1,-60.2594594369875,-0.408130258083391,-22.5222243696275,0,0,0
329,-288.864854910325,-0.0436171881152203,-3.93514814855641,2.34889995243748,-0.00138010847305907,0.303042671885323,-288.950061463633,-0.07692431937289,-3.92249928956339,2.34382137838283,0.00612561195333004,0.303357473442238,-200,0,0,0,0,0,0,1,-56.4820149110166,-0.458712556587224,-22.490748765097,0,0,0
330,-286.546186829226,-0.0452270500582651,-3.63519997805145,2.28843429140879,-0.00183961470041079,0.29688459877587,-286.523123111857,-0.195290724425035,-3.53940275737016,2.29115755919184,0.00424970020416599,0.284879645779843,-200,0,0,0,0,0,0,1,-56.0695096954705,-0.0343885715665284,-21.409159063244,0,0,0
331,-284.287607235114,-0.0470842604490074,-3.34088306033807,2.22872347413485,-0.00187480536565605,0.291779749017186,-284.208431563892,-0.144620324238841,-3.29588599301042,2.23231749751339,0.0128891007905413,0.292318371841152,-200,0,0,0,0,0,0,1,-54.8148866235563,-0.999669430576446,-22.6400651980944,0,0,0
332,-282.088371927898,-0.0494592796670649,-3.05237628935042,2.16974498942312,-0.00287523242663762,0.285263897979021,-282.180914504646,-0.0281701323752273,-3.08673696061785,2.18522881242909,-0.0212973666963534,0.273035260864266,-200,0,0,0,0,0,0,1,-54.1610522336173,2.1860769343858,-21.1300521651909,0,0,0
333,-279.947549329646,-0.0512418580256298,-2.76970386736891,2.11189870483142,-0.000689923313812334,0.28011044474333,-279.885144376525,-0.0295548223372323,-2.76528223841927,2.11651466295473,0.0029190173274576,0.281531109030993,-200,0,0,0,0,0,0,1,-51.881177542423,-0.232792088071295,-22.6225464262608,0,0,0
334,-277.863775038243,-0.0520485270027165,-2.4931975945104,2.05564734553907,-0.000923413968620901,0.272930765859509,-277.937567294119,-0.0308315553223787,-2.42449324038459,2.05377395553979,0.00340642450618855,0.283403402418347,-200,0,0,0,0,0,0,1,-49.5022609657412,-0.278979339974097,-23.4913537610655,0,0,0
335,-275.835301460688,-0.0531117494983841,-2.22461293175403,2.00129651955113,-0.00120303028188632,0.264266242185688,-275.983743463244,-0.00571999556876331,-2.21514576484294,1.980088110242,-0.0156375065450908,0.257771697105745,-200,0,0,0,0,0,0,1,-46.041324097712,1.57519064564661,-21.3468781808886,0,0,0
336,-273.859189943425,-0.0535274852834243,-1.96422265900425,1.9509236660413,0.000371560138249228,0.256539975623859,-273.870437367315,0.0100176929119547,-1.96168390705705,1.95091705685793,0.00960384909937308,0.245387563172006,-200,0,0,0,0,0,0,1,-47.3508309511629,-0.980420295761218,-20.6153885030865,0,0,0
337,-271.933941173201,-0.0536464543979836,-1.71090662101628,1.89957165118083,-0.000609498217132282,0.250118222536949,-271.850112453728,-0.114863860987551,-1.62184439009177,1.89192993579415,-0.00130824580544326,0.263754426007479,-200,0,0,0,0,0,0,1,-45.4927686719595,0.360552302519428,-23.1317538205644,0,0,0
338,-270.059632901103,-0.0540759571324187,-1.46544107349936,1.84904123440909,-0.000249507374388246,0.240838544964816,-270.128571048412,-0.126392747299177,-1.46326208501651,1.82387041127001,-0.0145266442977918,0.228288565470149,-200,0,0,0,0,0,0,1,-42.1298990301763,1.70544992437753,-19.9023323769819,0,0,0
339,-268.233717697266,-0.0534730116319104,-1.22827298672366,1.80278646398149,0.00145539903594718,0.233521152429139,-268.233721547154,-0.0856344046781767,-1.36906310313687,1.81315534760628,-0.00250657100814709,0.235935909007204,-200,0,0,0,0,0,0,1,-44.8480916663204,0.421925910171063,-20.8554646944467,0,0,0
340,-266.455504910996,-0.0518069418782743,-0.99830841754433,1.75363649186145,0.0018767412307174,0.226432899833924,-266.562795119647,-0.0147794252215876,-1.03162278736383,1.76289417205724,0.00026646881382758,0.218311694142323,-200,0,0,0,0,0,0,1,-43.1638269664291,0.00291196906041718,-19.7679238395046,0,0,0
341,-264.725468451334,-0.0499290286169439,-0.775153320245371,1.70643406530133,0.00187908668342449,0.219901213953413,-264.823015358126,0.0173243463980532,-0.871938028274164,1.70781132256,0.0231875836310828,0.215887305627848,-200,0,0,0,0,0,0,1,-41.1351015397469,-2.35340705590439,-19.8448545062365,0,0,0
342,-263.04170936035,-0.0492269080152094,-0.558860252952417,1.66108140851705,-0.000474844658066623,0.212707890072589,-263.263261171218,-0.0845976970493836,-0.559199090162448,1.63490853657709,-0.0067836764366762,0.208410656754827,-200,0,0,0,0,0,0,1,-36.9643313152741,0.847563037766387,-19.7226674951578,0,0,0
343,-261.401344882485,-0.0492781925513342,-0.350389343008859,1.61964420093782,0.000372276557285433,0.204254934245432,-261.335294583521,-0.190849460226754,-0.185823065789915,1.61816201444036,-0.00680055899630624,0.205809086331159,-200,0,0,0,0,0,0,1,-39.1456122769931,1.06175482008413,-20.209262501536,0,0,0
344,-259.803532200764,-0.0483752782828992,-0.150139401704929,1.57597803076583,0.00143355298238579,0.196267018593396,-259.66763356824,0.177722058837235,0.0132713868632444,1.57437437463757,0.00165059443105278,0.200350434054027,-200,0,0,0,0,0,0,1,-38.102170327278,-0.520503560779748,-20.0615861791292,0,0,0
345,-258.248882187171,-0.0472022077908911,0.0420678047516663,1.53331879444219,0.000912589841100845,0.188168935545607,-258.521282603829,-0.0457539264764998,-0.111003603249713,1.53807616537332,0.0183427286121277,0.18125953155526,-200,0,0,0,0,0,0,1,-36.7650513296752,-1.74276500825977,-17.9039459490266,0,0,0
346,-256.735885050113,-0.0471612337177614,0.227002262827063,1.49267307010258,-0.000830641156751867,0.181720500280618,-256.85418502609,-0.081588834457742,0.211109403468607,1.49477375447417,-0.0117004593050435,0.173313563601215,-200,0,0,0,0,0,0,1,-35.7690053952377,1.33322359941984,-17.7535751670587,0,0,0
347,-255.263049805518,-0.0473254877379216,0.405437776014782,1.45299494305012,0.000502134266084168,0.175170538369367,-255.130158423556,0.145172548573464,0.452747508271716,1.48244256123594,0.00937919821826216,0.172409606965914,-200,0,0,0,0,0,0,1,-37.9839392764813,-1.22826491897314,-18.1464557131348,0,0,0
348,-253.831002466154,-0.0474377298035657,0.577606393756276,1.41109752138791,-0.000726617539820477,0.169187765117549,-253.795408708768,-0.0183666547283092,0.504050390571344,1.40508716254435,-0.000904641622019679,0.173743976170431,-200,0,0,0,0,0,0,1,-32.9178988368982,0.127197471658586,-18.3824983981858,0,0,0
349,-252.438546630137,-0.0481009394961033,0.742815075282504,1.37381096307628,-0.000599800826928247,0.161248374291374,-252.415299907562,-0.00981294656544784,0.700537897330161,1.3615269679939,0.00257662793760034,0.162621931489852,-200,0,0,0,0,0,0,1,-31.322096984267,-0.238036900629139,-17.6632689436456,0,0,0
350,-251.082512615711,-0.0488199366466538,0.900181151804665,1.3382539634098,-0.000838197365225075,0.153501676518796,-250.92033982209,-0.00987905102448207,0.824862252065716,1.33458689186679,-0.00525619912481942,0.141827751936595,-200,0,0,0,0,0,0,1,-31.618009542498,0.545378014530906,-15.8324996977909,0,0,0
351,-249.761844429769,-0.049385641127252,1.05075955979211,1.30308023015177,-0.000293213359651154,0.147672823676446,-249.770576276152,-0.025918167159302,0.871626332316756,1.29829345322245,-0.00157954000462744,0.148724551043115,-200,0,0,0,0,0,0,1,-30.2881927699418,0.209790334781348,-16.615707768945,0,0,0
352,-248.475883728658,-0.0495741361294525,1.19495226095793,1.26883843545612,-8.37779944074469E-05,0.140729780161179,-248.395173133805,-0.156219838634092,1.50553697720411,1.2699395417994,0.00862028772801813,0.142035455694833,-200,0,0,0,0,0,0,1,-30.2036079123294,-0.549589095533628,-17.2146195238916,0,0,0
353,-247.224244828792,-0.0499328802486943,1.33195972225056,1.23443637751461,-0.000633711057409437,0.133302393248659,-247.119038976103,-0.151325303921409,1.38138309952403,1.21338853263194,0.00386626754354322,0.145707432580889,-200,0,0,0,0,0,0,1,-27.100775310988,-0.0839761465115033,-17.333509457137,0,0,0
354,-246.00559890496,-0.050608717772215,1.46095935313097,1.2028519080772,-0.000717966568200946,0.124712716281748,-245.896238526505,-0.0681999059212925,1.46388245266335,1.21617110167659,0.00433191719286754,0.117597350348786,-200,0,0,0,0,0,0,1,-29.8246331146489,-0.296791907444169,-14.6874999402053,0,0,0
355,-244.819318599812,-0.0514752669702925,1.58315221705585,1.16970686531889,-0.00101513396329569,0.119689592887864,-244.874267437742,-0.200502124986623,1.5468225706265,1.15254573734447,-0.00936585821569244,0.109654463903744,-200,0,0,0,0,0,0,1,-25.5060388589638,1.33759007154249,-14.0590915316273,0,0,0
356,-243.664068576621,-0.0518217536968684,1.6998561498389,1.14079087799381,0.000322158229302939,0.113732769457306,-243.801153438493,-0.0972142825756218,1.73227343169231,1.15505388037197,0.0114045538970541,0.109646766210556,-200,0,0,0,0,0,0,1,-27.9030811602103,-0.946026824554167,-14.4292234844402,0,0,0
357,-242.538921984382,-0.0519727781791696,1.81092412752126,1.10950030561508,-0.000624209229121645,0.108418814951859,-242.66245801349,-0.0661585497314594,1.85584963944212,1.09538006100906,0.00412291554281109,0.109938633267219,-200,0,0,0,0,0,0,1,-24.2130900739274,-0.27997445481819,-14.7055626056061,0,0,0
358,-241.443413878967,-0.0527371046483381,1.91590411610031,1.08151313865135,-0.000904445384988654,0.1015551589868,-241.618043731865,-0.049307908611897,1.94228178300443,1.05873710473756,-0.00504867818467277,0.0837324831344969,-200,0,0,0,0,0,0,1,-22.6376230100274,0.603483635691071,-12.2578118794585,0,0,0
359,-240.374710725946,-0.0533399411515788,2.01489976239351,1.05589124559071,-0.000301229550837603,0.0964489594521492,-240.356677929282,-0.0291497703517758,2.0822264536257,1.05070608073621,0.000761164237845872,0.100390290540556,-200,0,0,0,0,0,0,1,-24.3572522150568,-0.0178168830810356,-14.203481961307,0,0,0
360,-239.332798546415,-0.0536502142016143,2.10825118308771,1.02793066078492,-0.000319318843381388,0.0902678211131006,-239.258355383864,-0.113210079571012,2.09130759304151,1.04357189735521,-0.0113717998290243,0.0897368999482302,-200,0,0,0,0,0,0,1,-25.840478967794,1.36360014204445,-13.156305180906,0,0,0
361,-238.319342781717,-0.0532878913695358,2.1962284792678,0.998979187863216,0.0010439626502784,0.0857011674146,-238.165427820205,0.090124959041502,2.2416014420062,0.995809948731318,-0.00695885823017887,0.102466301229576,-200,0,0,0,0,0,0,1,-23.2501392327213,0.515635904934883,-14.72983300697,0,0,0
362,-237.333943310297,-0.0519862303224031,2.27846322697103,0.971816924897529,0.001559356701204,0.0787818331750369,-237.359444275933,-0.395361998417321,2.21447459930617,0.973474565948336,-0.00202016633212645,0.0851790623621486,-200,0,0,0,0,0,0,1,-22.6285680429677,0.992740630047287,-12.9468554348272,0,0,0
363,-236.375088320444,-0.0499306306257836,2.35452565372149,0.945890939075466,0.00255184039735222,0.0733559057347407,-236.51846475546,-0.0193639430218612,2.51774329085908,0.950538098390245,0.0189610988958435,0.0759406908166453,-200,0,0,0,0,0,0,1,-22.0168803281047,-1.85738200354062,-12.6295556633827,0,0,0
364,-235.441822410278,-0.0483076046167023,2.42523095266309,0.920638824194105,0.000694208918492986,0.0680672310526061,-235.370921445755,0.0349031370191047,2.22259178200733,0.91261085842844,-0.0197192852344526,0.0601546377004235,-200,0,0,0,0,0,0,1,-20.5192429513349,1.90212224940705,-10.460647334057,0,0,0
365,-234.532708651405,-0.0466624600382026,2.49140160816738,0.897587356049299,0.00259607834521806,0.0642855354917046,-234.745971662201,-0.073434682486656,2.48458171907537,0.892400719842654,-0.0133893754660637,0.0691983152362207,-200,0,0,0,0,0,0,1,-19.7481286598626,1.48580691157968,-11.8889949617728,0,0,0
366,-233.646567472028,-0.0433235846958881,2.55301755593011,0.874692909295363,0.00408167018814901,0.0589577183380587,-233.776964215169,0.175712093194265,2.59854142687034,0.874122194460099,0.0172807299993966,0.0428957968875101,-200,0,0,0,0,0,0,1,-19.8582910156728,-2.07949718632819,-9.48666254249169,0,0,0
367,-232.782917087476,-0.0402817886075737,2.61047012084762,0.852606881317259,0.00200191845119465,0.0559583620529356,-232.751512661974,-0.135643699381501,2.66599145918857,0.848745879388814,0.00972336791351888,0.0490064674868435,-200,0,0,0,0,0,0,1,-19.3715626149336,-0.701049392588886,-10.2326296670615,0,0,0
368,-231.941274411373,-0.0386305106449412,2.66451830167992,0.830677093305601,0.00130063591391713,0.0521488562895528,-231.866039381,-0.184019714473911,2.85915518062832,0.822496222952574,0.00971501305264518,0.054689683660065,-200,0,0,0,0,0,0,1,-18.5175435332566,-0.603461876316696,-11.1872787272631,0,0,0
369,-231.121355565656,-0.0376317054142265,2.71418452334041,0.809158661016426,0.000696972969156321,0.0471942282116777,-231.152869206829,0.0861099752489788,2.6517275303544,0.800796754889592,0.001088822230324,0.0563854703215813,-200,0,0,0,0,0,0,1,-17.7739370753012,-0.281102173530358,-10.9420020928669,0,0,0
370,-230.322570634428,-0.0370753774618175,2.75889753992599,0.788409258848215,0.000415680968455007,0.0422420572541234,-230.283625955433,-0.183939878853295,2.7846581884822,0.782990082372948,-0.00448161611070036,0.0434054152510993,-200,0,0,0,0,0,0,1,-17.7317563264279,0.816041368776627,-9.90985790207434,0,0,0
371,-229.544321683793,-0.036251777279062,2.799156808873,0.76808717293055,0.00123151735776112,0.0382865094458235,-229.644646170595,-0.0981713193282606,2.81853599560362,0.776383203581236,-0.000687566003650851,0.0252398961418337,-200,0,0,0,0,0,0,1,-18.3490280169329,0.265099239021606,-8.16106160539061,0,0,0
372,-228.786344365683,-0.0348878317071037,2.83641624980392,0.74786690504637,0.00149637201449361,0.0362423363329676,-228.56569988541,0.0397810511536654,2.80094222998759,0.749005694825342,0.0058368854345889,0.0391961116534906,-200,0,0,0,0,0,0,1,-17.7691697117134,-0.663250645766221,-9.52149562532423,0,0,0
373,-228.048586425599,-0.0337231895937017,2.87092196648741,0.727647727283255,0.000832909605157399,0.0327790442949868,-227.826306006763,0.0557482123615872,2.82071821311439,0.736461512099275,0.0012171944988091,0.0296837036818201,-200,0,0,0,0,0,0,1,-17.9935391964014,-0.233215874604084,-8.60980679441079,0,0,0
374,-227.330977019732,-0.0330070020102786,2.90245774548209,0.707570303058161,0.000599463299337938,0.0303023776954333,-227.491190168433,0.0156738612270008,3.10854735052025,0.69597930924303,-0.0168949032948727,0.0303429195384451,-200,0,0,0,0,0,0,1,-14.6155505874373,1.65814260703327,-9.25138665488501,0,0,0
375,-226.63201796088,-0.0315785425860288,2.93059129017565,0.690346135760486,0.00225745374487724,0.0259731907304328,-226.678103212439,-0.0693602289160419,2.97628363419508,0.6761109231095,0.00774750586679372,0.0134392227208511,-200,0,0,0,0,0,0,1,-14.2548858860726,-0.636030128847288,-7.29648954047526,0,0,0
376,-225.94973940567,-0.029639190376678,2.95524983843982,0.674210108884562,0.00162124843582468,0.0233518467640561,-226.07861871203,-0.00563918971631089,2.85495926492528,0.680122234733432,0.00784838993346724,0.0111598721420946,-200,0,0,0,0,0,0,1,-15.8549860492833,-0.773560613914103,-6.82590574406003,0,0,0
377,-225.284242987158,-0.028404829121587,2.97784126256161,0.656782385989237,0.000847472983628634,0.0218395504256783,-225.262906841075,0.0609688652099934,2.97745116827853,0.664466582296898,-0.0131100649111604,0.0147128901985329,-200,0,0,0,0,0,0,1,-15.9208445475393,1.18906876069606,-7.42619135641036,0,0,0
378,-224.636323651606,-0.0269629240543162,2.99868305354428,0.639055709796757,0.00203633488358794,0.0198527094824787,-224.528865152492,0.0135510921629116,3.10482127413794,0.647236745878997,-0.0159818432348436,0.0301299192720552,-200,0,0,0,0,0,0,1,-15.6659442829155,1.57108213915854,-9.2226344754814,0,0,0
379,-224.006369674942,-0.0241411343883875,3.01668830940629,0.620850849142318,0.00360724317228123,0.0161666948197102,-224.103017618582,-0.0102704617204817,3.00357937455781,0.627160559619027,-0.0112023428668058,0.0112411666757208,-200,0,0,0,0,0,0,1,-14.510020724738,1.14077521012154,-7.13127541668769,0,0,0
380,-223.393680652445,-0.0199635938700012,3.03176647493648,0.60452651956111,0.00474783548276349,0.0139976146540109,-223.395815266709,-0.143119066002981,3.05436296385607,0.614547091390198,0.00468273784734995,-0.0108289775704575,-200,0,0,0,0,0,0,1,-14.6630786056016,-0.182035652729033,-5.02582817066639,0,0,0
381,-222.796971403,-0.015306884351458,3.0456964595708,0.588892270795114,0.00456558117947019,0.0138699918642709,-222.901514949503,0.146054751273595,3.16644182793903,0.576657960837655,0.000203125899432156,0.0162856202814287,-200,0,0,0,0,0,0,1,-11.8627661847595,-0.312422092490405,-7.96144568402093,0,0,0
382,-222.215192828264,-0.0108975713151464,3.05761880065531,0.574663370681109,0.00425304260297183,0.00998164748302188,-222.149764123329,0.127615569910563,2.89901931224248,0.55979209448077,0.00675303379318576,-0.0041481786339431,-200,0,0,0,0,0,0,1,-11.6796812014192,-0.930534519139702,-5.38322076109065,0,0,0
383,-221.647050975551,-0.00710987129586804,3.06682001771858,0.561619933907417,0.00332235532299096,0.00842716552713088,-221.683215753431,0.0605552492475764,3.07673642372773,0.563640465100793,-0.00406849413499268,0.00355786531253932,-200,0,0,0,0,0,0,1,-12.9976150032164,0.285738915004116,-6.5092593787094,0,0,0
384,-221.092782538363,-0.00364472648779037,3.07423219665971,0.546916311311949,0.00360793227966112,0.00640435067704098,-220.928719329569,-0.0512524216585297,3.10125696713918,0.542540061066568,0.0208375280082265,0.00554469788105813,-200,0,0,0,0,0,0,1,-12.3965674475198,-1.98124795750559,-6.75698372238417,0,0,0
385,-220.552993567063,-0.00102749038282492,3.07940940591778,0.532660796402439,0.00162653836429559,0.0039570054863271,-220.504781740403,0.214826173146473,3.01031244714377,0.523019171351266,0.0273215047235268,0.00174145219256854,-200,0,0,0,0,0,0,1,-11.2923536543215,-3.16180281864562,-6.19477011354439,0,0,0
386,-220.026844137507,-0.000981918689866211,3.08219662593349,0.519637275544628,-0.00153539679579196,0.0016237717790098,-220.167728564454,0.165741070653901,3.08794148561284,0.513799120968066,-0.00749465650055766,-0.010048960706106,-200,0,0,0,0,0,0,1,-11.0444549678991,0.417983508747963,-5.17098690061508,0,0,0
387,-219.513401699778,-0.00230839442993429,3.08308881775639,0.507247223950655,-0.00111755649200509,0.000166636805630838,-219.732422634257,0.00107658935306892,3.10727828211538,0.505325443132805,0.00224292426653925,-0.0102807342174215,-200,0,0,0,0,0,0,1,-11.0676990447666,-0.226445605360062,-5.18648314248862,0,0,0
388,-219.012364191789,-0.00353924425586084,3.08253951886612,0.494827425982235,-0.0013441455332043,-0.00125920401025506,-219.068492553892,0.0533444812545211,3.11764847992116,0.497782275412456,-0.0111812049799533,0.00323916516062451,-200,0,0,0,0,0,0,1,-11.6412424334623,1.01143153548628,-6.55921347590478,0,0,0
389,-218.52428661127,-0.00437774005761336,3.08006985292314,0.481326895346155,-0.000332847744627467,-0.00367359596482897,-218.469119601091,0.049764395808179,3.03915099264205,0.500463801290995,-0.00844586766667379,-0.00969360499832655,-200,0,0,0,0,0,0,1,-13.1081409269169,0.745057975051021,-5.10894148545144,0,0,0
390,-218.050090250825,-0.0043381511248518,3.07616494281546,0.467065909133476,0.000412024324328126,-0.00412934104648635,-218.06086767429,0.0320341243034805,3.25931828106639,0.465650601043992,0.00909402219322959,-0.0107711460049932,-200,0,0,0,0,0,0,1,-10.4433247558184,-0.97347046792992,-5.44152196163346,0,0,0
391,-217.589003472572,-0.00441292437287333,3.0711336512675,0.455107088993164,-0.000561572998482181,-0.00592746220314821,-217.685928836135,-0.26671329684081,3.00604609337717,0.465413530630885,-0.000559744400544828,-0.0101221365392938,-200,0,0,0,0,0,0,1,-11.169495390819,0.589401033736103,-4.99987853282496,0,0,0
392,-217.14011953334,-0.00467987029109048,3.06467069006105,0.442660573028926,2.76796480840185E-05,-0.00699245932383591,-217.031911079974,-0.0698999521079016,2.93142354011984,0.455209472524196,-0.0141538561870662,-0.000644544432923526,-200,0,0,0,0,0,0,1,-11.4571250924714,1.55518552292242,-5.79839263694732,0,0,0
393,-216.703976424345,-0.00387466749165016,3.05685439499504,0.429625149737743,0.00158272335212476,-0.00863386552951681,-216.634208262414,-0.0336516295683733,2.96982452198054,0.432504265924959,0.0082087094473901,-0.0026611301679084,-200,0,0,0,0,0,0,1,-9.98201006766807,-0.753567685602263,-5.67353602717025,0,0,0
394,-216.280171161531,-0.0026687836387362,3.04717210479409,0.417984666812481,0.000829041744560692,-0.0107251075495548,-216.19545222147,-0.139549416242182,2.805326882344,0.39904503159177,0.0089376538343087,0.00642079609555242,-200,0,0,0,0,0,0,1,-7.51359871623755,-0.614666550946506,-6.25273337424323,0,0,0
395,-215.866999967118,-0.00214710216585601,3.03464728578659,0.40835629787887,0.000214320183197293,-0.0143198886822366,-215.792820710414,0.0951946469712753,3.0570581484584,0.388259977430693,-0.000592135473261657,0.0208987257876882,-200,0,0,0,0,0,0,1,-7.24035632224224,-0.131175746616385,-8.20398887568562,0,0,0
396,-215.463735760272,-0.00199837850811836,3.01759544387607,0.398169812104625,8.31252075043397E-05,-0.0197788982618293,-215.553946383302,-0.203338152333884,3.05760583312431,0.392706844289846,-0.00953397389981882,-0.0116307343869863,-200,0,0,0,0,0,0,1,-8.16279166237972,1.36007369464965,-4.95213822754998,0,0,0
397,-215.070419278334,-0.00123525969224536,2.99677142447553,0.388462435853744,0.00144311058814474,-0.0218644777790903,-215.074657376349,0.134838466592287,2.9627622349736,0.374842045311413,0.00654472466971116,-0.0288860369318547,-200,0,0,0,0,0,0,1,-7.33488977844415,-0.92414940015569,-3.03692077676173,0,0,0
398,-214.686041585325,-0.000254273548787383,2.97457889154666,0.38029290511893,0.000518859923664026,-0.02251665709591,-214.751338323727,0.235659107790771,2.88455232902994,0.381785864120529,0.00143886737599522,-0.0383542369226765,-200,0,0,0,0,0,0,1,-8.67590976459857,-0.615204953181065,-1.93368096579222,0,0,0
399,-214.3102176272,-4.30875415080124E-05,2.95252466754896,0.371355706581261,-9.64905315887437E-05,-0.0215875054119423,-214.18504331002,0.106876753803196,2.92920150071985,0.372231076910643,-0.00678852853932676,-0.027949104562595,-200,0,0,0,0,0,0,1,-8.85302107102522,0.465099346326284,-3.06349254518019,0,0,0
400,-213.943642443728,9.29067506231738E-05,2.93093435779521,0.361794913693529,0.000368477257500912,-0.0215885426576154,-213.797590830096,-0.120793093206784,2.86339540765271,0.3760551596474,-0.016210920351861,-0.0406197624465204,-200,0,0,0,0,0,0,1,-10.0103343045482,1.86267822159967,-1.66481457065338,0,0,0
401,-213.586865216287,0.00139263524994189,2.91023270706761,0.351760624151418,0.00223097881974864,-0.0198099724645436,-213.536769205704,0.0726489617024268,2.94238439294187,0.348332836740656,-0.00750063377881839,-0.0243961708446775,-200,0,0,0,0,0,0,1,-7.75974526265743,0.604765454476986,-3.44515170141598,0,0,0
402,-213.239463401887,0.00392594636570436,2.89004770723144,0.343042897760817,0.00283564074616828,-0.0205558633782593,-213.174281728998,0.0136390459725386,2.85933854553761,0.341364427975854,0.00441238958883858,-0.017210433603341,-200,0,0,0,0,0,0,1,-7.78787933958854,-0.468517050828935,-3.99763373074112,0,0,0
403,-212.900907062197,0.00652728164398491,2.86888379724487,0.334069454867943,0.00236702816345936,-0.0217676783024031,-212.85276760174,-0.0265916672794407,2.80795926139202,0.331929873802596,-0.00644006750045106,-0.0283295760672262,-200,0,0,0,0,0,0,1,-7.48745217678009,0.697190084603987,-2.78296091606141,0,0,0
404,-212.570935998108,0.00924285173295585,2.8470107874961,0.325872812636937,0.0030641099603229,-0.0219744345153036,-212.454768589449,0.0201904916198259,2.79138672302268,0.313181988124805,0.0115748591051598,-0.0138695019641218,-200,0,0,0,0,0,0,1,-6.40866163358291,-1.19786689375563,-4.19582324963317,0,0,0
405,-212.248965168711,0.0117079972228139,2.82407577830456,0.31806818174454,0.00186617850600276,-0.0238918692823701,-212.123179466553,0.149639322977049,2.65024603996717,0.315689119063673,0.0150295923965324,-0.0265417661728264,-200,0,0,0,0,0,0,1,-7.32255297326135,-1.80223788560734,-2.6463154626517,0,0,0
406,-211.934892687336,0.0126730038186061,2.80012925409198,0.310076959197162,6.38335473027692E-05,-0.0239973820631601,-212.016849920256,0.0824564358876834,2.77529459905296,0.303620977785299,-0.0148307558416183,-0.0108400724936131,-200,0,0,0,0,0,0,1,-6.32839793801715,1.31816271238646,-4.4665819487446,0,0,0
407,-211.628740210949,0.0133958904389942,2.77505402662396,0.302227214397901,0.00138193752544712,-0.0261493493701253,-211.557973514033,-0.0527709984689112,2.89453538498088,0.300373691102332,0.00157835833219956,-0.0343221820194479,-200,0,0,0,0,0,0,1,-6.92142208216692,-0.0522938362821339,-2.35685256801697,0,0,0
408,-211.330266782156,0.0147516303302816,2.74891998697464,0.294719882824083,0.00132954024454668,-0.0261151689313455,-211.223570099673,0.0122703675470484,2.8767563785324,0.296360278591581,-0.00107659606581981,-0.0389620462925311,-200,0,0,0,0,0,0,1,-7.1888876598123,0.0831188714878845,-1.85730812781168,0,0,0
409,-211.039316412887,0.0161226725621141,2.72311364873944,0.287181364012706,0.00141254251118616,-0.0254939399682882,-210.940116264099,-0.0201033277207398,2.71409350024214,0.287561497963394,-0.00090407091796931,-0.0313569278797688,-200,0,0,0,0,0,0,1,-6.87591726814131,0.130613747238411,-2.29249421250741,0,0,0
410,-210.755852683318,0.0176004708172823,2.69767599505325,0.279746363586049,0.00154305272863567,-0.0253778517960163,-210.979931185835,0.108473513428289,2.80323108537989,0.267987828564018,-0.00281034638719518,-0.00837436603894396,-200,0,0,0,0,0,0,1,-4.83892048473167,0.0640876118629405,-4.76902556686539,0,0,0
411,-210.479421925871,0.0191755572456336,2.67081266352547,0.27311398510748,0.00160711641896558,-0.0283456765366362,-210.569805038509,-0.0331860225266832,2.83582606249795,0.26814200887625,0.00193775110545144,-0.0493956049627983,-200,0,0,0,0,0,0,1,-5.67459081060754,-0.127403065491778,-0.73209162871607,0,0,0
412,-210.209152730719,0.0207189216540377,2.64299685546194,0.267425109965481,0.00147960993288964,-0.0272832478922645,-210.107153261111,0.0453950654312432,2.70539786209487,0.246447664069273,-0.00551942594351811,-0.0269699157556561,-200,0,0,0,0,0,0,1,-4.43045988470572,0.461152463489325,-2.71380414862413,0,0,0
413,-209.944426341764,0.0224290851308893,2.61509050622073,0.262027297829485,0.00194071486469,-0.028526898316397,-210.011519400913,0.00442982461569736,2.60296566442618,0.267194231563907,0.00474030056831037,-0.0293560284920488,-200,0,0,0,0,0,0,1,-6.69638435456524,-0.482889706062432,-2.27032847964748,0,0,0
414,-209.686030724947,0.0241283059442869,2.58662964347813,0.254764203698958,0.00145772492204682,-0.0283914135984645,-209.738093890145,-0.106003733017237,2.55926610187719,0.247525588751872,0.00772594820815288,-0.0487699967508178,-200,0,0,0,0,0,0,1,-5.27637109489745,-0.560587354780815,-0.241532528672599,0,0,0
415,-209.433823506219,0.0253056869882413,2.55893082672401,0.249651078373623,0.000897034591693987,-0.0270038101596205,-209.483931752822,0.0946806695812195,2.41028342280096,0.23801882191655,0.00832901886989101,-0.0282811217626817,-200,0,0,0,0,0,0,1,-4.83401868601125,-1.02226322615154,-1.99245466933376,0,0,0
416,-209.1868996937,0.025691557226958,2.53174056357396,0.244196574253893,-0.000125295512253864,-0.0273741506539622,-209.331936523336,-0.0619333959446261,2.67845201576771,0.22149304936368,0.00772558834600629,-0.0375492618736889,-200,0,0,0,0,0,0,1,-3.48543188969591,-0.648692042711376,-1.60197784416652,0,0,0
417,-208.944737191264,0.0252418941095447,2.50407643567821,0.240128359968951,-0.000774033213020837,-0.0279521852737516,-208.979313856895,0.0564111815517042,2.39744376868687,0.2406565792445,-0.0076666846537998,-0.0309955443701432,-200,0,0,0,0,0,0,1,-6.10703021065963,0.653846102276571,-1.69533310035942,0,0,0
418,-208.707847988647,0.0247947363018536,2.4763584062573,0.233650455754181,-0.000120284339133449,-0.0274808440262447,-208.559532038996,0.110364688172829,2.36234547304575,0.239505950577913,0.000922439458816443,-0.0176560007172907,-200,0,0,0,0,0,0,1,-6.83153097979837,-0.312973322227302,-2.95909087436243,0,0,0
419,-208.478033512898,0.0245179202385323,2.44870507818248,0.225978528990263,-0.000433349949493529,-0.0278222342367594,-208.622681614236,-0.0797709748786663,2.4834636356506,0.22580659697412,-0.00817519466610804,-0.0274095061481251,-200,0,0,0,0,0,0,1,-5.33529646893908,0.977061416368137,-2.22597665648868,0,0,0
420,-208.255057843151,0.0245730655919208,2.42073099518287,0.21997285850535,0.000543638073309305,-0.028123130336625,-208.378734554178,-0.00191937428322108,2.31789626177056,0.232639664113497,0.00604449110703958,-0.0177317317792159,-200,0,0,0,0,0,0,1,-6.50649730299297,-0.600610362137516,-2.86261934561953,0,0,0
421,-208.038753277076,0.0248163562316095,2.39242893008942,0.212636296436351,-5.70595026555103E-05,-0.0284775872270849,-207.988335082388,0.0766034278203995,2.5828781463277,0.214372899582367,0.00733949952913005,-0.0328669012642518,-200,0,0,0,0,0,0,1,-5.46061979346093,-0.887156808553804,-1.87906616623022,0,0,0
422,-207.829101388506,0.0243156786330903,2.36400103063462,0.206667709399344,-0.000944297621652084,-0.0283754345451878,-207.888342377486,-0.000242835354384578,2.33220755142036,0.21106081345464,0.000750748189901708,-0.02770586811174,-200,0,0,0,0,0,0,1,-5.3293965904926,-0.0745891482814017,-1.89382829166672,0,0,0
423,-207.625361419918,0.0233340483594232,2.33564863511726,0.200812428767562,-0.00101896520160279,-0.0283266375096619,-207.569250867123,-0.0556595949001809,2.3239025580522,0.177307969831222,0.00153991203873287,-0.0175177686928764,-200,0,0,0,0,0,0,1,-2.59229524887665,-0.0426720140729251,-2.89602824681677,0,0,0
424,-207.426459084261,0.0222937446372473,2.30630933876575,0.196991488905219,-0.00106164474229012,-0.0303501743302607,-207.391532665677,-0.0450764172214909,2.36823019417344,0.201983542020062,0.00394954087665824,-0.0366969343131537,-200,0,0,0,0,0,0,1,-5.41528887065231,-0.304801253222843,-1.06676695703152,0,0,0
425,-207.232255498626,0.0210796537692772,2.27638791662993,0.191416252432972,-0.00136653898197887,-0.0294900877834721,-207.152698751063,0.020650230073698,2.15997440847341,0.198905643349206,-0.0249124159295474,-0.0453838998212859,-200,0,0,0,0,0,0,1,-5.58516683279467,2.44994113280735,0.218441165181767,0,0,0
426,-207.043422896567,0.02093802799479,2.24795008976642,0.186250091150803,0.0010832857949152,-0.0273831754183568,-206.851530439324,0.00104344558025643,2.22761029479285,0.194158975671173,0.0055276430552994,-0.0510559408936847,-200,0,0,0,0,0,0,1,-5.71283668846849,-0.554851196690453,0.65037349978277,0,0,0
427,-206.859716533648,0.0217438258622466,2.22184853954102,0.181163979309722,0.000528308963812369,-0.0248175709389072,-206.752847399601,0.217777860249509,2.04027355749781,0.178633064679404,-0.00168458699636327,-0.0141982271829562,-200,0,0,0,0,0,0,1,-4.35761166873911,-0.267097020862691,-2.6607243967,0,0,0
428,-206.681204146055,0.0221385639614273,2.19653430081881,0.17586050835866,0.00026116506670097,-0.0258084575803934,-206.492772775935,-0.00697080124819019,2.22657037452374,0.176214313289342,0.0180659650033816,-0.0150747523822199,-200,0,0,0,0,0,0,1,-4.63588577706415,-1.79265489784178,-2.9456655108255,0,0,0
429,-206.508183482087,0.0215033786666231,2.17016911282774,0.170180473522353,-0.00153153791854034,-0.0269193031989626,-206.273336170644,-0.00867085783530702,1.94350933150604,0.172227277930825,-0.00214338131326271,-0.0318907166671278,-200,0,0,0,0,0,0,1,-4.67605545179401,0.231679846996885,-0.697946996299303,0,0,0
430,-206.340370176875,0.0200876398598505,2.14372028858963,0.165446728556341,-0.00129994182533202,-0.025976168664329,-206.287436724627,0.193352753762931,2.06010603475045,0.162271617015324,0.00518392373606739,-0.0328763187674169,-200,0,0,0,0,0,0,1,-3.65228825227905,-0.905097881132601,-0.832580192759214,0,0,0
431,-206.17685828424,0.0183351195963396,2.11793620548891,0.161577391108142,-0.00220510066721164,-0.0255902178640512,-206.17318053287,-0.179372586588862,2.13312150306775,0.15431728556602,-0.0133186923130284,-0.00884243917579207,-200,0,0,0,0,0,0,1,-3.08536749086219,1.69061440448056,-3.3819990885563,0,0,0
432,-206.017519985994,0.0169753229968332,2.09127377918724,0.157098383380984,-0.00051449622556301,-0.0277325839364661,-206.374899187949,0.00649719367315149,2.09627534548117,0.159308283042937,0.00526424189897015,-0.0212469775907208,-200,0,0,0,0,0,0,1,-3.18102992839569,-0.539418577243318,-2.06785293189026,0,0,0
433,-205.862416957763,0.0161911025031051,2.06308621183421,0.153107414868466,-0.00105394707593562,-0.0286407203120297,-205.872023489542,0.0660230238990888,2.12804305624935,0.142077257661777,-0.00480175196606638,-0.0213300885306242,-200,0,0,0,0,0,0,1,-2.46367878709432,0.34812914880846,-2.12307725943628,0,0,0
434,-205.710995922106,0.0153112125849758,2.03381309723152,0.149734234987914,-0.000705834837754659,-0.0299039648951538,-205.542746628982,0.140118422275436,2.0729530255383,0.142672914010342,-0.000739807153963779,-0.0315649565151739,-200,0,0,0,0,0,0,1,-3.18179814307016,-0.206256129154495,-0.989410399559205,0,0,0
435,-205.563021108378,0.0145022260551504,2.00394850688802,0.146215583506851,-0.000912139978588439,-0.0298236079255445,-205.583150747998,-0.00466833574445525,1.92302712464514,0.154128554475778,-0.0124493730849535,-0.0347304769226285,-200,0,0,0,0,0,0,1,-4.24655395158124,1.25427397998426,-0.373006557027432,0,0,0
436,-205.418905429452,0.0142171838987603,1.97468108206453,0.142016432126032,0.00034205388895234,-0.0287093258294798,-205.48764785311,-0.0801902496066733,1.97967860776119,0.143358642717787,0.0181044144900504,-0.0411045760300003,-200,0,0,0,0,0,0,1,-3.36056856555813,-1.65006094979169,0.151100387477655,0,0,0
437,-205.278473662925,0.0137341730203409,1.94657216217923,0.138847796824133,-0.00130807737075816,-0.0275070703574817,-205.265697827004,-0.0601097219896174,1.9049194760472,0.135030292506042,0.00570800514716124,-0.0388120264530173,-200,0,0,0,0,0,0,1,-2.97163359659599,-0.45058107073689,0.0713636932073238,0,0,0
438,-205.141051931837,0.012200775342325,1.91954775620431,0.135996251392357,-0.00175871965099083,-0.0265404422394227,-205.046386172527,0.14435759945757,1.74861059554109,0.130882567644629,0.0103888830971433,-0.0274550540393748,-200,0,0,0,0,0,0,1,-2.99548441940916,-1.32760350862947,-0.751715787144709,0,0,0
439,-205.006673785571,0.00977823052529679,1.8931306157298,0.132760300023078,-0.00308637209069258,-0.0262923656134198,-204.924600323335,0.0129383185296373,1.85037258585535,0.136717058247453,-0.0162819341781178,-0.0191420156929677,-200,0,0,0,0,0,0,1,-3.8225051780744,1.60231678075251,-1.78654360241394,0,0,0
440,-204.876131637952,0.00749299316672377,1.86668716523011,0.128324002780236,-0.0014841049181815,-0.0265925213947517,-204.800215675074,0.255624754732366,1.65912825107577,0.132756278177886,-0.00691471536401646,-0.026003741215609,-200,0,0,0,0,0,0,1,-3.67519646764065,0.180222026936914,-0.717882380590639,0,0,0
441,-204.749721244157,0.00609896987256849,1.84039478407214,0.124497197971641,-0.00130394609576379,-0.0259905057672923,-204.878274444287,-0.0218027770236694,1.8563877871365,0.112593545986549,0.00676501637380806,-0.00517229314925127,-200,0,0,0,0,0,0,1,-1.5028057100804,-0.632896083333467,-3.19554625934787,0,0,0
442,-204.626719212455,0.00447858889838642,1.81311572855879,0.121505836819023,-0.00193682301871643,-0.0285662506558997,-204.619714053025,-0.020849545541787,1.92475231499415,0.128682987864137,0.00516601383528853,-0.0078023147750798,-200,0,0,0,0,0,0,1,-3.62887068036291,-0.474902292445279,-3.06927315248032,0,0,0
443,-204.507633613759,0.00230430490830003,1.78379787499049,0.116664818681073,-0.00241175111509147,-0.0300672695580787,-204.579313948964,-0.156927547069967,1.81843500619697,0.0976604010770933,0.00834483044336982,-0.0264528144975546,-200,0,0,0,0,0,0,1,-0.607412209780934,-0.520627950197048,-0.991588562638483,0,0,0
444,-204.391574331861,-0.000367755561269648,1.75323548876719,0.115453433892891,-0.00293237597564747,-0.031056959338305,-204.386950879066,-0.0597672778625729,1.67143771064062,0.109082416002734,0.00245512875535202,-0.0192068157089844,-200,0,0,0,0,0,0,1,-2.13433984214106,-0.125978319810056,-1.4221938503828,0,0,0
445,-204.277506085207,-0.00336312845572446,1.72183616701077,0.112682886075955,-0.00305837541190144,-0.0317404378122999,-204.269212883615,0.0369164951519213,1.79312264849265,0.0950573565102955,-0.00872916127098184,-0.0542551783720895,-200,0,0,0,0,0,0,1,-0.967309883799409,0.799083136794341,1.83927254022364,0,0,0
446,-204.164953170175,-0.00602198392390444,1.69094996847434,0.112423850038028,-0.0022593403615634,-0.0300318466460378,-204.275314208508,0.146443392550424,1.79436292159271,0.124766268820999,0.00375299815037362,-0.0178642477600669,-200,0,0,0,0,0,0,1,-3.92599846508368,-0.668186600138209,-1.80230106717874,0,0,0
447,-204.054798540683,-0.00861544077886289,1.66081576468926,0.107885451275919,-0.00292757841887734,-0.0302345201017686,-203.88252274295,-0.146489559329905,1.57264370469338,0.111015536349742,0.00754883843553592,-0.0218416699959703,-200,0,0,0,0,0,0,1,-3.33650814907467,-0.461904724893783,-0.961120409789733,0,0,0
448,-203.948729100308,-0.0117739946833011,1.63072684952928,0.10425369262375,-0.00338953572295231,-0.0299416835558746,-203.851206649018,-0.0658266364404318,1.48170621299844,0.102542272783169,-0.00959095391695936,-0.0460058335440372,-200,0,0,0,0,0,0,1,-2.55181398028116,1.0907486645768,1.63717092840685,0,0,0
449,-203.845352321879,-0.014618192232776,1.60191612070941,0.102501013758011,-0.00229886405842305,-0.0276789915720334,-203.823085648234,0.000723756870185589,1.69822245064187,0.0956745242796072,-0.00405136020627584,-0.0218427803788636,-200,0,0,0,0,0,0,1,-1.92128113149218,0.403688506887213,-1.21216686339738,0,0,0
450,-203.744090392123,-0.016715219392846,1.57395783387408,0.100022724078391,-0.00189519561707842,-0.0282364742794455,-203.769256999517,-0.0367453442218971,1.60258340448817,0.0909580829143235,-0.00225121686761781,-0.0362163667126226,-200,0,0,0,0,0,0,1,-1.55729429239873,0.298612375205575,0.416469862285922,0,0,0
451,-203.644774811804,-0.0184611234435909,1.54608794776018,0.0986088909241521,-0.00159662119522349,-0.0275026692164777,-203.61608946803,-0.0284314076695092,1.49466065852437,0.10700220432715,-0.0104453781250442,-0.0211350326197079,-200,0,0,0,0,0,0,1,-3.46804149665565,1.10140062784344,-0.875818055077947,0,0,0
452,-203.548016516195,-0.019507070160697,1.51881361004914,0.0949080324088909,-0.000495277136830997,-0.0270443540678381,-203.499974239152,-0.12434348391046,1.47139066850939,0.0944510400265669,0.000313376936876103,-0.041421312194475,-200,0,0,0,0,0,0,1,-2.44515552435221,0.21734927413331,1.1993498824287,0,0,0
453,-203.454029597836,-0.0198937040997478,1.49269251720632,0.0930667557780802,-0.000277995915554462,-0.0251970151856124,-203.536226075545,-0.0689045225189008,1.58984928334419,0.0780917988989509,-0.019913942799939,-0.0263887554159342,-200,0,0,0,0,0,0,1,-0.736727738805455,2.12920332503171,-0.540823025094957,0,0,0
454,-203.361518966918,-0.0191070988446067,1.46725694136022,0.09195441440261,0.00185120089081329,-0.0256736469574996,-203.448659022456,0.0364124893266357,1.38196288205921,0.0857893268650342,0.00133634024436299,-0.0237639715615289,-200,0,0,0,0,0,0,1,-1.68161464159179,-0.20645900308957,-0.387528607965531,0,0,0
455,-203.270505873692,-0.0173591389694582,1.44163061069744,0.0900719377289433,0.00164471388020923,-0.0255781792096066,-203.318268489372,0.0410069379677197,1.29496889273972,0.105150416786979,-0.00235559805301151,-0.0136473174743565,-200,0,0,0,0,0,0,1,-3.87850469995483,0.153545929365712,-1.2252060380438,0,0,0
456,-203.182542968704,-0.0156376790431498,1.41623380976037,0.0858541567173067,0.00179820036267783,-0.025213545198929,-203.052564608105,-0.0403682054459779,1.36387359119697,0.088347780486338,0.0057818195323957,-0.0307771636899556,-200,0,0,0,0,0,0,1,-2.72964883242459,-0.497445542347615,0.349969186601631,0,0,0
457,-203.097924947901,-0.014088229013275,1.3916429298275,0.083382561394552,0.00130069418046944,-0.0239671203797743,-203.206230937883,0.0702453371107369,1.40668877285723,0.0699055776922484,0.0109992734028382,-0.0210820009960862,-200,0,0,0,0,0,0,1,-0.578095893458396,-1.24041801450529,-0.705177446105848,0,0,0
458,-203.015064180893,-0.0134077414736185,1.36733829373794,0.0823387893863115,6.02754086537357E-05,-0.0246416959159604,-202.965750731076,-0.0440486061832678,1.52577412214267,0.0970844874893781,-0.00762627072717102,-0.0135195274721119,-200,0,0,0,0,0,0,1,-3.77694728678635,0.850724285083638,-1.69959549707414,0,0,0
459,-202.934896296788,-0.012922126009485,1.34265655390209,0.0779970616528988,0.000910949659187701,-0.0247198595909099,-202.902898159298,-0.0428001811306501,1.2242733102121,0.0611158850909554,-0.00684109913720084,-0.00789435797130823,-200,0,0,0,0,0,0,1,-0.305792190499391,0.769710275981384,-1.65911082329338,0,0,0
460,-202.857521091228,-0.0116263085852902,1.31711893149523,0.0767527402039582,0.00168067947656925,-0.0263548403027565,-202.791059239137,-0.170419570464528,1.25024889966559,0.0783246189022453,0.00164563217797035,-0.0228695917399331,-200,0,0,0,0,0,0,1,-2.25034341194988,0.176275923132021,-0.213538625337863,0,0,0
461,-202.78191971198,-0.00985750897154794,1.29103850026392,0.0744503786177453,0.00185691319633719,-0.025805009063099,-202.771042679256,0.0617873364278513,1.09613956073831,0.084839184558195,0.00274351377407951,-0.0268443496068162,-200,0,0,0,0,0,0,1,-2.94183309730761,-0.397926050263654,0.492155839205005,0,0,0
462,-202.708762510247,-0.00819958969043071,1.26598381350195,0.0718648064895127,0.00145892001099741,-0.0243032279747026,-202.717845044548,0.0328920342739726,1.38843312658968,0.0682765680725988,0.00349090762393656,-0.026528308955013,-200,0,0,0,0,0,0,1,-1.39196671816428,-0.414874830941601,-0.124035357678059,0,0,0
463,-202.637645127675,-0.00694811766709018,1.24180173989813,0.0703701790137146,0.00104401894974527,-0.0240602688589492,-202.557945361413,0.247253460137232,1.26007447711557,0.0519179453784604,-0.026942458239968,-0.0102536088017648,-200,0,0,0,0,0,0,1,-0.0759038150191822,2.19973890372234,-1.49478807405465,0,0,0
464,-202.567757784948,-0.00480421511355393,1.2169518748988,0.0694039211866858,0.00324377949431349,-0.0256390467487288,-202.575093054639,-0.18465435746027,1.13537820716027,0.0665140102522354,0.0161317559009223,-0.0421269812402771,-200,0,0,0,0,0,0,1,-1.50121491594495,-1.24386687517169,1.94194170970716,0,0,0
465,-202.498668846397,-0.0021823964153853,1.19237697521209,0.0687750118203029,0.00199985214563631,-0.0235104870077759,-202.511419484468,0.201593630094458,1.26823622620585,0.0737350993887206,0.00337433525580286,-0.017814125332052,-200,0,0,0,0,0,0,1,-2.35067096993548,-0.740620785769202,-0.755059919206509,0,0,0
466,-202.431210403516,-0.000552869712687862,1.16893678313896,0.0661420486337613,0.00125919551807396,-0.0233687438304367,-202.56895403384,0.012470432656388,1.18867036036034,0.0581733633043505,-0.0106877422411051,-0.0297856544198259,-200,0,0,0,0,0,0,1,-0.6794282627557,1.04383335879773,0.601224721261914,0,0,0
467,-202.365328751532,0.00122823391385181,1.14585090242332,0.0656216165536875,0.00230300581623194,-0.0228028004827272,-202.482080711046,0.00234330919093984,1.24729555717499,0.0827471458570341,0.00210627278266605,-0.013456578042155,-200,0,0,0,0,0,0,1,-3.31055316361142,-0.215313896648485,-1.14893331013448,0,0,0
468,-202.301538593008,0.00342356129074659,1.12317404949114,0.0619589219138786,0.00208764277047557,-0.0225493014101648,-202.228727007539,0.0683897890922395,1.12590571714082,0.0692170425323517,0.00491976938568965,-0.0182202660190684,-200,0,0,0,0,0,0,1,-2.46425023815781,-0.628756516753444,-0.429784832374786,0,0,0
469,-202.240868118424,0.00519680678688548,1.10087472232656,0.0593823544127078,0.00145884307681286,-0.0220482313929461,-202.258960844807,-0.148295880395358,1.34722346001757,0.0565050451700633,0.00699161364006421,-0.0132580893370667,-200,0,0,0,0,0,0,1,-1.13258282739152,-0.402569603215705,-1.36863798632846,0,0,0
470,-202.18240583221,0.00645436738093909,1.07835270553402,0.0575419074324966,0.00105627179050874,-0.0229950048065358,-202.224434097809,-0.116910862081189,1.19965011645511,0.069786397415372,-0.00597928897894739,-0.0221569411645642,-200,0,0,0,0,0,0,1,-2.52977154591995,0.831750622057117,-0.183606116453805,0,0,0
471,-202.126122697951,0.00792649297602564,1.05573780347622,0.0550248022718132,0.00188797409103927,-0.0222337068228606,-202.025482268103,0.131469199287012,0.844758555254437,0.0452154341986987,-0.0199410243902464,-0.00247392274571573,-200,0,0,0,0,0,1,1,-0.470578883663149,1.73116404045062,-1.4421248359373,0,0,0
472,-202.07174369111,0.0106800582572408,1.032847339665,0.0537327381508421,0.00361915097540962,-0.0235466686517036,-202.078070918496,-0.114392053940445,1.08141867604076,0.0509700212104818,-0.000322455067633856,-0.0282446170691349,-200,0,0,0,0,0,1,1,-0.940860284056815,0.261029614644276,0.661624354831974,0,0,0
473,-202.018369040495,0.0144297118602536,1.00968388968951,0.0530170051161408,0.00388015129665147,-0.0227799332082754,-202.129491917263,-0.106289906279477,0.980276809929536,0.059999783337733,0.00996509193828428,-0.0354164916955512,-200,0,0,0,0,0,1,1,-1.74099449924756,-0.783929381269474,1.58109554969604,0,0,0
474,-201.965844012424,0.0179178714305672,0.987882301757223,0.0520340147409386,0.00309616218016692,-0.02082282865703,-201.930316406909,-0.0707334051420901,0.8668806694324,0.0431550871632983,-0.0106476307734121,-0.0261918588847555,-200,0,0,0,0,0,1,1,-0.454875902510897,1.20622988762539,0.88542454961075,0,0,0
475,-201.913897391052,0.0216171401140196,0.96742822776053,0.0518596553218103,0.00430236913477831,-0.0200852569791368,-201.95936026516,0.0106721469745599,1.03139334514298,0.0432463361051794,0.00402027167750983,-0.0263968861971706,-200,0,0,0,0,0,1,1,-0.40591308019879,-0.423371461700103,0.576901929431097,0,0,0
476,-201.862175451662,0.0257078183260366,0.947564470028042,0.0515845198883138,0.00387898051767787,-0.019642153866863,-201.853700821118,-0.0197312236071057,0.824701629950512,0.0450954872670316,0.0233131990434411,-0.00792922298730899,-200,0,0,0,0,0,1,1,-0.802147084466545,-2.2918574571299,-0.856480961170125,0,0,0
477,-201.811242542673,0.0284408713097835,0.9276075592686,0.0502811238458464,0.0015871201153406,-0.0202711132175586,-201.926574491897,0.260155182599452,1.06388617876053,0.063935349961109,0.00167337805410878,-0.0253434845590351,-200,0,0,0,0,0,1,1,-2.54038601231636,-0.687648170609783,0.406576098382444,0,0,0
478,-201.762077506634,0.0296841414636803,0.907992370294565,0.0480496226835515,0.000899414253309179,-0.0189583061102548,-201.600832923869,0.117443572764089,0.933865874908795,0.0237027298676828,0.00963199678579417,-0.0212596135989255,-200,0,0,0,0,0,1,1,0.831392860970702,-1.19808682410759,0.258229610074958,0,0,0
479,-201.713695173943,0.0299845215120993,0.888824196982281,0.0487149589760132,-0.000298659757520291,-0.0193783475604517,-201.745996324091,0.0914983203902008,1.04684379443398,0.0465591117555544,0.0105079956669844,-0.0210932824013745,-200,0,0,0,0,0,1,1,-1.16391852737371,-1.23379620747884,0.0156406512694907,0,0,0
480,-201.665582312146,0.0290689543967552,0.869604708372672,0.0475110024814602,-0.00153247975328068,-0.0190601228100501,-201.846939274055,0.00932835702775735,0.92361252495454,0.0570128778156857,-0.0091514943412888,-0.0335987404232103,-200,0,0,0,0,0,1,1,-2.00740923345797,0.896492720073365,1.51264899241195,0,0,0
481,-201.618685251099,0.027984691625123,0.851564051402522,0.046284109054693,-0.00063605109269808,-0.0170206727489756,-201.70139842099,-0.15812890958865,1.00691641188573,0.0391076741046642,-0.00980820686885966,-0.022693606026402,-200,0,0,0,0,0,1,1,-0.507970568486785,1.29707850606327,0.255527778868728,0,0,0
482,-201.572654960895,0.0279971759703038,0.834653581036611,0.0457766656841495,0.00066101317255791,-0.0168000622560001,-201.501220186268,0.138122218382318,0.858552408740825,0.0469327430820497,0.0029315770223225,-0.0124742116427826,-200,0,0,0,0,0,1,1,-1.69083393566823,-0.569402138996886,-0.469683653203391,0,0,0
483,-201.527824405262,0.0283734772225448,0.817929821796323,0.0438846107553312,9.15841145296455E-05,-0.0166466466400199,-201.533743325828,0.0147922574388421,0.681116849408515,0.0607049397011074,-0.00593543985118863,0.00173565313892596,-200,0,0,0,0,0,1,1,-3.00300731845474,0.563959470241179,-1.53579901270963,0,0,0
484,-201.485716921155,0.0287470254758773,0.801209592893294,0.0403303907679585,0.000655506661384382,-0.0167922804962701,-201.363242315941,0.0241580442142241,0.884453417224906,0.0362754499843541,-0.0045545272046705,-0.0179717336848403,-200,0,0,0,0,0,1,1,-0.901060366553423,0.407136632038602,0.0282665340342156,0,0,0
485,-201.445865954966,0.029606093962161,0.784528172014189,0.0393717358019552,0.00106262462951714,-0.0165701599266539,-201.43175549277,-0.113885852051403,0.469474333088659,0.0408535042869366,-0.00317652384498912,-0.032828875374478,-200,0,0,0,0,0,1,1,-1.22183944315381,0.545424088601717,2.34393887127048,0,0,0
486,-201.406555604594,0.0309414038467176,0.769161876908449,0.0392501059503548,0.00160798765399849,-0.0141623939642742,-201.400452235187,0.0358744016698246,0.663119834411141,0.0414391658063883,0.0126460798954551,-0.00292066478139061,-200,0,0,0,0,0,1,1,-1.34301211026408,-1.33635679288516,-1.03417319068322,0,0,0
487,-201.368231813424,0.0318812104165507,0.754753421823978,0.0373973566530768,0.000271619733472524,-0.0146537280317276,-201.325809774776,0.0787915464663383,0.73938431589727,0.0287781551113702,-0.00773235812415362,-0.0171874773410889,-200,0,0,0,0,0,1,1,-0.22619596158413,0.615652719482686,0.23997910231435,0,0,0
488,-201.330964331146,0.0324606554169501,0.740143733757707,0.0371377399020374,0.000887264156468957,-0.0145655524796418,-201.300875554531,0.026427337728849,0.594427620141871,0.0474368921332296,-0.00642881337374211,-0.0036797150612323,-200,0,0,0,0,0,1,1,-2.14193810426149,0.590026661916513,-0.820883734160512,0,0,0
489,-201.295051003797,0.0336429208013004,0.725622221012669,0.0346890450227458,0.00147726022283074,-0.0144764289055922,-201.230098680585,0.00870487943966484,0.927873136739033,0.0383358149979382,0.00443700937182917,-0.0133571996639955,-200,0,0,0,0,0,1,1,-1.37338413862455,-0.461110696062247,-0.520026307078513,0,0,0
490,-201.261176958319,0.0348896178217356,0.711138144060055,0.0330591320959698,0.00101612980621281,-0.0144910370111821,-201.293120886106,0.0133556383660763,0.661618630028522,0.0388940221068254,-0.00296094071265669,-0.0185629635068729,-200,0,0,0,0,0,1,1,-1.30316043847087,0.269382794533517,0.533059090630249,0,0,0
491,-201.228646127733,0.0360404244139772,0.697084734393115,0.0320029995328976,0.0012854779780292,-0.0136153426050195,-201.11807136013,0.096738192994664,0.699013947787394,0.030129542841873,-0.0154486184744712,-0.0300874390660087,-200,0,0,0,0,0,1,1,-0.776811563926638,1.35138546145779,1.61071601102608,0,0,0
492,-201.19667796549,0.0380015779759713,0.684251090549791,0.0319340908484107,0.00263682275068725,-0.0120519326214638,-201.323617577909,0.151228200031493,0.539579039821053,0.0158463507704186,0.00643392237786773,-0.0192286689355267,-200,0,0,0,0,0,1,1,1.062600078777,-0.94584863784976,0.843708813910561,0,0,0
493,-201.164160110459,0.0401654830258084,0.67219785335243,0.0331017077597545,0.00169098252638225,-0.0120550624447117,-201.028267203079,0.178605017523761,0.693233043293046,0.0387709352865236,0.0029081765315996,-0.0229874415288286,-200,0,0,0,0,0,1,1,-1.82055912249425,-0.648027688207481,0.912278066296767,0,0,0
494,-201.131715930464,0.0415324288218464,0.660873329702909,0.0317873714403465,0.00104290386985061,-0.0105934343847577,-201.23855896123,0.11331960302867,0.595727588923804,0.0334862499768359,0.00653111692835167,0.00768062974222759,-200,0,0,0,0,0,1,1,-0.871507075223853,-0.879750898892507,-1.95951815207037,0,0,0
495,-201.100871717249,0.0421354665735164,0.64952744479256,0.0299004934456876,0.0001631657255077,-0.0120975409951252,-200.949173901522,0.11538398432464,0.668545690933392,0.0323983307820717,0.00198866565041024,-0.010931967973762,-200,0,0,0,0,0,1,1,-1.34148527516251,-0.429634533690304,-0.243894584490588,0,0,0
496,-201.071701084122,0.0420838051982784,0.637542892629087,0.0284409572197234,-0.000266492155516317,-0.0118709514025518,-201.022919066894,-0.0964079372688034,0.675159210316017,0.0233196023897952,0.00136817656752775,-0.00601077749562344,-200,0,0,0,0,0,1,1,-0.286122105192281,0.0559982177848317,-0.74924067106969,0,0,0
497,-201.04365338416,0.0418453175502457,0.625307852572606,0.0276542180917109,-0.000210488101264285,-0.0125988069457638,-201.159072935697,0.00236302572012329,0.63554385506961,0.0188782880325673,0.010543939517894,-0.00942824836428532,-200,0,0,0,0,0,1,1,0.430317068136579,-1.05912000322965,-0.328262873710688,0,0,0
498,-201.015977677268,0.0411052786796509,0.612353397087679,0.0276969778658726,-0.00126959430852064,-0.0133101379607305,-200.878528009392,-0.0291453472574097,0.770772438040898,0.0238303664351842,-0.0100144119467356,-0.00918239056041641,-200,0,0,0,0,0,1,1,-0.62598062473397,1.05973188918838,-0.623305820040156,0,0,0
499,-200.988792300222,0.0403655516781617,0.598818787655566,0.0266736722300798,-0.000209865416129524,-0.0137586592521755,-201.015390571009,0.0231704096741761,0.607482461948681,0.0505538563814695,-0.00807847327523618,-0.00417548087569842,-200,0,0,0,0,0,1,1,-3.02460449612902,0.761506508175265,-0.797416836327519,0,0,0
500,-200.963717203452,0.0405364184138805,0.585351793788534,0.0234768600628435,0.000551592279187601,-0.0131739767547036,-200.827781502307,0.209374576181571,0.676151913441655,0.000940513379973789,0.00202022098368856,-0.00677317268254562,-200,0,0,0,0,0,1,1,1.56151166661754,-0.620771250731999,-0.674986558628747,0,0,0
501,-200.939812974685,0.0407776486850307,0.571395772295158,0.0243310148245534,-6.91369184554425E-05,-0.0147384509712893,-200.850513575982,-0.0340699255508356,0.683513752060149,0.0151699185683505,-0.0032094376033967,-0.0214142393405235,-200,0,0,0,0,0,1,1,0.184035295128797,0.389083611441341,0.774396429932048,0,0,0
502,-200.915297212231,0.0409030521263834,0.556844459740892,0.0247007571775549,0.000319938405781906,-0.0143643519854973,-200.909104779194,0.0158211142123955,0.47046266143251,0.0238615668864498,0.00700712961242163,-0.0103020373056797,-200,0,0,0,0,0,1,1,-0.56794713025699,-0.732355189666954,0.0892784077029475,0,0,0
503,-200.89090719009,0.0408568087024084,0.542555011330485,0.0240794394744394,-0.000412429659137861,-0.0142142987486248,-200.836539182872,0.130528929546502,0.451478822427429,0.0291963638513598,-0.00152014003674066,-0.016570255038951,-200,0,0,0,0,0,1,1,-1.24655801939135,-0.109043855418939,0.754067859040245,0,0,0
504,-200.867268081339,0.0403898417442892,0.528873206987237,0.0231993202049491,-0.000521510421859373,-0.0131489523888443,-200.765896128702,0.110892942968682,0.500203907275701,0.0373995717412116,-0.0081866276374386,-0.00799017767713612,-200,0,0,0,0,0,1,1,-2.20816491671723,0.596876877806497,-0.201390046837789,0,0,0
505,-200.845161961384,0.0401667505916444,0.516081636560292,0.0210133131670424,7.53249163160142E-05,-0.0124332730812477,-200.896508684112,-0.0926396084052995,0.448740861465062,0.0108050307601283,0.00766233406685411,-0.00635459995809627,-200,0,0,0,0,0,1,1,0.712514292210615,-0.580954189874812,-0.262021727120498,0,0,0
506,-200.823988474022,0.0399516102107737,0.503256468451778,0.0213334119806324,-0.000505610800794452,-0.0132172178084807,-200.691127330744,-0.0266247640443378,0.501107015666448,0.0213730995807605,-0.0155006108958197,-0.00337819510559013,-200,0,0,0,0,0,1,1,-0.755055296588742,1.60331061767065,-0.664394520773883,0,0,0
507,-200.803232231563,0.040247654689083,0.489837607350059,0.0201789862791719,0.00109769484442851,-0.013620031705555,-200.778672139203,0.027144576883754,0.468923954009442,0.004679679075709,-0.0155427744699076,-0.0201573167429166,-200,0,0,0,0,0,1,1,1.08937637083452,1.49998829322325,1.07788376627278,0,0,0
508,-200.782396982533,0.042095349341339,0.476312928858706,0.0214916787056323,0.00259768845270657,-0.013429901578029,-200.913164038272,-0.00808358502563189,0.42612301330354,0.0124542423848725,-0.0113253201256941,-0.031471356156329,-200,0,0,0,0,0,1,1,0.580903838057465,1.14869918262067,2.29488958902582,0,0,0
509,-200.760165109309,0.0452673782698866,0.463630827964051,0.022972789310815,0.00374636379920312,-0.0119349451136243,-200.584187628792,0.0422422469540838,0.402419336545271,0.0169197625844638,0.00683193528348007,-9.45635749950192E-05,-200,0,0,0,0,0,1,1,-0.52360100086273,-0.767678022256175,-0.79538231559104,0,0,0
510,-200.737700654181,0.048629906456506,0.451379562017287,0.0219559367103042,0.00297868752198667,-0.0125671718490426,-200.642542882225,-0.0157565855881527,0.525503403488819,0.0154552342667533,-0.012030725735397,0.0100447372223322,-200,0,0,0,0,0,1,1,-0.260437662226124,1.234585744716,-2.05548052921086,0,0,0
511,-200.716455125149,0.0522259028183343,0.4378860555195,0.0205344209281277,0.00421329987346865,-0.0144192555782637,-200.815028134944,0.138476828935823,0.637665992668492,0.0173655954842393,0.00408515609402099,-0.00897640851685027,-200,0,0,0,0,0,1,1,-0.106503278536584,-0.685469267273746,-0.377691133651958,0,0,0
512,-200.696146024963,0.0560964726675752,0.423229460845128,0.0200836637546687,0.0035278343053244,-0.0148937619727707,-200.688108017084,-0.0431429329227705,0.328827304773935,0.00727597267940616,0.00989095880287533,-0.0150983477933561,-200,0,0,0,0,0,1,1,0.648618766227053,-0.902810014441992,0.852180169787734,0,0,0
513,-200.675652758081,0.0591729049784758,0.408441116142409,0.0209030439361262,0.0026250241917368,-0.0146832933278969,-200.664750253781,0.0114208259303826,0.531956624309212,0.0111463742186513,0.021980346331882,-0.00400389967688936,-200,0,0,0,0,0,1,1,0.214863085697593,-2.22087628504897,-0.663523280929487,0,0,0
514,-200.654908116271,0.0606875009111827,0.393316103331112,0.0205859513037893,0.000404162543408608,-0.0155666158904328,-200.765361816063,0.121859470228869,0.410532000609758,0.0135536298051806,0.00391590796391959,-0.0379021394376138,-200,0,0,0,0,0,1,1,0.175360651607501,-0.635309736849697,2.96914994254186,0,0,0
515,-200.633583889904,0.0607739900900579,0.378887337845751,0.0220635476130951,-0.000231189684676826,-0.0132915555577509,-200.572445275587,-0.0345737402324016,0.379139610028244,0.0236569578297274,0.0102845617420443,-0.0193196654302765,-200,0,0,0,0,0,1,1,-1.22080523179914,-0.95930869373963,1.17368732297116,0,0,0
516,-200.611834463849,0.0600631273442038,0.366308508175687,0.0214359920085875,-0.00119054126692381,-0.0118658522633663,-200.663103737497,-0.0427981410661682,0.324838721685501,0.0317886581708384,-0.00208134471777109,-0.0123798287119783,-200,0,0,0,0,0,1,1,-1.85265834209039,0.293730753909446,0.588305427826825,0,0,0
517,-200.591131036471,0.0590194311671634,0.355063064834042,0.0199714699868461,-0.00089685710992177,-0.0106244307706377,-200.655503541327,0.0135838046326729,0.356838792626972,0.0195985137792487,0.00910552973004067,-0.00359838563547852,-200,0,0,0,0,0,1,1,-0.648844295270997,-0.937720582269413,-0.353839021706092,0,0,0
518,-200.571609287052,0.0576537130183134,0.344350040982244,0.019072038261941,-0.00183458533307704,-0.0108012514730138,-200.684337746646,-0.0355600743874257,0.388375296392351,0.0225992411081574,0.00116783703893107,-0.00276494083871159,-200,0,0,0,0,0,1,1,-0.891248617523778,-0.045663555118256,-0.500256508913543,0,0,0
519,-200.553128537029,0.0557962936675242,0.333459558761561,0.0178894700890145,-0.00188025915551599,-0.0109792306350988,-200.528261772058,0.21037934442476,0.487512125380551,0.0226880426394224,-0.0235978043384614,-0.0183703898702186,-200,0,0,0,0,0,1,1,-1.21228071982706,1.93902174499662,0.862014736260758,0,0,0
520,-200.535623221167,0.0548855295947601,0.323061007709181,0.017121731610973,5.87247019239396E-05,-0.00981756439665113,-200.50278394379,0.126701185143916,0.37452147896624,0.00634993268854303,0.000192194735085241,-0.0238821416096006,-200,0,0,0,0,0,1,1,0.370574618724745,-0.272621843796357,1.63917120302758,0,0,0
521,-200.51800481951,0.0548079372098929,0.31375777170771,0.0181155832700618,-0.000213915061785579,-0.00878934147514474,-200.653223293538,0.0208013725246584,0.43404133614772,-0.000102934269679413,-0.011534248248294,-0.0207142697854308,-200,0,0,0,0,0,1,1,1.31674001404478,1.11182207978008,1.20334430624764,0,0,0
522,-200.499094559912,0.0551499390518854,0.305053234863468,0.0197050870938029,0.000897914986104702,-0.00862041436555402,-200.607397580367,0.043713308087101,0.275798481310278,0.00271311695057788,-0.0151715419222145,-0.0118333715067691,-200,0,0,0,0,0,1,1,0.943483465676169,1.42972757604725,0.631740188056352,0,0,0
523,-200.47890052439,0.0567627256281372,0.296364700344766,0.0206830064115369,0.00232765184822957,-0.00875707988574723,-200.413963332084,0.0196393769690532,0.310372992572372,0.0155756513070323,0.018502401364854,-0.0127005037255704,-200,0,0,0,0,0,1,1,-0.729638466536149,-1.8895188904235,0.649304387412301,0,0,0
524,-200.458443558115,0.0581456084981742,0.287972455442931,0.0202313138523701,0.000438108136532392,-0.00802723394342975,-200.510085124684,-0.0782574040156848,0.333554186305057,0.0275220591538357,-0.00688808672447136,-0.0101669030029632,-200,0,0,0,0,0,1,1,-1.73203566601473,0.845323480478505,0.349581927686202,0,0,0
525,-200.43894456978,0.0590063610650518,0.280437791859788,0.018767156185008,0.00128339116016934,-0.00704149369014742,-200.510232940383,0.0526604992666073,0.303632768299531,0.0277155742819645,0.0163597383744436,0.0015824029737264,-200,0,0,0,0,0,1,1,-1.75109154742962,-1.74129483597757,-0.765505833971702,0,0,0
526,-200.421201627962,0.0594190954819108,0.273416427428111,0.0167188239909905,-0.000457927224745485,-0.00700039292855587,-200.270160432546,-0.033301472960269,0.193986827284289,0.0250967623359331,-0.0128202092212578,-0.00066130352782777,-200,0,0,0,0,0,1,1,-1.96935536850166,1.34862386804632,-0.321843301785801,0,0,0
527,-200.405486843379,0.059635465955194,0.266685149796124,0.0147110487590792,0.000890661800673155,-0.00646133803604421,-200.240581585859,0.0495217835097925,0.164527928921934,0.0173691356043873,-0.00539301138213703,0.000830072519748925,-200,0,0,0,0,0,1,1,-1.25575038872104,0.440257571194118,-0.41206310981876,0,0,0
528,-200.391495773398,0.0607462496075051,0.260273645693409,0.0132712123855617,0.00133090036608739,-0.00636108127322238,-200.375722097749,-0.0420856829201635,0.191887874208847,0.0190772997959181,-0.00703049714184805,-0.0144424657267678,-200,0,0,0,0,0,1,1,-1.15628578409349,0.787221080025132,1.06047082425908,0,0,0
529,-200.378523323022,0.0624707440952578,0.254570330680804,0.0126743157176293,0.00211808161393147,-0.00504531344657339,-200.300920078453,0.0363988226658903,0.231888679120983,0.011098453727817,0.0010261731541855,-0.00800105201590726,-200,0,0,0,0,0,1,1,-0.508005215876373,-0.175414960750331,0.336327843348759,0,0,0
530,-200.366054159846,0.0645011120595924,0.249706246238365,0.0122642373032383,0.00194265115984708,-0.00468269510066699,-200.29580206989,-0.0121314182823741,0.0604234757067012,0.00185507667754077,0.00248846986908644,-0.00285028482867707,-200,0,0,0,0,0,1,1,0.40609647202567,-0.224584150343896,0.164181531454304,0,0,0
531,-200.353646975821,0.0663314773077079,0.244896056466033,0.0125501012126971,0.00171807267641187,-0.00493781764816567,-200.236330688019,0.105543897918342,0.143695788860033,0.0275500031972365,0.00271669555518693,-0.00837582555351642,-200,0,0,0,0,0,2,1,-2.28233894368526,-0.482757351355378,0.550190977631575,0,0,0
532,-200.342006069177,0.0678081465056143,0.240689043932847,0.0107323936789429,0.00123526063119103,-0.0034754676386915,-200.372756608433,0.112968663091738,0.327586952953406,0.0142870566609737,0.012323068592819,-0.0001666060852975,-30,0,0,0,0,0,0,2,339.316807550768,-1.45824418546537,-0.638513297377062,0,0,0
533,-200.186235470348,0.0683177240825703,0.149217778766607,0.300735871419767,-0.000216110472372786,-0.179587409397006,-200.258143386238,0.124869570417717,0.339989883011324,0.29817835300454,0.00248566416503152,-0.181031336438492,-30,0,0,0,0,0,0,2,310.698451472022,-0.498305557338587,17.4231538778266,0,0,0
534,-199.748255851153,0.0678554707816825,-0.103596030987895,0.575162923550194,-0.000708401876678216,-0.32615391188491,-199.762955529402,0.0241902815935912,-0.35801427652137,0.56696137976629,0.00521250527193188,-0.326305228636175,-30,0,0,0,0,0,0,2,282.829773082174,-0.56963109038037,33.3465514166603,0,0,0
535,-199.043826737005,0.0668648576495967,-0.489289498184077,0.833646407389422,-0.00127282942447564,-0.445339944350881,-199.11258860915,-0.0381575928400413,-0.583576577606004,0.834076857094557,-0.021479417647298,-0.464266942739763,-30,0,0,0,0,0,0,2,254.817491508843,2.22425695040989,47.5938474291883,0,0,0
536,-198.089341499408,0.0667063684259825,-0.981134642888371,1.07528613672261,0.000955843549387151,-0.538450126147622,-198.159215715503,0.00408663678500143,-1.23044441189302,1.0711911407961,0.00646950639797061,-0.525641044353895,-30,0,0,0,0,0,0,2,229.199317351396,-0.655123913367064,55.0249932591756,0,0,0
537,-196.902346934195,0.0673365446765655,-1.55656154662664,1.29867309845991,0.000304502262007768,-0.612495743316026,-196.920374153812,-0.0298553895310892,-1.42433016149958,1.30539181646286,-0.0287220634648408,-0.610420682272752,-30,0,0,0,0,0,0,2,203.301566661338,2.93191712554626,63.8907285502743,0,0,0
538,-195.50080998974,0.0691085698523338,-2.19578964135785,1.50437948483337,0.00323954071238256,-0.666045050381187,-195.479120597402,-0.0104242492287617,-2.29453715207627,1.50609665535222,0.00390247165246922,-0.66755432192028,-30,0,0,0,0,0,0,2,180.348575659582,-0.369398666789398,71.3445064961805,0,0,0
539,-193.901487416481,0.0721646844877348,-2.8796625719966,1.6942518165419,0.00287268352983737,-0.701778726569718,-193.921704788833,0.193210857144169,-2.71551265904818,1.69947263524474,0.0050506281971355,-0.714991833870802,-30,0,0,0,0,0,0,2,157.896146053191,-0.891484534001887,76.9302087051766,0,0,0
540,-192.120456866551,0.0745926290076656,-3.59126567509319,1.8678021257526,0.00198319973036416,-0.721498519032314,-192.229007530742,-0.0196815480416327,-3.59352621777241,1.87433525337804,0.00940274935656002,-0.739494065758787,-30,0,0,0,0,0,0,2,137.024489723679,-0.900911839572736,81.1364590114235,0,0,0
541,-190.173699588851,0.0761261320657896,-4.31555871791575,2.02571112780247,0.00108380123438308,-0.727152032705878,-190.184092217215,0.216239257908573,-4.27264578911384,2.02066676356687,0.020575266830247,-0.708394180303932,-30,0,0,0,0,0,0,2,118.301508077742,-2.49000519884185,79.3847096086208,0,0,0
542,-188.077475169836,0.0759655143739599,-5.04155039921769,2.16673971675386,-0.00140504215309435,-0.724888725482771,-188.116536673403,0.177002954881228,-5.17762952869809,2.1630546999735,-0.0137351072966749,-0.732317117185517,-30,0,0,0,0,0,0,2,99.9276033494565,1.01950481990503,83.5869707759479,0,0,0
543,-185.846943353853,0.0750705890850454,-5.7588507222795,2.2943312459776,-0.000384812328240961,-0.709763677533939,-185.810582364745,0.00144030714947209,-5.81132345546917,2.2874415341675,0.00878080014609669,-0.726230430910257,-30,0,0,0,0,0,0,2,82.8770113127399,-0.880960628908613,84.2456900019641,0,0,0
544,-183.495885218975,0.0742454842748394,-6.45643123913504,2.4077961524122,-0.00126540303582859,-0.685443202778812,-183.364306280621,0.0935849555957595,-6.50632243384238,2.40290164059123,0.0129536508946877,-0.675768949866274,-30,0,0,0,0,0,0,2,66.4384485021193,-1.48253500066028,80.5895398543121,0,0,0
545,-181.039284208622,0.0722388642652509,-7.12706988391501,2.50541916235674,-0.00274784391346813,-0.655873335633476,-181.059886532707,0.0369436306916388,-7.03017763651168,2.5115180397918,0.00249669070828447,-0.64869785699332,-30,0,0,0,0,0,0,2,50.9679690862345,-0.323556332211724,78.9301409723554,0,0,0
546,-178.492036887262,0.0693291474485492,-7.76489607771171,2.58909143280408,-0.00307159330778451,-0.619812494779665,-178.494708123269,0.164914297416962,-7.84133783377584,2.6095625414966,0.00740840372954191,-0.620103536879753,-30,0,0,0,0,0,0,2,36.0331620968783,-1.07066896778812,77.693029355527,0,0,0
547,-175.867744380087,0.0657219846720315,-8.363357175999,2.65951223433996,-0.00414273823126447,-0.577137643178856,-175.916646225226,-0.0367309648486895,-8.25061507101548,2.67208078550507,-0.00573713515982142,-0.588176224686095,-30,0,0,0,0,0,0,2,24.625213899944,0.647175445679521,75.3188526106404,0,0,0
548,-173.178448300201,0.061902502064338,-8.91722975891517,2.71910012786228,-0.00349623267152994,-0.530630964118181,-173.176194736526,-0.0266879214756312,-8.99026254144221,2.71416016984137,-0.011431643618509,-0.520655564658149,-30,0,0,0,0,0,0,2,14.9363724889143,1.19654020480216,70.0460815486993,0,0,0
549,-170.435010010724,0.0590041500490885,-9.42434871692049,2.767796833615,-0.0023004765519858,-0.48362587988448,-170.313873589378,-0.0822088362117379,-9.42400961749094,2.76531260054708,-0.0039746435035063,-0.469210829254979,-30,0,0,0,0,0,0,2,4.09648712404874,0.561882022774105,65.7691021604797,0,0,0
550,-167.648545383806,0.056984148914858,-9.88347081335695,2.80515358657532,-0.00173953154933479,-0.434632560692916,-167.627230252239,0.167097321146475,-9.98982320182008,2.80380538560891,-0.0211986324828751,-0.437989719824671,-30,0,0,0,0,0,0,2,-5.12607805641403,1.78566860599456,63.7786183861073,0,0,0
551,-164.829100061855,0.0561369085319082,-10.2920468763554,2.83375945733073,4.50443691933546E-05,-0.382530199238116,-164.465064931594,-0.0346278106904008,-10.4619567973692,2.8421405926851,-0.000801897678824014,-0.401204349657073,-30,0,0,0,0,0,0,2,-15.2839294053227,0.149445389263203,61.0443485604457,0,0,0
552,-161.986013555768,0.0562560507872809,-10.6470210907949,2.85243713553552,0.000193234006991205,-0.327424787655841,-162.042535389125,0.0219536294214634,-10.580730215613,2.85392978071308,0.00240091778973388,-0.317864856599809,-30,0,0,0,0,0,0,2,-21.307907293058,-0.283999037816314,52.9479460912068,0,0,0
553,-159.128879486965,0.0563066619985371,-10.948743281004,2.86185303644667,-9.20170691297093E-05,-0.276022346186356,-158.999034582851,0.0701042404648997,-10.8856677503681,2.86000299500095,0.00900064367480588,-0.279533796478295,-30,0,0,0,0,0,0,2,-28.0022303343928,-1.04027284841039,49.7247151485657,0,0,0
554,-156.265955427206,0.055693842796853,-11.1986587689652,2.86401740374773,-0.00113362738323356,-0.223808412763284,-156.170892641284,0.0434613218154189,-11.4240125564683,2.87004410329807,-0.00416467993983322,-0.237634178903488,-30,0,0,0,0,0,0,2,-34.6626250472387,0.329545350352484,46.6114430032853,0,0,0
555,-153.404448112491,0.0547242789961205,-11.3959066002309,2.85901986829426,-0.000805505935395607,-0.170684109403569,-153.49267230628,-0.158337513860264,-11.3417670617482,2.86724746982576,0.0109813066295765,-0.181737940631786,-30,0,0,0,0,0,0,2,-39.7394023700168,-0.78145563523712,40.857328186675,0,0,0
556,-150.551551135962,0.0535273293047445,-11.541103988153,2.84679580888915,-0.00158839892841906,-0.119704582785752,-150.535364403448,0.187969675692643,-11.6365277996902,2.83482874652026,-0.00877118231165153,-0.113353228225038,-30,0,0,0,0,0,0,2,-42.4121458451291,0.501178879779867,34.6083784218842,0,0,0
557,-147.713609744519,0.0521888254054352,-11.6372341619435,2.8291071003522,-0.00108861456652361,-0.0725474631932252,-147.717573771041,0.0419888284475626,-11.656300888209,2.83810148304926,0.00705702011751282,-0.0687593607113823,-30,0,0,0,0,0,0,2,-48.375000762843,-0.789679668646407,30.1885378475563,0,0,0
558,-144.896997537169,0.0507046508063744,-11.6864590041392,2.8041371894458,-0.00187974081835203,-0.0258909724108616,-145.038305329622,0.103542258455155,-11.7387784228703,2.79125940150567,0.00915848591584648,-0.036482643768541,-30,0,0,0,0,0,0,2,-49.049329491324,-1.12293310849496,27.1258212225946,0,0,0
559,-142.106399275955,0.048262740064486,-11.6901075466606,2.77707828590636,-0.00300408665683549,0.0186059736625214,-142.096725899982,0.0238406799416115,-11.6788311797058,2.79522832167549,0.00662661210980382,0.0215522727550692,-30,0,0,0,0,0,0,2,-55.3293803675858,-0.710342570863605,21.2024350839047,0,0,0
560,-139.347040746275,0.0449027612270211,-11.6500436741824,2.74165704373473,-0.00371587712932074,0.0615372261328568,-139.353130748273,0.215082133668103,-11.5683275733359,2.72977857597747,0.00401836281085285,0.0468868740744,-30,0,0,0,0,0,0,2,-54.2715961012008,-0.832000548421492,18.4479677392317,0,0,0
561,-136.623340337954,0.0407701961645627,-11.5684484234224,2.70576086283639,-0.00454926147156061,0.101668906258699,-136.520560543909,0.00585427283976979,-11.4591543704741,2.70007917639013,-0.0159684693891639,0.0923394471871832,-30,0,0,0,0,0,0,2,-56.9667965511955,1.58513839323685,13.68436402223,0,0,0
562,-133.937900193006,0.0370128245474667,-11.4479611653006,2.66513547151197,-0.00296548751355162,0.139323126011153,-133.955838595764,0.0462591184432438,-11.3802520785124,2.64649942335963,-0.000606900658845576,0.130701086391039,-30,0,0,0,0,0,0,2,-56.7382651444344,-0.03182817100193,9.69039551792086,0,0,0
563,-131.294014011131,0.0340307770420159,-11.2915127924927,2.62265152661557,-0.00299861356581305,0.173591861598625,-131.377223081862,-0.12832070130707,-11.3849404464048,2.60219623678101,-0.00743694002181384,0.169652090680339,-30,0,0,0,0,0,0,2,-57.4651775143759,1.00033540479552,5.80467182477559,0,0,0
564,-128.693919553464,0.0315317086603859,-11.1021831450219,2.57755086445603,-0.00199953049342417,0.205086702822677,-128.583221917574,0.205007743466241,-11.1186579527257,2.57961963271869,0.00122000461143482,0.199728810419055,-30,0,0,0,0,0,0,2,-60.7955194367214,-0.532015948075964,2.26443486354589,0,0,0
565,-126.141241792241,0.0292655409463206,-10.8818952074487,2.52781765886195,-0.00253281123656267,0.235510276069734,-126.201912308868,0.100925535636902,-10.8954910222896,2.54219938493795,0.0176170339799634,0.219754484421061,-30,0,0,0,0,0,0,2,-61.8161138760595,-1.96355446927014,-0.184466397527039,0,0,0
566,-123.639348368342,0.0257503311179717,-10.6318762861608,2.47598159071384,-0.00449761316911207,0.264549482577484,-123.793083842547,-0.197272875581264,-10.593395080232,2.47801720064252,-0.0103966523113365,0.259644196960488,-30,0,0,0,0,0,0,2,-60.2155523791587,1.43421098229617,-4.77762953558484,0,0,0
567,-121.189820553023,0.0219692544841687,-10.3551175010806,2.42308455580331,-0.00306454604562499,0.288990394136615,-121.189294098121,0.0555776785750729,-10.3166864565929,2.40799836337675,-0.00695620135737182,0.285373416397382,-30,0,0,0,0,0,0,2,-58.4212481414343,0.584464778587036,-7.9039687265524,0,0,0
568,-118.793248778666,0.0191964135802252,-10.0556510049329,2.37006808140243,-0.00248114035881394,0.309964914098242,-118.896436268781,0.0889687173237534,-10.0025166890824,2.36265796240637,0.00678864578461926,0.331425730357585,-30,0,0,0,0,0,0,2,-58.4729237030746,-0.856802013109433,-13.1375396575937,0,0,0
569,-116.451104647712,0.0162863852250715,-9.73732922349131,2.31422753688982,-0.00333892135126299,0.326702055843457,-116.379473089976,0.224598613149475,-9.65540065119353,2.29861111152692,0.00884799131761173,0.307120590508119,-30,0,0,0,0,0,0,2,-57.1021649727395,-1.33399635806012,-11.4012577484249,0,0,0
570,-114.163732429528,0.0122799790877138,-9.40184213719171,2.26052456460619,-0.00467389588218512,0.344294629658696,-114.235900719409,0.0393969219114067,-9.35539276620087,2.2839381896281,-0.00153384494278893,0.351814336623517,-30,0,0,0,0,0,0,2,-59.9220175239911,0.0745906504560793,-16.47064812995,0,0,0
571,-111.932600063928,0.00764290236309212,-9.0500586326213,2.20174676281056,-0.00460026183434048,0.359296880325133,-111.826724453184,-0.0116844272307143,-8.79842140759673,2.20276689007311,0.025246594889245,0.355578775769683,-30,0,0,0,0,0,0,2,-56.6232401009426,-2.50129063446307,-17.9610347617749,0,0,0
572,-109.759246023069,0.00179156463850055,-8.68472133099027,2.14496672647807,-0.0071024192338803,0.371401380996834,-109.805906162769,0.11189667635589,-8.71309918179873,2.14004456344485,-0.00250874665699423,0.364649239150472,-30,0,0,0,0,0,0,2,-54.392644018946,0.0270813129876427,-19.0387255514497,0,0,0
573,-107.642013189347,-0.00529771293160357,-8.30826749873668,2.08950353184707,-0.00707614285899268,0.381529371365873,-107.649896569372,-0.124484884411561,-8.16463879933806,2.08907274591271,-0.00572170967452282,0.36988951592921,-30,0,0,0,0,0,0,2,-53.6074814525267,0.821140736275405,-20.6596739942449,0,0,0
574,-105.580342046236,-0.0119636645212048,-7.9225099696294,2.03384266106365,-0.00625576605025168,0.390008812847026,-105.562121854297,-0.0493778176408017,-8.02341602303273,2.02168614164945,0.0090315748120897,0.391501129881746,-30,0,0,0,0,0,0,2,-51.0443704563519,-0.804401845927367,-23.1032809421092,0,0,0
575,-103.573912259792,-0.0186219655769162,-7.52992674665372,1.97901947620558,-0.00706084207799983,0.395180381516599,-103.730506248072,0.059462561654213,-7.46440653534758,1.9820400035783,-0.0146405207643307,0.385050389293399,-30,0,0,0,0,0,0,2,-50.7429878616855,1.34512695312465,-23.5762258586447,0,0,0
576,-101.622300838876,-0.0250105717060859,-7.13238412156949,1.92420573854847,-0.00571637588511631,0.399927570374077,-101.642259623625,0.13472916713896,-7.16273311113706,1.9338470534772,-0.0189005331867471,0.387605806640748,-30,0,0,0,0,0,0,2,-50.1001861004701,1.62059498439679,-24.4351144418007,0,0,0
577,-99.7254616984555,-0.0299169640595241,-6.73056154590361,1.86947452092607,-0.00409641533440198,0.403740204341158,-99.7082951678774,-0.0202010819364186,-6.80536814696175,1.87205725319343,-0.00980665406513359,0.420797727487573,-30,0,0,0,0,0,0,2,-47.7891349835886,1.0210675703862,-28.4690364548338,0,0,0
578,-97.8834848969436,-0.0335031052034269,-6.32717898684517,1.81447925344693,-0.0030758729050944,0.403047596095776,-97.913991420594,-0.119731155440106,-6.225654493534,1.8219087515588,-0.000464143249424518,0.393369234765822,-30,0,0,0,0,0,0,2,-46.3628923146917,0.285876635822663,-26.8856144895142,0,0,0
579,-96.0954724189734,-0.036436297516911,-5.92414967129309,1.76154612455935,-0.00279051711599205,0.403032856166616,-96.1873679246179,-0.0426640473160587,-5.88826377744087,1.76551034138774,-0.012695303756873,0.39273093813938,-30,0,0,0,0,0,0,2,-44.176298289538,1.35485847031941,-27.4965662590562,0,0,0
580,-94.3596454108226,-0.0385496157541288,-5.52192496856641,1.71010767040584,-0.00143612578820464,0.401437735307437,-94.5365854859057,-0.0427153908472609,-5.56603322305036,1.71218529027502,0.00633630696246185,0.39349777904816,-30,0,0,0,0,0,0,2,-42.145358055691,-0.548199914551663,-28.2177114587153,0,0,0
581,-92.6746070895589,-0.0402600460577053,-5.12209106773749,1.6599681057588,-0.00198474059029377,0.39825069670993,-92.7335393788823,0.219829407806748,-5.11858112993139,1.67175853357989,-0.0104469818168959,0.402402232677817,-30,0,0,0,0,0,0,2,-41.7087746002244,0.605039366076098,-30.0030610079189,0,0,0
582,-91.0400196238751,-0.041942453714879,-4.72624791019652,1.60920531079325,-0.00138007958779409,0.393456451400517,-91.0501025071155,-0.0693785120642619,-4.51890202876101,1.60932756929802,-0.000587289324270507,0.381772143232747,-30,0,0,0,0,0,0,2,-38.8325519155716,0.197485956555575,-29.1394102657527,0,0,0
583,-89.4547612677602,-0.0432239540749841,-4.33556808865875,1.56130958200177,-0.00118292721651062,0.387922849606481,-89.5037301475574,0.0978475601769544,-4.37313367255312,1.55492072371973,-0.00107337226841509,0.378975725477413,-30,0,0,0,0,0,0,2,-36.4846120768581,-0.0883578935123999,-29.151305202635,0,0,0
584,-87.9164279489728,-0.0444512002333638,-3.95101518685516,1.51535475702431,-0.00127157101715702,0.381201806765793,-88.0279308380758,-0.252652610992445,-4.0787463502381,1.51549186092145,-0.00855340445272474,0.383628859525826,-30,0,0,0,0,0,0,2,-35.493324415993,1.36064566725736,-30.2053932521064,0,0,0
585,-86.4239339878117,-0.0450425703148792,-3.57383985630528,1.46963033975557,8.88251345669796E-05,0.373167576813231,-86.3209005319374,0.0316480442404199,-3.44694913662588,1.47192516042923,-0.00524589828408375,0.389194624216987,-30,0,0,0,0,0,0,2,-34.5507149790476,0.461293739927535,-32.025564148447,0,0,0
586,-84.9772830928257,-0.0447231973698714,-3.20566157031153,1.42366786058272,0.000549916656000425,0.363207768178615,-85.0386181355254,0.0827260186875473,-2.99871297310254,1.4331278278828,0.00451607731164325,0.364717607012683,-30,0,0,0,0,0,0,2,-33.2355465172296,-0.617059768539419,-30.4743347550632,0,0,0
587,-83.5756284936314,-0.0444819080250713,-2.84710462598819,1.37963800538543,-6.73427869654754E-05,0.353924094510524,-83.6766039601746,0.0512787567133279,-3.03299261104846,1.39638951133315,-0.00563420144986686,0.338243956148536,-30,0,0,0,0,0,0,2,-32.2857432129654,0.46086263156003,-27.7584103927567,0,0,0
588,-82.2168660530179,-0.0443189282850001,-2.49691000478675,1.33788425931088,0.000393297263895301,0.346482190089135,-82.1676380498624,-0.128872648371718,-2.42914191154006,1.33192047708893,0.0167073441947506,0.355075608400289,-30,0,0,0,0,0,0,2,-28.8567716091681,-1.41298912273163,-30.6492770169488,0,0,0
589,-80.8992402737956,-0.0446321778072056,-2.15625986664143,1.29736302885101,-0.00101980024993921,0.334834609874413,-80.884631543136,-0.144663298731189,-2.17111414688481,1.27733354548438,-0.0114141931672415,0.328894522355492,-30,0,0,0,0,0,0,2,-25.964091462166,1.43074591418652,-28.5472239417796,0,0,0
590,-79.6203620374045,-0.0449366430638922,-1.82713678801316,1.26038926109941,0.000410863182191885,0.323426646391446,-79.6680984828264,-0.128846378662971,-1.80253853986555,1.26120014838152,-0.00426837737536597,0.306999670104842,-30,0,0,0,0,0,0,2,-26.7838178724997,0.684530494862538,-27.0948899307531,0,0,0
591,-78.3784070592161,-0.0441835725738825,-1.50854494517518,1.22351719498326,0.00109527209472647,0.313772064378937,-78.3685070928123,0.00551766553148473,-1.59802416921446,1.22883505037762,0.0104758819858989,0.318383391035306,-30,0,0,0,0,0,0,2,-26.1464908521372,-1.05862352965286,-28.6422907651017,0,0,0
592,-77.1735005111445,-0.0436176524195112,-1.20038279915049,1.18629179224601,3.65638670726244E-05,0.302567355076176,-76.9699878006594,-0.119229427692555,-1.43728182563062,1.18087115949101,0.00266593913848669,0.325433967171268,-30,0,0,0,0,0,0,2,-24.147140347782,-0.0281350584635586,-29.6688330658655,0,0,0
593,-76.0052876082857,-0.043595167021294,-0.904363244144287,1.15012916787683,8.40046800011046E-06,0.289486433068149,-76.052677779486,-0.131019641621493,-0.926037041692491,1.14651980490054,0.00416314063107464,0.292990489524361,-30,0,0,0,0,0,0,2,-22.5466249310816,-0.154274779864479,-27.4469748690511,0,0,0
594,-74.8719679123134,-0.0436639158453653,-0.620905076915777,1.11650578337491,-0.000145904733430028,0.277443557373678,-74.9330773120252,-0.0798956911898329,-0.489129897603159,1.1282519430102,0.000519135369565739,0.27798842859318,-30,0,0,0,0,0,0,2,-22.9590396769691,0.107877845423092,-26.8205830641117,0,0,0
595,-73.7722810119635,-0.0437559024210895,-0.349073867729284,1.08286389880556,-3.80753604420894E-05,0.266232490833134,-73.6871547985405,-0.10604665155061,-0.377057515903867,1.08594668607643,-0.0212960459828989,0.2621222587436,-30,0,0,0,0,0,0,2,-21.2203590105622,2.34169790139111,-25.4581108425522,0,0,0
596,-72.7051466782316,-0.0426231428432132,-0.0883341685907043,1.05140073993409,0.00230358810779323,0.255259661803971,-72.5195398807448,-0.035852681925009,0.0161494863200437,1.04882538162925,-0.0199433359551391,0.259200180006588,-30,0,0,0,0,0,0,2,-19.8434584014356,2.06603895936392,-25.9523169732989,0,0,0
597,-71.6690554406888,-0.0392865321447673,0.160880776344178,1.02077727607427,0.00436962814407208,0.243182625863218,-71.7427275927163,0.00168287735270699,0.0187303964556175,1.01426961696575,-0.0195614208167499,0.253384092613562,-30,0,0,0,0,0,0,2,-17.9415065111426,1.95277632696958,-25.3758700542674,0,0,0
598,-70.6626519031316,-0.0339404975474089,0.397761566750798,0.992025141512617,0.00632243507742739,0.230590596883412,-70.5740139057963,0.119796428321354,0.556761760357565,1.0103365972732,0.0187694648781129,0.247341695573294,-30,0,0,0,0,0,0,2,-19.8856319157274,-2.116539344454,-25.8476930780445,0,0,0
599,-69.6859514213898,-0.0286763302148735,0.622435355381381,0.961371461797549,0.00420589433898653,0.218769333378091,-69.7526228596858,0.037157084451634,0.633892764915619,0.957068261952388,-0.0107265918124364,0.203091399639927,-30,0,0,0,0,0,0,2,-16.2015804758672,0.998345012340371,-21.5769254938239,0,0,0
600,-68.7371942095195,-0.0239712572252555,0.836056805723295,0.936139198568422,0.00520424623859141,0.208483791794422,-68.6926511762273,0.133289969524485,0.861143416981292,0.934933154107544,0.0183850179061544,0.196401788616998,-30,0,0,0,0,0,0,2,-16.1080130582997,-2.10508172966441,-21.3624656956624,0,0,0
601,-67.8135815308614,-0.019819546684428,1.03948569130306,0.911082465884044,0.00309916996721015,0.198384111974916,-67.9491627034017,0.0104052501265625,1.17835336744424,0.915245228425061,-0.00483141707797733,0.202504530638592,-30,0,0,0,0,0,0,2,-15.6261974357027,0.462331207544608,-22.6071597987476,0,0,0
602,-66.9151879605967,-0.0164891913773698,1.23219534467806,0.88570050343044,0.00356153567491493,0.187045429694662,-66.9537374638536,0.0622081509165515,1.37399647140546,0.885807551180972,0.00234345139683572,0.190149914516718,-30,0,0,0,0,0,0,2,-14.67328019039,-0.358761441516675,-21.7629843944828,0,0,0
603,-66.0415573702621,-0.013107013250549,1.41367707281257,0.861556594087953,0.00320281492354763,0.175927762089212,-65.9987018494593,-0.072328518421899,1.26596560337503,0.87869778654248,0.0178346849254231,0.175296775737411,-30,0,0,0,0,0,0,2,-15.8723749553294,-1.63881145569851,-20.0616087804912,0,0,0
604,-65.1920978313993,-0.0107236075226471,1.58511093383947,0.837359223123876,0.00156399352291687,0.166949684993752,-65.3101497696542,0.134628454312894,1.76823070020813,0.828392524788927,0.00199730321546347,0.166691980447344,-30,0,0,0,0,0,0,2,-12.2189529395844,-0.468987230172135,-20.2056594451507,0,0,0
605,-64.3653788461825,-0.009394071806015,1.7465044853992,0.816074668450612,0.00109507247561299,0.155846001756481,-64.4064645948272,0.0133637713276529,1.75822115366664,0.814061891772923,0.00526265128254251,0.169627724899539,-30,0,0,0,0,0,0,2,-12.5932599876379,-0.552992670909557,-20.4792147972871,0,0,0
606,-63.5601883339613,-0.00857546151417418,1.89681314857454,0.794302293200551,0.000542142661126124,0.144780076178075,-63.573823624595,0.0342074276561877,1.97281696418761,0.804822207150857,0.000178947405555242,0.145012054882306,-30,0,0,0,0,0,0,2,-13.3345734658958,-0.0863095958678996,-18.4468394166058,0,0,0
607,-62.7765125017939,-0.00807646256322965,2.03712960987398,0.773046135562117,0.000455849410189581,0.135861378487767,-62.9101543344936,-0.115402849477028,2.06812079490144,0.792669313171138,-0.00552660150707888,0.147839715712149,-30,0,0,0,0,0,0,2,-13.4466226481267,0.783465849661945,-18.9202131610178,0,0,0
608,-62.0142828380809,-0.00722886672918139,2.16838974050484,0.7514098526457,0.00123933667466524,0.126667540953481,-61.9892768341247,0.0408797541758732,2.23199607650139,0.733428660987443,0.0146611948468097,0.134161137495955,-30,0,0,0,0,0,0,2,-9.36431243049496,-1.54787899303272,-17.8801059025983,0,0,0
609,-61.2717236691947,-0.00676342291108468,2.28975186103916,0.733704604883217,-0.000308454460466064,0.116063829719364,-61.1719010010727,0.0335371794666871,2.38069818782,0.730602369112534,-0.00383101761986724,0.128663683664314,-30,0,0,0,0,0,0,2,-10.7164349091081,0.31602740305335,-17.6277647420714,0,0,0
610,-60.5473660663614,-0.00691383267479307,2.40101958562544,0.715007114454392,7.62954094530228E-06,0.106479112480165,-60.5475959459028,-0.081875425961158,2.37996554103747,0.704804617077303,0.0011231802346432,0.1234206869758,-30,0,0,0,0,0,0,2,-9.38526981592464,0.0514328284579962,-17.101999779655,0,0,0
611,-59.8410194327694,-0.00688044663781288,2.50256273894524,0.697682560541095,5.91377424267143E-05,0.0966141461326608,-59.6808466965084,-0.0670109320177974,2.6136400976216,0.706539685470705,-0.00259780115264943,0.0966874636128012,-30,0,0,0,0,0,0,2,-11.2922751540538,0.393801979300538,-14.8960265565233,0,0,0
612,-59.1521639647708,-0.00662440394796603,2.59571141218664,0.680025909854234,0.000452942310685745,0.089690259040978,-59.299290231179,-0.062231821405346,2.54714540225118,0.671985615925184,-0.00528343870320333,0.0977272281943241,-30,0,0,0,0,0,0,2,-8.59998113016037,0.652807513131025,-14.8670136239348,0,0,0
613,-58.4798582072821,-0.00584502683029905,2.681201987756,0.664582577863085,0.00110580641689309,0.0812970880489315,-58.7180500420555,-0.0935863317527199,2.80877517453715,0.648714507450727,0.00378625595536249,0.0806459832741434,-30,0,0,0,0,0,0,2,-7.43535066096169,-0.191452932030809,-13.6821486764886,0,0,0
614,-57.8221885848525,-0.00483491319227546,2.75847219395875,0.650753772741149,0.000914415260256393,0.0732488905171408,-57.8519713661891,-0.0657512110985852,2.78652500883252,0.628217504953548,0.00346047145725419,0.0774305010237908,-30,0,0,0,0,0,0,2,-7.11780776297658,-0.214544723528249,-13.3161001200441,0,0,0
615,-57.1781215671448,-0.00402773593490099,2.82777041809159,0.637377429437467,0.000699933063565251,0.0653529383332671,-57.1197029982028,0.00229645877342938,2.96064764030069,0.637947613023915,-0.00889755646362481,0.0423914737365255,-30,0,0,0,0,0,0,2,-9.55535530598583,0.885162728815622,-10.1604426542539,0,0,0
616,-56.5475368689898,-0.00288523638657518,2.89118018217983,0.623790663885621,0.00158506007969566,0.0614720372504824,-56.6590374768327,-0.0673811736753873,3.02625640339642,0.609063170386411,-0.00108350834738177,0.0754574160867684,-30,0,0,0,0,0,0,2,-7.58824208497582,0.243113182088952,-13.5982544154697,0,0,0
617,-55.9307204874932,-0.00117858767267294,2.94875294604935,0.60983930666014,0.00182823064720778,0.0536790657473053,-56.0111653655816,-0.0479766119519882,2.92543305510955,0.608053833962116,-0.0124250444602647,0.0541940577257679,-30,0,0,0,0,0,0,2,-8.78305266504831,1.33845766993044,-11.2702718827959,0,0,0
618,-55.3276862766851,0.00131887312539601,2.99984570574006,0.596227325935893,0.00316668543720084,0.0485118900713749,-55.3402239085987,-0.0581379248065375,2.85821321534024,0.592778772415023,0.00110293649413523,0.0415842584892721,-30,0,0,0,0,0,0,2,-8.59742942430481,0.0059822001995517,-9.8748522796077,0,0,0
619,-54.7377930842382,0.0044885419968352,3.04630575913841,0.583557672490708,0.0031726468707035,0.0444132781351885,-54.7009355387962,-0.0339702003853867,2.97134964365889,0.574236042815783,0.0095703613702811,0.0477608852365926,-30,0,0,0,0,0,0,2,-8.0217332039858,-0.889095736257337,-10.718787810977,0,0,0
620,-54.1605804286699,0.00721664589121643,3.08817161320797,0.570865875262457,0.0022835551017111,0.0393234886246217,-54.2889885735363,-0.131537565307296,2.99433127266538,0.574347694356954,0.0409118351743818,0.0480669649141262,-30,0,0,0,0,0,0,2,-8.85679228862272,-3.82810838682359,-10.7953590367434,0,0,0
621,-53.5964284627972,0.00758614371390343,3.12517155997258,0.557436462641246,-0.00154456502341385,0.0346817303908044,-53.6002820972205,-0.216910596920639,3.06386467422461,0.562005958691823,0.0058023255174594,0.039597664530491,-30,0,0,0,0,0,0,2,-9.00003167474136,-0.146411357904662,-10.0874958014983,0,0,0
622,-53.0455655369855,0.00596836303635456,3.1578764069062,0.544288055024877,-0.00169100199296035,0.0307331688877989,-53.0320254630801,0.0115408373417623,3.32288120412919,0.530979018276282,-0.0100303983263972,0.0322259249183775,-30,0,0,0,0,0,0,2,-7.03385090146797,0.979958157956195,-9.86835490009613,0,0,0
623,-52.5069884058281,0.00476734964250164,3.18617138692889,0.532864524046943,-0.000711033075732968,0.02586133555861,-52.4598165231998,0.03497153259751,3.09206718487442,0.535147400104005,-0.00945016988542464,0.0224115076540082,-30,0,0,0,0,0,0,2,-8.59510696400095,0.875073923347444,-8.42528513514966,0,0,0
624,-51.9800612941963,0.00449383339806162,3.21064784649049,0.520988813740647,0.000163997645872007,0.0230962857010135,-51.8707898372962,-0.039673197093845,3.16588293431513,0.521417889396103,0.00171415725597843,0.011069607479145,-30,0,0,0,0,0,0,2,-8.40020926501801,-0.0920693314101529,-7.43872661654475,0,0,0
625,-51.4646481366168,0.00461177208672042,3.23271979589395,0.509836886302905,7.18737578900783E-05,0.0210520354005569,-51.2180564091559,0.0322387480222111,3.37108140611988,0.50351579616355,-0.00221495416769162,0.0290669127237778,-30,0,0,0,0,0,0,2,-7.9154667980433,0.15701792072474,-9.64885408461754,0,0,0
626,-50.9608297899242,0.0047621518256042,3.25171892992003,0.497798413390053,0.000228881203059167,0.0169509759837624,-50.9964128108076,-0.0237069645063862,3.29962539057698,0.4875053442032,-0.00177325061924377,0.0344698074135457,-30,0,0,0,0,0,0,2,-6.75770879870471,0.224738990937149,-10.0462315225085,0,0,0
627,-50.4686969649755,0.00510341505994736,3.26613420093351,0.486465477805485,0.000453639297550055,0.0118840315064759,-50.5148174311488,-0.0239079519159819,3.16128004566381,0.479243045377304,-0.010398942409496,0.0109486492081575,-30,0,0,0,0,0,0,2,-6.89466967543282,1.08771014478156,-7.41742501214337,0,0,0
628,-49.9871967277345,0.00610090031326055,3.27660699206148,0.476534084684347,0.00154132500719348,0.00906548160761207,-50.0819132578757,0.080295825556413,3.24357618473629,0.466383751769977,0.00707497222868464,0.00308778752288566,-30,0,0,0,0,0,0,2,-6.4745486612463,-0.86808887398129,-6.79593112176115,0,0,0
629,-49.5152792693798,0.00720817107248576,3.28440433641276,0.467300027363403,0.000673210562044086,0.00653286768883847,-49.6310207837621,-0.128063860542,3.15143870851787,0.449113285432022,0.00904551028620623,0.0097436348038335,-30,0,0,0,0,0,0,2,-5.64928697567795,-0.648423307536623,-7.27724089741908,0,0,0
630,-49.052402005669,0.00755717194555546,3.28924454931718,0.458453374754551,2.47858345688689E-05,0.00315106550959578,-48.8712381294201,-0.0212159249430062,3.19845871823442,0.442963519150186,0.019917505631386,0.00642129343149804,-30,0,0,0,0,0,0,2,-6.55387565617847,-1.94931871325258,-7.03904677961865,0,0,0
631,-48.5986736285134,0.00660729026804558,3.29107322587385,0.449002532084515,-0.00192455628619005,0.000510011042787417,-48.5952800303628,-0.0695511664557141,3.41273874510711,0.431801767402018,0.00334167866150676,0.00209852601181997,-30,0,0,0,0,0,0,2,-5.98961667947623,-0.195065533239248,-7.03533009139622,0,0,0
632,-48.1541680823616,0.004585198149519,3.29010942088871,0.440007598935949,-0.00211963387156979,-0.00243407532148888,-48.0937373602001,-0.0150479710163651,3.3689312200532,0.442161382432694,-0.00511059308886074,-0.0216110484835922,-30,0,0,0,0,0,0,2,-8.02866352286919,0.541155250918804,-4.57675759174718,0,0,0
633,-47.7187732801603,0.00273609904980982,3.28780522424177,0.430782241953005,-0.00157857004336107,-0.00217069467116224,-47.7944516807899,-0.0946420403817276,3.34526327921157,0.429589186575362,-0.00566658811314256,0.000484287452193692,-30,0,0,0,0,0,0,2,-7.37001529595642,0.755942892077712,-6.7389553036425,0,0,0
634,-47.2929657867965,0.0015354809652844,3.2847048995709,0.420832186723854,-0.00082267171933968,-0.00402606742259196,-47.4150799337645,0.0816868854903514,3.27168028866904,0.407538862713421,-0.00180167637212092,-0.00769967384312631,-30,0,0,0,0,0,0,2,-5.92372640381308,0.0167938662313892,-5.77339319302545,0,0,0
635,-46.8762410408146,0.000721194455326935,3.27973089381676,0.412616732560059,-0.000805908142609138,-0.00591871354502331,-47.1060058940055,0.0235885805418505,3.21359922919172,0.425259408090553,-0.0013917601793259,0.0152032188452435,-30,0,0,0,0,0,0,2,-8.31392902104435,0.0919988568488894,-7.94752034290778,0,0,0
636,-46.4693384783483,-3.87338478399325E-05,3.2726897859163,0.401187688174083,-0.000713954203852865,-0.00815908138522454,-46.5899268458924,0.157560178448819,3.12827945658857,0.426808095639549,5.52124979399241E-05,-0.0146975269311346,-30,0,0,0,0,0,0,2,-9.50095587217012,-0.320641606691629,-4.78680622006367,0,0,0
637,-46.0734243625481,-0.000913065377241946,3.26505061304155,0.390641058123271,-0.00103471375134228,-0.00711518320916116,-45.8930874591654,0.259184359106948,3.16216471550719,0.397183135123481,-0.0016405309179585,-0.00637913906360069,-30,0,0,0,0,0,0,2,-7.93213859401727,-0.354315626418045,-5.68641552465432,0,0,0
638,-45.6876826682099,-0.00212497141305825,3.25764372027245,0.38084224074496,-0.00138910164156675,-0.00769480761983946,-45.6249814606078,-0.170193347347305,3.36483613004321,0.385557418972561,-0.00667580558092109,0.000583316256424684,-30,0,0,0,0,0,0,2,-7.30577897604051,1.00796725278672,-6.78800388572889,0,0,0
639,-45.3118090462702,-0.0030101079049254,3.24903876396515,0.370904449875078,-0.000381176898741892,-0.00951126355456509,-45.3411461537572,0.0279849179427946,3.5203653934534,0.376952623980595,0.019899126722957,-0.0108283392134623,-30,0,0,0,0,0,0,2,-7.01297009054506,-2.04588250818129,-5.95789686556057,0,0,0
640,-44.9455128257591,-0.00441424808774555,3.23887909854183,0.361687632508059,-0.00242710886413156,-0.0108045022409542,-45.037806951457,0.148209928220841,3.41794604756005,0.355320424159037,-0.00544652948761385,-0.011617534733088,-30,0,0,0,0,0,0,2,-5.45642851298968,0.248233092319703,-5.6741386218113,0,0,0
641,-44.5877212273867,-0.00671724838516129,3.2270947650192,0.353894957089854,-0.00217889815082675,-0.0127611348441888,-44.7854088135647,0.0149643080902745,3.10895223724751,0.358175922876385,-0.0158319287595457,-0.0278176335638842,-30,0,0,0,0,0,0,2,-6.24677466050911,1.55326425977402,-3.43614111810659,0,0,0
642,-44.2373860998017,-0.00811954809599415,3.21450046447896,0.346775536431135,-0.00062570695954172,-0.0124246948955851,-44.0448542720211,0.0604912201448592,3.21306605132138,0.367233210202282,-0.00154462909951175,-0.0117278680987193,-30,0,0,0,0,0,0,2,-8.63361247618604,0.0334804696614569,-5.25334529277084,0,0,0
643,-43.8956692517192,-0.00872855847428871,3.20221840922167,0.3366583804633,-0.000592319656269884,-0.0121355385540948,-43.7691598316006,0.0835215288757969,3.40039473829273,0.353807926201872,-0.0161135538043213,-0.0156701020590336,-30,0,0,0,0,0,0,2,-7.84247295698603,1.44431232268053,-5.2337792706821,0,0,0
644,-43.5637434630068,-0.0085987580223772,3.19001207267631,0.327193255417047,0.00085191520103332,-0.0122735078013717,-43.5909313926075,-0.275405710499935,3.28077801450792,0.330618550456274,-0.00632670138191783,-0.0186725400593841,-30,0,0,0,0,0,0,2,-5.87999226041232,1.18348155919165,-4.69430202307742,0,0,0
645,-43.2403310298825,-0.00715512212111327,3.17731799142526,0.319631407832345,0.00203535062208411,-0.0131117383302718,-43.2269637385517,0.00949978824556175,3.20653858095238,0.325504483621593,-0.00286463049101835,-0.0126936797841121,-30,0,0,0,0,0,0,2,-6.09652088505591,0.267463472610712,-5.14370918349355,0,0,0
646,-42.9247010607342,-0.00498605847069957,3.16367691166822,0.311628246336834,0.00230277054677107,-0.0141673468046851,-42.8872951422386,0.044441050465837,3.15719874931529,0.326257066464114,-0.00850685856217255,-0.0104128778613363,-30,0,0,0,0,0,0,2,-6.85111636193406,0.761803755285581,-5.27310971249695,0,0,0
647,-42.6174177452178,-0.00230241156029515,3.14916014191785,0.302938226118017,0.00306451749527083,-0.014862878577333,-42.4169912811974,0.138270142272979,3.01701889847218,0.297764326930837,0.021520371536635,-0.0207916646333651,-30,0,0,0,0,0,0,2,-4.94245013068878,-2.42857743820946,-3.95487133360785,0,0,0
648,-42.3176655422551,-0.000452199277361239,3.13392491097161,0.296566009339727,0.000635901418784646,-0.015605121645673,-42.2814440442697,-0.0741710338364047,3.17320444258052,0.299665770160496,0.00608546902757148,-0.00799151472623597,-30,0,0,0,0,0,0,2,-5.40368892751017,-0.460204835084339,-5.54725741253745,0,0,0
649,-42.024943262471,-4.64095633756788E-05,3.11744964666995,0.288878010423103,0.000175673306658136,-0.0173424678279745,-41.9647340561309,0.0625030485873502,3.04595344834888,0.289106612143084,-0.00855278775431386,-0.0089283367924196,-30,0,0,0,0,0,0,2,-4.98119310204662,0.730272678256685,-5.1990732174558,0,0,0
650,-41.7396372773379,0.00049439243534079,3.0992609242516,0.281733436822206,0.000905925857553221,-0.0190322452546994,-41.7211284176325,0.0955629837948453,2.97666667704794,0.304102503228953,-0.00603859019584034,-0.0252954499163754,-30,0,0,0,0,0,0,2,-6.96799348763035,0.412733051994343,-3.42378836245835,0,0,0
651,-41.4617507213598,0.00160664327066851,3.08069447994524,0.274040110841871,0.00131857106328274,-0.0180977192544663,-41.6061539657733,0.097063585992233,3.02721031731966,0.280972777405605,0.0135268434854454,-0.01055669482789,-30,0,0,0,0,0,0,2,-4.88496980901392,-1.54681152052901,-4.99875115185031,0,0,0
652,-41.1911856539576,0.00215180068767694,3.06181927784385,0.267089548669389,-0.000228261744275049,-0.0196500354315473,-41.174258204933,0.0986646522201307,3.20730097191133,0.280516062838515,0.00347350714407871,-0.0282488648537492,-30,0,0,0,0,0,0,2,-5.70308987398539,-0.544680018848132,-3.58971545844775,0,0,0
653,-40.9274828472461,0.00165117195543244,3.04220942288799,0.260316185960397,-0.000773001446988757,-0.0195670976461887,-41.1068908960831,-0.151075545815856,2.93786674737238,0.259428922777772,-0.0020685622262677,-0.0210374984367536,-30,0,0,0,0,0,0,2,-3.72911048561108,0.509007314258483,-3.77198365106941,0,0,0
654,-40.6698139208913,0.00113266854915633,3.02202982994279,0.255021309997368,-0.000264011065718994,-0.0207900571251209,-40.4862435258875,-0.094978524797651,2.971635626739,0.260094855817457,0.011231236404914,-0.0205768919669462,-30,0,0,0,0,0,0,2,-5.03699852997068,-0.933166590896094,-3.88558205678338,0,0,0
655,-40.418000112723,0.000402056591159269,3.0009771438306,0.248606203552277,-0.00119721928550151,-0.0213128778550081,-40.546480056434,0.150121594790502,2.89625411209021,0.25933236038202,0.00352323074451323,-0.03352232509475,-30,0,0,0,0,0,0,2,-4.84027592533387,-0.652566264032327,-2.44027571470541,0,0,0
656,-40.1720919834153,-0.00112147275165074,2.97993055377357,0.243210336775551,-0.00184984561193216,-0.0207782428353283,-39.9613921817801,0.109326550913173,2.91803295130376,0.254530844209063,-0.00896466031043552,-0.0229800987055766,-30,0,0,0,0,0,0,2,-5.53030005734607,0.677812929217206,-3.53805603204986,0,0,0
657,-39.9321832521426,-0.00263243891143475,2.95919017112633,0.236607235617351,-0.00117208967719825,-0.0207000289101889,-39.8726927920792,-0.155889323761202,3.01429282737523,0.258950599112541,-0.0191675026844931,-0.00667721574181302,-30,0,0,0,0,0,0,2,-6.14967432709577,2.22852891597171,-5.36086408056915,0,0,0
658,-39.6996700122483,-0.00269028229434837,2.937989468593,0.228418964726977,0.00105639798732335,-0.0216983095801403,-39.6298892006602,0.0372739419300264,3.11571746339976,0.229513508333202,0.00721922415958728,-0.0196791513624815,-30,0,0,0,0,0,0,2,-3.69157243199981,-0.796470299818781,-4.26351979055137,0,0,0
659,-39.4740326258738,-0.00203212071953163,2.91550470585863,0.222855317433944,0.000259919138335518,-0.0232691106428959,-39.2620030301211,0.111611617415673,3.02241335935799,0.241661487673204,-0.00424956975065269,-0.0163907994610102,-30,0,0,0,0,0,0,2,-5.64214270707826,0.201733740233922,-4.40574677261496,0,0,0
660,-39.2547843000907,-0.0016713537015318,2.89198212121859,0.215641229495383,0.000461607077355056,-0.0237733570201871,-39.2791299259334,-0.0095220700438886,2.8236552285173,0.215311707848995,0.0193011707200753,-0.0185316295754995,-30,0,0,0,0,0,0,2,-2.97291093303264,-1.91107293191976,-3.79414749948464,0,0,0
661,-39.0414984973645,-0.00216528106273988,2.86740880193771,0.210929874719043,-0.00144946714733248,-0.0253714933722282,-38.9687312052556,-0.0330444343243745,3.03809298331741,0.217321277865175,-0.00327117801795507,-0.0240404636998242,-30,0,0,0,0,0,0,2,-3.79466537600637,0.393206670444256,-3.67213959665241,0,0,0
662,-38.8332178167865,-0.00341815176313927,2.84153791050257,0.205631200786007,-0.00105628028203065,-0.0263682936401377,-39.0813085028465,0.0991005197416179,2.7936734484611,0.20065091564892,0.00322330634846423,-0.0334177566355954,-30,0,0,0,0,0,0,2,-1.90247455919904,-0.520531674329659,-2.24557123336266,0,0,0
663,-38.6290518126508,-0.00473469660856689,2.81467893064008,0.202700528644077,-0.00157681560999028,-0.0273485319423636,-38.8082749897417,0.0141925858493616,2.86391938500187,0.21920643822098,-0.0129842276914654,-0.00490963522215274,-30,0,0,0,0,0,0,2,-4.30409384261465,1.27003759744782,-5.23687524778846,0,0,0
664,-38.4296757999131,-0.00567649402252072,2.78636881024655,0.196050876921188,-0.000306783858350679,-0.0292692312259888,-38.6607652588805,0.158840360162445,2.82506274406015,0.185036714489926,0.00427381052473038,-0.0352062387628245,-30,0,0,0,0,0,0,2,-1.18214093123153,-0.745061772797928,-2.12950161183786,0,0,0
665,-38.2347697947677,-0.00635580117792875,2.75644817311907,0.193760736376276,-0.00105183651471895,-0.0305711473033405,-38.4740058444412,-0.0233044419597509,2.66520726214517,0.184321371612863,-0.00310807405033173,-0.0156245148839623,-30,0,0,0,0,0,0,2,-1.48412547240387,0.357416288952675,-3.76796303589411,0,0,0
666,-38.0427687888273,-0.00722891199399577,2.72466498273907,0.190240474421256,-0.000694391815818419,-0.032993896816939,-37.9064000648187,0.0538230339064027,2.62418261931619,0.183978974022537,-0.00679001190263316,-0.034111697278457,-30,0,0,0,0,0,0,2,-2.58509727261627,0.571355122450511,-1.83719551078668,0,0,0
667,-37.8541482035883,-0.00763763636098874,2.69156522389933,0.187000696440233,-0.00012306049219727,-0.0332043900968159,-37.8194725988089,-0.125308677787908,2.61175130863254,0.185644506472934,-0.0153029931345393,-0.0380928712087448,-30,0,0,0,0,0,0,2,-2.92550544967559,1.78091666902974,-1.4142154963906,0,0,0
668,-37.6687756425678,-0.00687025432036239,2.65853003284733,0.183744619910946,0.00165781893223752,-0.0328647562897169,-37.7296590451091,-0.0555143383594985,2.56492162220889,0.20011156889147,-0.00323193986644181,-0.0418605796295757,-30,0,0,0,0,0,0,2,-4.5518387989288,0.434222663363178,-0.943785281460211,0,0,0
669,-37.4871649089618,-0.00499536011512954,2.62651653875008,0.17947753157502,0.00209196416118572,-0.0311606345327031,-37.6398790910156,0.00949009978019612,2.72182153561198,0.190851834577503,-0.0147738863911587,-0.0257186105019775,-30,0,0,0,0,0,0,2,-3.80542527571912,1.45840843955547,-2.87178202102621,0,0,0
670,-37.310104265105,-0.00217420445777175,2.5952183293299,0.174643726781846,0.0035503401629158,-0.0314339868616988,-37.3822433239507,-0.00367846732186209,2.6230157691016,0.171364603967361,-0.00152257016046185,-0.0298414923744865,-30,0,0,0,0,0,0,2,-2.37197374883462,0.159613950689909,-2.26188230075456,0,0,0
671,-37.1371222810547,0.00145593842283654,2.56346156234951,0.171320078890932,0.00370994121151594,-0.0320782956126344,-37.2232601633972,0.00664525761219332,2.57543379443191,0.169596899433911,0.000889745046058894,-0.0166635780261543,-30,0,0,0,0,0,0,2,-2.51316961659668,-0.102265019830276,-3.48450978624838,0,0,0
672,-36.9678906748751,0.00511475183976367,2.53062038493926,0.167142655603757,0.00360767939400023,-0.0336025024522331,-36.9791734823682,0.0532234952765412,2.51068993022609,0.173701143999178,0.0102048440741993,-0.0324149042709563,-30,0,0,0,0,0,0,2,-3.41176743518137,-1.12693139797301,-1.77988943335654,0,0,0
673,-36.8026789434308,0.00815894758928608,2.49720993320308,0.163281011993541,0.00248070659277634,-0.0332169631028977,-36.8565984079878,-0.0339482419152538,2.49784550039283,0.168425753823263,-0.00464088142247822,-0.0306976210717555,-30,0,0,0,0,0,0,2,-3.12937856635064,0.531984626078329,-1.9259288936101,0,0,0
674,-36.6412602672669,0.0109056324017252,2.46404566809516,0.159556443807996,0.00301265779035006,-0.0331101797788885,-36.7897814995391,-0.116096735884939,2.41119028977968,0.173966544009725,0.0200212429194828,-0.0250289529462286,-30,0,0,0,0,0,0,2,-3.81709140189428,-1.7699308201784,-2.31948528493651,0,0,0
675,-36.4839585456482,0.0130333072377295,2.43104467950087,0.155047140518639,0.00124268573227263,-0.0328901341860293,-36.3751505303112,0.0352234124669857,2.30417394510753,0.168749380553573,-0.00504092400240046,-0.0415181720556589,-30,0,0,0,0,0,0,2,-4.12463699473496,0.433645575306074,-0.456530684649177,0,0,0
676,-36.3307218685554,0.0144927807306971,2.39910200309686,0.151426954398872,0.00167625496114897,-0.0309938734279863,-36.4356545911644,0.0431855608243966,2.41103232332207,0.145498630998259,-0.00345753016986014,-0.0178224255460397,-30,0,0,0,0,0,0,2,-1.67855391749709,0.25938189533722,-3.03982209204017,0,0,0
677,-36.1809178473195,0.0162987355824233,2.36729048169297,0.148180566712393,0.00193565003776485,-0.032627961855967,-36.193073179899,0.0237212027660398,2.2231789447217,0.153810770701571,0.00137388263586066,-0.0298935477078424,-30,0,0,0,0,0,0,2,-2.99493071035914,-0.184830669118145,-1.45700311865915,0,0,0
678,-36.034402201629,0.0181419542790005,2.33487703715559,0.144850937310533,0.00175078138479773,-0.0321976934598233,-36.1559373259176,-0.053685389294754,2.33542237898832,0.155287645738349,0.00828613501897905,-0.0342244860564772,-30,0,0,0,0,0,0,2,-3.21688992199966,-0.721242723308397,-1.24839615232892,0,0,0
679,-35.8912399906458,0.0195320940487686,2.30304788463592,0.141473806809977,0.00102949295425032,-0.0314593625326587,-35.8637470830469,0.138726992393677,2.27762445241443,0.144431770597495,-0.00313594880460273,-0.0315225217537626,-30,0,0,0,0,0,0,2,-2.71568289365578,0.036140895672918,-1.4029967294526,0,0,0
680,-35.7513024856009,0.0205796436318404,2.27174672450129,0.138401374212514,0.0010656006795825,-0.031141819857683,-35.7137639495809,0.136578014419581,2.26769343292184,0.135866445967442,-0.00788884994503323,-0.0233276912323169,-30,0,0,0,0,0,0,2,-2.15911669758244,0.51572896566416,-2.20261774261199,0,0,0
681,-35.6144605373128,0.0219031073608137,2.24027997891613,0.135282346820869,0.00158132013279368,-0.0317905207232059,-35.6449034669672,-0.140466770710028,2.24908335846339,0.133235416796141,-0.0124476181085969,-0.0352054064841171,-30,0,0,0,0,0,0,2,-2.03373474567968,1.52569535227975,-0.977626068515077,0,0,0
682,-35.4803142833355,0.0242472656731678,2.20861457365445,0.133010309660279,0.00310698951131717,-0.0315394409449195,-35.2908520824235,-0.0164452107004385,2.26951472526662,0.128374611299364,-0.00734222281058184,-0.0385697144665895,-30,0,0,0,0,0,0,2,-2.25575696508941,0.767112702459061,-0.682058003874286,0,0,0
683,-35.3484370804357,0.0277377967311622,2.17738760600409,0.130744371570183,0.00387406716398292,-0.0309136503536059,-35.2441327055782,-0.0650794599506435,2.24562407013912,0.132559383379477,0.00786483841837481,-0.0322526878489896,-30,0,0,0,0,0,0,2,-2.76767292679133,-0.656324921936195,-1.26597935537928,0,0,0
684,-35.2192060980703,0.0312836863745153,2.14671474949099,0.127717819295042,0.00321770589556576,-0.0304309479521982,-35.1209482727935,0.0331539675056799,2.21456642164747,0.115739600763628,0.00218509984777165,-0.0338799962038376,-30,0,0,0,0,0,0,2,-1.33206353077586,-0.284817919788525,-1.04113322291118,0,0,0
685,-35.0923648064082,0.0343589808079706,2.11617701512269,0.125964742384316,0.00293287717333623,-0.0306438600916555,-35.0546174668333,-0.163966739848896,2.066122163336,0.135808298343563,0.0165700485716883,-0.032213583688732,-30,0,0,0,0,0,0,2,-3.47159490068966,-1.32907137747104,-0.910885957798798,0,0,0
686,-34.9680817304626,0.0366272966624543,2.08613579230674,0.122601888132989,0.00160374970637643,-0.0294373543255994,-34.9235972183892,-0.00301214395733997,2.05614163225375,0.11892251808716,-0.0194876464347673,-0.0314328726753958,-30,0,0,0,0,0,0,2,-2.04505737193753,1.95478893139141,-0.968995996967923,0,0,0
687,-34.8466148111116,0.0392084297994383,2.05684406914517,0.120332104551332,0.00355851230208621,-0.0291452536071459,-34.9212263155754,0.101776487485952,2.0392086741505,0.126510740341628,0.0361167804983544,-0.0385341164322178,-30,0,0,0,0,0,0,2,-2.80862140301203,-3.81523102480734,-0.225005705079217,0,0,0
688,-34.7274899019211,0.0408593032832109,2.02837495959147,0.117918241770418,-0.000256772043253527,-0.0277920748068451,-34.7615982452149,0.0602472718332819,2.04823273887893,0.115606876706238,0.00120598492302379,-0.0367887163152032,-30,0,0,0,0,0,0,2,-2.03749118019409,-0.241093035968943,-0.417593846237535,0,0,0
689,-34.6105324378206,0.0404819701769639,2.00094872063979,0.11599699444148,-0.000497899810976952,-0.0270596884717329,-34.4303146148311,0.019640853294373,2.1332289524035,0.12161138959529,-0.00170441425823839,-0.0265307393127898,-30,0,0,0,0,0,0,2,-3.30050972986682,0.131159719235093,-1.61338397352801,0,0,0
690,-34.4963610165257,0.0400496319303548,1.9741744366892,0.112346098804285,-0.000366781831371417,-0.0264875583418428,-34.4801494037419,-0.0362172302771051,1.83875675104894,0.117842241780234,-0.000714896408257719,-0.0348102582915341,-30,0,0,0,0,0,0,2,-2.82392537053965,0.143924101379982,-0.196487672944477,0,0,0
691,-34.3852156206424,0.0397547877997717,1.94838752948937,0.109945233970643,-0.000222911801348248,-0.025085375030397,-34.3441381239209,0.0447908694722199,1.98096689553398,0.113761292876252,0.00317901899497994,-0.0329488847954362,-30,0,0,0,0,0,0,2,-2.68785303978341,-0.407483638442434,-0.667045311524338,0,0,0
692,-34.2765609667815,0.0393281147963715,1.92377825319309,0.107364453730548,-0.000630439461726536,-0.0241322355793481,-34.33569096042,0.0848240560898208,1.90795511913818,0.0953646068008499,-0.0173066151148448,-0.0346886579690576,-30,0,0,0,0,0,0,2,-0.865078759244909,1.56101339930484,-0.347044441370605,0,0,0
693,-34.169670073099,0.0394781793176706,1.89968843862478,0.106417410324673,0.000930561821971126,-0.0240470270877178,-34.1461584143043,-0.183441237300651,2.02506626115391,0.11574507766895,0.00853581295852229,-0.0172711480246834,-30,0,0,0,0,0,0,2,-3.28219093828632,-0.486698821250928,-2.32301771983948,0,0,0
694,-34.0652866946383,0.0401653796824583,1.87565439347434,0.102349401720841,0.000443832632112168,-0.0240196040100828,-34.0819235451163,-0.150323694719554,1.87436560675515,0.085957630401019,0.00264647901300886,-0.0395177743095814,-30,0,0,0,0,0,0,2,-0.431915949869207,0.0359994881382213,0.203046217447842,0,0,0
695,-33.9630701685951,0.0406272071655964,1.85176387364368,0.102083787705376,0.000479820232695987,-0.0237613096643183,-33.747580947865,-0.0586407095749695,1.99246659897034,0.103583958114316,0.00361517862873371,-0.00608153151601573,-30,0,0,0,0,0,0,2,-2.8632339157016,-0.244236443723433,-3.37678004633911,0,0,0
696,-33.8631813781191,0.040984908826617,1.8274781100094,0.0976934707593082,0.000235578239790409,-0.0248086514799226,-33.8538215414133,-0.0225643003524706,1.87459652741921,0.092702254645403,-0.00377757889846651,-0.0231492771815192,-30,0,0,0,0,0,0,2,-1.56258238171375,0.422886490551592,-1.43426533668649,0,0,0
697,-33.7665717636022,0.0414319289007814,1.80250953848885,0.0955256915463781,0.000658455367604756,-0.0251277043681059,-33.9402883288616,-0.0207188195808864,1.62738382793604,0.0971494320150899,0.0024825351667166,-0.0180355100269424,-30,0,0,0,0,0,0,2,-1.83436654378582,-0.206815877509887,-1.45121665317784,0,0,0
698,-33.6722420220633,0.0419869716479611,1.77730185173785,0.0931337790397806,0.000451624892806333,-0.0252868038045485,-33.5454524453696,-0.0847110058349428,1.82371080828906,0.0808112500469661,-0.0132324133758674,-0.038324509996925,-30,0,0,0,0,0,0,2,-0.990220113957383,1.49266334925662,0.185029383114376,0,0,0
699,-33.5794656479583,0.043184919616193,1.75231746426655,0.0924192231412727,0.00194426534299168,-0.0246816922798977,-33.6890430704576,0.046977264215083,1.94651312222364,0.0937850566267666,0.00618375643199712,-0.0311967142235728,-30,0,0,0,0,0,0,2,-2.00041952176144,-0.712330171629878,-0.773354822089994,0,0,0
700,-33.4880965437913,0.0447730087851842,1.7278770234602,0.0903191950050564,0.00123190670010506,-0.0241984293992763,-33.5234066220983,0.136456903020397,1.76751654243164,0.103272052765506,-0.00284374924010648,-0.0264264685719599,-30,0,0,0,0,0,0,2,-3.28039203235411,0.0114611179698548,-0.89238622766729,0,0,0
701,-33.3993652075992,0.0460106203685463,1.7042732534995,0.0871439265841945,0.00124331530657752,-0.0230079751406444,-33.1615116479197,0.0703801740899622,1.80808688640107,0.0828539452823007,0.0100168654712541,-0.0131444178657255,-30,0,0,0,0,0,0,2,-1.96237123239058,-1.14244689530534,-2.30173198622959,0,0,0
702,-33.313730114907,0.0466827129611637,1.68090164025632,0.0841260482158744,0.000100864413330329,-0.023734175833427,-33.3025112311623,-0.16974041092514,1.64461475972423,0.087890467649671,-0.0120005488861267,-0.0198139085125637,-30,0,0,0,0,0,0,2,-2.18402430264251,1.53953571046295,-1.3078386681921,0,0,0
703,-33.2308908852996,0.0475533356351466,1.65726497137011,0.0815525166369277,0.0016403762287626,-0.0235382429789028,-33.4314683341777,0.0937747077602475,1.62535105332239,0.0868493103048837,-0.0174004286701859,-0.0237294806032212,-30,0,0,0,0,0,0,2,-1.82199436213288,1.55249345149809,-0.877754046322664,0,0,0
704,-33.1503492958547,0.0499699500155626,1.63388238732633,0.0795308086574555,0.0031928464417256,-0.0232262002610275,-33.3510164249252,0.193076348116497,1.65582179469005,0.0796516612286355,0.00532699058553781,-0.00789474833514255,-30,0,0,0,0,0,0,2,-1.26313327301322,-0.918851754786775,-2.52216875586585,0,0,0
705,-33.0721233201099,0.0527033797677858,1.60999700725392,0.0769207230575399,0.00227400824453215,-0.0245436322310204,-33.1040343345447,0.0848705624767947,1.72529874421759,0.0646160198142708,0.00246449829658904,-0.0227348046006363,-30,0,0,0,0,0,0,2,-0.253533312337639,-0.416190954612494,-1.17711702837155,0,0,0
706,-32.9956945136289,0.0547693015717746,1.5850073062405,0.0759366189972692,0.00185783041250282,-0.0254354056581075,-32.9496916056853,0.0880109883968171,1.60845583546228,0.0589784119600036,-0.0054002790495598,-0.0487649731526088,-30,0,0,0,0,0,0,2,0.00154201537018928,0.364005928162346,1.65958564433632,0,0,0
707,-32.9192649389814,0.0568091252251072,1.560154749413,0.0769229696268339,0.00222181063202503,-0.0242700239803092,-32.933037376522,0.267198408037534,1.60134587419381,0.0714723114214337,-0.0051214120606779,-0.022201136742051,-30,0,0,0,0,0,0,2,-1.28115638909941,-0.0222556100072777,-0.982578074182507,0,0,0
708,-32.8431742537134,0.0590198063228937,1.53583667101094,0.0752584061425674,0.00219954434767196,-0.0243655354929963,-32.8007363557472,0.00551667621526197,1.40855086682029,0.0674817431847481,-0.00650612976446549,-0.0330072646330917,-30,0,0,0,0,0,0,2,-1.14670160698043,0.639579624016025,0.483624729668592,0,0,0
709,-32.7682369001048,0.0615391280270185,1.51195460718985,0.0746166699345887,0.00283909327858567,-0.023398347351015,-32.7697384924377,0.0735597531426821,1.65099340374706,0.0918175170395413,0.0120770863819992,-0.022586164330022,-30,0,0,0,0,0,0,2,-3.64227471907875,-1.35482814448529,-1.04337037449193,0,0,0
710,-32.6953910893697,0.0637007812109836,1.48922681925667,0.0710754486372302,0.00148420764843146,-0.0220559852733021,-32.5654365904123,0.209750672615171,1.43291155845641,0.0734477434935201,-0.0122105274083684,-0.0171086984944824,-30,0,0,0,0,0,0,2,-2.21390116852732,0.801551395606496,-1.15495326746459,0,0,0
711,-32.6255635631334,0.0655857540329267,1.46735395981943,0.0685797643998992,0.00228573217464159,-0.0216888550981023,-32.8101291240011,-0.0494265930493647,1.45731920450832,0.0726863408095959,-0.0037069856071453,-0.0305880386296244,-30,0,0,0,0,0,0,2,-1.64837583295746,0.46955174681326,0.144165453945792,0,0,0
712,-32.5576035108184,0.0681062473200831,1.44617924990361,0.0673407275892501,0.00275524834081353,-0.020660118612532,-32.4570114105295,0.0206286308553706,1.36294245919343,0.0804248617831924,-0.0111566442136113,-0.0217883746708769,-30,0,0,0,0,0,0,2,-3.12846335726025,1.07440715965039,-0.547047451299175,0,0,0
713,-32.491674303133,0.0713986751042104,1.42623037366778,0.0645182081919599,0.00382960070467424,-0.0192366466379278,-32.4958859930933,0.127069228148103,1.50798331884123,0.0581350987476511,0.00480426983255666,-0.0147947291733104,-30,0,0,0,0,0,0,2,-0.821737888578561,-0.734565439551872,-1.53649372035143,0,0,0
714,-32.4279798735434,0.074860999810223,1.40659822953847,0.0628704112766883,0.00309504247086731,-0.0200270574242625,-32.5013723584089,0.0896826794830389,1.56984628998503,0.068326614157402,0.0264313989099063,-0.0111584650661863,-30,0,0,0,0,0,0,2,-1.82991669892236,-2.82250524995671,-2.02384607335143,0,0,0
715,-32.3664791036904,0.0765447896655457,1.38630505583946,0.0601309783499213,0.000272531598008297,-0.0205583331937993,-32.5011669669289,0.0128895748054185,1.51405878744886,0.0664270342370447,0.00500044562000998,-0.0119787753229361,-30,0,0,0,0,0,0,2,-1.6403694898466,-0.525823711611835,-1.83024004260411,0,0,0
716,-32.3075836494452,0.0765544087778449,1.36549905188115,0.0576597954207466,-0.000253296912542051,-0.0210528144281292,-32.2924288038657,0.133836242761587,1.38736424624143,0.0727459602143311,-0.00245292260984928,-0.0277210257555262,-30,0,0,0,0,0,0,2,-2.68973841370168,-0.0223802245382449,-0.00262591693024206,0,0,0
717,-32.2509914498009,0.0762898972318215,1.34524135076091,0.0555251780233948,-0.000275731502217663,-0.0194618419695795,-32.1802948141059,0.24211059761322,1.48321351550675,0.0574327318337036,-0.0155150227871688,-0.0203002930468522,-30,0,0,0,0,0,0,2,-1.38268355515859,1.06728108349044,-0.936397726328282,0,0,0
718,-32.1963193774742,0.0765478025023666,1.32580240098639,0.0538190115471326,0.00079153613330017,-0.0194154591434096,-32.2124769936046,-0.0489579156360691,1.21801302264086,0.0606175432504902,0.00354531952090358,-0.00306016742169997,-30,0,0,0,0,0,0,2,-1.63680033783984,-0.25661612081822,-2.13000930311173,0,0,0
719,-32.1438285584666,0.0772110328145019,1.30602888275518,0.0511624111509084,0.000534919938894383,-0.0201306559699684,-31.9242484708993,0.0657725434584438,1.357576766695,0.0512332227389124,-0.0137135966805887,-0.0131045278883561,-30,0,0,0,0,0,0,2,-1.27482533209261,1.23981458114198,-1.40470074455438,0,0,0
720,-32.0936256036352,0.0783658608958141,1.28570976758989,0.0492433990264701,0.00177473051600598,-0.0205069061563062,-32.2841031755027,-0.00304658612877319,1.36187219241086,0.0439278705327946,-0.00829866035805796,-0.00903119074333406,-30,0,0,0,0,0,1,2,0.175419297725968,0.835959208063343,-1.82062531048831,0,0,0
721,-32.0449116022406,0.0805585902317527,1.26439684988758,0.0481840841348026,0.00261072150529817,-0.0221185535374363,-31.9610452515053,-0.124379890831839,1.20190084940211,0.0505785030770788,0.00161770107800257,0.00139691456645042,-30,0,0,0,0,0,1,2,-1.13575980469723,0.0869896738634205,-2.54349315544926,0,0,0
722,-31.9979948344547,0.0832128172284898,1.2416083199688,0.0456490253734244,0.0026977276462949,-0.0234576321386376,-32.1649795150641,0.147966752172242,1.40672412393947,0.037383060264782,0.00523807642095165,-0.0270697063406296,-30,0,0,0,0,0,1,2,0.591653003649907,-0.81974114643965,-0.106477613815986,0,0,0
723,-31.9521743203318,0.0855006850929656,1.2178794455459,0.0459918492948514,0.00187800011942088,-0.0240002211391632,-31.9977756668624,0.137470319542124,1.26633743118895,0.0327904706141905,0.00127461517294948,-0.0133336452914105,-30,0,0,0,0,0,1,2,0.716504272305651,-0.402402156379195,-1.19931033323686,0,0,0
724,-31.9063094671267,0.0871775038879002,1.1931454517703,0.0457373889300307,0.00147563105650341,-0.0254676705487824,-31.8752741594283,0.00810491611873515,1.02261777663986,0.0519961160668034,0.0104770491761136,-0.0309380848524836,-30,0,0,0,0,0,1,2,-1.44906328782377,-1.06391474984883,1.04857293196864,0,0,0
725,-31.8608246567418,0.0881211573095868,1.16850001187072,0.0452328144497178,0.000411670741282406,-0.0238230290302299,-31.6442238603333,-0.014252937794266,1.18500285591152,0.042374198186842,0.00448196380965841,-0.0120861046953254,-30,0,0,0,0,0,1,2,-0.948972098017666,-0.419690505377309,-1.16139524229049,0,0,0
726,-31.8163509354299,0.0883229873147374,1.14448726071834,0.043714529728011,-8.02095362898089E-06,-0.0242019555659586,-31.7217198123966,-0.0340397961089125,1.06600974153301,0.042269866466227,0.00534315109764828,-0.0224163061991483,-30,0,0,0,0,0,1,2,-0.783547021829505,-0.466235517547003,0.109611136848805,0,0,0
727,-31.7729281659659,0.0880818431903531,1.12053536144576,0.0431312060412027,-0.000474274021997084,-0.0237016349666085,-31.7589982857156,-0.0324658189583588,1.20891113995379,0.05227981929204,-0.00930240561843798,-0.0102540483299283,-30,0,0,0,0,0,1,2,-1.70998535777276,0.995172199760516,-1.39241744691475,0,0,0
728,-31.7309231920041,0.0881051517801424,1.09679933318572,0.0408787477255492,0.000520885183150964,-0.0237696498288423,-31.8396710343493,-0.136932819255549,0.894487614951573,0.0390881003779627,0.0154645058744082,-0.0286411369951424,-30,0,0,0,0,0,1,2,-0.229467969097654,-1.27258494892972,1.07513846961109,0,0,0
729,-31.6898144880535,0.0879897355351987,1.07347819500815,0.041338988601365,-0.000751721081511375,-0.0228727687717669,-31.6481759664506,0.0926458941862564,1.1181458999974,0.0308350394926785,0.0101601379509692,-0.0185703245211034,-30,0,0,0,0,0,1,2,0.212847983633433,-1.20130558346944,-0.379259347884457,0,0,0
730,-31.6485372107202,0.0866373694610013,1.05035202230854,0.0412154223080311,-0.00195301648042835,-0.0233795251859514,-31.7204712747368,0.043555042730437,0.928877420115015,0.0457506131511441,-0.00362830597143803,-0.0134996340797699,-30,0,0,0,0,0,1,2,-1.13411876564087,0.275720511682929,-0.507791432253041,0,0,0
731,-31.6079438334221,0.0848222091384674,1.02709904325562,0.0399714446472134,-0.00167731103731517,-0.0231260062657095,-31.6674711810779,0.0944779455650288,0.945588597066777,0.034841057160253,-0.00769520522591718,-0.0327710122188036,-30,0,0,0,0,0,1,2,-0.149163353869417,0.580564631461661,1.3859240277468,0,0,0
732,-31.5676108154005,0.083435169955958,1.00451587158129,0.040694981916758,-0.00109677091575995,-0.0220405689243941,-31.600681955787,0.169914428706031,0.719656245516443,0.0344257394312876,-0.00317867461077012,-0.0367253782976432,-30,0,0,0,0,0,1,2,-0.241210031554707,-0.0219613963350501,2.23322533873144,0,0,0
733,-31.5263180320188,0.0823274012033744,0.983372887702989,0.041891211692336,-0.00111877182160051,-0.0202457890184576,-31.3879604499263,0.0525962299687376,1.11220435894348,0.0415210742417113,0.0099859402268663,-0.017707127724623,-30,0,0,0,0,0,1,2,-1.37618652431855,-1.10378648262411,-0.453695945424666,0,0,0
734,-31.4851220942047,0.0806567298366811,0.963352671440038,0.0405008400728428,-0.00222257910134061,-0.0197941657462412,-31.2745982315708,0.0565654752315337,1.09267296893328,0.0290205017219464,0.00969453071149536,0.000671276758770656,-30,0,0,0,0,0,1,2,-0.352853709052954,-1.0825840216126,-2.25247361374363,0,0,0
735,-31.4454977700043,0.077892876933369,0.942766855627381,0.0387473057622457,-0.00330513532697831,-0.0213768700864977,-31.5848923893731,0.102440613227066,0.982668610555335,0.0342853412541883,-0.00433624537645229,-0.0301465260220743,-30,0,0,0,0,0,1,2,-0.258749346672563,0.228743311191096,1.04931538109676,0,0,0
736,-31.4065357793288,0.0747021058373788,0.921838546437035,0.0391770002272964,-0.00307641352228576,-0.0204798817721378,-31.612842635171,0.0814196582413571,0.862372331129135,0.0471978351701507,-0.011083607450817,-0.041434837044496,-30,0,0,0,0,0,1,2,-1.49409824667315,0.945521428598985,2.41873904219133,0,0,0
737,-31.3671789059156,0.072098421325625,0.902728288450259,0.0395376848707641,-0.00213095982156155,-0.0177407437881429,-31.3193632476734,0.111036392066903,0.912807457813661,0.0516526840677069,0.00313059783632692,-0.0329257658107812,-30,0,0,0,0,0,1,2,-2.52654191142381,-0.535132567766499,1.4669616654508,0,0,0
738,-31.3281597986794,0.0696998608709025,0.886322475270519,0.0385014438711135,-0.00266616623876878,-0.0150705253111443,-31.1882370191903,0.0733182878475154,0.945879085804264,0.0289747340407461,0.00509957265040259,-0.00784053292343781,-30,0,0,0,0,0,1,2,-0.520999365694018,-0.656593840735289,-1.10770487926475,0,0,0
739,-31.2902308349815,0.0667054042540281,0.870957133076361,0.037356311047633,-0.00332275343710934,-0.0156597670099015,-31.2826518782396,-0.0335185466068088,0.98574232188674,0.0356807379967287,0.000178982222044202,-0.0161964560920317,-30,0,0,0,0,0,1,2,-1.00277004319361,0.0491388710091974,-0.35183903457031,0,0,0
740,-31.253389559168,0.0634072157352854,0.855448145965075,0.0363263638190507,-0.00327362939151363,-0.0153578526335512,-31.3856968040869,0.0238276820056868,0.886303531111936,0.0404773045943843,0.0164978197464946,-0.0341532202007004,-30,0,0,0,0,0,1,2,-1.27633685126456,-1.69743733866084,1.64271495784616,0,0,0
741,-31.2170418672288,0.0592848445041815,0.841094161335729,0.0363697085359208,-0.00497111802440033,-0.0133501188960343,-31.1287657777505,0.132840693240918,0.851106899426315,0.031091283597939,-0.00411714608693017,-0.003977385301468,-30,0,0,0,0,0,1,2,-0.851596804292991,0.146033222211181,-1.30447526870583,0,0,0
742,-31.1814337440291,0.0543867470337574,0.827482855760199,0.0348463849659302,-0.00482508179309946,-0.0138719758655261,-31.1851102985585,0.147561984573517,0.928005100600452,0.0298883689559491,-0.0108323400039052,-0.0121892245455504,-30,0,0,0,0,0,1,2,-0.618616298478002,0.788110031243485,-0.637087746645865,0,0,0
743,-31.1470454900373,0.0499557225972234,0.813531689589749,0.0339300940287801,-0.00403697439839742,-0.0140300424430066,-31.127924903713,0.0214213077688987,0.732401211629995,0.056873024924947,0.00380753498370783,-0.00101231294752109,-30,0,0,0,0,0,1,2,-3.43145268506867,-0.423596113908581,-1.36357112850788,0,0,0
744,-31.1148834303222,0.0457069288295891,0.800051357015747,0.0303944094569841,-0.00446061876827173,-0.0129294411910031,-30.9209818026206,0.15740592939083,0.891833023914372,0.0332903018726797,-0.0144417193041505,-0.0292532237693501,-30,0,0,0,0,0,1,2,-1.48706658202669,1.12936007163339,1.14165632910627,0,0,0
745,-31.0847052188475,0.0418109692514743,0.788006200734121,0.0299626177470798,-0.00333130648332285,-0.0111607187124672,-31.1097639402836,0.0700387592904274,0.768932276280239,0.0378932182722414,-0.000846416211092607,-0.0127858295504152,-30,0,0,0,0,0,1,2,-1.56979394665694,-0.0554358974715941,-0.259281597518955,0,0,0
746,-31.0554404540238,0.0384519335038873,0.777221657609862,0.0285671796368395,-0.00338677011013312,-0.0104078964688277,-31.0675798516593,0.192098836538049,0.697086707946917,0.0422143154208042,-0.0183729838345049,-0.00378305458795879,-30,0,0,0,0,0,1,2,-2.08627183876176,1.45310071037439,-1.01586795709795,0,0,0
747,-31.0280117664558,0.0357917034295211,0.767069188835471,0.0262903832594113,-0.00193369584626032,-0.00989628153383461,-31.0947578066448,0.117886002680527,0.842723635432444,0.0246974227531623,-0.00584610731703215,-0.0141646996863276,-30,0,0,0,0,0,1,2,-0.280226662026541,0.34883872634216,-0.268977302232126,0,0,0
748,-31.0019287908712,0.0340324271707326,0.757132199671461,0.0258755555839921,-0.0015848586146027,-0.00997754844171893,-31.1482464389248,-0.0915238392714685,0.877731727707852,0.0354024449957071,-0.00953473175855159,-0.00780057095287414,-30,0,0,0,0,0,1,2,-1.24375162172114,1.1365208543981,-0.97540636012829,0,0,0
749,-30.9768565675205,0.0330158274279153,0.747156454529985,0.0242689101674859,-0.00044834778626036,-0.00997340395830253,-30.9032548375929,-0.0697645517346699,0.667276788905185,0.0354355014158574,-0.000826412668857614,-0.0133286126668214,-30,0,0,0,0,0,1,2,-1.73704046639994,0.222170370355101,-0.00169231112822921,0,0,0
750,-30.953263931018,0.0326785505082962,0.737717242936355,0.0229167306130028,-0.000226212525512203,-0.00890456844989837,-30.8436125449706,-0.0897410492449441,0.738943693522818,0.0222690465036277,0.0144684682941733,-0.0165146713247375,-30,0,0,0,0,0,1,2,-0.539679560421593,-1.26736473092744,0.17357974542811,0,0,0
751,-30.9305094319421,0.0318186509238041,0.729027278698492,0.0225924271017927,-0.00149359086366054,-0.00847524728059986,-30.9576670892452,-0.0166576706156021,0.715729429874518,0.0151714585863062,0.0184597938255282,-0.00359775983434854,-30,0,0,0,0,0,1,2,0.398188319859751,-1.81266404132162,-1.07168287631418,0,0,0
752,-30.9081251736984,0.0294187433297649,0.719988885183326,0.0221757406006201,-0.00330623023493248,-0.0096013900952684,-30.8006397002697,0.073332199153943,0.69769873316645,0.0125409720771868,-0.00644804865072533,0.00209157291717276,-30,0,0,0,0,0,1,2,0.347182192820677,0.498140466764647,-1.60455475805018,0,0,0
753,-30.8863508873482,0.0263616031316109,0.709638562984765,0.0213723555712941,-0.00280805786429625,-0.0110989823126669,-30.9235985348525,0.0706445059028224,0.829372573036383,0.0296591186174044,0.000949257795896374,-0.00738798199393458,-30,0,0,0,0,0,1,2,-1.11871479203538,-0.236214791395282,-0.919946946679308,0,0,0
754,-30.8657167787988,0.0234354361317367,0.698527600185222,0.0198958707004128,-0.00304428101570702,-0.011122452402612,-30.8739352911863,0.039163885424042,0.759335751726077,0.0305210057059827,-0.0127038342546203,0.00709492958368914,-30,0,0,0,0,0,1,2,-1.30422998822564,1.19205565461395,-2.22816446182107,0,0,0
755,-30.8470545615212,0.0209871901264923,0.686957606131087,0.0174282887031257,-0.00185221718733763,-0.0120167245591995,-30.9330452488252,0.00788639813713999,0.781730543440074,0.00369400205666881,-0.0167438059615297,-0.00880254926445802,-30,0,0,0,0,0,1,2,1.49669029198357,1.65860779987869,-0.683206160434346,0,0,0
756,-30.8292944256311,0.0199642998431229,0.674172329239638,0.0180914959088292,-0.000193568520039888,-0.0135540411901483,-30.6857867636095,0.11105514395415,0.551365791894823,0.0108392718003776,0.00434367082770335,-0.0014552946334111,-30,0,0,0,0,0,1,2,0.287646347181334,-0.656477370678635,-0.957202120448536,0,0,0
757,-30.8114207583063,0.0194425055700024,0.660138328245251,0.0176555429031324,-0.000850025227347265,-0.014513813239326,-30.9357874852764,0.0791222359359508,0.812950723367002,0.0302014011000291,-0.00212572914586957,-0.0154698607870613,-30,0,0,0,0,0,1,2,-1.14856513945016,0.054328442715055,-0.078915368027872,0,0,0
758,-30.7942430633058,0.018619636370395,0.645945866615817,0.0167000725226134,-0.000795718794114921,-0.0138707937895514,-30.8565944633409,0.0548187096585931,0.628487401712209,0.023943508509905,0.00701375056140027,-0.00313627940320861,-30,0,0,0,0,0,1,2,-0.681161924308738,-0.811012475457213,-0.943346863103556,0,0,0
759,-30.7781245004631,0.0174184158731238,0.631917217848054,0.0155369687573126,-0.00160673042056009,-0.0141861223095641,-30.5619324692394,0.103471422167299,0.479602955936475,0.0223849733139039,0.00783147634444137,-0.0208748435267698,-30,0,0,0,0,0,1,2,-1.11463239291162,-0.990090478778734,1.12827844080403,0,0,0
760,-30.7626581954168,0.0153166229133946,0.618501024590792,0.0153961576867782,-0.00259686093984008,-0.0126462154618015,-30.7886733242509,0.131120008330946,0.504194732561827,0.0205525808554666,-0.0100447734351968,-0.0129043514335996,-30,0,0,0,0,0,1,2,-0.477911437044941,0.74223732685779,0.28204567823631,0,0,0
761,-30.7473660360851,0.0130908760758382,0.606096549501028,0.0151883346777454,-0.00185463765361835,-0.0121626623384368,-30.3886518477584,0.111441754898842,0.692773476886305,0.0138442231990713,0.0157785392527949,-0.0224593719348097,-30,0,0,0,0,0,1,2,-0.607118624390258,-1.80073743507718,0.86039023970836,0,0,0
762,-30.7321412584741,0.0103358624496335,0.594436998026396,0.0152615682676096,-0.00365540071281552,-0.0111564648116629,-30.7601321995306,0.0868138085219222,0.50370633352894,0.0328230238962911,-0.00199947570766669,-0.0206198255319014,-30,0,0,0,0,0,1,2,-1.76203799056781,0.026319953722825,1.05456988613226,0,0,0
763,-30.717215844763,0.00669359834672758,0.584234488420932,0.0145898941055075,-0.0036291327495215,-0.00924832769999956,-30.7318228126143,0.119996165957735,0.552516450485842,0.0165734335460272,0.0140858506055955,-0.00280694651768848,-30,0,0,0,0,0,1,2,-0.19369772937412,-1.64857739247502,-0.824338249202836,0,0,0
764,-30.7029814455062,0.00224018387181041,0.574717227939062,0.0138787455746223,-0.00527770127201221,-0.00978596065009333,-30.733835461396,0.0255401485894398,0.508432296127242,0.00717113250833793,0.000178788654379867,-0.00523950246066687,-30,0,0,0,0,0,1,2,0.750557671958253,-0.0689591626168664,-0.492914346187797,0,0,0
765,-30.6889932694153,-0.00307198315273471,0.564479323776788,0.0140973288871656,-0.00534663761452828,-0.010689914161206,-30.7066850555928,-0.076697228078117,0.347765639417721,0.0246514757311292,0.00098780939105582,0.00675397339112422,-30,0,0,0,0,0,1,2,-1.05177746192736,0.054613517050652,-1.37092861794786,0,0,0
766,-30.6757558382317,-0.0083913114840965,0.553595828374063,0.0123774229643849,-0.0052920241108381,-0.011076517062788,-30.7606458477,-0.13309310018616,0.464367568360691,0.0194816037829871,-0.000129267402160142,0.0038142314182896,-30,0,0,0,0,0,1,2,-0.426868682898749,0.279112940588335,-1.31015827855034,0,0,0
767,-30.663982767472,-0.0135437703996912,0.542145542228479,0.0111684968191758,-0.00501289949230456,-0.0118236566890407,-30.7099861074152,0.0821558332027484,0.60817910602087,-0.0175668277498736,-0.0210090350492329,0.00175749922750592,-30,0,0,0,0,0,1,2,3.17665498981781,1.9365918385178,-1.39210813479233,0,0,0
768,-30.6520862692397,-0.0175883273353818,0.528736457342015,0.0126234906896027,-0.00307622181725737,-0.0149949797047756,-30.7132337105588,-0.0885897687077426,0.486852599548021,0.029940441687378,-0.00287070063493005,-0.0138027432685389,-30,0,0,0,0,0,1,2,-1.56757674762014,0.46424960090849,0.406569127757846,0,0,0
769,-30.6399368015934,-0.0204324404719054,0.514390287697986,0.0116758795400663,-0.00261201022742641,-0.0136970537242981,-30.6456393718864,-0.0372750652783427,0.345504161534714,0.0196464583825917,-0.00358813778575273,-0.0147401090006627,-30,0,0,0,0,0,1,2,-0.673367094486359,0.433363909131958,0.783002576996842,0,0,0
770,-30.6282729113008,-0.0228277793286904,0.501191138309631,0.0116522356544597,-0.00217867207840928,-0.0127012356489669,-30.5923494769113,-0.0626624576170813,0.435318323655609,0.0149203475903878,-0.00285690101539596,-0.00890455742626096,-30,0,0,0,0,0,1,2,-0.307335805216209,0.411015016773759,0.0198190953148788,0,0,0
771,-30.6167446352462,-0.0248009440215152,0.488579985384171,0.0114043894850418,-0.00176766358311798,-0.0125209862900473,-30.6460967773076,-0.230212812259235,0.361841250029162,0.0102116357338811,-0.000392248189157461,-0.00454904045885067,-30,0,0,0,0,0,1,2,0.271029981227005,0.499650443434216,-0.268778454173256,0,0,0
772,-30.6053411506881,-0.0263187753511478,0.475850401662235,0.0114024612238842,-0.00126800348913898,-0.0129381759692269,-30.6006974584745,-0.180544774025961,0.405355425540999,0.0301356395534515,0.00178795756136949,-0.0170293291140934,-30,0,0,0,0,0,1,2,-1.81216903839607,0.182293791914973,0.892222060327339,0,0,0
773,-30.5943417110705,-0.0274956537040521,0.463826358827489,0.0105970184120775,-0.00108576019210384,-0.0111096510061225,-30.5605050868523,-0.132130972370488,0.344727943828522,0.00539256750832295,0.00264773396748124,-0.0136314481709012,-30,0,0,0,0,0,1,2,0.581753422872338,-0.000511452007147528,0.673688929433078,0,0,0
774,-30.5833175129404,-0.0285816660074387,0.452760755178467,0.0114514188019777,-0.00108627032714507,-0.0110218253734389,-30.4508775104237,0.143839891644661,0.525875129414834,0.00627875711461463,0.00107051930254656,-0.00896652917021663,-30,0,0,0,0,0,1,2,0.273879309385848,-0.394731713543978,-0.155097341808006,0,0,0
775,-30.5718277633527,-0.029865295252283,0.441572119548731,0.0115279885356284,-0.00148099410153078,-0.011355466788201,-30.4446763350991,-0.19648045620127,0.580033555446515,0.0121083997333493,0.0129239266867235,-0.0136451235148104,-30,0,0,0,0,0,1,2,-0.321487303136816,-0.899431756269813,0.204445240588008,0,0,0
776,-30.5603667759921,-0.0317960076243248,0.430381280921749,0.0113941060958447,-0.00238043552847822,-0.0110261631113253,-30.4563044313539,-0.0698914114024861,0.360140338500617,-0.00273557233749553,-0.00165043110626418,-0.0142959931452051,-30,0,0,0,0,0,1,2,1.18616609645734,0.304825933431391,0.709318637519275,0,0,0
777,-30.5483065244338,-0.0340240201160158,0.419211695454548,0.0127263211536774,-0.00207559660297779,-0.0113134308745348,-30.5147618518698,-0.1030322825576,0.499409122411492,0.0161934693447884,0.00817819777901744,-0.0152727315586721,-30,0,0,0,0,0,1,2,-0.589823230739329,-0.611755212786544,0.528454911044225,0,0,0
778,-30.5356405299527,-0.0364055017911946,0.408272495339665,0.0126059168691726,-0.00268737193552739,-0.0105649295029005,-30.6323242385625,0.0923613412515044,0.555170468819053,0.00237061687192478,-0.00436386378650788,-0.0282521640683543,-30,0,0,0,0,0,1,2,1.02758678993252,0.251663696147779,1.71487546919733,0,0,0
779,-30.5220952701419,-0.0389670427988838,0.397992127886803,0.0144847985055433,-0.00243571404569037,-0.00999640228118871,-30.430532694458,-0.148218982614756,0.29336933315598,0.0337250913020782,-0.00667308406477989,0.000869234968316607,-30,0,0,0,0,0,1,2,-2.51144374129188,0.963746371707501,-0.673662163143621,0,0,0
780,-30.5087874967859,-0.0409209004895949,0.388554177267692,0.0121311175293293,-0.00147200802329679,-0.00887874687339888,-30.5403891536748,-0.19550851441539,0.398140276865095,0.0149289372773891,-0.0104407142356234,-0.00405709184764202,-30,0,0,0,0,0,2,2,-0.412115420389386,1.43508845239312,-0.390571368965988,0,0,0
781,-30.4969520633355,-0.0416753625382131,0.379647068077305,0.0115397453176329,-3.69218458645839E-05,-0.00893527951422344,-30.3244436956977,0.165424976923307,0.269893271292339,0.0232926187581476,0.00500016797206601,-0.025119085481005,-30,0,0,0,0,0,4,3,-1.68037448441931,-0.830866751053216,1.97212200551582,0,0,0
782,-30.4853999857197,-0.0421277468818631,0.371988896518817,0.0115652351164666,-0.00086785316765167,-0.00638106817672666,-30.4656189283333,0.164980948956162,0.298466685768442,-0.00206929792913044,0.00074056648996971,-0.00579598812631355,-30,0,0,0,0,0,4,3,1.13816764957955,-0.404018546909295,-0.0173345589055289,0,0,0
783,-30.4734248920863,-0.0431975957817564,0.3652058059656,0.0123847111313185,-0.00127184842549202,-0.00718536761032322,-30.5647791539317,-0.204656079320726,0.411527748453823,0.00677502648880952,0.0130956396403186,0.000999252610792473,-30,0,0,0,0,0,4,3,0.452055658982518,-0.90025180539041,-0.922980757986893,0,0,0
784,-30.4611881916746,-0.0449195546179353,0.357506601707025,0.0120883800648697,-0.00217207677544336,-0.00821294573285752,-30.4278820463035,-0.00818621549724283,0.367478272580306,0.00625780929874557,-1.41078720536513E-05,0.0111014371339598,-30,0,0,0,0,0,4,3,0.229983162732425,0.0177832181998508,-1.84510025855659,0,0,0
785,-30.4496379847223,-0.0470827195712794,0.348509177580474,0.0110115522179472,-0.00215426029423794,-0.00978155345480285,-30.2317988510889,0.00734082164602633,0.304242200940358,0.0198952904758797,-0.0110523745459691,-0.00883271683268249,-30,0,0,0,0,0,4,3,-1.52593134541018,1.09055581130486,0.274787281387533,0,0,0
786,-30.4391175966105,-0.0486917165914522,0.339319675049977,0.0100296107312699,-0.00106373960531879,-0.00859713721321994,-30.3937870051923,-0.077096657905425,0.365955832085316,0.003987796027108,-0.0152577119966626,-0.00321259906961921,-30,0,0,0,0,0,4,3,0.388794407673789,1.67996451547711,-0.410651757208711,0,0,0
787,-30.4290910066155,-0.0489154649618474,0.330422876331715,0.0100233925148356,0.000616239143989892,-0.00919645447147194,-30.2951089081339,-0.0495946680971082,0.437821936513335,0.00887052078600395,0.000547781287714592,-0.0132157479212244,-30,0,0,0,0,0,4,3,-0.296834262332685,0.0444112074227573,0.445930919095766,0,0,0
788,-30.4190419673569,-0.0482770231688039,0.321474575313989,0.0100748567079849,0.000660637435654376,-0.00870016227781207,-30.1850540647351,-0.267646142214726,0.331690417122671,0.0010697668598939,-0.00847670946451838,0.00189720049126781,-30,0,0,0,0,0,4,3,0.263131443480764,1.38296323088129,-0.853100883372122,0,0,0
789,-30.4091647120071,-0.0469248916621956,0.312351578925743,0.00967940094451862,0.00204361922234791,-0.00954570433200577,-30.5106222709598,-0.0204312127047176,0.177875372138629,0.0201773601589824,-0.0131435114800215,0.00244451756455297,-30,0,0,0,0,0,4,3,-0.996491473978652,1.35521357341158,-0.600202500732555,0,0,0
790,-30.4000689243777,-0.0442036683868928,0.302897461961498,0.00851224468056116,0.00339882194831637,-0.00936215955548319,-30.4176700016471,0.0675389497713845,0.284301822149781,0.00314171490783786,-0.00217149569964469,-0.0100044130591312,-30,0,0,0,0,0,4,3,0.521168512510378,0.0820716704216997,0.431837661613558,0,0,0
791,-30.3912305164881,-0.0407638060603761,0.293506351626475,0.00916456282863064,0.00348089746475528,-0.00942026611078099,-30.395802645574,-0.133508219568178,0.215051807726965,0.0110275837197453,-0.00306126899028093,-0.00200506461281312,-30,0,0,0,0,0,4,3,-0.311153080826609,0.573143338164449,-0.229597154172618,0,0,0
792,-30.3822704458759,-0.0369963359328025,0.284088021091989,0.00875559112327279,0.00405403807476813,-0.0094162640779807,-30.2728952156315,0.067064077921855,0.20021055298148,0.0141325509478203,-0.00392183632499379,0.00682730152415476,-30,0,0,0,0,0,4,3,-0.867464663518982,0.258055476655669,-1.08315125837844,0,0,0
793,-30.3742113695894,-0.0328132673211346,0.274542236228795,0.00736249236259992,0.00431209280095513,-0.00967486644163985,-30.4614609891648,-0.192685703872546,0.228421186988878,0.0063234495090302,0.00572582812093324,-0.00296591658145933,-30,0,0,0,0,0,4,3,0.290577027426542,-0.187211404348231,-0.160250715831822,0,0,0
794,-30.3668064871173,-0.0285947737830904,0.264695403633775,0.00744717823185471,0.00412488975820031,-0.0100188214453216,-30.4380266189758,-0.0560647675300799,0.279817474132204,0.0217851032310128,0.00167359755576175,0.00353717597303528,-30,0,0,0,0,0,4,3,-1.30245708514972,-0.0552302205160157,-0.913352545567936,0,0,0
795,-30.3601611964321,-0.0244975028655909,0.254757352100205,0.00584346474773825,0.00406964735332146,-0.00985677731646673,-30.4802251444794,-0.145653036102678,0.421108517637173,-0.00166140255004676,0.0171030744160844,-0.0015179091483428,-30,0,0,0,0,0,4,3,1.12659054396351,-1.41900136940309,-0.690426120440065,0,0,0
796,-30.3541424442013,-0.0211373364165791,0.244252777862703,0.00619364858988583,0.0026506794781935,-0.0111524784018056,-30.2567142004033,-0.124697974061583,0.295909187610812,-0.00524089094942562,-0.00258127995502669,-0.0275125013358897,-30,0,0,0,0,0,4,3,1.03751749574908,0.507523943625834,2.15943175836734,0,0,0
797,-30.3468534004262,-0.0182328977196606,0.233540154041836,0.00838472646448941,0.00315819092665056,-0.010273452589067,-30.2910216291952,-0.0365783828038118,0.197858253357039,0.00222802434135245,-0.00302213775785686,0.00810004377201048,-30,0,0,0,0,0,4,3,0.359240824255183,0.37537054139331,-1.20572088391513,0,0,0
798,-30.3387518204586,-0.0148870042996622,0.222683072778692,0.00781808449423771,0.00353358743165953,-0.0114405325438707,-30.5604271456471,-0.138463478806877,0.414615560755686,0.00484938241551813,0.000773479429973575,0.00030815335294912,-30,0,0,0,0,0,4,3,0.635916049742409,0.199579014616397,-0.860046456806284,0,0,0
799,-30.3309994037259,-0.0112536125153286,0.210694865756732,0.00768641767680834,0.00373319264358649,-0.0125358363826946,-30.488179411102,-0.0344736091539238,0.125036636690726,0.0041745597969399,0.0163091341132597,-0.0191280189295668,-30,0,0,0,0,0,4,3,0.558902842510108,-1.56196619301813,1.66272861957523,0,0,0
800,-30.3225616046882,-0.00830140759281805,0.198572404569087,0.00918945057105387,0.00217121197506011,-0.0117095513490938,-30.3193837482462,-0.00414933419701008,0.164230275194911,-0.00799879834988263,-0.00245936639349581,-0.011536472973356,-30,0,0,0,0,0,4,3,1.43864733148065,0.254235307743601,0.825186746945777,0,0,0
801,-30.3125753167113,-0.00600306634860504,0.186669166304449,0.0107830200924139,0.00242546359080545,-0.0120974187371988,-30.4321727135423,-0.0531801897365497,0.0333473120031714,0.00270926593384714,0.00611675856604786,-0.00779568408235863,-30,0,0,0,0,0,4,3,0.593418833699851,-0.505315477131687,0.71287378422952,0,0,0
802,-30.301346461795,-0.0038302579205594,0.174619018228685,0.011674731192493,0.00192014906347328,-0.0120031491672074,-30.1467021950702,-0.106557177284947,0.149068937896484,0.0107279283563004,0.00605739236667716,-0.000506961864670833,-30,0,0,0,0,0,4,3,-0.779388445489661,-0.392624882097823,-0.247441689325884,0,0,0
803,-30.2900566783592,-0.00210642476873049,0.162768597613485,0.0109049448880562,0.00152751225278601,-0.0116974487089964,-30.1523580193263,-0.115171970327623,0.140986307063306,0.0247998864110803,-0.00428742137537577,-0.010333773813805,-30,0,0,0,0,0,4,3,-2.17527260245538,0.659086078192822,0.751404767253888,0,0,0
804,-30.2797164916298,-0.000249395285093332,0.152063724555212,0.00977605670781498,0.00218654268035769,-0.00971194377750889,-30.2139252804018,-0.0204122784977299,0.11878995744828,0.03354645619585,0.00685706727395424,-0.00509116171532237,-30,0,0,0,0,0,4,3,-2.92679505878144,-0.644882170399964,0.271536256635676,0,0,0
805,-30.2709426670153,0.00161467747774222,0.143421086327276,0.00777226299267464,0.00154159710226177,-0.00757271259297848,-30.2309628074311,0.107727763917975,0.190732448237027,0.0126305646097973,-0.0013226938770195,0.00147083859103641,-30,0,0,0,0,0,4,3,-0.801130846117562,-0.0831861401340001,-0.528548755577696,0,0,0
806,-30.2636549675373,0.00311468032735148,0.135907749304248,0.00680318792234524,0.0014584029585289,-0.00745365724925822,-30.2068529566557,0.12636967295959,0.0795989625449162,0.00772388032843606,-0.00533041157567742,-0.0170184010807372,-30,0,0,0,0,0,4,3,-0.358682119532153,0.280301811648563,1.54264218298389,0,0,0
807,-30.2564744852765,0.00471322168591225,0.129129887032123,0.007558203611882,0.0017386735931625,-0.00610229776383961,-30.1650498833963,0.178784899168572,-0.0175515687680112,0.00628658673386495,0.0155490792852118,-0.00811188680741452,-30,0,0,0,0,0,4,3,-0.298558906593959,-1.91247772685833,0.846291818277474,0,0,0
808,-30.2487504685499,0.00549564925520158,0.123425432416354,0.0078900836571026,-0.000173823292857392,-0.00530671066610244,-30.255537449717,0.0317254079280027,0.0876442287999571,0.00182474931233326,-0.0250487239336823,-0.0126452574487262,-30,0,0,0,0,0,4,3,0.328599968200767,2.44142157751222,1.08923728727271,0,0,0
809,-30.2403805023948,0.00654253479781129,0.118394171079424,0.00885002761120877,0.00226758804039966,-0.0047561066510259,-30.2871535307123,-0.063429834217117,0.066648345747365,0.0101061079900982,-0.008026867058916,0.0160506344124015,-30,0,0,0,0,0,4,3,-0.436303737585224,0.929546374325833,-1.73836013273488,0,0,0
810,-30.2322873116606,0.00927490799478213,0.113128856945718,0.00733605127192653,0.00319715254927187,-0.0057740532734547,-30.2146182850918,0.0230466365135397,0.046094541587993,0.016974773744191,0.00582331144412783,0.00219887085967614,-30,0,0,0,0,0,4,3,-1.26824080423556,-0.628424417439862,-0.3120761691436,0,0,0
811,-30.2255332566788,0.0121578409499295,0.107653654411212,0.00617225159287503,0.00256870732384706,-0.00517599135360438,-30.3548839570511,0.0359479390769928,0.233154436393601,0.0156230836402939,-0.00428235019148604,-0.00145327975654153,-30,0,0,0,0,0,4,3,-0.852540449927291,0.356339140994618,-0.320980897133048,0,0,0
812,-30.2197923903748,0.0149047142170083,0.102633693721864,0.0053095862734339,0.00292503419761978,-0.00486366209986508,-30.2519901683782,0.0363487345970721,0.00134935864424872,0.0361374294110094,-0.00420020400759409,-0.0227991802511441,-30,0,0,0,0,0,4,3,-3.10976260434457,0.347322931565265,2.27721930782592,0,0,0
813,-30.21486484355,0.0180033640656702,0.0996470474118355,0.00454666758176037,0.00327225891583408,-0.00110939556428253,-30.250886922571,0.185888848075665,0.216124955162806,0.00204937340814358,0.0069161746478596,-0.0148237498271929,-30,0,0,0,0,0,4,3,0.296836504327675,-1.06339516093729,1.05012507239368,0,0,0
814,-30.2098596601937,0.0207439234110381,0.098810062315967,0.00546387906355447,0.00220885347513196,-0.000564846212886889,-30.1651802345091,0.217319227143529,0.208242956446458,-0.00325158190337116,-0.00356929873310331,0.00583693192956263,-30,0,0,0,0,0,4,3,0.655518659355312,-0.0777085809767271,-1.00017910584918,0,0,0
815,-30.2044999412112,0.0229139397092384,0.0976416506814738,0.00525519774322977,0.00213117366619405,-0.00177191055621461,-30.194158991228,-0.133751664400411,0.0922177596900329,0.0232930738662897,-0.000260766637923929,-0.0211797859060761,-30,0,0,0,0,0,4,3,-1.94098940417291,0.293579992593214,1.93354307122754,0,0,0
816,-30.1993086177612,0.0251918717137224,0.0972248097765718,0.00512828488883179,0.00242468441096585,0.000938269792242895,-30.2317932320927,0.106381450487767,0.359836743955385,0.00942910560345928,-0.0153173958480155,0.00178829639852075,-30,0,0,0,0,0,4,3,-0.479324096160503,1.31897668382602,-0.898503127762845,0,0,0
817,-30.1946663897068,0.028276049569932,0.0979824246297563,0.00415606967128607,0.00374366533447744,0.000577259367471664,-30.016439643199,-0.0489485323139074,0.20739065461818,-0.0053491334630116,0.0173008685547876,-0.0160089989986286,-30,0,0,0,0,0,4,3,0.567792632699146,-1.63218979085095,1.1861185906265,0,0,0
818,-30.1899044061688,0.0312036193464837,0.0987891187197428,0.00536804474143709,0.00211146863079445,0.00103576312608081,-30.1405188169352,0.0256830857975259,0.0326186532486871,0.00766652335227883,-0.00609784372873334,-0.00941287862256469,-30,0,0,0,0,0,4,3,-0.485614701357564,0.558418201278282,0.876050555759095,0,0,0
819,-30.1844216992671,0.0335942882219888,0.100297579607242,0.00559766582832844,0.00266986342541306,0.00198109262714145,-30.2372104937422,0.00732920292105793,0.172345466467906,0.00803855683434769,0.00128174837106368,-0.00259107114606554,-30,0,0,0,0,0,4,3,-0.329434695950361,-0.142833242948484,-0.0855838183292585,0,0,0
820,-30.178978302618,0.0361927348698375,0.10234560246757,0.00528917331408297,0.00252702484567779,0.00211504961416847,-30.2268382419303,0.00798328094005819,0.0992468846824095,0.0171094587883243,-0.0125646113259152,-0.00133064789633606,-30,0,0,0,0,0,4,3,-1.25726939497186,1.2404945707114,-0.0654289797312133,0,0,0
821,-30.1741762673238,0.0393399970068505,0.104851047209312,0.00431514294615421,0.00376749500210271,0.00289613941900056,-30.1715761518279,0.11758406471621,0.194477146622881,-0.00376963322307607,0.00799467261904174,-0.0162002010277001,-30,0,0,0,0,0,4,3,0.720115625963477,-1.03463539133659,1.23106580952425,0,0,0
822,-30.1691820950787,0.0425901749172258,0.107939688788131,0.00567332540302502,0.00273285508617298,0.00328073409579026,-30.131831077572,-0.117921254966765,0.0993927691166098,-0.00110304950499949,0.0135723738631087,-0.00938872170792044,-30,0,0,0,0,0,4,3,0.373967105644046,-1.12139487637734,0.740086632558825,0,0,0
823,-30.1631233364043,0.0447623331455087,0.111350016692399,0.00644427750284354,0.00161145629336353,0.00353969381010507,-30.2633848813024,0.229861523497468,0.108104858620571,0.00347149056334021,0.000986402765044889,0.00195530935171402,-30,0,0,0,0,0,4,3,0.179620706270729,-0.558363323499424,-0.411740652412543,0,0,0
824,-30.15675721024,0.0460946170531914,0.114663697110281,0.00628784556822635,0.00105310298529419,0.00308772042033612,-30.1879454977025,-0.0678770768984123,-0.0329896830137092,0.0185947073073548,-0.0120167520797789,-0.0081941711475367,-30,0,0,0,0,0,4,3,-1.48357973533043,1.33742936177472,0.885396480781088,0,0,0
825,-30.1507131610959,0.047816414735687,0.118567167934857,0.00580075165968441,0.00239048861066183,0.0047193736195781,-30.1021175989012,0.0746033330254072,0.0221087068799266,-0.000180989677854196,-0.0116089902048092,0.00306981358230079,-30,0,0,0,0,0,4,3,0.222334165587867,1.01169235443011,-0.351198771989933,0,0,0
826,-30.1449538141297,0.0507127579555315,0.123068594384051,0.0057178177931654,0.00340219090721678,0.00428350719940843,-29.9572133119184,-0.0214704916500685,0.0571525962321852,0.0123176520861654,0.0101545058790754,0.00259993236605191,-30,0,0,0,0,0,4,3,-1.31733858477969,-0.9725096046074,-0.374298429069561,0,0,0
827,-30.1398477410018,0.0536286868730672,0.127651828483027,0.00449451570448071,0.00242966045914369,0.00488333476967481,-30.0559804015003,0.192753183358739,0.0718526650044015,0.00488701730734379,0.00141544854617108,0.00128564115874399,-30,0,0,0,0,0,4,3,-0.376740927733701,-0.527051221334586,-0.272269445883203,0,0,0
828,-30.1355863489535,0.055794823135567,0.132551671776989,0.00402828692987657,0.00190260584255409,0.00491649978128831,-30.1466970141168,0.0621064601804835,0.144833840908657,0.00307700256466925,-0.0014675784698041,0.0192287790308141,-30,0,0,0,0,0,4,3,-0.0143062282332472,0.0225449266194432,-2.21254558489872,0,0,0
829,-30.1323227437774,0.0577087218385991,0.136653613668782,0.00249844193228547,0.00192518479191917,0.00328785311176158,-30.0638492503492,0.0785190914567501,0.307546362555208,0.00527237994347169,-0.00335914793402373,0.00790927050228289,-30,0,0,0,0,0,4,3,-0.399539493648733,0.178876610488873,-1.4060197753387,0,0,0
830,-30.1304547441763,0.0597233544570661,0.139554113233659,0.00123733091776624,0.00210407512724505,0.00251352716514628,-30.2112257361003,0.000516863371515006,0.056665257708957,0.00355787448071092,-0.00676797144977523,0.0246655163622019,-30,0,0,0,0,0,4,3,0.066664024129443,0.675763418234493,-2.57988215163811,0,0,0
831,-30.1300808189024,0.0621653348090505,0.141094183848568,-0.00049005898883727,0.00277987990312148,0.000567136467998452,-30.0822150973778,0.129344626299671,0.25843965030015,0.00371179147055044,0.00500848185792853,0.0170147114638323,-30,0,0,0,0,0,4,3,-0.206748952299526,-0.759537438392194,-2.21835044698353,0,0,0
832,-30.1314116317251,0.0645654652900108,0.140914735483682,-0.00217200526016198,0.00202037268500547,-0.000925529948172275,-30.1827939598476,0.164561192068174,0.144810268908326,-0.00943217520759102,0.00430848386912634,-0.00841018966734183,-30,0,0,0,0,0,4,3,1.30880544045423,-0.759970771048982,0.55139842891753,0,0,0
833,-30.1329243669691,0.0662058646340924,0.139732052770643,-0.000853611683213009,0.00126041983564228,-0.0014402299363644,-30.0571506119866,0.23717193798398,-0.0422934437242765,-0.00148396345400982,0.00727925593012123,0.0122181578968812,-30,0,0,0,0,0,4,3,0.262697569374175,-1.20226946898008,-1.13722890223956,0,0,0
834,-30.1340790587364,0.0668651647312088,0.137778480343883,-0.0014560731915178,5.81733155920015E-05,-0.00246673551871777,-30.332655668807,0.209565078999816,0.315727130640679,0.0118396444745048,0.0183463498324158,-0.00410083471012245,-30,0,0,0,0,0,4,3,-0.518653109836539,-2.25376514124121,-0.221370790269113,0,0,0
835,-30.1358065541567,0.0657964544195721,0.135400092915565,-0.0019988569061388,-0.00219559888309863,-0.00228987461807079,-30.2091646064755,-0.033944382264521,0.112736140790922,-0.0142416625975146,-0.00444972010679361,0.0113084014860942,-30,0,0,0,0,0,4,3,1.84249547270239,0.512860775208403,-1.35631243019126,0,0,0
836,-30.1376090607184,0.0638573175006392,0.131975521096832,-0.00160682731537678,-0.00168267981063406,-0.00455938692599588,-30.2326925501224,-0.17890326903569,0.174632203187674,-0.00157156414320246,0.00296582012756344,-0.00692682048924901,-30,0,0,0,0,0,4,3,0.622541514565069,0.0612245253150359,0.343417642549553,0,0,0
837,-30.1388799601026,0.0622052557827263,0.127317565689431,-0.000935022435430252,-0.00162144802076647,-0.00475672269933958,-30.1270717009915,-0.039549393937063,0.0411642826199152,0.0195507678118191,0.0143473986853328,0.00742243151786978,-30,0,0,0,0,0,4,3,-1.70093337919893,-1.35564108065916,-0.824571717026808,0,0,0
838,-30.1407240195826,0.0599059792884914,0.122837325031495,-0.00275292389968535,-0.00297711071711834,-0.00420321824939475,-30.1953189667644,-0.0923629879310625,0.207516587683926,-0.000575711793477295,0.00464550587837897,-0.00730149516887029,-30,0,0,0,0,0,4,3,0.448209112876495,-0.279824611975772,0.315116341519177,0,0,0
839,-30.1432138320145,0.0567889610539233,0.118585579672443,-0.00222672206997664,-0.00325693114951149,-0.0043004283798125,-30.2236343702057,0.266880235522235,0.144934008910869,-0.00933804811739905,-0.0120747234316702,0.0110631534809595,-30,0,0,0,0,0,4,3,1.38107355215124,0.673711872122552,-1.39618336591768,0,0,0
840,-30.1454289746233,0.0538689147204602,0.113294649282385,-0.00220414412911917,-0.00258316968938078,-0.00628143989004143,-30.1224886284029,0.118298817734917,-0.0229041373867133,-0.0134786914258535,-0.0138631749952694,0.00153351305868579,-30,0,0,0,0,0,4,3,1.5928463993911,1.14971986405711,-0.107543031095152,0,0,0
841,-30.1471023845914,0.0518606245941124,0.106416421999645,-0.00114301687778265,-0.0014334159440803,-0.00747532619319917,-29.8906239163914,0.142057236231476,0.0515754307529298,0.00695978479535472,0.00080866600308897,0.00838783546260987,-30,0,0,0,0,0,4,3,-0.914730646752754,-0.364981072771848,-0.941934407766847,0,0,0
842,-30.1489111949443,0.0502447192596278,0.0989062284223848,-0.00247461514909549,-0.00179840091814545,-0.00754466584319358,-30.0954415715174,0.0343730875340764,0.323759929541191,-0.0121317872574489,0.0105368804831924,0.00781479333135998,-30,0,0,0,0,0,4,3,1.40406186877968,-1.1224342233874,-1.42899919221838,0,0,0
843,-30.1513808565092,0.0478851290430307,0.0903513676406659,-0.00246529837290354,-0.00292078458654005,-0.00956505778194737,-30.2628350312465,-0.0411694084120309,-0.275558265513088,0.00966787623268788,0.00587321390187145,-0.00807056578485063,-30,0,0,0,0,0,4,3,-0.44111756077569,-0.504982573363083,1.35817310951124,0,0,0
844,-30.1535475915426,0.0447118407838829,0.0814211100308443,-0.00186778720220284,-0.00342579714469056,-0.00829563470544288,-30.2990316804119,0.0971903013170543,0.119921763636917,-0.000132501264353642,-0.00558390196200046,-0.00672139824285966,-30,0,0,0,0,0,4,3,0.611313487259101,0.364009593565938,0.432296297012133,0,0,0
845,-30.1550552979786,0.0414680530368229,0.0730614935911327,-0.00114765620212848,-0.00306178189300573,-0.0084238105727991,-30.0068959691219,0.0202556301159838,-0.022956971212038,-0.00378166879270524,0.0147492795018652,-0.014685156604595,-30,0,0,0,0,0,4,3,0.391958817514287,-1.51543921041849,1.51442960288358,0,0,0
846,-30.1555480065803,0.0376485468308478,0.0650397160828188,0.000162485988448797,-0.00457723665598911,-0.00762013141513029,-30.2065616224454,0.0299717524624317,0.222166526805301,0.0140805181056734,-0.0187068052536825,-0.00567805458945175,-30,0,0,0,0,0,4,3,-0.994928565676563,1.81073702044338,0.123472405334574,0,0,0
847,-30.1557117086709,0.0339766709160963,0.0577982706681113,-0.000489656678764817,-0.00276652168040057,-0.0068625663650242,-30.1256105736996,0.188822274640603,0.0277556612385735,-0.0113694091795776,-0.00522063624898389,-0.0132536231087617,-30,0,0,0,0,0,4,3,1.38816206535688,0.144419075617184,1.26985098839902,0,0,0
848,-30.1552702637193,0.0312823668758299,0.0509034815296547,0.00137253662277579,-0.00262209421620102,-0.00692755887400512,-30.2251603403208,-0.0996185273609562,0.207173611119952,0.0141656117959025,-0.0121146572976,-0.0217626022178657,-30,0,0,0,0,0,4,3,-0.966240498948686,1.41070278448191,1.76191299954667,0,0,0
849,-30.1536450873286,0.0293656029913884,0.0449350873309248,0.00187839015379026,-0.00121143829600281,-0.00500937707141424,-30.1719387278849,0.0237011785083347,0.180747479669068,-0.00799930101566373,-0.00638526919654661,0.00424849480034426,-30,0,0,0,0,0,4,3,1.14380755733609,0.591124562637991,-0.786344439372563,0,0,0
850,-30.1516352801117,0.0284497474110752,0.0392347672197141,0.00214082748223583,-0.000620278402966927,-0.00639133775820829,-30.2529455071676,-0.0687534199166334,-0.0637784303210381,0.016239238415467,-0.0124529152941461,-0.00272174955458732,-30,0,0,0,0,0,4,3,-1.11803282721145,1.38279836924787,0.399731816100808,0,0,0
851,-30.1497674459891,0.0285208568318842,0.0333639212703684,0.00159516145436176,0.000762491151353397,-0.00535019024266496,-29.9599195017003,0.0586676128210957,-0.0261947529373737,-0.00224531108458766,0.00762984788694481,-0.01580657827081,-30,0,0,0,0,0,4,3,0.144370111859327,-0.880320014336673,1.63304733295575,0,0,0
852,-30.1475619185501,0.0288431799023371,0.0285404873093924,0.00281621079804489,-0.000117851265274658,-0.00429703540902657,-30.161790912462,0.06584988493774,-0.040537918338061,-0.0132608129056084,-0.00106184002540087,0.000546515827359428,-30,0,0,0,0,0,4,3,1.64966311548478,-0.0255157673353927,0.0264242539401793,0,0,0
853,-30.1441508001487,0.0287125897110724,0.0236684619358473,0.00400569761771624,-0.000143334079496896,-0.00544736126228442,-30.2057401720306,0.125436512202289,0.0210299364711855,-0.00280300793566805,-0.00258530497826812,-0.0225959581284698,-30,0,0,0,0,0,4,3,0.691781137628015,0.00765747342223333,2.2175359399046,0,0,0
854,-30.1391342264541,0.0285730762025318,0.0187656899993515,0.00602777782488155,-0.000135696996978032,-0.00435877345030128,-30.2507732127011,0.11879803625375,-0.0735521661864012,0.0010985358894524,0.0068014934461122,-0.0164611967904552,-30,0,0,0,0,0,4,3,0.391692836456893,-0.91774541711872,1.79322401141832,0,0,0
855,-30.1323499478442,0.0279784982551585,0.0149015956307183,0.00754107941853933,-0.00105346229626178,-0.00336985437585436,-30.1920022475799,0.0510674176445443,-0.0312640491442378,0.0241238409849161,0.00834123096416453,0.0137038695360013,-30,0,0,0,0,0,4,3,-2.02837960333181,-0.936257931705541,-1.30785885531166,0,0,0
856,-30.125999426536,0.026456899571508,0.0117533426141614,0.0051601024205245,-0.00198974097117082,-0.00292595259674831,-29.9083070052577,-0.2018822357531,-0.138365910380997,0.0163699795665985,0.00369048577539358,0.00683646958110517,-30,0,0,0,0,0,4,3,-1.82038394614451,0.0347158939668418,-0.406915137348524,0,0,0
857,-30.1216411976702,0.024484502205636,0.00930206828579542,0.00355664124949768,-0.00195505559212823,-0.00197612610059908,-30.1549113681223,-0.0827002089029003,0.196540029768652,-0.00882080851628212,0.0186986717036271,-0.00861658385414999,-30,0,0,0,0,0,4,3,1.19190358787282,-1.70446675255691,0.468578325877695,0,0,0
858,-30.1175000595802,0.0216772238348984,0.00706686204199345,0.0047254916586956,-0.00365950549924314,-0.00249462356744289,-30.1196820153148,-0.0984471701851153,0.134878750183202,0.00121822527672796,0.00802351628502916,-0.00777456769609437,-30,0,0,0,0,0,4,3,0.117541502956828,-0.605457288132686,0.507699269243033,0,0,0
859,-30.1125620490811,0.0177149894827982,0.004700622107288,0.00515061234654435,-0.00426496828403623,-0.0022379766825362,-30.1124667602146,0.150181695459845,-0.0537411168729109,0.0062672829572685,-0.00672446199818882,0.00283037939118852,-30,0,0,0,0,0,4,3,-0.401794775297582,0.372082808899192,-0.17555570537303,0,0,0
860,-30.1076230283646,0.0136360622619687,0.00252696670094069,0.00472747365624364,-0.00389289088351637,-0.00210920679860361,-30.2728407845508,0.194612932629696,0.0219403103729345,0.0110222384139415,0.0141793798435082,-0.00615055891333997,-30,0,0,0,0,0,4,3,-0.556542272292644,-1.80716384961022,0.571175270588128,0,0,0
861,-30.1029018650442,0.00883958193986659,0.000803845141037787,0.00471508399307368,-0.00570007484343029,-0.00133702894007324,-30.1341872892476,-0.159440073196198,-0.0555856080538358,-0.0247568448392772,-0.0109928927445995,0.0076606078080036,-30,0,0,0,0,0,4,3,2.74405906242301,1.41816942085235,-0.654889564692688,0,0,0
862,-30.0974391563748,0.00384862829594709,-0.001738234123579,0.00620964467275895,-0.00428183976291769,-0.00374756198967498,-30.2568085672543,0.184227190227795,0.0572788032774332,0.0279606585959587,-0.0109951073991507,-0.00403242937232609,-30,0,0,0,0,0,4,3,-2.28244872508734,0.731056359459485,0.288685330677742,0,0,0
863,-30.0919523458413,-6.77043355291248E-05,-0.00459861166781436,0.00476450265303791,-0.00355083404425655,-0.00197277105236843,-30.1844818187717,0.0804776066999339,-0.0818378191412432,-0.0097381880880823,-0.0223945137728554,-0.00566521626130017,-30,0,0,0,0,0,4,3,1.34278244635153,2.07849616388567,0.730197264412504,0,0,0
864,-30.0864587393285,-0.00257927970498277,-0.00679229457678933,0.0062225916455219,-0.00147232203874508,-0.00241501243848876,-30.0833734093495,0.176890554992662,-0.0673122083202753,0.0266334758786719,0.00627374133881794,0.0109815961532211,-30,0,0,0,0,0,4,3,-2.49660076916823,-0.981155243867118,-0.963535198681561,0,0,0
865,-30.0814716306513,-0.00454219417128442,-0.0086918125453864,0.00375193274947982,-0.00245351284172196,-0.00138330533990837,-30.0408332535752,-0.0540041919292686,-0.169853087865833,-0.000121415152165693,-0.0129941804643388,6.22528811343548E-05,-30,0,0,0,0,0,4,3,0.0938080223669427,1.40742643029242,0.333480887618231,0,0,0
866,-30.0775753140996,-0.00629199212252339,-0.0100008373591636,0.00404075170249061,-0.00104608968322598,-0.00123482454964293,-30.06405132147,1.13351447392652E-06,0.0484849253922059,-0.0136375324639294,-0.000112297905991961,-0.00140551183001029,-30,0,0,0,0,0,4,3,1.49185588933284,0.0112275235702483,0.0435813322166169,0,0,0
867,-30.0729925809067,-0.00733245036691572,-0.0117546651541132,0.00512442487562704,-0.00103483266183113,-0.00227313951598903,-30.1070826116418,-0.0607034691978733,0.0454568056928792,0.0262744985303713,-0.0126085791561736,-0.017878087193561,-30,0,0,0,0,0,4,3,-2.41328462975346,1.38226485401311,1.69689510797034,0,0,0
868,-30.0681407181528,-0.00767618597768716,-0.0125896958337655,0.00458013653124984,0.000347357064422126,0.000603239008631261,-30.0127317466925,0.00280233248961767,0.0733067163216057,0.00566271078724497,-0.000669588508186562,0.00158677961810429,-30,0,0,0,0,0,4,3,-0.540807585339407,0.0613541858394209,-0.30529139445364,0,0,0
869,-30.0638650453079,-0.00729815202972852,-0.011918118306856,0.00397125581209055,0.000408705044564699,0.000740093931313683,-29.889349333866,0.126221088785229,0.0231648163021263,-0.0115552782066315,-0.00677396490288122,-0.0155884661345049,-30,0,0,0,0,0,4,3,0.934226488395178,0.424954312717664,1.51251698084624,0,0,0
870,-30.0590348993786,-0.00667696953113582,-0.0109788972325936,0.00568915636705332,0.000833654795196811,0.00113785680593776,-30.1507474479055,-0.0338556480213359,0.135171990258291,0.000928557583903723,-0.0053501638554705,-0.00144965843228441,-30,0,0,0,0,0,4,3,0.208639137420539,0.602727681589721,-0.12537813728814,0,0,0
871,-30.0533197636359,-0.00554194482192163,-0.00997194380718528,0.00574104710887355,0.0014363886383077,0.000876039267709308,-30.1589619364826,-0.255570920690688,0.0868388522100205,0.0164466105556687,0.0011579343833444,-0.00204473735991369,-30,0,0,0,0,0,4,3,-1.32673718260164,0.395348403046936,0.0307960315713281,0,0,0
872,-30.0480445225174,-0.00390789252567237,-0.00863203613167519,0.00480970857365784,0.00183170972949036,0.0018040473740491,-29.9453590149753,-0.0668373094309476,0.010974403470198,-0.00680928020069926,0.0131000177018886,0.00893523137496285,-30,0,0,0,0,0,4,3,0.571646050020503,-1.17632715132697,-0.915471944436681,0,0,0
873,-30.0433570873088,-0.00266433173254133,-0.00736700285021015,0.00456486105079026,0.000655408337152716,0.000726093185933623,-29.8431924371762,-0.152734120340395,0.110472879440435,-0.00547146973033532,-0.0154684749310171,0.00743999396278879,-30,0,0,0,0,0,4,3,0.233531847385845,1.85231573378249,-0.964945155159748,0,0,0
874,-30.0390530030936,-0.00108275237848497,-0.0070783648561964,0.0040430638951402,0.0025077437549953,-0.000148665445532655,-30.1491169553906,0.0716629627156449,0.00797552455451757,0.0129891458637307,0.0164676900889189,0.013216715405834,-30,0,0,0,0,0,4,3,-1.0006806755918,-1.79009493432318,-1.33762258969243,0,0,0
875,-30.0358410537966,0.000529946726019419,-0.00736227071307518,0.00238076403886653,0.000717649323226365,-0.000418667844144172,-29.9294856752001,-0.155106726995813,0.00306413493598615,-0.0064114000115436,0.0100037157519928,-0.00980707231685508,-30,0,0,0,0,0,4,3,0.500111351554599,-0.690158121207654,0.974578961813536,0,0,0
876,-30.0329447812423,0.000902516748188267,-0.00762199598762259,0.00341187774408589,2.74862080181251E-05,-0.000101073689061836,-30.0740172489227,0.123552961686937,0.169135022159709,0.000598104485835888,-0.00771405367834131,0.00852955331211842,-30,0,0,0,0,0,4,3,0.0882240492618765,0.524299444460256,-1.19122537553126,0,0,0
877,-30.0299261108577,0.00119216565571399,-0.00818852348624406,0.00262520394308316,0.000551805911432782,-0.00103175477228881,-29.9484414700496,0.010584124239297,0.0930171427000782,0.0053004331640083,-0.0128238003172728,-0.00176738777669433,-30,0,0,0,0,0,4,3,-0.63316037630157,1.26121178324869,-0.0092955077307231,0,0,0
878,-30.0275342235519,0.0023745732315627,-0.00901159815305121,0.00215869591407865,0.00181300502914303,-0.000614257955969609,-29.8878716460438,-0.00517120162775024,-0.0229670421714068,0.00787419283269163,0.00685511407743987,-0.00922604396724964,-30,0,0,0,0,0,4,3,-1.01167599118147,-0.675169004488486,0.968538481067777,0,0,0
879,-30.025397842362,0.00384997977905867,-0.00893669202917182,0.00211446901222219,0.00113780054435885,0.000764084580436735,-29.8863415447005,0.0014641675596098,-0.019525404340433,-0.0034742356120159,0.00705564631880205,-0.00571812686010819,-30,0,0,0,0,0,4,3,0.120106650602618,-0.708492966999425,0.610863494691685,0,0,0
880,-30.0230297151628,0.00463353310057054,-0.00800943195070953,0.00262188357001552,0.00042930053254353,0.00109029373334635,-29.9984292692442,-0.0594569569976364,-0.170553987639537,-0.00544208934237056,-0.000808950048756898,0.0216925889695084,-30,0,0,0,0,0,4,3,0.541067472725453,0.199808918870963,-1.82815092167176,0,0,0
881,-30.0208658515106,0.00516276083142859,-0.00776859691320398,0.00170536692461978,0.000629148745365588,-0.000608360638539428,-29.8982619514229,-0.0512538993595507,0.0895064160005038,0.0204923487161625,0.0076122390044045,0.0208389318789439,-30,0,0,0,0,0,4,3,-2.25271096877042,-0.658716101721349,-2.2629060198954,0,0,0
882,-30.0207621697168,0.00546254963891417,-0.00839266214065265,-0.0014980043598611,-2.95778347468277E-05,-0.000638858389161938,-29.9759282763269,0.103507700957884,-0.0319366368067311,-0.00312792922398003,-0.00141561668102055,-0.0126646997026534,-30,0,0,0,0,0,4,3,0.264649475051798,-0.0654537338137132,1.33034324387881,0,0,0
883,-30.0217015826673,0.00540023933425611,-0.00866330947629701,-0.00038060257240924,-9.5046847359695E-05,9.72511444158088E-05,-30.1479121490863,0.0140888779030157,-0.0668777203549822,-0.00577546309484158,-0.00665236327788456,-0.00188943592084884,-30,0,0,0,0,0,4,3,0.873370607656827,0.637058571982425,0.322699032794849,0,0,0
884,-30.0216641053837,0.00562373038591995,-0.00877022321254342,0.00045544630549785,0.000542024385335934,-0.00031131217033286,-29.7316525540315,0.0157268329049173,0.0161525323052571,0.0121227680735444,0.00044729820771998,-0.00725663331496158,-30,0,0,0,0,0,4,3,-1.74897169929139,-0.0761834865818326,0.693358266885643,0,0,0
885,-30.021586190054,0.00612764358147888,-0.00822761632373049,-0.000299128045252918,0.000465794771110088,0.00139674213241183,-30.1517032090531,0.0725644591505392,0.057031553073431,-0.00264578013340773,0.00318848726084904,-0.00400033727522284,-30,0,0,0,0,0,4,3,0.56798443144705,-0.463977644385982,0.285970621375422,0,0,0
886,-30.0215875303829,0.00636145792156241,-0.00694041026397357,0.00029638854432888,1.82418168025151E-06,0.00117750559905701,-30.1680657288767,-0.00718488505919737,-0.0531651698913711,-0.00219718978116728,-0.0153744677937659,-0.00930162230064606,-30,0,0,0,0,0,4,3,0.555850435870103,1.55181654949499,1.03649256984735,0,0,0
887,-30.0207319600958,0.00713919033859394,-0.0056037632759711,0.00141484758449283,0.00155363589723328,0.00149547270572842,-30.0328153299543,0.00240038930855286,0.011018790387818,0.00846022068507456,-0.00398879838817072,-0.00676354784709375,-30,0,0,0,0,0,4,3,-0.780391408598941,0.394079060199967,0.654317203933739,0,0,0
888,-30.019364365923,0.0088898586634824,-0.0036112988228841,0.00132062428203929,0.00194768902552318,0.00248948998508818,-29.9762527943507,0.0958973582468388,-0.139349644405954,-0.00872202807524804,0.00649737032723059,-0.000377702402657876,-30,0,0,0,0,0,4,3,0.824708396226303,-0.841531749216737,0.316469529077696,0,0,0
889,-30.0176441735903,0.010416789771264,-0.0013130251347035,0.00211965697345853,0.00110616904879385,0.00210683402825096,-30.104666976195,-0.184333264438133,0.197763870607458,0.00186063646813045,0.0024086427787315,0.0101581559300965,-30,0,0,0,0,0,4,3,0.023270305576995,0.127802251003115,-1.41134333422456,0,0,0
890,-30.0160206520519,0.0115868727114773,0.000277623824053456,0.00112710310166093,0.00123399365448407,0.00107474293948756,-30.1950948401061,-0.0973407323845316,-0.1102402766577,-0.0117772577543494,-0.00684281032176141,-0.00468292222836275,-30,0,0,0,0,0,4,3,1.56791545564706,0.878962496945204,0.688772776151675,0,0,0
891,-30.0141011191378,0.0132603594976873,0.00102808710305431,0.00271178748498092,0.00211297718105576,0.000425739192030292,-30.0253580269665,0.0683945209741145,0.19305448793814,0.00996604563220879,0.00159029292571683,0.00208363230939446,-30,0,0,0,0,0,4,3,-0.945888509287927,-0.295818334519912,-0.594472206815725,0,0,0
892,-30.011937827725,0.0152254256123753,0.00156958403409404,0.00161486511805758,0.00181714892987477,0.000657566843173987,-30.0795635929324,0.082421814367853,-0.0273229290048419,0.0107703367724122,-0.00189338532863257,0.00804795169665574,-30,0,0,0,0,0,4,3,-0.917906491376475,0.0244949041275514,-0.75014931165589,0,0,0
893,-30.0109167362987,0.0170548200709358,0.00227915159571511,0.000427352827692563,0.00184163689939585,0.000761902799679217,-30.1393998211491,-0.00515540232924274,0.0988696286749352,-0.00924668676291628,-0.0275865185038053,-0.0195688042202643,-30,0,0,0,0,0,4,3,1.20346831858985,2.76896265503902,1.75914116467656,0,0,0
894,-30.0094450997813,0.020280939748479,0.00322170888406047,0.00251602752033129,0.00461059661424602,0.00112263123361417,-29.9598694337074,0.0853148338659863,-0.0276606720414127,0.0165815574449189,0.00821071737390182,-0.00842978698454219,-30,0,0,0,0,0,4,3,-1.73841687707706,-0.991701405122155,0.898300042537044,0,0,0
895,-30.0072242086484,0.0243956634901845,0.00526753111739337,0.00192627650980663,0.00361884611607014,0.00296918124476116,-30.0900804226866,0.0279493953923645,-0.0695146779774705,0.00806855027901799,0.0136300000369961,-0.00757257078870703,-30,0,0,0,0,0,4,3,-0.626694182528512,-1.41889879448434,0.896286434825644,0,0,0
896,-30.0052019057514,0.0273050489980683,0.00876392535067274,0.00211862731262939,0.00219992074995927,0.00402355435465934,-30.0351066179024,0.000478154189859165,0.0631000496709929,0.00723146370344606,0.00669880744867885,-0.019296887036228,-30,0,0,0,0,0,4,3,-0.652933134539849,-0.670837053247603,1.80348860428081,0,0,0
897,-30.002672425348,0.0291695340151558,0.0136422280348683,0.00294081560416428,0.00152904252177987,0.00573282554504963,-29.8007537725044,0.0094345337783922,0.0436906287764799,-0.00157720017425301,-0.0025602667056315,0.00994441114134508,-30,0,0,0,0,0,4,3,-0.240772437565835,0.237157603006365,-1.08182237168747,0,0,0
898,-30.0002030708235,0.0308171628506358,0.0190703877335941,0.0019977306360121,0.00176621203047328,0.00512375912823427,-29.8631893587337,-0.0916862715276996,-0.033685176102194,-0.00614766513000044,0.00652151559897175,-0.00842924449238805,-30,0,0,0,0,0,4,3,0.341145230467492,-0.468779016841775,0.910294801443193,0,0,0
899,-29.9977629778014,0.032348984222884,0.0243809976699603,0.00288256535924444,0.00129742579789295,0.00549721865380208,-29.987967769373,0.0827803005022777,0.053750810545881,0.0077788253642117,-0.0127186225665196,0.021311535505168,-30,0,0,0,0,0,4,3,-0.801946997675113,1.10630165564741,-2.23865517160856,0,0,0
900,-29.9959616321497,0.034199572374066,0.0293691247513512,0.000719848008052083,0.00240374595046785,0.00447963994625169,-29.8849644381799,0.00506620062022788,-0.0859118963090089,-0.000594689043475937,-0.00622997989918158,-0.00143921516292555,-30,0,0,0,0,0,4,3,-0.170602219292657,0.612865588677702,0.315745308910573,0,0,0
901,-29.9951909515978,0.0369097499687086,0.0340104013520878,0.00082161005921769,0.00301660319239186,0.00480288844156803,-29.8586338841592,0.0293586814893821,-0.0611162514597419,0.0147308740790084,-0.00216327831339804,-0.0135284978227597,-30,0,0,0,0,0,4,3,-1.75581963958239,0.15761046836104,1.47508228519545,0,0,0
902,-29.9944588181037,0.0400051321194804,0.0399466904189942,0.000643289756007902,0.00317415527066268,0.00706974126253978,-30.0219653289021,-0.0335805304354206,-0.0159067881047367,-0.0125379972973808,0.000134283226131404,0.00647393275214348,-30,0,0,0,0,0,4,3,1.29773038754235,0.0537327382577007,-0.615579699004875,0,0,0
903,-29.9935823958343,0.0432061738158132,0.0463276555413565,0.00110917763941579,0.00322792380229187,0.00569206359630802,-29.9645063693062,0.00385777811708546,-0.0710795045863335,0.0131357238380231,0.00351169698138636,-0.00390375966279125,-30,0,0,0,0,0,4,3,-1.38455964518996,-0.358885254372807,0.532534975451792,0,0,0
904,-29.9927681798376,0.0462546394748135,0.0526909027211689,0.000519629192848675,0.00286900228552463,0.0070345978501882,-29.9648024182346,0.00512769989454493,0.147791301799778,0.0126541249830716,-0.00445955218069582,0.0160275680937274,-30,0,0,0,0,0,4,3,-1.33580766183797,0.435699818280492,-1.89833941297229,0,0,0
905,-29.9933950020703,0.0493414958370826,0.0595306308627654,-0.00177337747220131,0.00330470452405515,0.00664549319868026,-29.9158776574896,0.0893085230009893,0.229258442131065,0.0142122250085976,0.0126163227950783,-0.0128422936188316,-30,0,0,0,0,0,4,3,-1.58946718588065,-1.44024932550981,0.825712477621031,0,0,0
906,-29.9954286461443,0.0519260562936924,0.0670249309715002,-0.00229343852352134,0.00186441024663185,0.0083432521748431,-30.0650793263074,-0.017887967758647,0.149608953384642,-0.00244758776668895,-0.0014305577582407,0.0041581589105205,-30,0,0,0,0,0,4,3,0.37491742928367,0.178831711341364,-0.715033797821333,0,0,0
907,-29.9978473344827,0.0538798942738262,0.0749763511327264,-0.00254415100185245,0.0020432606276589,0.00755965961448235,-30.1033555932871,0.0205261578869488,0.0137132515760793,0.0169925147578568,-0.0125398025048093,0.0136880366012345,-30,0,0,0,0,0,4,3,-1.49254028921145,1.21292793470703,-1.3962301632756,0,0,0
908,-30.0014126796749,0.0565296170019433,0.082576023570113,-0.0045865139834126,0.00325618002727552,0.00764024841305948,-29.988419251457,0.0316938170441583,0.0575748972217196,-0.00709471250963865,0.000610014581189354,0.001165793050319,-30,0,0,0,0,0,4,3,0.686309753877879,-0.124389092207252,-0.231729099475339,0,0,0
909,-30.0058434487261,0.0597236145253798,0.0898826553959955,-0.00427520341775277,0.00313180841118007,0.00697293300926316,-29.9332793381826,0.280152004004282,0.0496533220809874,-0.0094355060205959,0.0207602617231358,-0.00197888401420045,-30,0,0,0,0,0,4,3,0.810109278424721,-2.63633018032214,0.0985817572580701,0,0,0
910,-30.0098018387195,0.0615372684492459,0.0965923389700793,-0.00364171885625424,0.000495493087157111,0.0064462604002409,-29.9715232010108,0.147661750942418,0.348075452962452,0.0199083073313226,-0.000494908286468949,0.00853892220026236,-30,0,0,0,0,0,4,3,-2.04778433111065,-0.245832673237941,-1.55004312595114,0,0,0
911,-30.0147137692867,0.0619098399095317,0.103226636465023,-0.00618203603225618,0.000249643031765488,0.0068230338003234,-30.0420793438405,-0.0260295866094885,0.225616234583124,-0.00899505708584917,0.00197093055667576,-0.00840827241146091,-30,0,0,0,0,0,4,3,0.98366439626595,-0.145033882448598,0.389594771979842,0,0,0
912,-30.020414467695,0.0620869755818658,0.109826094858853,-0.00521948121724498,0.000104623008829838,0.00637561842733302,-29.9166693346044,0.220771691520349,-0.0583571761792528,0.00990427974120923,0.00442728300995943,0.00834212342891202,-30,0,0,0,0,0,4,3,-1.1570893049121,-0.88427168403664,-0.717497990532696,0,0,0
913,-30.0262951375825,0.0617494584761415,0.116361505034992,-0.00654176546150708,-0.000779660951559927,0.00669556510319568,-30.0890100060023,0.0407218190308462,0.0241655704303714,-0.00615042826522515,-0.00327994743623346,0.00217139038111831,-30,0,0,0,0,0,4,3,0.793062838527088,0.246551105561654,-0.265470178972574,0,0,0
914,-30.0326575860134,0.0610930854344385,0.122674037633563,-0.00618333846028769,-0.00053308968637283,0.0059294044923566,-30.1498549763885,0.197180284843448,0.0304076024000862,-0.00985296457045769,0.00895660937230042,0.00369157757291764,-30,0,0,0,0,0,4,3,1.28500640982275,-1.29002150691694,-0.429972962091937,0,0,0
915,-30.0385505235325,0.0599150036152075,0.127986031610259,-0.00560286722130705,-0.00182307853373466,0.0046944252302929,-29.9249942776369,0.124995072876202,0.0933788633957399,0.0116771750326426,-0.0131607713640509,-0.00445775424027511,-30,0,0,0,0,0,4,3,-1.31772894799045,1.06608699065269,0.259017697236031,0,0,0
916,-30.0445195792656,0.058624955684992,0.133238380218092,-0.00633493653816202,-0.000757022210231506,0.00581047244501987,-30.0547072810291,0.118016580987207,0.165439529138928,-0.00480603319846884,0.00537794076293352,-0.00996418893768299,-30,0,0,0,0,0,4,3,0.59001788190514,-0.773827238267767,0.665539835490442,0,0,0
917,-30.0504115333471,0.0574810230314921,0.139061531700128,-0.00544896006241529,-0.00153084783300846,0.00583559049009531,-29.7824849614235,-0.0655838266253193,0.25511760655263,-0.0157905242418175,-0.00395993179716667,0.028695937849363,-30,0,0,0,0,0,4,3,1.14402234702884,0.527160832967306,-3.37982899804156,0,0,0
918,-30.0566826429499,0.0562137964275464,0.143306801097657,-0.00709412190324191,-0.00100361144695707,0.00265539915569521,-30.1535139284669,0.17606546365684,0.250079020975873,-0.0034048862023187,-0.00148694812933061,-0.00465605211962925,-30,0,0,0,0,0,4,3,0.647516477165613,-0.20343611438062,-0.0345528299888208,0,0,0
919,-30.0635678688518,0.055108475962259,0.145711485988736,-0.0066764643367786,-0.00120703393033992,0.00215385549181839,-30.1013767914246,0.040144170929484,0.148516906468673,0.00339455883156871,-0.00192029708598141,0.0035471981192609,-30,0,0,0,0,0,4,3,-0.136702300307688,0.111741366739173,-0.651753624863437,0,0,0
920,-30.0705300246253,0.0539573201902548,0.147683314233322,-0.00724794074575102,-0.00109528522550008,0.00178995753411555,-30.0934179080648,0.145459260969973,-0.0743522987945746,-0.0150945475467267,-0.0116700578568967,-0.00404935638268389,-30,0,0,0,0,0,4,3,1.69629057080236,0.876087263749721,0.553640235857538,0,0,0
921,-30.0769945350768,0.053300096064489,0.149047654047621,-0.005681302595241,-0.000219172237176745,0.0009382927373368,-29.9438020778856,-0.01317638135876,0.118825333112736,-0.0198107547759932,-0.00717562386550358,0.00112662468194922,-30,0,0,0,0,0,4,3,1.86867963337045,0.743915149267878,-0.350313134420394,0,0,0
922,-30.0821597569578,0.0534529054241428,0.149184087396105,-0.00464957098255715,0.000524786141611233,-0.000665704796865094,-29.8284648251278,0.0397861297908038,0.202017703664367,-0.00742655918783871,0.00350688902918915,-0.00216540431041392,-30,0,0,0,0,0,4,3,0.399585569039427,-0.430261162500522,-0.187494976287343,0,0,0
923,-30.0867437016226,0.053762569984881,0.148302562789387,-0.00451842891574531,9.45359722002743E-05,-0.00109737945587484,-29.9683294265893,0.0443452589328915,0.0583218129862159,0.00835505630905062,-0.0114250452832077,-0.00826434398785296,-30,0,0,0,0,0,4,3,-0.898846777726399,1.05381401045499,0.709790772812865,0,0,0
924,-30.0913213099468,0.0543840010320541,0.147768554777151,-0.00463647585295018,0.00114832079547771,2.93966776381445E-05,-30.2065553419428,0.0279307497948016,0.253495449980647,-0.00889183131186277,0.00935055139312826,-0.0169808418317407,-30,0,0,0,0,0,4,3,1.30229381507193,-0.990916638902429,1.19109328321278,0,0,0
925,-30.0950817938462,0.0550368706147768,0.147731823287121,-0.00288452255408951,0.000157412031524824,-0.000103331727315303,-30.2704133962059,-0.0966148986726809,0.113724224699127,-0.00254669120195586,0.0146037479778278,0.00376961596809583,-30,0,0,0,0,0,4,3,0.795495912607308,-1.26714500043742,-0.604410046207838,0,0,0
926,-30.0979148408697,0.0545607279102254,0.147124488289533,-0.00278184125626605,-0.00110970750854871,-0.00111136254648133,-30.1778055050476,0.00558994383113456,0.227632763287528,-0.0118077365416973,0.000577113133240333,0.00954104505791812,-30,0,0,0,0,0,4,3,1.5363846642649,-0.0688912009863024,-1.40937003236687,0,0,0
927,-30.1006817392258,0.0534166036789982,0.144963220799702,-0.00275251503739005,-0.00117854578212833,-0.00321118041725121,-30.2900850661036,0.107460565069288,0.136575166046835,-0.00154348145240692,0.00663858314342374,-0.00949778983706192,-30,0,0,0,0,0,4,3,0.734518277447842,-0.878779444480951,0.676628651612522,0,0,0
928,-30.1029421288889,0.0517986730871442,0.141711704156036,-0.00176828077755765,-0.00205732086431192,-0.00329211775559222,-30.0535988539126,0.000381343516103395,0.0747061562967504,-0.00643718432153787,-0.00448575770355421,0.0228555940328251,-30,0,0,0,0,0,4,3,0.75091613997893,0.447813083323214,-2.43497171587601,0,0,0
929,-30.1053399727016,0.0499652890174856,0.137300278693355,-0.00302800308213287,-0.00160945482983019,-0.0055303919975243,-30.1795539379487,0.00410617963862653,0.326612213214661,-0.0144140622898116,0.00178646817944561,0.000549859009139586,-30,0,0,0,0,0,4,3,1.80051410487848,-0.186859177221814,-0.70821032734328,0,0,0
930,-30.1080119376703,0.0482624313984147,0.130865848349836,-0.00231640437898987,-0.00179626660369415,-0.00733865795313602,-29.9922626213629,0.168213104285225,0.0889578802253082,-0.0139961920022497,0.0149322835560653,-0.00297828807960775,-30,0,0,0,0,0,4,3,1.38414444295085,-1.82965456417698,0.119913047510159,0,0,0
931,-30.1098167336546,0.0455513546127245,0.123058609614182,-0.00129343079059767,-0.00362589503025425,-0.00827609220461364,-29.9422481652852,-0.0710234680090885,0.180912567739381,-0.0107930942844805,0.00723066229088972,-0.010590663332641,-30,0,0,0,0,0,4,3,0.963805759018516,-0.581019293070795,0.697241197785337,0,0,0
932,-30.110534413986,0.041634956258485,0.114664261558898,-0.000141989719216169,-0.00420690564058596,-0.00851291516484694,-30.0111594427734,-0.115068315165499,0.172659480653311,-0.00108289322576211,0.0116038299688152,0.00273111796581251,-30,0,0,0,0,0,4,3,0.130608208122963,-0.930246366550523,-0.618430757887873,0,0,0
933,-30.1108649163022,0.0369629360325889,0.105882278125125,-0.00051914982335606,-0.00513713977914471,-0.009050950750937,-30.1872453811815,0.0529536954120802,0.0399676389982263,-0.0063080960821343,0.00611254261152322,-0.0319515804522209,-30,0,0,0,0,0,4,3,1.00530037057647,-0.717161651976482,3.11522276722564,0,0,0
934,-30.1099163266653,0.0314672051586999,0.09752785898999,0.002416710114004,-0.00585432940402083,-0.00765866980366678,-30.1856168045582,-0.0116767309421697,0.265492119557686,0.00368624198734662,0.0045018725088174,-0.0155128011780434,-30,0,0,0,0,0,4,3,0.00260941038179635,-0.4268337889974,1.02029587868897,0,0,0
935,-30.1071363768204,0.0253994539249434,0.0902082794342331,0.00314338085963492,-0.00628117896665869,-0.0069806834537755,-30.2404065739806,0.0381093785836399,0.0797312390292007,-0.00233450410143881,-0.00936349928587064,-0.00108587426968189,-30,0,0,0,0,0,4,3,0.714263558105095,0.860131171419784,-0.0508750510902128,0,0,0
936,-30.1037743748444,0.0195483501821056,0.0829397199506577,0.00358047795316593,-0.00542103255787541,-0.00755655068852169,-30.1571269583865,0.0707477030066518,0.146828252883835,0.00368027204073657,-0.0230705024355612,-0.00755484159455508,-30,0,0,0,0,0,4,3,-0.0537732873006946,2.16555483754281,0.461827653687839,0,0,0
937,-30.1000526873479,0.0152100937469753,0.0755502274900385,0.00386299363430484,-0.00325548596531098,-0.00722250597445079,-30.094268676652,0.103011366534564,-0.0271034441918007,0.01575253599422,-0.018492334953883,-0.0116506657321365,-30,0,0,0,0,0,4,3,-1.38671624611804,1.64321076231918,1.21927346159725,0,0,0
938,-30.096229531306,0.0127761929548197,0.0692393612824802,0.00378381150727232,-0.00161232216084384,-0.00539920538201618,-30.0308266001222,-0.0162728208036599,0.0784411929606124,0.00139828587403661,0.0023968861414459,-0.00501447409498042,-30,0,0,0,0,0,4,3,-0.078175387159282,-0.20714297253727,0.344565023576817,0,0,0
939,-30.0923541972001,0.011060298881196,0.0639756478657779,0.00396693707021988,-0.00181947205701004,-0.00512826830954525,-30.0742360771213,0.0816242122975901,0.204205573741091,0.00856940602654877,-0.0129662756305851,-0.020651118344049,-30,0,0,0,0,0,4,3,-0.708468448412223,1.13337913846333,1.65670068692272,0,0,0
940,-30.0880333379057,0.00980750052409848,0.0596617315985832,0.00467522025458508,-0.000686132942994047,-0.00349975093371255,-30.049314876449,0.0403341033814112,0.217890848523738,0.0179747661381396,-0.0078536197410095,-0.0128114604121262,-30,0,0,0,0,0,4,3,-1.69884686091601,0.704693767338127,0.845364344165142,0,0,0
941,-30.0836375781527,0.0094736934191621,0.0570590549042218,0.00411678209169081,1.85133488546957E-05,-0.00170545188010919,-29.9637349543905,-0.0905876572913948,0.0374110726511422,0.00358463132760644,-0.0100730400512332,0.00248780444301801,-30,0,0,0,0,0,4,3,-0.430993223979709,1.18847931970611,-0.323602589604085,0,0,0
942,-30.079791390156,0.0100864472149067,0.0553889150112219,0.0035756185368254,0.00120698896977743,-0.00163468204532175,-30.190838828814,0.0447834755790855,0.289647107388545,-0.00853326341171847,-0.00701270325188154,0.00225866790420702,-30,0,0,0,0,0,4,3,1.23500399879991,0.611703374029983,-0.805161005197792,0,0,0
943,-30.0760924082212,0.0115993089492546,0.0530175035471667,0.00382196335228963,0.00181872980800042,-0.00310820219350379,-30.2386940508012,-0.0799006516256163,0.0637459096826728,0.00057303592017165,-0.0129174169143378,-0.00355661205638416,-30,0,0,0,0,0,4,3,0.420084509585158,1.45154299468501,0.228169386273071,0,0,0
944,-30.0720494890301,0.0141438154191127,0.0498229494690416,0.00426383637020512,0.00327027776114893,-0.00328102019144771,-30.0912193051678,-0.0947215544934472,0.100930878469407,0.00734947333932211,0.0146549492766662,-0.0121497417582999,-30,0,0,0,0,0,4,3,-0.552508723596638,-1.27605181867973,1.01311241889118,0,0,0
945,-30.0676102821612,0.0167760582151108,0.0470784612167413,0.00461486626932736,0.00199419905696629,-0.00220804569097585,-29.879288084379,-0.0612426098951039,-0.0549779040205439,0.0238527827711101,0.00274299110238216,0.00947713535469241,-30,0,0,0,0,0,4,3,-2.62670210835299,-0.151813890448008,-0.837757727428153,0,0,0
946,-30.0642034048769,0.0186943336400319,0.0455328703089688,0.00219924458847884,0.00184234503144908,-0.000882496645796278,-30.0453642913598,-0.0997749062924038,0.00939754386828159,-0.00254994525820747,0.00173367815060497,-0.0123387905592849,-30,0,0,0,0,0,4,3,0.345723108540296,0.0261819975243108,1.21508396819193,0,0,0
947,-30.0614466917747,0.0205497666623511,0.0449283753273825,0.00331433614572121,0.00186851518152429,-0.000326783501278228,-30.0506017508829,-0.0960511443440437,0.148795174162996,0.00718092426653071,0.00768814002031162,-0.0152012098411033,-30,0,0,0,0,0,4,3,-0.616888924887361,-0.576711713343074,1.22253063578434,0,0,0
948,-30.0578998834264,0.0221299131607364,0.0452333282697288,0.00377962098651136,0.00129177203903644,0.000936572172086441,-30.0586310037485,0.0560172010587673,0.167098573632536,-0.00391739170630474,0.0187152849639232,-0.00178283643141499,-30,0,0,0,0,0,4,3,0.509001178127521,-1.98356289850986,-0.155913504123573,0,0,0
949,-30.0540075636895,0.0224299137174486,0.0459195926837267,0.00400489240440321,-0.000691778144636714,0.000435901476942266,-30.2062513675218,0.00254906512245671,0.0692096345919687,0.0117179420614909,-0.00115386512278041,-0.0099423448605627,-30,0,0,0,0,0,4,3,-0.759291471105435,0.110288382033128,0.855815216872332,0,0,0
950,-30.0499518540064,0.0217932679160742,0.046913909840767,0.00410682617110462,-0.000581518395063,0.00155271068180813,-30.1050110228051,0.0564269308622325,0.117887788609722,0.0166792077851713,-0.000766050687726976,0.0131740982611283,-30,0,0,0,0,0,4,3,-1.45789873290693,-0.0362487929517674,-1.55318540333227,0,0,0
951,-30.046913464264,0.0211936244485776,0.0484609684589906,0.0019699509284547,-0.000617772587155123,0.00154196569359188,-29.9444374373546,0.0519960790630087,0.0867572313705923,0.00301512584808155,0.0211083462192623,0.00984298053250664,-30,0,0,0,0,0,4,3,-0.412637710099009,-2.21482678005225,-1.15781251599185,0,0,0
952,-30.045511506523,0.0194684457072113,0.0497503805211457,0.000833840336293804,-0.00283258975828419,0.00103715926581977,-30.0288597666304,-0.169337547899217,-0.164850767779316,0.00970307262985133,-0.0094564460173355,0.00528831729809105,-30,0,0,0,0,0,4,3,-0.912587729724275,1.28431969753198,-0.199130194250474,0,0,0
953,-30.0450645151548,0.0172780109889134,0.0510451519615343,6.02829037183369E-05,-0.00154828542808799,0.00155258649994177,-29.9237460313606,0.112132862646692,-0.0395187930074918,-0.00258190868806809,-0.00602980345324467,0.0106483233087687,-30,0,0,0,0,0,4,3,0.10568293152806,0.378714620031083,-0.985794744861888,0,0,0
954,-30.0453332487595,0.0159190951412581,0.0522151496575928,-0.000597946852467828,-0.00116955338314902,0.000787579837557001,-30.0342276603588,-0.0466759906230015,0.223877153120497,0.00280013856221894,-0.0198803583550897,-0.0146242763966946,-30,0,0,0,0,0,4,3,-0.211558535504368,2.08138781675497,1.01467333342846,0,0,0
955,-30.0456343636655,0.0157902289087042,0.05341642593305,-4.06071381939027E-06,0.000911814415843572,0.00161482046706996,-30.0425913204676,0.0406497413059488,0.037910905595013,0.00217425731478642,0.000493055100783494,-0.000532257566805324,-30,0,0,0,0,0,4,3,-0.132243090543384,-0.130604992690247,-0.0225960545094935,0,0,0
956,-30.0456948678387,0.0166367436084446,0.0550633001826823,-0.000116929235303297,0.000781207101975501,0.00167896216846587,-30.0916709119185,0.026964258599659,-0.106722299536841,-0.0189549820807505,0.00627831500863946,-0.00903877820733215,-30,0,0,0,0,0,4,3,2.07884003191214,-0.681760018063264,1.1173224198069,0,0,0
957,-30.0446994407776,0.0170770848043696,0.0563488172100541,0.00210758313121775,9.94718028915322E-05,0.00089149558227942,-30.1715474582044,0.00645646252685908,0.194302037776154,-0.000152716493504598,-0.000728709772791218,-0.0108761052824737,-30,0,0,0,0,0,4,3,0.358366565759312,0.0599580522254036,0.69900645269506,0,0,0
958,-30.0422170911406,0.0172065364478707,0.0573356633696308,0.00285716552825581,0.000159426262829861,0.00108200075877796,-30.0275470841362,0.0676815440321352,0.172096324567238,0.0164582543575597,-0.0177562871710472,0.00907519962508501,-30,0,0,0,0,0,4,3,-1.59073126748357,1.64026562904045,-1.25171261164298,0,0,0
959,-30.0403626670758,0.018186091693785,0.0585682221841414,0.000851766664629553,0.00179967912508683,0.00138364228474355,-30.1083194165653,0.0519789716997777,-0.0174093304230043,-0.00194013797787104,-0.00161679884919601,0.00690009029855484,-30,0,0,0,0,0,4,3,0.410652630917763,0.0577219415200458,-0.655190369009475,0,0,0
960,-30.0396162293906,0.0200146467564529,0.0595697005831547,0.000640911753641518,0.0018574195357534,0.00061937559019712,-29.9621161076358,-0.00563234930934381,-0.00793900650158293,0.00937357704521165,0.00472238042694394,0.000992309165003007,-30,0,0,0,0,0,4,3,-1.0131254892496,-0.460973344075707,-0.0833529034971348,0,0,0
961,-30.0393526122158,0.0216415705934126,0.060524639032414,-0.000113496332538265,0.0013964269941022,0.00129069765921705,-30.1114655727946,0.0738987973531102,-0.0991578560796165,-0.00761520391058537,0.00769799750864231,-0.00031388012511366,-30,0,0,0,0,0,4,3,0.984451536647731,-0.917597345570451,0.229703724670599,0,0,0
962,-30.0390519292603,0.0225792097355795,0.0615218072887898,0.000714713980467102,0.000478845996566938,0.000703426058569432,-29.97069885016,0.00101998368629852,0.0735140170930683,0.00922162151703029,0.00719247203102448,0.00450811634286024,-30,0,0,0,0,0,4,3,-0.980764451383047,-0.721287170475045,-0.597839668472161,0,0,0
963,-30.0388926915632,0.022697410103963,0.0623753197717711,-0.000396155159395915,-0.000242451739644345,0.00100388784884376,-29.9272167195971,0.13210605028563,0.157534222776392,0.00175271583176636,-0.0062565521783736,-0.00973376674571498,-30,0,0,0,0,0,4,3,-0.320838143982419,0.3614431172661,0.658308229018714,0,0,0
964,-30.03915812442,0.0226356743124244,0.0637113411882302,-0.000134533366731177,0.000118974679854925,0.00166809153144219,-29.9461984762659,0.15406517205983,0.117111662982888,0.00396722206350842,0.00888269364565617,0.0138402796408563,-30,0,0,0,0,0,4,3,-0.504325253819108,-1.19639970868528,-1.61825129005141,0,0,0
965,-30.0400628574786,0.0221564594131624,0.0650102937552535,-0.00167511782737695,-0.00107741013643359,0.000930213793725211,-30.1214425032294,0.162561613492759,0.15093626004917,-0.00306693916968233,0.00420034582267483,0.00231193397391735,-30,0,0,0,0,0,4,3,0.549578923426975,-0.745157809253001,-0.533065917490076,0,0,0
966,-30.0417527082866,0.0207064829186113,0.0655499853339998,-0.00170477988811236,-0.0018225485602569,0.000149178651681427,-29.8380444778085,0.117576109340174,0.0634053454583519,-0.00168525900381443,0.00574446692903099,-0.00513627286733312,-30,0,0,0,0,0,4,3,-0.155385144001496,-0.809598911583448,0.386816595816608,0,0,0
967,-30.0433710552603,0.0184791328521096,0.0658791418707585,-0.00153181889283771,-0.00263215661455208,0.000509089226277657,-29.9362540950813,0.0200662392155194,0.0744853314739096,-0.0136160352741133,-0.0278693723894176,-0.00432313667988687,-30,0,0,0,0,0,4,3,1.23411171757385,2.74680476051072,0.283343005040867,0,0,0
968,-30.0443859690376,0.0172203902035035,0.0660201381943582,-0.000498195562051191,0.000114668712689648,-0.000227362843730239,-29.933176680982,0.150159205897373,0.291055337063492,0.015003232707602,-0.0232564384740146,0.0080269881780284,-30,0,0,0,0,0,4,3,-1.63396990879618,2.02532543560671,-1.38480949192982,0,0,0
969,-30.0459503928204,0.0183477173500058,0.0659214815508431,-0.00263058070667733,0.00213998256808227,3.0599897101493E-05,-29.9875602918941,-0.0727042270796845,0.0662357824175898,0.00304369339591879,0.019746980935568,-0.00481572814633403,-30,0,0,0,0,0,4,3,-0.329248755803746,-1.82928963939743,0.349101249798223,0,0,0
970,-30.0485667702564,0.0195730520147475,0.0661839745002783,-0.00260204850674882,0.000310680856559281,0.000494377619127653,-30.0032677433044,-0.0497120174938822,0.167395804976457,0.0104358445036864,-0.0040665547295017,-0.00304448293510667,-30,0,0,0,0,0,4,3,-1.03704896375976,0.506079507937934,-0.0303433164422459,0,0,0
971,-30.0515327612027,0.0201367655012699,0.067044307395448,-0.00332973797823799,0.000816739858399923,0.00122647225789199,-30.1298766081438,-0.111187957628654,-0.0913179179762917,0.000987362104556833,0.0100760644814198,-0.00680005859627025,-30,0,0,0,0,0,4,3,0.161017005831845,-0.78523053288467,0.862641695579609,0,0,0
972,-30.0544925325151,0.0205608875928368,0.068494381760251,-0.00258968549287588,3.14992071418595E-05,0.00167348815857322,-30.1077404426125,0.0629073009609373,0.0472518409207556,0.00253313827770713,0.00190568945361651,-0.0113064349668228,-30,0,0,0,0,0,4,3,-0.0378329425456146,-0.316383547283526,1.03613981484077,0,0,0
973,-30.0567145212179,0.0204341899748516,0.070522839669113,-0.00185410827230687,-0.000284901171850229,0.00238324098760684,-30.0446072488791,-0.0370375740425621,0.0120463673381987,-0.00721498561244638,-0.0165229432142732,-0.0172642702293263,-30,0,0,0,0,0,4,3,0.810713059002858,1.72636946951244,1.70233428825623,0,0,0
974,-30.0576686037015,0.0210124708676624,0.0731701073780165,-5.39177079919232E-05,0.00144145829747212,0.00291083644744696,-30.014105824384,-0.0562399426903419,-0.175014899764168,0.00293039278726278,-0.000760497556364695,-0.00641823599894716,-30,0,0,0,0,0,4,3,-0.264827629958378,0.188529641017153,0.991853399423051,0,0,0
975,-30.0574464359105,0.0225481882036539,0.076503490520081,0.000498472552159172,0.0016299672013452,0.00375579289706067,-30.1931881013432,-0.0351806771765429,0.120222703554298,0.00428303252174908,0.0032344752627728,0.00170754899873422,-30,0,0,0,0,0,4,3,-0.0419270494884874,-0.253086171924194,-0.411200306982018,0,0,0
976,-30.0571164669763,0.0240516188832732,0.0801279533383543,0.000161401429652803,0.00137688656381736,0.00349322215476093,-30.0296802496764,0.0434174804112422,0.0640480055104792,-0.00696521319705146,0.0104337337704892,0.0151839751850743,-30,0,0,0,0,0,4,3,0.755881819057888,-1.1302083378714,-1.64649352952839,0,0,0
977,-30.0573142571117,0.0248634239079692,0.0827799467152303,-0.000557407442244555,0.000246719046361914,0.00181094892182205,-30.1699550941707,-0.0110461642172423,0.0674278157099008,0.0145757819780361,0.00611700102520879,-8.09617489648674E-05,-30,0,0,0,0,0,4,3,-1.11766800946216,-0.589607774086394,-0.126759456523315,0,0,0
978,-30.0582963361371,0.0248153301563011,0.0849547309513804,-0.00140656388804213,-0.000342909374193428,0.00253884169546001,-30.0553537924678,0.0573170034528538,0.131789197060622,0.00945051991005311,-0.00170946336145279,-0.00424958411714176,-30,0,0,0,0,0,4,3,-0.834344406069735,0.0563123292395717,0.161380017592932,0,0,0
979,-30.0599251421971,0.0245005691322151,0.0878494451779105,-0.00185086238699042,-0.000286616423109236,0.0032507018797334,-29.9607930205705,0.0235913394850688,-0.0207236634390021,0.0081121669903386,-0.00523049696824505,-0.00396963643730135,-30,0,0,0,0,0,4,3,-0.889630657892905,0.475867017854367,0.438410970608139,0,0,0
980,-30.0619133327498,0.0244518772804341,0.091569658311432,-0.00212527869232472,0.000189225801269821,0.00418979727578475,-30.054896959085,0.193230617523629,0.0440541162117086,-0.00900341313212136,-0.0101348256796786,0.00894545643890614,-30,0,0,0,0,0,4,3,1.01013523138215,0.627021332920601,-0.982653876314031,0,0,0
981,-30.0640674153573,0.0249546341900333,0.095047867832431,-0.00218324540117059,0.000816282801261761,0.00276663864336403,-30.0321751321339,-0.125038065605662,0.213703335057585,0.0199597354574643,0.00591853041267393,-0.00193949975212096,-30,0,0,0,0,0,4,3,-1.93162328147854,-0.341776910056068,-0.233456694903073,0,0,0
982,-30.0669859517392,0.0256000143034992,0.0984469085379324,-0.00365350210063874,0.000474470445324094,0.00403181746332663,-30.1055123822846,-0.0857292818485523,0.177567776118115,-0.00943844563093588,0.00183417854120094,0.000643531625263627,-30,0,0,0,0,0,4,3,1.15486932766271,-0.0119592904229898,-0.419488714762592,0,0,0
983,-30.0704112496118,0.0260685224853818,0.101902377199311,-0.00319738532950428,0.000462541021096195,0.00287900300153167,-30.0128718379512,-0.0996962726269046,-0.050599837229746,-0.00673616008129544,0.00386878809026702,0.00167641680430936,-30,0,0,0,0,0,4,3,0.699359684031878,-0.187486263772893,-0.0664420059714442,0,0,0
984,-30.0734021343579,0.0264373309513117,0.104492088585752,-0.00278452564673232,0.0002750699340256,0.00230031721912863,-30.0153956148319,-0.0517836983001541,0.108225068510648,-0.0124661427324845,-0.00397170961643141,0.0140514049560936,-30,0,0,0,0,0,4,3,1.27740550291219,0.500738358243449,-1.62159063263066,0,0,0
985,-30.0763663860518,0.0269627991061524,0.10576843601081,-0.0031444907229849,0.000775859277560318,0.000252469510275809,-30.1347922696016,0.0320562153525243,0.0774896750408412,0.00414300135001205,-0.0118093177669474,-0.0147125647404179,-30,0,0,0,0,0,4,3,-0.144715595798011,1.11681934598969,1.31627712396011,0,0,0
986,-30.0790727846998,0.0282970603191138,0.106507113504243,-0.00226805692359389,0.0018926552857778,0.00122466570468502,-30.0124387351934,0.162228649692876,0.173937563854382,0.00907559875552346,0.00347073409921877,0.00299039931691278,-30,0,0,0,0,0,4,3,-0.882682405165612,-0.671530709307629,-0.646915059400043,0,0,0
987,-30.0818794481816,0.0298539482842143,0.107837468511118,-0.00334521256592682,0.00122111675463758,0.00143631718454849,-30.1191914763199,-0.00180924617134687,0.0849170124349415,-0.00440998224054504,0.0133664233954935,0.0100672068658235,-30,0,0,0,0,0,4,3,0.679381176694378,-1.33302384720666,-1.17655471145224,0,0,0
988,-30.0854398131267,0.0304085719116961,0.108621584974738,-0.00377584116020796,-0.000111875103184816,0.000132025019569146,-30.0996775653824,0.166072827014395,0.0581382431915017,-0.0113940380645593,0.000589951656870169,0.00620108866930486,-30,0,0,0,0,0,4,3,1.33875893722073,-0.391140819715806,-0.736385353313489,0,0,0
989,-30.0890479987177,0.0301011475121754,0.108002535252869,-0.00344090307240642,-0.000502977429027342,-0.00137020500600516,-29.9456303554302,-0.0519508754664251,0.251934443333619,-0.00442973384097197,0.00149088822797153,-0.0175344046665893,-30,0,0,0,0,0,4,3,0.334234094957634,-0.0451870718643028,1.2495715799917,0,0,0
990,-30.0919160169723,0.0295755727426966,0.106916946356283,-0.00229498636726673,-0.000548177116390733,-0.000801260027673004,-30.1475080136548,-0.136875311937048,-0.00741316232832835,0.000971600974731399,0.00797929195204434,0.00431142021182009,-30,0,0,0,0,0,4,3,0.197855929836482,-0.524178571330338,-0.416315696525352,0,0,0
991,-30.0943047495298,0.0287653142454337,0.105895990713068,-0.00248258330839382,-0.00107234522996223,-0.00124060361188217,-30.0951284487032,0.0703548725231203,0.116895174563149,0.0120942764091032,-0.0117722802824379,-0.0106721537369879,-30,0,0,0,0,0,4,3,-1.01917074350388,1.03651828319755,0.83342502457249,0,0,0
992,-30.0968195526912,0.0282112147509317,0.105305873733003,-0.00254669270251158,-3.58604872480368E-05,6.03867416254719E-05,-30.2324263316704,-0.0589492351493805,0.197326920895177,0.00903491972193772,-0.0174083658884439,-0.00485886442317637,-30,0,0,0,0,0,4,3,-0.438639308853044,1.85873505914316,0.0912326005272829,0,0,0
993,-30.0994817403055,0.0291047194090559,0.105553275217405,-0.00277758412483604,0.00182286428530156,0.000434474379657821,-30.1694169456532,0.146858979773703,0.201750445405109,0.0128124657423387,-0.00230926431291051,0.0145732039475082,-30,0,0,0,0,0,4,3,-0.942412682927527,-0.0627915282563557,-1.86082128556103,0,0,0
994,-30.1032713359071,0.0308961953394244,0.10571470011661,-0.0048017425305309,0.00176008255061576,-0.000111121300855997,-30.0646699522513,0.0932842184951263,0.165699861436996,-0.00584351819208041,0.00656673761042212,-0.0143317139548399,-30,0,0,0,0,0,4,3,0.713691723710592,-0.843242198032465,1.10177167261,0,0,0
995,-30.1074280619358,0.0322346589730646,0.105696523916824,-0.00351165875128203,0.000916837698899232,7.44463790141904E-05,-29.8617654183261,-0.0780413257872768,0.0712688752676009,0.000969366168052418,0.00919697992297796,0.00970499596366508,-30,0,0,0,0,0,4,3,-0.373405780153125,-0.763615340723243,-1.11303734690171,0,0,0
996,-30.111483664128,0.0327696967704957,0.105534614266955,-0.00459965971216442,0.000153232061852862,-0.000397992637320691,-30.0347800210703,-0.139845278969887,0.243776493429396,0.00391368673682673,-0.00483602180529851,0.0032754474903261,-30,0,0,0,0,0,4,3,-0.321808631542015,0.763292738469625,-0.815097735891403,0,0,0
997,-30.1164990152121,0.0333045811007346,0.104980606489329,-0.00543111445105475,0.000916530925466456,-0.000709815608237531,-30.2585791342654,-0.0143999184182575,0.0687191333245862,-0.00106569759940745,-0.0110082094324944,0.00487044618533887,-30,0,0,0,0,0,4,3,0.623728028471623,1.12962078008596,-0.62448288518306,0,0,0
998,-30.121961284515,0.0347859388196963,0.103824626863965,-0.00549363742713697,0.00204617400502005,-0.00160213199181456,-30.023269036269,0.0268678369831532,0.0330220021148329,-0.00883403037236392,-0.00420353187140684,0.0089406489883852,-30,0,0,0,0,0,4,3,0.929941109774305,0.366617513174378,-0.960108903068186,0,0,0
999,-30.1275109858922,0.0370154421571511,0.101550506117616,-0.00560609397062609,0.00241282521758074,-0.00294608201713263,-30.2710548266175,0.000686215037851469,0.0672442791959247,-0.00280970283796969,0.00969355199392757,0.00625549945291454,-30,0,0,0,0,0,4,3,0.823079937031936,-0.97072762946846,-0.760038503683304,0,0,0
1000,-30.1331345477873,0.0389429206318355,0.0980387833245547,-0.00564130813438133,0.00144212602407855,-0.00407735396993747,-30.1238961677598,0.0232657386647897,0.0664018743201392,-0.000497647903392832,0.00239793274198295,0.00611872473194063,-30,0,0,0,0,0,4,3,0.297557125858946,-0.286324751527874,-0.744676221834342,0,0,0
1001,-30.1389622902331,0.0402418961311683,0.0935978989517363,-0.00601435111191993,0.00115581883849256,-0.00480432359357003,-30.0251192879364,0.177038511773864,0.0609512993548738,0.00153288763419819,0.00949008905465767,0.00548574653781141,-30,0,0,0,0,0,4,3,-0.103050187546929,-1.30308592901349,-0.670477252490889,0,0,0
1002,-30.1452682618003,0.0407461791122366,0.0886050790166629,-0.00659767867433178,-0.000147258776452856,-0.00518117068663975,-29.9578393870154,-0.0839122828774087,0.0653621165021577,-0.00486601400971553,0.00231516672798623,-0.00145447047031322,-30,0,0,0,0,0,4,3,0.402280175002447,-0.063692107043806,0.0147228140270069,0,0,0
1003,-30.1517337369096,0.0405670842793609,0.0832727561582866,-0.00633333779535044,-0.000210942975938703,-0.00548354333652285,-30.2261436011395,-0.138190091613151,0.19298136806789,-0.00771027329904282,-0.000844965315197873,-0.00395810506252039,-30,0,0,0,0,0,4,3,1.22331453218334,0.36087671474609,0.00984777011625826,0,0,0
1004,-30.1576656890856,0.0405365963109022,0.0773280971062343,-0.00553078772394893,0.0001499583313235,-0.00640597141752868,-30.2881628124453,-0.127645228999093,0.126348053797777,-0.0155238182742688,-0.000504633562882025,0.0007003648947327,-30,0,0,0,0,0,4,3,2.12870745231754,0.305753814286388,-0.322732597068823,0,0,0
1005,-30.1626217217699,0.0408394588287086,0.0700106422729237,-0.00438172085694877,0.000455760210391125,-0.0082292216188746,-30.1692235147284,0.0202225636188478,-0.0109578249099871,-0.0115401507542316,0.00828650467013909,-0.00907206569596179,-30,0,0,0,0,0,4,3,1.49246210487986,-0.869095594251604,0.929122219416153,0,0,0
1006,-30.1661696908367,0.0408606827858922,0.0615211599400686,-0.00271433816197607,-0.000413319602498708,-0.00875015319280414,-30.1070566121074,-0.0688947168545669,-0.0107156157286292,-0.00552179337154755,0.00751660185052523,-0.012787177974887,-30,0,0,0,0,0,4,3,0.766292561369511,-0.613870751343389,1.30014902894596,0,0,0
1007,-30.1681506827119,0.0401404259649112,0.0529047915618737,-0.00124757597730595,-0.00102719501716917,-0.00848294914083656,-30.2499592391569,-0.0564397495670394,0.0509573268175637,0.0214953418805178,0.0130503767546452,-0.007768190262192,-30,0,0,0,0,0,4,3,-1.6496157097379,-1.19215817633045,0.674904372584073,0,0,0
1008,-30.1696960621137,0.0385171335590182,0.0452568017083276,-0.00184276713485861,-0.00221939702548569,-0.00681288678896853,-30.2773549498211,-0.12872965866502,0.0767499330522138,0.00874313772032177,-0.00883158762601084,-0.00973424852784402,-30,0,0,0,0,0,4,3,-0.319603872390001,1.14061807993112,0.819924986679974,0,0,0
1009,-30.1713427108241,0.0368680393563852,0.0388268389964804,-0.00145033541554146,-0.00107879812707417,-0.00604713434564644,-30.2483555878968,0.0395449785637072,-0.0553202107746321,0.00130903571451144,-0.00270534259906584,-0.0123533841178757,-30,0,0,0,0,0,4,3,0.365807604342448,0.19144430277917,1.34597883333684,0,0,0
1010,-30.1721727291469,0.0358849594819334,0.0330776001162726,-0.000209549545181798,-0.000887367298688002,-0.00545164766070928,-30.2347764174207,0.00923343796524397,-0.00182763032275605,-0.00430979481066751,-0.0113944748276922,0.0211544862650343,-30,0,0,0,0,0,4,3,0.900532315908167,1.12098060683874,-2.11179336585792,0,0,0
1011,-30.1728873018171,0.0355581094359556,0.0265838789866216,-0.00122010223368998,0.000233664266116254,-0.00753554556463341,-30.2097609613914,0.0230062116875375,-0.089561240374162,-0.0123404028037315,0.011260663738035,-0.00777259461309852,-30,0,0,0,0,0,4,3,1.65356220315594,-1.17207879717857,0.956381942058176,0,0,0
1012,-30.1732107306148,0.0352057480830149,0.0187323695245343,0.000573095580310422,-0.000938395912967106,-0.00816790920293594,-30.1853875231184,-0.0802989330031687,0.00590236092225495,0.00859214383904398,-0.00131736348533409,-0.0338637203707287,-30,0,0,0,0,0,4,3,-0.488439337667618,0.292334214539747,3.37456731522836,0,0,0
1013,-30.1715342860128,0.0344134924756051,0.0118490953937926,0.00278042861605515,-0.00064612390637769,-0.00559918011536967,-30.1077427441233,0.0139045597705123,0.106528418304865,0.00840269961609909,-0.011190597296408,-0.00665876034265349,-30,0,0,0,0,0,4,3,-0.624784473363317,1.09125061009978,0.452819197655618,0,0,0
1014,-30.1687947529294,0.034312987423487,0.00662456938975758,0.00269882696817261,0.000445107042586153,-0.00484985022038542,-30.1327297760736,-0.045268880220494,-0.00261987682365005,0.0082393331460425,-0.00592821560786815,-0.00832588335102094,-30,0,0,0,0,0,4,3,-0.558473762457136,0.683359321227803,0.837828088749395,0,0,0
1015,-30.1659692933894,0.0350997641137572,0.00225083101863222,0.0029523313358022,0.00112844207419189,-0.00389768471461255,-30.387691989372,0.133475029974197,0.0933368675038384,-0.00267923745350763,-0.0239586084400401,-0.00460628515585655,-30,0,0,0,0,0,4,3,1.04330772409475,2.12891078405561,0.273954780577978,0,0,0
1016,-30.1625767669008,0.0372926736523937,-0.00196022770961569,0.00383257656142375,0.00325736971513141,-0.00452464368097148,-29.9955381390775,0.03015004774486,0.0688371691145906,0.00446348379131259,-0.0113448268779704,-0.0036333678761938,-30,0,0,0,0,0,4,3,-0.455272100976203,1.07418259230732,0.225662449390198,0,0,0
1017,-30.1588141091611,0.0410871309099975,-0.00624911596985075,0.00369286181492318,0.00433153959704699,-0.00405309864963167,-30.1411630203457,-0.176212500539889,-0.046175774896987,0.0162657249906888,-0.00834133871010051,-0.00746657669099456,-30,0,0,0,0,0,4,3,-1.34424645837743,1.18655887208983,0.83900921889343,0,0,0
1018,-30.1552505803356,0.0460119321756858,-0.00952965054738165,0.00343458288368526,0.0055180582672736,-0.00250790217534535,-30.2862659184717,-0.105344742577658,0.063670579842397,-2.97373658948111E-05,-0.00282424930111673,0.00433457443612681,-30,0,0,0,0,0,4,3,0.575505573532886,0.493114415266988,-0.560798603297475,0,0,0
1019,-30.1518441012256,0.0517765607416063,-0.0124485244228148,0.00337818008744798,0.00601119301732308,-0.00332983091874924,-30.2629515258338,-0.0221715851859227,-0.0911293951343378,0.00860989380121271,0.00308959205540169,-0.00323550393008547,-30,0,0,0,0,0,4,3,-0.335086328453595,-0.264616035168324,0.505809183277222,0,0,0
1020,-30.1483896460096,0.05765544020241,-0.0154959665253591,0.00353087305847307,0.00574656236261037,-0.00276508966546769,-30.244618399287,0.015740935132374,-0.0995843450542623,0.0115884938841372,0.00211850665023733,0.00473067780634478,-30,0,0,0,0,0,4,3,-0.669612589839747,-0.243332535288481,-0.273899090525953,0,0,0
1021,-30.1451863155457,0.0632803349376138,-0.0181074238998612,0.00287587194268382,0.0055032205295505,-0.00245765853768621,-30.1297181898269,0.0883046056952385,-0.0234178750321833,-0.00291865964979369,0.00173466334458285,-0.0155958124307215,-30,0,0,0,0,0,4,3,0.551302344633197,-0.350075545848762,1.60641699313651,0,0,0
1022,-30.1415272919128,0.0686085134757555,-0.0202578370753653,0.00444233051017917,0.00515313122391585,-0.00184354389214241,-29.9725768863035,0.106866636404478,0.0865242494810391,-0.00555351252054505,-0.00742359289919141,-0.0138504885267166,-30,0,0,0,0,0,4,3,0.500505024661406,0.528626017110185,1.21200035370958,0,0,0
1023,-30.1364671933956,0.0740259558173858,-0.0219049415817112,0.00567796707079339,0.00568174857146707,-0.00145096042578656,-30.3001709542278,0.087819142262405,-0.0868168917409205,0.00557576187064391,0.0020389753449277,0.00780750744053577,-30,0,0,0,0,0,4,3,0.0427657213912135,-0.37953581901758,-0.607116960571736,0,0,0
1024,-30.1310092995202,0.0795179428387539,-0.023581315409622,0.00523772432369316,0.00530222303383984,-0.00190167339288973,-30.0559731877729,0.0597267006349514,0.0345091549909541,0.00106971906238912,0.00639566981649857,-0.00772766226492566,-30,0,0,0,0,0,4,3,0.00497446930682216,-0.75902038291976,0.703747916510658,0,0,0
1025,-30.1255078690526,0.0844406542822718,-0.025265796202456,0.0057652474114831,0.00454319184394318,-0.00146741404777085,-30.2309770164293,0.0794324129146345,0.102219459219436,0.0143805361252141,0.0190171699846329,0.0144461045535594,-30,0,0,0,0,0,4,3,-0.976099579662914,-2.06058182429256,-1.64904937379482,0,0,0
1026,-30.1206900769425,0.0879535622849992,-0.0269124184019399,0.00387025427888744,0.00248261585037494,-0.00182536773679312,-30.230456372017,0.27003625022088,0.139103777222168,-0.0136969867663361,-0.00371661483352013,0.00231985802677277,-30,0,0,0,0,0,4,3,1.83061142066758,-0.168411017089747,-0.510193357121613,0,0,0
1027,-30.1164205817722,0.090351997736353,-0.0296079782039685,0.00466831833840687,0.00231424976953807,-0.00356594515259199,-30.1356076064151,0.0461014064828278,-0.109064056511747,0.00477149747228396,0.0169907350148808,0.0088897441728336,-30,0,0,0,0,0,4,3,-0.205934534398239,-1.79127631445373,-0.670846304259867,0,0,0
1028,-30.11207894692,0.0917706159736285,-0.0333248627265212,0.00401488551236787,0.00052297968895565,-0.00386766503547234,-30.1278284841113,0.123594290674187,-0.0397633569870302,-0.00837423252674628,0.00597046453259934,0.00274293170395376,-30,0,0,0,0,0,4,3,1.09308022089732,-0.844235034608308,-0.194766456421315,0,0,0
1029,-30.1077872076232,0.0918714940345239,-0.0376806462869979,0.00456836401139156,-0.000321230219099784,-0.00484403161420541,-30.1418702930182,0.0159901461737317,0.166299403948639,0.00760113323371537,0.0117925901577225,0.00761962523141947,-30,0,0,0,0,0,4,3,-0.476372737335199,-1.21123930811971,-1.09456133103923,0,0,0
1030,-30.1037950909362,0.0909446501783081,-0.0427105446467682,0.00341578607181034,-0.00153246218968385,-0.0052154873313546,-30.0696999844319,0.155882905279185,-0.119891821717511,0.00292469788313329,0.0140138130808707,-0.00774691853379898,-30,0,0,0,0,0,4,3,-0.153069819449586,-1.71314711864544,1.01447549681492,0,0,0
1031,-30.1000499282856,0.088555608075636,-0.0475475641635247,0.00407472548168497,-0.00324562813605024,-0.00445870785690453,-30.1522892751415,0.0948674370714042,-0.0783787669107728,0.0072841261938265,-0.0135465531171416,-0.00547889078187257,-30,0,0,0,0,0,4,3,-0.423834069099709,1.16492043757136,0.704646612008802,0,0,0
1032,-30.0958509918032,0.0858924338627548,-0.0516261524616352,0.00432333397234126,-0.00208072719872413,-0.00369852583862998,-29.9889434147644,0.106465130371175,0.0006124750666427,0.0222189116856064,-0.00735160581440151,-0.00627212350359226,-30,0,0,0,0,0,4,3,-2.24400433903185,0.5222303206978,0.625987400225941,0,0,0
1033,-30.0920243593834,0.0840727998938042,-0.0542787261985636,0.00333043757710808,-0.00155855197540527,-0.00160637534487133,-29.9149894295841,0.257837614875946,0.0300315796115969,-0.00290671363463327,0.0087638107245319,0.00844664372422357,-30,0,0,0,0,0,4,3,0.120650222631427,-1.39205630220508,-0.904727531645551,0,0,0
1034,-30.089002818357,0.0818182311525441,-0.0562345022435667,0.0027124841908953,-0.00295059181268523,-0.00230502670515582,-29.9906333975972,0.175080524737304,0.0247988609804343,0.0152133192114308,-0.0202568976816048,0.0130828637917837,-30,0,0,0,0,0,4,3,-1.5400651259486,1.67552871868587,-1.35788410113924,0,0,0
1035,-30.0873111944453,0.0797054008690292,-0.0584040495593141,0.000670832021902466,-0.00127507318391336,-0.00203357743628096,-30.0798714838809,0.197273134317768,-0.102712576844915,0.0224763998744406,0.016010534486982,-0.00654585097788253,-30,0,0,0,0,0,4,3,-2.08789701968231,-1.99559971733373,0.860010251478083,0,0,0
1036,-30.0869950441183,0.0774325027399439,-0.0593726728889533,-3.80184348091033E-05,-0.00327072847186891,9.6502942827632E-05,-30.1196054863348,-0.0183073383744832,-0.117911117447027,-0.00911828431065856,-0.0110631114720148,-0.0376336129150709,-30,0,0,0,0,0,4,3,1.15103940373539,1.14292582395044,3.99918352640114,0,0,0
1037,-30.0851411693331,0.0747332200091538,-0.0584252993627655,0.00374617594365208,-0.00212784138175863,0.00179734325384094,-30.2391246229671,-0.200823512623747,-0.103009225634116,-0.0028711603958138,-0.00199693738871915,0.0105096599501268,-30,0,0,0,0,0,4,3,0.765365285515588,0.601340764119408,-0.844947543744452,0,0,0
1038,-30.0814711638632,0.0729060655321287,-0.0572029826701877,0.00359356638138374,-0.00152647203192331,0.000647327851313469,-30.2484012254424,0.0599171426341663,-0.0704273126827128,-0.000986601622020838,0.00359505338458374,-0.0038776267131631,-30,0,0,0,0,0,4,3,0.595462613086877,-0.479339623726706,0.528617296681736,0,0,0
1039,-30.0774864476569,0.0711399292842019,-0.0566209228936867,0.00437583779070123,-0.00200580780515947,0.000516606497571293,-30.0512780632055,0.0766316226855871,-0.00400589130652255,0.0225673623381515,-0.000344851579833637,-0.000630185255601457,-30,0,0,0,0,0,4,3,-2.15418010740414,-0.11877808738781,0.0710303081731908,0,0,0
1040,-30.0737840922151,0.069074713711927,-0.0552705632993521,0.00302927422963069,-0.0021246305617813,0.00218443616509012,-29.9985239787495,0.075696341556994,-0.00711610563854408,-0.00310920567213758,-0.0064139198584807,-0.00243886016473096,-30,0,0,0,0,0,4,3,0.307968524712729,0.489999302734082,0.258118227750184,0,0,0
1041,-30.0705591142294,0.0671950868530215,-0.0531294002913753,0.00342066674138625,-0.00163462903290427,0.00209780040533497,-30.0415945104569,0.107862527628504,0.11973443965654,-0.00513119766846027,-0.002450598294303,0.0117296606923788,-30,0,0,0,0,0,4,3,0.596308787759869,0.0293347741732913,-1.41243494855096,0,0,0
1042,-30.0674865980701,0.0655751450291927,-0.0517253378093204,0.00272404218450226,-0.00160526029334048,0.000710494368236116,-30.1489728648398,0.0200271319900789,-0.244277222688538,0.000276994920765206,-0.0141145121475883,0.0119768524463979,-30,0,0,0,0,0,4,3,0.270246237603133,1.37139695077868,-0.709130799262716,0,0,0
1043,-30.0649487598015,0.0646555957095571,-0.0513563535697054,0.00235147636508414,-0.000233846882260178,2.75651624480986E-05,-30.16689194806,0.213859626608604,-0.0884103841854441,0.0187382546079086,0.00840228615037951,0.00939432073662093,-30,0,0,0,0,0,4,3,-1.54004156467096,-1.26794786825516,-0.762611305291204,0,0,0
1044,-30.0633891387972,0.0637877656835834,-0.0509964449179812,0.000767923894404763,-0.00150181407039984,0.000692632182527882,-29.8907501698991,-0.0860195461177269,0.00268990106688007,-0.00754519512351558,-0.00447032386939265,0.00317519762508321,-30,0,0,0,0,0,4,3,0.536019852149821,0.619071479174719,-0.322899564642081,0,0,0
1045,-30.0625744594608,0.0625954978225336,-0.0506209899919714,0.00086128871673606,-0.000882726745455182,5.82578433819952E-05,-30.2009902142753,0.0564718556525496,0.150926303453962,0.00789336359137817,-0.0115481891509463,-0.0100481623008437,-30,0,0,0,0,0,4,3,-0.387355930587137,1.04187520378953,0.702963623176447,0,0,0
1046,-30.0615729668023,0.0622337010325902,-0.0501962641702749,0.00114187408639074,0.000159129721719004,0.000791128245412975,-29.976271374943,-0.0246291012489563,-0.250253484160454,0.00324568500391858,-0.00485358133035286,-0.00420265265900052,-30,0,0,0,0,0,4,3,-0.372025750505887,0.534616335533199,0.92077223422096,0,0,0
1047,-30.0602021897074,0.0626601302521343,-0.0489744823286608,0.00159988626511253,0.000693724257661771,0.00165233133252066,-30.0039842259678,0.014172205169307,-0.144034631070448,-0.00630412846323308,0.00498621699776519,0.00869821635670285,-30,0,0,0,0,0,4,3,0.63838129825889,-0.526966110115133,-0.58175237352939,0,0,0
1048,-30.0586214675717,0.0630903858140483,-0.0477623296426933,0.00156135509149257,0.000166780077379445,0.000771984935030839,-30.0058734058279,-0.000622581731642591,0.0968909837256595,0.00493540231224278,-0.0282289209868856,0.022865852883447,-30,0,0,0,0,0,4,3,-0.481793419568509,2.82413726215184,-2.48036725579602,0,0,0
1049,-30.0581667688573,0.0646692512764764,-0.0476136767550606,-0.00065224581258921,0.00299094605801257,-0.000474157236350466,-30.0066644127993,0.0808608063422767,-0.139087959248364,-0.0108061238323442,-0.000660975964483832,0.000503773807074165,-30,0,0,0,0,0,4,3,1.093941208833,-0.0956240162361703,0.227798537789312,0,0,0
1050,-30.0583832037531,0.0676123972419138,-0.0484405574137189,0.000219214630474025,0.00289534063215461,-0.00117980517099071,-30.1199336068079,0.0220998129670089,-0.0376397108453168,0.00916556120689137,-0.00627157593136178,0.00631972981082481,-30,0,0,0,0,0,4,3,-0.676688907073427,0.582957967202161,-0.556693559391847,0,0,0
1051,-30.0585986285313,0.0707992151955078,-0.0495484706767049,-0.000650023061955171,0.00347829354815201,-0.00103581746405505,-30.0399550693595,0.0486334515363589,0.0356562216499572,0.00194419643062817,-0.00874634523629555,0.00764291906306032,-30,0,0,0,0,0,4,3,-0.11450950434388,0.777367620556837,-0.835604349605946,0,0,0
1052,-30.0596091696294,0.0746662000928572,-0.0508167052042254,-0.00137116309452489,0.00425567181229524,-0.00150048170372577,-30.0399259102697,0.0966331336497916,0.0488925999152149,0.00203163349118412,0.00617721290673373,-0.00457524008299589,-30,0,0,0,0,0,4,3,-0.123311528579066,-0.810987557972956,0.359738808469159,0,0,0
1053,-30.0608861662548,0.078516377026031,-0.0521615450836481,-0.00118275192316329,0.00344467618345941,-0.00118924050271676,-30.164925607168,0.0469658308761862,0.0208140793459509,-0.00707111592475194,-0.00292530782018975,-0.013875649464355,-30,0,0,0,0,0,4,3,1.03696280681118,0.198599120266603,1.34593678774359,0,0,0
1054,-30.0612239354868,0.0820603557231485,-0.0533230299008679,0.000507230488651414,0.00364327540491325,-0.00113412100016908,-30.2031074012231,0.0032508937089324,-0.0165874997139804,0.011848816068629,0.00417903787517605,0.0034926992727991,-30,0,0,0,0,0,4,3,-0.778666804416778,-0.424405574935469,-0.316094927851949,0,0,0
1055,-30.0610916556013,0.0854914257487802,-0.0542682287990368,-0.000242576271017682,0.00321885898243017,-0.000756099377847399,-29.9065886771377,0.146860678754332,-0.19942241406768,0.00528971219626771,-0.0125885983069804,-0.00308766184558305,-30,0,0,0,0,0,4,3,-0.715793865351411,0.965138473189378,0.707611012693665,0,0,0
1056,-30.0612961837929,0.0891928447206024,-0.0545304850326333,-0.000166243079707324,0.00418397200576453,0.000231570603576417,-29.8952679741391,0.0928676030151911,-0.0416619852134645,0.0173309860768621,-0.00110249150316117,-0.00505680569470078,-30,0,0,0,0,0,4,3,-1.94256265940792,-0.0754860557142655,0.589004539897007,0,0,0
1057,-30.0618625911498,0.0933390525313818,-0.0533725665641017,-0.000966136644468609,0.00410843752568769,0.00208445240917325,-30.1903774992731,0.178993924751604,-0.112803179855566,-0.000753546771639179,0.0055777868846077,0.00785520410505383,-30,0,0,0,0,0,4,3,0.456109675710177,-0.915766537963978,-0.55991405079425,0,0,0
1058,-30.0628996824913,0.0969896184684812,-0.0516499667066644,-0.0011082115056392,0.00319268889655546,0.00136078300878372,-30.1892237159207,0.0975128540537796,-0.104510868617809,-0.0111061134943727,-0.00467252861784945,0.00831583859802295,-30,0,0,0,0,0,4,3,1.4890587812787,0.272227153677386,-0.622562122566678,0,0,0
1059,-30.0637725076461,0.100318445937166,-0.051067535570738,-0.000637790107074347,0.00346495582640051,-0.000196032378182956,-30.023717085486,0.0814875044665739,-0.216748851397162,0.0108855806104284,0.0152664781102061,-0.0198438483298745,-30,0,0,0,0,0,4,3,-1.0411238900708,-1.68962281995376,2.41788253578177,0,0,0
1060,-30.063818343309,0.102938563777633,-0.0500971110435752,0.000546664210572044,0.00177527445523412,0.00213660746322763,-30.1074689028974,0.148380228718487,0.0432896954578425,-0.00849234415983093,0.00600343564257022,-0.00301502912502323,-30,0,0,0,0,0,4,3,1.06417222177781,-0.897104021693996,0.214923521586638,0,0,0
1061,-30.0628508242733,0.104265297773863,-0.0483086199120523,0.00138821894278098,0.000878188630152092,0.00144018258401545,-30.0895401890949,0.0129215495200771,-0.0873519039813096,0.00281627684735524,0.0125569420626805,-0.0134001991660116,-30,0,0,0,0,0,4,3,-0.102547306545786,-1.28153730530821,1.51472372456378,0,0,0
1062,-30.0609157633328,0.104502707327234,-0.0463530242821689,0.00248214640570881,-0.000403374236831605,0.00247076027702687,-30.0547141557999,0.0430800178346983,-0.00647186169030856,-0.00496469643847927,-0.00349445814156688,0.0045848529788296,-30,0,0,0,0,0,4,3,0.605897955447726,0.263285778487291,-0.445541574502343,0,0,0
1063,-30.0584133353557,0.104230989150117,-0.0442665266902173,0.00252253644564572,-0.000140069288956839,0.00170223062878866,-30.117890681691,0.144202040899206,-0.224700544604406,0.00407704741641326,-0.0157359501134354,0.00453208748089583,-30,0,0,0,0,0,4,3,-0.171923378259415,1.28519092954513,-0.00380765888077095,0,0,0
1064,-30.0559496014427,0.104733516368416,-0.0425082643935792,0.00240496134255748,0.00114511821886731,0.00181432494504186,-30.1216902836243,0.169625791185403,-0.243620827376339,0.0024816489029279,0.00272557030475593,0.00182600573264737,-30,0,0,0,0,0,4,3,-0.00478432304409057,-0.611808612846399,0.304641081487941,0,0,0
1065,-30.0534313041357,0.105572731190668,-0.040603677140418,0.00263168319101296,0.000533304782383106,0.0019948040798123,-30.056918262213,0.153164721298069,-0.149886523964143,0.0145446061644603,-0.00216959748573596,-0.00720272498694293,-30,0,0,0,0,0,4,3,-1.34062409201997,-0.0893696940225414,1.02004554662258,0,0,0
1066,-30.0508370139018,0.106061331226698,-0.0377762489115799,0.00255728384290892,0.000443892157871108,0.00366007555385032,-29.9406142914385,0.236433880839844,-0.255823337450181,0.0198788884260602,0.00398210865071207,-0.00223890203274427,-30,0,0,0,0,0,4,3,-2.10666025972904,-0.871078626750896,0.73553687817479,0,0,0
1067,-30.0486698214051,0.106069656888033,-0.0330792392636448,0.00177757702686848,-0.000427240484968189,0.00573413088000867,-30.1145372440068,0.197653246437942,0.00406296001805594,0.00697995837585771,-0.0135325050223621,0.015498747314445,-30,0,0,0,0,0,4,3,-0.468921349572226,0.957944009360322,-1.55800065148061,0,0,0
1068,-30.04764244041,0.106121398804531,-0.0276695492687357,0.000277032590174069,0.000530718201302368,0.00508559459483655,-30.104613195415,0.217555057888606,-0.0289697136971907,-0.0102855240856277,-0.0121118287658301,0.0137673963319309,-30,0,0,0,0,0,4,3,1.23777879939272,0.776072760805794,-1.31880020579871,0,0,0
1069,-30.0474801761377,0.107040178983269,-0.0234888858046862,4.7081718690252E-05,0.00130683644663059,0.00327578865863126,-29.9413656820303,0.00918645302395217,-0.0100093576693533,0.00381330287662512,-0.00051086831236968,0.000991990346786549,-30,0,0,0,0,0,4,3,-0.498598923601844,0.0327139251890636,-0.0791803193399483,0,0,0
1070,-30.0476240277747,0.108363371309529,-0.0200537708839928,-0.000334707337568389,0.00133954151531052,0.00359452991457062,-30.0100895000676,0.268740329964612,-0.0249573097065631,0.0101067581951478,-0.00738371492877888,0.0143753848747752,-30,0,0,0,0,0,4,3,-0.990496819379584,0.200890832948663,-1.38762386806439,0,0,0
1071,-30.0488105976004,0.109803361559369,-0.0165262822445178,-0.00203846232745232,0.00154043382981372,0.00346083736988509,-30.0643274186941,-0.118768855256416,-0.0772451932383262,0.000704701814463281,-0.013726135432698,-0.0165724303416439,-30,0,0,0,0,0,4,3,0.0581846559418405,1.61015125378264,1.81173342064104,0,0,0
1072,-30.050133121343,0.112148859557872,-0.0125184023328089,-0.000606329185945514,0.00315055816222753,0.00455459717574166,-30.0604822117497,0.130245163163513,0.143606192988275,-0.00364942617656492,-0.00370736183198227,-0.00322935697458532,-30,0,0,0,0,0,4,3,0.485907041155822,0.1102458568712,0.0357233114819809,0,0,0
1073,-30.050572279284,0.115354547940925,-0.00814735274782173,-0.000272065866322451,0.0032608132954932,0.00418742815344192,-29.8805509154045,0.0976679786040633,-0.179500270258397,0.0192623958948818,0.0263337797101808,0.000569460302005466,-30,0,0,0,0,0,4,3,-2.16513775867917,-2.82871392822621,0.302054510316248,0,0,0
1074,-30.0514167572274,0.117200981922703,-0.00303552450432275,-0.00141646594045703,0.000432050894681302,0.00603649174020365,-30.0627960534843,0.0251769869051869,-0.0367313326118854,0.00772865255076004,0.0202460617899312,0.015775293462075,-30,0,0,0,0,0,4,3,-0.647273148107344,-2.0749601528035,-1.50406668098373,0,0,0
1075,-30.0536200663914,0.116595560107336,0.00276644212569201,-0.00299025520317866,-0.00164289902733064,0.00556780211957111,-30.0246097434616,0.139720111231852,0.0802677343792733,-0.0152455000278287,0.00234029560495695,0.0178966918168911,-30,0,0,0,0,0,4,3,1.57376948970613,-0.513469782959398,-1.95020465044766,0,0,0
1076,-30.0568650780938,0.114695959647005,0.00710104143597416,-0.0035003270834738,-0.00215630673827183,0.0031015149362105,-30.1317590510458,-0.0145197939637677,-0.0602227751130661,-0.0126946590651048,-0.00503779377681334,0.0103424408098364,-30,0,0,0,0,0,4,3,1.53298400860201,0.532818965608869,-0.913798530757507,0,0,0
1077,-30.0602341592168,0.112806086744689,0.00931418383720957,-0.00323823568757718,-0.0016234425972446,0.00132471001213555,-30.0326161023976,0.0821337710763293,-0.0632890267900037,0.0040298664531343,-0.00377662434007864,-0.00303952960115581,-30,0,0,0,0,0,4,3,-0.337754440518221,0.213394891855206,0.430531013695589,0,0,0
1078,-30.0634154878883,0.111289337326385,0.0108998534297332,-0.00312429881594911,-0.00141006121381365,0.00184660592254107,-30.1068996774167,0.307290679726263,-0.0971385774325521,-0.0038779250440526,0.00761188757435066,0.00158528473447085,-30,0,0,0,0,0,4,3,0.601591859238622,-1.37577011688759,0.0357486814180189,0,0,0
1079,-30.0663376490512,0.109191401132826,0.012518892756612,-0.00272012210324541,-0.00278581972136766,0.00139138035292949,-29.9280413702445,-0.0419635887121663,0.109036410892823,0.00503401101819527,0.00132078659128546,-0.000736170071782853,-30,0,0,0,0,0,4,3,-0.647318361330519,-0.0481514817042132,-0.14445581460736,0,0,0
1080,-30.0693211003029,0.106381503960824,0.0141086967681358,-0.00324668815978771,-0.00283398205410732,0.00178834984829392,-30.07153994522,0.0714503959930453,-0.0896245814959616,0.0100262657445617,-0.0154977831098302,0.0011523588353134,-30,0,0,0,0,0,4,3,-0.859546684016105,1.40687751899693,0.0640132794605833,0,0,0
1081,-30.0728172958993,0.10425095375836,0.0162439813053869,-0.00374554298840846,-0.00142712291190862,0.0024823337451728,-30.1650189487351,0.134321493096109,0.153011159723212,0.00786116662646023,-0.00312487775681302,-0.00237057439392539,-30,0,0,0,0,0,4,3,-0.456078765175782,0.0438447894890833,-0.0689648800538844,0,0,0
1082,-30.0767357597379,0.102845751494233,0.0188752725813085,-0.00409131398325632,-0.00138328627240395,0.0027803275524854,-30.1974177269128,0.158880978788787,-0.000217640832349167,0.00217019878017527,0.00103057399173734,0.0113802947121075,-30,0,0,0,0,0,4,3,0.177815575808165,-0.420819356751308,-1.13759418954605,0,0,0
1083,-30.0812134087822,0.101252068846313,0.0212214296596035,-0.00486417862680044,-0.00180408439144797,0.00191216214971336,-30.0979404985752,0.45037437804532,0.0650525483577021,-0.00827634387338576,-0.00177660496151723,0.00824077885230163,-30,0,0,0,0,0,4,3,1.02351538448906,-0.723088259938917,-0.954182981945567,0,0,0
1084,-30.0861262505332,0.0990864600294487,0.0224301389789983,-0.00496182024175026,-0.00252713715300685,0.000505280192827274,-29.8076268856855,0.0176188613010172,-0.0718123056691852,-0.0106176307625395,-0.0108827170621454,-0.006035397395545,-30,0,0,0,0,0,4,3,0.6770168476249,1.05303398361251,0.74716435089287,0,0,0
1085,-30.0905874854284,0.0970858441023422,0.0229035867552602,-0.00396065963829802,-0.00147410106125259,0.000441388737666346,-30.0161157213847,0.159038854412369,0.079616670250062,0.0142574667653946,0.00833204366052631,-0.0166570777627777,-30,0,0,0,0,0,4,3,-1.39351523377001,-1.15128207487737,1.50647443577764,0,0,0
1086,-30.0944065020796,0.0950360789311217,0.0243550821018511,-0.00367691491796579,-0.00262543468326132,0.00246153856727275,-30.0785170006004,-0.0961319328667863,-0.098166228601496,-0.000668890054873099,-0.00389662324180789,-0.00401885382671386,-30,0,0,0,0,0,4,3,0.22392300668808,0.581926189914361,0.598217839874378,0,0,0
1087,-30.0977826520263,0.0927016063391811,0.0269125725962602,-0.00307534111988051,-0.0020435132414636,0.00265331183338394,-30.1348307164047,0.102758922246669,-0.0442295469581164,0.00492909595289646,0.00602434582791639,-0.00786970618968958,-30,0,0,0,0,0,4,3,-0.223248162480324,-0.807952427284977,0.875429712885191,0,0,0
1088,-30.1005904585022,0.0902541116260842,0.0299223598673236,-0.0025401077149228,-0.00285148375819206,0.00336614226743148,-30.0362643412299,0.0506687661918679,0.0793928671097293,-0.005652266815652,0.0120792164163568,-0.00213836343036765,-30,0,0,0,0,0,4,3,0.637755364024983,-1.30925917401942,0.0550506088173062,0,0,0
1089,-30.1029098092741,0.0867480070979277,0.0330518651215993,-0.0020986975475353,-0.0041607308859107,0.00289277217027378,-30.0550878139941,0.051193120916298,0.0540796038142906,0.00155921402899457,0.00483653618539047,0.0165667168475992,-30,0,0,0,0,0,4,3,-0.0457457749111596,-0.586039860371643,-1.7648308923885,0,0,0
1090,-30.1057101231633,0.0822942729017416,0.0354001662461325,-0.00350217143008251,-0.00474674430736807,0.00180414707701794,-30.0731814664933,0.0882714140522054,-0.0292631519314499,-0.00368263113880274,-0.00965233094921247,-0.00982275733599289,-30,0,0,0,0,0,4,3,0.5146260468669,0.788690266816836,1.04080203746219,0,0,0
1091,-30.1086481787324,0.0779418745306977,0.0373260058004358,-0.00237388172483194,-0.0039580597718947,0.00204728036733808,-30.1661063536177,-0.0484022814721937,-0.092700526235915,-0.020747184318559,-0.000676607090720307,-0.0106966000072927,-30,0,0,0,0,0,4,3,2.40693113909127,0.164465272016418,1.2550610532011,0,0,0
1092,-30.109779321253,0.0740660638858017,0.0388260968263296,0.000111353696309999,-0.00379356527656707,0.000952349485264148,-30.1313598412229,-0.0540489554058283,-0.237367753748934,0.000313163784750497,-0.0161208774005956,-0.00473868469223028,-30,0,0,0,0,0,4,3,0.231403303970663,1.72018565087122,0.948603976720896,0,0,0
1093,-30.1092289879565,0.0711325904368924,0.0399791842741073,0.000989405126970816,-0.00207338965628971,0.00135362884159355,-29.9573902855978,-0.180745525288157,-0.0337769023929762,0.00938698948794583,-0.0151700799977657,-0.0202124034707662,-30,0,0,0,0,0,4,3,-1.02391837759908,1.87849905035289,2.08879415186258,0,0,0
1094,-30.1077512206067,0.0699984270042634,0.0423794680600012,0.00196660089331837,-0.000194943708826911,0.003446722192321,-30.0009918383956,0.12135611240901,-0.123824488087197,0.00426866256799637,0.00307111615164011,0.021962618896078,-30,0,0,0,0,0,4,3,-0.42488258000851,-0.549823839982031,-1.9486129134334,0,0,0
1095,-30.1066777267204,0.0695285869873933,0.0453713297857064,0.000180185549605129,-0.000744745930493598,0.00253740602984617,-30.1186430725094,-0.0162655988095742,0.0814876430106309,-0.00654466802893952,-0.010542181338956,0.00999722847831149,-30,0,0,0,0,0,4,3,0.89175294791283,1.08674933151475,-1.16269813385241,0,0,0
1096,-30.1066721393214,0.0693272361644855,0.0471892498026947,-0.000169328602128151,0.000342039468765019,0.00109851449235422,-30.3863432357447,0.148131509695629,0.0782724039239839,-0.00873092527763826,-0.0116518587886882,0.00584200755603859,-30,0,0,0,0,0,4,3,1.64577899925327,0.868922859477561,-0.740745563451827,0,0,0
1097,-30.1066162146675,0.0701037619770766,0.0474072569846123,0.000280790257297111,0.00121100710285438,-0.000662595632217643,-30.2108764253401,-0.0138966244620424,0.0572951312971996,-0.00945802984721378,-0.00737654264935161,-0.00754034272640899,-30,0,0,0,0,0,4,3,1.36755583540152,0.765447513859246,0.6394440100465,0,0,0
1098,-30.1056609355956,0.0716975054815285,0.0464049002011524,0.00162962050981187,0.00197647236228303,-0.00134241748678079,-30.1555040070317,0.0689922114113167,0.0594603903132651,-0.00115538663481426,0.0157466816742094,-0.00699744540176788,-30,0,0,0,0,0,4,3,0.426546677544837,-1.71265259024357,0.580823759550257,0,0,0
1099,-30.1036749360287,0.0728176536685727,0.0450701106010922,0.00234238706807882,0.000263819395789614,-0.00132731867377878,-30.0851387063616,0.00175866830332756,-0.0986217164992741,-0.00328540937102536,0.00160628647085644,-0.00580895940693199,-30,0,0,0,0,0,4,3,0.498818349825759,-0.164145983692299,0.778139373691747,0,0,0
1100,-30.1008766035904,0.0729994022332262,0.0437835870565225,0.00325430048065637,9.96714400433314E-05,-0.0012459267280199,-29.9395242914414,-0.000111427027004396,0.132147302509741,-0.0021078345031317,-0.00850748866684138,-0.018663099019943,-30,0,0,0,0,0,4,3,0.0898320331960574,0.850971720738147,1.60201529697482,0,0,0
1101,-30.0969730237788,0.0735245509602678,0.0429951944625811,0.00455306481794758,0.000950620136111449,-0.000331143803309102,-29.9223108744491,0.0967051801284548,0.0948619994857731,0.0186508541327656,-0.0146665961540354,0.00733273901198266,-30,0,0,0,0,0,4,3,-2.02046366437826,1.27324925514663,-0.922997900169812,0,0,0
1102,-30.093415096516,0.0751117856879268,0.0431541308080082,0.00256300938676198,0.00222384284005321,0.000649458888019303,-30.1094982319712,0.153110996655377,-0.0880380817363629,0.0111603108925518,0.00159660910931072,0.00859982025830738,-30,0,0,0,0,0,4,3,-0.897034625312751,-0.465882904241826,-0.683905862358012,0,0,0
1103,-30.0914020631139,0.0771026863693889,0.0439313394406233,0.00146311843267189,0.00175795239747393,0.000905203669269737,-29.9982231968061,0.0866471111491452,0.0246554175481208,-0.0190921365008077,0.0107733123109448,-0.00284076588774521,-30,0,0,0,0,0,4,3,1.90566004369305,-1.25062545339277,0.234765753678279,0,0,0
1104,-30.0892544487079,0.078235345920882,0.0441579992969665,0.00283181667635898,0.000507361848170226,-0.000452182351645214,-30.0895415239806,0.0584490971192364,-0.0264431381091501,0.0111217097474087,0.000880195436959631,-0.00385748685527415,-30,0,0,0,0,0,4,3,-0.93308792677966,-0.204917737934436,0.438634961745716,0,0,0
1105,-30.0865458718049,0.0786402384413611,0.0441985730368821,0.00258555876625884,0.00030241843750518,0.000533385715156683,-30.0448288857693,0.014632475656458,0.207737566686604,0.0154469232665952,-0.0102517888096687,0.000983380864919004,-30,0,0,0,0,0,4,3,-1.45503455512093,0.995913929653957,-0.513813219865108,0,0,0
1106,-30.0846178459391,0.0794406068774345,0.0451315335420676,0.00127067068292733,0.00129831090617653,0.00133283141166992,-30.0767320840495,-0.0387239034915723,0.166607037592258,-0.00255614119172671,-0.00375318549418879,-0.00315679757269783,-30,0,0,0,0,0,4,3,0.409078287271578,0.452766356402024,-0.0175343179147334,0,0,0
1107,-30.0832287741388,0.0809653077416502,0.0462911747378973,0.00150740057938599,0.00175108580971673,0.000986400570055749,-30.2467172579928,0.11898667742221,-0.084092478946757,0.00809566087180431,0.00199085342502847,0.00157944685169195,-30,0,0,0,0,0,4,3,-0.316131571194833,-0.437058697347266,0.0102402727243189,0,0,0
1108,-30.0818184217524,0.0824978642695177,0.0473963767074382,0.00131336089792083,0.00131402056159939,0.00122404760041635,-30.1569385593072,0.0955016436812333,0.180372367610306,0.00480530606272385,0.00318754644777596,-0.00331437829125482,-30,0,0,0,0,0,4,3,-0.166653487658014,-0.509757932140062,-0.0293069060951309,0,0,0
1109,-30.0805708313409,0.083557006961512,0.0486685874307555,0.00118184213381187,0.000804259713058663,0.00132040420310169,-30.138769484912,0.170075297513459,-0.0844003193418565,0.00974933601665509,-0.000494616758115649,0.00550069609562724,-30,0,0,0,0,0,4,3,-0.697394631841566,-0.290688919215353,-0.381268970879011,0,0,0
1110,-30.0797576476475,0.0842159211365998,0.050135265502253,0.000444592338546697,0.000513562602144215,0.00161311570069975,-30.1332385577416,0.0136005126320082,-0.0394495010988886,0.0160672726796629,0.0043360562798018,0.00495769325565031,-30,0,0,0,0,0,4,3,-1.34025015248303,-0.460806653244196,-0.416870323367254,0,0,0
1111,-30.0798955257866,0.0844990726093342,0.0521356276914617,-0.000720174401356683,5.27353074272263E-05,0.00238786761040087,-30.015971553289,0.129566892344775,0.0469374707349262,-0.00603224480706765,0.010155310984566,-0.0108539283549404,-30,0,0,0,0,0,4,3,0.63516758728467,-1.27466488314615,0.991517894024184,0,0,0
1112,-30.080031843224,0.0839144769976632,0.0545763215267644,0.000447564747591912,-0.00122193210207884,0.00249326669152441,-30.0230001139865,0.0118587416848139,0.100643026961325,-0.00508857652301784,0.00103070774608895,0.0261642199384251,-30,0,0,0,0,0,4,3,0.55485788027471,-0.126788257978523,-2.81770804776516,0,0,0
1113,-30.0805169734489,0.0826291801741056,0.0559688472262631,-0.00141830508648328,-0.00134866544777066,0.000292196795606547,-29.9316259248361,0.289263641816607,-0.028034598564202,-0.00825070112499281,-0.00461333342453597,0.00100579112836206,-30,0,0,0,0,0,4,3,0.688321962171426,-0.117193941179617,-0.0445099157078025,0,0,0
1114,-30.0817416040513,0.0812219282847545,0.0559709534259896,-0.00103107409366347,-0.00146584478055201,-0.000288063233085849,-30.1946971137581,0.0763028996872118,0.141849847323808,-0.00145818729957679,-0.0116415725960046,0.0163471375658041,-30,0,0,0,0,0,4,3,0.535212957473899,1.01155146022604,-1.91841345122802,0,0,0
1115,-30.0833612355296,0.0802618828765172,0.0548706212017401,-0.00220853835460086,-0.000454252747842124,-0.00191234332506163,-30.0962410411919,0.0306889128133116,0.0973987778934543,0.00467169715171796,0.000114567734104555,-0.0139553882793898,-30,0,0,0,0,0,4,3,-0.274687632787942,-0.0728345990370787,1.20074127215207,0,0,0
1116,-30.0851880573976,0.0797712033754055,0.0534323816605269,-0.00144489584573234,-0.000527111520668266,-0.000964299467100771,-30.1249603909649,0.235782633698465,0.0521516481642358,-0.00531251918260809,-0.00568718252226846,0.00533567128898149,-30,0,0,0,0,0,4,3,0.781172700190618,0.097152984829915,-0.63787042522662,0,0,0
1117,-30.0866440509476,0.0792926826406494,0.05195729972867,-0.00146730758464946,-0.000429932847339053,-0.00198585930782001,-30.1275313588856,0.0191647122366384,0.193483477735435,-0.0031750461558853,-0.0179340283617289,-0.00842528607690904,-30,0,0,0,0,0,4,3,0.572567333359741,1.75507341169961,0.455561652220034,0,0,0
1118,-30.0877588696844,0.0797402908242862,0.0498815386781973,-0.000762364280654758,0.00132514507876459,-0.00216581700440065,-30.100426365874,0.180115836235935,0.13469399501251,-0.00879385025448064,0.00955619941793636,-0.0039865788935868,-30,0,0,0,0,0,4,3,1.08023775719604,-1.31585161426551,0.12926989933366,0,0,0
1119,-30.0881395772093,0.0804075232775646,0.0473250073433103,7.82848004975563E-07,9.31330614062202E-06,-0.0029474113194538,-30.1199069709915,-0.0860689501117419,0.132812213304041,0.0103218336375721,-0.00371127413917679,-0.00347196497682908,-30,0,0,0,0,0,4,3,-0.792369421774207,0.543265314141163,0.0815720710748263,0,0,0
1120,-30.0883563039452,0.0806884645705668,0.0447067128634055,-0.000434091488588115,0.000552561324484808,-0.00228908196105827,-30.0032284105504,0.249141650633416,0.10071799160733,0.00322620995282163,0.00868336552576823,-0.00353318676893669,-30,0,0,0,0,0,4,3,-0.316164174181408,-1.36661985384366,0.151882693679009,0,0,0
1121,-30.0888324572461,0.0805577140314841,0.0425817841599568,-0.00051814041300973,-0.000814067281874088,-0.0019607561385806,-30.0821102118244,0.206056563879121,0.154609528300462,-0.0100469827279581,-0.0134349897743406,0.0102955706148719,-30,0,0,0,0,0,4,3,1.16891869644454,0.931385849675816,-1.33877611808811,0,0,0
1122,-30.0895185534287,0.0802093650337938,0.0397407739581277,-0.000854429497367982,0.000117362971615362,-0.00372119146616122,-29.9669353638468,0.170492077090636,0.278945956285364,0.00439720034473901,-0.0142391691855354,-0.0151678671408724,-30,0,0,0,0,0,4,3,-0.50584930678022,1.08293276437227,0.95889480151651,0,0,0
1123,-30.0901570399954,0.0808681845938755,0.0365080547903228,-0.000422331843091593,0.00120027063557682,-0.00274434170336282,-30.0067539675468,0.06188424866802,-0.0603775709545527,0.00786217676984817,0.0113066404489853,0.00337756518142713,-30,0,0,0,0,0,4,3,-0.772709741891302,-1.25443254223457,-0.217001376233608,0,0,0
1124,-30.0909074654687,0.0814412357109324,0.0339934029231995,-0.00107841416510588,-5.41741710048562E-05,-0.00228481921275519,-30.027757864373,0.0261758876196211,0.174317939233427,0.00085223845063031,0.000718740464453825,-0.0137065050681804,-30,0,0,0,0,0,4,3,-0.0297081163171072,-0.124225821684625,1.02201462835118,0,0,0
1125,-30.091596997965,0.0813249433484136,0.0320292339716111,-0.00030050797764969,-0.000178416441012442,-0.00164368475172541,-29.9779769257541,0.143312110156252,0.224136602679608,0.00555298243104136,-0.0120212686104508,0.00844983746215183,-30,0,0,0,0,0,4,3,-0.599344391595924,0.915502640732572,-1.2932569515744,0,0,0
1126,-30.0925947246388,0.0816042839431141,0.0302151016873846,-0.00169501591907996,0.000737094130427205,-0.00198427701457488,-30.0738607885262,-0.0260172990741296,0.0177180976514681,-0.00345943408377501,0.000586208670260743,0.00103261496152614,-30,0,0,0,0,0,4,3,0.493664985429809,-0.00658626887781521,-0.13869769145555,0,0,0
1127,-30.0941956772609,0.0823380945080528,0.0279873961658239,-0.00150698875962219,0.000730519998224299,-0.00247117357399728,-30.2029134112154,0.126801586092802,-0.0270598865918421,-0.00947000162236502,0.00476481086560948,0.0132259830795853,-30,0,0,0,0,0,4,3,1.35282698466731,-0.730084258746551,-1.26847853477484,0,0,0
1128,-30.0957886816768,0.0827035984281635,0.0245861410556238,-0.00167941686774312,4.82772144494322E-07,-0.00433129857838341,-30.1549159763306,0.112665799286873,-0.0441065714591384,0.00739166950048484,-0.00219509727243216,-0.0114259118986171,-30,0,0,0,0,0,4,3,-0.429334997387186,-0.00582187133052886,1.23080433277999,0,0,0
1129,-30.0971204481344,0.0827011593946301,0.0207968007190007,-0.000983876582760538,-5.3668714289745E-06,-0.00324753003269969,-30.1682023792209,0.146136183529901,0.0506252025976725,-0.00774800776294067,0.00684637668549956,0.00093671596919024,-30,0,0,0,0,0,4,3,1.11120553473592,-0.976910035609758,-0.194922002114369,0,0,0
1130,-30.0978430281192,0.0822073539316766,0.0170448727738589,-0.000461495932043734,-0.000982251408588355,-0.00425643671827613,-30.099428674106,0.0157514481666334,0.0559840647726061,-0.0117697311394956,0.015702040870361,-0.00181054081684022,-30,0,0,0,0,0,4,3,1.37583046216164,-1.60170698336937,0.0690859521388098,0,0,0
1131,-30.0978583859969,0.0804242654888678,0.0122607077607388,0.000430559446776673,-0.00258393163669108,-0.00531208422529152,-30.1433651852119,0.178318529886731,0.0935382459842967,0.000728227650000903,-0.00650176754732834,0.0106840577157499,-30,0,0,0,0,0,4,3,0.213907605423778,0.293539694959372,-1.25548226354359,0,0,0
1132,-30.0978618956109,0.0779871171256213,0.00647078685441257,-0.000437779720197773,-0.0022903681456836,-0.0062675703003675,-30.1729716738247,0.181452904758945,-0.121313882726605,0.00930327425982753,0.00207097422427937,-0.0129942142238142,-30,0,0,0,0,0,4,3,-0.584384078333279,-0.570003231945827,1.54204918783463,0,0,0
1133,-30.0978768387126,0.0754117309561301,0.000900899473736286,0.000408196416330034,-0.00286040710881153,-0.0048723838382372,-30.2246721838551,0.231926266416205,0.0958912750211227,-0.00064607387488319,-0.0124009687997347,0.0105109826173912,-30,0,0,0,0,0,4,3,0.513951755198451,0.776244347141057,-1.24288081178137,0,0,0
1134,-30.0978057244888,0.0729394638170658,-0.00456338387708353,-0.000266218261759106,-0.00208413309459701,-0.00605603862365712,-30.0858606868492,-0.0954603570703731,-0.00493447823157905,0.00116663576808071,-0.0119851917911011,-0.0110492579636491,-30,0,0,0,0,0,4,3,0.05505779689034,1.38943989325085,1.11479475282807,0,0,0
1135,-30.0976205490987,0.0715500456749781,-0.010305650464629,0.000636707841652007,-0.000694709373651768,-0.00542868681536899,-30.1222825679219,-0.0693341070487636,0.0152631326157636,0.00546898106311912,-0.00936909271344698,-0.0117163397912683,-30,0,0,0,0,0,4,3,-0.302332970468048,1.07557748544223,1.1411077138953,0,0,0
1136,-30.0966313630811,0.0713931146705424,-0.0152720143812098,0.00134186631863927,0.000380844295691836,-0.00450419150038647,-30.0498771497441,0.106605339587067,0.00793504661408057,0.00167659996787951,0.00479140031608655,-0.00903943898802786,-30,0,0,0,0,0,4,3,-0.0679056972997688,-0.692350710782789,0.888073805574624,0,0,0
1137,-30.0949643830649,0.071427779668009,-0.0194845355417186,0.0019922226474677,-0.000311521555967768,-0.00392098932319461,-30.1541728155842,0.270902951151503,-0.100013709474632,-0.000278009254102107,-0.00212860629313027,-0.00667591728968826,-30,0,0,0,0,0,4,3,0.336146556578675,-0.328945272989978,0.867619147918091,0,0,0
1138,-30.0925308364166,0.0709517838369239,-0.0232801001991676,0.00287492900930365,-0.000640473484257929,-0.00367032658036335,-30.1696146525409,0.0887634575788708,-0.0738776207876966,0.00732618714566453,-0.00223928624825868,-0.00981437295067086,-30,0,0,0,0,0,4,3,-0.393389409484574,0.0464017096681265,1.12919253664248,0,0,0
1139,-30.0893346671485,0.0703345014583048,-0.026457178140536,0.00351762459125887,-0.000594097238252725,-0.0026839644978949,-30.0889411338195,0.109221973943709,0.162868630410629,-0.00636614631802023,0.00731838382139077,0.00313680536084912,-30,0,0,0,0,0,4,3,0.814496899441122,-0.950282330026495,-0.639417796906169,0,0,0
1140,-30.0858240917197,0.0692652801957772,-0.0296673999053149,0.00350330643646623,-0.00154435317434545,-0.00373647199310971,-30.0601548325835,0.129008290583088,-0.0296992320594728,0.0155645742632001,0.00351170202330686,0.00795766654827599,-30,0,0,0,0,0,4,3,-1.43614776115303,-0.609186783496861,-0.736368190708654,0,0,0
1141,-30.0830558502367,0.0674163283147596,-0.0330700755940733,0.00203332236590961,-0.00215355758614823,-0.00306856410543712,-30.2493291418497,0.124698802318329,-0.0397000515785644,0.000447738473820929,-0.00455215207628947,-0.00604507527632497,-30,0,0,0,0,0,4,3,0.453884436317249,0.205817602992289,0.683907630789626,0,0,0
1142,-30.0806172030736,0.0653656821828968,-0.0361167125340946,0.00284398566241303,-0.00194774140739339,-0.00302487923142679,-30.0969895685411,0.100591872874199,-0.0768382117051519,-0.000950881714511239,-0.0031709448407799,-0.0102877204931345,-30,0,0,0,0,0,4,3,0.289067308533347,0.115910738329592,1.18244847272376,0,0,0
1143,-30.0772210460401,0.0634758915306463,-0.0389025133751949,0.00394843188811257,-0.00183184316301951,-0.00254695590029217,-30.05106223953,0.0476623558747079,-0.167456415801965,0.00364790939481885,0.00071434608789556,0.00547158647277446,-30,0,0,0,0,0,4,3,-0.262666460421982,-0.166759320538972,-0.212245815673517,0,0,0
1144,-30.0734406475478,0.0615606710896491,-0.0414190474907985,0.00361238086688424,-0.00199860450747598,-0.00248603801492643,-30.1637636875803,0.136580805477724,-0.359459967517913,-0.00335129004033873,0.00647124198189942,0.00113868521687813,-30,0,0,0,0,0,4,3,0.662656379194409,-0.92028580914539,0.605051413348013,0,0,0
1145,-30.0693900720502,0.0591019286093015,-0.0439910551176172,0.0044887383699095,-0.00291888629826286,-0.0026581602989868,-30.0922215133772,0.0750330010067743,-0.22337735149766,0.00991143511018211,-0.0176146239123005,-0.0189625515090914,-30,0,0,0,0,0,4,3,-0.806700484263874,1.6113963892165,2.34300985390446,0,0,0
1146,-30.064223684643,0.0569887168588098,-0.0456232717313353,0.00584447396657978,-0.00130754255843433,-0.000606556360728721,-30.1015544153378,-0.0206773871865813,0.0219885340826415,0.0228669207316659,0.0115637209122798,0.0114384666576508,-30,0,0,0,0,0,4,3,-2.08358324249095,-1.11501731685482,-1.18782373393036,0,0,0
1147,-30.0594884114367,0.0551236567393088,-0.0457764199390492,0.00362626689748204,-0.00242258359719022,0.000300729402772364,-29.9739195680372,0.00406353300446202,-0.0348021882132932,-0.00408390654836953,0.00374752243639845,-0.0346537719457311,-30,0,0,0,0,0,4,3,0.356229790911325,-0.382879309648769,3.5349815709997,0,0,0
1148,-30.0543554117188,0.0525096130242559,-0.0445472077903562,0.00664012479290034,-0.00280551051664963,0.00215706078380466,-30.1001582047667,0.131809024350024,-0.0576892640561852,0.0228762056917498,-0.0150959301133103,-0.0136357687488508,-30,0,0,0,0,0,4,3,-2.08730415964168,1.24597496263099,1.47895540299745,0,0,0
1149,-30.0477670878554,0.0503270610262292,-0.0411217501050991,0.00653705936700824,-0.00155960070347251,0.00469388137640682,-30.0652531300071,-0.0542604480851164,-0.0319722904591728,0.00648900040182844,-0.00886333787676199,0.00318523825146075,-30,0,0,0,0,0,4,3,-0.518393780168728,0.994854683846432,-0.25457924422773,0,0,0
1150,-30.0414895648507,0.0492648873582649,-0.0363095402038354,0.00601804031453495,-0.000564752559736653,0.00493065118232258,-30.065696363945,0.016360760908002,0.0385750399922539,0.0261803349591675,0.0084122680502693,0.0133787780496236,-30,0,0,0,0,0,4,3,-2.4866407680267,-0.873948326842934,-1.41502788494687,0,0,0
1151,-30.0367904274704,0.0482631486239524,-0.0308329632421818,0.00338046588537578,-0.00143872924195488,0.00602306052011692,-30.0733793398496,0.104402226165022,0.0278439867898333,-0.0059745658380185,0.00590897571690967,-0.00744567136932615,-30,0,0,0,0,0,4,3,0.744215263501132,-0.79970202402101,0.688879163352948,0,0,0
1152,-30.0329103011682,0.0464245725469891,-0.0249038403702831,0.00437974819214904,-0.00223842689424386,0.0058349830523269,-29.8540579787664,0.192463026280278,0.0186498552907528,-0.00154552049509033,-0.00190353588732477,0.00649418483586412,-30,0,0,0,0,0,4,3,-0.137331992958141,-0.194572463828079,-0.686718194167917,0,0,0
1153,-30.02884503933,0.0440888656545397,-0.01923193387497,0.00375070759406626,-0.00243299148612905,0.00550896569364329,-29.9783288795103,-0.0503555435592662,-0.0872945066448033,0.00397249481365484,-0.0067014398442602,0.0191044337128628,-30,0,0,0,0,0,4,3,-0.440591722344947,0.770855071544552,-1.73585435799667,0,0,0
1154,-30.0259176936984,0.0420413141807951,-0.0140841493541565,0.00210383537596329,-0.00166211841155828,0.00478694893255808,-30.1480723661499,-0.032276321093141,-0.0566471401890088,-0.0155327752500632,-0.0209993282998501,0.00783562624218524,-30,0,0,0,0,0,4,3,1.84942225730621,2.16448547217129,-0.670268343840507,0,0,0
1155,-30.0235187726975,0.0414614688302937,-0.010242974580853,0.00269361006638915,0.000502414862551985,0.00289528280777196,-29.8292324301964,0.182264475002252,-0.189043061932297,0.0104733716912734,0.00478778648426957,-0.0116298748815009,-30,0,0,0,0,0,4,3,-1.38887230873454,-0.84330759843146,1.54107361201469,0,0,0
1156,-30.0206361262524,0.0415422044375652,-0.0063360179639067,0.00307210945798256,-0.000340944719095778,0.00491855292994909,-30.0242457182758,0.0286020064920423,0.0164979154681578,0.00650695617626697,-0.00243018595638038,0.0057631302394984,-30,0,0,0,0,0,4,3,-0.602204181075054,0.185814582653954,-0.609308854886155,0,0,0
1157,-30.0179894559439,0.0412941689452394,-0.00137120035657217,0.00222125490028007,-0.000155132868707094,0.00501126271817391,-29.919774046549,0.033444232725222,-0.062217415174659,-0.0069661536863665,-0.00724070319836598,-0.0032583007042397,-30,0,0,0,0,0,4,3,0.536163461734632,0.657181854386154,0.450264900773288,0,0,0
1158,-30.0154271206739,0.0414676316087114,0.003555769205009,0.00290338664441302,0.000502052847919691,0.00484253790726162,-29.9945610815314,0.052413250989845,-0.104363291215678,0.0147412400207218,0.00778929152750911,0.013764868698306,-30,0,0,0,0,0,4,3,-1.4850018390094,-0.883755654730601,-1.16776028739925,0,0,0
1159,-30.0134388236976,0.0415278028894039,0.00862672689431835,0.00107330467181146,-0.000381714729066032,0.00529976092157789,-30.0291818359756,0.0426857257632961,0.0532774900802213,-0.00130879928530799,0.01287705883187,-0.00239050687933575,-30,0,0,0,0,0,4,3,0.189243600482004,-1.3730773347136,0.132495707773133,0,0,0
1160,-30.0122558783009,0.0404595535771053,0.0138840901790726,0.00129257157047898,-0.00175479029239797,0.00521492277433734,-29.8775645163034,-0.100767163600269,-0.249248301007783,-0.00420140781291691,-0.0041185657329007,-0.00706841563511384,-30,0,0,0,0,0,4,3,0.175269813898416,0.613390900490609,1.20533816552695,0,0,0
1161,-30.0104310925819,0.0390114540067245,0.0193869516940437,0.00235712059445626,-0.00114141453738134,0.00579058139944262,-29.9718461422841,0.0242463397529532,-0.035772272426179,0.00754796731010128,0.000347329089725742,-0.00330764369226526,-30,0,0,0,0,0,4,3,-0.811104446441899,-0.0832255884784806,0.402308914078884,0,0,0
1162,-30.0081595301337,0.0378284181830919,0.0256143411592635,0.00218619311135345,-0.00122466276857657,0.00666423856531068,-29.9436313726143,-0.177863233977754,0.143628650954961,0.00665967629100804,-0.00176171116785321,0.00603305132571944,-30,0,0,0,0,0,4,3,-0.778704883872186,0.53189758474083,-0.890562434481865,0,0,0
1163,-30.0065632619066,0.0368697059111096,0.0323115358597523,0.00100635744008088,-0.000692767128664822,0.00673039708596347,-30.1427002988623,0.0520045187518565,0.00998841021821473,-0.00410184435115451,0.00156212410310439,0.00468940913897666,-30,0,0,0,0,0,4,3,0.695585032840026,-0.260221447814152,-0.488917734334095,0,0,0
1164,-30.0055411166532,0.0360468431739235,0.0386099186596779,0.00103775517428974,-0.000952966927954564,0.00586636544362436,-30.0518385824007,-0.188024983547032,0.117428976361187,-0.00631206153334263,-3.34125522817804E-05,0.00567239948634844,-30,0,0,0,0,0,4,3,0.73488331813576,0.379391222322242,-0.802097901357218,0,0,0
1165,-30.0046009921624,0.0352835880758834,0.0439339832352797,0.000842269202902153,-0.000573548404117906,0.00478180706650496,-30.0916019136586,0.111316611657402,-0.0376294188918846,0.00372898099258253,-0.00760694514328535,-0.00589021180123178,-30,0,0,0,0,0,4,3,-0.189694271941081,0.538061291013731,0.664280017906947,0,0,0
1166,-30.0035518970198,0.0349790664195159,0.0489849011100492,0.00125603910420518,-3.55012501988746E-05,0.00531994805123119,-30.1375989081647,0.0150164884230854,0.108826023104202,0.00357127981611046,-0.00149930601141857,0.00514425188420511,-30,0,0,0,0,0,4,3,-0.0819301652817147,0.119897624295686,-0.732077234628916,0,0,0
1167,-30.0026127812087,0.0350035216033963,0.0541092879252307,0.000622114017131698,8.44060702344544E-05,0.00492896064681734,-30.0781308368165,-0.0911354926949395,0.199024887467217,-0.00770098879227558,0.00818563177214366,0.00544834687937128,-30,0,0,0,0,0,4,3,0.926360552860655,-0.636292191824487,-0.942884462871562,0,0,0
1168,-30.0020877196674,0.0347698012180264,0.0583774360595033,0.000427742421952874,-0.000551852762200968,0.00360737876982356,-29.9904638283961,0.0327171482767883,0.207840774150294,0.0115534868829679,0.00626417402860788,0.0042220942030482,-30,0,0,0,0,0,4,3,-1.17442103150467,-0.691851699414364,-0.837890968605408,0,0,0
1169,-30.0023493505879,0.0338720192858561,0.0621937238107061,-0.000950915794719059,-0.00124371522110007,0.00402548273394584,-29.8723171789157,-0.0253811627503314,0.171259141408122,0.00151298472215308,-0.0160471806327903,-0.0013054305009566,-30,0,0,0,0,0,4,3,-0.406664114383864,1.6554803887797,-0.211975232720584,0,0,0
1170,-30.00350828499,0.0334560456228985,0.0663112874564186,-0.00136691325023645,0.000411760233833769,0.00420973233142621,-30.190924601175,0.221114058048583,0.120217496672239,0.0015074975088986,0.0113149377053273,-0.00342711633905231,-30,0,0,0,0,0,4,3,0.231099451460222,-1.57372188662989,0.102276640560752,0,0,0
1171,-30.0047655973786,0.0330809491479664,0.0704534266691419,-0.00114773706588724,-0.00116195856151708,0.00407450299577455,-29.996538993902,-0.0574600621442307,0.177347081594107,0.00156955733779977,-0.00651484431609565,0.000119215854252098,-30,0,0,0,0,0,4,3,-0.163877745975927,0.766404555898026,-0.366615748613423,0,0,0
1172,-30.0061099040645,0.0323021989620944,0.0744767864828708,-0.00154089570885226,-0.000395551637938535,0.00397230375568133,-30.0632913193975,0.115744770397624,0.0885977335988601,-0.0120047790606207,-0.0058769221750385,-0.0144460023803952,-30,0,0,0,0,0,4,3,1.32706054485705,0.356202676708602,1.2674047708418,0,0,0
1173,-30.0067463156887,0.0320847548914841,0.078294357126805,0.000268012219415398,-3.93417728374544E-05,0.0036624684409871,-30.0461362002972,0.0758970160614178,0.273363124630643,-0.0358673373110501,0.0109555085798513,0.0175827141946662,-30,0,0,0,0,0,4,3,3.67900613169937,-1.24734489010796,-2.30499766872791,0,0,0
1174,-30.0062939417306,0.0314217986267331,0.0797872368857405,0.000635850338632184,-0.00128657650675938,-0.00067678284356283,-30.0916185832588,-0.123577416038419,0.0680288276515343,-0.0048994176699988,-0.00361544028472561,-0.014369848877355,-30,0,0,0,0,0,4,3,0.673178933517451,0.6086988605494,1.30092723243243,0,0,0
1175,-30.0049387323973,0.0304395706158394,0.0792254810236994,0.00207461775599119,-0.00067788420358787,-0.000447020862396346,-30.0885010526446,0.053757653501962,-0.0440454804362833,0.00730178163106884,8.97005461620388E-05,-0.0199770001042413,-30,0,0,0,0,0,4,3,-0.553176057817629,-0.116485361620128,2.0857909712967,0,0,0
1176,-30.002199214845,0.0297034254637415,0.0796185573230664,0.00340476447523,-0.000794413099606102,0.00123290361180836,-29.9658106989843,0.120554564188034,0.244543612770505,-0.00757182024803182,-0.00242489990860441,0.00623617842404049,-30,0,0,0,0,0,4,3,0.688803422771709,0.00138086248437283,-1.11270506794506,0,0,0
1177,-29.999034613823,0.0289097217838222,0.0802339763598173,0.00292418814929022,-0.00079300105057373,-1.96618152367711E-06,-29.970132337502,-0.0482931419308982,0.13957265871676,-0.00128335607187788,0.033157431638475,0.00852139805958288,-30,0,0,0,0,0,4,3,0.0686002821917123,-3.21915687998571,-1.13128512339181,0,0,0
1178,-29.9965448481837,0.0265071551669587,0.079857281564477,0.00205519419621581,-0.00401213899983304,-0.000751245288396997,-29.863126814219,0.313814501069789,0.0641581426988429,0.00990018263962229,-0.0161224114148088,0.00322919027751602,-30,0,0,0,0,0,4,3,-1.26376463552427,0.984612139341298,-0.451235313149288,0,0,0
1179,-29.9950519677529,0.0229873151574641,0.0794689054322959,0.000930714877965919,-0.00302754542218938,-2.52780069552334E-05,-29.8166610713981,0.187259182342977,0.244632584876117,-0.020662368524372,-0.0116141954303994,-0.0142484320398877,-30,0,0,0,0,0,4,3,1.69955899523335,0.78690117835399,0.935578034236531,0,0,0
1180,-29.9932399628408,0.0203532338423482,0.0790368361418065,0.00269313342213639,-0.00224062437712794,-0.000839217581105558,-30.0362517714865,0.0230300201971458,0.056040931518662,0.0224266139141746,-0.00529205861374012,-0.00175106311767393,-30,0,0,0,0,0,4,3,-2.17015784844437,0.483145820979721,0.0630244487300693,0,0,0
1181,-29.9911744907163,0.0183541641091277,0.079077608367794,0.00143817477797278,-0.0017575234308063,0.000921015802866968,-29.7659485483213,0.00404044102527829,0.222004807789952,0.00112611320438053,0.00292974743924679,0.00622131038986698,-30,0,0,0,0,0,4,3,-0.580714223795387,-0.301055625975235,-1.0661406545666,0,0,0
1182,-29.9903392398821,0.0164461192750325,0.0799048102960129,0.000232292265943961,-0.00205857427211482,0.000733635675716725,-30.0130066906874,-0.0247217836559595,-0.0465566661479006,0.0114980593959394,-0.00152276660814485,0.00242689485384164,-30,0,0,0,0,0,4,3,-1.12379255821909,0.201720228126404,-0.149576153088363,0,0,0
1183,-29.9905053117011,0.0144883980093989,0.0810371823044971,-0.000564272420691254,-0.0018568744591993,0.00153127173989723,-29.9380975497699,0.028741634467919,0.101464014784332,-0.00715192964459528,-0.0057326882619786,0.00232543953685663,-30,0,0,0,0,0,4,3,0.591388063999242,0.515785557262022,-0.435471983254328,0,0,0
1184,-29.9910690820828,0.0128894267365857,0.0821949004234829,-0.000563422409268659,-0.00134107019336726,0.000784169679581989,-30.0955362524322,0.00748375400874149,0.0937444370428754,0.0155560440531701,0.0118688410592733,-0.0128873871638428,-30,0,0,0,0,0,4,3,-1.36453190045266,-1.20185161394481,1.10124984229853,0,0,0
1185,-29.9916011002337,0.01094741232839,0.0838488062281572,-0.00050025742618839,-0.00254296648145047,0.00252363082896876,-29.894362684656,-0.00507023678889555,0.0620326813534035,-0.000253029850777272,0.000651469532801892,-0.00230257997486536,-30,0,0,0,0,0,4,3,-0.185971645610268,-0.0550064797023981,0.10619263477973,0,0,0
1186,-29.992115785526,0.00837694225112907,0.0864723604639761,-0.000529072143902414,-0.00259797836739711,0.00272348534265031,-29.9314871712024,-0.039097766630525,0.0263654690782005,0.00191953592573059,0.00282293724187251,0.00775017157009961,-30,0,0,0,0,0,4,3,-0.328979250168312,-0.204098190926201,-0.827748095166362,0,0,0
1187,-29.9930764326207,0.00567692105045301,0.0890743040145305,-0.00139226791394177,-0.00280207037136626,0.00248057731783828,-30.0087238787639,-0.0902161037820825,0.238944257162388,-0.01328943307639,-0.0126376710750547,-0.00297787958387446,-30,0,0,0,0,0,4,3,1.34639106516683,1.44419931506964,-0.18010055593733,0,0,0
1188,-29.9941406447255,0.00359696801675482,0.0909550101507612,-0.000736395332177265,-0.0013578410279177,0.00128070488589789,-30.0135084025593,0.0412203123383929,0.0678951254869793,0.00137714033121112,-0.00108461956368851,0.00658988722899568,-30,0,0,0,0,0,4,3,-0.110697228002506,0.0260213316920652,-0.794778973873526,0,0,0
1189,-29.9952309493068,0.00225214450341035,0.0920368575725082,-0.00144429094176414,-0.00133180961491404,0.000883133620402021,-29.955544962174,-0.116242976064141,0.194606885704007,-0.018332910050925,0.000652743254967842,0.00474579665280196,-30,0,0,0,0,0,4,3,1.74438092944049,0.167211626631498,-0.86379343668821,0,0,0
1190,-29.9965041191737,0.00100396790809926,0.0919563134474782,-0.00110243382724812,-0.00116454930766325,-0.00104428980620643,-29.8925414304732,-0.145035876647469,0.181163573870192,0.00797314869413829,0.000557781169217192,0.0104274896013305,-30,0,0,0,0,0,4,3,-1.0122320084674,0.234293636373218,-1.40507610787343,0,0,0
1191,-29.9984751945268,-4.34317976004313E-05,0.0908938058822196,-0.0028397207365713,-0.000930254352371189,-0.00108037450616744,-29.9355717261547,-0.135347794296924,0.136714554199047,0.00108654820823633,-0.000626717063969827,-0.00165990266145636,-30,0,0,0,0,0,4,3,-0.237511368514236,0.333367294990831,-0.107438842252458,0,0,0
1192,-30.0014316671971,-0.00080700071074835,0.0898714700882437,-0.00307319783860338,-0.000596890197697802,-0.000964246793977587,-30.068680097248,-0.0531972386958027,0.00579468592920387,-0.00481567365159982,0.0136075283767077,0.000656945281547469,-30,0,0,0,0,0,4,3,0.618927559656036,-1.25435836027916,-0.0772839000131546,0,0,0
1193,-30.0043545453873,-0.00203106017566436,0.0886302567078138,-0.00277267127652876,-0.00185123483999476,-0.00151824249850265,-30.036264750106,-0.101598940322197,-0.147061371364714,-0.00833046451139426,0.00858049121495859,-0.00708274510986953,-30,0,0,0,0,0,4,3,0.905575951351461,-0.654851240851465,1.00239725371638,0,0,0
1194,-30.0064580318991,-0.00420971696467445,0.0870408095176164,-0.0014343256895432,-0.00250608330373697,-0.00166091679846004,-30.0421618995976,-0.0295513929009086,0.183106126345876,-0.00248049175864533,0.000273212432239827,-0.0149593552478354,-30,0,0,0,0,0,4,3,0.332372975059779,0.0317815425778346,1.12972327209179,0,0,0
1195,-30.0073424612691,-0.0066999119874301,0.0855761940791966,-0.000334451157866499,-0.00247431255357861,-0.00126853221327081,-29.829022724111,-0.000994709980190214,-0.0532369471810411,0.00976817322265398,0.00467083189505057,0.000729568572590972,-30,0,0,0,0,0,4,3,-1.31877187404348,-0.465093769544676,0.0335170371029851,0,0,0
1196,-30.0080581898503,-0.00940678160071178,0.0848416046015713,-0.00109679026960226,-0.0029394335188951,-0.000200492575292715,-30.1366474522937,0.0154405204873123,0.0542935102889065,-0.0186311283703173,0.00357949310823329,0.0078949892263455,-30,0,0,0,0,0,4,3,2.13640774161914,-0.388830351797954,-0.898085943212363,0,0,0
1197,-30.008884324824,-0.0125405977634119,0.0835089762138086,-0.000555928418894213,-0.00332820673520223,-0.00246487001547849,-29.9626873273994,-0.0045262521145362,0.196570056938016,-0.0152386419101692,-0.000257418984298072,0.00106839252552477,-30,0,0,0,0,0,4,3,1.4492388458157,0.0347944026588796,-0.49997936642851,0,0,0
1198,-30.0092147027362,-0.0158513869229394,0.0803063210638139,-0.000105116978886889,-0.00329337526450026,-0.00394052876274812,-29.9314600477013,-0.0047778035329777,0.141445536501009,0.0129337032366289,-0.00543563696782182,-0.00703817688548116,-30,0,0,0,0,0,4,3,-1.43045022826026,0.553119303848137,0.420926615546097,0,0,0
1199,-30.0095786918914,-0.0188682173400261,0.0770600042600193,-0.000622580755757733,-0.00274029142217554,-0.00255200104632749,-30.0071239042751,0.0330984011415572,0.242131827424349,-0.00270531812220046,-0.00227665981479384,-0.00300357647518183,-30,0,0,0,0,0,4,3,0.284779620770191,0.16146917919627,-0.183906007330515,0,0,0
1200,-30.0101943012703,-0.0215277674530173,0.0743326220835281,-0.000608703107149315,-0.00257881362626534,-0.00290276443014037,-29.8964359473433,-0.0051176869674531,-0.00380918744707448,0.00445566723252956,-0.0234665760178962,0.0134366837815872,-30,0,0,0,0,0,4,3,-0.652694828566365,2.35689297572453,-1.33605000326458,0,0,0
