sys.exec.out.time {s},chaser.lvlh_rel_state.rel_state.trans.position[0] {m},chaser.lvlh_rel_state.rel_state.trans.position[1] {m},chaser.lvlh_rel_state.rel_state.trans.position[2] {m},chaser.lvlh_rel_state.rel_state.trans.velocity[0] {m/s},chaser.lvlh_rel_state.rel_state.trans.velocity[1] {m/s},chaser.lvlh_rel_state.rel_state.trans.velocity[2] {m/s},gnc.meas_rel_pos[0] {m},gnc.meas_rel_pos[1] {m},gnc.meas_rel_pos[2] {m},gnc.meas_rel_vel[0] {m/s},gnc.meas_rel_vel[1] {m/s},gnc.meas_rel_vel[2] {m/s},gnc.setpoint_pos[0] {m},gnc.setpoint_pos[1] {m},gnc.setpoint_pos[2] {m},gnc.setpoint_vel[0] {m/s},gnc.setpoint_vel[1] {m/s},gnc.setpoint_vel[2] {m/s},gnc.guidance.state_ {1},gnc.guidance.current_leg_ {--},gnc.cmd_force[0] {N},gnc.cmd_force[1] {N},gnc.cmd_force[2] {N},gnc.control.saturated_[0] {--},gnc.control.saturated_[1] {--},gnc.control.saturated_[2] {--}
0,-1077.79230627397,-3.68011836621925,-52.0318181402981,-0.32447755806942,-0.985813958775094,1.93750993242569,-1077.93259354489,-3.78463304726345,-52.2277575972728,-0.327630478891542,-0.985100528883944,1.92335440724681,-500,0,0,0,0,0,0,0,1188.62823497893,106.079318982921,-87.8799255301356,0,0,0
1,-1077.52101764706,-4.61296909433439,-50.1386824905653,0.867004438173343,-0.879887497454531,1.84808780569209,-1077.45782745997,-4.70328138361332,-50.1192393989695,0.874777950190955,-0.884316011486573,1.85733126449057,-500,0,0,0,0,0,0,0,1067.43785990085,97.838163915884,-85.4946476511181,0,0,0
2,-1076.11899232155,-5.44400614791501,-48.3356501462496,1.9369958289394,-0.782186609705903,1.75737199359931,-1076.15704982398,-5.48771832450136,-48.1975094149203,1.93330125413618,-0.772036741573045,1.75450099437961,-500,0,0,0,0,0,0,0,958.983974234335,88.1791108063072,-79.0550806081203,0,0,0
3,-1073.70134390772,-6.18216486712943,-46.6217357176022,2.89825310578549,-0.694130828744389,1.6699134356504,-1073.7801544198,-6.28605546234634,-46.567910660089,2.91781987427862,-0.692937376692839,1.66229395762701,-500,0,0,0,0,0,0,0,855.778321411738,81.8658485939766,-73.093574442523,0,0,0
4,-1070.37417182896,-6.83541780082175,-44.9936875570586,3.75604557419158,-0.612375038674946,1.58569794196856,-1070.36941922302,-6.88866395978474,-45.0362389647305,3.77359954469023,-0.603912093743727,1.59096272533195,-500,0,0,0,0,0,0,0,763.378883977026,74.1685372939422,-69.023794603734,0,0,0
5,-1066.23553240976,-7.41075765956963,-43.4490060544721,4.5211892951214,-0.538304678838225,1.50323249441075,-1066.42775241093,-7.37775137920467,-43.3140161173543,4.51427738066311,-0.545575322231949,1.50319703819134,-500,0,0,0,0,0,0,0,681.427766755548,69.3130349816043,-63.6916715844251,0,0,0
6,-1061.37283851648,-7.91444964038718,-41.9851369319411,5.20415688158551,-0.469079282809777,1.42411963029358,-1061.3896246031,-7.97599883928643,-41.8835433161649,5.20851947524879,-0.468844354628968,1.44251119212534,-500,0,0,0,0,0,0,0,601.927301681312,62.8364331414697,-60.484032580204,0,0,0
7,-1055.86703913523,-8.35214941495706,-40.5996140297674,5.80740157525175,-0.406320266305514,1.34658512476076,-1055.70962598812,-8.40486184129065,-40.5906193665771,5.80549483030971,-0.420051576273101,1.33088179518995,-500,0,0,0,0,0,0,0,530.86976894526,58.8148813098914,-51.906940785841,0,0,0
8,-1049.79360477131,-8.72909637906995,-39.2880331021662,6.33943129719858,-0.347573661848722,1.27627593975804,-1049.78615017172,-8.75238694159057,-39.2856780849182,6.33178878795647,-0.349302879124147,1.29235551059586,-500,0,0,0,0,0,0,0,466.393421547786,52.4350617955958,-50.6641948897496,0,0,0
9,-1043.22047936615,-9.05048250360216,-38.0467089204404,6.80678405782542,-0.295198587149514,1.20610819717936,-1043.26883779673,-9.14906929418337,-37.854322745456,6.82223929916891,-0.305147770824294,1.20713121913311,-500,0,0,0,0,0,0,0,404.313745676576,48.8129156707962,-45.0044764223991,0,0,0
10,-1036.21111372784,-9.32130063449908,-36.8731593016454,7.21191477028834,-0.24643767456673,1.14076199122656,-1036.17499016524,-9.45986626478373,-36.891084847752,7.20943778445021,-0.240700582380754,1.13424676589624,-500,0,0,0,0,0,0,0,351.406201885454,42.9897907676429,-39.6425068941199,0,0,0
11,-1028.8231334968,-9.54626601288709,-35.7626287722975,7.56401613563382,-0.20349308217259,1.08009999813586,-1028.69969355217,-9.38980111473341,-35.7546159437372,7.55227078901329,-0.204618303689557,1.0868381324281,-500,0,0,0,0,0,0,0,302.172308203018,39.2414325984225,-37.174581355336,0,0,0
12,-1021.10773893704,-9.73015781251526,-34.7117854182498,7.86674475657864,-0.164290517108643,1.02141555069913,-1021.21008931112,-9.65836368878575,-34.6046412395789,7.85767691145741,-0.162643175145417,1.01241700771727,-500,0,0,0,0,0,0,0,256.652487476497,35.5810448921131,-32.0324182925693,0,0,0
13,-1013.11242023637,-9.87667431352421,-33.7172307717161,8.12386732199847,-0.128742484933964,0.967548370233187,-1013.1646761244,-9.73351545343623,-33.769215416572,8.11967701381058,-0.117113217633991,0.968522548553345,-500,0,0,0,0,0,0,0,214.361650867741,31.1783526702716,-29.3138240221904,0,0,0
14,-1004.88117651915,-9.98984140928073,-32.7752819744599,8.33859638182587,-0.0975917065953038,0.916227817123209,-1004.90325910917,-9.99467990245523,-32.9811677070344,8.32886666296561,-0.0875199004764974,0.902861626012821,-500,0,0,0,0,0,0,0,176.919851921787,28.7413498525602,-24.3238271872133,0,0,0
15,-996.453950786384,-10.0730738199883,-31.882202605152,8.51583426390171,-0.0688731148575883,0.869830715260706,-996.414592613851,-10.1594556820332,-31.8611648523438,8.51882005324278,-0.0728587240229749,0.864154188520103,-500,0,0,0,0,0,0,0,140.947179903424,27.6047837663639,-22.6930891473228,0,0,0
16,-987.867518380986,-10.1281536092681,-31.0346772693977,8.65701079513862,-0.0412864636957789,0.825140141547835,-987.848174359292,-10.1170872600152,-31.2208781236682,8.66121204347243,-0.0430871261820752,0.820134545961383,-500,0,0,0,0,0,0,0,109.575144371342,24.5428871382379,-19.5716983488019,0,0,0
17,-979.155621885961,-10.1571756782756,-30.2302173605611,8.76676437257412,-0.0167576742794716,0.783717624417045,-979.253788754974,-10.0491828178865,-30.2175004844583,8.76170573298325,-0.0158261703992866,0.785996199782799,-500,0,0,0,0,0,0,0,82.3370042116218,21.6809826757016,-18.1646190093633,0,0,0
18,-970.347627370684,-10.1630981588032,-29.4663832172292,8.84920780799422,0.00491271317633526,0.743904053514241,-970.422685757476,-10.1617807071027,-29.6513383315471,8.8523862774038,0.00449331867190576,0.750187552991834,-500,0,0,0,0,0,0,0,55.6067437745713,19.8742295470149,-15.7160786360893,0,0,0
19,-961.470575683069,-10.1482519095561,-28.7409890823798,8.90488032457385,0.024779785269194,0.706852742655283,-961.391777887039,-10.0940361814849,-28.7359156645677,8.90402013939197,0.0261710477167034,0.730154164586387,-500,0,0,0,0,0,0,0,32.3815418348798,17.5709675912994,-15.5435851295033,0,0,0
20,-952.54950504801,-10.1146887262409,-28.0523898655584,8.93724602962319,0.0423465813280352,0.670327394473589,-952.695111407325,-10.1392340458225,-28.0791645063666,8.93881874755439,0.0313042664693239,0.6670727973755,-500,0,0,0,0,0,0,0,11.5083480592109,17.1480414447126,-10.5489507248169,0,0,0
21,-943.606487423969,-10.063768866861,-27.3976246922118,8.94877736760692,0.0594931374005696,0.63919643317276,-943.540729795942,-10.1661455360611,-27.5199036341047,8.9599609526404,0.057611097081697,0.644243434537899,-500,0,0,0,0,0,0,0,-8.91463567215544,14.5711813639525,-9.38453618558054,0,0,0
22,-934.662167904732,-9.99698956837007,-26.7731722625361,8.93985075355198,0.0740654596073802,0.6097134730593,-934.557604799237,-9.85184975846959,-26.6066290620905,8.9326194835104,0.0808945162180995,0.612353458610983,-500,0,0,0,0,0,0,0,-24.1467387525665,11.6142478951292,-8.02208773691733,0,0,0
23,-925.734403543403,-9.91711543496098,-26.1773072977913,8.91566805950877,0.0856828073381986,0.582030129058873,-925.793579434519,-9.88806196855166,-26.046795683882,8.92928330094767,0.0956757583604841,0.583501969275753,-500,0,0,0,0,0,0,0,-41.3411712257281,10.2085481010549,-6.25660555981122,0,0,0
24,-916.839421574513,-9.82632569800132,-25.6079674966858,8.87428726354747,0.0958966667496148,0.556672866052369,-916.932341323053,-9.68642470028012,-25.6124566904518,8.87834389672986,0.0948401701656183,0.544533223533439,-500,0,0,0,0,0,0,0,-53.9697070268797,9.8888323839984,-3.22840897244029,0,0,0
25,-907.99211487934,-9.72548114689969,-25.0622217368509,8.82031947992438,0.10579243560024,0.534849162408253,-907.88845928716,-9.61766200654007,-25.0675808575011,8.82047444974072,0.107944436054567,0.543568454531179,-500,0,0,0,0,0,0,0,-66.2705263997512,8.44088040762341,-4.22168373811573,0,0,0
26,-899.204958334319,-9.61546401252186,-24.5385227300895,8.75398667737086,0.114241833332434,0.512586349733822,-899.186339974784,-9.63710606787153,-24.5328008979085,8.74739995199183,0.0918057832123608,0.514953528985903,-500,0,0,0,0,0,0,0,-76.3673152496139,10.093633814507,-2.4297511027732,0,0,0
27,-890.489173715722,-9.49617045421117,-24.0359235331323,8.67757690020062,0.124345283463024,0.492655240555721,-890.546966133795,-9.34685856227219,-23.8617732607657,8.68763580956253,0.120614274753743,0.495505036598819,-500,0,0,0,0,0,0,0,-87.6696486886628,6.63228964917007,-1.82695713835052,0,0,0
28,-881.855454690884,-9.36850339111073,-23.5526447623034,8.589856131935,0.130988842806865,0.473951889141811,-881.830061325017,-9.21047293874911,-23.6089151036054,8.59230507371355,0.131888179012856,0.466912671308117,-500,0,0,0,0,0,0,0,-95.5703847213221,5.23212797621258,0.526563076399,0,0,0
29,-873.313380911535,-9.23489234085515,-23.0866142730766,8.49428799825954,0.136233257472786,0.458163114820773,-873.227398206907,-9.21801095752556,-22.99701477956,8.51682690709645,0.145975343614474,0.46451035844201,-500,0,0,0,0,0,0,0,-105.227894295831,3.83848755360375,-0.457006285080979,0,0,0
30,-864.871728227103,-9.09673307572329,-22.6365374088421,8.38901369531777,0.140085272759892,0.442050121604879,-864.870791498745,-9.01175782526031,-22.659287912306,8.38098091685668,0.141223310804653,0.452509789642338,-500,0,0,0,0,0,0,0,-108.356508688179,3.90118457005533,0.0675968603781101,0,0,0
31,-856.536914833319,-8.95469024551025,-22.202077787767,8.28060991061534,0.144000387554275,0.426930396133125,-856.567483891868,-9.00523875367411,-22.0779672816616,8.2923411941969,0.147383268911945,0.41565049021196,-500,0,0,0,0,0,0,0,-116.099151635954,3.27215061615374,2.5908855421271,0,0,0
32,-848.314337588271,-8.80904631912122,-21.7811525681546,8.16454312030091,0.147287465164616,0.414985647205573,-848.321297842555,-8.93187329185544,-21.8336648254063,8.15975096240849,0.134925333663998,0.413338845782383,-500,0,0,0,0,0,0,0,-119.33250055574,4.37121321731106,2.3334450725743,0,0,0
33,-840.209451653109,-8.65956557607456,-21.3720433423898,8.04522736253302,0.151674020904645,0.40330024266884,-840.286566888894,-8.57285030218099,-21.2967136378182,8.04639559629725,0.148053044042555,0.392405350360789,-500,0,0,0,0,0,0,0,-124.066425851936,2.3403962001065,3.35289223955748,0,0,0
34,-832.226231140544,-8.50671338114357,-20.9738164974565,7.92121310651972,0.154030368784794,0.393223539271438,-832.267891228099,-8.6425688448475,-21.0830178502505,7.91789010535795,0.141510758263499,0.394289069680283,-500,0,0,0,0,0,0,0,-127.253228079598,3.13406186334509,2.7371287324727,0,0,0
35,-824.368630716078,-8.35110780087562,-20.5857004246059,7.79398706883791,0.157180791680866,0.383080512778221,-824.406532132508,-8.31225791955056,-20.7512977806893,7.79354491542687,0.165352085668953,0.385328460800799,-500,0,0,0,0,0,0,0,-130.541427277671,0.0893072722058079,2.96974948129881,0,0,0
36,-816.639896357428,-8.19387396355515,-20.2073282762732,7.66348134470663,0.157286882865116,0.373737540540135,-816.829882251132,-7.97394044925599,-20.1343670321286,7.66015293616851,0.160341654821634,0.359730133817815,-500,0,0,0,0,0,0,0,-132.355529114587,-0.0862845836514481,4.29572068247569,0,0,0
37,-809.04254689561,-8.03662171395066,-19.8373773560749,7.53121823298003,0.157217616131693,0.366239043549627,-809.213345314766,-8.0469467184402,-19.7178700892983,7.52717491602464,0.160358746527813,0.365737831620124,-500,0,0,0,0,0,0,0,-134.290800972932,0.0580187840991222,2.86195701658432,0,0,0
38,-801.578456045879,-7.87936645547068,-19.4753752055938,7.39696352768072,0.15729290078535,0.357841124296011,-801.470733846581,-7.97063943230023,-19.3659983499503,7.39728032067058,0.128362474959445,0.360265015993404,-500,0,0,0,0,0,0,0,-136.786564373897,3.105031368656,2.70549510056021,0,0,0
39,-794.249869470789,-7.72051224564889,-19.121566338581,7.26020982916716,0.160415518770046,0.349853882230037,-794.30911050405,-7.7348016012014,-18.9715719241328,7.247237685243,0.154344441708545,0.347803494407487,-500,0,0,0,0,0,0,0,-136.1055475162,0.0351590315483321,3.16279440751686,0,0,0
40,-787.057685464923,-7.56007039764776,-18.7752999238647,7.12415880437382,0.16046817713983,0.342755820519428,-787.100011899505,-7.62208247508542,-18.6110254240773,7.14144948910638,0.163919795757003,0.347489017762325,-500,0,0,0,0,0,0,0,-139.944925111627,-1.14781462552944,2.47314907192208,0,0,0
41,-780.003484165197,-7.40016713150428,-18.4361561522469,6.98424430236692,0.15933835507689,0.335610772260083,-779.876567014863,-7.35272803296098,-18.412563960662,6.97660287556802,0.172739058742886,0.319042593721767,-500,0,0,0,0,0,0,0,-137.907153527076,-2.56844980836659,4.92086854914735,0,0,0
42,-773.088119745223,-7.24210413535274,-18.102746336535,6.84648654848411,0.156787637188307,0.331286685578519,-773.071786795799,-7.16501188889644,-18.2033221530378,6.85242354357739,0.155064157176439,0.323752119092879,-500,0,0,0,0,0,0,0,-139.098780766141,-1.17639193985105,4.03143239678776,0,0,0
43,-766.311123565881,-7.0858957517734,-17.7738422893172,6.70750752796046,0.155629129867158,0.326599920368937,-766.183805912673,-7.1154426657839,-17.6124357937424,6.70637076058087,0.169353431919259,0.34434957400739,-500,0,0,0,0,0,0,0,-138.269464232742,-2.70445786035814,0.789914186745733,0,0,0
44,-759.672767870066,-6.93160996263075,-17.4510289040989,6.56920390814702,0.152942448268182,0.319104972195334,-759.746124475438,-6.98787005489115,-17.5406505856467,6.56856938409999,0.168672405780962,0.311029945643108,-500,0,0,0,0,0,0,0,-137.364689459123,-2.89150046831392,3.9783066069826,0,0,0
45,-753.172182386793,-6.78010443367365,-17.1339070581203,6.43196904985457,0.15006860947571,0.315216233593607,-753.20052668037,-6.85439129342506,-16.9349943259801,6.43108386548518,0.156039525424947,0.313062059997623,-500,0,0,0,0,0,0,0,-136.707333187779,-1.89516995564453,2.56378265219788,0,0,0
46,-746.808534186678,-6.63097462096134,-16.8211648616362,6.29532870016399,0.148191015915652,0.310345330513543,-746.799125602857,-6.55398543329909,-16.9369048954548,6.29625856630613,0.146320611794563,0.294932176648852,-500,0,0,0,0,0,0,0,-136.027605424898,-1.52409031285816,4.38059212602451,0,0,0
47,-740.581134327513,-6.48353690522017,-16.5121730527122,6.15947354497971,0.146684415591451,0.307715009596821,-740.480053553767,-6.47153394308695,-16.3948472393083,6.14718280810928,0.148345074380544,0.284904650459051,-500,0,0,0,0,0,0,0,-133.758173703394,-1.89143955188055,4.29922943271139,0,0,0
48,-734.488451069244,-6.33778961029597,-16.2056837452024,6.02589555561927,0.144810174232566,0.305339037817504,-734.63327320022,-6.40969917757696,-16.2503257031845,6.0298540434629,0.143866671335546,0.305916614077249,-500,0,0,0,0,0,0,0,-133.71885794585,-1.56726877840068,1.90898999864418,0,0,0
49,-728.529384570672,-6.19375447448323,-15.9025385023753,5.89223884810398,0.143260097286218,0.301026917558457,-728.639089985357,-6.17317349624876,-16.0703599137942,5.88542459525988,0.128102522243111,0.295703928028607,-500,0,0,0,0,0,0,0,-131.264279555274,-0.463905231813539,2.57032702472778,0,0,0
50,-722.702726271477,-6.0507178914516,-15.6032183639921,5.76107962064124,0.142813068682074,0.297687409400317,-722.861372143964,-5.78295357231482,-15.6114861173451,5.75983345311041,0.12692113184459,0.279428265522715,-500,0,0,0,0,0,0,0,-130.260601023112,-1.12620603982938,3.28014568241879,0,0,0
51,-717.006699961949,-5.9084595517907,-15.3066902637935,5.63097540227731,0.141703610631419,0.295442239621494,-716.986708302423,-5.76001622740063,-15.4292773896406,5.60940241181115,0.143084133808748,0.302119668086673,-500,0,0,0,0,0,0,0,-126.96682457627,-2.78838092607354,0.646587970613879,0,0,0
52,-711.439204110972,-5.76814197008502,-15.0135984714327,5.50401727692684,0.138931552833172,0.290813007541661,-711.547861266449,-5.76713404332013,-14.989126897142,5.49918598725156,0.128315700305036,0.295766803745261,-500,0,0,0,0,0,0,0,-126.822876192257,-1.29730194386333,0.401573419757934,0,0,0
53,-705.998598702055,-5.62985091596415,-14.7250475403136,5.37719453717533,0.137650555361394,0.286360432642352,-705.881031254772,-5.42395873360044,-14.7212559935936,5.3803711289456,0.138778645953817,0.268136335987928,-500,0,0,0,0,0,0,0,-126.275050385015,-3.02994712818087,2.62887838839434,0,0,0
54,-700.684471505976,-5.49370721651533,-14.4396396313273,5.25106224677853,0.134636843498097,0.284526568242773,-700.673009146263,-5.47528711945488,-14.633458798032,5.24275521437809,0.134440976524525,0.287114355724293,-500,0,0,0,0,0,0,0,-122.929503145283,-2.49352341354275,0.55548202363466,0,0,0
55,-695.494864249767,-5.36030923265083,-14.1569909016552,5.12815353374612,0.132159124119846,0.280840245866061,-695.47739695555,-5.24070145315183,-14.0017534879886,5.12814951079026,0.121367571654347,0.275113794596579,-500,0,0,0,0,0,0,0,-121.860157167926,-1.65535425913103,0.492127516319265,0,0,0
56,-690.427630101716,-5.22896995241421,-13.877885954162,5.00631611269746,0.130519436383128,0.277438388602176,-690.406069242655,-5.15750731310398,-14.1596299733875,5.01149349738025,0.127574102444221,0.282183196137648,-500,0,0,0,0,0,0,0,-120.337211252716,-2.44239561821415,0.100940333010151,0,0,0
57,-685.481481949908,-5.09966397858868,-13.6022209649216,4.88598142067826,0.128092511289589,0.27395947163907,-685.54257269045,-5.11321143215511,-13.6776399030447,4.8852758187956,0.112092972245683,0.277925764208764,-500,0,0,0,0,0,0,0,-117.44243649866,-0.982874360258107,-0.437296614787062,0,0,0
58,-680.654237951207,-4.97205535540875,-13.330194805514,4.7685075495819,0.12712473500452,0.270159107583614,-680.613989578265,-4.88533692364953,-13.4419288987678,4.76438447478891,0.120264897619364,0.259513068109931,-500,0,0,0,0,0,0,0,-115.21046832236,-2.25581591463735,0.93255098654247,0,0,0
59,-675.943305616412,-4.84605112237062,-13.0611613454907,4.65335892788366,0.124883730979598,0.267972751512799,-675.852977167476,-4.91742450357464,-13.0296426901184,4.67153928944314,0.106899250867593,0.271896973024499,-500,0,0,0,0,0,0,0,-115.447974609362,-0.855076079610019,-1.13041192221317,0,0,0
60,-671.347704743098,-4.72158750871305,-12.7951404862685,4.53784362252516,0.124043496193939,0.264134100888763,-671.333653139824,-4.63239364174655,-12.8383361317858,4.53180388630428,0.122241250896156,0.249256324324486,-500,0,0,0,0,0,0,0,-110.51308235078,-2.95933780612247,0.751039831122917,0,0,0
61,-666.865090269931,-4.59901657746475,-12.5319946664026,4.42738713926287,0.121098366290411,0.262219812871018,-666.75173013631,-4.60047756860742,-12.5608109910027,4.4236262672366,0.133631091941979,0.259974088745041,-500,0,0,0,0,0,0,0,-108.859166451039,-4.16215405698303,-0.875786892498702,0,0,0
62,-662.49215889323,-4.47999229097541,-12.2714457274026,4.31847659073486,0.116950206638117,0.258939460023534,-662.710587394069,-4.29828779938558,-12.3535406869448,4.31738703817729,0.116521166540483,0.256417690671161,-500,0,0,0,0,0,0,0,-106.317529029591,-3.0555410552771,-0.934687693226547,0,0,0
63,-658.226869435497,-4.36456302107929,-12.0141129070532,4.21210330430355,0.113908333197545,0.255786135758564,-658.159596979854,-4.32471373633591,-12.0117106862062,4.19940265106408,0.103691847137251,0.262324700040368,-500,0,0,0,0,0,0,0,-103.621071146699,-1.7197572410533,-2.2090486316244,0,0,0
64,-654.066651527694,-4.25150790626304,-11.7604866598491,4.10833280054696,0.112201896212803,0.25152483439556,-653.934118684296,-4.2011955970895,-11.7303639246075,4.11821293015147,0.107509085510428,0.249640257231516,-500,0,0,0,0,0,0,0,-103.953055646556,-2.34851735686379,-1.50329787393648,0,0,0
65,-650.010342771221,-4.1404735870722,-11.5105821752268,4.00428554315806,0.109866742180444,0.248342756548355,-650.292897808119,-4.21303823394982,-11.696195813861,4.00336882930697,0.110933476353695,0.23527055444562,-500,0,0,0,0,0,0,0,-99.7510873144602,-2.66727116746984,-0.134663816840046,0,0,0
66,-646.05593247732,-4.03193406863319,-11.2631582891279,3.90453659860269,0.10721229488005,0.246561205684522,-646.066527412128,-4.04668263882894,-11.1619112353887,3.88743020510586,0.123118837998639,0.246540400410296,-500,0,0,0,0,0,0,0,-96.609965686329,-4.218518522206,-2.33021757025216,0,0,0
67,-642.199783537656,-3.92682482355744,-11.0185609745492,3.80776159538766,0.103006195222707,0.242687928327359,-642.221248120113,-3.73915602576106,-10.8788175779451,3.81280140039544,0.10341791969197,0.234484130901025,-500,0,0,0,0,0,0,0,-96.8376437993178,-2.86347991767486,-1.69077793421225,0,0,0
68,-638.440497374179,-3.82524414399097,-10.7773459191594,3.71081153731717,0.100155163779157,0.239796772861223,-638.436887197386,-3.97241162664733,-10.7568584232532,3.70939983311452,0.100653158353198,0.255156478199391,-500,0,0,0,0,0,0,0,-94.0662089166803,-2.12049258202511,-4.00193097343277,0,0,0
69,-634.776867300747,-3.72614318106017,-10.5401183885005,3.61644812094691,0.0980467621220348,0.234711412478729,-634.913966236017,-3.63956515442962,-10.4563977525442,3.6154714365287,0.102575507868842,0.252464663627331,-500,0,0,0,0,0,0,0,-91.7192111808354,-2.97842047802497,-4.33367085764456,0,0,0
70,-631.206445343773,-3.62957973465926,-10.3080750360652,3.52439513383584,0.0950801306588421,0.229427102552308,-630.984541321603,-3.69579414702207,-10.2972828566254,3.53664674418266,0.0767812437451881,0.218800046290768,-500,0,0,0,0,0,0,0,-91.6955917750606,-0.286536080474666,-1.28543891582601,0,0,0
71,-627.727944015019,-3.53463697804596,-10.0796423335113,3.43260868796242,0.0948053821929638,0.227489951879224,-627.609131554241,-3.60264354888572,-10.1227551881211,3.44612452079286,0.0939300056703258,0.229728507055598,-500,0,0,0,0,0,0,0,-89.3941889708041,-2.18771346926113,-2.72734032931758,0,0,0
72,-624.340137403184,-3.44091970713139,-9.85380400899881,3.34300490301886,0.0926291597044246,0.224237102426357,-624.267887865912,-3.36405340548218,-9.95976492759333,3.35429269960482,0.0850776092316966,0.221339007189029,-500,0,0,0,0,0,0,0,-86.8934942286567,-1.7796541122053,-2.21437086371626,0,0,0
73,-621.040666093768,-3.34917478956889,-9.6309148284845,3.25593836793824,0.0908606753607661,0.221590229901421,-620.946187983356,-3.38531200062818,-9.59725850715676,3.24878410717634,0.0964954961662753,0.229001996317266,-500,0,0,0,0,0,0,0,-82.986034750921,-2.87892561537117,-3.7056826174131,0,0,0
74,-617.826374756655,-3.25974824367593,-9.41143197029395,3.17264405005098,0.0879924163788857,0.217422323903011,-617.774183781715,-3.46073025405967,-9.45176642129139,3.17693927913619,0.103935537007094,0.212952841393309,-500,0,0,0,0,0,0,0,-82.1455603501891,-3.47209319259008,-2.39175129674814,0,0,0
75,-614.694904062093,-3.17348659424374,-9.1953575083823,3.09029788408296,0.0845308824806735,0.214772897390216,-614.881154297065,-3.38549544794328,-9.16074417119195,3.09222150050641,0.091516673827625,0.212455026804763,-500,0,0,0,0,0,0,0,-79.4598414565103,-2.38067648687594,-2.92401433809242,0,0,0
76,-611.644462660956,-3.09014094304947,-8.9821740133901,3.01058513966677,0.0821604197190248,0.211638892458583,-611.661726291096,-3.15558271506795,-8.83754743351702,3.02388526837174,0.0885191454210577,0.209667553493501,-500,0,0,0,0,0,0,0,-79.0650742549817,-2.54074911196988,-3.29166048231603,0,0,0
77,-608.673552595041,-3.00924581649354,-8.7721904218996,2.93123508951816,0.0796298333831849,0.208372876599587,-608.678516983755,-2.9045651561058,-8.73211814276628,2.93467841492673,0.0807308333786421,0.206169068608534,-500,0,0,0,0,0,0,0,-76.110807525163,-2.2639530256526,-3.1526705753208,0,0,0
78,-605.780514654432,-2.93074306807155,-8.56539996089163,2.85484092088952,0.0773756634062609,0.205250958496903,-605.720937407405,-2.98144080368778,-8.58089917822626,2.86230828035741,0.0694187276505251,0.222381917574269,-500,0,0,0,0,0,0,0,-74.7889532209305,-0.978991157676954,-5.07639340097441,0,0,0
79,-602.963297800973,-2.85385209424441,-8.3626196711073,2.77959187018564,0.0764062843063678,0.200351878009767,-602.972073826905,-2.99742577310572,-8.41663297208867,2.76146443786112,0.0803504424531789,0.208776200915786,-500,0,0,0,0,0,0,0,-70.2022961323016,-2.04019269910644,-4.04435414740125,0,0,0
80,-600.219002162486,-2.77846139473904,-8.1643048691901,2.70899893094851,0.0743751145773714,0.196317361187168,-600.219447961656,-2.80549289193044,-8.20775341015545,2.7076933575541,0.0644284380223864,0.204244085937797,-500,0,0,0,0,0,0,0,-70.3304398320977,-0.831858018377754,-4.00890177346885,0,0,0
81,-597.545362907386,-2.70449768945782,-7.96988219931557,2.63827921876067,0.0735522960167486,0.192567668693287,-597.600171968822,-2.56845893813987,-8.03593043276661,2.63674456994048,0.0677127829364243,0.185434367538826,-500,0,0,0,0,0,0,0,-68.4741130564038,-1.63436041736269,-2.47157588834934,0,0,0
82,-594.941449099604,-2.63175817266436,-7.77841067996748,2.56954888754113,0.0719267372451832,0.190413930576076,-594.925345446686,-2.71865926922748,-7.8554798861906,2.55139417194643,0.0846652506771432,0.187457799045232,-500,0,0,0,0,0,0,0,-65.288726301271,-3.02920652925935,-3.03482013214201,0,0,0
83,-592.404704831839,-2.56134184277688,-7.58940675892781,2.50393974377174,0.0689059225599784,0.187630711031486,-592.413724304125,-2.63102181597703,-7.54477255243397,2.51168546679833,0.0638485778624485,0.190143810326699,-500,0,0,0,0,0,0,0,-66.3410980715837,-1.1228141542908,-3.92483592780195,0,0,0
84,-589.934135204183,-2.4929930640404,-7.40346882437882,2.4371992489565,0.067791635040645,0.184282578635452,-589.659766609832,-2.65736624402001,-7.38884619083306,2.42935632187071,0.075474685966977,0.17203823100643,-500,0,0,0,0,0,0,0,-63.6160989674078,-2.23273610865767,-2.42613071897691,0,0,0
85,-587.528878773294,-2.42631370845685,-7.22015150133534,2.3733141243183,0.0655670760673964,0.182387877060548,-587.555486949222,-2.34370782077409,-7.22115393493707,2.35891238237075,0.0803148808709462,0.181103538393782,-500,0,0,0,0,0,0,0,-60.7802643386315,-3.34407244554644,-3.66804596950401,0,0,0
86,-585.186154922277,-2.3624147626091,-7.03937702225939,2.31213332288499,0.0622308155226127,0.179195363306477,-585.249629856792,-2.26589790729901,-6.86189112975893,2.31745773329902,0.0590713252628935,0.197359171588914,-500,0,0,0,0,0,0,0,-61.2465136163189,-1.37533671169133,-6.01213489937359,0,0,0
87,-582.904959425727,-2.30086768007743,-6.86283575300592,2.25025621102008,0.0608633493582881,0.173921835156615,-582.765318579837,-2.27815321735805,-6.70119759240548,2.24767074936907,0.0565798352185239,0.181310583233312,-500,0,0,0,0,0,0,0,-59.2364377772338,-1.10167708713629,-4.72866313852027,0,0,0
88,-580.684581566286,-2.2405513628434,-6.69092520271385,2.19049873082785,0.0597692850995562,0.169932725083229,-580.601174515983,-2.19937397382893,-6.72768884116482,2.1775237248095,0.0633657022356506,0.151568628181282,-500,0,0,0,0,0,0,0,-56.550023448984,-1.93782227590719,-1.70148513579851,0,0,0
89,-578.522475190838,-2.18174735418179,-6.52153221591433,2.13371485373214,0.0578387319412,0.168885023453503,-578.589724948362,-2.13805893029165,-6.5522575058728,2.15258831937972,0.0553609568581217,0.162749397694701,-500,0,0,0,0,0,0,0,-58.079382041248,-1.25997782522887,-3.17042475772452,0,0,0
90,-576.417985324581,-2.12453487872628,-6.35374470069709,2.07526505171815,0.0565862190419792,0.166722703864569,-576.375606717981,-1.95772760041383,-6.20277273773848,2.07712685425337,0.0430502361294292,0.164414758265423,-500,0,0,0,0,0,0,0,-54.961471989376,-0.389568412115253,-4.03593035106536,0,0,0
91,-574.370438264007,-2.0681399119848,-6.18861178633435,2.01982865571419,0.0562037142405752,0.163574130636402,-574.370404791459,-1.99248866564329,-6.21655493553687,2.02752391189784,0.0436212311994867,0.162791579805427,-500,0,0,0,0,0,0,0,-54.0115816068658,-0.377145788662087,-3.84604810946899,0,0,0
92,-572.377846539818,-2.01212129977787,-6.0264892524952,1.96535449895682,0.0558335100535337,0.160701390926276,-572.577651651698,-2.03202440589592,-6.11654452398971,1.95513803491703,0.0600434203881583,0.173744545460596,-500,0,0,0,0,0,0,0,-50.3585001883076,-1.940293227024,-5.14136549808024,0,0,0
93,-570.437981272163,-1.95725470069463,-5.86798360106761,1.91437487688892,0.0538996880985663,0.156338403443811,-570.637897801739,-1.91634749736146,-5.99386720106138,1.9288986590643,0.0653439253932742,0.155452094602124,-500,0,0,0,0,0,0,0,-51.6140703029512,-2.7016975446045,-3.5574750580896,0,0,0
94,-568.549639469202,-1.90470254462289,-5.71290149324762,1.86230858877436,0.0512046241060573,0.153854894934692,-568.516232426227,-1.79797370540633,-5.76438579725569,1.85888037297587,0.037876656738671,0.141549029288542,-500,0,0,0,0,0,0,0,-48.8555724451332,-0.191718263054435,-2.62613133434278,0,0,0
95,-566.711942983463,-1.85359063993125,-5.55990027964313,1.81308466081304,0.0510191852503339,0.152175015141763,-566.716654095396,-1.9494397191472,-5.610053022596,1.80227737115844,0.0528826403008741,0.129866038887525,-500,0,0,0,0,0,0,0,-46.794428925053,-1.389384591793,-1.76649784356055,0,0,0
96,-564.922398599169,-1.80326313948282,-5.40818063736966,1.76600480080031,0.0496358155604389,0.151290543701212,-564.951758000252,-1.64280969541078,-5.57527876054838,1.77711852725547,0.0487266379513932,0.154168886770146,-500,0,0,0,0,0,0,0,-47.8083367250421,-1.58704440431777,-4.26633115591787,0,0,0
97,-563.180572415214,-1.75441777414601,-5.2584537052069,1.71764699192802,0.0480549150530558,0.148190301999781,-563.241871990509,-1.85647175774154,-5.21830018337679,1.71767778695518,0.0487298770406877,0.146453775269833,-500,0,0,0,0,0,0,0,-45.2840347144986,-1.16004418858569,-4.20877716022973,0,0,0
98,-561.485848059798,-1.7069399714531,-5.11185677077632,1.67180108071282,0.046900690272156,0.14502913288076,-561.365433041714,-1.64609726811984,-5.15545870759346,1.66981139564843,0.0459797253636587,0.133039580702655,-500,0,0,0,0,0,0,0,-44.2502734814142,-1.30577800012619,-2.99304065507854,0,0,0
99,-559.836390065527,-1.66068932655577,-4.96779785392145,1.62711493802929,0.0456005994378755,0.143113611413231,-559.805151855694,-1.49270411492315,-4.9922554108498,1.62240542000404,0.0335859682076437,0.138883507244582,-500,0,0,0,0,0,0,0,-42.6302382890161,-0.373188590918075,-3.90383990275864,0,0,0
100,-558.230864406439,-1.61527258220945,-4.82612344691733,1.58393585853205,0.0452328892449558,0.140259256986886,-558.242013584352,-1.67930586575577,-4.85846128067799,1.58237319184834,0.0271933360244386,0.135877288580488,-500,0,0,0,0,0,0,0,-41.7532920161297,0.639278129067677,-3.87080629669281,0,0,0
101,-556.66808176385,-1.56971737097218,-4.68726468539874,1.5416289219901,0.0458775330360639,0.137481823425107,-556.615312499321,-1.57678148952204,-4.58539029569038,1.54179042007436,0.048419966986825,0.138788353290395,-500,0,0,0,0,0,0,0,-40.948417008794,-1.68843371963841,-4.70805473765873,0,0,0
102,-555.147255945372,-1.52468142388941,-4.55157473047071,1.50002174734444,0.044194361068641,0.133921241652333,-555.078916104679,-1.3994054687755,-4.4882256798372,1.50843081046206,0.0498138393262959,0.126811433462099,-500,0,0,0,0,0,0,0,-40.6852488368482,-2.18257299507859,-3.70469198653552,0,0,0
103,-553.667851338363,-1.48157573502052,-4.41889284441934,1.45878709089499,0.0420170165411146,0.131465469340247,-553.731553446804,-1.37266644974587,-4.27683228778912,1.46176988392181,0.0578949706753896,0.121001052052238,-500,0,0,0,0,0,0,0,-38.7138814985735,-3.04416416804722,-3.5464406296456,0,0,0
104,-552.228694346682,-1.44107831300118,-4.28863467384656,1.4195265270349,0.0389778275012014,0.129072698289726,-552.234984297976,-1.32472197947579,-4.3480774876835,1.42830717057834,0.024317944195773,0.124614684809332,-500,0,0,0,0,0,0,0,-38.360748461882,0.217649539374274,-3.76531350556623,0,0,0
105,-550.828636352845,-1.40198919581656,-4.16083335548149,1.3805889998236,0.0392004066225732,0.126551573937546,-551.030829664087,-1.33608565793622,-4.01315261985127,1.38519879155322,0.0421048001189287,0.123817008410081,-500,0,0,0,0,0,0,0,-36.4582198271486,-1.53830869602042,-4.3553956013056,0,0,0
106,-549.466608028929,-1.36355560120248,-4.0358946005553,1.34346678280828,0.0376667826126145,0.123346549073488,-549.451591029209,-1.32725323750967,-4.10252217824026,1.33268520665628,0.0374773494594716,0.119114258358634,-500,0,0,0,0,0,0,0,-34.3653386072096,-1.09322847092782,-3.70638147938284,0,0,0
107,-548.140626555443,-1.32643322480115,-3.91390281392004,1.30849556441387,0.0365779701152224,0.120656428855472,-548.017404332021,-1.20534827275887,-4.09115653293442,1.30575764371408,0.0378687049703718,0.112658695848842,-500,0,0,0,0,0,0,0,-34.5409557073649,-1.37617395151943,-3.08355651901534,0,0,0
108,-546.849667412952,-1.29054112227703,-3.79422316613383,1.27342252125376,0.0352062350561161,0.118722319072487,-546.929790660638,-1.24681248646108,-3.93610365096229,1.29389118805588,0.0261060267522734,0.121633755664824,-500,0,0,0,0,0,0,0,-35.5295374843111,-0.116977702305174,-4.29116826455788,0,0,0
109,-545.594346347241,-1.25539109346857,-3.67695796946513,1.23721885427721,0.0350938226753182,0.115828149331241,-545.581627748087,-1.34704500408814,-3.7151222736973,1.23190054425744,0.0417316414381823,0.116034541436366,-500,0,0,0,0,0,0,0,-32.0267989295698,-1.47907413564194,-4.173209596242,0,0,0
110,-544.37348603571,-1.221034750255,-3.56268475373771,1.20450088215195,0.0336188636259757,0.112736404303475,-544.382399068541,-1.06219832283425,-3.52313694049698,1.20559918973598,0.0397991521079241,0.120684048516752,-500,0,0,0,0,0,0,0,-31.7951208365168,-1.85551856512392,-5.02213097068126,0,0,0
111,-543.18528435956,-1.18834160368248,-3.45188451713218,1.17190113953535,0.0317674299041179,0.108882116760043,-543.177873786638,-1.17644457135542,-3.54535652008698,1.17152998113639,0.0229072679721083,0.11063420967933,-500,0,0,0,0,0,0,0,-30.797250540363,0.0621623455000146,-3.97270792775904,0,0,0
112,-542.029125244573,-1.15654111454417,-3.34442670800853,1.14041631137997,0.0318335493614207,0.106050918307199,-542.150070614631,-0.960286920383131,-3.11621250633541,1.13587371834091,0.0474332606407196,0.120739323602093,-500,0,0,0,0,0,0,0,-29.287230604829,-2.8227522233057,-5.84150734753846,0,0,0
113,-540.903823180261,-1.12611706074201,-3.24077052979279,1.11018593921991,0.029014559130617,0.101278148054935,-541.040618501499,-1.0774472933426,-3.44291094695178,1.11544516687782,0.0286048034252085,0.107478861219459,-500,0,0,0,0,0,0,0,-29.4632796847837,-0.705585755835638,-3.86206422804237,0,0,0
114,-539.808717494093,-1.09745340218861,-3.14084417255746,1.08002469870424,0.0283127590587088,0.098591228969062,-539.833657561858,-1.09429848116449,-3.23256367823149,1.06629172716122,0.0117618392158011,0.0975554551246612,-500,0,0,0,0,0,0,0,-26.9618575924064,1.01241304074886,-3.29041815600315,0,0,0
115,-538.742497952627,-1.06863270485053,-3.04343290407158,1.05241382267558,0.0293286364954606,0.0962465416285107,-538.697998205932,-1.03710054403261,-3.01186045667737,1.06381727215351,0.0211585755274437,0.105768809242516,-500,0,0,0,0,0,0,0,-28.9857308034869,-0.0416564646791575,-4.5531600108969,0,0,0
116,-537.704976571718,-1.03932303523317,-2.94881477527328,1.02262786296941,0.0292907039387577,0.0930061526888452,-537.696129675345,-0.919804945437386,-2.90620083010384,1.00768408913256,0.0347146182834774,0.100352563924601,-500,0,0,0,0,0,0,0,-25.3761495625655,-1.63185193747297,-4.22285473225241,0,0,0
117,-536.695433600276,-1.01084662778937,-2.85746111436689,0.996456959358218,0.027662112055361,0.0897155855409844,-536.612726373734,-0.961363472337285,-2.85932912663849,0.984945672258338,0.0343102975901873,0.0867526012944239,-500,0,0,0,0,0,0,0,-25.2691144783661,-1.50830281434416,-2.9566018761654,0,0,0
118,-535.711927930194,-0.983937044125451,-2.76873432037408,0.970553982692379,0.0261570562260267,0.0877522604129354,-535.539270835926,-1.09512080930173,-2.75054975602871,0.962017795011438,0.019184001226075,0.0721304887205575,-500,0,0,0,0,0,0,0,-25.1232378292923,0.271841495995963,-1.71194935999833,0,0,0
119,-534.754170869094,-0.957642453100139,-2.68132109318723,0.944960449213471,0.0264321266081569,0.0870882821008682,-534.852311530685,-1.02317119377174,-2.64741263209734,0.940676245809958,0.0181904986618859,0.0715235274755347,-500,0,0,0,0,0,0,0,-24.3630015196253,0.227292521354887,-1.8575274833588,0,0,0
120,-533.821639536328,-0.931095115186185,-2.59465292733486,0.920102419422144,0.0266625502009007,0.0862617153733681,-533.814144464759,-0.949136234146434,-2.76565304067892,0.913193059692942,0.00811637900779504,0.0983959839463953,-500,0,0,0,0,0,0,0,-23.6910170397757,1.08663456751336,-4.30829231328168,0,0,0
121,-532.91379904921,-0.903887726431898,-2.51003000162613,0.895577389269148,0.0277522281185959,0.0829976088694215,-532.902786949758,-0.990565693149501,-2.68666955207991,0.892411365009667,0.027966034461938,0.0867170689142577,-500,0,0,0,0,0,0,0,-23.43556260145,-0.815472059894796,-3.29836778726594,0,0,0
122,-532.030291532289,-0.876541729343944,-2.42814802318684,0.871437046055708,0.0269397671333868,0.0807795985886814,-531.957272534723,-0.853240830039188,-2.47429058725126,0.869656172032405,0.0276255062663239,0.100676309540919,-500,0,0,0,0,0,0,0,-23.0510721337939,-1.05606896655401,-5.11904977958933,0,0,0
123,-531.170861347712,-0.850128516733376,-2.34937246064366,0.847421724328632,0.0258866588191161,0.0767846986964952,-531.056700385206,-0.85027137138302,-2.27453969897587,0.856688255952197,0.0337032682268684,0.0896210337632604,-500,0,0,0,0,0,0,0,-23.5554248248079,-1.6697840799208,-4.4130239783743,0,0,0
124,-530.335651916672,-0.825075237488957,-2.2741676162043,0.82299599626696,0.0242199006193689,0.0736383844643788,-530.073611428572,-0.754267869077358,-2.38798013711481,0.819432053064775,0.0197011532957689,0.0843274419277307,-500,0,0,0,0,0,0,0,-21.7959824493328,-0.461579591422177,-3.65678391854345,0,0,0
125,-529.523947490569,-0.801084727216322,-2.20181785400885,0.800412024097118,0.0237611211154586,0.0710735048376636,-529.604040296596,-0.77157773327293,-2.16377629584338,0.787786813892684,0.0233212050690278,0.0558298160560208,-500,0,0,0,0,0,0,0,-19.5706007960763,-0.788965040356923,-1.25542901391531,0,0,0
126,-528.733558363434,-0.777716831444922,-2.13096444555442,0.780366570032625,0.0229746713816468,0.0706442620301454,-528.679913597704,-0.756123529936446,-2.18361610940407,0.783936199004887,0.0127551600354726,0.0593697163624332,-500,0,0,0,0,0,0,0,-21.0337927050806,0.236731056325636,-1.56973941743518,0,0,0
127,-527.963960100459,-0.754622443374131,-2.06055883480169,0.758830263394807,0.0232141056740706,0.0701787317606312,-527.784384336712,-0.652385131101521,-2.09873770561332,0.772655230913277,0.0223870962568503,0.0892977499884968,-500,0,0,0,0,0,0,0,-21.6967544179027,-0.933939363481985,-4.73229958762304,0,0,0
128,-527.216452197408,-0.731873914391822,-1.99210079489946,0.736184194891492,0.0222829530641833,0.066749727672791,-527.355014806334,-0.71424749970889,-1.95958553860602,0.726214101061386,0.0296136006503121,0.063841685661639,-500,0,0,0,0,0,0,0,-17.9113804934704,-1.53286506561342,-2.46499748895186,0,0,0
129,-526.489557720489,-0.710356243601328,-1.92618650537959,0.717604379395598,0.0207523893469336,0.0650889721986395,-526.45334105082,-0.690199799975558,-1.96431849458394,0.717959983156443,0.0129793959974002,0.0488785321203891,-500,0,0,0,0,0,0,0,-18.8893162140034,0.0824600002110958,-0.959216222871027,0,0,0
130,-525.781618154646,-0.689561410759009,-1.86108654480693,0.698275299403534,0.0208372772166442,0.0651214799612116,-525.64063249712,-0.5162973120824,-2.01192868931472,0.698727631054386,0.0240848221714459,0.0676066348758404,-500,0,0,0,0,0,0,0,-18.5914981111983,-1.37588759297979,-2.7368061089546,0,0,0
131,-525.092989243757,-0.66941088355171,-1.79682350365405,0.678982094542539,0.0194637782540797,0.0634151045541735,-525.068904684751,-0.691386177302022,-1.87962817997516,0.687992094270254,0.0191034314230152,0.0506376188323273,-500,0,0,0,0,0,0,0,-18.6614000575226,-0.527570787697472,-1.30450552328241,0,0,0
132,-524.423583421862,-0.650209691925733,-1.73352189185088,0.65982993514323,0.0189386058628818,0.0631985376256686,-524.579370995608,-0.516154511458179,-1.65013917048143,0.657613488679112,0.0218652585110456,0.0548327607465374,-500,0,0,0,0,0,0,0,-16.602606876695,-1.15421682818821,-2.18299773369088,0,0,0
133,-523.772376132495,-0.63184712821561,-1.67099326357858,0.642584402534666,0.0177865222768004,0.0618680787842201,-523.71597786076,-0.660969038111249,-1.64538911505231,0.645899870328827,0.0196860079994337,0.0735216315130274,-500,0,0,0,0,0,0,0,-17.158031311363,-0.64666272372087,-4.06138492119812,0,0,0
134,-523.138830536311,-0.614382836046564,-1.61065391446314,0.624505588795337,0.0171420631721343,0.0588204327575608,-523.044650200418,-0.774365245170284,-1.77680816635804,0.625328404445929,0.010234117529401,0.060497776093547,-500,0,0,0,0,0,0,0,-16.4435400437578,0.525318737400472,-2.49616127663863,0,0,0
135,-522.522895835146,-0.596977057618981,-1.55261315287793,0.607363430948963,0.0176694945191074,0.0572703790981611,-522.646398567519,-0.632151184862897,-1.55607166719352,0.60867750981488,0.0297854775829342,0.0447229222845011,-500,0,0,0,0,0,0,0,-15.5749538464501,-1.71424538856763,-1.36014889406307,0,0,0
136,-521.92358886138,-0.580163685397741,-1.49559928225441,0.59125070275882,0.0159572507050101,0.0567660784186694,-521.939505272951,-0.608182511363016,-1.42358325877229,0.587622718769524,0.0234464686616367,0.0625674330140782,-500,0,0,0,0,0,0,0,-14.8832613310504,-1.12828184343764,-3.40957678386325,0,0,0
137,-521.34020935712,-0.564769620333938,-1.44012919784066,0.575507334090197,0.0148308803977342,0.0541825974096273,-521.339118228594,-0.429679684752225,-1.45588140022493,0.583699432129035,0.00653584490062191,0.0466997122056451,-500,0,0,0,0,0,0,0,-15.6917067557158,0.205774879442258,-1.75820842011465,0,0,0
138,-520.772847909997,-0.549834844756839,-1.38633888984522,0.559215578239665,0.0150386716358593,0.0534068227928115,-520.803212897601,-0.592688391555705,-1.40875834797311,0.567319610911037,0.0131903699760137,0.0501372009264051,-500,0,0,0,0,0,0,0,-15.1255352959016,-0.133660214489963,-2.1962033966943,0,0,0
139,-520.221532581016,-0.534862032029439,-1.33355829876211,0.54341483014202,0.0149069547586221,0.0521628875321285,-520.191893466893,-0.574652477316918,-1.41345814970741,0.546631296119173,0.0116783895021649,0.0568976237823907,-500,0,0,0,0,0,0,0,-14.2793426781311,-0.0185339955826558,-2.86284607882425,0,0,0
140,-519.685653044056,-0.519963427532803,-1.28239152801502,0.528343577046248,0.0148902549522788,0.0501787755937416,-519.736777280203,-0.492880329848248,-1.36155805423664,0.524348841316393,0.0258225091770291,0.0508194945270472,-500,0,0,0,0,0,0,0,-12.9613295712331,-1.59649025800641,-2.35883334423145,0,0,0
141,-519.164156343572,-0.505870585706994,-1.23303955611063,0.514649335901047,0.0132954297252944,0.0485325233348497,-519.24596006527,-0.33512871923916,-1.28892525478827,0.514091898275006,0.0307187140255832,0.0268835478808256,-500,0,0,0,0,0,0,0,-12.9172696969612,-2.40161396408,-0.110504278506019,0,0,0
142,-518.656155144601,-0.493775133075146,-1.18420535804477,0.50135381100499,0.0108954763561697,0.0491430037258708,-518.622026693039,-0.6517430156823,-1.05541861880341,0.49696612369292,0.0199915760110749,0.043361884755927,-500,0,0,0,0,0,0,0,-12.4525589832141,-0.695671569742886,-2.22535123798588,0,0,0
143,-518.161386777694,-0.483226693350241,-1.13582027776253,0.488182495694736,0.0102014044806794,0.047634214974452,-518.066083386718,-0.609440818691862,-1.29498427537738,0.490106070027324,-0.00654752282672449,0.0523966031795442,-500,0,0,0,0,0,0,0,-12.8784402292969,1.87363392005617,-2.64969176719965,0,0,0
144,-517.680035143425,-0.472087645143315,-1.08909796969177,0.474520168172991,0.0120766925881951,0.0458177240195542,-517.695481405751,-0.330016281220253,-1.10302252968367,0.480810396474868,0.00263298773006741,0.0535675446601734,-500,0,0,0,0,0,0,0,-12.690076835985,0.396733789433765,-3.15070940664999,0,0,0
145,-517.212295382658,-0.459811771055486,-1.04443262542441,0.460958476971225,0.0124750560915267,0.043520229293504,-517.261274582347,-0.559544694521782,-0.994957466929533,0.448164935852743,0.00342873171721684,0.0528306819046138,-500,0,0,0,0,0,0,0,-10.2939444205798,0.77621621732188,-3.29315325660231,0,0,0
146,-516.756949502327,-0.446947946437121,-1.00230869211299,0.449732131566968,0.0132525938956606,0.0407336094209645,-516.934190045786,-0.50413832860448,-0.845867503491538,0.454748858923446,0.00721917220148873,0.02930548790691,-500,0,0,0,0,0,0,0,-11.6065058007717,0.286359437060088,-1.23881378370792,0,0,0
147,-516.313312139846,-0.433551427455573,-0.961832461396087,0.437542689802973,0.0135404447814031,0.0402253520589189,-516.366639893449,-0.302444823696387,-0.932065715062869,0.450046817607263,0.0151244099262182,0.0145765884700789,-500,0,0,0,0,0,0,0,-12.2714019738278,-0.907551345229047,0.406472583117849,0,0,0
148,-515.88205588625,-0.420463969829391,-0.920978702518549,0.424970881540986,0.0126344712688714,0.0414888725125308,-515.895811174291,-0.304941691464975,-0.85305495587305,0.424030043138822,0.00197017237489057,0.0442730077176755,-500,0,0,0,0,0,0,0,-10.6113819653009,0.412866145440893,-2.72119086002145,0,0,0
149,-515.462809905681,-0.407622384537747,-0.880521458762191,0.413520310050949,0.0130487001241913,0.0394317004904343,-515.53752330453,-0.393702794267071,-1.06977631175106,0.407211305064214,0.0269588662739882,0.0622872129009077,-500,0,0,0,0,0,0,0,-9.64608389736064,-1.90848103886468,-4.08916866658864,0,0,0
150,-515.054655652737,-0.395527306351027,-0.842858264421094,0.402786610006532,0.0111414569732505,0.0359003743360768,-514.900502930638,-0.292469070598687,-0.844868815770427,0.397795180057464,0.000864648168270508,0.0452659597396396,-500,0,0,0,0,0,0,0,-9.97851214447126,0.498473324370323,-2.8368583424231,0,0,0
151,-514.657297989581,-0.384135972452573,-0.808064153207521,0.391927853962243,0.0116412115840616,0.0336936006507845,-514.616964023361,-0.277202771325918,-0.862663810431169,0.379876704971343,0.014245082230515,0.0434918014334844,-500,0,0,0,0,0,0,0,-8.75374245041319,-0.870102680399667,-2.62385252248611,0,0,0
152,-514.270180168446,-0.372929250640193,-0.775458472210738,0.382306940354187,0.0107722328598442,0.0315228264564162,-514.239608975309,-0.42923158274103,-0.631708180225478,0.38560276151274,0.00946469963848437,0.0323394100908704,-500,0,0,0,0,0,0,0,-10.0810582006555,-0.0880067983663774,-1.97052464863608,0,0,0
153,-513.893283892403,-0.362200374140072,-0.744573212278942,0.371485253502449,0.0106855210091229,0.030253413843046,-513.799835770049,-0.233336463521593,-0.684682336442486,0.381089300755485,0.00664946016129396,0.0353856079927787,-500,0,0,0,0,0,0,0,-10.5092585354499,-0.19827308908621,-2.16919612639289,0,0,0
154,-513.527438354669,-0.351613315169863,-0.71500128020692,0.360205410550607,0.010488597805213,0.028896420364547,-513.64298062291,-0.158285610980577,-0.826634342210253,0.355996554824246,0.0333884410241356,0.0320300913356645,-500,0,0,0,0,0,0,0,-8.3136942366054,-3.0222728804524,-1.54974044914594,0,0,0
155,-513.171739262621,-0.342635320328653,-0.686653126509619,0.351192502556821,0.00746739290716881,0.0278046087612649,-513.195500012093,-0.46138240397166,-0.718537556690047,0.346626549097361,0.00754924133060322,0.0290287471015989,-500,0,0,0,0,0,0,0,-8.27165488554942,0.167840674882999,-1.4657995967798,0,0,0
156,-512.825025680627,-0.335083476152463,-0.659344986787644,0.342234442268315,0.00763629618080663,0.0268163573105847,-512.640934723685,-0.263114657270176,-0.603715248020258,0.316737357760056,0.0107849735379519,0.0439870056787623,-500,0,0,0,0,0,0,0,-6.39186632863527,-0.552268039254836,-3.19127007183572,0,0,0
157,-512.486496483373,-0.327722904478561,-0.634024967189227,0.334822632054118,0.00708484814379638,0.0238275181006136,-512.409202269905,-0.134980357393486,-0.63463414422427,0.341720614451871,0.00260659077163197,0.0227375088402967,-500,0,0,0,0,0,0,0,-9.35365690537736,0.00930163762377512,-1.00448259558113,0,0,0
158,-512.156648190931,-0.320632804969405,-0.610345166956895,0.324874108097615,0.00709535173432443,0.0235373058109828,-512.133044119216,-0.375417394373632,-0.847875386653439,0.322831403367064,0.00506572092282738,0.0147934253599333,-500,0,0,0,0,0,0,0,-8.01705209827339,0.244262696464526,0.21640823731355,0,0,0
159,-511.835982034149,-0.313414806858279,-0.586457554257513,0.316458900876867,0.00734064520883344,0.0242423011209137,-511.988791098283,-0.327893759190633,-0.512313125044614,0.305265206411056,0.00826873497349191,0.0406418371539688,-500,0,0,0,0,0,0,0,-6.5489384445391,-0.171085978967925,-3.03955746530765,0,0,0
160,-511.523296951897,-0.306159284682366,-0.563584573076795,0.308910070382117,0.0071703995080693,0.021507562810039,-511.459907739301,-0.288262104214873,-0.520564313477243,0.305777703115187,0.0073082607778347,0.0248838503225737,-500,0,0,0,0,0,0,0,-7.65795483291665,-0.154301869353723,-1.44725640530288,0,0,0
161,-511.218566992868,-0.299065544384052,-0.542551928259377,0.300549630937104,0.00701708135035125,0.0205620696907949,-511.232378121583,-0.327032748161821,-0.335567040688101,0.307090245257595,0.0220750690676577,0.0105492072828464,-500,0,0,0,0,0,0,0,-8.24426828259433,-1.55344141044213,-0.383786646908443,0,0,0
162,-510.922390606427,-0.29282465425451,-0.52187582884176,0.29180356543116,0.00546469962113986,0.0207946809798252,-510.890969589155,-0.293054997086693,-0.486082294063663,0.297837784101062,-0.0167503334849373,0.0309741385779237,-500,0,0,0,0,0,0,0,-8.00183923179709,2.26114334266711,-2.12524926966504,0,0,0
163,-510.634997608961,-0.286228869661134,-0.501831779241465,0.282981901364914,0.00772687049935167,0.0192980052187183,-510.653072264593,-0.318567211365421,-0.622355357294062,0.286195334357663,-0.00577661132722018,0.0187124731417745,-500,0,0,0,0,0,0,0,-7.31338890658119,1.21479555545286,-0.626536599589326,0,0,0
164,-510.355952655366,-0.277894131935429,-0.48259671540892,0.27510822624775,0.00894260591347239,0.0191761907029933,-510.454755587521,-0.144048233046474,-0.355971600249136,0.273562035906745,0.0310471712304063,0.0111457232843538,-500,0,0,0,0,0,0,0,-6.44669241563249,-2.81662065694769,-0.402629127937112,0,0,0
165,-510.084334424319,-0.270359422772693,-0.463440753390742,0.268128499158832,0.00612681383923648,0.0191393104527361,-509.994169880891,-0.139405163902314,-0.291981971945792,0.288137885818648,0.0147456147774621,0.0103710743730147,-500,0,0,0,0,0,0,0,-8.82544882008197,-1.19575114994158,-0.453143493409891,0,0,0
166,-509.820868595835,-0.264829917687736,-0.444116066195182,0.25880364141907,0.00493219704599801,0.0195149216756726,-509.916808831188,-0.246335320006646,-0.475889986850708,0.258747326776508,0.0154874542762538,0.0201679632909315,-500,0,0,0,0,0,0,0,-6.0411150152749,-1.05607478761209,-1.06501635539173,0,0,0
167,-509.565415077048,-0.260425370420424,-0.424960485976164,0.25210327943314,0.00387689833110316,0.018799659767847,-509.693745000073,-0.42040357019633,-0.537018465658305,0.25812846826708,0.0112110413476555,0.0186031256908011,-500,0,0,0,0,0,0,0,-6.42535682656142,-0.280296994372885,-0.786275637763499,0,0,0
168,-509.316824905531,-0.256688208196612,-0.406337098730528,0.245077143825636,0.00359742695068272,0.0184507109445006,-509.405053090806,-0.16777858975083,-0.431745778928598,0.244244642574329,-0.00374811804278784,0.0165294800816348,-500,0,0,0,0,0,0,0,-5.61435807582037,0.710368983780445,-0.789456450306287,0,0,0
169,-509.074862586633,-0.252735236267703,-0.388129662401624,0.238847497052963,0.00430851727990287,0.0179673190098466,-508.917266779141,-0.203361122247852,-0.374405085277008,0.236282582919522,0.00593001530745818,-0.00235368355129194,-500,0,0,0,0,0,0,0,-5.79372473366964,-0.186279286250114,0.984178525683211,0,0,0
170,-508.839050392198,-0.248519486372836,-0.369508349193885,0.232777870588682,0.00412298337078381,0.0192783765536534,-508.819427423199,-0.240329186229443,-0.213674783225786,0.222128388150204,0.00983468995553466,0.0230327591732244,-500,0,0,0,0,0,0,0,-4.57398396862217,-0.50281062309458,-1.87592635087087,0,0,0
171,-508.608977998665,-0.244647615163031,-0.351086677250716,0.22736624383784,0.00362075975761392,0.0175676755225376,-508.408871779589,-0.197544817724001,-0.511301924162911,0.224910560963565,-0.0169822880726618,0.0236140490641122,-500,0,0,0,0,0,0,0,-5.67331253717773,2.09331844271418,-1.3388010580854,0,0,0
172,-508.384807267328,-0.239979832202403,-0.333998924008097,0.220974955314012,0.00571480681485824,0.0166110720992499,-508.372989521229,-0.199466578951028,-0.21397383045719,0.223006827865605,0.0138240540035947,0.0320546787931284,-500,0,0,0,0,0,0,0,-5.554703744103,-0.98347224245741,-2.77752021839846,0,0,0
173,-508.16710889084,-0.23475640560438,-0.318575355801664,0.214420759800421,0.00473204718281409,0.0142393914568523,-508.196337142454,-0.072126985797953,-0.270733535665524,0.213924325628978,0.00798920143965105,0.0136951741969714,-500,0,0,0,0,0,0,0,-4.99975827799022,-0.6546661723692,-0.828050348366095,0,0,0
174,-507.95550713559,-0.230351370741003,-0.30461077724779,0.208782704969155,0.00407802333268601,0.0136925920008977,-508.024577366216,-0.238921874029651,-0.376889626839215,0.21140439994567,-0.00679760951514031,0.0181838411306344,-500,0,0,0,0,0,0,0,-5.09128526213599,1.15760469957333,-1.06460485938501,0,0,0
175,-507.749611334085,-0.22569421851044,-0.291291672552352,0.203008741912129,0.00523628197529074,0.0129485153701809,-507.490521006597,-0.353269859764786,-0.2601674244257,0.188723346682333,0.00164532780048994,0.00449938674266139,-500,0,0,0,0,0,0,0,-3.89129265503854,0.542006939480579,0.070396174585261,0,0,0
176,-507.548790659044,-0.220186683408142,-0.278268650861809,0.198632936521397,0.00577878921353728,0.0130996607756007,-507.613064967209,-0.0957428944092447,-0.144702923887693,0.198468815761241,0.013674830474557,0.0044794905639704,-500,0,0,0,0,0,0,0,-4.6207516417063,-1.17599725863722,-0.158543208621654,0,0,0
177,-507.352725020064,-0.214995596423714,-0.265128626069508,0.19349863002786,0.00460338591872453,0.0131829355931831,-507.489255718582,-0.318348739687316,-0.22801756122091,0.205058465044691,0.0109015406942471,0.00466064889523391,-500,0,0,0,0,0,0,0,-5.52733506730542,-0.453456590050076,-0.010029767081572,0,0,0
178,-507.162222455367,-0.210618583815469,-0.251735346431685,0.18750697044059,0.00415063991880924,0.0136066330790156,-507.220686101197,-0.0447423872293592,-0.36424922613369,0.18073970294588,-0.0124242363881012,0.0162623519372659,-500,0,0,0,0,0,0,0,-3.63259809219482,1.33190841326884,-0.897736741459209,0,0,0
179,-506.9768696949,-0.205801756830392,-0.238532555515038,0.183198351323853,0.00548301483825124,0.0128010439258931,-506.897372032003,-0.172600725528614,-0.105730424573916,0.198480933465159,-0.0044756975042769,0.009860813212693,-500,0,0,0,0,0,0,0,-6.05334928250929,0.792771201484919,-0.774620472121467,0,0,0
180,-506.796999882749,-0.199921967947991,-0.225827028555873,0.176541406849842,0.00627656382659231,0.0126133779730193,-506.692336421222,-0.208099193538283,-0.169353864226802,0.161631442965632,0.00838017623265608,0.0169795419833378,-500,0,0,0,0,0,0,0,-2.77847145411935,-0.421819236189042,-1.35924646988017,0,0,0
181,-506.622241271948,-0.193856135892897,-0.213914153584747,0.172975288526943,0.00585510105283515,0.0112140606224488,-506.613907869781,-0.0422721655534876,-0.116825120828035,0.17082223005898,0.0278779033653071,0.000808044371571059,-500,0,0,0,0,0,0,0,-3.85440726633684,-2.70324600542374,0.152845804498965,0,0,0
182,-506.451424802634,-0.189352410427512,-0.20254643541466,0.16865804921534,0.00315235067641384,0.0115234705999047,-506.40699067244,-0.221449146575922,-0.108546542197036,0.159519313712633,0.00436389088220836,0.0063127507596133,-500,0,0,0,0,0,0,0,-3.13795002638281,0.00650920493100787,-0.414181991567257,0,0,0
183,-506.284630945946,-0.186196603960875,-0.191213360473794,0.164929687856809,0.00315926307082413,0.0111444534628804,-506.218735639622,-0.308032665555761,-0.0941564920831985,0.157506000912508,-0.00125479093483241,-0.0206460166626149,-500,0,0,0,0,0,0,0,-3.31312881200592,0.741544424594763,2.25291465042789,0,0,0
184,-506.121379094438,-0.182666355232901,-0.178930609755613,0.161575479019805,0.0039012346456707,0.0134226198523892,-505.974283538896,-0.312310350987281,-0.196722404981969,0.157416770500212,0.00662798524842538,-0.000256004690177654,-500,0,0,0,0,0,0,0,-3.7931099722298,-0.0381778228679753,0.419045278981703,0,0,0
185,-505.961899989482,-0.178783965905285,-0.165213228823435,0.157383277088487,0.00386354468678094,0.0140141682879209,-506.087517620135,-0.0649603869691858,-0.134647456937997,0.170251456669378,0.00586201252815533,0.00926164320108059,-500,0,0,0,0,0,0,0,-4.85011042666881,-0.456280478877161,-0.656869406232064,0,0,0
186,-505.807239488307,-0.175148250399325,-0.151315718331193,0.15193782321818,0.00340788738462782,0.013783555250207,-505.870170892407,-0.215223269356493,-0.261115304136962,0.142788458030772,-0.0112690535476024,0.0105530595708445,-500,0,0,0,0,0,0,0,-2.53850401826221,1.55735189347322,-0.533075348810521,0,0,0
187,-505.656880458216,-0.170961524851501,-0.13781959694045,0.14878014724322,0.00496556531948484,0.0132101526531586,-505.597797477128,-0.149472782683482,-0.191648910072785,0.143969236653076,-0.0061956269113766,0.00802434834389735,-500,0,0,0,0,0,0,0,-3.20132871105186,0.918508256504624,-0.419137014244166,0,0,0
188,-505.509991700245,-0.165536500296298,-0.124767762136035,0.144997417885599,0.00588448490076978,0.0128953177503706,-505.541813859633,-0.189911769179969,-0.0867350422268198,0.153425404185278,0.000573591945977558,0.0105289173519828,-500,0,0,0,0,0,0,0,-4.25891269926113,0.322464343762183,-0.879421650744643,0,0,0
189,-505.36745080262,-0.15949050986782,-0.11213975009019,0.140084307078476,0.00620749628230554,0.0123631157162578,-505.348002368137,-0.255477320573484,-0.0830902329408037,0.133846982403438,0.00728589684820249,0.0114397227070157,-500,0,0,0,0,0,0,0,-2.68869350406981,-0.217635043673281,-0.977791804819962,0,0,0
190,-505.22906605104,-0.153391658923966,-0.100249906376052,0.136684900706462,0.00599020636684113,0.011418161091988,-505.27498986414,-0.350153759875095,-0.11502536313447,0.145818053068066,0.0092616341410785,0.0169653384598299,-500,0,0,0,0,0,0,0,-4.03182557852721,-0.225855894357661,-1.46648311971405,0,0,0
191,-505.094789629968,-0.147514121900925,-0.0893971250433043,0.131867545275416,0.00576486800340689,0.0102897554444128,-505.189042161166,-0.0914632619779497,-0.147771367626263,0.146796751045755,0.0105917736645911,0.007426641794776,-500,0,0,0,0,0,0,0,-4.3015907822443,-0.876250842503208,-0.447121444225074,0,0,0
192,-504.965355324586,-0.142187103383304,-0.0791389760307059,0.127001243873759,0.00488916993419876,0.0102289213279625,-505.044733599326,-0.186570149296735,0.0439624193769723,0.123731878514923,0.0102542447144311,0.0154272123303349,-500,0,0,0,0,0,0,0,-2.28372065284104,-0.652284172849644,-1.63064607178744,0,0,0
193,-504.839927419705,-0.137623929658564,-0.069728037864265,0.123853893497533,0.0042371784748319,0.00859440666693545,-505.014634594387,-0.198599227812813,-0.0119707761972492,0.120491257916436,-0.0082290534165,-0.00724472687394581,-500,0,0,0,0,0,0,0,-2.01985660287014,1.22010379727563,0.74841423978908,0,0,0
194,-504.717264708349,-0.13277656964904,-0.0608137615510008,0.121472084248366,0.0054575423396306,0.00923518087804442,-504.662156347555,-0.116710488221685,0.0676476496266015,0.111542102845408,0.00319485163622444,0.00885343834072151,-500,0,0,0,0,0,0,0,-1.82989758942997,-0.086064187179075,-1.02063913332535,0,0,0
195,-504.597080171251,-0.1273619423144,-0.0521397926354326,0.118896593458529,0.00537171285058959,0.00811389711676958,-504.538979532229,-0.185929513960443,-0.0613713731911956,0.108911431094249,0.00874482076320245,-0.00105123839731635,-500,0,0,0,0,0,0,0,-1.81318404496624,-0.502623048399358,0.227866586114026,0,0,0
196,-504.479328943378,-0.122241424771406,-0.043976066536841,0.116606123737259,0.0048693230276001,0.00821454031811064,-504.53569864887,-0.0376187628503655,-0.0347134425872979,0.131521397977685,0.00985228918048801,0.00084738980325628,-500,0,0,0,0,0,0,0,-4.08074250002821,-0.90999139234807,-0.0153120951510322,0,0,0
197,-504.365000483511,-0.117826835612046,-0.0355805949325992,0.112051197633274,0.00395985624829343,0.00857860815356004,-504.337083189127,-0.0764685247972089,-0.102024755731246,0.11011906524205,0.0075953658005363,0.0175412292100025,-500,0,0,0,0,0,0,0,-2.33774014595039,-0.606599530459212,-1.55007340953776,0,0,0
198,-504.254543188703,-0.11417012967,-0.0277538810337403,0.108862786373078,0.00335355641815409,0.00707628789584214,-504.047017062782,-0.329309502146144,0.0992368108760235,0.117556453657125,-0.000746161247967261,-0.00411968276757176,-500,0,0,0,0,0,0,0,-3.66161124014761,0.733235129089013,0.213494655005128,0,0,0
199,-504.147727971773,-0.110449720574026,-0.0204193925059653,0.10476812867431,0.00408726238666591,0.00759464214871497,-504.129732384274,-0.239528031461888,-0.0309680295728259,0.107867991730955,0.00627205264327468,0.000257178824993134,-500,0,0,0,0,0,0,0,-2.52733440454796,-0.148149201403692,0.0362181766463385,0,0,0
200,-504.044472461696,-0.106436370908903,-0.0127723774666582,0.101743148104187,0.00393943811899835,0.00770076386554808,-503.977166468235,0.0179504909775589,-0.108526438929938,0.102921458444771,-0.000470293420846897,0.000531105111716616,-500,0,0,0,0,0,0,0,-2.33781290800673,0.0111283601295719,0.163942366688215,0,0,0
201,-503.944134579612,-0.10249121886441,-0.00497387031298879,0.0989329205961707,0.00395086711390514,0.0078975115573674,-503.997925118259,-0.112687553893517,-0.0879302250163498,0.0946780855962856,0.00751081850236078,-0.00287502435283622,-500,0,0,0,0,0,0,0,-1.47195832311024,-0.525706742449043,0.463362885316322,0,0,0
202,-503.846150635166,-0.0988031107288499,0.00307459778459786,0.0970353291754586,0.0034253498628493,0.00820019519003845,-503.680057976157,-0.0501656008443142,-0.0599443359033939,0.0963138807062349,0.00504018926948367,0.0147727958624961,-500,0,0,0,0,0,0,0,-2.27127211830983,-0.403687725259739,-1.35739091444282,0,0,0
203,-503.75065661002,-0.0955794596716804,0.0106303357737271,0.093952223973331,0.00302195339641861,0.00691267930865791,-503.776216338931,-0.060936837222518,-0.0618833457071832,0.075770197722056,0.00549060905710061,0.0176492794953609,-500,0,0,0,0,0,0,0,-0.0245870943441231,-0.427187231265025,-1.64116125812173,0,0,0
204,-503.657184576501,-0.0927710990320646,0.0165117327434277,0.0929909323320226,0.00259476843789753,0.00485038049556952,-503.717399608817,-0.0372276247292311,0.0167963652790981,0.0835366583487419,0.00390075623589063,-0.0142301043100594,-500,0,0,0,0,0,0,0,-0.918866617239498,-0.315620374130601,1.38941770044774,0,0,0
205,-503.564769538775,-0.0903340819569212,0.021908774071582,0.0918399268720021,0.00227926695127265,0.00594407002980213,-503.447231795431,-0.257890511908586,0.028943084627695,0.109692205339418,-0.00294616205223429,0.00339416152652794,-500,0,0,0,0,0,0,0,-4.0747569430797,0.810397229040602,-0.397302321908184,0,0,0
206,-503.475242698761,-0.0876493551163543,0.0278889789011936,0.087213987061312,0.00309018780559083,0.00601856709784832,-503.517075261823,-0.0519943148061839,-0.135975864224944,0.0849108001617091,-0.00479320602971652,0.00283861650593342,-500,0,0,0,0,0,0,0,-1.45692949252586,0.58330923258402,-0.0119099221434538,0,0,0
207,-503.389022751254,-0.0842674194623458,0.0338393281772273,0.0852260289450737,0.00367368432444057,0.00588294741899109,-503.350077426528,0.0869252281876284,-0.0434247027250001,0.0934455366819939,-0.0039278302415354,0.00455047484839946,-500,0,0,0,0,0,0,0,-2.64439881514293,0.218932567778283,-0.368198079389946,0,0,0
208,-503.3054091809,-0.0804840996560027,0.0396192086242167,0.0820011931696029,0.0038929566525539,0.00567828471876208,-503.511501584451,-0.244433633587959,0.189518925058508,0.079145676343876,6.5387543382936E-07,-0.0235799267772697,-500,0,0,0,0,0,0,0,-0.891564465485437,0.488801879632535,1.97895482760996,0,0,0
209,-503.223897083038,-0.076346684654006,0.0461390891229263,0.0810240964452641,0.00438187422116962,0.0073617503126111,-503.354374116704,0.0151583671059703,-0.0115081306744954,0.0647205885375703,0.0105232221241087,0.00540518770580179,-500,0,0,0,0,0,0,0,0.236689379651268,-1.08263894662281,-0.517502509231188,0,0,0
210,-503.143098792701,-0.0725061457796343,0.0529984136258934,0.080572138672443,0.00329920457227024,0.00635689628088443,-503.300242927657,-0.143364607017758,0.0928706793488695,0.0802959525067743,0.00889987610762268,0.00596383578244968,-500,0,0,0,0,0,0,0,-1.42910939536435,-0.603258396726752,-0.782124936942707,0,0,0
211,-503.063594317761,-0.0695084794488801,0.0589176910893771,0.0784365341121603,0.00269612948028136,0.00548255227056571,-503.096547913243,-0.0870506608720158,0.116238925392283,0.0850894140112935,0.0105125157998228,0.00520030957097252,-500,0,0,0,0,0,0,0,-2.31584557464335,-0.877150258238249,-0.752508807881818,0,0,0
212,-502.98665396124,-0.0672507767418037,0.0640831887532737,0.0754440302767393,0.00181927654335014,0.00484979231752136,-502.828157743587,0.0641273851759052,0.0658489305154857,0.0820241979026824,0.00914810589634497,0.0151630693447021,-500,0,0,0,0,0,0,0,-2.54610430309518,-1.04306535998631,-1.64800479550118,0,0,0
213,-502.912923446966,-0.0659528699358523,0.0682116990921742,0.0720164185647613,0.000776537620370193,0.0034088174023581,-502.823254518432,0.00831194210658487,0.0915673844771033,0.0855215201987884,-0.0148865364446176,-0.00305484008889508,-500,0,0,0,0,0,0,0,-2.90564298301448,1.47202976024859,0.122349239935301,0,0,0
214,-502.842588413792,-0.0644401309338818,0.0718065665166864,0.0686540355236336,0.00224894098330754,0.00378246527154269,-502.826568190971,-0.109629736287116,0.180652962782503,0.0619291196847549,0.00492012108288223,-0.0146453312655864,-500,0,0,0,0,0,0,0,-0.539775586534423,-0.272752635713991,1.10322720099364,0,0,0
215,-502.774349342522,-0.0623275315495888,0.0759765073355837,0.0678247083616741,0.00197625834103474,0.00455760889839318,-502.821727902999,-0.19409299548188,-0.0753233359069195,0.0762405887170986,-0.0134184779531612,-0.00671705181764514,-500,0,0,0,0,0,0,0,-1.98060306571257,1.73003378627988,0.822351853578353,0,0,0
216,-502.707670824414,-0.0594861292775479,0.0809568504355281,0.0655329655788783,0.00370654718261581,0.00540405167807889,-502.810808632694,0.145464953397428,0.186995522828289,0.0674997651514239,-0.00242018887245536,0.0078627817642822,-500,0,0,0,0,0,0,0,-1.12835924975341,-0.0489110195493205,-1.1602692220848,0,0,0
217,-502.643104932404,-0.0558039658056714,0.0857222400789471,0.0635983225907035,0.00365778059551766,0.00412751062578898,-502.728869055297,-0.0621259090719846,0.0433974206303687,0.0601359334306169,0.00272671407407503,0.0255121695812183,-500,0,0,0,0,0,0,0,-0.55585523246798,-0.148419589263534,-2.63801179938257,0,0,0
218,-502.580374305671,-0.0522203604552107,0.0884275066659835,0.0618615990984468,0.0035094310337799,0.00128369920084115,-502.5344940885,-0.100913677655846,-0.00479061034367791,0.040771628983162,0.0114162257801608,-0.0025357632857431,-500,0,0,0,0,0,1,0,0.991825278683283,-0.939795222704388,0.263157549261666,0,0,0
219,-502.518284264946,-0.0491808910428186,0.0895127390655649,0.0623184571334203,0.00256950844800126,0.000886275611202691,-502.455613542783,-0.0677514904261725,0.0716806822720261,0.0561446392475013,0.00234370477606437,0.00618393911517419,-500,0,0,0,0,0,1,0,-0.703236839184929,-0.0988674967540918,-0.761755276061471,0,0,0
220,-502.456683651177,-0.0466607716620139,0.0899066273076856,0.0608824320814674,0.00247073094802101,-9.79836009861179E-05,-502.5807789474,0.103511575020857,-0.0302911270786158,0.0520850965829483,0.0145524512716716,-0.00732708885043097,-500,0,0,0,0,0,1,0,-0.0469517634945866,-1.66226827720888,0.793291139200328,0,0,0
221,-502.396013126833,-0.0450211720958774,0.0899924569982063,0.0604589990889425,0.00080846914854755,0.000269621537974385,-502.408435140988,-0.396853395341788,0.241374830696259,0.0799426897725377,-0.00448881993713211,0.00750257550982394,-500,0,0,0,0,0,1,0,-3.17739869527688,1.24258878439679,-1.23300721237491,0,0,0
222,-502.337529677385,-0.0435912048092389,0.0898447067949883,0.0565076421426174,0.00205146573305191,-0.000563268249294868,-502.218334865176,0.140469893640821,0.159455274106822,0.0630953863755437,0.020269173846299,-0.000752172123666734,-500,0,0,0,0,0,1,0,-1.87286890720199,-2.30785717191154,-0.24369333584697,0,0,0
223,-502.282245071841,-0.0426935477116455,0.0891896340022883,0.0540616556796098,-0.000256150774736515,-0.0007458259988673,-502.136002599187,-0.0586378277652359,0.119596251444617,0.0476708895519306,-0.00199054160022237,-0.00993331690791086,-500,0,0,0,0,0,1,0,-0.495083756818699,0.316329815552709,0.754139187901851,0,0,0
224,-502.228615632284,-0.0427915014658494,0.0886693874584996,0.0531976466666974,6.02430968620627E-05,-0.000294454648755438,-502.28393201897,0.0230508353968561,0.0333366719603349,0.0574662407126876,-0.0162592930768073,0.00746405985668512,-500,0,0,0,0,0,1,0,-1.17876003332818,1.57982763688702,-0.813079329589182,0,0,0
225,-502.176373540657,-0.0419412695234084,0.0879261435833306,0.051286243001509,0.00164022182365502,-0.00119126580280449,-502.165879785351,0.00372264099125181,0.138968555900703,0.0355905829612363,-0.00257870752969317,0.00662592625909708,-500,0,0,0,0,0,1,0,0.772701274578074,0.250425470986814,-0.940529737711114,0,0,0
226,-502.12511432885,-0.0401758852193997,0.0859848219608441,0.0512315671660441,0.0018905474406388,-0.00269159617043069,-502.210178388164,0.0416158462162781,-0.0179734603842923,0.0427510841812967,-0.00311684282473528,0.00348373622993647,-500,0,0,0,0,0,1,0,0.145248358198947,0.228452590040972,-0.312426702225062,0,0,0
227,-502.07413732176,-0.0381711213764071,0.082924769640771,0.0507222398924576,0.00211898118696858,-0.00342848646463778,-502.083588293349,0.061476168265044,0.0332967687060207,0.0655688448026628,0.00914342470064773,-0.00386517197970739,-500,0,0,0,0,0,1,0,-2.38970789356746,-1.03729480659486,0.319923660558697,0,0,0
228,-502.024818576855,-0.0365706343123255,0.07975083297794,0.04791570361396,0.00108199378042219,-0.0029181462974347,-501.918204011546,-0.0902655954559999,-0.025779957690453,0.0463871593610167,-0.00014856603638395,0.00207939962814411,-500,0,0,0,0,0,1,0,-0.802307913010622,0.195387794550395,-0.156380047433505,0,0,0
229,-501.977596391767,-0.0353908955305588,0.076661226634171,0.0465286672768226,0.00127748463143988,-0.00326057992360729,-502.005904799801,0.0679006493302782,0.101076944952582,0.0266648501522887,0.0103498599555662,-0.0166713346416497,-500,0,0,0,0,0,1,0,1.34532458437345,-1.17078729421718,1.46497957425981,0,0,0
230,-501.930517883567,-0.0346988911134656,0.0737446151197885,0.0476288958018867,0.00010652519218175,-0.00257347243163175,-501.971301035691,-0.15801124928938,0.101566935567389,0.0477772655589484,-0.00478169022719044,0.000526335113974714,-500,0,0,0,0,0,1,0,-0.835124484512045,0.794191521297804,-0.25576738253225,0,0,0
231,-501.883609819413,-0.0341952171766095,0.0709560390199881,0.04618718829285,0.000900823927353602,-0.00300316092325104,-501.9042560387,-0.00178743170030977,0.0815239759982792,0.0692790599591842,0.00289861999989061,-0.00149829842826026,-500,0,0,0,0,0,1,0,-3.11939391851786,-0.286287136588441,-0.0132181091705323,0,0,0
232,-501.839217525248,-0.0334373368580241,0.0681467766751156,0.0425977886312458,0.00061493781219718,-0.00261370845838582,-501.923880317402,-0.0799584406762504,-0.00434774907441404,0.0495804976489239,0.0110219877917689,0.00956524920583141,-500,0,0,0,0,0,1,0,-1.11028913008874,-0.94228189782439,-0.947829422434312,0,0,0
233,-501.797561362129,-0.0332934693944839,0.0650238755136477,0.0407141808927536,-0.000327201852062618,-0.00363134040476654,-501.746920103676,-0.0954771528049916,0.0578422668782632,0.0252563683729883,5.32547470666349E-05,-0.00561900395470777,-500,0,0,0,0,0,1,0,0.968203370052296,0.18562883090332,0.446215861714251,0,0,0
234,-501.756606723796,-0.0335279193261059,0.061293236636355,0.0411951721660899,-0.000141697251676693,-0.00383043707601405,-501.694089123352,-0.0614169004316817,-0.0199587638160167,0.0346883162496297,0.0165601665112538,-0.00375674696813455,-500,0,0,0,0,0,1,0,-0.0806533782581718,-1.53318285026202,0.415592224445489,0,0,0
235,-501.715681711779,-0.0344362031047997,0.0574820630503596,0.0406550535910467,-0.00167486949575575,-0.00379187036226647,-501.541276614983,0.0464841213476392,0.0337168684956115,0.0464539768046894,0.00455794601642415,-0.0124967140602354,-500,0,0,0,0,0,1,0,-1.56284445050358,-0.548762844337693,1.18223766903231,0,0,0
236,-501.675913193947,-0.0363853535874931,0.0542711838042856,0.0388827775472866,-0.0022234307814262,-0.00262919644475645,-501.700469903219,0.0361622415868864,0.0989120563692675,0.0342844111161293,-0.0177591709248456,-0.00505996541696397,-500,0,0,0,0,0,1,0,-0.0275013051753494,1.70359260931079,0.308172428957862,0,0,0
237,-501.637286228349,-0.0377569867030962,0.051603982848788,0.0383712926102674,-0.000519834483934069,-0.00270518388907359,-501.51376526842,0.126800484663532,-0.0402393007255889,0.0509730071317641,0.00709079863461605,0.00674216767496978,-500,0,0,0,0,0,1,0,-2.0697701763363,-0.962680832788668,-0.5937381660458,0,0,0
238,-501.600273784913,-0.0387580291323344,0.0486911427826094,0.0356535559921893,-0.00148224953930489,-0.00311930356005785,-501.531218104303,-0.108083024243946,0.0347090922008997,0.0518264403685431,-0.011159127278402,-0.0246710439803484,-500,0,0,0,0,0,1,0,-2.12020782824767,1.33207877632809,2.39768621363304,0,0,0
239,-501.565612753262,-0.0395741025386189,0.0468181032559731,0.0336700004882278,-0.000149896900870135,-0.000625972225300586,-501.340781478502,-0.0827132346567161,0.0638439882713512,0.0386728796397647,-0.00910891062359043,-0.0111321773107125,-500,0,0,0,0,0,1,0,-1.18572500697217,1.07631753167248,0.985529754528552,0,0,0
240,-501.53266504385,-0.039185764014009,0.0466369248650748,0.0322260646112368,0.000926573598292284,0.000264134493922819,-501.487123487997,-0.0972978903915942,-0.080286889804477,0.0266514023262533,0.00908194242705449,4.90639248982174E-05,-500,0,0,0,0,0,1,0,0.309106743368774,-0.71359846192226,0.155667387119132,0,0,0
241,-501.500547592012,-0.0386160100626778,0.0467504168471986,0.0320088577855067,0.000212935491696482,-3.72749407273609E-05,-501.502719246127,0.100382432590007,0.12799538252248,0.0196406310503021,-0.00371341077391284,-0.00188313004917,-500,0,0,0,0,0,1,0,1.04137538722416,0.170576212211271,-0.0676777601279591,0,0,0
242,-501.468323620855,-0.0383178541696685,0.0463576645260748,0.0324388889723241,0.000383377789474341,-0.000748696557127726,-501.402427473579,0.0709483531439583,0.0831296997387545,0.0254155940656286,0.000132350597858745,-0.001100498068007,-500,0,0,0,0,0,1,0,0.263295540594791,-0.155131766073791,-0.0562095926768087,0,0,0
243,-501.436043812567,-0.0380120596486767,0.0453608190341581,0.0321206430074715,0.00022821214378231,-0.00124507176508637,-501.451888415595,-0.0129246610236932,-0.0435473669535949,0.0176554743445381,-0.00611632503801983,-0.0169699857326204,-500,0,0,0,0,0,1,0,1.13822939673714,0.637481825849369,1.78409330716923,0,0,0
244,-501.403415783623,-0.037465179447882,0.0446378296722559,0.0331361424354115,0.000865548601516152,-0.000201677931568223,-501.559210340467,-0.0255947360119954,-0.00249351464116131,0.0396375082963922,0.0161517186902891,0.00250408826004211,-500,0,0,0,0,0,1,0,-0.845330148704958,-1.56398239700492,-0.245421796721888,0,0,0
245,-501.370997120846,-0.0373815679605554,0.0442431786959388,0.0317011597422401,-0.000698325241738128,-0.000587105622599116,-501.296052912909,0.0939608937102469,0.269538469231556,0.0227613936276049,0.00599869607580005,0.0140770292218643,-500,0,0,0,0,0,1,0,0.315966463057004,-0.787791395000499,-1.94677986064954,0,0,0
246,-501.339682314708,-0.0384738100738132,0.0424893708106922,0.0309274065225928,-0.00148615830483181,-0.00292034237184258,-501.380707712749,-0.0758284242690977,0.204885750509643,0.0454369018126691,0.0142814748799851,-0.0049739772561894,-500,0,0,0,0,0,1,0,-1.78227475576908,-1.27649063946031,0.0876262245996529,0,0,0
247,-501.309880876093,-0.0405980996459148,0.0396649869571347,0.0286757502936862,-0.00276241975558738,-0.00272748345206275,-501.270147904315,0.0649315324940561,0.0446775871411858,0.0477788106725379,-0.0284746172456171,-0.0121125161279899,-500,0,0,0,0,0,1,0,-2.23758525862294,2.7175986595736,1.12189643851661,0,0,0
248,-501.282409406236,-0.0420015765265558,0.0375956440016936,0.0262680583133083,-4.45328518135192E-05,-0.00141017858820458,-501.307181577424,0.199822232885703,0.0879429739792328,0.0425114859822345,0.00164479995201275,-0.00751234636399108,-500,0,0,0,0,0,1,0,-1.63678544337638,-0.564124460972681,0.575348688440643,0,0,0
249,-501.257128231435,-0.0423280667386482,0.0365022141559607,0.0242948011425576,-0.000608446571241392,-0.000775882058551614,-501.314248556954,-0.143893188574175,0.138327282863635,0.00238023665459267,-0.00874586542156188,3.02375181605045E-05,-500,0,0,0,0,0,1,0,2.39047344844953,1.16237291930454,-0.279678317543321,0,0,0
250,-501.231997564924,-0.0423554812731815,0.0350857481330256,0.0259660378950398,0.00055361886814386,-0.00205816180296203,-501.294124588778,-0.32402842021827,0.0291449767194502,0.0277027667989881,0.00521534488783365,-0.00217746792574908,-500,0,0,0,0,0,1,0,-0.18202750234348,0.126522351653175,0.159456839136008,0,0,0
251,-501.206374472382,-0.0417385897758651,0.0329464576385192,0.0252802405509138,0.00068016470298543,-0.00222029623057918,-501.287233166393,-0.223391803988167,-0.0106042206082326,0.0378588271622887,-0.00348488028589749,0.00219202236000128,-500,0,0,0,0,0,1,0,-1.21141638344235,0.795271636566083,-0.197993794783662,0,0,0
252,-501.181980835121,-0.0406607121197792,0.0306147188528125,0.0235070963984532,0.00147559196263531,-0.00244248691118054,-501.048149745239,-0.16457775859776,0.107543250546353,0.0371248093232197,0.00239794196088995,-0.00626736486840691,-500,0,0,0,0,0,1,0,-1.61618144184485,0.0893613211065243,0.411649985747984,0,0,0
253,-501.159470831917,-0.0391403358745403,0.0284116455549817,0.0215133377639776,0.00156516128717762,-0.00196285192169143,-501.099080424617,-0.152882858042468,-0.0372075933225446,0.0166488329767159,0.0117676419928627,-0.00193285563701896,-500,0,0,0,0,0,1,0,0.533277551562975,-0.870998483201328,0.267700750346985,0,0,0
254,-501.13794037237,-0.0380107083293182,0.026324485622581,0.0215476295614149,0.000694094393608533,-0.00221171620655303,-501.110108029062,-0.00950941032402481,0.0424568105491245,0.0208122488968133,-0.0131219364540048,-0.0106891121310195,-500,0,0,0,0,0,1,0,0.138991168443389,1.33121246604853,0.983997592003704,0,0,0
255,-501.116465424864,-0.0366510167776715,0.0243864443551042,0.0214027283244863,0.00202528951046523,-0.00166452372360815,-501.130862536996,0.0163492172404413,0.0125784193018098,0.0127830629689724,0.0169147292921585,0.00527179701647285,-500,0,0,0,0,0,1,0,0.983418777095679,-1.72417136369674,-0.552336540250905,0,0,0
256,-501.094942467275,-0.0354878766865574,0.0221398480570934,0.0216427569549996,0.000300991432320693,-0.00282902565715293,-500.914769927715,-0.0258867114699363,0.111470100648367,0.0248743276079182,-0.00786005292142586,-0.00487829835504464,-500,0,0,0,0,0,1,0,-0.657892905361738,0.837778715082458,0.264889634207731,0,0,0
257,-501.073854455181,-0.0347679538290817,0.0193492286917657,0.0205334852612611,0.00113885486138527,-0.00275186796591265,-500.950019416063,0.0556315059629368,0.051441587606609,0.0200519504292057,0.00176909875625418,-0.00519937885682792,-500,0,0,0,0,0,1,0,-0.105156210795334,-0.288172887551292,0.417054710469574,0,0,0
258,-501.053588515184,-0.0337731794362262,0.0166323796632474,0.0199986096372183,0.000850695724786753,-0.00268178239894656,-501.235414672606,-0.0598293574902941,-0.114762431941635,0.016383431337654,0.00517599776416424,-0.00387502582268702,-500,0,0,0,0,0,1,0,0.832486211447283,-0.397941061435836,0.617027446151972,0,0,0
259,-501.033378800393,-0.0331215083467719,0.0139498070137088,0.0204209961989584,0.000452647978676152,-0.00268381349260605,-501.129513550059,-0.0557085537429486,-0.103385341005501,0.0254821868012031,-0.0133724043301764,-0.0138848327517175,-500,0,0,0,0,0,1,0,-0.289191580003073,1.44865754050354,1.59525395718275,0,0,0
260,-501.013145975625,-0.031944512956048,0.0118913834757409,0.0200454826784417,0.00190134355327862,-0.00143306782237385,-501.008913599487,0.155049482618248,0.0472481166560458,0.0289919592892484,0.028985555855126,0.0125182951013807,-500,0,0,0,0,0,1,0,-0.881368729949902,-3.20865455074909,-1.34632574345016,0,0,0
261,-500.993987161847,-0.0316474409477292,0.00975707284983897,0.0182715927643441,-0.00130719839414567,-0.00283485989023002,-500.814811942447,-0.220592244009277,-0.290771594145475,0.0324654082948282,0.00511958061786354,-0.0092234804983205,-500,0,0,0,0,0,1,0,-1.61691694458809,-0.0707735737678009,1.503891238123,0,0,0
262,-500.976551069769,-0.0329899224878577,0.00769385484598596,0.0166015705105936,-0.00137776327982017,-0.00129093740878572,-500.956516436482,-0.103778124785466,-0.104749920677836,0.0244723439400141,-0.0143719955246829,-0.00638963759170297,-500,0,0,0,0,0,1,0,-0.534201521037425,1.64475580203922,0.848463600525969,0,0,0
263,-500.960356613377,-0.0335452737642531,0.00670788463150994,0.0157878361666158,0.000267061648342478,-0.000680807363096281,-500.940971910407,-0.0117106637182196,-0.161414999758104,0.0114020396060168,0.00907803619316056,0.00477425324962343,-500,0,0,0,0,0,1,0,0.741739860211581,-0.884382291879617,-0.154595325446135,0,0,0
264,-500.944506914376,-0.0337204514633749,0.00566947420007649,0.0159113667845402,-0.000617416082135094,-0.00139630476528607,-500.883443062902,-0.189444315327026,-0.181550832494578,0.0189331573813685,0.00907169410570847,0.00121309334976173,-500,0,0,0,0,0,1,0,-0.126429612333157,-0.528280779916796,0.241792330012983,0,0,0
265,-500.92889308148,-0.0346019999350419,0.00422925081069314,0.0153164303673427,-0.00114568047253664,-0.00148405882737424,-500.894822401995,0.0194436147024629,-0.0425228145685156,0.00361851659699072,-0.0164267189865165,0.000244496698051469,-500,0,0,0,0,0,1,0,1.4277931442909,1.60378466924673,0.0605959593318842,0,0,0
266,-500.913155672873,-0.0349458802426918,0.00239067076336747,0.0161581968270098,0.000457920657012932,-0.00219376319776732,-500.968812780601,-0.0121452011825887,0.136674453254285,0.0298618382926648,0.00103660434391748,0.0032055199636418,-500,0,0,0,0,0,1,0,-1.04855826806445,-0.0793700320265705,-0.593900902872751,0,0,0
267,-500.897857076568,-0.0345275782046095,-0.000114592326968335,0.0144388512750532,0.000378685106469824,-0.00281609763143842,-500.947955711114,-0.0567272747031767,-0.0952930808707633,-0.00830857584259493,-0.00153757739039643,-0.0105695871772569,-500,0,0,0,0,0,1,0,2.72676900648679,0.267212288445996,1.24754487946722,0,0,0
268,-500.882204576502,-0.0340154622537303,-0.00290713543846855,0.0168663516578419,0.000645547519674369,-0.00277046990395435,-500.621441198256,-0.00444777117677558,0.00104456955127235,0.0258671762757694,-0.00315454942842793,-0.014152332746984,-500,0,0,0,0,0,1,0,-1.34383523106453,0.324350485196345,1.41314413559586,0,0,0
269,-500.86604688441,-0.0332076531466873,-0.00498640180023488,0.0154499273396518,0.000970071531499926,-0.00138755236992505,-500.857108548677,-0.0603668656808897,-0.0626626768533144,0.00707960419159359,-0.00425490922445332,-0.000575777303961547,-500,0,0,0,0,0,1,0,1.00625667819405,0.546224653807112,0.182903084102784,0,0,0
270,-500.850358982012,-0.0319645341455385,-0.00661293778267099,0.015925808119322,0.00151616691711307,-0.00186598825089201,-500.778617223562,-0.0135868603406379,-0.0774176078281398,0.0225852385881437,0.000436406198065876,-0.00523699143069154,-500,0,0,0,0,0,1,0,-0.701289411690291,-0.0164668991253119,0.678534358725433,0,0,0
271,-500.834938992356,-0.0304565559277433,-0.0082319896952674,0.0149146055788585,0.00149979054376235,-0.0013718132793098,-500.726387902028,-0.179957066498387,-0.280912352614229,0.0118678430775128,0.0210017541068905,-0.0013170882014447,-500,0,0,0,0,0,1,0,0.265991496304314,-1.74026127769227,0.693533525372929,0,0,0
272,-500.820064574357,-0.0298269138951125,-0.00949108061358556,0.0148345235699149,-0.000240504539501516,-0.00114654836283601,-500.682796188226,-0.114005123719224,0.0362908022031472,0.0315856562713802,0.00419308289295123,-0.00128464695489553,-500,0,0,0,0,0,1,0,-1.79297325068544,-0.191298041856675,0.0558830910832581,0,0,0
273,-500.806346981836,-0.0301629524972416,-0.0105261246192939,0.0126009557252485,-0.000431572049417067,-0.000922605379285568,-500.830065458449,0.0511443860106143,0.0348866572877353,0.0362925388997753,0.00466681974683206,0.0238010644976513,-500,0,0,0,0,0,1,0,-1.96912297307933,-0.568970746704435,-2.4498797643406,0,0,0
274,-500.795317375924,-0.0308788846951533,-0.0125049711270836,0.00945734583205975,-0.00100029097585448,-0.00303368107945845,-500.771604549085,-0.0953058027583095,-0.0576683158659151,0.00767268291038751,0.0043435254989515,0.00143068946459246,-500,0,0,0,0,0,1,0,0.775940807130563,-0.243740944378531,-0.027732314727416,0,0,0
275,-500.785763625882,-0.0320010964165419,-0.0158423014342281,0.00965001803776878,-0.00124413168177727,-0.0036413002804434,-500.924805458549,-0.156757118738513,-0.0396089091485288,0.011781811123058,-0.00657919828854735,-0.00287582713087952,-500,0,0,0,0,0,1,0,0.671429804791463,0.971434066331761,0.366800531385009,0,0,0
276,-500.776008589246,-0.0327595544354806,-0.0195843587929043,0.00986012868309629,-0.000272783740889609,-0.00384314513397399,-500.807921780147,-0.0789448567952367,0.077938111605427,-0.00555799191640565,0.00134019095747444,-0.00867353446610793,-500,0,0,0,0,0,1,0,2.17164275193516,0.0238706178430294,0.711477223399939,0,0,0
277,-500.765275971142,-0.033020543318557,-0.0235892131212654,0.0116051177697418,-0.000249191919524548,-0.00416767989105671,-500.795263932164,-0.078989770365063,0.0303728916119011,0.0128915754003573,0.00740441738971336,-0.0195721629911215,-500,0,0,0,0,0,1,0,0.301370324292965,-0.58246219824121,1.89647051588835,0,0,0
278,-500.753512526651,-0.03356098566018,-0.0270760621972504,0.0119226516761704,-0.000831691829789222,-0.00280639933768767,-500.722226850935,-0.0785794010513781,-0.0724108566524054,0.00678052839169196,-0.00844583492599053,-0.0225970529058277,-500,0,0,0,0,0,2,0,0.766400862700097,1.00174229470181,2.40452700388758,0,0,0
279,-500.741130589019,-0.0338918557368253,-0.0290305953581705,0.0128422790638486,0.000169953234265158,-0.00110335548321894,-500.74804552068,0.174516984985867,0.118212968155542,0.0178318064692112,0.000447275603805033,0.018655984070137,-200,0,0,0,0,0,0,1,599.712910394438,-0.393761530352237,-2.10202434332479,0,0,0
280,-500.443029789107,-0.0339573335645551,-0.121914873025282,0.583265133621408,-0.000300908035824915,-0.184958708582278,-500.562513995839,0.170808877033004,-0.0875189746432641,0.601884429476054,0.00733075915176985,-0.175948251268253,-200,0,0,0,0,0,0,1,540.936585044072,-1.07469366924299,17.7698630761119,0,0,0
281,-499.599782966298,-0.0348303551517415,-0.381157836301051,1.10315272727266,-0.00144513441555886,-0.333794469922257,-499.698750312652,-0.109771685516601,-0.524181520334484,1.09895670433588,-0.0176606097423932,-0.320913692489217,-200,0,0,0,0,0,0,1,489.501830191716,1.98560434527253,33.1397322895907,0,0,0
282,-498.259038613316,-0.0353141437774515,-0.774896281946027,1.57827529308238,0.000477557948060654,-0.453926410542282,-498.16247091539,-0.041688134959514,-0.756748995884451,1.57428068028893,-0.01207702131396,-0.473377548473189,-200,0,0,0,0,0,0,1,438.896873801886,1.29107840131503,48.8512528390878,0,0,0
283,-496.465053871791,-0.034219246016446,-1.27429773540832,2.00964868152633,0.00171223863556496,-0.545097774119992,-496.380903333359,-0.0385898969251974,-1.41021316984834,2.00858825227081,0.01264863112527,-0.56086758788939,-200,0,0,0,0,0,0,1,391.902981439636,-1.18768331867661,58.9071851286357,0,0,0
284,-494.260663423858,-0.0331260249243888,-1.85355594035414,2.39909859674668,0.000474204577511882,-0.613618165074,-494.156737291468,0.0337377901226546,-1.90789824508712,2.43791438465965,-0.00986166483390446,-0.626255896177272,-200,0,0,0,0,0,0,1,344.52203611697,0.918690903145137,66.4413861079015,0,0,0
285,-491.68831377263,-0.0322146025266108,-2.49107402440991,2.74557785391159,0.00134864007860852,-0.661595272798208,-491.581411147569,-0.0379374145045344,-2.5362145516117,2.74197581594292,0.00580292652083593,-0.654800517818889,-200,0,0,0,0,0,0,1,308.965240700846,-0.504417823074524,70.5524808851123,0,0,0
286,-488.785834831335,-0.0311380132054698,-3.16966929089367,3.05936445455799,0.000804540246358167,-0.695755577062476,-488.684558947388,-0.0010726492654279,-3.21953040755134,3.07072259578554,-0.00744918503777792,-0.719501818416813,-200,0,0,0,0,0,0,1,270.296858316221,0.747063802308648,78.389242656784,0,0,0
287,-485.586793709893,-0.0299772948493056,-3.87320510334165,3.33871183714503,0.00151689746136198,-0.711458531129295,-485.811013363125,0.0289077946052115,-3.87982030411516,3.33853964438331,0.0107862932626403,-0.711949914899707,-200,0,0,0,0,0,0,1,237.76806228792,-1.13644491547446,78.954632098201,0,0,0
288,-482.123799259191,-0.0290438827203493,-4.5875611530737,3.58727625900121,0.000349928151215371,-0.717380124006541,-482.041619375152,0.110248097783609,-4.72721685517073,3.60096249665803,0.00619394185360254,-0.719051166833273,-200,0,0,0,0,0,0,1,203.986989084501,-0.839890380927471,81.3595503936687,0,0,0
289,-478.427922529935,-0.0291269903810102,-5.30182378731236,3.80448267525463,-0.000516142445285357,-0.711255497366076,-478.379247917356,0.0271889329966791,-5.23979878875442,3.80384501234223,0.0163180486297829,-0.702359327080372,-200,0,0,0,0,0,0,1,176.373994600489,-1.68618272897164,80.715530285546,0,0,0
290,-474.528041464222,-0.0304975400235639,-6.00629249233569,3.99528878677258,-0.00222495583339869,-0.697778622389762,-474.360469036207,-0.00771313095209977,-5.94833293468393,3.99553168033431,0.00133053446053953,-0.700165326355323,-200,0,0,0,0,0,0,1,149.167770038983,-0.117627184149754,81.9131985049002,0,0,0
291,-470.450059269842,-0.0327908761332702,-6.69274968838091,4.16068964841743,-0.00236171542597891,-0.67521936796975,-470.503314400247,-0.106800097450718,-6.66678670100111,4.14177592766592,0.00613890982361669,-0.670513270052145,-200,0,0,0,0,0,0,1,126.829036033903,-0.400290787460232,80.3849004072167,0,0,0
292,-466.217479170581,-0.0353608677667191,-7.35411857099198,4.30448724405333,-0.00277826760735729,-0.647590842276601,-466.12144631137,0.046464957917928,-7.2642963908747,4.30775520247591,-0.0186147254452535,-0.640952672294655,-200,0,0,0,0,0,0,1,101.46737237515,1.7685426286895,78.6238600112149,0,0,0
293,-461.853364735833,-0.0372613653735115,-7.98492007693286,4.42376136909318,-0.00102272686941076,-0.614071989934202,-461.924592961012,-0.0130148694792601,-8.06298633750106,4.43691847138202,-0.00393919919331195,-0.61303723936841,-200,0,0,0,0,0,0,1,80.1573387838218,0.419949658289715,77.4296966118431,0,0,0
294,-457.3802155927,-0.0380792488448463,-8.57958416658714,4.5225593625024,-0.000613040136527773,-0.575305481408292,-457.34309239431,-0.0398955803210382,-8.45309687129849,4.53167270453104,-0.00297643095466243,-0.572089556695144,-200,0,0,0,0,0,0,1,61.5189143355158,0.377434256108319,74.1151494121114,0,0,0
295,-452.817565580467,-0.0385075067644251,-9.13424984145202,4.60276438111232,-0.000243474466032852,-0.53406559944616,-452.814732377968,0.00218894021005189,-8.87099577044727,4.60476790212912,0.00153010878873429,-0.53812176279055,-200,0,0,0,0,0,0,1,45.1526745430242,-0.157388759293533,71.5541678199496,0,0,0
296,-448.182805516351,-0.03883255911847,-9.64640919694502,4.666780762219,-0.000406629165341605,-0.490284528342657,-448.2393971402,-0.0588586004736341,-9.58252102665134,4.67071052188912,-0.00503308217875843,-0.489333180811718,-200,0,0,0,0,0,0,1,29.4077420914882,0.621025418823112,68.0983601344744,0,0,0
297,-443.491966753887,-0.0389305478156063,-10.1140109130248,4.71492256751355,0.000210652580859957,-0.444942174659449,-443.502085149536,0.0339008333245368,-10.1425632152065,4.69438108373137,0.0157432646522757,-0.447276835830438,-200,0,0,0,0,0,0,1,17.5660619259363,-1.64212813187664,65.0128100134568,0,0,0
298,-438.759012360027,-0.0395420712654176,-10.5359094543192,4.75101237913502,-0.00143369852124887,-0.398871995684455,-438.806772082722,0.0926076315402664,-10.5281358727943,4.7644983042044,-0.00780951744250191,-0.392151518781048,-200,0,0,0,0,0,0,1,1.16371374500426,0.595736481169658,60.2714236236933,0,0,0
299,-433.998417931893,-0.0406779604010755,-10.9114055194144,4.77020295577627,-0.00083807893225431,-0.352128590325748,-433.937424682209,0.0927463205930867,-10.9321935275421,4.76069739371716,0.00686697009084575,-0.36624640119876,-200,0,0,0,0,0,0,1,-8.1948900072972,-0.872189650270748,58.4890271749601,0,0,0
300,-429.223270995261,-0.0419515916749368,-11.239522792874,4.78011801483661,-0.00170918329179766,-0.30410965981856,-429.148435996097,-0.0522849769546774,-11.1474202819493,4.78244122660584,0.00119977849098272,-0.315692916566232,-200,0,0,0,0,0,0,1,-19.9472506683905,-0.0154078951889177,53.8641322205218,0,0,0
301,-424.444435682334,-0.0436671822887468,-11.5199260772861,4.77757936621386,-0.00172199754426646,-0.256694261692402,-424.448718655891,-0.129662147103521,-11.4568068830115,4.76918583730953,-0.000218318196225409,-0.247496130668056,-200,0,0,0,0,0,0,1,-28.0211464191723,0.281156113829582,47.6632268328286,0,0,0
302,-419.672881582145,-0.045246788248113,-11.7545340297425,4.76555390800487,-0.00143721317649512,-0.212514164170388,-419.587007866169,-0.0505783551750528,-11.7742041072803,4.77086200974165,0.0147925533590659,-0.215853228072035,-200,0,0,0,0,0,0,1,-37.9121852418277,-1.37809862555649,45.1337310217641,0,0,0
303,-414.918366176981,-0.0473706011160296,-11.9445313516504,4.74350236957009,-0.00281041332641128,-0.167467903506127,-414.958096152609,-0.0329941319486508,-11.9367178475281,4.74359153467511,-0.00416846492491082,-0.174220841384311,-200,0,0,0,0,0,0,1,-44.4429611622924,0.482834756388384,41.2955198334873,0,0,0
304,-410.189537940628,-0.04993672952589,-12.0901969598565,4.71417880043562,-0.00232184260413618,-0.123847045647343,-410.26160697664,-0.0680229007953753,-12.1678971847935,4.72825567766698,-0.00111047768488081,-0.115972741230751,-200,0,0,0,0,0,0,1,-52.3023538134178,0.247093570078831,35.9330684926621,0,0,0
305,-405.494548741555,-0.0521316541581828,-12.1934449935083,4.67582302799471,-0.00206800557777434,-0.0826281822579391,-405.495008760725,-0.154521825665194,-12.1709577487447,4.67260281356819,-0.00159972804589125,-0.100078261119234,-200,0,0,0,0,0,0,1,-56.2702638353686,0.469016455919512,34.3497416094129,0,0,0
306,-400.839978791353,-0.0539615256211563,-12.2555104438645,4.63334021304038,-0.00159173642107104,-0.041479794398941,-400.989003501529,-0.0859665300401823,-12.2454462632132,4.63501674690269,-0.000850292976055462,-0.044640246524643,-200,0,0,0,0,0,0,1,-61.5236676872121,0.256962357685911,28.9549171788907,0,0,0
307,-396.23118821505,-0.0554208187087436,-12.2780445454034,4.58426259214636,-0.00132684891008481,-0.00356215997628018,-396.151090807332,-0.0446719812872748,-12.2246131326331,4.57961921209248,-0.00115501454123551,0.00830417540582216,-200,0,0,0,0,0,0,1,-65.6597395945847,0.204845416698101,23.6188087246841,0,0,0
308,-391.674241373288,-0.0566410184125288,-12.2644208767702,4.52965091220114,-0.00111354950590218,0.0308385284082041,-391.695459409158,0.148971131303863,-12.0967708785295,4.53714503637696,0.0108381601525754,0.0488468373334051,-200,0,0,0,0,0,0,1,-70.3235848193813,-1.38175827786527,19.3088580237184,0,0,0
309,-387.174759453835,-0.0584409216622915,-12.2175737194203,4.46933150354234,-0.00248625654247594,0.0628876765260048,-387.228312255157,-0.339559765638234,-12.1931645427418,4.46613442231031,-0.00423465525985614,0.0439607931062685,-200,0,0,0,0,0,0,1,-72.156817720718,1.10258505726208,19.9902497748568,0,0,0
310,-382.736293132646,-0.0603712426730671,-12.1379568983396,4.40762038264459,-0.00137438421493757,0.0963785338044891,-382.883337449551,-0.0284909057026785,-12.0264328365648,4.40235961138418,0.00930665769450384,0.0932940570610421,-200,0,0,0,0,0,0,1,-74.4692862393171,-0.873683958045027,14.7234599670255,0,0,0
311,-378.361445341843,-0.0621776783777335,-12.0268515904157,4.34209236752922,-0.00223848646064331,0.125866549945367,-378.30567886818,0.0299232551675841,-12.0956933402918,4.34877045394,0.0103330036155209,0.127287885200123,-200,0,0,0,0,0,0,1,-78.2656876576397,-1.09314687188726,11.4625981605714,0,0,0
312,-374.054406830903,-0.064957704681419,-11.8870602017276,4.27200095827342,-0.00332156532489192,0.153752964855569,-374.039282390999,-0.138413623074546,-12.1687059900861,4.2718523646604,0.00460261776742219,0.159646379394492,-200,0,0,0,0,0,0,1,-79.1066716840411,-0.183434530593128,8.37277404072306,0,0,0
313,-369.818322992637,-0.0683659006877567,-11.7205880824211,4.2001817496136,-0.00349482541742204,0.179228848148223,-369.883016054888,-0.105308886106657,-11.8259697258782,4.19566041415622,-0.0186006722758222,0.167098460454441,-200,0,0,0,0,0,0,1,-79.8000093058473,2.07068499979553,6.94209340631224,0,0,0
314,-365.654579297112,-0.0708202527308368,-11.5290854202367,4.12732016572736,-0.00141387764016562,0.203814539502867,-365.576397259822,-0.0215082448609564,-11.6205300168441,4.11049673159758,-0.0159708117459556,0.187173354160543,-200,0,0,0,0,0,0,1,-79.896878640114,1.64009766431747,4.523724617634,0,0,0
315,-361.564105303182,-0.0714089452072167,-11.3140056320007,4.05364127488059,0.00023649394131489,0.226383474442298,-361.529605914218,-0.0994273841284174,-11.278950017437,4.05570281354838,-0.00608806846322011,0.220322479588666,-200,0,0,0,0,0,0,1,-82.5110695264018,0.807661614578846,0.525652076007358,0,0,0
316,-357.549173824849,-0.0707633166675702,-11.0776836910287,3.976233746776,0.0010547633934337,0.246300676990123,-357.53005376317,-0.087717962922578,-10.9366363692074,3.96183323340844,0.00312454198091579,0.271275173450253,-200,0,0,0,0,0,0,1,-81.1232158145048,-0.137018272246423,-5.25424460661053,0,0,0
317,-353.611936557142,-0.0697718497911954,-10.824278297068,3.89824995493781,0.00092817140557705,0.260550626655714,-353.636140585773,0.0903846624885916,-10.8196450463345,3.89782822449626,-0.00935323824973987,0.261360799487491,-200,0,0,0,0,0,0,1,-82.5105412780806,0.754554499996804,-4.49678985608007,0,0,0
318,-349.753179866615,-0.0684610988700704,-10.5559102262002,3.8192732543939,0.00169333094749541,0.276226486997739,-349.855879566103,-0.0594192377646879,-10.6413977836162,3.80787126772996,0.0101346982551143,0.289244269194848,-200,0,0,0,0,0,0,1,-81.07536764079,-0.894631349982055,-7.64163135225241,0,0,0
319,-345.973229518793,-0.067209874859832,-10.2734660940765,3.74063561138859,0.000809118443647073,0.288702533573832,-345.875020504134,0.0677474465611639,-10.2352705195529,3.7464647841529,0.00687539070520597,0.290604280474864,-200,0,0,0,0,0,0,1,-82.896437407021,-0.823033963642925,-8.58988700838071,0,0,0
320,-342.272909807026,-0.0668069478254038,-9.97855942155343,3.66001191518059,-3.26307802665199E-06,0.301152511486314,-342.354822674926,-0.208283438186776,-9.92659369244824,3.68190828365756,0.00261267340061201,0.294137529829773,-200,0,0,0,0,0,0,1,-83.4811830159029,0.15529953631235,-9.56056559808077,0,0,0
321,-338.653629891748,-0.0667271980927441,-9.6714340831977,3.57855573404522,0.00016276354023835,0.313140233597683,-338.670790950273,-0.18284200966709,-9.52634275641697,3.5893692813134,-0.00351676767289862,0.335570517084859,-200,0,0,0,0,0,0,1,-81.5953462307936,0.717360786624042,-14.5043661956519,0,0,0
322,-335.115743161906,-0.0662005135237979,-9.35484024783094,3.49722297511468,0.000890606279301585,0.320089393275849,-335.04918517256,-0.0394283121169028,-9.38292256353536,3.50259931851055,0.0155469227015193,0.322792088918688,-200,0,0,0,0,0,0,1,-80.1615615059353,-1.47583564591813,-13.5133637647981,0,0,0
323,-331.658330054417,-0.0660426763576919,-9.03095219740005,3.41760878336128,-0.000574931186449582,0.327727754291901,-331.797017194699,0.0190801895294191,-9.00695978945719,3.43318771996159,0.0027834296445322,0.328921157423837,-200,0,0,0,0,0,0,1,-79.7247376067617,-0.316503343512058,-14.8781961634693,0,0,0
324,-328.280544273992,-0.0667707390468729,-8.70001863398342,3.33796768078197,-0.000881193257783953,0.334180379822087,-328.328533502041,0.080918025902097,-8.70147495340888,3.32854702748509,-0.00579502124858362,0.318919159190523,-200,0,0,0,0,0,0,1,-76.1976357444271,0.417666073054168,-14.4889660122346,0,0,0
325,-324.980662465947,-0.0674382058544282,-8.36293571779623,3.26180048626737,-0.000453739151198736,0.340024671213992,-324.910938689605,-0.0341771187638121,-8.40232686807588,3.24536775913588,-0.00180806444177389,0.346143711727822,-200,0,0,0,0,0,0,1,-74.7148985343774,0.249160681705013,-17.8097174366305,0,0,0
326,-321.756813403667,-0.0677625676329951,-8.0217052565219,3.18590045438462,-0.000194982857818015,0.342475293019398,-321.677994050433,-0.0247178574240115,-7.97638183752252,3.18653737655647,0.00132258374509653,0.347207796355725,-200,0,0,0,0,0,0,1,-75.2977495547814,-0.0828226596616301,-18.7680159605274,0,0,0
327,-318.609295497529,-0.0679941270698779,-7.67825529869419,3.10913790253464,-0.000268135490379354,0.344464044106257,-318.718358659986,-0.19946129997738,-7.76548188165076,3.10737051760508,0.00297191982007344,0.351313436436353,-200,0,0,0,0,0,0,1,-73.300334440535,0.101730617947416,-19.6003798803338,0,0,0
328,-315.537741015497,-0.0682066918647905,-7.33343615442094,3.03397294600902,-0.000156992082675567,0.3452128154145,-315.571258251223,0.146457964364041,-7.3400477231043,3.04924627484617,0.00145095758525885,0.347278342521362,-200,0,0,0,0,0,0,1,-73.7821109821712,-0.438011687253968,-20.0477388059276,0,0,0
329,-312.54164960027,-0.0685779529354806,-6.9878781181314,2.95821171828692,-0.00058552928482472,0.345942075859174,-312.626856153578,-0.10188508419315,-6.97522925913838,2.95313314423227,0.00692019114156439,0.346256877416089,-200,0,0,0,0,0,0,1,-70.0596021160702,-0.488248945770138,-20.6752292233322,0,0,0
330,-309.619680036803,-0.0694031093421111,-6.64241961562618,2.88572837921879,-0.00106478265116785,0.345012069041181,-309.596616319433,-0.219466783708881,-6.54662239494489,2.88845164700183,0.00502453225340893,0.333007116045154,-200,0,0,0,0,0,0,1,-69.6519320613167,-0.0635196579231305,-20.2074668146256,0,0,0
331,-306.769917874544,-0.0704951805969052,-6.29763227055591,2.81379713275782,-0.00111935888145803,0.34459943260001,-306.690742203321,-0.168031244386739,-6.25263520322826,2.81739115613636,0.0136445472747393,0.345138055423977,-200,0,0,0,0,0,0,1,-68.3576312069946,-1.02839223870045,-22.0085351359411,0,0,0
332,-303.99179437844,-0.0721243479111937,-5.95421778355663,2.74245005622547,-0.00213897505921711,0.342266011648354,-304.084336955188,-0.0508352006193561,-5.98857845482406,2.75793387923144,-0.0205611093289329,0.330037374533598,-200,0,0,0,0,0,0,1,-67.6247140127683,2.157781334132,-21.0265805437117,0,0,0
333,-301.28450103065,-0.0731800914644112,-5.6126972532118,2.67213723569989,2.74886224739077E-05,0.34081095880001,-301.222096077529,-0.0514930557760136,-5.60827562426216,2.6767531938232,0.00363642926374384,0.342231623087673,-200,0,0,0,0,0,0,1,-65.231127227261,-0.260656814822357,-23.006611060243,0,0,0
334,-298.646749422151,-0.0732787446586697,-5.27387331129892,2.60336531138393,-0.000224794624915781,0.336872020502795,-298.720541678026,-0.0520617729783318,-5.20516895717312,2.60149192138465,0.00410504384989367,0.347344657061633,-200,0,0,0,0,0,0,1,-62.7081087824133,-0.306380839032703,-24.3241277918171,0,0,0
335,-296.076825688399,-0.0736527058558741,-4.93994630392174,2.53648050536825,-0.000523126960792427,0.331016105887914,-296.225267690955,-0.0262609519262533,-4.93047913701066,2.51527209605912,-0.0149576032239969,0.324521560807971,-200,0,0,0,0,0,0,1,-59.0766742240009,1.5482822262522,-22.5911978067758,0,0,0
336,-293.571786403907,-0.0733979008956895,-4.61160853859964,2.47359664480533,0.00103273783981281,0.3256915084934,-293.583033827797,-0.00985272270031053,-4.60906978665244,2.47359003562196,0.0102650268009367,0.314539096041547,-200,0,0,0,0,0,0,1,-60.1929359066029,-1.00679723469304,-22.2357700308498,0,0,0
337,-291.13009346995,-0.0728646988783398,-4.28813414130342,2.40978822802955,3.36668966113527E-05,0.321289774007857,-291.046264750477,-0.134082105467907,-4.1990719103789,2.40214651264287,-0.000665080691699629,0.334925977478387,-200,0,0,0,0,0,0,1,-58.1221217633332,0.334672280105777,-25.0944539270809,0,0,0
338,-288.751755472946,-0.0726599671056377,-3.97066902976813,2.34688515462397,0.000375797679637305,0.313672446061437,-288.820693620255,-0.144976757272396,-3.96849004128527,2.32171433148489,-0.0139013392437662,0.30112246656677,-200,0,0,0,0,0,0,1,-54.5300459079787,1.68008743892141,-22.1752665741065,0,0,0
339,-286.434128514212,-0.0714406268374602,-3.66000602089247,2.28836692552555,0.00206288340472916,0.307683352336721,-286.4341323641,-0.103602019883726,-3.80079613730568,2.29873580915034,-0.00189908663936512,0.310098108914786,-200,0,0,0,0,0,0,1,-57.0053161868342,0.397112703703964,-23.4082186168673,0,0,0
340,-284.176401776061,-0.0691755294636555,-3.35537358461251,2.22708464819626,0.00246731195229225,0.301612625249609,-284.283691984712,-0.0321480128069688,-3.38868795443201,2.23634232839204,0.000857039535402429,0.293491419558008,-200,0,0,0,0,0,0,1,-55.0668488697804,-0.0214079279263053,-22.5717660469368,0,0,0
341,-281.978908171403,-0.0667153884494599,-3.05667742449104,2.16790076388934,0.00245297111838387,0.295809722215095,-282.076455078196,0.000537986565537274,-3.15346213251983,2.16927802114801,0.0237614680660422,0.29179581388953,-200,0,0,0,0,0,0,1,-52.7748919584094,-2.37722277973529,-22.8726571239134,0,0,0
342,-279.839589535697,-0.0654476430376273,-2.7642480738486,2.11073422587782,8.25206367059449E-05,0.289077965307606,-280.061141346565,-0.100818432071802,-2.76458691105863,2.08456135393786,-0.00622631114190363,0.284780731989844,-200,0,0,0,0,0,0,1,-48.3338527006562,0.824267978333966,-22.9488993768671,0,0,0
343,-277.755387837841,-0.0649498879077894,-2.47930281307678,2.05766612398117,0.00091298990381183,0.280839483361448,-277.689337538878,-0.206521155583209,-2.31473653585783,2.0561839374837,-0.00625984564977984,0.282393635447175,-200,0,0,0,0,0,0,1,-50.2397186706141,1.0390268761444,-23.6098904730018,0,0,0
344,-275.725271220967,-0.0635141622559615,-2.20247750695488,2.00256415817601,0.00195846272411039,0.272839014880645,-275.589372588443,0.162583174864173,-2.03906671838671,2.00096050204775,0.00217550417277738,0.276922430341276,-200,0,0,0,0,0,0,1,-48.9173050278899,-0.542716767006083,-23.6141095973542,0,0,0
345,-273.749650318173,-0.0618239196696218,-1.93381148999022,1.94867451896891,0.0014220219089607,0.264520267498788,-274.02205073483,-0.0603756383552305,-2.0868828979916,1.95343188990005,0.0188521606799876,0.257610863508441,-200,0,0,0,0,0,0,1,-47.2990875203449,-1.7644647912883,-21.5873205548609,0,0,0
346,-271.826805521616,-0.0612810962055454,-1.67273392448048,1.89701263837154,-0.000336373856090858,0.257660974870616,-271.945105497592,-0.095708696945526,-1.68862678383894,1.89911332274313,-0.0112061920043825,0.249254038191213,-200,0,0,0,0,0,0,1,-46.0211212791278,1.31203659432931,-21.5481502514434,0,0,0
347,-269.955027764234,-0.0609584997383257,-1.41865279235251,1.84654028503936,0.000981567463889589,0.250526779551904,-269.822136382272,0.13153953657306,-1.37134306009558,1.87598790322518,0.00985863141606758,0.24776584814845,-200,0,0,0,0,0,0,1,-47.9545175579736,-1.24894221475288,-22.0338986946538,0,0,0
348,-268.134718686689,-0.0605983271281517,-1.17150105501507,1.79407545687696,-0.000261221710697838,0.243803118621949,-268.099124929304,-0.0315272520528952,-1.24505705820001,1.7880650980334,-0.00043924579289704,0.248359329674831,-200,0,0,0,0,0,0,1,-42.6082599447321,0.106979083395494,-22.3458188510831,0,0,0
349,-266.364452661997,-0.0608033269376879,-0.932120929705494,1.746453132198,-0.000148777080809647,0.234981144234257,-266.341205939421,-0.0225153340070324,-0.974398107657837,1.73416913711562,0.00302765168371894,0.236354701432736,-200,0,0,0,0,0,0,1,-40.7345018327191,-0.25773450035783,-21.6866739279579,0,0,0
350,-264.640826913085,-0.0610783573921832,-0.701529415244026,1.70079492155591,-0.000401286556688349,0.226224894148618,-264.478654119464,-0.0221374717700115,-0.776848314982975,1.6971278500129,-0.00481928831628269,0.214550969566417,-200,0,0,0,0,0,0,1,-40.7554767623615,0.526203775168292,-19.9014003266757,0,0,0
351,-262.962549789424,-0.061213926887383,-0.47879171939081,1.65575674647924,0.000130145903469812,0.219273168053422,-262.971281635807,-0.0377464529194329,-0.657924946866168,1.65096996954992,-0.00115618074150648,0.220324895420091,-200,0,0,0,0,0,0,1,-39.1544336833782,0.191110979989513,-20.7166396482767,0,0,0
352,-261.32872576035,-0.0609857137255511,-0.263612714160336,1.61188812181263,0.000326279297157173,0.211106906645014,-261.248015165498,-0.167631416230191,0.0469720020858469,1.6129892281559,0.00903034501958275,0.212412582178668,-200,0,0,0,0,0,0,1,-38.8028924845943,-0.567771669497893,-21.3352022220385,0,0,0
353,-259.73873146266,-0.0609408309857503,-0.0568862017957978,1.56809698808894,-0.000236515485781068,0.202368109930484,-259.633525609971,-0.162333254658465,-0.00746282452232296,1.54704914320627,0.00426346311517159,0.214773149262714,-200,0,0,0,0,0,0,1,-35.4378631006845,-0.101679802200228,-21.4623892772268,0,0,0
354,-258.191000535586,-0.0612259137694972,0.14048263375146,1.52736076061581,-0.000333651077929175,0.192390028156952,-258.081640157131,-0.0788171019185747,0.143405733283838,1.5406799542152,0.00471623268313931,0.18527466222399,-200,0,0,0,0,0,0,1,-37.9047151072584,-0.313989064476782,-18.8142776889667,0,0,0
355,-256.684668955707,-0.0617141270862645,0.329623231501498,1.48529998337,-0.00064277735585894,0.185912239606717,-256.739617793637,-0.210740985102595,0.293293585072145,1.46813885539558,-0.00899350160825569,0.175877110622597,-200,0,0,0,0,0,0,1,-33.3346499522849,1.32083213103076,-18.174298232404,0,0,0
356,-255.218166231115,-0.0616943495660159,0.511791988681512,1.4477025548408,0.000682330372282047,0.178444147548224,-255.355251092988,-0.107086878444769,0.54420927053493,1.46196555721896,0.0117647260400332,0.174358144301475,-200,0,0,0,0,0,0,1,-35.48605353592,-0.962298847113783,-18.5242329712173,0,0,0
357,-253.790332682753,-0.0614908910693331,0.686790088839237,1.40796190617608,-0.00027541646082216,0.171571935721435,-253.91386871186,-0.0756766626216229,0.731715600760089,1.39384166157007,0.00447170831111058,0.173091754036794,-200,0,0,0,0,0,0,1,-31.556428733286,-0.295817505867812,-18.7726066051996,0,0,0
358,-252.400473264916,-0.0619121923116411,0.854122609359816,1.37175350689584,-0.000567187286999262,0.163111238460183,-252.575103117813,-0.0584829962752,0.880500276263933,1.34897747298206,-0.00471142008668337,0.14528856260788,-200,0,0,0,0,0,0,1,-29.7475410625796,0.588108001218738,-16.2898568133159,0,0,0
359,-251.045527207573,-0.0621834169293383,1.01385837425623,1.33813601171569,2.47361857507956E-05,0.156377136037571,-251.027494410909,-0.0379932461295353,1.08118506548842,1.33295084686118,0.00108712997443427,0.160318467125978,-200,0,0,0,0,0,0,1,-31.2400958643012,-0.0327265051843564,-18.1942168435746,0,0,0
360,-249.72525685367,-0.0621730397151329,1.16631039029086,1.30240155463164,-3.98399809400086E-06,0.148544740493557,-249.650813691118,-0.121732905084531,1.14936680024466,1.31804279120193,-0.0110564649837369,0.148013819328687,-200,0,0,0,0,0,0,1,-32.502651737956,1.34911230854275,-17.100115533358,0,0,0
361,-248.441107728385,-0.0615003819016399,1.31172868013137,1.2658943163984,0.00134929752855448,0.142310026771443,-248.287192766873,0.0819124685093979,1.35710164286977,1.2627250772665,-0.00665352335190278,0.159075160586419,-200,0,0,0,0,0,0,1,-29.6981221929048,0.501527398171483,-18.6217193443814,0,0,0
362,-247.192463884744,-0.0598984161008971,1.44973116916898,1.23138983117252,0.00185463278175622,0.133712138229071,-247.217964850379,-0.403274184195815,1.38574254150411,1.23304747222333,-0.00172489025157422,0.140109367416183,-200,0,0,0,0,0,0,1,-28.8688175215736,0.979037393549053,-16.7824218246265,0,0,0
363,-245.977602040332,-0.057552412741023,1.57988037313958,1.19833102915185,0.00283737241051681,0.126602729111641,-246.120978475348,-0.0269857251371006,1.74309801027717,1.20297818846663,0.0192466309090081,0.129187514193545,-200,0,0,0,0,0,0,1,-28.0558618959677,-1.8706916406266,-16.4049474399089,0,0,0
364,-244.79535989914,-0.0556485863355475,1.70298926881029,1.16615048127869,0.000970278720694292,0.119631070377791,-244.724458934616,0.0275621553002595,1.50035009815453,1.15812251551303,-0.0194432154322513,0.111718477025608,-200,0,0,0,0,0,0,1,-26.3633336820708,1.88919723262461,-14.1725478988699,0,0,0
365,-243.644098034276,-0.0537320172645962,1.81988292336511,1.13637119659919,0.00286285749513232,0.114171059822713,-243.857361045072,-0.0805042397130496,1.8130630342731,1.13118456039254,-0.0131225963161494,0.119083839567229,-200,0,0,0,0,0,0,1,-25.4037339491099,1.47326811104104,-15.5345100252691,0,0,0
366,-242.522438971068,-0.0501308957121319,1.93054826144747,1.10694412615474,0.00433938304069148,0.107174244297906,-242.652835714209,0.168904782178021,1.9760721323877,1.10637341131948,0.0175384428519391,0.0911123228473569,-200,0,0,0,0,0,0,1,-25.3316697035305,-2.09165384954995,-13.0633765495111,0,0,0
367,-241.429708328672,-0.0468357133092479,2.03538795649721,1.0785154722257,0.0022509787314093,0.102519263112801,-241.39830390317,-0.142197624083175,2.09090929483816,1.07465447029725,0.00997242819373353,0.095567368546709,-200,0,0,0,0,0,0,1,-24.668839223386,-0.712847571207003,-13.7385554443472,0,0,0
368,-240.365235162238,-0.0449395750244629,2.13517591190625,1.05042878329937,0.00154129511636832,0.0970705813778758,-240.290000131866,-0.190328778853433,2.32981279085465,1.04224791294634,0.00995567225509637,0.0996114087483881,-200,0,0,0,0,0,0,1,-23.6447910309022,-0.614909667802772,-14.6207664565481,0,0,0
369,-239.328552421786,-0.0437042171427242,2.22895260539718,1.0229340683306,0.000929417271849857,0.0904964264566778,-239.360066062959,0.0800374635204811,2.16649561241117,1.01457216220377,0.00132126653301754,0.0996876685665814,-200,0,0,0,0,0,0,1,-22.7370840944596,-0.292201580342716,-14.3017580814805,0,0,0
370,-238.318892009274,-0.0429194418997167,2.31616780081931,0.9963841300119,0.000640130989969815,0.083947109125886,-238.279947330279,-0.189783943291195,2.34192844937552,0.990964953536634,-0.00425716608918555,0.0851104671228619,-200,0,0,0,0,0,0,1,-22.5366006931049,0.805284495500944,-13.1949036110372,0,0,0
371,-237.335482639232,-0.0418752227624325,2.39734452912085,0.970432465460251,0.0014483055991904,0.0784191826133321,-237.435807126035,-0.103794764811631,2.41672371585146,0.978728496110936,-0.000470777762221568,0.0653725693093422,-200,0,0,0,0,0,0,1,-23.0012353590245,0.254667305845419,-11.3707043626371,0,0,0
372,-236.377891549092,-0.0402981069589161,2.47396261443325,0.944748492854431,0.00170592374481344,0.0748296710792288,-236.157247068819,0.034370775901853,2.43848859461691,0.945887282633403,0.00604643716490873,0.0777834463997518,-200,0,0,0,0,0,0,1,-22.2742341257015,-0.67338526829458,-12.655321829209,0,0,0
373,-235.445903075324,-0.038927446274638,2.54629613706829,0.919226556297716,0.00103539517414633,0.0698499594164692,-235.223622656488,0.0505439556806509,2.49609238369527,0.928040341113735,0.00141968006779803,0.0667546188033026,-200,0,0,0,0,0,0,1,-22.3567887983979,-0.243055918141105,-11.6676466477208,0,0,0
374,-234.539287695358,-0.0380121440763298,2.61415854369501,0.894002784033646,0.000795207091737546,0.0658872755271855,-234.699500844059,0.0106687191609496,2.82024814873316,0.882411790218514,-0.0166991595024731,0.0659278173701972,-200,0,0,0,0,0,0,1,-18.8421773337329,1.64857851192541,-12.233278034486,0,0,0
375,-233.656393092296,-0.0363914390342145,2.67714854334132,0.87178412095926,0.00244620127836288,0.0601036848453392,-233.702478343855,-0.0741731253642276,2.72284088736074,0.857548908308274,0.00793625340027936,0.0475697168357574,-200,0,0,0,0,0,0,1,-18.3499341431171,-0.645279089299481,-10.2026534582972,0,0,0
376,-232.795100126752,-0.0342667002207263,2.73522573403627,0.850800335119026,0.00180327570376025,0.0560610476664442,-232.923979433112,-0.0102666995603592,2.63493516052173,0.856712460967897,0.00803041720140281,0.0438690730444827,-200,0,0,0,0,0,0,1,-19.8232872305665,-0.782508321019562,-9.65677762549174,0,0,0
377,-231.95536581462,-0.0328534060435595,2.7898314985465,0.828667351421762,0.00102331060856752,0.0531613569968475,-231.934029668537,0.0565202882880209,2.78944140426343,0.836351547729422,-0.0129342272862215,0.0460346967697021,-200,0,0,0,0,0,0,1,-19.7670954358679,1.18038215204611,-10.1823524854971,0,0,0
378,-231.137844701363,-0.0312386354065616,2.84131750153897,0.806373720850419,0.0022062284619179,0.0498215902039879,-231.030386202249,0.00927538081066614,2.94745572213263,0.814554756932658,-0.0158119496565137,0.0600987999935644,-200,0,0,0,0,0,0,1,-19.3947032887669,1.56264420403004,-11.9047914436217,0,0,0
379,-230.342789047707,-0.0282498408988492,2.888631667452,0.783735628449645,0.00377135955736346,0.0448178296614632,-230.439436991348,-0.0143791682309435,2.87552273260352,0.790045338926354,-0.0110382264817235,0.0398923015174739,-200,0,0,0,0,0,0,1,-18.1256599099401,1.13258098463424,-9.74027561695442,0,0,0
380,-229.569366870982,-0.0239110272821736,2.93171883480722,0.763107501672081,0.00490626546378983,0.0413666154030511,-229.571501485246,-0.147066499415153,2.95431532372681,0.773128073501169,0.00484116782837628,0.0165400231785827,-200,0,0,0,0,0,0,1,-18.169804379625,-0.189983784007321,-7.56263296531189,0,0,0
381,-228.81616567203,-0.0190985867860894,2.9723937011018,0.743294656154547,0.00471861346889472,0.0399928202139793,-228.920709218533,0.142263048838964,3.09313906947003,0.731060346197088,0.000356158188856683,0.0424084486311372,-200,0,0,0,0,0,0,1,-15.2646161826433,-0.320141916563595,-10.4271230020538,0,0,0
382,-228.082013130428,-0.0145390648326745,3.00983277373708,0.725008404320293,0.00440042829707829,0.0348942852922444,-228.016584425492,0.123974076393035,2.85123328532426,0.710137128119954,0.00690041948729222,0.0207644591752794,-200,0,0,0,0,0,0,1,-14.980543961011,-0.937990101515292,-7.77891248817646,0,0,0
383,-227.365495979694,-0.0106066696173202,3.04335857829424,0.70802499805743,0.00346435986293671,0.0321656474223899,-227.401660757574,0.0570584509261242,3.05327498430339,0.710045529250806,-0.00392648959504693,0.0272963472077983,-200,0,0,0,0,0,0,1,-16.2012314099318,0.278532057652444,-8.83618468938661,0,0,0
384,-226.66673533369,-0.00700200378288024,3.0739391427356,0.689495181455494,0.00374496994131536,0.0290045270721607,-226.502672124895,-0.0546096989536195,3.10096391321507,0.685118931210114,0.0209745656698807,0.0281448742761778,-200,0,0,0,0,0,0,1,-15.5065488712211,-1.98823716908083,-9.01641525404792,0,0,0
385,-225.986225543535,-0.00425015730668991,3.10116440814375,0.671523095821518,0.00175872140474911,0.0254547701542132,-225.938013716875,0.211603506222608,3.03206744936973,0.661881470770345,0.0274536877639803,0.0232392168604547,-200,0,0,0,0,0,0,1,-14.3121196432853,-3.16857578884325,-8.38805658478493,0,0,0
386,-225.323018764511,-0.00407480534926495,3.12491504521341,0.654889223781839,-0.00140801895937668,0.0220546190335349,-225.463903191458,0.162648183994503,3.13065990489276,0.649051069205277,-0.00736727866414239,0.0103818865484191,-200,0,0,0,0,0,0,1,-13.977300537612,0.411431498425233,-7.29950846462743,0,0,0
387,-224.676077636881,-0.00527621119539475,3.14572115598336,0.638992217918955,-0.000994794519086324,0.0195653500431075,-224.89509857136,-0.00189122741239155,3.16991062034235,0.637070437101105,0.00236568623945801,0.00911797902005518,-200,0,0,0,0,0,0,1,-13.9168465673915,-0.232786169121018,-7.25161914269022,0,0,0
388,-224.044998678788,-0.00638650498605825,3.16407103075054,0.623164911132644,-0.00122579548403802,0.0171421049409968,-224.101127040891,0.0504972205243237,3.19917999180558,0.626119760562865,-0.011062854930787,0.0216404741118764,-200,0,0,0,0,0,0,1,-14.4097219745055,1.00529105203005,-8.5624073947988,0,0,0
389,-223.430238948564,-0.00710872987569836,3.17952021325675,0.6063533050543,-0.000218656591884524,0.0137644186689362,-223.375071938385,0.047033405990094,3.13860135297566,0.62549021099914,-0.00833167651393084,0.00774440963543861,-200,0,0,0,0,0,0,1,-15.7988772231433,0.739100839412896,-7.05164366949517,0,0,0
390,-222.83262495044,-0.00695682156067199,3.19258772453492,0.588874384669045,0.000522471501386606,0.0123790658983874,-222.843402373905,0.0294154538676604,3.37574106278585,0.587459076579561,0.00920446937028807,0.00573726093988053,-200,0,0,0,0,0,0,1,-13.0591029101459,-0.979277844764128,-7.32520821955976,0,0,0
391,-222.251293543555,-0.00692315021973633,3.20361584351236,0.573787495842388,-0.000455131441016543,0.00968448672769215,-222.348218907118,-0.269223522687673,3.13852828562203,0.584093937480108,-0.00045330284307919,0.00548981239154658,-200,0,0,0,0,0,0,1,-13.7129559337743,0.583777329683265,-6.82603781039871,0,0,0
392,-221.685249342221,-0.00708551255928524,3.21233200796176,0.55830033049883,0.000130405100632138,0.00775533416056406,-221.577040888854,-0.0723055943760963,3.07908485802054,0.570849229994101,-0.0140511307345181,0.0141032490514764,-200,0,0,0,0,0,0,1,-13.9308412217013,1.549724262204,-7.56849462118873,0,0,0
393,-221.134944388209,-0.00617935073345639,3.21884655488419,0.542308737184346,0.00168191617326532,0.00528147671138449,-221.065176226278,-0.0359563128101795,3.1318166818697,0.545187853371562,0.00830790226853066,0.0112542120729929,-200,0,0,0,0,0,0,1,-12.3884328845997,-0.758877601232707,-7.38905457103868,0,0,0
394,-220.59989279361,-0.00487607808265812,3.22267829752536,0.527793409442188,0.000924627211200554,0.00238901655649143,-220.515173853549,-0.141756710686104,2.98083307507526,0.508853774221477,0.00903323930094856,0.0195349202015986,-200,0,0,0,0,0,0,1,-9.85502971505034,-0.619810508722649,-7.91515817031039,0,0,0
395,-220.07831061106,-0.0042607238606572,3.22288145602831,0.515369214797744,0.000306079365052988,-0.00197668886992503,-220.004131354356,0.0930810252764741,3.24529231870012,0.495272894349567,-0.000500376291405962,0.0332419255999998,-200,0,0,0,0,0,0,1,-9.51902672624441,-0.136124421412352,-9.81477719740022,0,0,0
396,-219.569392984188,-0.00402209635783759,3.21780147848929,0.502463430081691,0.000171173375998505,-0.00817704249592074,-219.659603607218,-0.205361870183603,3.25781186773753,0.497000462266913,-0.00944592573132466,-2.8878621077805E-05,-200,0,0,0,0,0,0,1,-10.3808390122551,1.35531631349967,-6.51273587336728,0,0,0
397,-219.073105235769,-0.00317259862781919,3.20822236735392,0.490111057409026,0.00152782069498639,-0.0109752264476241,-219.077343333783,0.132901127656713,3.174213177852,0.476490666866695,0.00662943477655281,-0.0179967856003885,-200,0,0,0,0,0,0,1,-9.4943800191031,-0.928745732968707,-4.54874779566514,0,0,0
398,-218.588365573688,-0.00210854119563145,3.19657628956655,0.47936794153252,0.000600293087017966,-0.0123117432289333,-218.65366231209,0.233804840143927,3.10654972704983,0.480860900534119,0.00152030053934916,-0.0281493230556998,-200,0,0,0,0,0,0,1,-10.7787654292315,-0.619639734222771,-3.39816714852968,0,0,0
399,-218.114718486743,-0.00181737505866433,3.18439785726609,0.467926659826918,-1.79627805835134E-05,-0.0120396146374269,-217.989544169562,0.10510246628604,3.16107469043697,0.4688020301563,-0.00671000078832153,-0.0184012137880796,-200,0,0,0,0,0,0,1,-10.9011146765056,0.460795146260073,-4.48202800206598,0,0,0
400,-217.652790577758,-0.0016042397158239,3.17203957618192,0.455929154061878,0.000444231369971723,-0.0126711911257766,-217.506738964125,-0.122490239673231,3.10450062603942,0.47018940001575,-0.0161351662393902,-0.0317024109146816,-200,0,0,0,0,0,0,1,-12.0054620733241,1.85849710328549,-3.03876016061067,0,0,0
401,-217.203064669298,-0.000229987791142521,3.15995227903826,0.443523498857589,0.00230427021717999,-0.0114974667304941,-217.152968658715,0.0710263386613423,3.19210396491252,0.440095711446827,-0.00742734238138704,-0.016083665110628,-200,0,0,0,0,0,0,1,-9.70363382725297,0.60068156081602,-4.77584141876223,0,0,0
402,-216.765054099786,0.00237524653874707,3.1477893557684,0.432497299908458,0.00290619666856905,-0.0128230954974863,-216.699872426897,0.0120883461455813,3.11708019407456,0.430818830123495,0.00448294551123934,-0.00947766572256794,-200,0,0,0,0,0,0,1,-9.68213815855538,-0.472471243415097,-5.28639381589233,0,0,0
403,-216.338166971506,0.00504582947999041,3.13407996748482,0.421276405012634,0.00243496728271072,-0.0145903153407027,-216.290027511048,-0.0280731194434352,3.07315543163197,0.419136823947287,-0.0063721283811997,-0.0211522131055258,-200,0,0,0,0,0,0,1,-9.33362737263273,0.69335907700684,-4.03108955271136,0,0,0
404,-215.922082843032,0.00782807666509139,3.11911777113206,0.41089177886628,0.00312952408986566,-0.0153291113550426,-215.805915434373,0.0187757165519615,3.06349370665864,0.398200954354147,0.0116402732347026,-0.00722417880386077,-200,0,0,0,0,0,0,1,-8.20826456666961,-1.20157875657418,-5.4045695329312,0,0,0
405,-215.516158332617,0.0103573387022077,3.10257298175929,0.40095637518795,0.00192899765861619,-0.0177557200833142,-215.390372630458,0.148288664456443,2.9287432434219,0.398577312507084,0.0150924115491458,-0.0204056169737706,-200,0,0,0,0,0,0,1,-9.07698598979209,-1.80581848382747,-3.81692478946675,0,0,0
406,-215.120235089467,0.0113840104101542,3.084518519854,0.390890097934556,0.000124344046755095,-0.0183484022506451,-215.202192322387,0.0811674424792315,3.05968386481498,0.384434116522694,-0.014770245342166,-0.00519109268109812,-200,0,0,0,0,0,0,1,-8.03902700749456,1.31468964925813,-5.60025846152015,0,0,0
407,-214.734279680759,0.01216621541131,3.06485868319205,0.38101975680367,0.00144006413123256,-0.0209665681140588,-214.663512983843,-0.0540006734965953,3.18434004154897,0.379166233508102,0.00163648493798501,-0.0291394007633813,-200,0,0,0,0,0,0,1,-8.58959738312391,-0.0556471468053099,-3.45474000675981,0,0,0
408,-214.357997760802,0.013579008244475,3.04368416473817,0.371544146513955,0.00138551938090356,-0.021377959933914,-214.251301078319,0.0110977454612418,3.17152055629592,0.373184542281452,-0.00102061692946293,-0.0342248372950997,-200,0,0,0,0,0,0,1,-8.81585207150754,0.0798662020238096,-2.92055738308188,0,0,0
409,-213.991181714302,0.0150050277663164,3.02240167991501,0.362088288607441,0.00146651735126435,-0.021182514876744,-213.891981565514,-0.0212209725165376,3.0133815314177,0.362468422558129,-0.000850096077891121,-0.0270455027882245,-200,0,0,0,0,0,0,1,-8.46287912478564,0.127451552822187,-3.32221278401295,0,0,0
410,-213.633744945182,0.0165358150163749,3.00107165793209,0.352785361122133,0.00159505508253745,-0.0214731140954713,-213.857823447699,0.107408857627381,3.10662674825873,0.341026826100103,-0.0027583440332934,-0.00446962833839899,-200,0,0,0,0,0,0,1,-6.38703571461188,0.0610166880745769,-5.76629066267756,0,0,0
411,-213.285185121461,0.0181617886245056,2.97791848654776,0.344332968760684,0.0016568897531247,-0.024829216223878,-213.375568234099,-0.0341997911478112,3.14293188552024,0.339360992529455,0.00198752443961056,-0.0458791446500401,-200,0,0,0,0,0,0,1,-7.18496278474844,-0.130352861665433,-1.69794930603647,0,0,0
412,-212.94458356024,0.0197539642492928,2.95343344635443,0.336870715821206,0.00152745966480738,-0.0241373178342703,-212.842584090632,0.0444301080264984,3.01583445298736,0.315893269924998,-0.00547157621160038,-0.0238239856976619,-200,0,0,0,0,0,0,1,-5.90415881123596,0.458297405107041,-3.64927033620852,0,0,0
413,-212.611275543567,0.0215109522182282,2.92849587097709,0.329744811552539,0.00198651412169119,-0.0257344507066024,-212.678368602715,0.00351169170303628,2.91637102918254,0.334911745286961,0.00478609982531156,-0.0265635808822541,-200,0,0,0,0,0,0,1,-8.13443732326588,-0.485633365937228,-3.17638397013967,0,0,0
414,-212.286004464712,0.0232551727301252,2.90265859752143,0.320797486533187,0.00150192479047577,-0.0259358748357343,-212.33806762991,-0.106876866231399,2.87529505592049,0.3135588715861,0.00777014807658183,-0.0463144579880876,-200,0,0,0,0,0,0,1,-6.67975189879044,-0.563261075195385,-1.11914431303222,0,0,0
415,-211.968584652556,0.0244758968801038,2.87725437294598,0.314042860768537,0.000939521855013734,-0.024869375506477,-212.01869289916,0.093850879473082,2.72860696902294,0.302410604311464,0.00837150613321076,-0.0261466871095382,-200,0,0,0,0,0,0,1,-6.20367463282719,-1.02485237226724,-2.84254522709206,0,0,0
416,-211.658069032966,0.0249033913311899,2.85204525209282,0.306988287076591,-8.45345134282542E-05,-0.0255455412606016,-211.803105862602,-0.0627215618403942,2.99875670428657,0.284284762186378,0.0077663493448319,-0.0357206524803283,-200,0,0,0,0,0,0,1,-4.8222644934344,-0.651191810802401,-2.4254481605403,0,0,0
417,-211.353894591903,0.0244935714955285,2.82606374374749,0.301360416063419,-0.000735107688809772,-0.026414809131618,-211.388471257534,0.055662858937688,2.71943107675615,0.301888635338968,-0.00762775912958873,-0.0294581682280096,-200,0,0,0,0,0,0,1,-7.41192101882928,0.651450195083497,-2.49304533071135,0,0,0
418,-211.056533394463,0.0240846655996852,2.79974412121586,0.293362288839813,-8.27059765860844E-05,-0.0262206773825105,-210.908217444812,0.109654617470661,2.68573118800431,0.299217783663546,0.000960017821363808,-0.0163958340735565,-200,0,0,0,0,0,0,1,-8.10534347672972,-0.315311017077702,-3.73187896865297,0,0,0
419,-210.767748139284,0.0238448255254092,2.77321882267995,0.284208158385539,-0.000396976998986903,-0.026825633699271,-210.912396240623,-0.0804440695917894,2.80797738014807,0.284036226369396,-0.00813882171560142,-0.0264129056106367,-200,0,0,0,0,0,0,1,-6.57883015569453,0.974770310743721,-2.97466419923247,0,0,0
420,-210.487265253328,0.0239356565500494,2.74611564371594,0.276757573078103,0.000578637462299508,-0.0273772272212261,-210.610941964356,-0.00255678332509254,2.64328091030362,0.28942437868625,0.00607949049602978,-0.0169858286638169,-200,0,0,0,0,0,0,1,-7.72055393991385,-0.602835482952793,-3.58797895422555,0,0,0
421,-210.214880433361,0.0242133727384074,2.71844012102146,0.268012002571928,-2.32074137542899E-05,-0.0279697344396728,-210.164462238673,0.0760004443271974,2.90888933725974,0.269748605717943,0.00737335161803127,-0.0323590484768397,-200,0,0,0,0,0,0,1,-6.64593609444829,-0.889336050457522,-2.58187382683552,0,0,0
422,-209.950539742742,0.023745924817829,2.69040671049485,0.260669526910921,-0.000911690460329273,-0.0280936551060014,-210.009780731722,-0.000812589169645914,2.65861323128059,0.265062630966217,0.00078335535122452,-0.0274240886725535,-200,0,0,0,0,0,0,1,-6.48670163317814,-0.0767103567831602,-2.57481759530582,0,0,0
423,-209.693467706054,0.0227962963541195,2.66222845249453,0.253474671701591,-0.000987568290606499,-0.0282595031154869,-209.637357153259,-0.0561973469054846,2.65048237542947,0.229970212765252,0.00157130894972916,-0.0174506342987014,-200,0,0,0,0,0,0,1,-3.72230697000782,-0.0447362011619466,-3.5559013209888,0,0,0
424,-209.442556246673,0.0217865993668876,2.63285415879676,0.248347422044691,-0.00103182788468961,-0.0304866835516455,-209.407629828089,-0.0455835624918506,2.69477501420445,0.253339475159534,0.00397935773425876,-0.0368334435345385,-200,0,0,0,0,0,0,1,-6.5186878597751,-0.306768648442175,-1.70620567495505,0,0,0
425,-209.19763363099,0.0206018066573267,2.60269942277041,0.241498312899261,-0.00133775941541209,-0.0298196002053106,-209.118076883427,0.0201723829617475,2.4862859146139,0.248987703815495,-0.0248836363629806,-0.0457134122431244,-200,0,0,0,0,0,0,1,-6.66261661469548,2.44801887037457,-0.40123060491536,0,0,0
426,-208.959339904726,0.0204884858753522,2.57384024920021,0.235090216469404,0.00111111575911868,-0.0278957648702298,-208.767447447483,0.000593903460818626,2.55350045422664,0.242999100989774,0.00555547301950288,-0.0515685303455577,-200,0,0,0,0,0,0,1,-6.76501520401059,-0.556735108871925,0.0498521261024933,0,0,0
427,-208.727399183535,0.0213216701943204,2.54713928690633,0.228792514106911,0.000555250386118184,-0.0255032329551108,-208.620530049487,0.217355704581583,2.36556430486312,0.226261599476593,-0.00165764557405746,-0.0148838891991598,-200,0,0,0,0,0,0,1,-5.38509984868526,-0.26894685175742,-3.24273968981026,0,0,0
428,-208.501849067928,0.0217427933245435,2.52105722291584,0.222307373498821,0.000286994076766784,-0.0266578881075531,-208.313417697808,-0.00736657188507392,2.55109329662078,0.222661178429503,0.0180917940134474,-0.0159241829093796,-200,0,0,0,0,0,0,1,-5.63928244733423,-1.7944462575746,-3.5097683023036,0,0,0
429,-208.282957858837,0.0211329266211465,2.49376497810296,0.215474648763978,-0.00150672908863131,-0.0279234397373812,-208.048110547394,-0.00904130988078358,2.26710519678126,0.21752145317245,-0.00211857248335368,-0.0328948532055463,-200,0,0,0,0,0,0,1,-5.65592422245732,0.229939868096935,-1.24472507300789,0,0,0
430,-208.07041233471,0.0197415305996835,2.46623857721749,0.209616943951475,-0.00127606277509331,-0.0271266477549408,-208.017478882462,0.193006644502764,2.38262432337832,0.206441832410458,0.0052078027863061,-0.0340267978580287,-200,0,0,0,0,0,0,1,-4.60922547612093,-0.906793567636138,-1.36256886095376,0,0,0
431,-207.863278415197,0.018012367778464,2.43923472754409,0.204651186235432,-0.00218226451785937,-0.02687875304736,-207.859600663828,-0.179695338406738,2.45442002512294,0.19739108069331,-0.0132958561636761,-0.0101309743591008,-200,0,0,0,0,0,0,1,-4.01990674167596,1.68897629318108,-3.89574261433579,0,0,0
432,-207.661400869595,0.0166748498805085,2.41121830975667,0.199103043113933,-0.000492773558123921,-0.0291515224797281,-208.01878007155,0.00619672055682682,2.4162198760506,0.201312942775886,0.00528596456640924,-0.0226659161339828,-200,0,0,0,0,0,0,1,-4.09373413448827,-0.540989897754578,-2.56584813870292,0,0,0
433,-207.464814711918,0.0159118447426863,2.38155021487244,0.194068976151422,-0.00103323855985234,-0.0301823460250601,-207.474421243697,0.0657437661386699,2.44650705928758,0.183038818944732,-0.0047810434499831,-0.0228717142436546,-200,0,0,0,0,0,0,1,-3.35503940707985,0.34661681272097,-2.6058426942097,0,0,0
434,-207.272940768243,0.0150521305798978,2.35067744920336,0.189678455028641,-0.000686191842514075,-0.0315611623541664,-207.104691475119,0.139859340270358,2.38981737751014,0.182617134051069,-0.000720164158723195,-0.0332221539741866,-200,0,0,0,0,0,0,1,-4.05233045486983,-0.207702264668397,-1.45741935760163,0,0,0
435,-207.085517911143,0.014262349042977,2.31910111788809,0.185167415798714,-0.000893373935932501,-0.0315894291803275,-207.105647550763,-0.00490821275662869,2.23817973564521,0.193080386767641,-0.0124306070422975,-0.0364962981774115,-200,0,0,0,0,0,0,1,-5.09674357523734,1.25287712974301,-0.826729653549266,0,0,0
436,-206.902934290158,0.0139957422391408,2.28801657863447,0.180000455895969,0.000360157966780259,-0.0305772785192802,-206.971676713816,-0.0804116912662928,2.29301410433113,0.181342666487724,0.0181225185678783,-0.0429725287198007,-200,0,0,0,0,0,0,1,-4.19091322113967,-1.65142847425524,-0.288775336682185,0,0,0
437,-206.724990695461,0.0135304561589375,2.25799169175353,0.175887402421082,-0.00129073187122147,-0.0294706069050902,-206.71221485954,-0.0603134388510208,2.21633900562151,0.172069898102991,0.00572535064669794,-0.0407755630006258,-200,0,0,0,0,0,0,1,-3.78256009121963,-0.451908186967752,-0.355121711180437,0,0,0
438,-206.550989886269,0.0120140133206331,2.22895870079212,0.172114775008197,-0.00174215396147338,-0.0285936430551443,-206.456324126959,0.144170837435878,2.05802154012891,0.167001091260469,0.0104054487866608,-0.0295082548550964,-200,0,0,0,0,0,0,1,-3.78746087212927,-1.32888655353783,-1.16521759474818,0,0,0
439,-206.380942505058,0.00960766001436235,2.20044624299552,0.167980224508806,-0.00307055422086508,-0.0284293770190709,-206.298869042823,0.0127677480187029,2.15768821312107,0.171936982733181,-0.0162661163082903,-0.0212790270986188,-200,0,0,0,0,0,0,1,-4.59596018767281,1.60107613479163,-2.18747371638026,0,0,0
440,-206.215618516619,0.00733794041032571,2.17182631806162,0.16266774293143,-0.001468888434102,-0.0288080469715787,-206.13970255374,0.255469701975968,1.96426740390728,0.16710001832908,-0.00689949887993696,-0.028219266792436,-200,0,0,0,0,0,0,1,-4.43059672542704,0.17901048404176,-1.10660812857096,0,0,0
441,-206.055291803633,0.00595884384629974,2.14328166017852,0.157986078364854,-0.00128930895835718,-0.0282791338814398,-206.183845003763,-0.0219429030499382,2.15927466324287,0.146082426379762,0.00677965351121467,-0.0074609212633987,-200,0,0,0,0,0,0,1,-2.24055263044968,-0.634079545021591,-3.57245720014587,0,0,0
442,-205.899217907401,0.00435264071302829,2.11367978427238,0.154160671138034,-0.00192310239103935,-0.0309228730361314,-205.892212747971,-0.0209754937271451,2.22531637070774,0.161337822183149,0.00517973446296562,-0.0101589371553116,-200,0,0,0,0,0,0,1,-4.34935672237297,-0.476022458842272,-3.43473902588433,0,0,0
443,-205.747884237474,0.00219180879112837,2.08197354173079,0.148506112969597,-0.00239856755884636,-0.0324870451939268,-205.819564572679,-0.157040043187139,2.11661067293727,0.129501695365618,0.00835801399961493,-0.0288725901334028,-200,0,0,0,0,0,0,1,-1.31104039120279,-0.521721313587215,-1.34596233253427,0,0,0
444,-205.600380442441,-0.000467532744284803,2.04896189400016,0.146501153614497,-0.00292012105470196,-0.0335353364950347,-205.595756989647,-0.0598670550455881,1.9671641158736,0.14013013572434,0.00246738367629753,-0.021685192865714,-200,0,0,0,0,0,0,1,-2.82149959314001,-0.127004257538576,-1.76580894517579,0,0,0
445,-205.455651492739,-0.0034509719351253,2.01505691669959,0.142956563381724,-0.00304676353915647,-0.0342730107601217,-205.447358291148,0.0368286516725205,2.08634339818148,0.125331033816065,-0.00871754939823686,-0.0567877513199113,-200,0,0,0,0,0,0,1,-1.63838679931111,0.798097636478645,1.50608833562818,0,0,0
446,-205.313202339428,-0.00609857816376492,1.98161292224465,0.141942639104883,-0.00224845446359119,-0.0326145152852506,-205.423563377762,0.146366798310563,2.08502587536302,0.154285057887854,0.00376388404834583,-0.0204469163992797,-200,0,0,0,0,0,0,1,-4.58137903326192,-0.669122001455709,-2.12536011079807,0,0,0
447,-205.173897207803,-0.00868129710726337,1.94887294896029,0.136667661002174,-0.0029169886335074,-0.0328630444722777,-205.00162141007,-0.146555415658305,1.86070088896441,0.139797746075997,0.00755942822090586,-0.0244701943664794,-200,0,0,0,0,0,0,1,-3.97653178745985,-0.462831990773976,-1.27438234128088,0,0,0
448,-205.039404783856,-0.0118294432436978,1.91613431679782,0.132317442910914,-0.00337931009110358,-0.0326122574285497,-204.941882332566,-0.0658820850008285,1.76711368026697,0.130606023070333,-0.00958072828511063,-0.0486764074167123,-200,0,0,0,0,0,0,1,-3.176837641901,1.08983699851272,1.33341338113729,0,0,0
449,-204.908314544536,-0.0146636277642316,1.88463358364941,0.129864177598774,-0.00228906396668379,-0.0303881032696904,-204.886047870892,0.000678321338729982,1.98093991358187,0.12303768812037,-0.00404156011453658,-0.0245518920765205,-200,0,0,0,0,0,0,1,-2.53167307025314,0.402799368776198,-1.50669061951168,0,0,0
450,-204.780031207633,-0.0167511266051092,1.85394855660803,0.126702370524557,-0.00188593994869092,-0.0309805258580564,-204.805197815026,-0.0367812514341603,1.88257412722211,0.11763772936049,-0.00224196119923031,-0.0389604182912335,-200,0,0,0,0,0,0,1,-2.15337730599688,0.297758622791352,0.130893574679129,0,0,0
451,-204.65436933853,-0.0184880461876668,1.82331866795597,0.124621823604881,-0.00158790442162417,-0.0302783139767531,-204.625683994756,-0.0284583304135851,1.77189137872016,0.133015137007879,-0.0104366613514449,-0.0239106773799832,-200,0,0,0,0,0,0,1,-4.05014571127655,1.10058279597166,-1.15271501944199,0,0,0
452,-204.531923224835,-0.0195253961898524,1.79325432623404,0.120270734484453,-0.000486801576512238,-0.0298484145471012,-204.483880947793,-0.124361809939616,1.7458313846943,0.119813742102129,0.000321852497194862,-0.044225372673738,-200,0,0,0,0,0,0,1,-3.0136123146277,0.216538370159745,0.930874497985203,0,0,0
453,-204.412890772014,-0.0199037320256666,1.76431637094106,0.117795123253156,-0.00026987527360295,-0.0280263862401244,-204.495087249723,-0.0689145504448195,1.86147313707893,0.102820166374027,-0.0199058221579875,-0.0292181264704462,-200,0,0,0,0,0,0,1,-1.29184213795741,2.12841131668839,-0.801133627113236,0,0,0
454,-204.295961041314,-0.0191093157168309,1.73603999873736,0.116064248703274,0.00185870166843644,-0.0285255832428483,-204.383101096851,0.0364102724544114,1.65074593943635,0.109899161165698,0.00134384102198613,-0.0266159078468776,-200,0,0,0,0,0,0,1,-2.22371392286741,-0.207204647107436,-0.639901094184932,0,0,0
455,-204.181139916212,-0.0173540714621504,1.7075518155759,0.11357817109901,0.00165178255078231,-0.0284496709635624,-204.228902531892,0.0410120054750275,1.56089009761819,0.128656650157046,-0.00234852938243844,-0.0165188092283124,-200,0,0,0,0,0,0,1,-4.40785995192044,0.152828927293789,-1.46989927240513,0,0,0
456,-204.069965123652,-0.0156255886263867,1.67927493590025,0.108771700682733,0.00180517735187702,-0.028101940457375,-203.939986763052,-0.0403561150292149,1.62691471733684,0.111265324451764,0.00578879652159489,-0.0336655589484016,-200,0,0,0,0,0,0,1,-3.24655891907245,-0.498167422101059,0.112726460166473,0,0,0
457,-203.962716690269,-0.0140692832571627,1.65178834832748,0.105725847512166,0.00130742737124654,-0.0268698750126463,-204.071022680252,0.0702642828668493,1.66683419135721,0.0922488638098621,0.0110060065936153,-0.0239847556289581,-200,0,0,0,0,0,0,1,-1.08284102048309,-1.24112922509523,-0.935192819818607,0,0,0
458,-203.857792755362,-0.0133823481010295,1.62457486633698,0.104121844712659,6.64368589769818E-05,-0.027556376054568,-203.808479305545,-0.0440232128106788,1.7830106947417,0.118867542815725,-0.00762010927684778,-0.0164342076107194,-200,0,0,0,0,0,0,1,-4.26979567048184,0.850057353306135,-1.92260062841146,0,0,0
459,-203.756114888014,-0.0128906056880778,1.59697343796937,0.0992339770552111,0.000917042081893612,-0.0276443075597746,-203.724116750525,-0.042768660809243,1.47859019427938,0.0823528004932677,-0.00683500671449493,-0.0108188059401729,-200,0,0,0,0,0,0,1,-0.787046548277768,0.769037993067979,-1.87529979454147,0,0,0
460,-203.657769123892,-0.0115889919690196,1.56850743519449,0.0974569458480737,0.0016861802293996,-0.0292869121179092,-203.591307271801,-0.170382253848258,1.50163740336484,0.0990288245463608,0.00165113293080071,-0.0258016635550858,-200,0,0,0,0,0,0,1,-2.72026791103326,0.175651214616445,-0.423108451221098,0,0,0
461,-203.56172334242,-0.00981480877687067,1.53949207873473,0.0946349844037109,0.00186218092711312,-0.0287425502172921,-203.550846309696,0.0618300366225286,1.34459313920912,0.105023790344161,0.00274878150485544,-0.0297818907610093,-200,0,0,0,0,0,0,1,-3.40068641502309,-0.398538223730601,0.289002797682696,0,0,0
462,-203.468634952869,-0.00815167513199574,1.51149801466389,0.0915425855602221,0.00146408004918348,-0.027244207091859,-203.47771748717,0.0329399488324076,1.63394732775162,0.0879543471433083,0.00349606766212263,-0.0294692880721695,-200,0,0,0,0,0,0,1,-1.83999973999101,-0.415486663877079,-0.320965848286284,0,0,0
463,-203.378086960802,-0.00689521688224935,1.48437405897769,0.0895536282826112,0.00104882976408862,-0.0270028276535219,-203.298387194541,0.247306360922073,1.50264679619513,0.071101394647357,-0.0269376474256247,-0.0131961675963375,-200,0,0,0,0,0,0,1,-0.513365075654399,2.19915202071832,-1.6856768327565,0,0,0
464,-203.289257080422,-0.00474677513762831,1.45658151130891,0.0881055548390936,0.00324804684595832,-0.0285816281530651,-203.296592350114,-0.184596917484344,1.37500784357038,0.0852156439046432,0.0161360232525671,-0.0450695626446133,-200,0,0,0,0,0,0,1,-1.92837969023689,-1.24440849028802,1.75694057732057,0,0,0
465,-203.201701649105,-0.00212080499133821,1.42906491786181,0.0870063738119384,0.00200388723430237,-0.0264510793980983,-203.214452287176,0.201655221518505,1.50492416885557,0.0919664613803561,0.00337837034446891,-0.0207547177223744,-200,0,0,0,0,0,0,1,-2.76774156368284,-0.741147477483901,-0.934376565473704,0,0,0
466,-203.116241150171,-0.000487311017564263,1.40268582198402,0.0839148065666761,0.00126309507463996,-0.0263057540050816,-203.253984780495,0.0125359913515116,1.4224193992054,0.0759461212372653,-0.0106838426845391,-0.0327226645944709,-200,0,0,0,0,0,0,1,-1.08664256273718,1.04331228575088,0.427427661036295,0,0,0
467,-203.032810255506,0.00129751304798858,1.37666528848756,0.0829473536942926,0.00230654728255311,-0.0257348908083051,-203.14956221502,0.00241258832507662,1.47810994323923,0.100072882997639,0.00210981424898722,-0.0163886683677329,-200,0,0,0,0,0,0,1,-3.70816386972305,-0.215806601548875,-1.31735304970516,0,0,0
468,-202.951912423035,0.00349639847918326,1.35105952184432,0.0788485444376366,0.00209121668942845,-0.025474839832017,-202.879100837566,0.0684626262806761,1.353791189494,0.0861066650561097,0.00492334330464253,-0.0211458044409206,-200,0,0,0,0,0,0,1,-2.8524648304792,-0.629259583025606,-0.593001934895933,0,0,0
469,-202.874565010116,0.00527317238798716,1.32583853011071,0.0758466208634621,0.00146232350051505,-0.024965826443389,-202.892657736499,-0.148219514794256,1.57218726780171,0.0729693116208177,0.0069950940637664,-0.0161756843875096,-200,0,0,0,0,0,0,1,-1.51161568908396,-0.403070376788128,-1.52680609685246,0,0,0
470,-202.79984586617,0.00653406072282274,1.30040343089338,0.0735913679380989,0.00105944663331796,-0.0259033876721785,-202.841874131769,-0.116831168739305,1.42170084181447,0.0858358579209744,-0.00597611413613817,-0.0250653240302069,-200,0,0,0,0,0,0,1,-2.89983752855983,0.831273751092427,-0.336869280608255,0,0,0
471,-202.727715443164,0.00800933322764895,1.27488523191976,0.0706699304447422,0.00189109300003013,-0.0251317347156201,-202.627075013316,0.131552039538635,1.06390598369798,0.0608605623716276,-0.0199379054812555,-0.00537195063847515,-200,0,0,0,0,0,0,1,-0.831906210530276,1.73068646904828,-1.59061690354844,0,0,0
472,-202.657888428186,0.0107658245690306,1.24910237353753,0.0689836392216449,0.00362188554222717,-0.0264332520465999,-202.664215655571,-0.114306287628655,1.29767370991328,0.0662209222812846,-0.000319720500816303,-0.0311312004640312,-200,0,0,0,0,0,0,1,-1.29366091698598,0.260584625338941,0.517772626576558,0,0,0
473,-202.589455178724,0.0145180884664163,1.22305859901384,0.0678833155531114,0.00388263675440838,-0.0256538241606179,-202.700578055492,-0.106201529673314,1.19365151925387,0.0748660937747036,0.00996757739604119,-0.0382903826478936,-200,0,0,0,0,0,0,1,-2.08545326648567,-0.78435468025749,1.44173522628163,0,0,0
474,-202.522251420282,0.0180086845570577,1.19838995399602,0.0665251774640961,0.00309855096660631,-0.0236828801224699,-202.486723814768,-0.0706425920155996,1.0773883216712,0.0576462498864559,-0.0106452419869727,-0.0290519103501954,-200,0,0,0,0,0,0,1,-0.791177359109077,1.20580938272847,0.750414391677144,0,0,0
475,-202.455996441468,0.0217101936136732,1.17508306655944,0.0659852193378288,0.00430446245957627,-0.0229306689041158,-202.501459315575,0.0107652004742136,1.23904818394189,0.057371900121198,0.00402236500230779,-0.0292422981221497,-200,0,0,0,0,0,0,1,-0.734271380968877,-0.423766901179206,0.446133444331186,0,0,0
476,-202.390327305273,0.0258028227842307,1.15238168221418,0.0653533644481701,0.00388079020168036,-0.0224718330614527,-202.38185267473,-0.0196362191489117,1.02951884213665,0.0588643318268879,0.0233150087274436,-0.0107589021818987,-200,0,0,0,0,0,0,1,-1.12272783322942,-2.29222843444654,-0.983147466083437,0,0,0
477,-202.325799605203,0.0285375741983695,1.12960340588477,0.0637018753450367,0.0015887055892704,-0.0230840073907465,-202.441131554427,0.260251885488038,1.2658820253767,0.0773561014602993,0.00167496352803858,-0.0281563787322229,-200,0,0,0,0,0,0,1,-2.85334703717601,-0.688000123779935,0.283873822468876,0,0,0
478,-202.263383420623,0.0297824658769374,1.10718397613891,0.0611311840538874,0.000901072444897235,-0.0217537375982957,-202.102138837858,0.117541897177346,1.13305748075314,0.0367842912380187,0.00963365497738222,-0.0240550450869664,-200,0,0,0,0,0,1,1,0.525848551915,-1.19844929209291,0.139389547190365,0,0,0
479,-202.202084952019,0.0300842828849057,1.08522941218913,0.0614656835971199,-0.000297444368586587,-0.0221555493893519,-202.234386102168,0.0915980817630073,1.24324900964082,0.0593098363766612,0.0105092110559181,-0.0238704842302746,-200,0,0,0,0,0,1,1,-1.4622114333308,-1.23411726911783,-0.0994495962541837,0,0,0
480,-202.141382663502,0.029169876645954,1.06324214204598,0.0599391464489976,-0.00153137370005677,-0.0218183378565475,-202.322739625411,0.00942927927695609,1.11724995862785,0.0694410217832231,-0.00915038828806489,-0.0363569554697077,-200,0,0,0,0,0,1,1,-2.29862292749968,0.896180270252577,1.40119562971508,0,0,0
481,-202.082214587613,0.0280867444947921,1.04245293995926,0.0583980071174984,-0.000634897168503578,-0.0197594071147292,-202.164927757505,-0.158026856718981,1.19780530044247,0.0512215721674696,-0.00980705294466515,-0.0254323403921556,-200,0,0,0,0,0,1,1,-0.792301701737508,1.29675900790448,0.147623438330623,0,0,0
482,-202.02422360512,0.0281002817900626,1.02281371446629,0.0575841650244548,0.000661963770054493,-0.0195187002489775,-201.952788830494,0.138225324202077,1.0467125421705,0.058740242422355,0.00293252761981908,-0.0151928496357601,-200,0,0,0,0,0,1,1,-1.9684465812471,-0.569703410386062,-0.574140120764995,0,0,0
483,-201.967735052688,0.0284775237653326,1.00338170203996,0.0553931180575432,9.25131116098247E-05,-0.0193443817290975,-201.973653973254,0.0148963039816299,0.866568729652154,0.0722134470033194,-0.00593451085410845,-0.000962081950151593,-200,0,0,0,0,0,1,1,-3.27403675382322,0.563658477447585,-1.63692926428915,0,0,0
484,-201.914264767029,0.0288520785410945,0.983974367500658,0.0515475009801019,0.000656591599644773,-0.0194686270186549,-201.791790161815,0.0242630972794413,1.06721819183227,0.0474925601964975,-0.00455344226641011,-0.0206480802072251,-200,0,0,0,0,0,1,1,-1.16567569601875,0.406818032082128,-0.0696283629420282,0,0,0
485,-201.863338767721,0.0297121565641503,0.964627480567638,0.0503047050017856,0.00106355944655757,-0.0192246201127044,-201.849228305526,-0.113779789449413,0.649573641642108,0.051786473486767,-0.0031755890279487,-0.0354833355605286,-200,0,0,0,0,0,1,1,-1.48019073762562,0.545118481693696,2.24918627276864,0,0,0
486,-201.813233952404,0.0310483744739287,0.946617839081738,0.0499060814095416,0.00160886943506841,-0.0167945010441418,-201.807130582997,0.0359813722970356,0.840575796584429,0.0520951412655751,0.0126469616765251,-0.00555277186125822,-200,0,0,0,0,0,1,1,-1.59525296056364,-1.33665891224658,-1.12587440704304,0,0,0
487,-201.764389373538,0.0319890196581225,0.929588718887889,0.0477829732871771,0.000272415008586225,-0.017262829236012,-201.721967334891,0.0788993557079101,0.914219612961181,0.0391637717454705,-0.00773156284903992,-0.0197965785453733,-200,0,0,0,0,0,1,1,-0.472442504765185,0.615357573488172,0.151218628614971,0,0,0
488,-201.716867955956,0.0325691465934914,0.912381475485642,0.0472600068456653,0.000887833398190423,-0.0171514465504015,-201.686779179341,0.0265358289053903,0.766665361869805,0.0575591590768574,-0.00642824413202064,-0.00626560913199192,-200,0,0,0,0,0,1,1,-2.38235754900456,0.589752755391284,-0.906769810540418,0,0,0
489,-201.670960755586,0.0337520115452338,0.895285831508715,0.0445545405136189,0.00147789192903278,-0.0170386822344246,-201.606008432373,0.00881397018359822,1.09753674723508,0.0482013104888112,0.0044376410780312,-0.0159194529928279,-200,0,0,0,0,0,1,1,-1.60811418413446,-0.461392048170317,-0.603128195187367,0,0,0
490,-201.627346463768,0.0349993130263542,0.878251483374778,0.0426741429602087,0.00101670629630627,-0.0170292147372315,-201.659290391555,0.0134653335706949,0.828731969343245,0.0485090329710643,-0.00296036422256323,-0.0211011412329223,-200,0,0,0,0,0,1,1,-1.53232251399727,0.269105755114933,0.452650184605742,0,0,0
491,-201.585322686848,0.0361506734952936,0.861672000404492,0.0413738970282829,0.00128600928567105,-0.0161292030830632,-201.474747919245,0.0968484420759804,0.863601213798771,0.0395004403372582,-0.0154480871668293,-0.0326012995440524,-200,0,0,0,0,0,1,1,-1.00054819523582,1.35111183253097,1.5329275268077,0,0,0
492,-201.544102566144,0.0381123066020134,0.846336695270559,0.041067125435194,0.00263725057054853,-0.0145412886740079,-201.671042178563,0.151338928657536,0.70166464454182,0.0249793853572019,0.00643435019772902,-0.0217180249880707,-200,0,0,0,0,0,1,1,0.844145821404954,-0.946112877087973,0.768473209723431,0,0,0
493,-201.502567796179,0.0402764497596019,0.831806532365333,0.0420025205308819,0.00169102960144929,-0.0145194504012493,-201.366674888799,0.178715984257554,0.852841722305949,0.047671748057651,0.00290822360666664,-0.0254518294853662,-200,0,0,0,0,0,1,1,-2.03382502816767,-0.648254329181772,0.839499503924726,0,0,0
494,-201.461335981715,0.0416434857181121,0.818030177028082,0.0404618433208702,0.00104303719882116,-0.0130326104395385,-201.568179012481,0.113430659924936,0.752884436248977,0.0421607218573596,0.00653125025732222,0.00524145368744678,-200,0,0,0,0,0,1,1,-1.07971416077388,-0.879986345582093,-2.02991424124263,0,0,0
495,-201.421927681453,0.0422466007417584,0.804257789266554,0.0383542152815938,0.000163188563171199,-0.0145112707521131,-201.270229865726,0.115495118492882,0.823276035407386,0.0408520526179779,0.00198868848807374,-0.0133456977307499,-200,0,0,0,0,0,1,1,-1.54474553034515,-0.429859085793138,-0.311982297739785,0,0,0
496,-201.384410899756,0.0421949619459053,0.789872247271567,0.0366795486006824,-0.000266472100421946,-0.0142591068668099,-201.335628882528,-0.0962967805211765,0.827488564958496,0.0315581937707542,0.00136819662262212,-0.00839893295988158,-200,0,0,0,0,0,1,1,-0.484561612019366,0.0557738987801408,-0.815083833928835,0,0,0
497,-201.348229463697,0.0419564104176328,0.775261845566034,0.0356831152801419,-0.000210636353655647,-0.0149612813023881,-201.463649015234,0.00247411858751041,0.785497848063038,0.0269071852209984,0.0105437912655027,-0.0117907227209096,-200,0,0,0,0,0,1,1,0.236579508367219,-1.05932736372529,-0.391923424035115,0,0,0
498,-201.312627152956,0.0412160978257138,0.759957826834505,0.0355213042079229,-0.00126999433465035,-0.0156467028662568,-201.175177485081,-0.0290345281113468,0.918376867787724,0.0316546927772345,-0.0100148119728653,-0.0115189554659428,-200,0,0,0,0,0,1,1,-0.815114307561949,1.05955025350923,-0.684858188981171,0,0,0
499,-201.277717043306,0.0404759336273694,0.744099535144514,0.034298826309486,-0.000210339674759673,-0.0160693710529379,-201.304315314092,0.0232807916233839,0.752763209437629,0.0581790104608757,-0.00807894753386632,-0.00648619267646079,-200,0,0,0,0,0,1,1,-3.20927041790265,0.761333170139864,-0.85690715122918,0,0,0
500,-201.245113897103,0.0406464697589486,0.728334804874314,0.0309078172778404,0.000551405606072871,-0.0154586543299684,-201.109178195958,0.20948462752664,0.819134924527435,0.0083714705949707,0.00202003431057383,-0.00905785025781044,-200,0,0,0,0,0,1,1,1.38120933241912,-0.620972686110662,-0.732484823273825,0,0,0
501,-201.213873485474,0.0408873029183028,0.712107151716989,0.031572438885656,-6.97450397801295E-05,-0.0169969517440975,-201.124574086771,-0.0339602713175635,0.82422513148198,0.022411342629453,-0.00321004572472139,-0.0236727401133317,-200,0,0,0,0,0,1,1,0.00801391059650847,0.388925115107266,0.718823748369208,0,0,0
502,-201.182208612891,0.0410120219531235,0.695310373263656,0.0317575668638244,0.000319179431612943,-0.0165966992748273,-201.176016179853,0.0159300840391355,0.608928574955274,0.0309183765727193,0.00700637063825266,-0.0125343845950096,-200,0,0,0,0,0,1,1,-0.7398052975654,-0.732497231903537,0.0355813095904145,0,0,0
503,-201.15085184764,0.0409650037175845,0.678801700013238,0.0309561299752033,-0.000413222663219066,-0.0164203231664012,-201.096483840422,0.130637124561678,0.587725511110182,0.0360730543521236,-0.00152093304082186,-0.0187762794567274,-200,0,0,0,0,0,1,1,-1.41433775436792,-0.10918094504117,0.702176923452378,0,0,0
504,-201.120423808101,0.0404972844082548,0.662926975598759,0.0299005091299191,-0.000522221402865085,-0.0153286844293594,-201.019051855464,0.111000385632648,0.634257675887222,0.0441007606661816,-0.00818733861844432,-0.0101699097176512,-200,0,0,0,0,0,1,1,-2.37197235569039,0.596733090579136,-0.251524380009327,0,0,0
505,-201.091702011702,0.0402735848359856,0.647968769535199,0.0275434887555838,7.48164882950642E-05,-0.0145867394122869,-201.14304873443,-0.0925327741609583,0.58062799443997,0.0173352063486697,0.00766182563883316,-0.00850806628913548,-200,0,0,0,0,0,1,1,0.552576833992485,-0.581117015561399,-0.310449359966391,0,0,0
506,-201.064081799658,0.0400578094880802,0.633003263717989,0.0276967000136742,-0.000506371729120636,-0.0153443528509488,-200.93122065638,-0.0265185647670314,0.63085381093266,0.0277363876138023,-0.0155013718241459,-0.00550533014805821,-200,0,0,0,0,0,1,1,-0.911197448620987,1.60317431194866,-0.711174607059498,0,0,0
507,-201.037043484829,0.0403530864595345,0.617470302117071,0.0263798567403418,0.00109691932909331,-0.0157210269628634,-201.012483392468,0.0272500086542055,0.596556648776454,0.0108805495368789,-0.0155435499852428,-0.022258312000225,-200,0,0,0,0,0,1,1,0.936911831247881,1.49985498121587,1.03271790246959,0,0,0
508,-201.010086542731,0.0421998767381835,0.601857641912169,0.0275342081941716,0.00259665440968579,-0.0155048001376173,-201.140853598471,-0.00797905762878742,0.551667726357003,0.0184967718734118,-0.0113263541687148,-0.0335462547159173,-200,0,0,0,0,0,1,1,0.432030009600271,1.14859353212906,2.25129001887773,0,0,0
509,-200.981889336943,0.0453708031987417,0.587113660011244,0.0288609364946194,0.00374519361023328,-0.0139837416293963,-200.805911856426,0.0423456718829388,0.525902168592464,0.0228079097682682,0.00683076509451023,-0.00214336009076699,-200,0,0,0,0,0,1,1,-0.668967263974916,-0.767767853216901,-0.837468328108229,0,0,0
510,-200.953612127399,0.0487321584912471,0.57282670114231,0.0276933135004114,0.00297751131284646,-0.0145896953691039,-200.858454355442,-0.0156543335534116,0.646950542613842,0.0211926110568605,-0.0120319019445372,0.0080222137022709,-200,0,0,0,0,0,1,1,-0.402352394801299,1.23449886156054,-2.09612245545478,0,0,0
511,-200.926702605433,0.0523269473166526,0.55732364781388,0.0261250440593541,0.00421206075414882,-0.0164157623987783,-201.025275615228,0.138577873434142,0.757103584962873,0.0229562186154657,0.00408391697470117,-0.0109729153373649,-200,0,0,0,0,0,1,1,-0.245070631090408,-0.6855474443384,-0.416915636189257,0,0,0
512,-200.900874524123,0.0561962526960206,0.540683564056595,0.0255310157836603,0.00352654460142714,-0.0168641696484454,-200.892836516244,-0.0430431528943251,0.446281407985403,0.0127233247083978,0.00988966909897807,-0.0170687554690307,-200,0,0,0,0,0,1,1,0.513340561647748,-0.902880604109157,0.814312730932269,0,0,0
513,-200.875003750555,0.0592713272543942,0.523937775566569,0.0262107197752077,0.00262359845471582,-0.0166277106598548,-200.864101246255,0.0115192482063011,0.647453283733372,0.0164540500577328,0.0219789205948611,-0.0059483170088473,-200,0,0,0,0,0,1,1,0.0827974867372678,-2.22093055589871,-0.700074866582014,0,0,0
514,-200.849019605922,0.060784457475221,0.506881320517261,0.0257572949657082,0.000402656895981112,-0.01748502279327,-200.959473305714,0.121956426792908,0.524097217795908,0.0187249734670995,0.00391440231649209,-0.039820546340451,-200,0,0,0,0,0,1,1,0.0464492647171406,-0.635353085235024,2.93386019845329,0,0,0
515,-200.822590363247,0.0608694378223537,0.490546970149361,0.0271022467894439,-0.000232700562783882,-0.0151842689790781,-200.761451748929,-0.0344782925001057,0.490799242331854,0.0286956570060762,0.0102830508639373,-0.0212123788516038,-200,0,0,0,0,0,1,1,-1.34666220274865,-0.959348501393516,1.13963940049667,0,0,0
516,-200.795866920968,0.0601571529550467,0.476088216497436,0.0263453383136226,-0.0011918753161985,-0.0137329325929533,-200.847136194616,-0.0427041154553253,0.43461843000725,0.0366980044758734,-0.00208267876704578,-0.0142469090415653,-200,0,0,0,0,0,1,1,-1.975528058356,0.293676107615229,0.555454044142028,0,0,0
517,-200.770317125769,0.0591122465279543,0.462988363135752,0.0247548741474422,-0.000897944940797115,-0.0124661172322468,-200.834689630624,0.0136766199934638,0.464764090928682,0.0243819179398448,0.00910444189916532,-0.00544007209708762,-200,0,0,0,0,0,1,1,-0.768812532735487,-0.93779742990346,-0.385520972148603,0,0,0
518,-200.746073448445,0.0577454553552729,0.450446307228227,0.0237325020472819,-0.00183564373152846,-0.0126175776556331,-200.858801908039,-0.0354683320504662,0.494471562638334,0.0272597048934982,0.00116677864047965,-0.00458126702133091,-200,0,0,0,0,0,1,1,-1.00836667327171,-0.045741199947033,-0.530816423143577,0,0,0
519,-200.722992105012,0.0558870080409951,0.437752035926364,0.0224302054927371,-0.0018812555849349,-0.0127704307358368,-200.698125340041,0.210470058798231,0.591804602545354,0.027228778043145,-0.0235988007678803,-0.0201615899709565,-200,0,0,0,0,0,1,1,-1.32662712423239,1.93893995919157,0.832549792004946,0,0,0
520,-200.701004282493,0.0549753107291256,0.42557465333733,0.0215460217400984,5.78553599415367E-05,-0.0115839768592259,-200.668165005116,0.126790966278282,0.47703512459439,0.0107742228176684,0.000191325393102838,-0.0256485540721753,-200,0,0,0,0,0,1,1,0.25890772846489,-0.272714471866847,1.61078515802875,0,0,0
521,-200.679018487536,0.0548967953604548,0.414517391057774,0.0224260933761258,-0.000214891523772089,-0.0105309307545588,-200.814236961564,0.0208902306752203,0.534800955497785,0.00420757583638458,-0.0115352247102805,-0.0224558590648448,-200,0,0,0,0,0,1,1,1.2077163394899,1.11174200967761,1.17598399548891,0,0,0
522,-200.655853101528,0.0552377004589239,0.404083501474569,0.023904842496186,0.000896695854657911,-0.0103374837632528,-200.764156121984,0.0438010694941395,0.374828747921379,0.00691287235296095,-0.0151727610536613,-0.0135504409044679,-200,0,0,0,0,0,1,1,0.83702500867151,1.42967396637785,0.605386594604031,0,0,0
523,-200.631513281234,0.0568491829508478,0.393690045759147,0.0247748356447668,0.00232626252977121,-0.0104498037507522,-200.566576088928,0.0197258342917637,0.407698337986753,0.0196674805402621,0.0185010120463956,-0.0143932275905754,-200,0,0,0,0,0,1,1,-0.833595876171002,-1.88955287322309,0.623926083084033,0,0,0
524,-200.607017284426,0.0582307255208431,0.383617308215985,0.0242175574261379,0.000436817178031867,-0.00969545045132644,-200.658658850996,-0.0781722869930158,0.429199039078111,0.0315083027276034,-0.00688937768297188,-0.0118351195108599,-200,0,0,0,0,0,1,1,-1.83351257076902,0.84528234228322,0.325113872929764,0,0,0
525,-200.583583351076,0.059090304965731,0.374426435315804,0.022650817664208,0.00128233540434225,-0.00868564566195543,-200.65487172168,0.0527444431672865,0.397621411755547,0.0315992357611646,0.0163586826186165,-6.17489980816038E-05,-200,0,0,0,0,0,1,1,-1.85018013275732,-1.74135714819622,-0.789067923702934,0,0,0
526,-200.562006913147,0.0595020840592618,0.36577296002242,0.0205021665124705,-0.000458784302042617,-0.00862041873070704,-200.410965717731,-0.0332184843829179,0.286343359878597,0.028880104857413,-0.0128210662985549,-0.00228132932997895,-200,0,0,0,0,0,1,1,-2.06607905027961,1.34854359862133,-0.3445537867593,0,0,0
527,-200.542557492626,0.0597177070049025,0.357433447360888,0.0183969901408478,0.000890024713774787,-0.008057740511943,-200.377652235106,0.049604024559501,0.255276226486697,0.0210550769861558,-0.0053936484690354,-0.000766329956149865,-200,0,0,0,0,0,1,1,-1.35020322840339,0.440156797784538,-0.433919457358408,0,0,0
528,-200.52492801593,0.0608278993065512,0.349437277592021,0.0168620952194472,0.001330354857861,-0.00793397143149613,-200.509154340281,-0.0420040332211173,0.281051506107459,0.0226681826298036,-0.00703104265007444,-0.0160153558850415,-200,0,0,0,0,0,1,1,-1.2485095824176,0.787112331449678,1.03943257628924,0,0,0
529,-200.50841098452,0.0625518935101716,0.342172684734395,0.0161726053609749,0.00211762825354636,-0.00659493789254448,-200.430807739951,0.0364799720808041,0.319491033174574,0.0145967433711625,0.00102571979380039,-0.00955067646187835,-200,0,0,0,0,0,1,1,-0.59805885721418,-0.175531923541647,0.316085579838686,0,0,0
530,-200.492488728336,0.0645817966726611,0.335770536373103,0.0156721427578204,0.00194217338598999,-0.00620916808604507,-200.42223663838,-0.0120507336693054,0.146487765841439,0.0052629821321229,0.00248799209522935,-0.00437675781405515,-200,0,0,0,0,0,1,1,0.318175063548135,-0.224697742184324,0.144700249722637,0,0,0
531,-200.476717699541,0.0664116028856701,0.329445318388493,0.0158698946536673,0.00171743482160189,-0.00644136290596695,-200.359401411739,0.105624023496305,0.228245050782493,0.0308697966382068,0.00271605770037695,-0.00987937081131769,-200,0,0,0,0,0,1,1,-2.36817684034191,-0.482853817030304,0.531446979566783,0,0,0
532,-200.461799945783,0.0678877655048654,0.323746125614143,0.0139663070082568,0.00123488574742171,-0.00495624535971995,-200.492550485039,0.113048282090989,0.410644034634702,0.0175209699902875,0.0123226937090496,-0.00164738380632595,-200,0,0,0,0,0,1,1,-0.766996028951087,-1.45836593508694,-0.656549688636808,0,0,0
533,-200.448405044874,0.0683935204613624,0.318612267831256,0.0128234238326513,-0.000223381925788258,-0.00531100916227153,-200.520312960764,0.124945366796509,0.509384372075973,0.0102659054174244,0.00247839271161605,-0.00675493620375781,-200,0,0,0,0,0,1,1,0.0140353797855326,-0.497730004754624,-0.343275123776164,0,0,0
534,-200.43573794952,0.0679212754959931,0.31305706874603,0.0125106409912604,-0.000721113916620728,-0.00579927310015338,-200.450437627768,0.0242560863079017,0.0586388232125559,0.00430909720735614,0.00519979323198936,-0.00595058985141836,-200,0,0,0,0,0,1,1,0.469965534800379,-0.56849149581474,0.477781338716724,0,0,0
535,-200.422976385748,0.0669158889465214,0.307247057465416,0.0130125547502243,-0.00128966556869535,-0.00582096811061394,-200.491738257893,-0.0381065615431166,0.212959978043488,0.0134430044553591,-0.0214962537915177,-0.0247479664994957,-200,0,0,0,0,0,1,1,-0.360823929749193,2.22583850223801,2.0488766938626,0,0,0
536,-200.409660286029,0.0667391691498022,0.302301675745252,0.013620446602588,0.000936220411111707,-0.00407005855555434,-200.479534502125,0.00411943750882106,0.0529919067406033,0.00952545067607751,0.00644988325969517,0.00873902323817209,-200,0,0,0,0,0,1,1,0.00652393664146433,-0.653227200987159,-0.979886137298416,0,0,0
537,-200.396363601971,0.0673487779455654,0.297716994398095,0.0129725729538325,0.000282991839873543,-0.0050990481337905,-200.414390821588,-0.0298431562620893,0.42994837952516,0.0196912909567814,-0.028743573886975,-0.00302398709051589,-200,0,0,0,0,0,1,1,-1.14034745250253,2.93404370122168,-0.557498049998731,0,0,0
538,-200.384095596953,0.0690988673836428,0.292582583022608,0.011563484794648,0.00321718181558202,-0.00516920442477889,-200.362406204616,-0.0104339516974527,0.193835072304189,0.0132806553135062,0.00388011275566868,-0.00667847596387185,-200,0,0,0,0,0,2,1,-0.603253122119287,-0.367143372171962,0.280177451778808,0,0,0
539,-200.372789345072,0.0721325194919406,0.287597547322948,0.0110492450828953,0.00285011614985937,-0.00480066820038602,-200.393006717424,0.193178692148374,0.451747460271368,0.0162700637857377,0.0050280608171575,-0.0180137755014707,-30,0,0,0,0,0,0,2,339.159007056274,-0.889163466012499,0.89788262960433,0,0,0
540,-200.216881487443,0.0745162562041475,0.194656848679675,0.300693930830489,0.0019173511701887,-0.181200084121316,-200.325432151634,-0.0197579208451508,0.192396306000447,0.307227058455929,0.00933690079638456,-0.199195630847788,-30,0,0,0,0,0,0,2,309.928158457675,-0.894174237948155,19.5347704727779,0,0,0
541,-199.779145351707,0.0759666061517418,-0.0594620332979547,0.574718572198585,0.000983343436269931,-0.327150421122261,-199.789537980071,0.216079731994526,-0.0165491044960412,0.569674207962983,0.0204748090321338,-0.308392568720315,-30,0,0,0,0,0,0,2,282.611655163843,-2.47964036720244,30.8723550810236,0,0,0
542,-199.076242365027,0.0756919744502601,-0.44789539110484,0.831037413560414,-0.00153261247032334,-0.449821573572016,-199.115303868595,0.176729414957528,-0.583974520585238,0.827352396780059,-0.0138626776139038,-0.457249965274762,-30,0,0,0,0,0,0,2,255.495368059184,1.03280893147533,46.8929455686466,0,0,0
543,-198.124527625003,0.0746593586537891,-0.945392234690454,1.07235344157378,-0.000532624361251258,-0.545271058061482,-198.088166635895,0.00102907671821581,-0.997864967880119,1.06546372976367,0.00863298811308639,-0.5617378114378,-30,0,0,0,0,0,0,2,229.629960295422,-0.865356964745071,58.1695110795402,0,0,0
544,-196.939669725354,0.0736793140998495,-1.5270534843583,1.29733315396259,-0.00142747078093412,-0.618143509221361,-196.808090786999,0.0930187854207695,-1.57694467906564,1.29243864214162,0.0127915831495821,-0.608469256308823,-30,0,0,0,0,0,0,2,204.372317359837,-1.46519588579975,64.0008149890135,0,0,0
545,-195.539137830524,0.0715061294857342,-2.17275176221799,1.50370881135133,-0.00291890584313636,-0.673337323548033,-195.559740154609,0.036210895912122,-2.07585951481466,1.50980768878639,0.00232562877861624,-0.666161844907877,-30,0,0,0,0,0,0,2,180.138711430579,-0.304984669685868,70.767903520417,0,0,0
546,-193.940824775354,0.0684231741234896,-2.86464872352552,1.69290295485191,-0.00324701057189811,-0.710533679258693,-193.943496011362,0.164008324091903,-2.94109047958965,1.71337406354442,0.0072329864654283,-0.710824721358781,-30,0,0,0,0,0,0,2,156.549585668281,-1.05131529472664,76.9646530950574,0,0,0
547,-192.161758286026,0.0646404672472014,-3.58513039846673,1.86522281482885,-0.00431840996204144,-0.730499706697353,-192.210660131165,-0.0378124822735195,-3.4723882934832,1.87779136599396,-0.00591280689059839,-0.741538288204591,-30,0,0,0,0,0,0,2,136.642183662934,0.666905653606878,81.0986054074255,0,0,0
548,-190.217763068108,0.0606467518865597,-4.31878531637659,2.02276603389687,-0.00366902689531731,-0.736873989591916,-190.215509504432,-0.0279436716534096,-4.39181809890363,2.01782607587596,-0.0116044378422964,-0.726898590131884,-30,0,0,0,0,0,0,2,118.648411421268,1.21633112753645,81.4734952109956,0,0,0
549,-188.12377245632,0.0575782888977048,-5.05409859901362,2.16521751024283,-0.00246790488704255,-0.733810142071901,-188.002636034975,-0.0836346973631216,-5.05375949958407,2.16273327717491,-0.00414207183856304,-0.7193950914424,-30,0,0,0,0,0,0,2,99.7319443524582,0.581476578582547,82.0470281434082,0,0,0
550,-185.895201711956,0.0553947361115249,-5.78127894777667,2.29193047714874,-0.0018992052274765,-0.720601580212783,-185.873886580389,0.165507908343142,-5.88763133623979,2.29058227618232,-0.0213583061610168,-0.723958739344538,-30,0,0,0,0,0,0,2,82.689545542546,1.8048147994154,84.1711366069334,0,0,0
551,-183.54656709232,0.0543926486452667,-6.48999365786766,2.40534957225046,-0.000104975248322665,-0.696873336884022,-183.182531962059,-0.0363720705770422,-6.65990357888146,2.41373070760483,-0.000951917296340033,-0.715547487302979,-30,0,0,0,0,0,0,2,64.9919931636343,0.167935870788088,84.8745558880609,0,0,0
552,-181.091799461578,0.0543674898833124,-7.17012983899115,2.50420045990892,5.46513866665165E-05,-0.663438493948371,-181.148321294935,0.0200650685174949,-7.10383896380923,2.50569310508648,0.00226233516940919,-0.653878562892338,-30,0,0,0,0,0,0,2,51.7273320812216,-0.266363653975909,79.5955342168523,0,0,0
553,-178.545159103788,0.0542856579764348,-7.81566834731103,2.5890959763455,-0.00021831907595508,-0.627672224658327,-178.415314199674,0.0680832364427975,-7.75259281667518,2.58724593489978,0.0088743416679805,-0.631183674950266,-30,0,0,0,0,0,0,2,38.1060349093706,-1.02360063968365,78.6235531283769,0,0,0
554,-175.919604616043,0.0535531124374143,-8.42233547949101,2.66203123498763,-0.00124677589744788,-0.585690796046151,-175.824541830122,0.0413205914559802,-8.64768926699408,2.66805793453797,-0.00427782845404754,-0.599516562186355,-30,0,0,0,0,0,0,2,24.8432902064463,0.345141662492794,77.2470347526236,0,0,0
555,-173.227041755451,0.052477334251002,-8.98416308308293,2.72311503039589,-0.000904786128788066,-0.537988284988523,-173.315265949239,-0.160584458605382,-8.93002354460027,2.73134263192739,0.010882026436184,-0.54904211621674,-30,0,0,0,0,0,0,2,13.4962687057396,-0.767033726407637,72.7642587108746,0,0,0
556,-170.479329268881,0.0511881864467416,-9.4972351757561,2.77233131769428,-0.00167351541206829,-0.48817489867166,-170.463142536367,0.18563053283464,-9.5926589872933,2.76036425532539,-0.00885629879530077,-0.481823544110946,-30,0,0,0,0,0,0,2,4.88985954019552,0.514368813860797,67.3676723856812,0,0,0
557,-167.687415571615,0.0497715620389651,-9.96053874871581,2.81151738714588,-0.00115973866395698,-0.438447126140708,-167.691379598137,0.0395715650810924,-9.97960547498139,2.82051176984294,0.00698589602007945,-0.434659023658865,-30,0,0,0,0,0,0,2,-6.66841778801984,-0.77773273217013,63.4251133158493,0,0,0
558,-164.862190925,0.0482234058695013,-10.3727400860679,2.83895429782982,-0.00193657966715953,-0.38596562566848,-165.003498717453,0.101061013518282,-10.4250595047989,2.82607650988969,0.00910164706703897,-0.396557297026159,-30,0,0,0,0,0,0,2,-12.6006535540623,-1.11228673374046,60.5058487122138,0,0,0
559,-162.012749261689,0.045731512197106,-10.7321378630763,2.85995164307002,-0.00304721361620208,-0.332837362215419,-162.003075885716,0.0213094520742315,-10.7208614961215,2.87810167883915,0.00658348515043722,-0.329891063122871,-30,0,0,0,0,0,0,2,-23.8040161124828,-0.700967419192185,54.4308293045301,0,0,0
560,-159.148599944595,0.0423353625054364,-11.037996646601,2.86836989657253,-0.00374509125410412,-0.278882526401141,-159.154689946594,0.212514734946519,-10.9562805457545,2.85649142881527,0.00398914868606948,-0.293532878459598,-30,0,0,0,0,0,0,2,-27.3397629883393,-0.823944338499985,51.2658489374688,0,0,0
561,-156.278304403191,0.038180073139789,-11.2902959666517,2.87224372900887,-0.00456549297381642,-0.225716576972493,-156.175524609145,0.00326414981499607,-11.1810019137035,2.86656204256261,-0.0159847008914197,-0.235046036044008,-30,0,0,0,0,0,0,2,-34.3051550379707,1.59194178951198,45.8666074318078,0,0,0
562,-153.408454803704,0.0344127715970003,-11.4898396418071,2.86747763405783,-0.00296911604929926,-0.173367740687301,-153.426393206462,0.0436590654927774,-11.4221305550189,2.84884158590549,-0.000610529194593217,-0.181989780307415,-30,0,0,0,0,0,0,2,-38.0313721776258,-0.0262652115262331,41.0432391407793,0,0,0
563,-150.546172135486,0.0314329811631758,-11.6380580917059,2.85710899681961,-0.00299046969499806,-0.123063856516024,-150.629381206217,-0.13091849718591,-11.7314857456179,2.83665370698505,-0.00742879615099885,-0.127003627434309,-30,0,0,0,0,0,0,2,-42.4066082860716,1.00471660947171,36.1633342346668,0,0,0
564,-147.697350980333,0.0289476078221677,-11.7368364830729,2.84055386522705,-0.00198028170603597,-0.074485127974373,-147.586653344443,0.202423642628023,-11.7533112907767,2.84262263348972,0.00123925339882302,-0.0798430203779952,-30,0,0,0,0,0,0,2,-49.088956660085,-0.528772625138348,31.490924619353,0,0,0
565,-144.86909686504,0.0267061064316236,-11.7871810197582,2.81597475490186,-0.00250272639244118,-0.026192920483301,-144.929767381666,0.0983661011222054,-11.800776834599,2.83035648097786,0.0176471188240849,-0.0419487121319734,-30,0,0,0,0,0,0,2,-53.1761133344543,-1.9614440846529,27.7964248823954,0,0,0
566,-142.068077998534,0.023226086201097,-11.789653475394,2.78608297853125,-0.00445731908982133,0.0212611588764779,-142.221813472739,-0.199797120498138,-11.7511722694651,2.78811858845994,-0.0103563582320457,0.0163558732594812,-30,0,0,0,0,0,0,2,-54.3682319005154,1.43523006420085,21.8667572129821,0,0,0
567,-139.29899361792,0.0194898858228954,-11.7468059346524,2.75210402176493,-0.00301508763211228,0.0644487006126676,-139.298467163017,0.0530983099137996,-11.7083748901647,2.73701782933838,-0.00690674294385911,0.0608317228734348,-30,0,0,0,0,0,0,2,-55.1048486078043,0.584477674558312,17.333577492986,0,0,0
568,-136.565369000517,0.0167705871368717,-11.6624340175421,2.71516206920462,-0.00242351632231711,0.104311081986697,-136.668556490631,0.0865428908803999,-11.6092997016916,2.70775195020856,0.00684626982111609,0.125771898246039,-30,0,0,0,0,0,0,2,-57.4380820395931,-0.857712763872409,10.6414095787792,0,0,0
569,-133.871428315621,0.0139219126888667,-11.5403334939863,2.67273440187589,-0.00327383910555336,0.139908087554229,-133.799796757886,0.22223414061327,-11.4584049216885,2.657117976513,0.00891307356332136,0.120326622218892,-30,0,0,0,0,0,0,2,-58.1122041355289,-1.33577563755868,10.8841476214878,0,0,0
570,-131.220087469191,0.00998392683740899,-11.382296930676,2.6299626184762,-0.00460213796378899,0.176183275255426,-131.292255759072,0.0371008696611019,-11.3358475596851,2.65337624349811,-0.0014620870243928,0.183702982220247,-30,0,0,0,0,0,0,2,-62.7531128316671,0.0720069631170762,4.30139689734562,0,0,0
571,-128.615207698341,0.00542183067911235,-11.1894355203811,2.57981104797283,-0.00452206117532395,0.209560702560958,-128.509332087598,-0.0139054989146941,-10.9377982953565,2.58083117523538,0.0253247955482615,0.205842598005508,-30,0,0,0,0,0,0,2,-61.0644533483427,-2.50466855699676,1.29133679016214,0,0,0
572,-126.060546361042,-0.000348636929392979,-10.9648554195209,2.52952438094535,-0.00701887861035318,0.239620679149456,-126.107206500742,0.109756474787997,-10.9932332703293,2.52460221791213,-0.00242520603346711,0.232868537303094,-30,0,0,0,0,0,0,2,-60.2458087897276,0.0230076537707171,-1.30038718965076,0,0,0
573,-123.556494929616,-0.00735213675624837,-10.711461918093,2.47859020056177,-0.00698812650795189,0.267187728115111,-123.564378309641,-0.126539308236206,-10.5678332186944,2.47815941462741,-0.00563369332348203,0.255547872678449,-30,0,0,0,0,0,0,2,-60.6871848434597,0.816447948820615,-4.41912083045618,0,0,0
574,-121.104377027671,-0.0139281364062177,-10.4316246833435,2.42565638722574,-0.00616387907121696,0.292508909448712,-121.086156835732,-0.0513422895258146,-10.5325307367469,2.41349986781154,0.00912346179112442,0.294001226483432,-30,0,0,0,0,0,0,2,-59.1776731096904,-0.809661600060813,-8.33506117484952,0,0,0
575,-118.705596000007,-0.0204930429460473,-10.1284525174034,2.37191482870991,-0.0069659373524333,0.313857873992498,-118.862189988287,0.0575914842850819,-10.0629323060973,2.37493535608264,-0.0145456160387642,0.303727881769297,-30,0,0,0,0,0,0,2,-59.7691556316896,1.33937863530626,-10.2469235647352,0,0,0
576,-116.361298691342,-0.0267854484426012,-9.80450346565185,2.31668846399336,-0.00561888041633101,0.334063233198253,-116.381257476091,0.132954290402445,-9.83485245521942,2.32632977892209,-0.0188030377179618,0.321741469464924,-30,0,0,0,0,0,0,2,-59.8704629400268,1.61439519099129,-12.5044420360536,0,0,0
577,-114.072861270536,-0.0315932835602885,-9.46119751279443,2.26019434173776,-0.00399679512572343,0.352572138645193,-114.055694739958,-0.021877401437183,-9.53600411385257,2.26277707400512,-0.00970703385645504,0.369629661791608,-30,0,0,0,0,0,0,2,-58.1663179205974,1.01445818851987,-17.8909579514557,0,0,0
578,-111.841655393788,-0.0350791127768013,-9.1020326027762,2.20222324145803,-0.00297486884719235,0.365781692011184,-111.872161917438,-0.12130716301348,-9.00050810946504,2.2096527395699,-0.000363139191522471,0.35610333068123,-30,0,0,0,0,0,0,2,-57.2209501221134,0.278928245179207,-17.6093168491929,0,0,0
579,-109.667930601226,-0.0379108423784731,-8.72972742728882,2.14523208361391,-0.00268859388143355,0.378852238389379,-109.75982610687,-0.0441385921776208,-8.6938415334366,2.14919630044229,-0.0125933805223145,0.368550320362143,-30,0,0,0,0,0,0,2,-55.3999778304885,1.34761523658669,-19.4673489693411,0,0,0
580,-107.550928303904,-0.0399220700869797,-8.34555733818577,2.08877726911446,-0.00133386704585176,0.389511263183079,-107.727868378987,-0.0440878451801118,-8.38966559266972,2.09085488898365,0.00643856570481473,0.381571306923802,-30,0,0,0,0,0,0,2,-53.6297521403901,-0.555680880121249,-21.3777995070408,0,0,0
581,-105.490151877619,-0.0415303330976986,-7.95194267363658,2.03277935550948,-0.00188266493205093,0.397741164757847,-105.549084166943,0.218559120766755,-7.94843273583048,2.04456978333058,-0.0103449061586531,0.401892700725734,-30,0,0,0,0,0,0,2,-53.3588099991725,0.597372374331801,-24.2924046009125,0,0,0
582,-103.486050450176,-0.0431108855339703,-7.55132044375048,1.97542627971292,-0.00127844598464742,0.403526883697585,-103.496133333416,-0.0705469438833532,-7.34397456231497,1.9755485382177,-0.000485655721123836,0.391842575529815,-30,0,0,0,0,0,0,2,-50.5625871549375,0.18965945987909,-24.4963084283515,0,0,0
583,-101.538182919063,-0.0442912555371314,-7.14569684355307,1.92031091928094,-0.00108229954255928,0.407742977074919,-101.58715179886,0.0967802587148071,-7.18326242744744,1.91392206099889,-0.000972744594463746,0.398795852945851,-30,0,0,0,0,0,0,2,-48.2179025021689,-0.0962860579832397,-25.5130604396902,0,0,0
584,-99.6447266105696,-0.045418602327747,-6.73685973305189,1.86660302284228,-0.00117240059835716,0.409953306077886,-99.7562294996727,-0.253620013086828,-6.86459089643483,1.86674012673942,-0.00845423403392488,0.412380358837918,-30,0,0,0,0,0,0,2,-47.161553674597,1.35266342956614,-27.5088540909222,0,0,0
585,-97.8050845998232,-0.0459116445403005,-6.32686984282479,1.81268147130088,0.000186310938639201,0.410048575700977,-97.7020511439489,0.0307789700149987,-6.19997912314539,1.81497629197453,-0.00514841248001153,0.426075623104733,-30,0,0,0,0,0,0,2,-46.0935269095554,0.453283307971156,-30.2076040641825,0,0,0
586,-96.0196635003346,-0.0454957347585968,-5.91813808093965,1.75816011577795,0.000645503592792411,0.407437235385906,-96.0809985430342,0.0819534812988219,-5.71118948373067,1.76762008307803,0.00461166424843523,0.408947074219973,-30,0,0,0,0,0,0,2,-44.6000112217348,-0.625073387441167,-29.472328454536,0,0,0
587,-94.2879401679549,-0.0451599057079955,-5.51205778844949,1.70528589118252,2.61479523815347E-05,0.404744949493441,-94.3889156344981,0.0506007590304036,-5.69794577350976,1.72203739713023,-0.00554071071051985,0.389064811131453,-30,0,0,0,0,0,0,2,-43.4259084440267,0.452869552991178,-27.5105895661257,0,0,0
588,-92.6080608084859,-0.0449045355979772,-5.10811370765465,1.65447259136936,0.000484585358535341,0.40316395820319,-92.5588328053304,-0.129458255684695,-5.04034561440797,1.64850880914741,0.0167986322893907,0.411757376514344,-30,0,0,0,0,0,0,2,-39.7332153040806,-1.42094671756968,-31.0950464226185,0,0,0
589,-90.9784533017919,-0.0451278747206373,-4.70820371801286,1.60474024739635,-0.000931270161774343,0.396676301794252,-90.9638445711322,-0.145158995644621,-4.72305799825624,1.58471076402972,-0.0113256630790766,0.390736214275332,-30,0,0,0,0,0,0,2,-36.5433872607077,1.4228842991969,-29.6275054310207,0,0,0
590,-89.3968506097138,-0.0453453592114033,-4.31499611965278,1.55846278216053,0.000496296026930029,0.389757778753256,-89.4445870551357,-0.129255094810482,-4.29039787150517,1.55927366944265,-0.00418294453062782,0.373330802466652,-30,0,0,0,0,0,0,2,-37.0381928339936,0.676804642683746,-28.7522845036549,0,0,0
591,-87.8614948039317,-0.044508285222412,-3.92814910451387,1.51224689974447,0.00117784665023883,0.383955069904636,-87.8515948375279,0.00519295288295522,-4.01762832855315,1.51756475513882,0.0105584565414113,0.388566396561005,-30,0,0,0,0,0,0,2,-36.0532858388264,-1.06623155990704,-30.8213829989942,0,0,0
592,-86.3725274515096,-0.0438612423958766,-3.54818188951512,1.46568502348586,0.000116233347565953,0.375998272983293,-86.1690147410245,-0.119473017668921,-3.78508091599525,1.46026439073085,0.00274560861898002,0.398864885078385,-30,0,0,0,0,0,0,2,-33.6884095910364,-0.0356148265601606,-32.316326675848,0,0,0
593,-84.9295649398978,-0.0437606568567282,-3.17739437586169,1.42023625451602,8.49319323884124E-05,0.365595193359507,-84.9769551110982,-0.131185131456927,-3.1990681734099,1.41662689153973,0.00423967209546294,0.369099249815718,-30,0,0,0,0,0,0,2,-31.7087789317766,-0.161596946632441,-30.511788634752,0,0,0
594,-83.5307375693813,-0.0437544905816343,-2.81675807614624,1.37741493215071,-7.26051227593205E-05,0.355694781246363,-83.5918469690932,-0.0799862659261019,-2.68498289683362,1.389161091786,0.000592434980236447,0.356239652465864,-30,0,0,0,0,0,0,2,-31.7324152404137,0.100729033828559,-30.2539994529192,0,0,0
595,-82.1746799471096,-0.0437746960145212,-2.46585658563397,1.33469688117208,3.21869786394984E-05,0.346125494166339,-82.0895537336867,-0.106065445144042,-2.49384023380855,1.33777966844295,-0.0212257836438173,0.342015262076805,-30,0,0,0,0,0,0,2,-29.5988593769218,2.33470925466981,-29.2138457400634,0,0,0
596,-80.8601752995715,-0.0425732568075254,-2.12463798110507,1.29430888878696,0.00237068555849842,0.336328066730468,-80.6745685020847,-0.0358027958893212,-2.02015432619432,1.29173353048211,-0.0198762385044339,0.340268584933085,-30,0,0,0,0,0,0,2,-27.8242160440419,2.05922944222203,-29.9865498409199,0,0,0
597,-79.5855502692144,-0.0391711734086079,-1.79398465530347,1.25493704431703,0.00443347576242051,0.32499450514699,-79.6592224212419,0.00179823608886633,-1.93613503519204,1.24842938520851,-0.0194975731984015,0.335195971897334,-30,0,0,0,0,0,0,2,-25.5244936783673,1.94616084766242,-29.6473271193494,0,0,0
598,-78.3492621040273,-0.0337629816513247,-1.47512116328297,1.2176347990597,0.00638290190394603,0.312747559822504,-78.2606241066921,0.119973944217438,-1.3161209696762,1.23594625482028,0.0188299317046316,0.329498658512386,-30,0,0,0,0,0,0,2,-27.0733772686439,-2.12294105889803,-30.3176239118862,0,0,0
599,-77.1511189186666,-0.0284398155174834,-1.16830209980852,1.17864724012817,0.00426342493446242,0.300906267775481,-77.2177903569626,0.0373935991490241,-1.15684469027428,1.17434404028301,-0.0106690612169605,0.285228334037316,-30,0,0,0,0,0,0,2,-22.998823314376,0.992118923398002,-26.2091440231831,0,0,0
600,-75.9891366567777,-0.0236788571059243,-0.872722380029581,1.14531341559991,0.00525848633196592,0.29026664673837,-75.9445936234855,0.133582369643816,-0.847635768771584,1.14410737113903,0.0184392579995289,0.278184643560945,-30,0,0,0,0,0,0,2,-22.5215498669317,-2.11109053924052,-26.1231928185514,0,0,0
601,-74.8602784748887,-0.0194744717747192,-0.58784043821413,1.11239903268096,0.00315027697408741,0.279510517137679,-74.9958596474291,0.0107503250362713,-0.44897276207296,1.11656179522198,-0.00478031007110008,0.283630935801354,-30,0,0,0,0,0,0,2,-21.6644602273398,0.456530357037465,-27.4651480559895,0,0,0
602,-73.7643698950126,-0.0160945415614273,-0.314470697131919,1.07941362569608,0.00360957758071806,0.267242244977545,-73.8029193982695,0.0626028007324939,-0.172669570404524,1.07952067344661,0.00239149330263885,0.270346729799601,-30,0,0,0,0,0,0,2,-20.3462285481223,-0.364354931728872,-26.6893338391511,0,0,0
603,-72.7006971650815,-0.0126658383339363,-0.0533805057155523,1.04792732169667,0.00324782385065784,0.254950806086171,-72.6578416442787,-0.0718873435052863,-0.201091975153091,1.06506851415119,0.0178796938525333,0.25431981973437,-30,0,0,0,0,0,0,2,-21.1911681265621,-1.64419469824276,-25.0297980231308,0,0,0
604,-71.6684048319507,-0.0102387535065954,0.196379712088296,1.01665357362076,0.00160633989793035,0.24458218707536,-71.7864567702055,0.135113308328946,0.379499478456959,1.00768687528582,0.00203964959047695,0.244324482528953,-30,0,0,0,0,0,0,2,-17.1957739881706,-0.474191575705586,-25.1914472098092,0,0,0
605,-70.6657947989528,-0.00886840831326038,0.434613617101813,0.988561828021464,0.00113434532254684,0.231896925889768,-70.7068805475975,0.0138894348204076,0.446330285369253,0.986549051343776,0.00530192412947636,0.245678649032826,-30,0,0,0,0,0,0,2,-17.2411440391825,-0.557971282588451,-25.4605254740211,0,0,0
606,-69.6913852882306,-0.00801194492424762,0.660098036891456,0.960252480203395,0.000578576726742105,0.219083275258191,-69.7050205788642,0.0347709442461143,0.736101852504519,0.9707723941537,0.000215381471171223,0.219315253962422,-30,0,0,0,0,0,0,2,-17.6671982576416,-0.0910800356093508,-23.4037291012513,0,0,0
607,-68.7448924946513,-0.00747777639600304,0.87377113279805,0.932729165900897,0.000489755261988112,0.208273948026697,-68.878534327351,-0.114804163309802,0.904762317825509,0.952352343509918,-0.00549269565528035,0.220252285251079,-30,0,0,0,0,0,0,2,-17.4781656962898,0.778877892147638,-23.8347531607589,0,0,0
608,-67.8259790735904,-0.00659746225179809,1.07643682862738,0.905093583593634,0.00127086718558078,0.197068492498656,-67.8009730696342,0.0415111586532565,1.14004316462393,0.887112391935377,0.0146927253577253,0.20456208904113,-30,0,0,0,0,0,0,2,-13.1092930542694,-1.55229485307904,-22.7362952333609,0,0,0
609,-66.9326033160001,-0.0061019031268103,1.2671428534991,0.88165325939269,-0.000279754682411147,0.184352970204323,-66.8327806478781,0.0341986992509614,1.35808918027995,0.878551023622007,-0.00380231784181232,0.196952824149274,-30,0,0,0,0,0,0,2,-14.1895410664445,0.311834385679309,-22.4114607754873,0,0,0
610,-66.06303399662,-0.00622483176679578,1.44560203516603,0.85748106737717,3.38917268220282E-05,0.172575060546611,-66.0632638761614,-0.0811864250531607,1.42454799057806,0.84727857000008,0.00114944242051992,0.189516635042246,-30,0,0,0,0,0,0,2,-12.6013292476853,0.0474286080543291,-21.8007594853807,0,0,0
611,-65.2168229676043,-0.00616641868544288,1.61211181579463,0.834936551177433,8.29285138908516E-05,0.160453525307393,-65.0566502313432,-0.0662969040654274,1.72318917447099,0.843793676107043,-0.00257401038118529,0.160526842787534,-30,0,0,0,0,0,0,2,-14.2660671480179,0.389994846249384,-19.4990626276953,0,0,0
612,-64.3931987287158,-0.00588757834121686,1.76794712847943,0.812308596349273,0.000474746805727151,0.151226133840004,-64.540324995124,-0.0614949957985969,1.71938111854397,0.804268302420224,-0.00526163420816192,0.15926310299335,-30,0,0,0,0,0,0,2,-11.3461802517744,0.649153412413386,-19.365072536423,0,0,0
613,-63.5909746756117,-0.00508752805615775,1.91380499144182,0.792135605154472,0.00112534835305741,0.140497664813352,-63.8291665103851,-0.0928288329785786,2.04137817822297,0.776267534742114,0.0038057978915268,0.139846560038564,-30,0,0,0,0,0,0,2,-9.96842045344121,-0.194922123195523,-18.0674123603023,0,0,0
614,-62.8079993965003,-0.00405900230564713,2.04909834791596,0.77381117697262,0.000931697954111568,0.130096400283832,-62.8377821778369,-0.0649753002119569,2.07715116278972,0.751274909185018,0.00347775415110937,0.134278010790482,-30,0,0,0,0,0,0,2,-9.45192656282792,-0.217824814687023,-17.5821034046277,0,0,0
615,-62.0430092802584,-0.0032356109174502,2.17406411965965,0.756165336975162,0.00071507872789988,0.119842215202529,-61.9845907113164,0.00308858379088016,2.30694134186875,0.756735520561609,-0.00888241079929018,0.0968807506057875,-30,0,0,0,0,0,0,2,-11.7043706335281,0.882063912347258,-14.3019577443163,0,0,0
616,-61.295662015649,-0.00207874903424277,2.29078635392295,0.738527007249723,0.00159863956996359,0.113609308056069,-61.4071626234918,-0.0665746863230549,2.42586257513953,0.723799513750513,-0.00106992885711384,0.127594686892355,-30,0,0,0,0,0,0,2,-9.56562612806766,0.240142258357494,-17.6111938395146,0,0,0
617,-60.5660301783482,-0.000359425571177263,2.39932801402369,0.720732999778482,0.00184000201449575,0.103481106790157,-60.6464750564366,-0.0471574498504925,2.3760081230839,0.718947527080458,-0.0124132730929767,0.103996098768619,-30,0,0,0,0,0,0,2,-10.6018025951726,1.33564220899866,-15.1516261230297,0,0,0
618,-59.8539229922404,0.00214907775983902,2.49906740586216,0.703478715080843,0.00317699894300102,0.096004549932345,-59.866460624154,-0.0573077201720945,2.35743491546234,0.700030161559973,0.00111324999993542,0.0890769183502421,-30,0,0,0,0,0,0,2,-10.2700949076894,0.00329044035064689,-13.6225616659489,0,0,0
619,-59.158503622567,0.0053283815355229,2.59188191231073,0.687357786047087,0.00318160230244472,0.08963089003808,-59.121646077125,-0.033130360846699,2.51692579683121,0.678036156372161,0.00957931680202232,0.0929784971394841,-30,0,0,0,0,0,0,2,-9.56032348296623,-0.891670958508834,-14.3317013076108,0,0,0
620,-58.4791250845192,0.00806476200133221,2.67784798046898,0.671396690944583,0.00229115263565466,0.0823075973481112,-58.6075332293856,-0.13068944919718,2.58400763992639,0.67487851003908,0.0409194327083253,0.0910510736376157,-30,0,0,0,0,0,0,2,-10.2727845451368,-3.83056437243817,-14.2731226436144,0,0,0
621,-57.8159901871164,0.00844129187485889,2.7567387097026,0.654870692864672,-0.00153809879591599,0.075480410872412,-57.8198438215397,-0.216055448759684,2.69543182395462,0.659440188915249,0.00580879174495726,0.0803963450120986,-30,0,0,0,0,0,0,2,-10.3043312484455,-0.148768276976359,-13.4304981491191,0,0,0
622,-57.1691586938427,0.00682947095693807,2.82917535301638,0.638790165569055,-0.00168554964869772,0.0693992409760243,-57.1556186199373,0.0124019452623458,2.99418015023937,0.62548112882046,-0.0100249459821346,0.0708919970066029,-30,0,0,0,0,0,0,2,-8.2368756421713,0.977690707688765,-13.077560001139,0,0,0
623,-56.5374675055826,0.00563329549790331,2.89509842549792,0.624589756988559,-0.000706807119051052,0.0624525459350058,-56.4902956229542,0.0358374784529117,2.80099422344345,0.62687263304562,-0.00944594392874273,0.0590027180304039,-30,0,0,0,0,0,0,2,-9.7066720586536,0.872919435968449,-11.5022602499273,0,0,0
624,-55.9201300211903,0.00536357109731083,2.9551590429785,0.610083578526106,0.00016735394619638,0.0576744343924981,-55.8108585642902,-0.0388034593945958,2.91039413080314,0.610512654181562,0.0017175135563028,0.0456477561706295,-30,0,0,0,0,0,0,2,-9.42954828957585,-0.0941444368410886,-10.3855638786692,0,0,0
625,-55.3168681051721,0.00548445870489897,3.01083463478987,0.596438912953117,7.44161252963293E-05,0.0536821527935864,-55.0702763777112,0.0331114346403897,3.1491962450158,0.590117822813762,-0.00221241180028537,0.0616970301168073,-30,0,0,0,0,0,0,2,-8.87122952595377,0.155018310747757,-12.4680955017123,0,0,0
626,-54.7276290063816,0.00563695375565744,3.061523121812,0.582037190439275,0.000230568143735916,0.0477004937281371,-54.7632120272651,-0.022832162576333,3.10942958246894,0.571744121252422,-0.00177156367856702,0.0652193251579204,-30,0,0,0,0,0,0,2,-7.64798807071207,0.222820693009368,-12.7407916807299,0,0,0
627,-54.1523779924261,0.00597942223309785,3.10578182769497,0.568462409269765,0.000454365132786946,0.0408222727440066,-54.1984984585993,-0.0230319447428314,3.00092767242527,0.561239976841583,-0.0103982165742591,0.0398868904456882,-30,0,0,0,0,0,0,2,-7.72700076695971,1.08588554691157,-9.99054438941936,0,0,0
628,-53.5899445564989,0.0069772272737975,3.14432208923762,0.556402908503269,0.001541238629691,0.036263022401138,-53.6846610866401,0.08117215251695,3.11129128191243,0.546252575588899,0.00707488585118216,0.0302853283164116,-30,0,0,0,0,0,0,2,-7.2559353856098,-0.869832890152116,-9.25111539546602,0,0,0
629,-53.0391690889859,0.00808401588194295,3.17848208425611,0.545146606811634,0.000672333540394264,0.0320614261523844,-53.1549106033682,-0.127188015732543,3.04551645636121,0.526959864880253,0.0090446332645564,0.0352721932673794,-30,0,0,0,0,0,0,2,-6.38616528128883,-0.650087294990555,-9.61825223946037,0,0,0
630,-52.4994066341941,0.00843171754115719,3.20805190919923,0.534376588473258,2.30620338731476E-05,0.0270824903614782,-52.3182427579451,-0.0203413793474044,3.11726607811647,0.518886732868892,0.0199157818306902,0.0303527182833805,-30,0,0,0,0,0,0,2,-7.252187770999,-1.95089542437422,-9.26980398457099,0,0,0
631,-51.9706705273219,0.00747979816060604,3.23304906792407,0.523094218769599,-0.00192690607267987,0.0229162741037229,-51.9672769291713,-0.0686786585631537,3.35471458715733,0.505893454087102,0.00333932887501694,0.0245047890727554,-30,0,0,0,0,0,0,2,-6.65479155036753,-0.196575570375387,-9.1599080815902,0,0,0
632,-51.452945996791,0.00545503074224757,3.25376420371047,0.512353350208651,-0.00212263108006669,0.0185182319036517,-51.3925152746296,-0.0141781384236366,3.33258600287495,0.514507133705396,-0.00511359029735764,-0.000658741258451633,-30,0,0,0,0,0,0,2,-8.66568282128047,0.539715306583037,-6.59929787990474,0,0,0
633,-50.9460385133362,0.00360281580670228,3.27172030076502,0.501461347447671,-0.00158180530599961,0.0173982425056631,-51.0217169139659,-0.0937753236248351,3.32917835573482,0.500268292070028,-0.00566982337578111,0.0200532246290191,-30,0,0,0,0,0,0,2,-7.98339537907106,0.754532984827781,-8.66367917437156,0,0,0
634,-50.4503483871433,0.00239879112288397,3.28753171493356,0.489917867860428,-0.000826250689222099,0.0142291012002973,-50.5724625341113,0.0825501956479509,3.27450710403169,0.476624543849995,-0.00180525534200334,0.010555494779763,-30,0,0,0,0,0,0,2,-6.51752931677695,0.0154251429044319,-7.60456368603968,0,0,0
635,-49.9653006601754,0.00158067285416668,3.30018985850573,0.480176561266777,-0.0008099917860387,0.0110910207729223,-50.1950655133663,0.0244480589406902,3.23405819388069,0.492819236797271,-0.00139584382275547,0.0322129531631891,-30,0,0,0,0,0,0,2,-8.89179265299453,0.0906882643941661,-9.68941170408029,0,0,0
636,-49.4915697769098,0.000816596500590132,3.30956887013287,0.467284075978713,-0.000718165660542362,0.00767200019647094,-49.6121581444539,0.158415508797249,3.16515854080514,0.492904483444179,5.10010412504271E-05,0.00113355465056087,-30,0,0,0,0,0,0,2,-10.0661320555101,-0.32193112171954,-6.44367254666636,0,0,0
637,-49.030262047898,-6.18865655395355E-05,3.31720368201345,0.455331497021543,-0.00103880617981402,0.00760226137267258,-48.8499251445154,0.26003553791865,3.21431778447909,0.461873574021753,-0.00164462334643024,0.00833830551823305,-30,0,0,0,0,0,0,2,-8.48750711314449,-0.355608741194276,-7.26246612078148,0,0,0
638,-48.5805062770548,-0.00127795042754432,3.3239886839807,0.444179575429284,-0.00139332771388788,0.00597207294530165,-48.5178050694527,-0.169346326361791,3.43118109375146,0.448894753656885,-0.00668003165324222,0.0142501968215658,-30,0,0,0,0,0,0,2,-7.85386522678312,1.0066958180478,-8.2873818696595,0,0,0
639,-48.141947335523,-0.00216742519753132,3.32855552238066,0.432937399458615,-0.000385626721385663,0.00316595773006301,-48.17128444301,0.0288276006501887,3.59988215186891,0.438985573564131,0.0198946769003132,0.00184888207116582,-30,0,0,0,0,0,0,2,-7.55598847039318,-2.0471228913317,-7.3846525108544,0,0,0
640,-47.7142480561281,-0.00357612634511008,3.33060759986938,0.422460466528092,-0.0024317822129258,0.000942258311711013,-47.8065421818261,0.149048049963476,3.5096745488876,0.41609325817907,-0.00545120283640809,0.000129225819577268,-30,0,0,0,0,0,0,2,-5.99624145425491,0.247024183713856,-7.03227167973293,0,0,0
641,-47.2962929447806,-0.00588400965003681,3.33013274097188,0.413448836874177,-0.00218399097449837,-0.0018884688335571,-47.4939805309587,0.0157975468253989,3.21199021320019,0.417729802660708,-0.0158370215832173,-0.0169449675532525,-30,0,0,0,0,0,0,2,-6.78501920415351,1.55210706467094,-4.72948367107513,0,0,0
642,-46.8869944249473,-0.00729150960787169,3.32800093080635,0.405148153196735,-0.000631014215146888,-0.00237191289105889,-46.6944625971666,0.0613192586329816,3.32656651764878,0.425605826967882,-0.00154993635511692,-0.00167508609419314,-30,0,0,0,0,0,0,2,-9.17165750245498,0.0323551182457287,-6.48562442587825,0,0,0
643,-46.4874783561304,-0.00790575570093727,3.3253876060654,0.3938839319958,-0.000597483517751631,-0.00285041062687258,-46.3609689360118,0.0843443316491483,3.52356393513646,0.411033477734371,-0.016118717665803,-0.00638497413181136,-30,0,0,0,0,0,0,2,-8.38140990141351,1.443183103282,-6.40863045709178,0,0,0
644,-46.0988845995843,-0.00778110779648967,3.32210708592325,0.38330338723475,0.000846773604429956,-0.00370656469378568,-46.126072529185,-0.274588060274047,3.41287302775486,0.386728682273976,-0.0063318429785212,-0.0101055969517981,-30,0,0,0,0,0,0,2,-6.42072316902761,1.18236041840021,-5.81518636032991,0,0,0
645,-45.7199052112352,-0.00634273990265528,3.31764426864797,0.374654951298352,0.00202995629820592,-0.00521572797469428,-45.7065379199044,0.0103121704640197,3.34686485817509,0.3805280270876,-0.00287002481489654,-0.00479766942853458,-30,0,0,0,0,0,0,2,-6.63972686895118,0.266378140561614,-6.21396277349673,0,0,0
646,-45.3497816896576,-0.00417916729078907,3.31158601315978,0.365591587791524,0.00229718465945846,-0.00689729422254682,-45.3123757711621,0.0452479416457475,3.30510785080684,0.380220407918804,-0.00851244444948516,-0.00314282527919795,-30,0,0,0,0,0,0,2,-7.39728924955626,0.760748561657021,-6.29593317369389,0,0,0
647,-44.9890528370245,-0.00150113220011121,3.3040473423974,0.355865760815181,0.00305888078787332,-0.00817632309352294,-44.7886263730042,0.139071421633163,3.17190609895173,0.350691861628,0.0215147348292375,-0.014105109149555,-30,0,0,0,0,0,0,2,-5.49193341679172,-2.42961632619007,-4.93330128294796,0,0,0
648,-44.6368798914212,0.000343294986676332,3.29522695074861,0.348479769052449,0.000629967845198639,-0.00946160550736556,-44.6006583934358,-0.0733755395723671,3.33450648235752,0.351579529873218,0.00607953545398548,-0.00184799858792857,-30,0,0,0,0,0,0,2,-5.95663620045022,-0.461202466253813,-6.48421310592218,0,0,0
649,-44.2927402275543,0.00074304526962972,3.2846423225884,0.339798845544214,0.000169527637892636,-0.0117043256075294,-44.2325310212142,0.0632925034203556,3.21314612426733,0.340027447264196,-0.00855893342307936,-0.00329019457197455,-30,0,0,0,0,0,0,2,-5.53768268399122,0.729308335467225,-6.0972727913372,0,0,0
650,-43.9570001803656,0.00127758428474027,3.27185661710717,0.331680564620258,0.000899544578640925,-0.0138639749954277,-43.9384913206601,0.0963461756442448,3.14926236990351,0.354049631027005,-0.00604497147475263,-0.0201271796571037,-30,0,0,0,0,0,0,2,-7.52798046138028,0.411804796186773,-4.28580677409665,0,0,0
651,-43.6296444246472,0.00238351688074672,3.25824007501842,0.323031237311379,0.00131231483837952,-0.0133658097587096,-43.7740476690607,0.0978404596023113,3.20475591239284,0.329963903875113,0.0135205872605422,-0.0058247853321333,-30,0,0,0,0,0,0,2,-5.44829504938986,-1.54773964525884,-5.82703329157234,0,0,0
652,-43.3105580562578,0.00292231344723734,3.24389418951048,0.315140884360467,-0.000234727525386682,-0.0153229504258923,-43.2936306072333,0.0994351649796911,3.38937588357796,0.328567398529592,0.00346704136296707,-0.0239217798480942,-30,0,0,0,0,0,0,2,-6.2694786384927,-0.54557446625609,-4.3865737823465,0,0,0
653,-42.9992659747711,0.00241520324984489,3.22842341177054,0.307443274534385,-0.00077949836556083,-0.0156156676796211,-43.1786740236081,-0.150311514521444,3.12408073625494,0.306556011351759,-0.00207505914483977,-0.017086068470186,-30,0,0,0,0,0,0,2,-4.29825308795978,0.508128943526865,-4.53955462549128,0,0,0
654,-42.6949247450692,0.001890047046772,3.21202083976312,0.301238711712294,-0.000270819307668705,-0.0171870924678186,-42.5113543500654,-0.0942211463000354,3.16162663655933,0.306312257532383,0.0112244281629642,-0.0169739273096439,-30,0,0,0,0,0,0,2,-5.60851705310758,-0.934000523696354,-4.62586054215427,0,0,0
655,-42.3973415685326,0.00115258906849911,3.19440951837601,0.293927431430663,-0.00120410131259153,-0.0180327666501376,-42.5258215122437,0.150872127267842,3.08968648663561,0.304653588260406,0.00351634871742322,-0.0302422138898794,-30,0,0,0,0,0,0,2,-5.41371580155326,-0.653379126278006,-3.15515158428328,0,0,0
656,-42.1065537406114,-0.00037785193061728,3.17649322495156,0.287648410037225,-0.00185678616853027,-0.0177974177126289,-41.8958539389763,0.110070171734207,3.11459562248175,0.298968917470737,-0.00897160086703363,-0.0199992735828772,-30,0,0,0,0,0,0,2,-6.10518386912117,0.67701974323495,-4.22926388667578,0,0,0
657,-41.8226422068367,-0.00189573348337012,3.15859474631506,0.28017467753505,-0.00117898384581998,-0.0179967111780435,-41.7631517467733,-0.155152618333137,3.21369740256395,0.30251804103024,-0.0191743968531148,-0.00397389800966763,-30,0,0,0,0,0,0,2,-6.72550060947741,2.22774492197775,-6.03000500416114,0,0,0
658,-41.5469907763395,-0.00196041132873071,3.13996851053847,0.271127819158471,0.00104962241056133,-0.019252361657302,-41.4772099647514,0.0380038128956441,3.31769650534524,0.272222362764696,0.00721244858282526,-0.0172332034396432,-30,0,0,0,0,0,0,2,-4.26781634696687,-0.797252484073814,-4.91207266672615,0,0,0
659,-41.2790682200562,-0.00130913913933104,3.11981034400724,0.264716727884542,0.000252915931193371,-0.0210615398198493,-41.0670386243035,0.112334598995874,3.2267189975066,0.283522898123801,-0.00425657295779483,-0.0141832286379637,-30,0,0,0,0,0,0,2,-6.21821256377318,0.200988097787736,-5.03511513121683,0,0,0
660,-41.0183765208322,-0.000955327945337191,3.09838455217392,0.256666495307704,0.000454700697588917,-0.0217870236469616,-41.0427221466748,-0.00880604428769399,3.03005765947263,0.256336973661316,0.0192942643403092,-0.016545296202274,-30,0,0,0,0,0,0,2,-3.5482530727819,-1.91181434545553,-4.40558569871785,0,0,0
661,-40.7644781618344,-0.00145630472381861,3.07569479606342,0.2511296570425,-0.0014566598661371,-0.0235903846515717,-40.6917108697254,-0.0323354579854532,3.24637897744312,0.257521060188632,-0.00327837073675969,-0.0222593549791677,-30,0,0,0,0,0,0,2,-4.36868427941236,0.392507989646876,-4.26682245696947,0,0,0
662,-40.5164049170143,-0.00271642818313155,3.05150938597932,0.245016489341637,-0.0010635925590184,-0.0247781279723758,-40.7644956030743,0.0998022433216256,3.00364492393785,0.24003620420455,0.00321599407147648,-0.0318275909678335,-30,0,0,0,0,0,0,2,-2.47462921430639,-0.521203893790899,-2.82453075109236,0,0,0
663,-40.2732556047634,-0.00404046114323958,3.02615163281375,0.241281803666215,-0.00158447985073183,-0.0259359357441448,-40.4524787818543,0.0148868213146889,3.07539208717553,0.257787713243118,-0.0129918919322069,-0.00349703902393394,-30,0,0,0,0,0,0,2,-4.87381376060327,1.26941555059132,-5.80108027195767,0,0,0
664,-40.0356949645426,-0.00498991864379413,2.99917119739653,0.233838808336048,-0.000314440884363513,-0.0280221557565007,-40.26678442351,0.159526935541171,3.03786513121014,0.222824645904786,0.00426615349871755,-0.0339591632933364,-30,0,0,0,0,0,0,2,-1.74889574345855,-0.745669220954097,-2.67981393308663,0,0,0
665,-39.8033925682688,-0.00567707960011739,2.97042035486931,0.230765542944859,-0.00105988671787661,-0.0294783347187451,-40.0426286179423,-0.0226257203819395,2.87917944389541,0.221326178181446,-0.00311612425348939,-0.0145317022993669,-30,0,0,0,0,0,0,2,-2.04736058225998,0.356863866112819,-4.30518865785413,0,0,0
666,-39.5747730391816,-0.00655840188607693,2.93965771012939,0.226472673596832,-0.000702761988745634,-0.0320453245358277,-39.438404315173,0.0544935440143215,2.83917534670651,0.220211173198112,-0.00679838207556038,-0.0331631249973457,-30,0,0,0,0,0,0,2,-3.14430868946522,0.570851119527395,-2.36203819367845,0,0,0
667,-39.3503012968919,-0.00697553402576719,2.90743885092512,0.222470770365623,-0.000131507922115157,-0.0323908701294286,-39.3156256921126,-0.124646575452686,2.82762493565833,0.221114580398324,-0.0153114405644571,-0.0372793512413575,-30,0,0,0,0,0,0,2,-3.48020665560721,1.78043720735109,-1.9273147471809,0,0,0
668,-39.1298344117258,-0.00621659787129855,2.87515363727979,0.218463157527696,0.00164937563210941,-0.0321780354295464,-39.190717814267,-0.0548606819104347,2.78154522664135,0.23483010650822,-0.00324038316656992,-0.0411738587694052,-30,0,0,0,0,0,0,2,-5.10157502228797,0.433759680477862,-1.44570457634218,0,0,0
669,-38.9138757079509,-0.00435001218032816,2.84376721046545,0.21345490126331,0.0020837903814897,-0.0305929384680818,-39.0665898900047,0.0101354477149975,2.93907220732735,0.224829204265793,-0.0147820601708547,-0.0251509144373562,-30,0,0,0,0,0,0,2,-4.34974064656993,1.45793512165547,-3.36305297091908,0,0,0
670,-38.7032029471422,-0.00153697258056254,2.81298044141631,0.207890560087893,0.00354228286672217,-0.0309785251345846,-38.775342005988,-0.00304123544465287,2.84077788118801,0.204611437273407,-0.00153062745665548,-0.0293860306473723,-30,0,0,0,0,0,0,2,-2.91045971536484,0.159145216554854,-2.74295269763879,0,0,0
671,-38.497334143637,0.0020850720116157,2.78162606073202,0.203846853921418,0.00370180075923637,-0.031728712547876,-38.5834720259795,0.00727439120097249,2.79359829281442,0.202123674464398,0.000881604593779325,-0.016313994961396,-30,0,0,0,0,0,0,2,-3.04542339448076,-0.102709241779877,-3.95579708948924,0,0,0
672,-38.2959304443863,0.00573571594579939,2.74908423360387,0.19896003851176,0.00359948088743787,-0.0333531187848143,-38.3072132518795,0.053844459382577,2.72915377889069,0.205518526907181,0.0101966455676369,-0.0321655206035375,-30,0,0,0,0,0,0,2,-3.93742618695917,-1.12735347552884,-2.24175549742763,0,0,0
673,-38.0992506562956,0.00877177521720308,2.71587553188921,0.194399717100844,0.00247263239185241,-0.0330625830234197,-38.1531701208526,-0.0333354142873367,2.71651109907895,0.199544458930565,-0.00464895562340214,-0.0305432409922776,-30,0,0,0,0,0,0,2,-3.64810565135134,0.531566390914888,-2.37869809893015,0,0,0
674,-37.9070570755907,0.0115104275557594,2.68282022926294,0.189987523086074,0.00300466648568403,-0.0330463772572386,-38.0555783078629,-0.115491940730905,2.62996485094746,0.204397623287803,0.0200132516148167,-0.0249651504245787,-30,0,0,0,0,0,0,2,-4.32860571305451,-1.77034128001986,-2.76341465943704,0,0,0
675,-37.7196627236838,0.0136302036380166,2.64983984662966,0.184801301015213,0.00123488019637709,-0.0329124691916972,-37.6108547083467,0.0358203088672729,2.52296911223633,0.198503541050148,-0.005048729538296,-0.0415405070613268,-30,0,0,0,0,0,0,2,-4.62864468832128,0.433232336095054,-0.891887518339979,0,0,0
676,-37.5370046818878,0.0150820000468327,2.61783340414453,0.180515499642099,0.00166870710107813,-0.0310988243011532,-37.6419374044968,0.0437747801405322,2.62976372436975,0.174587176241486,-0.00346507802993098,-0.0179273764192065,-30,0,0,0,0,0,0,2,-2.17484281515497,0.258958242712034,-3.46678980681884,0,0,0
677,-37.3584394015006,0.0168803278535375,2.58587723476231,0.176614518958953,0.00192794305096736,-0.0328120628655173,-37.37059473408,0.0243027950371541,2.44176569779104,0.182244722948131,0.00136617564906317,-0.0300776487173928,-30,0,0,0,0,0,0,2,-3.48328282665305,-0.185223154980625,-1.8757665238428,0,0,0
678,-37.1838115131545,0.0187158855448103,2.55324158693402,0.172641453317479,0.00174316668818164,-0.0324577575049928,-37.3053466374432,-0.0531114580289443,2.55378692876676,0.183078161745294,0.00827852032236296,-0.0344845501016466,-30,0,0,0,0,0,0,2,-3.69712289964308,-0.721629116178407,-1.65911884736886,0,0,0
679,-37.0131749108715,0.0200984775050465,2.52111573050581,0.168632055489503,0.00102201197678063,-0.0317924693948868,-36.9856820032726,0.139293375849955,2.49569229828432,0.171590019277021,-0.00314342978207241,-0.0318556286159906,-30,0,0,0,0,0,0,2,-3.18763792115696,0.0357562265073306,-1.80582173496958,0,0,0
680,-36.8463896113239,0.0211385748572699,2.48944609403879,0.164938696955889,0.00105817702082937,-0.0315454344243909,-36.8088510753038,0.137136945645011,2.48539280245934,0.162403768710816,-0.00789627360378635,-0.0237313057990247,-30,0,0,0,0,0,0,2,-2.62267472047397,0.515353469088614,-2.59765502501622,0,0,0
681,-36.6833151291312,0.0224545996616177,2.45754155333685,0.16121007826293,0.00157386624754222,-0.0322622683120048,-36.7137580587856,-0.139915278409224,2.46634493288411,0.159163148238203,-0.0124550719938484,-0.0356771540729161,-30,0,0,0,0,0,0,2,-2.48879870624912,1.52533775620328,-1.36497445847662,0,0,0
682,-36.5235402072113,0.024791297425145,2.42537128789997,0.158339894876492,0.00309952320417145,-0.0320771899493489,-36.3340780062993,-0.0159011789484613,2.48627143951214,0.153704196515578,-0.00734968911772755,-0.0391074634710189,-30,0,0,0,0,0,0,2,-2.70226363895918,0.766771269669678,-1.06179653192238,0,0,0
683,-36.3666268579667,0.0282743826849954,2.39357455575409,0.155487061942355,0.00386664129403201,-0.0315152080239056,-36.2623224831092,-0.0645428739968103,2.46181101988912,0.157302073751649,0.00785741254842391,-0.0328542455192893,-30,0,0,0,0,0,0,2,-3.20556240894651,-0.65665550684877,-1.63819748784931,0,0,0
684,-36.2129410411135,0.0318129048203371,2.36226919648676,0.151884782832032,0.00321039700879456,-0.031094181710288,-36.1146832158367,0.0336831859515017,2.43012086864325,0.139906564300618,0.00217779096100045,-0.0345432299619274,-30,0,0,0,0,0,0,2,-1.76128999838839,-0.285145468003049,-1.40591874109375,0,0,0
685,-36.0622149720109,0.0348808452752917,2.33103817609932,0.149567317744641,0.00292547721131075,-0.0313669904144048,-36.024467632436,-0.163444875381575,2.28098332431263,0.159410873703888,0.0165626486096628,-0.0329367140114812,-30,0,0,0,0,0,0,2,-3.89215210551676,-1.32937511020313,-1.26829524747713,0,0,0
686,-35.9146059099138,0.037141887523587,2.30024471982459,0.145651271450955,0.00159660179491815,-0.0302184886995933,-35.8701213978404,-0.00249755309620726,2.2702505597716,0.141971901405126,-0.0194947943462256,-0.0322140070493897,-30,0,0,0,0,0,0,2,-2.45694734483166,1.95447454081498,-1.31910041460423,0,0,0
687,-35.7703604069289,0.0397158862580734,2.27014341206586,0.142839876016588,0.00355139146489981,-0.0299830852171799,-35.8449719113927,0.102283943944587,2.25250801707118,0.149018511806883,0.036109659661168,-0.0393719480422518,-30,0,0,0,0,0,0,2,-3.21190735790302,-3.81553385400597,-0.567821229917187,0,0,0
688,-35.6289932337914,0.0413597196602682,2.24080915562232,0.139894984460536,-0.000263729742742513,-0.028684342358299,-35.6631015770851,0.0607476882103392,2.26066693490977,0.137583619396355,0.00119902722353481,-0.0376809838666571,-30,0,0,0,0,0,0,2,-2.43215878546526,-0.241398098774159,-0.753235483153841,0,0,0
689,-35.4903187833221,0.0409754500831472,2.21246390831096,0.137454211962441,-0.000504815570973859,-0.0280052469402107,-35.3101009603325,0.0201343332005563,2.34474414007466,0.14306860711625,-0.0017113300182353,-0.0274762977812676,-30,0,0,0,0,0,0,2,-3.68665879096001,0.130864335422417,-1.94185850202256,0,0,0
690,-35.354944357431,0.0405363064481558,2.18471809618319,0.133294877840174,-0.000373478340878828,-0.0274848699248421,-35.3387327446472,-0.0357305557593041,2.04930041054293,0.138791020816123,-0.00072159291776513,-0.0358075698745335,-30,0,0,0,0,0,0,2,-3.20163659231793,0.143620403295121,-0.517843833632521,0,0,0
691,-35.2230989083505,0.0402348464997265,2.15790866114481,0.13039654868204,-0.000229446620643956,-0.0261329375328949,-35.182021411629,0.0452709281721747,2.19048802718942,0.134212607587649,0.00317248417568423,-0.0339964472979341,-30,0,0,0,0,0,0,2,-3.05721793550697,-0.407790273912773,-0.981331324585425,0,0,0
692,-35.0942362706662,0.0398017039680604,2.1322273925717,0.127329097093774,-0.00063684438854915,-0.0252284783113581,-35.1533662643048,0.0852976452615097,2.11640425851679,0.115329250164076,-0.0173130200416674,-0.0357849007010676,-30,0,0,0,0,0,0,2,-1.22619248779809,1.56070671364372,-0.654318446926825,0,0,0
693,-34.9676185887952,0.0399452944697328,2.1070175364254,0.125906330386767,0.00092401959322782,-0.0251906932561795,-34.9441069300006,-0.182974122148588,2.23239535895453,0.135233997731045,0.00852927072977899,-0.0184148141931451,-30,0,0,0,0,0,0,2,-3.63518591310334,-0.486978828680722,-2.62330929859454,0,0,0
694,-34.8439789411976,0.0406260599187955,2.08181692053631,0.121373010247746,0.000437506683794183,-0.0252089104230828,-34.8606157916757,-0.149863014483217,2.08052813381711,0.104981238927925,0.00264015306469088,-0.0407070807225814,-30,0,0,0,0,0,0,2,-0.776892309441072,0.0357107224973455,-0.0903481953760856,0,0,0
695,-34.7229661744051,0.0410814750034112,2.05671487083562,0.120652648432115,0.000473317230185199,-0.0249948965328248,-34.507476953675,-0.0581864417371547,2.19741759616228,0.122152818841055,0.00360867562622293,-0.00731511838452225,-30,0,0,0,0,0,0,2,-3.20032797675542,-0.244494679147983,-3.66332335387233,0,0,0
696,-34.6047307334323,0.0414327525684296,2.03117409606752,0.115817902561228,0.000229231995272708,-0.0260849234897353,-34.5953708967265,-0.022116456610658,2.07829251347733,0.110826686447323,-0.00378392514298421,-0.0244255491913319,-30,0,0,0,0,0,0,2,-1.89192685127925,0.422625427519737,-1.71403010782146,0,0,0
697,-34.490213740797,0.0418734214792712,2.00490852350765,0.113216002998016,0.0006520997118946,-0.0264452794106437,-34.6639303060563,-0.0202773270023966,1.82978281295483,0.114839743466727,0.00247617951100645,-0.0193530850694801,-30,0,0,0,0,0,0,2,-2.15611373456007,-0.207063297095851,-1.72425711896166,0,0,0
698,-34.378405737842,0.0424221300606417,1.97836332383895,0.110399980196349,0.000445312665999354,-0.0266441010780933,-34.2516161611484,-0.0842758474222622,2.02477228039016,0.0980774512035343,-0.0132387256026743,-0.0396818072704698,-30,0,0,0,0,0,0,2,-1.30451279805672,1.49242425511196,-0.0813638337333478,0,0,0
699,-34.2685701560489,0.0436137410321259,1.95200235401927,0.109271426269092,0.00193790457443534,-0.0260774095655076,-34.3781475785482,0.0474060856310159,2.14619801197636,0.110637259754586,0.00617739566344078,-0.0325924315091827,-30,0,0,0,0,0,0,2,-2.30743081836214,-0.71255173760611,-1.03315287303445,0,0,0
700,-34.1605510863119,0.0451955206537154,1.92614781330954,0.106766915501839,0.00122564892155782,-0.0256307657335721,-34.1958611646189,0.136879414888928,1.96578733228098,0.119719773262289,-0.00285000701865372,-0.0278588049062557,-30,0,0,0,0,0,0,2,-3.58025499699101,0.011241872087516,-1.14569417393639,0,0,0
701,-34.0555694319979,0.0464270233153726,1.90109405762216,0.103196840280451,0.00123735044021813,-0.0244754706123378,-33.8177158723185,0.0707965770367885,2.00490769052373,0.0989068589785574,0.0100109006048947,-0.0146119133374189,-30,0,0,0,0,0,0,2,-2.25525415321875,-1.14268321456305,-2.54862404730557,0,0,0
702,-33.954074198062,0.0470931810550156,1.87623812852181,0.0997934112544643,9.49557812456361E-05,-0.025235176224161,-33.9428553143174,-0.169329942831288,1.83995124798972,0.103557830688261,-0.0120064575182114,-0.0213149089032977,-30,0,0,0,0,0,0,2,-2.47007244019138,1.53930563748372,-1.54841160564968,0,0,0
703,-33.855755606849,0.0479579509775971,1.85108425563718,0.0968438712758717,0.00163457811913822,-0.0250715155069333,-34.0563330557271,0.094179323102698,1.81917033758946,0.102140664943828,-0.0174062267798102,-0.0252627531312517,-30,0,0,0,0,0,0,2,-2.10140038292858,1.55226403177563,-1.11206536205375,0,0,0
704,-33.760106133128,0.050368798218905,1.82615297619551,0.0944552154887886,0.00318711168695391,-0.0247901860108095,-33.9607732621985,0.193475196319839,1.84809238355923,0.0945760680599685,0.00532125583076612,-0.00945873408492455,-30,0,0,0,0,0,0,2,-1.53606028159982,-0.91907597571629,-2.75031135862601,0,0,0
705,-33.6671349302389,0.053096473167482,1.80068911045346,0.09148676682196,0.00226823169963903,-0.026136488782665,-33.6990459446737,0.085263655876491,1.91599084741713,0.0791820635786909,0.00245872175169593,-0.024327661152281,-30,0,0,0,0,0,0,2,-0.520114468521606,-0.416399486922574,-1.39921557960617,0,0,0
706,-33.5763148797732,0.0551565405175971,1.77409278037607,0.0901530574369474,0.00185189832498695,-0.0270556817079217,-33.5303119718296,0.0883982273426396,1.79754130959785,0.0731948503996818,-0.00540621113707567,-0.050385249202423,-30,0,0,0,0,0,0,2,-0.25886109630907,0.363824659022288,1.4434423010466,0,0,0
707,-33.4858393511922,0.05719037073008,1.74760688925048,0.0907984342860514,0.00221575704607808,-0.0259162937167773,-33.4996117887328,0.267579653542507,1.78879801403129,0.0853477760806512,-0.00512746564662485,-0.0238474064785192,-30,0,0,0,0,0,0,2,-1.53555403059948,-0.0224127424225283,-1.19285538021066,0,0,0
708,-33.3960395538729,0.0593950232636589,1.72163030481686,0.0888011609907116,0.00219354106394864,-0.0260361581995783,-33.3536016559066,0.00589189315602711,1.5943445006262,0.0810244980328923,-0.00651213304818881,-0.0346778873396737,-30,0,0,0,0,0,0,2,-1.39524649147597,0.639429518506826,0.279099732714963,0,0,0
709,-33.3077216849669,0.0619083721580863,1.69606610833624,0.0878349427313675,0.00283315009984049,-0.0250918731531671,-33.3092232772998,0.0739289972737499,1.83510490489345,0.10503578983632,0.012071143203254,-0.024279690132174,-30,0,0,0,0,0,0,2,-3.88513242903248,-1.3549723148729,-1.24224079656951,0,0,0
710,-33.2218159672844,0.0640642883303503,1.67163418805824,0.0839769869919543,0.00147867659309125,-0.0237706131889065,-33.091861468327,0.210114179734538,1.61531892725798,0.0863492818482442,-0.0122160584637086,-0.0188233264100867,-30,0,0,0,0,0,0,2,-2.45120524817034,0.801377486901783,-1.34830521350729,0,0,0
711,-33.1392412800986,0.0659438145963778,1.64803671779896,0.0811725466474279,0.00228036846742224,-0.0234233356125511,-33.3238068409662,-0.0490685324859136,1.63800196248786,0.0852791230571246,-0.00371234931436465,-0.0323225191440732,-30,0,0,0,0,0,0,2,-1.88029862378002,0.469371996408293,-0.0437520105683986,0,0,0
712,-33.0588390431959,0.068458993318634,1.62511831102697,0.0796323125225183,0.00274998216382409,-0.0224129229804616,-32.958246942907,0.0209813768539215,1.54188152031678,0.0927164467164606,-0.0111619103906007,-0.0235411790388065,-30,0,0,0,0,0,0,2,-3.35515078583209,1.07422828535223,-0.729645136752917,0,0,0
713,-32.9807651133827,0.0717463083075059,1.6034081452496,0.0765160668643483,0.00382464137526022,-0.0210063167311851,-32.984976803343,0.127416861351398,1.68516109042304,0.0701329574200396,0.00479931050314264,-0.0165643992665677,-30,0,0,0,0,0,0,2,-1.04334213531799,-0.734764773017061,-1.71388225418932,0,0,0
714,-32.9052161937434,0.0752036368360974,1.58199867458445,0.0745815305216383,0.00309000980874649,-0.021811938331816,-32.9786086786089,0.0900253165089133,1.74524673503101,0.080037733402352,0.0264263662477855,-0.0129433459737397,-30,0,0,0,0,0,0,2,-2.04655598301736,-2.82268725779637,-2.19615887268805,0,0,0
715,-32.8321442602554,0.0768824366613275,1.55991380072627,0.0715621856453623,0.00026758448338767,-0.0223567517138153,-32.9668321234939,0.0132272218012003,1.68766753233567,0.0778582415324857,0.00499549850538935,-0.0137771938429521,-30,0,0,0,0,0,0,2,-1.85215990626074,-0.526004294141336,-1.99761568037612,0,0,0
716,-32.7619539969628,0.0768871401522848,1.53730312376312,0.0688182030813179,-0.000258182782000167,-0.0228636405619728,-32.7467991513833,0.134168974136026,1.5591683181234,0.0839043678749024,-0.0024578084793074,-0.0295318518893698,-30,0,0,0,0,0,0,2,-2.89683848472364,-0.022557100341313,-0.165151447309817,0,0,0
717,-32.6943363970197,0.0766178679711449,1.51522901164092,0.0664175686456608,-0.000280367559674256,-0.0212837447260633,-32.6236397613247,0.242438568352543,1.65320117638676,0.0683251224559696,-0.0155196588446254,-0.022122195803336,-30,0,0,0,0,0,0,2,-1.58523272294758,1.06708874775745,-1.09418277243992,0,0,0
718,-32.6289016412348,0.0768711493871278,1.49396319785418,0.0644519931229342,0.00078692438083581,-0.0212471881682461,-32.6450592573651,-0.0486345687513079,1.38617381950865,0.0712505248262918,0.00354070776843922,-0.00489189644653648,-30,0,0,0,0,0,0,2,-1.8349339678989,-0.256801639341307,-2.28315799436364,0,0,0
719,-32.5659044454546,0.0775297931294884,1.472353751456,0.0615421829516392,0.000530357396996165,-0.021970695216292,-32.3463243578873,0.0660913037734302,1.52390163539582,0.0616129945396433,-0.0137181592224869,-0.0149445671346798,-30,0,0,0,0,0,0,2,-1.46865073818963,1.23963331470183,-1.55334655732366,0,0,0
720,-32.5054451491677,0.0786800647202705,1.45019096510447,0.0593763114872045,0.00177017866756717,-0.0223541223262371,-32.6959227210352,-0.00273238230431681,1.52635338992543,0.054060782993529,-0.00830321220649678,-0.010878406913265,-30,0,0,0,0,0,0,2,-0.0142328572824475,0.835785985258312,-1.96486608852436,0,0,0
721,-32.4467186858372,0.0808681397980166,1.42702786322687,0.0580760970860452,0.00260596540889264,-0.0239716217852872,-32.362852335102,-0.124070341265575,1.36453186274139,0.0604705160283214,0.00161294498159704,-0.000456153681400513,-30,0,0,0,0,0,0,2,-1.32134693262816,0.0868461843714461,-2.68344835734274,0,0,0
722,-32.3900274578209,0.0835176152911824,1.40238397889443,0.0553059316357028,0.00269298001004342,-0.0253151924060142,-32.5570121384302,0.148271550234935,1.5674997828651,0.0470399665270604,0.00523332878470018,-0.0289272666080062,-30,0,0,0,0,0,0,2,0.41002762415444,-0.819875978939888,-0.242272904929583,0,0,0
723,-32.3346647756459,0.0858006330750996,1.37679588432378,0.0554192774180475,0.00187305119683437,-0.0258610192869206,-32.3802661221764,0.137770267524258,1.42525386996684,0.0422178987373866,0.00126966625036296,-0.0151944434391678,-30,0,0,0,0,0,1,2,0.538742370614154,-0.402507160084812,-1.3310633960169,0,0,0
724,-32.2794844403103,0.0874723986600901,1.35019999653165,0.0549409292399671,0.00147047405490166,-0.0273305795535923,-32.2484491326119,0.00839981089092502,1.17967232140121,0.0611996563767398,0.0104718921745118,-0.0328009938572936,-30,0,0,0,0,0,1,2,-1.62306737245019,-1.06398883923303,0.920754742926935,0,0,0
725,-32.2249053365319,0.0884109858679319,1.32369115474297,0.0542178655553102,0.000406694380544176,-0.0256868446922021,-32.0083045401234,-0.013963109235921,1.34019399878377,0.0513592492924344,0.00447698744892018,-0.0139499203572976,-30,0,0,0,0,0,1,2,-1.11931584899666,-0.419772526420176,-1.28539596183779,0,0,0
726,-32.1715531579846,0.0886078681089889,1.29781460926995,0.0524863921791965,-1.29349381655856E-05,-0.0260656444619797,-32.0769220349513,-0.033754915314661,1.21933709008462,0.0510417289174124,0.00533823711311167,-0.0242799950951694,-30,0,0,0,0,0,1,2,-0.950328821838669,-0.466313880681845,-0.0106746706522918,0,0,0
727,-32.1194625500839,0.0883618393226871,1.27199957117529,0.0516950184990838,-0.00047912664588286,-0.0255641550142455,-32.1055326698336,-0.0321858228260248,1.36037534968332,0.0608436317499211,-0.00930725824232376,-0.0121165683775654,-30,0,0,0,0,0,1,2,-1.87329783532496,0.995097469884425,-1.5090938616101,0,0,0
728,-32.0689952220144,0.0883803840127433,1.24640201654618,0.0492396455238131,0.000516210825229072,-0.0256301132484119,-32.1777430643596,-0.136657587022948,1.04409029831204,0.0474489981762267,0.0154598315164863,-0.030501600414712,-30,0,0,0,0,0,1,2,-0.389413688903502,-1.27266797760273,0.961979444847116,0,0,0
729,-32.0196247624501,0.0882602896294082,1.22122200584757,0.0495016074264679,-0.000756406553938563,-0.0247299834592789,-31.9779862408472,0.0929164482804659,1.26588971083682,0.0389976583177813,0.010155452478542,-0.0204275392086155,-30,0,0,0,0,0,1,2,0.0562066499163612,-1.20137814441514,-0.489025500812096,0,0,0
730,-31.9702816506035,0.0869031929499319,1.19624067200984,0.049184477104612,-0.00195779218212878,-0.0252325631205765,-32.04221571462,0.0438208662193676,1.07476606981631,0.053719667947725,-0.00363308167313847,-0.015352672014395,-30,0,0,0,0,0,1,2,-1.28753536553244,0.275666434875111,-0.614264938193128,0,0,0
731,-31.9218136152037,0.0850833198557518,1.17113708238842,0.0477517105562245,-0.00168196055488213,-0.0249741210752541,-31.9813409628596,0.0947390562823132,1.08962663619958,0.0426213230692641,-0.00769985474348414,-0.0346191270283482,-30,0,0,0,0,0,1,2,-0.299450381207222,0.580507361783788,1.28265943043566,0,0,0
732,-31.8737924657246,0.0836916359166205,1.14670862567012,0.0482909876668891,-0.00110141400106114,-0.023882958409883,-31.9068636061111,0.170170894666694,0.861848999605274,0.0420217451814188,-0.00318331769607132,-0.0385677677831321,-30,0,0,0,0,0,1,2,-0.388447305919704,-0.0220100197262557,2.13307877910266,0,0,0
733,-31.8249936516223,0.0825792455247386,1.12372653036458,0.0493072715604072,-0.00112337292231236,-0.0220815599656861,-31.6866360695297,0.0528480742901018,1.25255800160507,0.0489371341097825,0.00998133912615445,-0.0195428986718515,-30,0,0,0,0,0,1,2,-1.5204412719188,-1.10383006119565,-0.550826136024992,0,0,0
734,-31.7764695720479,0.0809040577267947,1.10187429650045,0.0477410685831372,-0.00222700780629228,-0.0216223688478487,-31.565945709414,0.0568128031216473,1.23119459399369,0.0362607302322408,0.0096901020065437,-0.00115692634283679,-30,0,0,0,0,0,1,2,-0.494181604396065,-1.08263580689766,-2.3466965537037,0,0,0
735,-31.7296908842416,0.0781357665144261,1.07946439675912,0.0458158097285299,-0.0033095813479954,-0.0231967726170404,-31.8690855036104,0.102683502808123,1.11936615168708,0.0413538452204724,-0.00434069139746938,-0.031966428552617,-30,0,0,0,0,0,1,2,-0.397213514826511,0.228702134130691,0.95791055188755,0,0,0
736,-31.6837441479436,0.0749405651280579,1.05672056208271,0.0460779933933334,-0.00308082762934307,-0.022290973089004,-31.8900510037858,0.0816581175320363,0.997254346774814,0.0540988283361878,-0.0110880215578743,-0.0432459283613623,-30,0,0,0,0,0,1,2,-1.62978082604727,0.945485920723359,2.3300841425866,0,0,0
737,-31.6375680218408,0.0723325886450499,1.035803890442,0.0462752024888518,-0.00213513093126542,-0.019542422460367,-31.5897523635986,0.111270559386328,1.04588305980541,0.0583902016857946,0.00312642672662305,-0.0347274444830053,-30,0,0,0,0,0,1,2,-2.65951544138222,-0.535183791434962,1.38097832868972,0,0,0
738,-31.5918913031466,0.0699300405159602,1.01760149514665,0.0450791555316031,-0.00266997206145527,-0.01686195556019,-31.4519685236575,0.0735484674925731,1.0771581056804,0.0355524457012357,0.0050957668277161,-0.00963196317248351,-30,0,0,0,0,0,1,2,-0.651307522808562,-0.656673617756756,-1.19111989411244,0,0,0
739,-31.5474627036288,0.066931775564054,1.00045012219181,0.0437778749293331,-0.00332656259367632,-0.0174403431251061,-31.539883746887,-0.0332921752967829,1.11523531100219,0.0421023018784288,0.000175173065477221,-0.0179770322072364,-30,0,0,0,0,0,1,2,-1.13046269406897,0.0490670440458437,-0.432767401280736,0,0,0
740,-31.504276078271,0.0636298224681599,0.983166195698642,0.0425955050530609,-0.00327735045355921,-0.0171271030989031,-31.6365833231899,0.0240502887385612,1.0140215808455,0.0467464458283945,0.016494098684449,-0.0359224706660523,-30,0,0,0,0,0,1,2,-1.40147793645963,-1.69751044592203,1.56420390491422,0,0,0
741,-31.461733764453,0.0595038107129151,0.967048948307833,0.0424898191261866,-0.00497467986259598,-0.015107346345313,-31.3734576749747,0.133059659449651,0.977061686398419,0.0372113941882048,-0.00412070792512582,-0.00573461275074677,-30,0,0,0,0,0,1,2,-0.974224068871157,0.145951473613279,-1.38066209772216,0,0,0
742,-31.42007824778,0.0546021716409622,0.951686551106934,0.0408210692513886,-0.00482860389756896,-0.0156168822650693,-31.4237548023093,0.147777409180722,1.05220879594719,0.0358630532414075,-0.0108358621083747,-0.0139341309450935,-30,0,0,0,0,0,1,2,-0.738795719522224,0.788031392476026,-0.711004497385022,0,0,0
743,-31.3797863025663,0.0501676337287569,0.935996805459385,0.0397627961643138,-0.00404047791573087,-0.0157622462004841,-31.360665716242,0.0216332189004321,0.854866327499631,0.0627057270604807,0.00380403146637439,-0.00274451670499855,-30,0,0,0,0,0,1,2,-3.54924127356409,-0.423669584438303,-1.43528098449941,0,0,0
744,-31.3418609438235,0.045915552368619,0.920790905461117,0.036088313354841,-0.00446369198770356,-0.0146483265850965,-31.1479593161219,0.15761455292986,1.01257257235974,0.0389842057705366,-0.0144447925235823,-0.0309721091634435,-30,0,0,0,0,0,1,2,-1.60250194480987,1.12925014649851,1.07206577162487,0,0,0
745,-31.3060565416748,0.0420165912947848,0.907033585360413,0.0355210988153626,-0.00333423525364176,-0.012866118331375,-31.3311152631109,0.0702443813337379,0.887959660906532,0.0434516993405241,-0.000849344981411516,-0.014491229169323,-30,0,0,0,0,0,1,2,-1.68293940783062,-0.0555542645263241,-0.326796404880767,0,0,0
746,-31.2712995169826,0.038654689121435,0.894550627752218,0.0339932254524246,-0.00338957334148827,-0.0120992790426928,-31.2834389146181,0.192301592155597,0.814415678089272,0.0476403612363893,-0.01837578706586,-0.00547443716182384,-30,0,0,0,0,0,1,2,-2.19715829440265,1.45297552227481,-1.08138763999616,0,0,0
747,-31.2385094019287,0.035991747359056,0.882713856394011,0.031587197866745,-0.00193631595238473,-0.0115734591046917,-31.3052554421177,0.118086046610062,0.958368302990985,0.029994237360496,-0.00584872742315655,-0.0158418772571847,-30,0,0,0,0,0,1,2,-0.388912851814256,0.348700649095531,-0.332548880263501,0,0,0
748,-31.2071928048454,0.0342298079627523,0.871106983181844,0.0310459922972385,-0.00158756549068034,-0.0116401034225728,-31.353510452899,-0.0913264584794488,0.991706511218235,0.0405728817089534,-0.00953743863462923,-0.00946312593372798,-30,0,0,0,0,0,1,2,-1.35026726509741,1.13639678042182,-1.03710042906367,0,0,0
749,-31.1770118416342,0.0332105307558712,0.859476084188672,0.0293159613220434,-0.00045099568779176,-0.0116211146863081,-31.1034101117066,-0.069569848406714,0.779596418563872,0.0404825525704149,-0.000829060570389015,-0.014976323394827,-30,0,0,0,0,0,1,2,-1.84143503362836,0.22204575385233,-0.061560497645047,0,0,0
750,-31.1484324687648,0.0328706788749509,0.848396745499438,0.0278431588705566,-0.000228713238282136,-0.0105370688515813,-31.0387810827174,-0.0895489208782894,0.849623196085901,0.0271954747611815,0.0144659675814034,-0.0181471717264204,-30,0,0,0,0,0,1,2,-0.641985310683366,-1.26749891638376,0.115470780470236,0,0,0
751,-31.1208105536671,0.032008261572962,0.838082053502662,0.0274008396488786,-0.00149612954416192,-0.0100921595577324,-31.1479682109702,-0.0164680599664441,0.824784204678688,0.019979871133392,0.0184572551450269,-0.00521467211148107,-30,0,0,0,0,0,1,2,0.297949308601211,-1.8127893945698,-1.12810119820927,0,0,0
752,-31.0936755782613,0.0296057206831275,0.827434649274617,0.026868765519454,-0.00330895784137035,-0.0112024652610862,-30.9861901048326,0.0735191765073056,0.805144497257741,0.0172339969960207,-0.0064507762571632,0.000490497751354924,-30,0,0,0,0,0,1,2,0.248980510063141,0.498039272701709,-1.65933876965097,0,0,0
753,-31.0672645235209,0.0265457689473335,0.815491108545842,0.0259528760341931,-0.00281095147881916,-0.0126843081991226,-31.1045121710253,0.070828671718545,0.935225118597459,0.0342396390803034,0.000946364181373459,-0.0089733078803903,-30,0,0,0,0,0,1,2,-1.21493956597973,-0.236293761574436,-0.973119449155889,0,0,0
754,-31.0421048805009,0.0236167503307149,0.802802808170643,0.0243664271051369,-0.00304708957158354,-0.0126917667254471,-31.0503233928884,0.0393451996230201,0.863610959711497,0.0349915621107068,-0.0127066428104969,0.00552561526085398,-30,0,0,0,0,0,1,2,-1.39850942529382,1.19197388180365,-2.27978344550839,0,0,0
755,-31.0190257611684,0.0211657395664635,0.789671486390664,0.0217915420782918,-0.00185493714773395,-0.0135700256862144,-31.1050164484725,0.00806494757711117,0.88444442369965,0.00805725543183485,-0.016746525921926,-0.0103558503914729,-30,0,0,0,0,0,1,2,1.4043073537615,1.65852269703838,-0.733303808252007,0,0,0
756,-30.9969547739341,0.0201399761531038,0.775340914964559,0.0223499540372794,-0.000196595393907105,-0.0150912930288662,-30.8534471119125,0.111230820264131,0.652534377619744,0.0150977299288278,0.00434064395383614,-0.00299254647212908,-30,0,0,0,0,0,1,2,0.197121230942208,-0.656526035911875,-1.00581410802658,0,0,0
757,-30.974873953909,0.0196151079656643,0.759777871320879,0.0218113965125683,-0.000853147316696818,-0.0160346133112344,-31.099240680879,0.0792948383316127,0.91259026644263,0.034357254709465,-0.00212885123521912,-0.0169906608589697,-30,0,0,0,0,0,1,2,-1.23724410918844,0.0542954468586866,-0.126114446988294,0,0,0
758,-30.9535904817097,0.0187891903338173,0.744072821686819,0.0207557841702305,-0.000798692880164341,-0.0153751332781531,-31.0159418817447,0.0549882636220153,0.726614356783211,0.027999220157522,0.00701077647535085,-0.00464061889181027,-30,0,0,0,0,0,1,2,-0.768038252262716,-0.811054174779115,-0.989166824385394,0,0,0
759,-30.9334651803602,0.0175850223863591,0.728548132191878,0.0194947406258249,-0.0016096488499441,-0.0156738296764333,-30.7172731491365,0.103638028680534,0.576233870280299,0.0263427451824163,0.00782855791505736,-0.022362550893639,-30,0,0,0,0,0,1,2,-1.19972821996867,-0.990131848866804,1.0837873488033,0,0,0
760,-30.9140889420441,0.015480387708567,0.713652554076396,0.0192582606188263,-0.00259962586021322,-0.0141172448805485,-30.9401040708782,0.131283773126119,0.599346262047431,0.0244146837875147,-0.01004753835557,-0.0143753808523467,-30,0,0,0,0,0,1,2,-0.561260236995142,0.742186289304759,0.238845561139805,0,0,0
761,-30.8949813345857,0.0132518933902977,0.699785294173749,0.0189571350300594,-0.00185736729077349,-0.0136171713723968,-30.5362671462591,0.111602772213302,0.786462221559025,0.0176130235513853,0.0157758096156398,-0.0239138809687697,-30,0,0,0,0,0,1,2,-0.688768062620378,-1.80078650599058,0.818463653758919,0,0,0
762,-30.8760334540856,0.0104941802478032,0.686679633405479,0.0189389743068065,-0.00365806478724443,-0.0125941380617053,-30.9040243951422,0.0869721263200918,0.595948968908023,0.0365004299354879,-0.0020021397820956,-0.0220574987819438,-30,0,0,0,0,0,1,2,-1.84199420326446,0.0262697255693764,1.01385194037833,0,0,0
763,-30.857475175766,0.00684937042686975,0.675047757142111,0.0181782201233695,-0.00363155770811561,-0.0106693608402049,-30.8720821436173,0.120151938037877,0.643329719207021,0.0201617595638892,0.0140834256470014,-0.00422797965789381,-30,0,0,0,0,0,1,2,-0.27201166915425,-1.64864644077589,-0.863861472624661,0,0,0
764,-30.839696068143,0.00239351079045944,0.664117865475854,0.0173798430421855,-0.00528016963847192,-0.0111901614323586,-30.8705500840328,0.0256934755080889,0.597832933664034,0.0106722299759011,0.000176320287920158,-0.00664370324293214,-30,0,0,0,0,0,1,2,0.673877170475452,-0.0690189798081936,-0.531295543034854,0,0,0
765,-30.8222493235653,-0.00292120928301823,0.652484052589033,0.0175133754863678,-0.00534927553686367,-0.0120775026839648,-30.8399411097428,-0.0765464542084005,0.435770368229966,0.0280675223303314,0.000985171468720431,0.00536638486836545,-30,0,0,0,0,0,1,2,-1.12687001354758,0.0545757615447578,-1.40817922329648,0,0,0
766,-30.8056373735134,-0.00824312218639232,0.640221262128937,0.0157104204149609,-0.00529455566871637,-0.0124474897701213,-30.8905273829817,-0.132944910888456,0.550993002115565,0.022814601233563,-0.000131798960038405,0.00244325871095625,-30,0,0,0,0,0,1,2,-0.500405357392935,0.279069717780753,-1.34631187532675,0,0,0
767,-30.7905718554177,-0.0133981091957965,0.627408269498045,0.0144203955241155,-0.00501542235304743,-0.0131780726066187,-30.8365751953609,0.0823014944066432,0.693441833290436,-0.0143149290449339,-0.0210115579099758,0.000403083309927874,-30,0,0,0,0,0,1,2,3.1046432952152,1.9365528021843,-1.42719199757366,0,0,0
768,-30.7754630022473,-0.0174454519495538,0.612652904167975,0.0157963100056438,-0.0030792694728897,-0.0163330974502127,-30.8366104435664,-0.0884468933219146,0.570769046373981,0.0331132610034191,-0.00287374829056239,-0.015140861013976,-30,0,0,0,0,0,1,2,-1.63810521320906,0.464268615700068,0.372548008649639,0,0,0
769,-30.7601793687808,-0.0202924789159219,0.596976842974684,0.0147714012223993,-0.00261479006177776,-0.0150186854143083,-30.7658819390737,-0.0371351037223592,0.428090716811412,0.0227419800649247,-0.00359091762010407,-0.016061740690673,-30,0,0,0,0,0,1,2,-0.742434128345013,0.433361969455126,0.749992635444471,0,0,0
770,-30.7454577103762,-0.0226905384146507,0.582464261754961,0.0146722563391814,-0.00218133224325502,-0.0140064376563632,-30.7095342759867,-0.0625252167030416,0.516591447100938,0.0179403682751095,-0.00285956118024171,-0.0102097594336573,-30,0,0,0,0,0,1,2,-0.374968275537609,0.411006551430254,-0.0122069508361498,0,0,0
771,-30.7309462918027,-0.024666340120823,0.568556087142064,0.0143506593575411,-0.00177027749262997,-0.0138098041658622,-30.7602984338641,-0.230078208358543,0.441817351787054,0.0131579056063804,-0.000394862098669451,-0.00583785833466558,-30,0,0,0,0,0,1,2,0.204806307090168,0.49964262658403,-0.29984887010755,0,0,0
772,-30.7166325540459,-0.0261868059060509,0.554545827606373,0.014276707038127,-0.00127066136340888,-0.0142106846167631,-30.7119888618324,-0.180412804580864,0.484050851485137,0.0330098853676943,0.00178529968709959,-0.0183018377616296,-30,0,0,0,0,0,1,2,-1.87701081310466,0.182295640451769,0.862082073192686,0,0,0
773,-30.7027940362789,-0.0273661960712208,0.541257409632763,0.0134009369225601,-0.00108812394817409,-0.0123658687461582,-30.6689574120608,-0.132001514737657,0.422158994633797,0.00819648601880553,0.002645370211411,-0.0148876659109369,-30,0,0,0,0,0,1,2,0.518266222240952,-0.000533991665785771,0.644448601826101,0,0,0
774,-30.6890002861764,-0.0284546176005031,0.528943680403062,0.0141866112650397,-0.0010887242149641,-0.0122618369298249,-30.5565602836596,0.143966940051597,0.60205805463943,0.00901394957767657,0.00106806541472752,-0.0102065407266027,-30,0,0,0,0,0,1,2,0.211725609551536,-0.394740421575947,-0.183462036618594,0,0,0
775,-30.674808923516,-0.0297407218100764,0.516523109832552,0.0141960252046518,-0.001483491954427,-0.0125793006635011,-30.5476574952624,-0.196355882759064,0.654984545730336,0.0147764364023728,0.0129214288338273,-0.0148689573901105,-30,0,0,0,0,0,1,2,-0.38232864971247,-0.899431117864604,0.176926647550377,0,0,0
776,-30.6607127101338,-0.0316739011850847,0.504116496892514,0.0139965287882318,-0.00238287381923369,-0.0122338578027151,-30.5566503654955,-0.069769304963246,0.433875554471382,-0.000133149645108372,-0.00165286939701966,-0.0155036878365949,-30,0,0,0,0,0,1,2,1.12661569550189,0.304825549628458,0.682617674716724,0,0,0
777,-30.6460820160691,-0.0339044309730517,0.491747140907227,0.0152647874032186,-0.00207819274282553,-0.0125052533778803,-30.6125373435051,-0.102912693414636,0.57194456786417,0.0187319355943296,0.0081756016391697,-0.0164645540620176,-30,0,0,0,0,0,1,2,-0.648118872422803,-0.611734777087698,0.502566270473414,0,0,0
778,-30.6309088185689,-0.0362884463268032,0.479624058504381,0.01508186659459,-0.00268984391948743,-0.0117408475168086,-30.7275925271787,0.0924783967158958,0.626522031983769,0.00484656659734213,-0.00436633577046792,-0.0294280820822625,-30,0,0,0,0,0,1,2,0.970528394623173,0.251676783615,1.68976414425871,0,0,0
779,-30.6149180893274,-0.0388525107955196,0.468175595490213,0.0168997940801157,-0.00243829099181863,-0.0111566574439452,-30.5233555136435,-0.148104450611392,0.363552800759389,0.0361400868766505,-0.00667566101090815,-0.000291020194439849,-30,0,0,0,0,0,1,2,-2.56729766037801,0.963775002313599,-0.698003582074794,0,0,0
780,-30.5992250361863,-0.0408087461273029,0.457585157953287,0.0144866882809464,-0.00147418632704044,-0.0100234460203579,-30.6308266930752,-0.195396360053098,0.46717125755069,0.0172845080290063,-0.0104428925393671,-0.00520179099460103,-30,0,0,0,0,0,1,2,-0.46679741675018,1.4350819740429,-0.414163415641277,0,0,0
781,-30.5850630287323,-0.0415653580268172,0.447541028305695,0.0138373282247286,-3.90445828836237E-05,-0.0100646028515125,-30.4125546610946,0.165534981434703,0.33778723152073,0.0255902016652433,0.00499804523504697,-0.026248408818294,-30,0,0,0,0,0,1,2,-1.7339108443352,-0.830874486374104,1.94926641878794,0,0,0
782,-30.5712417668178,-0.0420197250132838,0.438761283364406,0.013806027050443,-0.00086969509590117,-0.0074948696748422,-30.5514607094313,0.165088970824741,0.365239072614031,0.000171494004846022,0.000738724561720209,-0.0069097896244291,-30,0,0,0,0,0,1,2,1.08577201837807,-0.404050397821504,-0.0394991827851521,0,0,0
783,-30.5570536145284,-0.0430915117923233,0.430872048343217,0.0145700446532464,-0.00127388509560387,-0.00828383629117162,-30.6484078763738,-0.204549995331292,0.47719399083144,0.00896036001073739,0.0130936029702068,-9.92160700559238E-05,-30,0,0,0,0,0,2,2,0.400779751673866,-0.900260306358091,-0.944466374657287,0,0,0
784,-30.5426586768285,-0.0448155501020994,0.422082005080366,0.0142195240023958,-0.00217419743001411,-0.0092961345635016,-30.5093525314574,-0.00808221098140687,0.432053675953647,0.00838895323627166,-1.62285266243978E-05,0.0100182483033157,-30,0,0,0,0,0,4,3,0.179809739287575,0.0177872746252535,-1.86593218223887,0,0,0
785,-30.5290037349175,-0.0469808639391289,0.412008911861985,0.0130898820695717,-0.00215643428231787,-0.0108496887596041,-30.3111646012841,0.00744267727817679,0.367741935221869,0.0219736203275042,-0.011054548534049,-0.00990085213748377,-30,0,0,0,0,0,4,3,-1.57503283018229,1.09056949884855,0.25460134330464,0,0,0
786,-30.5164307180665,-0.0485919092581629,0.401758668393212,0.0120565449166102,-0.0010656621690364,-0.0096504665430676,-30.4711001266483,-0.0769968505721356,0.428394825428551,0.00601473021244834,-0.0152596345603802,-0.00426592839946687,-30,0,0,0,0,0,4,3,0.340727232051821,1.67995715718229,-0.430196810910416,0,0,0
787,-30.504402265515,-0.0488176124194761,0.391815840662001,0.0120001912881585,0.000614250938357857,-0.010235169133425,-30.3704201670334,-0.0494968155547369,0.499214900843621,0.0108473195593268,0.000545793082082557,-0.0142544625831774,-30,0,0,0,0,0,4,3,-0.343891621865908,0.044414322901218,0.427016456630499,0,0,0
788,-30.4924009672867,-0.0481811287971806,0.381836161534697,0.0120025804122197,0.000658709702720204,-0.00972418571499937,-30.2584130646649,-0.267550247843102,0.392052003343379,0.0029974905641287,-0.00847863719745255,0.00087317705408051,-30,0,0,0,0,0,4,3,0.21707707291686,1.38296421543146,-0.871421712094809,0,0,0
789,-30.4806198825335,-0.0468309505046703,0.371696342076198,0.0115593368479697,0.00204164553008633,-0.0105553076203291,-30.5820774414862,-0.0203372715471924,0.237220135289083,0.0220572960624335,-0.0131454851722831,0.00143491427622963,-30,0,0,0,0,0,4,3,-1.04157472327104,1.35522306032269,-0.617931698201129,0,0,0
790,-30.4696674725473,-0.0441116237517238,0.361239775630855,0.0103455575907525,0.00339700214411217,-0.0103574400704524,-30.4872685498167,0.0676309944065535,0.342644135819138,0.00497502781802917,-0.00217331550384889,-0.0109996935741004,-30,0,0,0,0,0,4,3,0.477034317830463,0.0820695615717825,0.414681085771762,0,0,0
791,-30.4590185733608,-0.0406736136141217,0.350860535265103,0.0109522416060576,0.00347901059878062,-0.0104012293153048,-30.4635907024466,-0.133418027121924,0.272405991365593,0.0128152624971723,-0.00306315585625559,-0.00298602781733694,-30,0,0,0,0,0,4,3,-0.354344844823946,0.573151639869406,-0.246209200997492,0,0,0
792,-30.4482930718797,-0.0369080012230854,0.340468306641757,0.0104987825291294,0.00405220765607216,-0.0103830818651022,-30.3389178416353,0.0671524126315722,0.256590838531249,0.0158757423536769,-0.00392366674368976,0.0058604837370333,-30,0,0,0,0,0,4,3,-0.909738552097122,0.258061849105831,-1.09923005076583,0,0,0
793,-30.4385125331034,-0.0327267016742489,0.329962730688758,0.00906223056018773,0.00431038586474282,-0.0106276172563059,-30.5257621526787,-0.192599138225661,0.283841681448841,0.00802318770661801,0.00572412118472093,-0.0039186673961254,-30,0,0,0,0,0,4,3,0.249205534695674,-0.187213842020771,-0.175816623285142,0,0,0
794,-30.4294291416105,-0.028509935677763,0.319170118715174,0.00910446184190215,0.00412313989035358,-0.0109576187119913,-30.5006492734689,-0.0559799294247525,0.334292189213603,0.0234423868410602,0.00167184768791502,0.00259837870636555,-30,0,0,0,0,0,4,3,-1.34294013716813,-0.0552249099419975,-0.928422249063762,0,0,0
795,-30.4211472752936,-0.0244143195088512,0.308300175219808,0.00745933819020252,0.00406808712179058,-0.0107817505948218,-30.5412112233409,-0.145569852745938,0.474651340756776,-4.55291075824931E-05,0.0171015141845535,-0.00244288242669791,-30,0,0,0,0,0,4,3,1.08697535744013,-1.41901171296348,-0.70501443884376,0,0,0
796,-30.4135329380172,-0.021055805832079,0.296877521057427,0.00776894779726613,0.00264893529857375,-0.0120636524052747,-30.3161046942192,-0.124616443477083,0.348533930805536,-0.00366559174204531,-0.00258302413464644,-0.0284236753393588,-30,0,0,0,0,0,4,3,0.998768562642872,0.507535300418809,2.14529967232481,0,0,0
797,-30.4046882796622,-0.0181531643425252,0.285260411210034,0.00992065912360494,0.00315634336202049,-0.0111712372111589,-30.3488565084313,-0.0364986494266764,0.249578510525238,0.00376395700046798,-0.00302398532248694,0.00720225914991858,-30,0,0,0,0,0,4,3,0.321317316815718,0.375395831102046,-1.21938293604233,0,0,0
798,-30.3950699974019,-0.0148091414896103,0.273512199563377,0.0093155591292286,0.00353169721500972,-0.0123249948890318,-30.6167453225905,-0.138385615996826,0.465444687540371,0.00634685705050901,0.000771589213323765,-0.000576308992211949,-30,0,0,0,0,0,4,3,0.598804940130028,0.199612310661275,-0.873258475859547,0,0,0
799,-30.3858388802754,-0.0111776744130453,0.260646123496663,0.0091463510269979,0.00373123206727818,-0.0134071016435856,-30.5430188876515,-0.0343976710516405,0.174987894430656,0.00563449314712946,0.0163071735369514,-0.0199992841904578,-30,0,0,0,0,0,4,3,0.522588460590123,-1.56192201159186,1.64995263018447,0,0,0
800,-30.3759595371061,-0.00822743355106402,0.247659003592009,0.0106126116608382,0.00216924378609206,-0.0125675901559972,-30.3727816806641,-0.00407536015525605,0.213316874217833,-0.00657563726009832,-0.00246133458246387,-0.0123945117802594,-30,0,0,0,0,0,4,3,1.4031270873381,0.254284178556899,0.812817429590269,0,0,0
801,-30.3645679507886,-0.00593113418061924,0.234904150644914,0.0121704585648825,0.00242334801947027,-0.0129425975361781,-30.4841653476195,-0.0531082575685639,0.0815822963436366,0.00409670440631568,0.00611464299471269,-0.00864086288133798,-30,0,0,0,0,0,4,3,0.558660254607493,-0.505247784334141,0.700921695446525,0,0,0
802,-30.3519691206047,-0.0037604424475284,0.222015230241745,0.0130272516966867,0.00191802879670015,-0.0128355057825343,-30.1973248538799,-0.106487361811916,0.196465149909544,0.012080448860494,0.00605527209990403,-0.00133931847999779,-30,0,0,0,0,0,4,3,-0.813395178289651,-0.392552486366572,-0.25899845181931,0,0,0
803,-30.3393438458377,-0.00203863512390255,0.209338793689041,0.0122234118002475,0.00152558074401255,-0.0125171139875928,-30.2016451868048,-0.115104180682795,0.187556503138862,0.0261183533232716,-0.00428935288414923,-0.0111534390924014,-30,0,0,0,0,0,4,3,-2.20854495871748,0.659143649780512,0.740230902962419,0,0,0
804,-30.3277017407098,-0.000183337039215521,0.197820468198515,0.0110614307557559,0.00218500871363774,-0.0105191756262353,-30.2619105294818,-0.0203462202518521,0.164546701091583,0.0348318302437909,0.00685553330723428,-0.00589839356404875,-30,0,0,0,0,0,4,3,-2.9593619654155,-0.644860890219724,0.260745954221709,0,0,0
805,-30.3176587525321,0.0016794345632163,0.188376824801787,0.00902522362197816,0.0015405284194929,-0.00836747850012465,-30.2776788929479,0.107792521003449,0.235688186711539,0.0138835252391008,-0.00132376255978837,0.000676072683890241,-30,0,0,0,0,0,4,3,-0.832994738014345,-0.0832087860280612,-0.538983641812102,0,0,0
806,-30.3091338961856,0.0031784143635447,0.180074835830671,0.00802454149568841,0.00145742643195648,-0.00823618739656985,-30.252331885304,0.126433406995783,0.123766049071339,0.00894523390177923,-0.00533138810224984,-0.0178009312280488,-30,0,0,0,0,0,4,3,-0.389859619569855,0.280271996233419,1.53256102466221,0,0,0
807,-30.3007474522455,0.00477600421638279,0.172520450024978,0.00874877823188522,0.00173774937668016,-0.0068728040643504,-30.2093228503653,0.178847681699043,0.025838994224844,0.00747716135386817,0.0155481550687295,-0.00888239310792531,-30,0,0,0,0,0,4,3,-0.329070434656259,-1.91251087027103,0.836561322342843,0,0,0
808,-30.2918479903616,0.00555752445438763,0.166051557272363,0.00905040633994079,-0.000174718722618052,-0.00606507200117036,-30.2986349715287,0.0317872831271888,0.130270353655967,0.00298507199517145,-0.025049619363443,-0.0134036187837942,-30,0,0,0,0,0,4,3,0.298762743540282,2.44138737008992,1.07982117106748,0,0,0
809,-30.2823322505335,0.00660348278351663,0.160267667640346,0.0099812596890425,0.00226663080811997,-0.00550298906042687,-30.3291052788511,-0.0633688862314116,0.108521842308286,0.0112373400679319,-0.00802782429119568,0.0153037520030006,-30,0,0,0,0,0,4,3,-0.465523449091062,0.929520201582391,-1.74741888491663,0,0,0
810,-30.2731221050136,0.009334906010434,0.154261259760486,0.00843873748777145,0.00319620990438215,-0.00650934354225957,-30.2554530784448,0.0231066345291916,0.0872269444027606,0.018077459960036,0.00582236879923811,0.00146358059087128,-30,0,0,0,0,0,4,3,-1.29683983911401,-0.628450148982195,-0.320811947892649,0,0,0
811,-30.2652793554187,0.0122169795870507,0.148056580458983,0.00724696551329264,0.00256792630368008,-0.00589964815885003,-30.394630055791,0.036007077714114,0.273557362441372,0.0166977975607115,-0.00428313121165302,-0.00217693656178718,-30,0,0,0,0,0,4,3,-0.880519644489151,0.356298965737074,-0.329421068704026,0,0,0
812,-30.2584773772149,0.0149631149381219,0.14231864341143,0.00635710078154261,0.00292433828712424,-0.00557595040770439,-30.2906751552183,0.0364071353181857,0.0410343083338146,0.0371849439191181,-0.00420089991808963,-0.0235114685589835,-30,0,0,0,0,0,4,3,-3.13714408147522,0.347275721172592,2.26907823923072,0,0,0
813,-30.2525155558652,0.0180612964068881,0.138625322308478,0.00556770644017656,0.0032720185448012,-0.00181044947386386,-30.2885376348862,0.185946780416883,0.255103230059449,0.00307041226655976,0.00691593427682672,-0.0155248037367743,-30,0,0,0,0,0,4,3,0.270034043116425,-1.06348698851644,1.04227391355853,0,0,0
814,-30.246502344671,0.0208015570662933,0.137092900028443,0.00645889414565188,0.00220849741604588,-0.0012546646140975,-30.2018229189865,0.217376860798784,0.246525794158934,-0.00225656682127376,-0.0035696547921894,0.00514711352835202,-30,0,0,0,0,0,4,3,0.6293025201003,-0.0777882423786293,-1.00776294115307,0,0,0
815,-30.2401602734692,0.0229711216830359,0.135240161364482,0.00622489174046744,0.00213062772423224,-0.00245073752055394,-30.2298193234861,-0.133694482426613,0.129816270373042,0.0242627678635273,-0.000261312579885743,-0.0218586128704154,-30,0,0,0,0,0,4,3,-1.96663813938063,0.2935202228418,1.92622874629546,0,0,0
816,-30.2340115564526,0.0252486394133206,0.13414989280777,0.00607338347950786,0.00242440181857994,0.000270251458368488,-30.2664961707841,0.106438218187366,0.396761826986583,0.0103742041941354,-0.0153176784404014,0.00112027806464635,-30,0,0,0,0,0,4,3,-0.504428077845261,1.31889140766541,-0.9055514604378,0,0,0
817,-30.2284362044394,0.0283325230537562,0.134244775522642,0.00507722418132631,0.00374335757333207,-8.01800034818043E-05,-30.0502094579316,-0.0488920588300832,0.243653005511066,-0.00442797895297136,0.0173005607936423,-0.0166664383695821,-30,0,0,0,0,0,4,3,0.543216811160351,-1.63227196170406,1.17933782593607,0,0,0
818,-30.2227648835193,0.0312597130384309,0.134399404771519,0.00626557030229748,0.00211101642977587,0.000389080960400801,-30.1733792942857,0.0257391794894731,0.0682289393004629,0.00856404891313922,-0.00609829592975193,-0.0100595607882447,-30,0,0,0,0,0,4,3,-0.509646302742574,0.558351233996247,0.869498200223544,0,0,0
819,-30.2163960675208,0.0336499409899277,0.1352663636738,0.00647236229422512,0.00266943364729408,0.00134477867509501,-30.2691848619959,0.00738485568899682,0.207314250534464,0.00891325330024437,0.0012813185929447,-0.00322738509811198,-30,0,0,0,0,0,4,3,-0.352955606032566,-0.142901570672463,-0.0918899912577308,0,0,0
820,-30.2100891525461,0.0362479493872289,0.136683234675529,0.0061415211262848,0.00252657740083076,0.00148906795979771,-30.2579490918583,0.00803849545744964,0.133584516890368,0.0179618066005261,-0.0125650587707622,-0.00195662955070682,-30,0,0,0,0,0,4,3,-1.28028247633592,1.24042888616132,-0.0715060787100549,0,0,0
821,-30.2044455967297,0.0393948259769325,0.138567719391255,0.0051458378216357,0.00376717082819271,0.00228020876710889,-30.2018454812338,0.117638893686292,0.228193818804824,-0.00293893834759458,0.00799434844513174,-0.0168161316795918,-30,0,0,0,0,0,4,3,0.697584797227051,-1.03471263188576,1.22522553034953,0,0,0
822,-30.1986314044411,0.0426445974876025,0.141045502393334,0.00648267258300828,0.00273236918437684,0.00267495731612098,-30.1612803869345,-0.117866832396388,0.132498582721813,-0.000293702325016233,0.0135718879613126,-0.00999449848758973,-30,0,0,0,0,0,4,3,0.351931006370531,-1.12145513133848,0.734452683315346,0,0,0
823,-30.19177371754,0.0448162199531593,0.143855065047228,0.00723278970023058,0.00161086921678512,0.00294394418127756,-30.2920352624381,0.229915410305118,0.1406099069754,0.00426000276072725,0.000985815688466482,0.00135955972288651,-30,0,0,0,0,0,4,3,0.158070248803457,-0.558412389456885,-0.417175786239451,0,0,0
824,-30.1846292210488,0.0461478743955539,0.14657790929326,0.00705607689766945,0.00105243628523494,0.00250180282867626,-30.2158175085113,-0.0678238195560498,-0.00107547083073084,0.0193629386367979,-0.0120174187798382,-0.00878008873919656,-30,0,0,0,0,0,4,3,-1.5046588466571,1.33738951709592,0.880159815581118,0,0,0
825,-30.1778267224461,0.0478691050972753,0.149900201802873,0.00654942286697307,0.00239001970334501,0.00414293985243473,-30.1292311602515,0.0746560233869955,0.0534417407479428,0.000567681529434466,-0.011609459112126,0.00249337981515743,-30,0,0,0,0,0,4,3,0.201694167559489,1.01163386443861,-0.356221463011628,0,0,0
826,-30.171328276563,0.0507649313176981,0.153829894059942,0.00644734794713226,0.00340162743627746,0.00371648000189888,-29.9835877743518,-0.0214183182879019,0.0879138959080761,0.0130471822401323,0.0101539424081361,0.00203290516854236,-30,0,0,0,0,0,4,3,-1.33754267530967,-0.972557604237801,-0.379118308670388,0,0,0
827,-30.1655020953108,0.0536803685606663,0.157850866565939,0.00520520462559051,0.00242924158270724,0.00432584416987606,-30.0816347558093,0.192804865046338,0.102051703087314,0.00559770622845358,0.00141502966973463,0.000728150558945241,-30,0,0,0,0,0,4,3,-0.396501111226764,-0.52711269706614,-0.276918462069152,0,0,0
828,-30.1605391884183,0.0558460815654644,0.162197882399884,0.00472062832695366,0.00190217971573535,0.00436833827196925,-30.1716498535816,0.0621577186103809,0.174480051531552,0.00376934396174635,-0.00146800459662284,0.018680617521495,-30,0,0,0,0,0,4,3,-0.033634689011359,0.0224850224415221,-2.21702185521261,0,0,0
829,-30.1565921765319,0.0577595095823606,0.16575624017822,0.00317291286740975,0.00192466785964148,0.00274884082213977,-30.0881186831037,0.0785698792005116,0.336648989064646,0.00594685087859597,-0.00335966486630142,0.00737025821266109,-30,0,0,0,0,0,4,3,-0.418447721652123,0.178826728229118,-1.4103237993954,0,0,0
830,-30.1540584051424,0.0597736190588636,0.168122222775749,0.00189440373097449,0.00210354761629703,0.00198351243178359,-30.2348293970664,0.000567127973312459,0.0852333672510473,0.00421494729391917,-0.00676849896072325,0.0241355016288393,-30,0,0,0,0,0,4,3,0.0481640647408527,0.675715640125701,-2.58401689738602,0,0,0
831,-30.1530358780221,0.062215023634371,0.169136688783271,0.000150075493383191,0.00277925565518968,4.59463361366028E-05,-30.1051701564975,0.129394315124991,0.286482155234853,0.0043519259527709,0.00500785760999673,0.0164935213319705,-30,0,0,0,0,0,4,3,-0.224852282282117,-0.759574391249655,-2.22231644366676,0,0,0
832,-30.1537348804462,0.0646145092525885,0.168440480874399,-0.0015485189435917,0.00201970897446318,-0.00143785105063757,-30.2051172085686,0.164610236030752,0.172336014299043,-0.00880868889102074,0.00430782015858405,-0.00892251076980712,-30,0,0,0,0,0,4,3,1.29110330623926,-0.760002487919909,0.547579048382626,0,0,0
833,-30.15463224085,0.0662541372522115,0.16674981475009,-0.000246346776120298,0.00125954080444437,-0.00194387111954532,-30.0788584858675,0.237220210602099,-0.0152756817448287,-0.000876698546917105,0.00727837689892332,0.0117145167137002,-30,0,0,0,0,0,4,3,0.245386826426724,-1.20227811109653,-1.14090030788037,0,0,0
834,-30.1551876047902,0.0669125254520223,0.164296913685818,-0.000864677835439341,5.72305353284368E-05,-0.00296174507549713,-30.3537642148608,0.20961243972063,0.342245563982615,0.0124310398305833,0.0183454070521522,-0.00459584426690182,-30,0,0,0,0,0,4,3,-0.535575553336686,-2.25376558465648,-0.224906701275047,0,0,0
835,-30.1563314874378,0.0658429108381069,0.161427819042528,-0.00142302026190578,-0.00219646629496411,-0.00277627304899281,-30.2296895397566,-0.0338979258459863,0.138763866917885,-0.0136658259532816,-0.00445058751865909,0.0108220030551722,-30,0,0,0,0,0,4,3,1.82596167484133,0.512854603557881,-1.35972803935299,0,0,0
836,-30.1575656338309,0.0639027576127472,0.157520910097972,-0.00104594063868669,-0.00168384717552313,-0.00503765668457277,-30.2526491232349,-0.178857828923582,0.200177592188814,-0.00101067746651236,0.00296465276267437,-0.00740509024782589,-30,0,0,0,0,0,4,3,0.606365993121114,0.0612503815797267,0.340153840404961,0,0,0
837,-30.1582829382501,0.0622495000559059,0.152388716039787,-0.000388713524262329,-0.00162267456580287,-0.00522692605809132,-30.146474679139,-0.0395051496638835,0.0662354329702707,0.0200970767229871,0.0143461721402964,0.00695222815911803,-30,0,0,0,0,0,4,3,-1.71675831402077,-1.35560691470188,-0.827693681852345,0,0,0
838,-30.1595878586803,0.0599491363197986,0.147442349921008,-0.0022209492249346,-0.00297806121036418,-0.00466526298412305,-30.2141828058621,-0.0923198308997553,0.23212161257344,-4.37371187265441E-05,0.00464455538513313,-0.0077635399035986,-30,0,0,0,0,0,4,3,0.432739323596843,-0.279815876713802,0.31211076521298,0,0,0
839,-30.1615526408436,0.0568311424004554,0.142732489376777,-0.00170863486215663,-0.00325793254926433,-0.00475461123031129,-30.2419731790347,0.266922416868767,0.169080918615203,-0.00881996090957904,-0.0120757248314231,0.0106089706304607,-30,0,0,0,0,0,4,3,1.36594244902735,0.673727649404771,-1.39905890027647,0,0,0
840,-30.163256436104,0.0539099881584132,0.136991198096113,-0.00169953363417068,-0.00258438126626819,-0.00672797502275539,-30.1403160898835,0.11833989117287,0.000792411427014639,-0.012974080930905,-0.0138643865721568,0.00108697792597182,-30,0,0,0,0,0,4,3,1.57804027285759,1.14975887486994,-0.110282615451212,0,0,0
841,-30.1644317707629,0.0519003873877775,0.129670172217739,-0.000651479446263547,-0.00143482533859823,-0.00791438686122665,-29.9079533025628,0.142096999025141,0.0748291809710234,0.00745132222687382,0.000807256608571044,0.00794877479458238,-30,0,0,0,0,0,4,3,-0.929225617561792,-0.364919658907386,-0.944535841400285,0,0,0
842,-30.1657554777174,0.0502831647562248,0.121724714789038,-0.00199594260182096,-0.00179962604839488,-0.00797612916992715,-30.1122858542904,0.0344115330306734,0.346578415907845,-0.0116531147101744,0.010535655352943,0.0073833300046264,-30,0,0,0,0,0,4,3,1.38988317959831,-1.12238860135565,-1.43148983227833,0,0,0
843,-30.1677527935083,0.0479222581859528,0.112742162906215,-0.00199927690761503,-0.00292219410230941,-0.00998897486989228,-30.2792069682457,-0.0411322792691087,-0.253167470247539,0.0101338976979764,0.00587180438610209,-0.00849448287279555,-30,0,0,0,0,0,4,3,-0.454975833306277,-0.504915880071992,1.35578322777463,0,0,0
844,-30.1694596187841,0.0447476381268455,0.10339165628664,-0.00141398512577781,-0.00342705075375252,-0.00871221188848992,-30.3149437076534,0.0972260986600169,0.141892309892712,0.000321300812071394,-0.00558515557106243,-0.0071379754259067,-30,0,0,0,0,0,4,3,0.597757334099679,0.364063359786209,0.430012922805246,0,0,0
845,-30.1705194513943,0.0415025838941211,0.0946190260985284,-0.000705707226355248,-0.00306306400892326,-0.00883325913801082,-30.0223601225376,0.0202901609732819,-0.00139943870464228,-0.00333971981693201,0.0147479973859477,-0.0150946051698068,-30,0,0,0,0,0,4,3,0.378692226768462,-1.51538006054133,1.51225939438996,0,0,0
846,-30.1705760706235,0.0376818088858702,0.0861914168958823,0.000592718059335401,-0.00457849192205484,-0.00802234334141434,-30.2215896864886,0.0300050145174542,0.243318227618364,0.01451075017656,-0.0187080605197482,-0.0060802665157358,-30,0,0,0,0,0,4,3,-1.00789564467882,1.81079602293991,0.121390196336852,0,0,0
847,-30.1703150945777,0.0340087833110012,0.0785511408573687,-7.05308569187199E-05,-0.00276756627329184,-0.00725801193415048,-30.1402139596064,0.188854387035508,0.0485085314278309,-0.0109502833577315,-0.00522168084187516,-0.013649068677888,-30,0,0,0,0,0,4,3,1.37545625498599,0.1444593101165,1.26788980493314,0,0,0
848,-30.1694600215537,0.0313133614956264,0.0712643268413444,0.00178066737615746,-0.00262328310144782,-0.00731616350235642,-30.2393500981552,-0.0995875327411597,0.227534456431642,0.0145737425492841,-0.0121158461828468,-0.022151206846217,-30,0,0,0,0,0,4,3,-0.978674058618064,1.410759683767,1.76005177175842,0,0,0
849,-30.1674319961062,0.0293955247312853,0.0649106369528361,0.00227596029573981,-0.00121239665865788,-0.00539135969765563,-30.1857256366625,0.0237311002482316,0.200723029290979,-0.00760173087371419,-0.00638622755920168,0.00386651217410287,-30,0,0,0,0,0,4,3,1.13162436069641,0.591160555423705,-0.788097275992246,0,0,0
850,-30.1650298339985,0.0284786382824624,0.0588316544498863,0.00252797051394134,-0.000621382010632869,-0.00676667663973839,-30.2663400610545,-0.0687245290452462,-0.0441815430908659,0.0166263814471725,-0.012454018901812,-0.00309708843611741,-30,0,0,0,0,0,4,3,-1.1299580226083,1.38285094827169,0.398071929793473,0,0,0
851,-30.1627798785782,0.0285487574098912,0.0525887059259987,0.00197225787229291,0.000761614410354421,-0.00571905591077223,-29.9729319342894,0.0586955133991027,-0.00696996828174341,-0.00186821466665652,0.00762897114594584,-0.0161754439389173,-30,0,0,0,0,0,4,3,0.132685335244541,-0.880288141392789,1.63148433045522,0,0,0
852,-30.1602022608136,0.0288702230485894,0.0473997159073652,0.00318329652196843,-0.000118689891064476,-0.00465927714666501,-30.1744312547255,0.0658769280839923,-0.0216786897400882,-0.0128937271816849,-0.00106267865119069,0.000184274089720985,-30,0,0,0,0,0,4,3,1.6382352276194,-0.0254859910489155,0.0249299705080779,0,0,0
853,-30.1564289191369,0.0287386880585253,0.0421686552774593,0.0043630623881093,-0.00014438648123554,-0.00580318782212489,-30.2180182910188,0.125462610549742,0.0395301298127976,-0.00244564316527499,-0.00258635738000677,-0.0229517846883102,-30,0,0,0,0,0,4,3,0.680600898565058,0.00771051690119184,2.21611820920543,0,0,0
854,-30.1510596997488,0.0285981165331133,0.0369132032251912,0.00637570663360602,-0.00013676225568278,-0.00470830259727048,-30.2626986859958,0.118823076584331,-0.0554046529605616,0.00144646469817687,0.00680042818740745,-0.0168107259374244,-30,0,0,0,0,0,4,3,0.380750902173823,-0.917688971909408,1.79188189966356,0,0,0
855,-30.1439321353144,0.0280024864844191,0.0327027357443706,0.00787971798876307,-0.00105449919912776,-0.00371306552855106,-30.2035844350501,0.0510914058738049,-0.0134629090305856,0.0244624795551398,0.00834019406129855,0.0133606583833046,-30,0,0,0,0,0,4,3,-2.03907908541377,-0.936202217877464,-1.30914002026929,0,0,0
856,-30.1372475119437,0.0264800202604029,0.0292144093836799,0.00548966840755122,-0.00199043997902709,-0.00326288565974927,-29.9195550906653,-0.201859115064205,-0.120904843611478,0.0166995455536253,0.00368978676753731,0.0064995365181042,-30,0,0,0,0,0,4,3,-1.83084437403192,0.0347395533746795,-0.408143964587464,0,0,0
857,-30.1325640927613,0.0245070706471156,0.0264292205447183,0.00387745606422576,-0.00195546527787435,-0.00230701885281145,-30.1658342632134,-0.0826776404614206,0.213667182027575,-0.00849999370155403,0.018698262017881,-0.00894747660636236,-30,0,0,0,0,0,4,3,1.18166789658228,-1.70447092086526,0.467413296581086,0,0,0
858,-30.1281065038248,0.0216992967013645,0.0238661693563371,0.00503758130260389,-0.00366008784401835,-0.00281941811818218,-30.1302884595594,-0.0984250973186492,0.151678057497546,0.00153031492063625,0.00802293394025395,-0.00809936224683366,-30,0,0,0,0,0,4,3,0.107545427055151,-0.605443199388097,0.506580109688274,0,0,0
859,-30.1228606004061,0.0177364837546852,0.0211780667894346,0.00545431037386405,-0.00426554458869359,-0.00255690572092997,-30.1227653115397,0.150203189731732,-0.0372636721907643,0.00657098098458821,-0.00672503830284618,0.00251145035279475,-30,0,0,0,0,0,4,3,-0.411567475379445,0.372097450821154,-0.176617690897946,0,0,0
860,-30.1176219280398,0.0136570170886088,0.0186883155629173,0.00502308228660137,-0.00389339432318364,-0.002422468563748,-30.2828396842259,0.194633887456336,0.038101659234911,0.0113178470442992,0.014178876403841,-0.00646382067848435,-30,0,0,0,0,0,4,3,-0.56610533597806,-1.80715541529677,0.570178749378613,0,0,0
861,-30.1126091972279,0.00886008483927234,0.0166548452254728,0.00500261306039969,-0.00570047663649327,-0.00164446415359889,-30.1438946214313,-0.159419570296793,-0.0397346079694008,-0.0244693157719512,-0.0109932945376625,0.00735317259447795,-30,0,0,0,0,0,4,3,2.73472082005775,1.41816859435983,-0.655848043508993,0,0,0
862,-30.1068627718535,0.00386851854495321,0.0138079837578976,0.00648954571709899,-0.00428265998849461,-0.00404968404650177,-30.266232182733,0.184247080476801,0.0728250211589098,0.0282405596402988,-0.0109959276247277,-0.00433455142915287,-30,0,0,0,0,0,4,3,-2.29159159856396,0.731098601519164,0.287805100597467,0,0,0
863,-30.1010997681034,-4.84418997554705E-05,0.0106481707689467,0.00503698621477314,-0.00355126662861741,-0.00226951771764702,-30.1936292410337,0.0804968691357076,-0.0665910367044822,-0.00946570452634708,-0.0223949463572162,-0.00596196292657876,-30,0,0,0,0,0,4,3,1.33382893470204,2.07850089745021,0.72937836606684,0,0,0
864,-30.095337248056,-0.00256054236074638,0.00816028830815731,0.00648793653942867,-0.00147293682282892,-0.00270666424114322,-30.092251918077,0.176909292336899,-0.0523596254353287,0.0268988207725787,0.0062731265547341,0.0106899443505667,-30,0,0,0,0,0,4,3,-2.50537824110395,-0.981131240147207,-0.964275184186008,0,0,0
865,-30.0900884015991,-0.00452388174681543,0.00597184877328245,0.0040100639937722,-0.00245374648903539,-0.00166949596417511,-30.049450024523,-0.0539858795047996,-0.155189426547164,0.000136716092126686,-0.0129944141116522,-0.000223937743132379,-30,0,0,0,0,0,4,3,0.0852284398333399,1.40741317017482,0.332772627407567,0,0,0
866,-30.0859373685698,-0.00627392376826021,0.00437915060562053,0.00429205487601136,-0.00104634410816359,-0.0015159803529245,-30.0724133759401,1.920186873711E-05,0.0628649133569901,-0.0133862292904086,-0.000112552330929568,-0.00168666763329186,-30,0,0,0,0,0,4,3,1.48344968092112,0.0112168293554826,0.0429369366152057,0,0,0
867,-30.0811067323434,-0.00731475053791946,0.00234672762996076,0.00536892523260101,-0.00103531796324351,-0.00254917638106656,-30.1151967630786,-0.060685769368877,0.0595581984769531,0.0265189988873453,-0.012609064457586,-0.0181541240586385,-30,0,0,0,0,0,4,3,-2.42150636257734,1.38227798449635,1.69629600890995,0,0,0
868,-30.0760135875309,-0.00765877078649992,0.00123811024875291,0.00481820385911993,0.000347272237324514,0.000332105022443248,-30.0206046160707,0.00281974768080491,0.087134522404124,0.00590077811511507,-0.000669673335284175,0.00131564563191627,-30,0,0,0,0,0,4,3,-0.548868579370123,0.0613278381668076,-0.305833607999875,0,0,0
869,-30.071503068039,-0.00728079672210349,0.00164105122179893,0.00420288192724306,0.000408670466079295,0.000473956076763569,-29.896987356597,0.126238444092854,0.0367239858307813,-0.011323652091479,-0.00677399948136662,-0.015854603989055,-30,0,0,0,0,0,4,3,0.926339922341979,0.424923059950954,1.51201242724394,0,0,0
870,-30.0664444183961,-0.00665972091489242,0.00231654800629208,0.00591454021078659,0.000833475253985543,0.000876549036347016,-30.1581569669229,-0.0338383994050925,0.148467435497176,0.00115394142763699,-0.00535034339668177,-0.00171096620187515,-30,0,0,0,0,0,4,3,0.200919791082135,0.602711138478362,-0.125838250806838,0,0,0
871,-30.0605069383346,-0.00552489934896009,0.00306457451974703,0.00596035368043514,0.00143616048753267,0.000619494503109632,-30.1661491111813,-0.255553875217726,0.0998753705369528,0.0166659171272303,0.00115770623256938,-0.00230128212451337,-30,0,0,0,0,0,4,3,-1.33429349036034,0.395337127178515,0.0303774713774311,0,0,0
872,-30.0550153523105,-0.0038909807286102,0.00415030215039324,0.00502309268582135,0.00183166916195236,0.00155223203576231,-29.9523298447684,-0.0668203976338854,0.0237567417522664,-0.00659589608853575,0.0130999771343506,0.00868341603667607,-30,0,0,0,0,0,4,3,0.564249298390318,-1.17635691816729,-0.91585508717214,0,0,0
873,-30.0501175115421,-0.00264752389125666,0.00516593157305425,0.00477228714761277,0.000655239215443467,0.000479101306644334,-29.8499528614095,-0.15271731249911,0.123005813863699,-0.00526404363351281,-0.0154686440527263,0.0071930020834995,-30,0,0,0,0,0,4,3,0.226310086170249,1.85229903027085,-0.965311836077348,0,0,0
874,-30.0456087625284,-0.00106614888966793,0.00520976340568047,0.00424496648158645,0.00250750861110469,-0.000391281731200802,-30.1556727148254,0.071679566204462,0.0202636528163944,0.0131910484501769,0.0164674549450282,0.0129740991201658,-30,0,0,0,0,0,4,3,-1.00775941536682,-1.79010462691175,-1.33793721764937,0,0,0
875,-30.0421977667313,0.000546374167875833,0.00468562236709517,0.00257695601181976,0.000717532828478867,-0.000656520237768823,-29.9358423881349,-0.155090299553957,0.0151120280161565,-0.00621520803859036,0.0100035992572453,-0.0100449247104797,-30,0,0,0,0,0,4,3,0.493205580128739,-0.690179326616617,0.97426841501566,0,0,0
876,-30.0391080348074,0.000918788605986597,0.00419028446758431,0.00360260733009189,2.72906273474401E-05,-0.000334444858745113,-30.0801805024879,0.123569233544736,0.180947302614915,0.000788834071841895,-0.00771424925901199,0.00829618214243514,-30,0,0,0,0,0,4,3,0.0814775977916436,0.524286458811728,-1.19151281947335,0,0,0
877,-30.0359012520787,0.00120822009585791,0.00339252720977855,0.00281070205099845,0.000551565961261671,-0.00126084129670686,-29.9544166112706,0.0106001786794409,0.104598193396101,0.00548593127192359,-0.012824040267444,-0.00199647430111238,-30,0,0,0,0,0,4,3,-0.639759904651197,1.26120366938551,-0.00954895668096359,0,0,0
878,-30.0333263700242,0.00239043388394975,0.00234242793893529,0.00233919104298994,0.00181285186149189,-0.000839221425382362,-29.8936637925161,-0.0051553409753632,-0.0116130160794203,0.00805468796160292,0.00685496090978873,-0.00945100743666239,-30,0,0,0,0,0,4,3,-1.01814121112818,-0.675185409028147,0.96832677582508,0,0,0
879,-30.0310120113922,0.00386576202675849,0.0021945116477094,0.00228992755792459,0.00113779787925361,0.000543405755532161,-29.8919557137306,0.00147994980730962,-0.00839420066355183,-0.0032987770663135,0.0070556436536968,-0.00593880568501276,-30,0,0,0,0,0,4,3,0.113789134092605,-0.7085242649843,0.61066896982838,0,0,0
880,-30.0284708920567,0.00464929464243416,0.00290318864944442,0.00279240914314182,0.000429259320960755,0.00087381069801477,-30.003870446138,-0.0594411954557728,-0.159641367039383,-0.00527156376924427,-0.000808991260339673,0.0214761059341768,-30,0,0,0,0,0,4,3,0.534897269200452,0.199781516945513,-1.82832785933891,0,0,0
881,-30.0261388833321,0.00517841316735305,0.00292955595225394,0.00187113488729066,0.000628971079769833,-0.000820812457668137,-29.9035349832445,-0.0512382470236262,0.100204568865962,0.0206581166788334,0.00761206133880875,0.0206264800598152,-30,0,0,0,0,0,4,3,-2.2587417013944,-0.658729639833622,-2.26305714371344,0,0,0
882,-30.025871775892,0.00547816578896622,0.00209508743710651,-0.00133692187125223,-2.94694017235558E-05,-0.000847212168762584,-29.9810378825021,0.103523317107936,-0.021448887228972,-0.00296684673537117,-0.00141550824799728,-0.0128730534822541,-30,0,0,0,0,0,4,3,0.25876043854136,-0.0654958094161445,1.33020312268335,0,0,0
883,-30.0266523541173,0.00541593517064192,0.00161802273050271,-0.000224021384787498,-9.49977534855532E-05,-0.000107231693608933,-30.1528629205363,0.0141045737394015,-0.0565963881481825,-0.00561888190721984,-0.00665231418401042,-0.00209391875887359,-30,0,0,0,0,0,4,3,0.867614031794663,0.637022270922239,0.322584652183723,0,0,0
884,-30.026460465787,0.00563939574218779,0.00130848863642359,0.000607691575809555,0.000541913150352339,-0.000512068939833781,-29.7364489144348,0.0157424982611852,0.0262312441542242,0.0122750133438561,0.000447186972736384,-0.0074573900844625,-30,0,0,0,0,0,4,3,-1.75460350551595,-0.0762036937960087,0.693276520137801,0,0,0
885,-30.0262324288424,0.00614332275318804,0.00165222881358574,-0.000151131347078035,0.000465935401539491,0.00119976388515215,-30.1563494478416,0.0725801383222483,0.0669113982107472,-0.00249778343523284,0.00318862789127844,-0.00419731552248252,-30,0,0,0,0,0,4,3,0.562477239206411,-0.464023065772341,0.285908755826758,0,0,0
886,-30.0260878771852,0.00637721313371548,0.0027443249349741,0.000440176469639022,1.8401859890774E-06,0.000984261252642549,-30.1725660756791,-0.0071691298470443,-0.0434804346924234,-0.00205340185585714,-0.0153744517894571,-0.00949486664706052,-30,0,0,0,0,0,4,3,0.55047233694385,1.5517834386398,1.0364475340909,0,0,0
887,-30.025090469917,0.00715491305856364,0.00388943393398988,0.00155473444286428,0.00155355340203026,0.00130564557085555,-30.0371738397755,0.00241611202852257,0.020511987597779,0.00860010754344601,-0.00398888088337373,-0.00695337498196663,-30,0,0,0,0,0,4,3,-0.785663074793534,0.394055864280328,0.654313523001105,0,0,0
888,-30.0235849341753,0.0089055472082238,0.00569383966903049,0.00145662400872842,0.00194771061797449,0.00230319632994593,-29.980473362603,0.0959130467915802,-0.13004450591404,-0.00858602834855891,0.0064973919196819,-0.000563996057800135,-30,0,0,0,0,0,4,3,0.81954956006197,-0.84156528555135,0.316488617608093,0,0,0
889,-30.0217307062567,0.0104324258516833,0.00780762102391543,0.00225173274059917,0.00110604015180873,0.00192414571637724,-30.1087535088615,-0.184317628357713,0.206884516766077,0.00199271223527109,0.00240851388174638,0.00997546761822274,-30,0,0,0,0,0,4,3,0.0182357941958426,0.127783868540789,-1.41131579535443,0,0,0
890,-30.0199769823736,0.0116023604430201,0.00921730383693114,0.00125543455072052,0.00123382090800104,0.000895501534449263,-30.1990511704277,-0.0973252446529889,-0.101300596644822,-0.0116489263052898,-0.00684298306824444,-0.00486216363340105,-30,0,0,0,0,0,4,3,1.56299497138439,0.878948796130422,0.68881755662975,0,0,0
891,-30.0179309023696,0.0132755584731915,0.0097901501720313,0.00283655002760919,0.00211256913030107,0.00024975041637184,-30.0291878101982,0.0684097199496187,0.201816551007117,0.0100908081748371,0.00158988487496214,0.00190764353373601,-30,0,0,0,0,0,4,3,-0.950705197087287,-0.295807927395452,-0.594397455387834,0,0,0
892,-30.0156446302732,0.0152402869916279,0.0101573536880206,0.00173606451428017,0.00181688310492763,0.000484967220898098,-30.0832703954806,0.0824366757471056,-0.0187351593509153,0.0108915361686348,-0.00189365115357971,0.00787535207437985,-30,0,0,0,0,0,4,3,-0.922612825902373,0.02449176386376,-0.750064888736154,0,0,0
893,-30.0145040613361,0.0170694755365207,0.0106959631989965,0.000545107357710463,0.00184149307269159,0.00059259076218374,-30.1429871461865,-0.00514074686365791,0.107286440278217,-0.00912893223289838,-0.0275866623305096,-0.0197381162577598,-30,0,0,0,0,0,4,3,1.19886751566285,2.76894772677828,1.75923874521955,0,0,0
894,-30.0129162186278,0.0202953692816278,0.0114706343022693,0.00263068662851714,0.00461028760992685,0.000956169533245337,-29.9633405525539,0.0853292633991351,-0.0194117466232039,0.0166962165531048,0.00821040836958265,-0.00859624868491102,-30,0,0,0,0,0,4,3,-1.74294055020263,-0.991699363756535,0.89844836173751,0,0,0
895,-30.0105823282331,0.0244099225691541,0.0133516584728724,0.00203761106326852,0.00361881281059805,0.00280604215958214,-30.0934385422713,0.0279636544713341,-0.0614305506219915,0.00817988483247989,0.013629966731524,-0.00773570987388605,-30,0,0,0,0,0,4,3,-0.631111398705458,-1.41892398209507,0.896432088632588,0,0,0
896,-30.0084503429216,0.0273193156829074,0.0166865568041021,0.00222666287159384,0.00219997046222109,0.00386370264102031,-30.0383550550725,0.000492420874698255,0.0710226811244223,0.00733949926241052,0.00669885716094067,-0.019456738749867,-30,0,0,0,0,0,4,3,-0.657239816096015,-0.670870557843463,1.80362851273786,0,0,0
897,-30.0058143962287,0.0291838975708886,0.0214065632304735,0.00304571223698749,0.00152918537950834,0.00557608553181928,-29.8038957433851,0.00944889733412497,0.0514549639720851,-0.0014723035414298,-0.00256012384790303,0.00978767112811474,-30,0,0,0,0,0,4,3,-0.244978159086817,0.237114590122053,-1.08167704075564,0,0,0
898,-30.0032416547607,0.030831658670272,0.026679465442889,0.0020996134679586,0.0017663308754774,0.00496999151016577,-29.8662279426709,-0.0916717757080634,-0.0260760983928991,-0.00604578229805395,0.00652163444397587,-0.00858301211045655,-30,0,0,0,0,0,4,3,0.337034115147202,-0.468819892981461,0.910453407831453,0,0,0
899,-30.0007011695951,0.0323635603246934,0.0318377933887618,0.00298146670753258,0.00129746814714106,0.00534642202798224,-29.9909059611667,0.0827948766040872,0.0612076062646826,0.00787772671249984,-0.0127185802172715,0.0211607388793482,-30,0,0,0,0,0,4,3,-0.805960748916634,1.10626826851898,-2.23848910046418,0,0,0
900,-29.9988023128736,0.0342142168875905,0.0366765126582586,0.000815969161103292,0.00240383880183518,0.00433162200448997,-29.8878051189038,0.00508084513375235,-0.0786045084021015,-0.000498567890424728,-0.00622988704781425,-0.00158723310468727,-30,0,0,0,0,0,4,3,-0.174532973149943,0.61282701451392,0.31593232727293,0,0,0
901,-29.9979368722893,0.0369244834906408,0.0411711504763606,0.000915006128539584,0.00301668842425016,0.00465762860720029,-29.8613798048507,0.0293734150113143,-0.0539555023354691,0.0148242701483303,-0.00216319308153973,-0.0136737576571274,-30,0,0,0,0,0,4,3,-1.75966740513167,0.157572478131345,1.47528677038368,0,0,0
902,-29.9971126723323,0.0400200737700117,0.046963564759567,0.000734027195533746,0.00317448792812388,0.00692725531285488,-30.0246191831307,-0.0335655887848893,-0.00888991376416386,-0.012447259857855,0.000134615883592608,0.00633144680245859,-30,0,0,0,0,0,4,3,1.29396435204697,0.0536695892105178,-0.615364852717531,0,0,0
903,-29.9961468430103,0.0432213157351605,0.0532034084279302,0.00119725425149498,0.00322799083527983,0.00555230611174148,-29.9670708164822,0.00387292003643277,-0.0642037516997598,0.0132238004501022,0.00351176401437432,-0.0040435171473578,-30,0,0,0,0,0,4,3,-1.38823841204591,-0.358922241510298,0.532759218135299,0,0,0
904,-29.99524584219,0.046269935721713,0.0594282709386597,0.00060512577258839,0.00286924735162045,0.00689758389376178,-29.967280080587,0.00514299614144441,0.154528670017269,0.0127396215628113,-0.00445930711459999,0.0158905541373009,-30,0,0,0,0,0,4,3,-1.33940199510704,0.43564471917711,-1.89811275376463,0,0,0
905,-29.9957884037485,0.0493570932470342,0.0661322961506708,-0.00169035141614916,0.00330506322942078,0.00651110388091634,-29.9182710591678,0.0893241204109409,0.235860107418971,0.0142952510646497,0.012616681500444,-0.0129766829365955,-30,0,0,0,0,0,4,3,-1.59298298812947,-1.44031639086628,0.825948078821611,0,0,0
906,-29.9977402935459,0.0519421037404396,0.0734935913295867,-0.00221295485358446,0.00186495208973838,0.00821163228137502,-30.067390973709,-0.0178719203118997,0.156077613742728,-0.00236710409675208,-0.00143001591513418,0.00402653901705242,-30,0,0,0,0,0,4,3,0.371492357093213,0.178745432137217,-0.714809129190698,0,0,0
907,-30.0000796858956,0.0538964076031771,0.0813146442772011,-0.00246604221418558,0.00204364937305424,0.00743054549398776,-30.1055879447,0.0205426712162996,0.020051544720554,0.0170706235455237,-0.012539413759414,0.0135589224807399,-30,0,0,0,0,0,4,3,-1.49588646515239,1.2128560335088,-1.39599533751509,0,0,0
908,-30.003568021351,0.0565465835947867,0.0887863860148466,-0.0045106032177463,0.00325669694715182,0.00751350315689541,-29.9905745931332,0.0317107836370016,0.0637852596664531,-0.00701880174397235,0.000610531501065658,0.00103904779415492,-30,0,0,0,0,0,4,3,0.683029360663536,-0.124474717380569,-0.231475298748398,0,0,0
909,-30.0079240135392,0.0597410015014554,0.0959674997349601,-0.00420156307126083,0.0031321342973365,0.00684864389235227,-29.9353599029957,0.280169390980357,0.055738166419952,-0.00936186567410397,0.0207605876092922,-0.00210317313111133,-30,0,0,0,0,0,4,3,0.806906373401775,-2.63639754288993,0.0988409802712292,0,0,0
910,-30.0118099832548,0.061554887960245,0.102554242690283,-0.00357051565524742,0.000495633095875008,0.00632467012068589,-29.9735313455461,0.147679370453417,0.354037356682656,0.0199795105323294,-0.000494768277751052,0.00841733192070735,-30,0,0,0,0,0,4,3,-2.05088836214072,-0.245881913131729,-1.54980790543605,0,0,0
911,-30.0166517847275,0.0619277143073008,0.109068143649762,-0.00611297821058376,0.000250014003301402,0.0067038306595848,-30.0440173592813,-0.0260117122117195,0.231457741767863,-0.00892599926417675,0.00197130152821167,-0.00852747555219952,-30,0,0,0,0,0,4,3,0.980634644980335,-0.145106728397728,0.389832071684226,0,0,0
912,-30.0222844723432,0.0621051148110155,0.115549531453154,-0.00515251624390486,0.000104781416625139,0.00625868249889072,-29.9185393392526,0.220789830749498,-0.0526337395849523,0.00997124471454935,0.00442744141775473,0.00822518750046971,-30,0,0,0,0,0,4,3,-1.16004579294971,-0.88432380327447,-0.717251270877067,0,0,0
913,-30.0280992202298,0.0617678105192679,0.121969180943256,-0.00647688644616527,-0.000779393635223465,0.0065809799366186,-30.0908140886495,0.0407401710739726,0.0297732463386354,-0.00608554924988334,-0.003279680119897,0.00205680521454123,-30,0,0,0,0,0,4,3,0.790183102287401,0.246487669841755,-0.265227014131393,0,0,0
914,-30.0343977629676,0.0611116129783231,0.128168195466467,-0.00612040517970079,-0.000533007696338241,0.00581695363186788,-30.1515951533427,0.197198812387332,0.0359017602329904,-0.0097900312898708,0.00895669136233501,0.00357912671242893,-30,0,0,0,0,0,4,3,1.28219343567244,-1.29006676100817,-0.429716191708874,0,0,0
915,-30.0402287834978,0.059933492979334,0.133368876731173,-0.00554196875522487,-0.00182323952044246,0.00458425111119585,-29.9266725376023,0.125013562240328,0.0987617085166543,0.0117380734987247,-0.0131609323507587,-0.00456792835937216,-30,0,0,0,0,0,4,3,-1.32046227466794,1.06606611059521,0.259269418903907,0,0,0
916,-30.0461378031134,0.0586433740239355,0.138512032311348,-0.00627576107099725,-0.000757003519852811,0.00570226126736379,-30.056325504877,0.118034999326151,0.170713181232184,-0.00474685773130408,0.00537795945331222,-0.0100724001153391,-30,0,0,0,0,0,4,3,0.587336782884411,-0.773865943983524,0.665813649069538,0,0,0
917,-30.0519715078127,0.0574994026090366,0.144228039877859,-0.00539163921970036,-0.00153094460210235,0.00572951291829031,-29.7840449358891,-0.0655654470477748,0.260284114730361,-0.0157332033991026,-0.00396002856626055,0.028589860277558,-30,0,0,0,0,0,4,3,1.14141021168848,0.527133750721605,-3.37955425721652,0,0,0
918,-30.0581861660977,0.0562319538923709,0.14836822082878,-0.00703853889682058,-0.00100395942739835,0.002551298321636,-30.1550174516147,0.176083621121665,0.255140440706996,-0.00334930319589737,-0.0014872961097719,-0.00476015295368846,-30,0,0,0,0,0,4,3,0.644965222819202,-0.20343763126614,-0.034265586045146,0,0,0
919,-30.0650166610983,0.0551262378881047,0.150669804078102,-0.00662258576647407,-0.00120747999153721,0.00205175027348903,-30.1028255836711,0.0401619328553298,0.15347522455804,0.00344843740187324,-0.0019207431471787,0.00344509290093155,-30,0,0,0,0,0,4,3,-0.139192572845135,0.11175044900721,-0.651459739209235,0,0,0
920,-30.071925749107,0.0539746447406571,0.152540496568661,-0.00719568490313577,-0.00109571200692594,0.00168979081630425,-30.0948136325465,0.145476585520375,-0.0694951164592357,-0.0150422917041115,-0.0116704846383225,-0.00414952310049519,-30,0,0,0,0,0,4,3,1.69385643550417,0.876095292791503,0.55394254296799,0,0,0
921,-30.0783387591261,0.0533168739959351,0.153805556852363,-0.00563055963312152,-0.000219834183294631,0.000839905469199858,-29.9451463019349,-0.0131596034273139,0.123583235917478,-0.0197600118138737,-0.00717628581162147,0.00102823741381228,-30,0,0,0,0,0,4,3,1.86629378525722,0.743947788016775,-0.349990213216184,0,0,0
922,-30.0834539815677,0.0534688967366965,0.153844496915025,-0.00460031433575195,0.000523873475291594,-0.000762305998400079,-29.8297590497377,0.0398021211033576,0.206678113183287,-0.00737730254103351,0.00350597636286951,-0.00226200551194891,-30,0,0,0,0,0,4,3,0.397248353578821,-0.430201878493666,-0.187155675171683,0,0,0
923,-30.0879894317329,0.0537776468819832,0.152867330310296,-0.00447069713880226,9.36204268970289E-05,-0.00119206145465533,-29.9695751566996,0.0443603358299937,0.0628865805071253,0.00840278808599367,-0.011425960828511,-0.00835902598663345,-30,0,0,0,0,0,4,3,-0.9011284952001,1.05387541119111,0.710129437649095,0,0,0
924,-30.0925199671999,0.0543982660514781,0.152239496141126,-0.00459006581257126,0.0011476120673791,-6.3576060870589E-05,-30.2077539991959,0.0279450148142256,0.257966391344621,-0.00884542127148385,0.00934984266502965,-0.0170738145702494,-30,0,0,0,0,0,4,3,1.30005012554027,-0.990874296131416,1.1914486743357,0,0,0
925,-30.0962347839832,0.0550503613581596,0.152110744659755,-0.00283960072903439,0.000156571289787171,-0.000194398127109592,-30.2715663863428,-0.0966014079292981,0.118103146071762,-0.00250176937690075,0.0146029072360902,0.00367854956830154,-30,0,0,0,0,0,4,3,0.793309710375713,-1.26708790775042,-0.604061248973678,0,0,0
926,-30.0990236565234,0.0545733411246471,0.151413305921777,-0.00273840946395433,-0.00111061892185493,-0.00120050545282482,-30.1789143207013,0.00560255704555632,0.231921580919771,-0.0117643047493856,0.000576201719934116,0.00945190215157462,-30,0,0,0,0,0,4,3,1.53425911634119,-0.0688252860845242,-1.40903337699701,0,0,0
927,-30.1017478052221,0.0534282130521437,0.149163762771391,-0.00271044646201583,-0.00117964221506395,-0.00329859083836887,-30.2911511320999,0.107472174442434,0.140775708018524,-0.0015014128770327,0.00663748671048813,-0.00958520025817958,-30,0,0,0,0,0,4,3,0.73244355190301,-0.87869301993368,0.67696860978091,0,0,0
928,-30.1039668073176,0.0518091806728859,0.145825724794807,-0.0017275742379792,-0.00205842901995258,-0.00337774811784848,-30.0546235323413,0.00039185110184508,0.0788201769355215,-0.00639647778195942,-0.00448686585919487,0.0227699636705688,-30,0,0,0,0,0,4,3,0.748894842878527,0.447902883715797,-2.43463672092792,0,0,0
929,-30.1063245661688,0.0499746562789593,0.141329480594752,-0.00298853846215637,-0.00161062374213171,-0.00561440174182175,-30.1805385314159,0.00411554690010026,0.330641415116057,-0.0143745976698351,0.00178529926714409,0.000465849264842133,-30,0,0,0,0,0,4,3,1.79853682981528,-0.186761020514609,-0.707867756716328,0,0,0
930,-30.1089576928847,0.0482705389112352,0.134811860209162,-0.00227819341773501,-0.00179761636183203,-0.00742102994186552,-29.9932083765774,0.168221211798046,0.092903892084634,-0.0139579810409948,0.0149309337979274,-0.00306066006833725,-30,0,0,0,0,0,4,3,1.38221485725426,-1.82953580338883,0.120258222664458,0,0,0
931,-30.1107249529117,0.0455580691023774,0.126923147990365,-0.00125657018109043,-0.00362732978529457,-0.00835666711118909,-29.9431563845424,-0.0710167535194356,0.184777106115564,-0.0107562336749733,0.0072292275358494,-0.0106712382392164,-30,0,0,0,0,0,4,3,0.961936136582031,-0.580889246546069,0.697569611690515,0,0,0
932,-30.1114063698161,0.0416402343666655,0.118449018177545,-0.000106322105666507,-0.00420834231568761,-0.00859189673421448,-30.0120313986035,-0.115063037057319,0.176444237271958,-0.00104722561221245,0.0116023932937136,0.00265213639644496,-30,0,0,0,0,0,4,3,0.128785358428189,-0.930113255256718,-0.618102114188412,0,0,0
933,-30.1117018025103,0.0369668300293845,0.10958886671384,-0.000484676887155292,-0.00513847245434796,-0.00912830326571979,-30.1880822673896,0.0529575894088758,0.0436742275869417,-0.00627362314593353,0.00611120993631997,-0.0320289329670037,-30,0,0,0,0,0,4,3,1.00352684937264,-0.717036172449748,3.11554484152648,0,0,0
934,-30.1107192948637,0.0314697789351327,0.101157849461387,0.00245007244751078,-0.00585563593785684,-0.00773451354936597,-30.1864197727566,-0.0116741571657368,0.269122110029083,0.00371960432085341,0.00450056597498139,-0.0155886449237426,-30,0,0,0,0,0,4,3,0.000879113427946054,-0.426708283166665,1.0206202723161,0,0,0
935,-30.1079065137638,0.0254007920395277,0.0937631669332009,0.00317568073691547,-0.00628234377720059,-0.00705504342197409,-30.241176710924,0.0381107166982243,0.0832861265281685,-0.00230220422415826,-0.00936466409641253,-0.00116023423788047,-30,0,0,0,0,0,4,3,0.712573844263893,0.860244976244805,-0.0505488292682898,0,0,0
936,-30.1045126782045,0.0195485284835427,0.0864209029531823,0.00361184213305408,-0.0054221904452877,-0.00762960193837873,-30.1578652617466,0.0707478813080889,0.150309435886359,0.00371163622062472,-0.0230716603229735,-0.00762789284441213,-30,0,0,0,0,0,4,3,-0.0554330985693203,2.16567026968117,0.462170412668494,0,0,0
937,-30.1007600102035,0.0152091800861821,0.078958933611685,0.00389359040965763,-0.00325651281309104,-0.00729441053736377,-30.0949759995077,0.103010452873771,-0.0236947380701541,0.0157831327695727,-0.0184933618016631,-0.0117225702950495,-30,0,0,0,0,0,4,3,-1.38836127794197,1.64331527441877,1.21964650564526,0,0,0
938,-30.096906635501,0.0127744164771344,0.0725767751729234,0.0038136532681654,-0.00161301840756986,-0.00546988354843166,-30.0315037043171,-0.0162745972813452,0.0817786068510556,0.00142812763492968,0.00239618989471987,-0.00508515226139589,-30,0,0,0,0,0,4,3,-0.0798053548586839,-0.207069794909296,0.344958012437478,0,0,0
939,-30.0930019199246,0.0110578712624538,0.0672431055403018,0.00399585733665808,-0.001820077748751,-0.00519749971202256,-30.0748837998458,0.0816217846788479,0.207473031415615,0.00859832629298697,-0.012966881322326,-0.0207203497465264,-30,0,0,0,0,0,4,3,-0.710065029607076,1.13344456287491,1.65708891182141,0,0,0
940,-30.0886525203996,0.00980456429111181,0.0628605825730855,0.00470338489874663,-0.000686541009749716,-0.00356773073969131,-30.0499340589429,0.0403311671484246,0.22108969949824,0.0180029307823011,-0.00785402780776517,-0.0128794402181049,-30,0,0,0,0,0,4,3,-1.70042496034428,0.704740446479667,0.845764622814013,0,0,0
941,-30.0842289798276,0.0094705069036286,0.0601905857641847,0.00414417890569884,1.84184950020313E-05,-0.00177211128374975,-29.9643263560653,-0.0905908438069283,0.0405426035111052,0.00361202814161448,-0.0100731349050859,0.00242114503937745,-30,0,0,0,0,0,4,3,-0.432550102030827,1.18849517812244,-0.323199710959956,0,0,0
942,-30.0803557630827,0.0100832037578399,0.0584544107789502,0.00360228036443063,0.00120696909815759,-0.00170009160573338,-30.1914032017407,0.0447802321220187,0.292712603156273,-0.00850660158411323,-0.00701272312350137,0.00219325834379539,-30,0,0,0,0,0,4,3,1.23346656189282,0.6117118481061,-0.804751040692086,0,0,0
943,-30.0766305153046,0.0115959512811305,0.0560182384467674,0.00384783254070439,0.00181852192566204,-0.00317231453635799,-30.2392321578846,-0.0799040092937404,0.0667466445822734,0.000598905108586407,-0.0129176247966761,-0.00362072439923836,-30,0,0,0,0,0,4,3,0.41857380491049,1.45157049825509,0.228579150759289,0,0,0
944,-30.0725620642762,0.0141402347056415,0.052760159472498,0.00428903093489954,0.00327003872679257,-0.0033439575662175,-30.0917318804139,-0.0947251352069183,0.103868088472863,0.00737466790401653,0.0146547102423099,-0.0122126791330697,-30,0,0,0,0,0,4,3,-0.554003029573861,-1.27602075381715,1.01353173636125,0,0,0
945,-30.0680981042283,0.0167722991716226,0.0499534838765901,0.00463918251488727,0.00199408975727706,-0.00226948456397981,-29.8797759064461,-0.0612463689385922,-0.052102881360695,0.02387709901667,0.00274288180269293,0.00941569648168845,-30,0,0,0,0,0,4,3,-2.62815808877479,-0.151795442392109,-0.837363885447455,0,0,0
946,-30.064667292387,0.0186906638046737,0.0483471373290648,0.00222279783358208,0.00184263173817027,-0.000942568468565001,-30.0458281788699,-0.0997785761277619,0.0122118108883776,-0.00252639201310422,0.00173396485732615,-0.0123988623820536,-30,0,0,0,0,0,4,3,0.344295559050145,0.0261606665229089,1.21546261642861,0,0,0
947,-30.0618874003388,0.0205463578790449,0.0476831987934705,0.00333713972699994,0.00186874880503736,-0.000385599639266664,-30.051042459447,-0.0960545531273499,0.151549997629084,0.00720372784780944,0.0076883736438247,-0.0152600259790918,-30,0,0,0,0,0,4,3,-0.618287865886979,-0.57672825812777,1.22290260265101,0,0,0
948,-30.0583181751472,0.0221267857798953,0.0479299939015618,0.00380164965576258,0.00129210070038293,0.000879070713085848,-30.0590492954694,0.0560140736779262,0.169795239264369,-0.00389536303705352,0.0187156136252697,-0.00184033789041558,-30,0,0,0,0,0,4,3,0.507634894644067,-1.98358950988282,-0.15555668948718,0,0,0
949,-30.0544042853908,0.0224270639390067,0.0485594820340466,0.00402600339720764,-0.000691554139862993,0.000379854422137157,-30.2066480892231,0.00254621534401482,0.0718495239422887,0.0117390530542953,-0.00115364111800669,-0.0099983919153678,-30,0,0,0,0,0,4,3,-0.760609126983363,0.11027168111264,0.856140143652203,0,0,0
950,-30.0503278088329,0.0217906984365908,0.0494983285001416,0.00412724672958656,-0.000581184216881117,0.00149781316620739,-30.1053869776316,0.0564243613827491,0.120472207269097,0.0166996283436532,-0.000765716509545093,0.0131192007455275,-30,0,0,0,0,0,4,3,-1.45918887910217,-0.0362770718109889,-1.55286448909095,0,0,0
951,-30.0472693531996,0.0211914734465562,0.0509910787595487,0.00198966644066974,-0.000617274543854315,0.00148825165064934,-29.9447933262902,0.0519939280609873,0.0892873416711503,0.0030348413602966,0.0211088442625631,0.0097892664895641,-30,0,0,0,0,0,4,3,-0.413897483449269,-2.21487228237829,-1.15750133229871,0,0,0
952,-30.0458481253165,0.0194667921484639,0.0522274774217817,0.000852663001113075,-0.00283209422553395,0.000984845282254676,-30.0291963854239,-0.169339201457964,-0.16237367087868,0.0097218952946706,-0.00945595048458527,0.00523600331452596,-30,0,0,0,0,0,4,3,-0.913796758619165,1.28427345137445,-0.198852989695236,0,0,0
953,-30.0453825869125,0.0172768962760411,0.0534703912856354,7.85546431185427E-05,-0.00154770341370733,0.00150118741477404,-29.9240641031183,0.11213174793382,-0.0370935536833907,-0.00256363694866788,-0.00602922143886401,0.010596924223601,-30,0,0,0,0,0,4,3,0.10449190110344,0.378658648018761,-0.985505314993317,0,0,0
954,-30.0456333636279,0.0159185182348487,0.0545894975924145,-0.000580306006808585,-0.00116905873378283,0.000737198406787249,-30.0345277752271,-0.0466765675294109,0.226251501055319,0.00281777940787818,-0.0198798637057235,-0.0146746578274643,-30,0,0,0,0,0,4,3,-0.212722390333538,2.08133950563117,1.01496278063579,0,0,0
955,-30.0459170527814,0.015790145548501,0.0557407793487245,1.31484513392646E-05,0.000912308654787512,0.00156521182579457,-30.0428740095835,0.0406496579457457,0.0402352590106874,0.00219146647994508,0.000493549339727434,-0.000581866208080721,-30,0,0,0,0,0,4,3,-0.133398628827444,-0.130654249864235,-0.0222838972133026,0,0,0
956,-30.0459606581785,0.0166371378364066,0.0573385772233382,-0.000100338344003996,0.000781671538079692,0.00163041418159296,-30.0919367022583,0.026964652827621,-0.104447022496185,-0.0189383911894512,0.00627877944474366,-0.00908732619420506,-30,0,0,0,0,0,4,3,2.07771252346174,-0.681807250129608,1.11762666441288,0,0,0
957,-30.0449489747716,0.0170777763421676,0.0585760772267953,0.00212350706839214,9.95977926179593E-05,0.000844009690347964,-30.1717969921984,0.00645715406465712,0.196529297792895,-0.000136792556330205,-0.000728583783064791,-0.0109235911744051,-30,0,0,0,0,0,4,3,0.357273240029889,0.0599440701771648,0.699300521854723,0,0,0
958,-30.042450986903,0.0172073244531595,0.0595159175317338,0.00287252273253769,0.000159496313131578,0.00103548185194173,-30.0277809798987,0.067682332037424,0.174276578729341,0.0164736115618415,-0.0177562171207455,0.00902868071824879,-30,0,0,0,0,0,4,3,-1.59179919638682,1.6402570479997,-1.25142122928356,0,0,0
959,-30.0405814089116,0.0181870546828128,0.0607023598657922,0.000866716519930604,0.0017999573109384,0.00133792751891734,-30.1085381584012,0.0519799346888056,-0.0152751927413534,-0.00192518812256999,-0.00161652066334444,0.00685437553272862,-30,0,0,0,0,0,4,3,0.409595129059333,0.0576921969568331,-0.654887167790155,0,0,0
960,-30.039820298932,0.02001583330475,0.0616586064829204,0.000655312416769216,0.00185759649676676,0.000574625847018598,-29.9623201771772,-0.00563116276104675,-0.00585010060181725,0.00938797770833935,0.0047225573879573,0.000947559421824484,-30,0,0,0,0,0,4,3,-1.01415741647948,-0.460993413273637,-0.0830557409788139,0,0,0
961,-30.0395425571663,0.0216430012282463,0.0625693022861172,-9.96520397129433E-05,0.00139673341892393,0.00124696255065719,-30.1116555177451,0.0739002279879439,-0.0971131928259133,-0.00760135961776005,0.00769830393346404,-0.000357615233673514,-30,0,0,0,0,0,4,3,0.983446997266175,-0.917630849322291,0.229987909019178,0,0,0
962,-30.03922833507,0.0225808586707277,0.0635232428325512,0.000727950507471771,0.000478976271143267,0.000660705560366329,-29.9708752559697,0.00102163262144675,0.0755154526368298,0.00923485804403496,0.00719260230560081,0.00446539584465714,-30,0,0,0,0,0,4,3,-0.981735292464185,-0.721303495802974,-0.597570489739373,0,0,0
963,-30.0390561419856,0.0226992494180719,0.0643345296320215,-0.00038348043514526,-0.000242201330837671,0.000962157260503454,-29.9273801700195,0.132107889599739,0.159493432636642,0.00176539055601701,-0.00625630176956692,-0.00977549733405529,-30,0,0,0,0,0,4,3,-0.321778715562715,0.361414397757215,0.658562868132244,0,0,0
964,-30.0393091245001,0.0226377792174636,0.0656292235625391,-0.00012230692779304,0.000119254784337961,0.00162716568057942,-29.9463494763459,0.154067276964869,0.119029545357197,0.00397944850244655,0.00888297375013921,0.0137993537899936,-30,0,0,0,0,0,4,3,-0.505245897552782,-1.19643192894366,-1.61799446971375,0,0,0
965,-30.0402019279076,0.0221588534077131,0.0668877552743034,-0.00166348519426123,-0.00107711305616579,0.000890298713604522,-30.1215815736584,0.16256400748731,0.15281372156822,-0.00305530653656662,0.00420064290294263,0.00227201889379666,-30,0,0,0,0,0,4,3,0.548693800973397,-0.745192305268882,-0.532829332516107,0,0,0
966,-30.0418804190818,0.0207091107968199,0.0673879779163042,-0.00169369121319397,-0.00182237618545562,0.00011015519267709,-29.8381721886037,0.117578737218383,0.0652433380406563,-0.00167417032889605,0.00574463930383227,-0.00517529632633746,-30,0,0,0,0,0,4,3,-0.156238589902946,-0.809621404819993,0.387042956552433,0,0,0
967,-30.0434879362284,0.0184819376003254,0.0676785428809519,-0.00152124516076254,-0.00263197728676618,0.000470932223738219,-29.9363709760493,0.0200690439637352,0.076284732484103,-0.0136054615420381,-0.0278691930616317,-0.0043612936824263,-30,0,0,0,0,0,4,3,1.23328810630243,2.7467812182357,0.283559903274424,0,0,0
968,-30.0444923800823,0.017223274125891,0.067781579150625,-0.000487826451527,0.000114645516583439,-0.000265125039195348,-29.9332830920268,0.150162089819761,0.292816778019759,0.0150136018181262,-0.0232564616701208,0.00798922598256329,-30,0,0,0,0,0,4,3,-1.63479399775911,2.02532198737256,-1.38455615429585,0,0,0
969,-30.0460465465679,0.0183506881527497,0.0676454411173108,-0.00262043569327756,0.00214017690126619,-6.6012452944169E-06,-29.9876564456416,-0.0727012562769406,0.0679597419840575,0.00305383840931856,0.019747175268752,-0.00485292928872994,-30,0,0,0,0,0,4,3,-0.330070949648725,-1.82931501432131,0.349373444904879,0,0,0
970,-30.0486530512839,0.019576233380079,0.0678712318660259,-0.00259244835320763,0.000310904522664732,0.000458178078101678,-30.0033540243319,-0.0497088361285507,0.169083062342204,0.0104454446572276,-0.00406633106339625,-0.00308068247613265,-30,0,0,0,0,0,4,3,-1.03783641705887,0.506050778596726,-0.0300978770711437,0,0,0
971,-30.0516096063041,0.0201402328716068,0.0686957080062784,-0.00332046684910717,0.000817088702227415,0.00119096206739171,-30.1299534532452,-0.111184490258317,-0.0896665173654613,0.000996633233687651,0.0100764133252473,-0.00683556878677053,-30,0,0,0,0,0,4,3,0.160243583121628,-0.785272352008093,0.862889913407976,0,0,0
972,-30.0545603230773,0.0205646776236823,0.0701106776918653,-0.00258084950440453,3.17962281712947E-05,0.00163879044304892,-30.1078082331747,0.0629110909917828,0.0488681368523699,0.00254197426617847,0.00190598647464595,-0.0113411326823471,-30,0,0,0,0,0,4,3,-0.0385809602683808,-0.31642082944816,1.03637699452997,0,0,0
973,-30.0567736657872,0.0204382692095266,0.0721048023497751,-0.00184565140388559,-0.000284619071524142,0.00234927355476825,-30.0446663934484,-0.0370334948078872,0.0136283300188609,-0.0072065287440251,-0.0165226611139471,-0.0172982376621649,-30,0,0,0,0,0,4,3,0.809985661299314,1.72633310101048,1.70256710617877,0,0,0
974,-30.0577193866791,0.0210167687377648,0.0747183263100023,-4.56513695407571E-05,0.00144161081004139,0.00287731636391773,-30.0141566073616,-0.0562356448202395,-0.173466680832182,0.00293865912571395,-0.000760345043795427,-0.00645175608247639,-30,0,0,0,0,0,4,3,-0.265552697848275,0.188505794020022,0.992108969912003,0,0,0
975,-30.0574891030318,0.0225526524003676,0.0780185237533073,0.000506437680757788,0.0016301512766199,0.00372294140978146,-30.1932307684645,-0.0351762129798292,0.121737736787524,0.0042909976503477,0.0032346593380475,0.00167469751145501,-30,0,0,0,0,0,4,3,-0.0426382281057577,-0.253113507845092,-0.410945224720549,0,0,0
976,-30.0571513441061,0.0240562516423207,0.0816105001134936,0.000169017712678002,0.00137704302505167,0.00346109773257274,-30.0297151268062,0.0434221131702898,0.0655305522856185,-0.00695759691402626,0.0104338902317235,0.0151518507628861,-30,0,0,0,0,0,4,3,0.755189945014931,-1.13023324951293,-1.64624618085985,0,0,0
977,-30.057341740644,0.0248681321668323,0.0842307790272058,-0.000550232893476872,0.000246711800256439,0.00177964533084093,-30.169982577703,-0.0110414559583792,0.0688786480218762,0.0145829565268038,0.00611699377910331,-0.000112265339945992,-30,0,0,0,0,0,4,3,-1.11833049727442,-0.589616465993573,-0.126530762049153,0,0,0
978,-30.0583168194257,0.0248201103021359,0.0863746235637602,-0.00139973538871232,-0.000342760960391098,0.00250826194224789,-30.0553742757564,0.0573217835986886,0.133209089673002,0.00945734840938292,-0.00170931494765046,-0.00428016387035388,-30,0,0,0,0,0,4,3,-0.834986289425556,0.0562879275676692,0.161598207689385,0,0,0
979,-30.0599389391281,0.0245055500750364,0.0892390673428154,-0.00184431639148021,-0.000286365596705114,0.00322073896113725,-29.9608068175015,0.0235963204278902,-0.0193340412740973,0.00811871298584881,-0.00523024614184093,-0.0039995993558975,-30,0,0,0,0,0,4,3,-0.890257663581918,0.475831973328312,0.438628018137944,0,0,0
980,-30.0619207018715,0.0244571604642234,0.0929295931675337,-0.00211896445050854,0.000189581061667247,0.00416038604315149,-30.0549043282067,0.193235900707418,0.0454140510678103,-0.00899709889030518,-0.0101344704192812,0.00891604520627289,-30,0,0,0,0,0,4,3,1.00951854544402,0.62697524051328,-0.982432622762909,0,0,0
981,-30.0640685963551,0.0249601670849379,0.0963786553600331,-0.00217717900251108,0.000816425983017763,0.00273775258856874,-30.0321763131318,-0.125032532710758,0.215034122585187,0.0199658018561238,0.00591867359442993,-0.00196838580691625,-30,0,0,0,0,0,4,3,-1.9322275593488,-0.341802294021477,-0.233229664478749,0,0,0
982,-30.0669812024637,0.0256058178835948,0.0997491422426203,-0.00364770910972504,0.000474871968732988,0.0040035931649762,-30.1055076330091,-0.0857234782684567,0.178870009822803,-0.00943265264002218,0.00183458006460984,0.00061530732691319,-30,0,0,0,0,0,4,3,1.15428053002037,-0.0120110499240705,-0.419270752336924,0,0,0
983,-30.0704008509269,0.0260746135118614,0.103176670657828,-0.00319187348122806,0.000462712302475073,0.0028513504780872,-30.0128614392663,-0.099690181600425,-0.0493255437712291,-0.00673064823301922,0.0038689593716459,0.00164876428086489,-30,0,0,0,0,0,4,3,0.698787701834534,-0.18751557396374,-0.0662253405440306,0,0,0
984,-30.0733863619174,0.0264435260344266,0.10573902042282,-0.002779289298758,0.000275106857187988,0.00227324551664141,-30.0153798423914,-0.0517775032170392,0.109472000347715,-0.0124609063845102,-0.00397167269326902,0.0140243332536064,-30,0,0,0,0,0,4,3,1.27685032323377,0.50072227576098,-1.62137732605607,0,0,0
985,-30.0763454927835,0.0269689147715066,0.106988544232466,-0.00313948512481483,0.00077566409788253,0.000225893830443104,-30.1347713763333,0.0320623310178785,0.0787097832624976,0.00414800694818213,-0.0118095129466252,-0.0147391404202506,-30,0,0,0,0,0,4,3,-0.145257942151674,1.11682663262676,1.31649447550007,0,0,0
986,-30.0790469406297,0.0283030050016245,0.107700843578577,-0.00226316444679545,0.00189251011282585,0.0011984835111614,-30.0124128911232,0.162234594375387,0.175131293928716,0.0090804912323219,0.00347058892626682,0.00296421712338916,-30,0,0,0,0,0,4,3,-0.883223340985766,-0.671528081377456,-0.646684300196348,0,0,0
987,-30.081848847203,0.0298598108776376,0.109005342470171,-0.00334059060277009,0.00122109523368838,0.00141078725607398,-30.1191608753414,-0.00180338357792354,0.0860848863939947,-0.00440536027738832,0.0133664018745443,0.010041676937349,-30,0,0,0,0,0,4,3,0.678857778421618,-1.33303342029858,-1.17633746652289,0,0,0
988,-30.0854047647924,0.0304143486461218,0.109764280489719,-0.00377157061309547,-0.000112026086695165,0.000107195131499977,-30.0996425170481,0.16607860374882,0.0592809387064825,-0.0113897675174468,0.00058980067335982,0.00617625878123569,-30,0,0,0,0,0,4,3,1.33826178584092,-0.391137274833623,-0.736187755536534,0,0,0
989,-30.0890088163017,0.0301066716095339,0.109120671521222,-0.00343690133027507,-0.000503335805816175,-0.0013944946695561,-29.9455911730143,-0.0519453513690666,0.253052579601972,-0.00442573209884063,0.0014905298511827,-0.0175586943301403,-30,0,0,0,0,0,4,3,0.333755555912663,-0.0451622823801365,1.24976427381008,0,0,0
990,-30.091872929519,0.0295807362528996,0.108011027417033,-0.00229117841252832,-0.00054854031269098,-0.000825082202135632,-30.1474649262015,-0.136870148426845,-0.00631908126757928,0.000975408929469816,0.0079789287557441,0.00428759803735746,-30,0,0,0,0,0,4,3,0.19738895945592,-0.524152578720719,-0.416121641200587,0,0,0
991,-30.0942579757819,0.0287701094650521,0.106966520082841,-0.00247901850731642,-0.00107271848800044,-0.00126388469361125,-30.0950816749553,0.0703596677427387,0.117965703932922,0.0120978412101806,-0.0117726535404761,-0.010695434818717,-30,0,0,0,0,0,4,3,-1.01962077110755,1.03654601856213,0.833612074005852,0,0,0
992,-30.096769250705,0.0282157325668306,0.106353288035066,-0.00254319881340915,-3.60409417289747E-05,3.74375790919475E-05,-30.2323760296841,-0.0589447173334816,0.19837433519724,0.00903841361104015,-0.0174085463429249,-0.0048818135857099,-30,0,0,0,0,0,4,3,-0.439089301735728,1.85874406895945,0.0914326881765098,0,0,0
993,-30.0994279460799,0.029109093475589,0.106577862354863,-0.00277409519978392,0.00182275961319131,0.000411768567549308,-30.1693631514276,0.146863353840236,0.202775032542566,0.0128159546673908,-0.00230936898502075,0.0145504981353996,-30,0,0,0,0,0,4,3,-0.942869163883925,-0.0627898091783975,-1.8605998786251,0,0,0
994,-30.1032141415434,0.030900520271946,0.106716842491178,-0.00479842904776075,0.0017600900081813,-0.000133299989452274,-30.0646127578876,0.0932885434276479,0.166702003811564,-0.00584020470931027,0.00656674506798766,-0.0143538926434362,-30,0,0,0,0,0,4,3,0.713245986706273,-0.843251593654062,1.10198525672049,0,0,0
995,-30.1073676700163,0.0322389426865639,0.10667676417292,-0.00350857391874804,0.000916747327458224,5.28205288209804E-05,-29.8617050264066,-0.0780370420737776,0.0722491155236965,0.000972451000586409,0.00919688955153696,0.00968337011347187,-30,0,0,0,0,0,4,3,-0.373835047245462,-0.763614871006141,-1.11283524239458,0,0,0
996,-30.1114203029299,0.0327739099553525,0.106493511223596,-0.00459680458999026,0.000153179918945784,-0.000419054459883302,-30.0347166598722,-0.13984106578503,0.244735390386037,0.00391654185900089,-0.00483607394820559,0.00325438566776349,-30,0,0,0,0,0,4,3,-0.322220866155691,0.763289526390619,-0.814909347548423,0,0,0
997,-30.1164328450754,0.0333087573941377,0.105918618381584,-0.00542835212756563,0.000916510418662023,-0.000730525603173927,-30.2585129641288,-0.0143957421248544,0.0696571452168411,-0.00106293527591833,-0.0110082299392988,0.00484973619040248,-30,0,0,0,0,0,4,3,0.623319455849336,1.12961447817959,-0.62428790947393,0,0,0
998,-30.1218923808517,0.0347900388459,0.104742073534104,-0.00549093817526794,0.00204604441426972,-0.00162254623175579,-30.0232001326057,0.0268719370093569,0.0339394487849712,-0.00883133112049489,-0.00420366146215716,0.00892023474844397,-30,0,0,0,0,0,4,3,0.929533377260885,0.366622272197002,-0.959902372414339,0,0,0
999,-30.1274394479609,0.0370193385110111,0.102447737852982,-0.00560352181719127,0.00241254666308233,-0.00296609939343541,-30.2709832886863,0.000690111391711511,0.06814151093129,-0.00280713068453487,0.00969327343942916,0.00623548207661176,-30,0,0,0,0,0,4,3,0.822679645826014,-0.970707566726339,-0.759831229523756,0,0,0
1000,-30.1330605572003,0.0389464814526462,0.098916273882774,-0.00563896897399574,0.00144173292682902,-0.00409681739476438,-30.1238221771728,0.0232692994856005,0.0672793648783586,-0.000495308743007242,0.00239753964473342,0.00609926130711372,-30,0,0,0,0,0,4,3,0.297175228646363,-0.286292563444543,-0.744484860468089,0,0,0
1001,-30.1388860429438,0.0402450507903373,0.0944561520931735,-0.00601217782358975,0.00115540175797534,-0.00482333495641346,-30.0250430406472,0.177041666433033,0.061809552496311,0.00153506092252837,0.00948967197414045,0.00546673517496798,-30,0,0,0,0,0,4,3,-0.103420010958449,-1.30305053028011,-0.67029262248942,0,0,0
1002,-30.1451899624328,0.0407489359094576,0.0894446052754902,-0.00659574944922014,-0.000147635825636,-0.00519961541847011,-29.9577610876479,-0.0839095260801878,0.066201642760985,-0.00486408478460389,0.00231478967880309,-0.00147291520214358,-30,0,0,0,0,0,4,3,0.401930653756166,-0.0636599157199335,0.0148882346923878,0,0,0
1003,-30.1516535753707,0.040569447780203,0.0840940223875384,-0.00633154457795056,-0.000211347406635118,-0.00550161500586734,-30.2260634396007,-0.138187728112309,0.193802634297142,-0.00770848008164294,-0.000845369745894288,-0.00397617673186489,-30,0,0,0,0,0,4,3,1.2229748873656,0.360912430814047,0.0100124045922044,0,0,0
1004,-30.1575837852763,0.0405384805232598,0.0781314452245573,-0.00552909794206242,0.000149407801463223,-0.00642373888068665,-30.2880809086361,-0.127643344786735,0.1271514019161,-0.0155221284923823,-0.000505184092742302,0.000682597431574724,-30,0,0,0,0,0,4,3,2.12837466651046,0.3058050988477,-0.322562546989671,0,0,0
1005,-30.1625381846321,0.0408406566196564,0.0707963757231813,-0.00438014551709191,0.000454939101715875,-0.00824668548441629,-30.1691399775905,0.0202237614097957,-0.0101720914597296,-0.0115385754143747,0.00828568356146384,-0.00908952956150348,-30,0,0,0,0,0,4,3,1.49213749661847,-0.869015878965975,0.929297139069807,0,0,0
1006,-30.1660846694599,0.0408609940909973,0.0622896483098904,-0.0027129466580627,-0.000414268092862691,-0.00876718131881656,-30.1069715907305,-0.0688944055494617,-0.00994712735880748,-0.00552040186763418,0.00751565336016125,-0.0128042061008994,-30,0,0,0,0,0,4,3,0.765983368224494,-0.613776524917201,1.30031486480756,0,0,0
1007,-30.1680643443785,0.0401397923399338,0.0536564443853367,-0.00124632886679747,-0.00102814238171218,-0.00849958669644551,-30.2498729008235,-0.0564403831920168,0.0517089796410267,0.0214965889910263,0.0130494293901022,-0.00778482781780096,-30,0,0,0,0,0,4,3,-1.64991309745553,-1.19206217262619,0.675064822498042,0,0,0
1008,-30.1696085613107,0.0385157270360651,0.0459920572645714,-0.00184168585529336,-0.00221999206901426,-0.00682904004378063,-30.277267449018,-0.128731065187974,0.0774851886084576,0.00874421899988703,-0.00883218266953942,-0.00975040178265612,-30,0,0,0,0,0,4,3,-0.319887001952614,1.14068039732989,0.820069801048697,0,0,0
1009,-30.1712541192665,0.0368660984942468,0.0395460222788142,-0.00144923660059076,-0.00107927011531182,-0.00606312669556637,-30.2482669963392,0.0395430377015687,-0.0546010274922983,0.00131013452946214,-0.00270581458730348,-0.0123693764677957,-30,0,0,0,0,0,4,3,0.365520539732265,0.191495383327211,1.34613970176416,0,0,0
1010,-30.1720830681526,0.0358825563849397,0.0337809282950545,-0.000208507826479736,-0.000887820994620831,-0.00546736369988366,-30.2346867564264,0.00923103486825024,-0.00112430214397412,-0.00430875309196545,-0.0113949285236251,0.0211387702258599,-30,0,0,0,0,0,4,3,0.900248822049307,1.12103078262601,-2.11162841829805,0,0,0
1011,-30.1727966076366,0.0355551962273522,0.02727159380502,-0.0012190776216631,0.000233092895667656,-0.00755106082373668,-30.2096702672109,0.0230032984789341,-0.0888735255557636,-0.0123393781917046,0.0112600923675864,-0.00778810987220178,-30,0,0,0,0,0,4,3,1.65327835359227,-1.17201583371651,0.956558038331706,0,0,0
1012,-30.1731191033732,0.0352021782412,0.0194047920010366,0.000573939673859318,-0.000939134952703511,-0.00818298263473233,-30.1852958958767,-0.0803025028449837,0.00657478339875728,0.00859298793259288,-0.0013181025250705,-0.0338787938025251,-30,0,0,0,0,0,4,3,-0.488707001505833,0.292415258197017,3.374729813455,0,0,0
1013,-30.1714418142264,0.0344092861488435,0.0125065608645944,0.00278127331228147,-0.000646655033513632,-0.00561401936116213,-30.1076502723369,0.0139003534437507,0.107185883775667,0.0084035443123254,-0.011191128423544,-0.00667359958844596,-30,0,0,0,0,0,4,3,-0.625053886558781,1.09131213546689,0.452988191293261,0,0,0
1014,-30.168701419354,0.0343083271116833,0.00726728549055913,0.00269971384538105,0.000444737700137086,-0.00486450869983638,-30.1326364424981,-0.0452735405322977,-0.00197716072284849,0.00824022002325094,-0.00592858495031722,-0.0083405418304719,-30,0,0,0,0,0,4,3,-0.558749117328851,0.683405576096317,0.838008504492887,0,0,0
1015,-30.1658750672994,0.035094806755464,0.00287900584702219,0.0029532339515824,0.00112821556045073,-0.0039121061258602,-30.387597763282,0.133470072615904,0.0939650423322284,-0.00267833483772744,-0.0239588349537812,-0.0046207065671042,-30,0,0,0,0,0,4,3,1.0430290103368,2.12894335014632,0.274140572045963,0,0,0
1016,-30.1624815801729,0.0372874297445458,-0.00134644574624407,0.00383359382683777,0.00325702495191775,-0.00453901018218928,-29.9954429523496,0.0301448038370121,0.0694509510779623,0.00446450105672662,-0.0113451716411841,-0.00364773437741159,-30,0,0,0,0,0,4,3,-0.455564200973471,1.07422755644438,0.225871535585235,0,0,0
1017,-30.1587178765141,0.0410815996831909,-0.0056495866787502,0.00369393127507458,0.00433131118863593,-0.00406723809729092,-30.1410667876987,-0.176218031766696,-0.0455762456058865,0.0162667944508402,-0.00834156711851157,-0.00748071613865381,-30,0,0,0,0,0,4,3,-1.34454586968659,1.18659277538455,0.839224105077154,0,0,0
1018,-30.155153235994,0.0460062973685774,-0.0089441472174399,0.0034357323768169,0.00551807726326055,-0.002521817121234,-30.2861685741302,-0.105350377384766,0.0642560831723388,-2.85878727631708E-05,-0.00282423030512978,0.00432065949023817,-30,0,0,0,0,0,4,3,0.57519593553667,0.49312378528251,-0.560578115368494,0,0,0
1019,-30.1517456174235,0.0517709034382932,-0.0118767790624222,0.00337930797803532,0.00601112679234809,-0.00334342821220801,-30.2628530420318,-0.0221772424892359,-0.0905576497739452,0.00861102169180005,0.0030895258304267,-0.00324910122354424,-30,0,0,0,0,0,4,3,-0.335396085116462,-0.264598098064198,0.506025421902314,0,0,0
1020,-30.1482900690302,0.0576497555682652,-0.014937619574504,0.00353193556789275,0.00574657209042096,-0.00277828237336841,-30.2445188223076,0.0157352504982292,-0.0990259981034073,0.0115895563935568,0.00211851637804792,0.00471748509844406,-30,0,0,0,0,0,4,3,-0.669917994740547,-0.24332213880125,-0.273696513637592,0,0,0
1021,-30.1450857118269,0.0632747128784739,-0.0175620647922162,0.00287685963902773,0.00550333593281193,-0.00247044765411791,-30.1296175861081,0.0882989836360986,-0.0228725159245384,-0.00291767195344978,0.00173477874784428,-0.0156086015471532,-30,0,0,0,0,0,4,3,0.551002367561172,-0.350075842056626,1.60660518656439,0,0,0
1022,-30.1414257429981,0.0686029789340435,-0.0197250839566579,0.00444323277702109,0.00515319013112035,-0.00185596751825377,-29.9724753373887,0.106861101862766,0.0870570025997465,-0.00555261025370314,-0.00742353399198691,-0.013862912152828,-30,0,0,0,0,0,4,3,0.500211700147752,0.528631195473159,1.21217721008331,0,0,0
1023,-30.136364751862,0.0740204555343123,-0.0213844866556873,0.00567885125097136,0.00568175767102169,-0.00146313341504162,-30.3000685126942,0.0878136419793314,-0.0862964368148966,0.00557664605082189,0.00203898444448232,0.00779533445128071,-30,0,0,0,0,0,4,3,0.0424724203063029,-0.379525728406895,-0.606940571498278,0,0,0
1024,-30.1309060257613,0.0795124500950947,-0.0230728355135155,0.00523849891707907,0.0053022261597254,-0.00191345565157206,-30.0558699140139,0.0597212078912923,0.0350176348870606,0.00107049365577504,0.00639567294238413,-0.007739444523608,-30,0,0,0,0,0,4,3,0.00469046245026862,-0.759009710020998,0.703909182586679,0,0,0
1025,-30.1254038869804,0.0844351743556248,-0.0247688967205283,0.00576589043857498,0.00454321623249993,-0.00147879208635038,-30.230873034357,0.0794269329879876,0.102716358701364,0.014381179152306,0.0190171943731896,0.0144347265149799,-30,0,0,0,0,0,4,3,-0.976371846516525,-2.06057330329494,-1.64890536890072,0,0,0
1026,-30.1205855830646,0.0879481675148186,-0.0264266024718476,0.00387063693563604,0.00248276757349478,-0.00183615985568323,-30.230351878139,0.270030855450699,0.139589593152261,-0.0136966041095875,-0.00371646311040029,0.00230906590788266,-30,0,0,0,0,0,4,3,1.83036416723682,-0.168415399861369,-0.510085777092787,0,0,0
1027,-30.1163157739961,0.0903466125061222,-0.0291328247262547,0.00466856709875575,0.00231411659035309,-0.0035764728253782,-30.135502798639,0.046096021252597,-0.108588903034033,0.00477174623263284,0.0169906018356958,0.0088792165000474,-30,0,0,0,0,0,4,3,-0.206169025985207,-1.79125222607477,-0.670743843936674,0,0,0
1028,-30.111974011217,0.0917651187625049,-0.0328599991897967,0.00401489216968527,0.000522890520905963,-0.00387771630553177,-30.1277235484084,0.123588793463064,-0.0392984934503057,-0.00837422586942888,0.00597037536454965,0.00273288043389433,-30,0,0,0,0,0,4,3,1.0928696837596,-0.844215123381092,-0.194691056488821,0,0,0
1029,-30.1076823539966,0.0918658347450147,-0.0372256813010601,0.00456819305341062,-0.000321465195020128,-0.00485377932046823,-30.1417654393916,0.0159844868842225,0.166754368934577,0.00760096227573443,0.0117923551818021,0.00760987752515665,-30,0,0,0,0,0,4,3,-0.476565348790318,-1.21120449194866,-1.09449649038482,0,0,0
1030,-30.1036905058123,0.0909388005251057,-0.0422651490761695,0.00341542085524957,-0.00153260900610788,-0.00522487738250695,-30.0695953993079,0.155877055625982,-0.119446426146912,0.00292433266657252,0.0140136662644467,-0.00775630858495133,-30,0,0,0,0,0,4,3,-0.153242468041359,-1.71312073769663,1.01452371078896,0,0,0
1031,-30.0999458180959,0.0885496447596933,-0.0471113761211764,0.00407414363040611,-0.00324570947612509,-0.00446773488099561,-30.1521851649517,0.0948614737554615,-0.0779425788684245,0.00728354434254763,-0.0135466344572165,-0.00548791780596365,-30,0,0,0,0,0,4,3,-0.4239841043513,1.16494049821073,0.704676938333214,0,0,0
1032,-30.0957474501907,0.0858864361782356,-0.0511989995318845,0.00432278053781953,-0.00208071409497883,-0.0037075667059934,-29.9888398731519,0.106459132686656,0.00103962799639336,0.0222183582510847,-0.0073515927106562,-0.00628116437095568,-30,0,0,0,0,0,4,3,-2.24415607880461,0.522241005692308,0.626037181102782,0,0,0
1033,-30.091921364371,0.0840669894341745,-0.0538605606287652,0.00332989464090811,-0.00155818424718605,-0.00161531562050196,-29.9148864345717,0.257831804416316,0.0304497451813953,-0.00290725657083323,0.00876417845275113,0.00843770344859294,-30,0,0,0,0,0,4,3,0.120498526226664,-1.39208145410774,-0.904669835222085,0,0,0
1034,-30.0889004646049,0.0818127597922427,-0.0558251111132862,0.00271174875091074,-0.00295028167361692,-0.00231363109930019,-29.9905310438451,0.175075053377003,0.0252082521107149,0.0152125837714463,-0.0202565875425365,0.0130742593976393,-30,0,0,0,0,0,4,3,-1.54019628945438,1.67550864749965,-1.35784244398536,0,0,0
1035,-30.0872095340466,0.0797003332742367,-0.0580032850650392,0.000670181034850554,-0.0012745757727505,-0.00204222663127742,-30.0797698234822,0.197268066722975,-0.10231181235064,0.0224757488873887,0.0160110318981448,-0.00655450017287899,-30,0,0,0,0,0,4,3,-2.08803524177448,-1.99563932326043,0.860073641989178,0,0,0
1036,-30.0868941251927,0.0774280759767474,-0.0589803542462775,-3.88509560900821E-05,-0.00326994617678149,8.82594765848708E-05,-30.1195045674091,-0.0183117651376797,-0.117518798804351,-0.00911911683193954,-0.0110623291769274,-0.0376418563813137,-30,0,0,0,0,0,4,3,1.15092081801216,1.14285644796809,3.99922323574007,0,0,0
1037,-30.0850410489273,0.0747294869139896,-0.0580412693901571,0.00374541425594122,-0.00212723553092297,0.00178901082959285,-30.2390245025613,-0.200827245718911,-0.102625195661508,-0.00287192208352466,-0.00199633153788349,0.0105013275258787,-30,0,0,0,0,0,4,3,0.765241213475065,0.60128764522617,-0.844882361264859,0,0,0
1038,-30.0813718082209,0.0729028480992018,-0.0568272536729369,0.00359279718704704,-0.00152604672306062,0.000639061157019758,-30.2483018698001,0.0599139252012394,-0.070051583685462,-0.000987370816357538,0.00359547869344642,-0.00388589340745681,-30,0,0,0,0,0,4,3,0.595340821235908,-0.479375719747121,0.528692508116606,0,0,0
1039,-30.0773878980427,0.0711370786150668,-0.0562533673101153,0.00437499675825594,-0.00200549868823517,0.000508528078389784,-30.0511795135913,0.076628772016452,-0.00363833572295116,0.0225665213057063,-0.00034454246290934,-0.000638263674782965,-30,0,0,0,0,0,4,3,-2.15429310338797,-0.11880329774197,0.0711030389241989,0,0,0
1040,-30.0736863872209,0.0690723197039698,-0.0549110003463109,0.00302842643135462,-0.00212402499854616,0.00217652941996982,-29.9984262737553,0.0756939475490368,-0.00675654268550289,-0.00311005347041365,-0.00641331429524556,-0.00244676690985126,-30,0,0,0,0,0,4,3,0.307857894551886,0.489943534426483,0.258189776356132,0,0,0
1041,-30.0704622481288,0.0671932494951703,-0.0527777110876087,0.00341983427628106,-0.00163412090860166,0.00208995782065344,-30.0414976443564,0.107860690270653,0.120086128860307,-0.00513203013356546,-0.00245009017000039,0.0117218181076972,-30,0,0,0,0,0,4,3,0.596198302069262,0.0292876364587326,-1.41235406849034,0,0,0
1042,-30.0673905846816,0.0655737368232052,-0.0513814191067466,0.00272317153328399,-0.00160491068254164,0.000702797448193033,-30.1488768514513,0.0200257237840915,-0.243933303985964,0.000276124269546929,-0.0141141625367895,0.0119691555263548,-30,0,0,0,0,0,4,3,0.270141275947968,1.37136480611077,-0.709048944663555,0,0,0
1043,-30.0648535726315,0.0646544927765634,-0.0510201466074348,0.00235069664304167,-0.000233581004218828,1.98385082292567E-05,-30.16679676089,0.21385852367561,-0.0880741772231735,0.0187374748858662,0.00840255202842086,0.00938659408240208,-30,0,0,0,0,0,4,3,-1.54015396680663,-1.26797225019331,-0.762511053793861,0,0,0
1044,-30.0632947828985,0.0637870268355636,-0.0506677945129721,0.000767045994692867,-0.00150135565512499,0.000685240988553727,-29.8906558140005,-0.0860202849657467,0.00301855147188919,-0.00754607302322747,-0.00446986545411779,0.00316780643110905,-30,0,0,0,0,0,4,3,0.535918930323775,0.619027115343272,-0.322817746054683,0,0,0
1045,-30.062480966179,0.0625951528694523,-0.0502997052760019,0.00086044236987269,-0.000882397615745934,5.09190474151794E-05,-30.2008967209935,0.0564715106994682,0.151247588169932,0.0078925172445148,-0.011547860021237,-0.0100555010968105,-30,0,0,0,0,0,4,3,-0.387458282464484,1.04184298072477,0.703054933341189,0,0,0
1046,-30.0614802727472,0.062233705723667,-0.0498823165159733,0.0011411244046086,0.000159495545076363,0.00078379336234102,-29.9761786808878,-0.0246290965578794,-0.249939536506152,0.00324493532213644,-0.0048532155069955,-0.00420998754207248,-30,0,0,0,0,0,4,3,-0.372136170437962,0.534579743815309,0.920877827219552,0,0,0
1047,-30.0601102149252,0.0626605185895323,-0.0486678295579547,0.00159919873127321,0.000694123626933982,0.00164507553111721,-30.0038922511856,0.014172593506705,-0.143727978299742,-0.0063048159970724,0.0049866163670374,0.0086909605552994,-30,0,0,0,0,0,4,3,0.638266102078484,-0.52700682371715,-0.581640098930457,0,0,0
1048,-30.0585302073654,0.0630911014472873,-0.0474628187165681,0.0015606134430247,0.000167034439656211,0.000764956317689719,-30.0057821456217,-0.000621866098403603,0.0971904946517847,0.00493466066377492,-0.0282286666246088,0.0228588242661059,-30,0,0,0,0,0,4,3,-0.481901775134153,2.82411039465769,-2.48026341591416,0,0,0
1049,-30.0580761409391,0.0646702238149644,-0.0473212753688046,-0.000652769540986367,0.00299120541607424,-0.000481348283742885,-30.0065737848811,0.0808617788807647,-0.138795557862108,-0.0108066475607414,-0.000660716606422162,0.000496582759681747,-30,0,0,0,0,0,4,3,1.09381232583633,-0.0956518971193132,0.227932839756042,0,0,0
1050,-30.0582931031065,0.0676135366546978,-0.0481552545327499,0.000218684076716067,0.00289541302580232,-0.00118681360995171,-30.1198435061612,0.0221009523797929,-0.0373544079643479,0.00916503065313341,-0.00627150353771407,0.00631272137186381,-30,0,0,0,0,0,4,3,-0.676816052990857,0.582948449011821,-0.556563321257685,0,0,0
1051,-30.0585090271408,0.0708004714528414,-0.0492701131876464,-0.000650491038645254,0.00347844817827558,-0.00104270191647094,-30.0398654679689,0.0486347077936924,0.0359345791390157,0.00194372845393809,-0.00874619060617198,0.00763603461064443,-30,0,0,0,0,0,4,3,-0.11464190945592,0.777349645029813,-0.835472619342474,0,0,0
1052,-30.0595200032246,0.0746676044315788,-0.0505451814720094,-0.00137156473807666,0.0042558121052399,-0.00150726394601931,-30.0398367438648,0.0966345379885132,0.049164123647431,0.00203123184763236,0.00617735319967839,-0.00458202232528943,-30,0,0,0,0,0,4,3,-0.123449697033614,-0.811004395944866,0.359873985234081,0,0,0
1053,-30.0607974285622,0.0785179255963168,-0.0518966583429882,-0.00118320727961531,0.00344482378193484,-0.00119573205746204,-30.1648368694754,0.046967379446472,0.0210789660866108,-0.00707157128120396,-0.00292516022171432,-0.0138821410191002,-30,0,0,0,0,0,4,3,1.03683086707121,0.198581263278488,1.3460561697368,0,0,0
1054,-30.0611356443879,0.0820619775098439,-0.0530645716484641,0.000506793425803191,0.00364327247878385,-0.00114048782880332,-30.2030191101242,0.00325251549562779,-0.0163290414615766,0.0118483790057808,0.00417903494904665,0.00348633244416487,-30,0,0,0,0,0,4,3,-0.778799680329687,-0.424408525895921,-0.315975161493333,0,0,0
1055,-30.0610038141739,0.0854930987365346,-0.0540160150713805,-0.000243041446779111,0.00321896391131993,-0.000762221494036659,-29.9065008357103,0.146862351742086,-0.199170200340024,0.00528924702050628,-0.0125884933780906,-0.00309378396177231,-30,0,0,0,0,0,4,3,-0.715923030630013,0.965124634324893,0.707718796857279,0,0,0
1056,-30.0612087607442,0.0891946741044857,-0.0542843697086476,-0.000166616929491951,0.00418418095866737,0.000225495739125666,-29.8951805510904,0.0928694323990744,-0.0414158698894788,0.0173306122270774,-0.00110228255025833,-0.00506288055915153,-30,0,0,0,0,0,4,3,-1.94270012052686,-0.0755106097723159,0.58911979569411,0,0,0
1057,-30.0617755316241,0.093341230200229,-0.0531324271379492,-0.000966490387912858,0.00410892041912503,0.00207858028447046,-30.1902904397474,0.178996102420451,-0.112563040429414,-0.000753900515083429,0.00557826977804504,0.00784933198035103,-30,0,0,0,0,0,4,3,0.455970931003136,-0.915819182645406,-0.559807117176276,0,0,0
1058,-30.0628130275815,0.0969922138431283,-0.0514155540697676,-0.00110866575918763,0.00319304231665972,0.00135520271828451,-30.1891370610109,0.0975154494284266,-0.104276455980912,-0.0111065677479212,-0.00467217519774519,0.00831025830752374,-30,0,0,0,0,0,4,3,1.48893089681401,0.272186620917666,-0.62247291879055,0,0,0
1059,-30.0636863139281,0.100321254538086,-0.0508386498953017,-0.000638266750523759,0.00346503718237675,-0.00020149880327756,-30.0236308917681,0.0814903130674937,-0.216519965721726,0.010885103966979,0.0152665594661823,-0.0198493147549691,-30,0,0,0,0,0,4,3,-1.04124861316177,-1.68963657275322,2.41797140694036,0,0,0
1060,-30.0637326839689,0.102941544890628,-0.0498735219843241,0.000546070742562472,0.00177553580024261,0.00213148448396823,-30.1073832435573,0.148383209831481,0.0435132845170937,-0.0084929376278405,0.00600369698757871,-0.00302015210428263,-30,0,0,0,0,0,4,3,1.06406024989866,-0.897136118420834,0.214988641394076,0,0,0
1061,-30.062765813291,0.104268447018608,-0.0480900403893144,0.00138751311287394,0.000878263013183184,0.00143528536041585,-30.0894551781126,0.0129246987648226,-0.0871333244585717,0.0028155710174482,0.0125570164457116,-0.0134050963896112,-30,0,0,0,0,0,4,3,-0.102646745519717,-1.28155104210081,1.51477628787826,0,0,0
1062,-30.0608315142656,0.104505945580724,-0.0461392136680234,0.00248132451920547,-0.000403273996866646,0.00246611489003271,-30.0546299067327,0.0430832560881885,-0.00625805107616307,-0.0049655183249826,-0.00349435790160192,0.00458020759183544,-30,0,0,0,0,0,4,3,0.605811645963645,0.263269277983815,-0.445504657031218,0,0,0
1063,-30.0583299185998,0.104234270159051,-0.044057332115976,0.0025216923941248,-0.000140082846690877,0.00169764249003023,-30.117807264935,0.14420532190814,-0.224491350030165,0.00407620336489233,-0.0157359636711695,0.0045274993421374,-30,0,0,0,0,0,4,3,-0.172005806619135,1.28518572330067,-0.00376723415341063,0,0,0
1064,-30.0558669875765,0.104736793416739,-0.0423036906841156,0.00240419989347522,0.00114512497600423,0.00180966853140799,-30.1216076697582,0.169629068233726,-0.243416253666875,0.00248088745384564,0.00272557706189285,0.0018213493190135,-30,0,0,0,0,0,4,3,-0.00487340586808974,-0.611815842656737,0.304697575432401,0,0,0
1065,-30.0533494813057,0.10557601199212,-0.0404036700834638,0.00263085679909541,0.000533309932622974,0.00199032548856184,-30.0568364393831,0.15316800209952,-0.149686516907188,0.0145437797725428,-0.00216959233549609,-0.00720720357819339,-30,0,0,0,0,0,4,3,-1.34070509848815,-0.089376770649431,1.02009339163372,0,0,0
1066,-30.050756019404,0.106064724407601,-0.037580662841842,0.00255645970419027,0.000444106077182861,0.00365570305020918,-29.9405332969408,0.236437274020748,-0.255627751380443,0.0198780642873415,0.00398232257002383,-0.00224327453638541,-30,0,0,0,0,0,4,3,-2.10673983485264,-0.871106805043878,0.735582956399428,0,0,0
1067,-30.0485896814843,0.106073415351115,-0.0328879167401938,0.00177669731215698,-0.000426729486374588,0.00572997187643831,-30.114457104086,0.197657004901025,0.00425428254150692,0.0069790786611462,-0.0135319940237685,0.0154945883108746,-30,0,0,0,0,0,4,3,-0.46899365794272,0.957885392574797,-1.55796739617048,0,0,0
1068,-30.0475631601104,0.106125660535554,-0.0274823946820901,0.000276196732122438,0.000531215350411855,0.00508141931943648,-30.1045339151154,0.217559319619629,-0.028782559110545,-0.0102863599436793,-0.0121113316167206,0.0137632210565308,-30,0,0,0,0,0,4,3,1.23770382459878,0.776014522432799,-1.31875698743199,0,0,0
1069,-30.0474017248027,0.107044805654095,-0.0233059093985078,4.62608698342747E-05,0.00130707003068186,0.00327160651579168,-29.9412872306953,0.00919107969477795,-0.00982638126317488,0.00381248202776914,-0.00051063472831841,0.00098780820394697,-30,0,0,0,0,0,4,3,-0.498673741386218,0.0326813134422851,-0.0791280578683473,0,0,0
1070,-30.0475463974578,0.108368251394938,-0.0198749306070107,-0.000335531039237127,0.0013398154096898,0.00359044193358648,-30.0100118697506,0.268745210050022,-0.0247784694295811,0.0101059344934791,-0.0073834410343996,0.014371296893791,-30,0,0,0,0,0,4,3,-0.990569709846691,0.200853683339917,-1.38757275051994,0,0,0
1071,-30.0487337895759,0.109808559171545,-0.0163514838423209,-0.00203928227630745,0.00154079568638065,0.00345684283699891,-30.0642506106696,-0.11876365764424,-0.0770703948361293,0.000703881865608147,-0.0137257735761311,-0.01657642487453,-30,0,0,0,0,0,4,3,0.0581130347783137,1.61010467290159,1.81178327712526,0,0,0
1072,-30.0500570620098,0.11215440743013,-0.012347665622096,-0.000607008681733231,0.00315089385949113,0.00455046467314894,-30.0604061524165,0.130250711035772,0.143776929698988,-0.00365010567235263,-0.00370702613471867,-0.00323348947717803,-30,0,0,0,0,0,4,3,0.485822872068202,0.110201191400323,0.035795088319827,0,0,0
1073,-30.0504968975754,0.115360375846339,-0.00798070485318457,-0.000272744240378463,0.0032610326113312,0.0041833874362385,-29.8804755336959,0.0976738065094777,-0.17933362236376,0.0192617175208258,0.0263339990260188,0.000565419584802046,-30,0,0,0,0,0,4,3,-2.16522068469079,-2.82874751562084,0.302125286247316,0,0,0
1074,-30.0513421559455,0.117207177423175,-0.00287267590514973,-0.0014173465719782,0.000432563637168303,0.00603293407736209,-30.0627214522024,0.0251831824056592,-0.0365684840127124,0.00772777191923888,0.0202465745324182,0.0157717357992334,-30,0,0,0,0,0,4,3,-0.647334287519039,-2.07502381805314,-1.50403661189792,0,0,0
1075,-30.0535464436069,0.116602273159437,0.00292590917330922,-0.00299133272793853,-0.00164237776181523,0.00556459814735577,-30.0245361206771,0.139726824283953,0.0804272014268905,-0.0152465775525886,0.00234081687047236,0.0178934878446758,-30,0,0,0,0,0,4,3,1.57372999661299,-0.513535335615142,-1.95020318732136,0,0,0
1076,-30.0567925872165,0.114703028716451,0.00725735776246074,-0.00350151543545681,-0.00215611647196983,0.00309841643269715,-30.1316865601685,-0.0145127248943224,-0.0600664587865795,-0.0126958474170878,-0.00503760351051134,0.010339342306323,-30,0,0,0,0,0,4,3,1.53295786204571,0.532785800839779,-0.913801313059145,0,0,0
1077,-30.0601628608851,0.112813209041029,0.0094673753444841,-0.00323943207582553,-0.00162352824655705,0.00132155987895908,-30.0325448040659,0.0821408933726699,-0.0631358352827291,0.00402867006488595,-0.00377670998939109,-0.00304267973433229,-30,0,0,0,0,0,4,3,-0.337777398356852,0.21338921219377,0.430539643998687,0,0,0
1078,-30.063345379653,0.111296398196018,0.0110498956447146,-0.0031254794318292,-0.00141009537913319,0.00184345141725605,-30.1068295691814,0.307297740595897,-0.0969885352175707,-0.00387910565993268,0.00761185340903112,0.00158213022918583,-30,0,0,0,0,0,4,3,0.601569704355969,-1.37578082209491,0.0357640475165584,0,0,0
1079,-30.0662687810741,0.109198376988683,0.0126658782942997,-0.00272142790555407,-0.00278595350774474,0.0013884192872263,-29.9279725022674,-0.0419566128563095,0.10918339643051,0.00503270521588661,0.00132065280490837,-0.000739131137486048,-30,0,0,0,0,0,4,3,-0.647325517053943,-0.0481520547782182,-0.144453679112416,0,0,0
1080,-30.069253541,0.106388391186347,0.0142527319483741,-0.00324799653873731,-0.00283402241890219,0.0017854118403173,-30.0714723859171,0.0714572832185682,-0.0894805463157233,0.0100249573656121,-0.0154978234746251,0.00114942082733678,-30,0,0,0,0,0,4,3,-0.859550964726958,1.40686778102537,0.064019009897768,0,0,0
1081,-30.0727509817868,0.10425786085949,0.0163849981652378,-0.00374672537432815,-0.00142704411332194,0.00247923596125315,-30.1649526346227,0.13432840019724,0.153152176583063,0.00785998424054055,-0.00312479895822633,-0.00237367217784504,-30,0,0,0,0,0,4,3,-0.456093154808675,0.0438230954281539,-0.0689371353816215,0,0,0
1082,-30.0766706190135,0.102852760809829,0.0190132060249132,-0.00409247798094706,-0.00138316242432148,0.00277725991862168,-30.1973525861885,0.158887988104383,-7.97073887444412E-05,0.00216903478248453,0.00103069783981981,0.0113772270782437,-30,0,0,0,0,0,4,3,0.17780169412852,-0.420845760190746,-1.13756329304689,0,0,0
1083,-30.0811494506811,0.101259166895901,0.0213563446088449,-0.00486537922009682,-0.00180403165424983,0.00190919181330861,-30.0978765404742,0.450381476094908,0.0651874633069436,-0.00827754446668215,-0.0017765522243191,0.00823780851589688,-30,0,0,0,0,0,4,3,1.02350752761651,-0.723107729757907,-0.954155778203575,0,0,0
1084,-30.0860635273397,0.0990935182970687,0.0225621429559156,-0.00496309019944073,-0.00252727148075644,0.000502426608508987,-29.807564162492,0.0176259195686372,-0.071680301692268,-0.0106189007202299,-0.010882851389895,-0.00603825097986328,-30,0,0,0,0,0,4,3,0.677018397006929,1.05303329985222,0.747185701370864,0,0,0
1085,-30.0905259836066,0.0970927228969451,0.0230326698734308,-0.00396182980041359,-0.00147432481994756,0.000438399311192376,-30.0160542195629,0.159045733206972,0.0797457533682327,0.014256296603279,0.00833181990183134,-0.0166600671892517,-30,0,0,0,0,0,4,3,-1.39352122120212,-1.15127345659708,1.5065152121887,0,0,0
1086,-30.0943461890495,0.0950428555274496,0.0244812626801364,-0.00367811909587009,-0.00262541830255497,0.00245872024436244,-30.0784566875702,-0.0961251562704584,-0.0980400480232107,-0.000670094232777399,-0.00389660686110154,-0.00402167214962418,-30,0,0,0,0,0,4,3,0.223922798418145,0.58191099865107,0.598247311008839,0,0,0
1087,-30.0977235091507,0.0927083817015536,0.0270359038015976,-0.00307647433522037,-0.00204353577429582,0.0026504300042363,-30.134771573529,0.102765697609042,-0.044106215752779,0.0049279627375566,0.00602432329508416,-0.00787258801883722,-30,0,0,0,0,0,4,3,-0.223253126697594,-0.8079637247265,0.87547123338928,0,0,0
1088,-30.1005324622334,0.0902608818021624,0.0300428711621298,-0.00254126781315399,-0.00285147031648548,0.00336338386399138,-30.0362063449611,0.0506755363679461,0.0795133784045355,-0.00565342691388319,0.0120792298580634,-0.00214112183380774,-30,0,0,0,0,0,4,3,0.63775538131055,-1.30927405854223,0.055085426571703,0,0,0
1089,-30.1028530184792,0.0867547372098501,0.0331697082140664,-0.00209994736394386,-0.00416082632305451,0.00289019375519771,-30.0550310231993,0.0511998510282203,0.0541974469067577,0.00155796421258601,0.00483644074824666,0.0165641384325231,-30,0,0,0,0,0,4,3,-0.0457343748600051,-0.586043776881106,-1.76480873706583,0,0,0
1090,-30.1056546049782,0.0823008924432133,0.0355154841510987,-0.0035034651245698,-0.00474686517105124,0.0018016724443481,-30.0731259483082,0.0882780335936772,-0.0291478340264837,-0.00368392483329003,-0.00965245181289564,-0.00982523196866273,-30,0,0,0,0,0,4,3,0.514644379945422,0.78868911410221,1.04081886491924,0,0,0
1091,-30.1085939086553,0.0779483420190818,0.0374387888072868,-0.00237508473203954,-0.00395824166190008,0.0020446848172365,-30.1660520835406,-0.0483958139838097,-0.092587743229064,-0.0207483873257666,-0.000676788980725688,-0.0106991955573942,-30,0,0,0,0,0,4,3,2.4069428996578,0.164470526040188,1.25509504219755,0,0,0
1092,-30.1097262418576,0.0740721838768521,0.038936260453246,0.000110177031626079,-0.0037940798947961,0.000949704206476151,-30.1313067618275,-0.0540428354147779,-0.237257590122018,0.000311987120066576,-0.0161213920188246,-0.00474132997101828,-30,0,0,0,0,0,4,3,0.231414811648369,1.72022487271202,0.948648177345863,0,0,0
1093,-30.1091769929801,0.0711382045990511,0.0400865952812444,0.0009884141408582,-0.00207388427330866,0.00135077202472802,-29.9573382906214,-0.180739911125998,-0.0336694913858391,0.00938599850183321,-0.0151705746147847,-0.0202152602876318,-30,0,0,0,0,0,4,3,-1.0239232689406,1.87853728373046,2.08886501153485,0,0,0
1094,-30.1077000982722,0.0700036584329086,0.0424839200443411,0.00196584741571536,-0.000195214233959307,0.00344366148110309,-30.0009407160611,0.121361343837655,-0.123720036102857,0.00426790909039336,0.00307084562650771,0.02195955818486,-30,0,0,0,0,0,4,3,-0.424909476917132,-0.549807250326082,-1.94851574628029,0,0,0
1095,-30.1066273604461,0.0695335698739754,0.0454728137170592,0.000179428348165794,-0.000744967910228998,0.00253452757257353,-30.1185927062352,-0.0162606159229922,0.0815891269419836,-0.00654542523037885,-0.0105424033186914,0.00999435002103884,-30,0,0,0,0,0,4,3,0.891727935508274,1.08676156371513,-1.16261325598785,0,0,0
1096,-30.106622474187,0.0693319266730178,0.0472878284883959,-0.000169974404797086,0.000341678377725717,0.001095578543619,-30.3862935706103,0.148136200204162,0.078370982609685,-0.0087315710803072,-0.0116522198797275,0.00583907160730336,-30,0,0,0,0,0,4,3,1.64574424925135,0.868949587564427,-0.740649125949707,0,0,0
1097,-30.1065671491083,0.0701079761356372,0.0475028863905652,0.000280235578688849,0.00121041597944993,-0.000665560610176159,-30.2108273597809,-0.0138924103034817,0.0573907607031525,-0.00945858452582204,-0.00737713377275605,-0.0075433077043675,-30,0,0,0,0,0,4,3,1.36751317214392,0.765498197882569,0.639549249030445,0,0,0
1098,-30.1056123733265,0.0717010566196494,0.0464975545264891,0.0016291689007041,0.00197573870883821,-0.00134540225702156,-30.1554554447626,0.0689957625494376,0.0595530446386018,-0.00115583824392202,0.0157459480207645,-0.00700043017200864,-30,0,0,0,0,0,4,3,0.42649471391742,-1.71258632717533,0.580936927923661,0,0,0
1099,-30.1036268674452,0.0728204777370853,0.0451599370352835,0.00234185076780276,0.000263097885412032,-0.00132998802774957,-30.0850906377781,0.00176149237184013,-0.0985318900650829,-0.00328594567130142,0.00160556496047885,-0.00581162876090278,-30,0,0,0,0,0,4,3,0.498775842686437,-0.164079480791566,0.778226656220444,0,0,0
1100,-30.1008290576527,0.0730015072966946,0.0438707914236462,0.00325379165944586,9.89547053562525E-05,-0.00124850273755987,-29.9394767455037,-0.000109321963535927,0.132234506876864,-0.00210834332434221,-0.00850820540152846,-0.018665675029483,-30,0,0,0,0,0,4,3,0.089787823441622,0.851039184079918,1.60209848919457,0,0,0
1101,-30.0969259270208,0.073525978746828,0.0430798018295433,0.00455267537124735,0.000949983210290915,-0.000333762341687204,-29.9222637776912,0.096706607915015,0.0949466068527353,0.0186504646860654,-0.0146672330798559,0.00733012047360456,-30,0,0,0,0,0,4,3,-2.02051891322418,1.27331009215556,-0.922905261065927,0,0,0
1102,-30.0933683120604,0.0751127496596935,0.0432361064797449,0.00256277489600258,0.00222355254558849,0.000646814955095503,-30.1094514475156,0.153111960627144,-0.0879561060646261,0.0111600764017924,0.00159631881484601,0.00859717632538358,-30,0,0,0,0,0,4,3,-0.897104745148015,-0.465855802738888,-0.683805420409106,0,0,0
1103,-30.0913555131879,0.0771034332814296,0.0440107684087228,0.00146288331556886,0.00175781170817659,0.000902754913472744,-29.9981766468801,0.0866478580611859,0.0247348465162203,-0.0190923716179107,0.0107731716216474,-0.0028432146435422,-30,0,0,0,0,0,4,3,1.90559045555135,-1.25061287828712,0.23485177132178,0,0,0
1104,-30.0892081829975,0.0782358179807901,0.0442351019485813,0.00283147963413447,0.000506953986807851,-0.00045438834673172,-30.0894952582703,0.0584495691791445,-0.0263660354575354,0.0111213727051842,0.000879787575597256,-0.00385969285036066,-30,0,0,0,0,0,4,3,-0.933146753977893,-0.204877895918015,0.438701355951137,0,0,0
1105,-30.0864999371281,0.0786403957588974,0.0442735278424366,0.00258523550337207,0.000302196297913089,0.00053129741343301,-30.0447829510925,0.0146326329739943,0.207812521492158,0.0154466000037084,-0.0102520109492608,0.000981292563195331,-30,0,0,0,0,0,4,3,-1.45509409818575,0.995935828978093,-0.51375429930385,0,0,0
1106,-30.0845721848811,0.0794406572871817,0.0452043918916364,0.00127044832471559,0.00129831890845026,0.00133072326893381,-30.0766864229915,-0.0387238530818252,0.166679895941827,-0.00255636354993845,-0.00375317749191506,-0.00315890571543395,-30,0,0,0,0,0,4,3,0.409009200976888,0.452765455355156,-0.0174692203402595,0,0,0
1107,-30.0831833169167,0.0809653349209145,0.0463619411980206,0.00150721483060449,0.00175103177074427,0.000984325964962838,-30.2466718007706,0.118986704601474,-0.0840217124866337,0.00809547512302281,0.00199079938605601,0.00157737224659904,-30,0,0,0,0,0,4,3,-0.316203910761075,-0.437053347808549,0.0103062003133634,0,0,0
1108,-30.0817731638868,0.0824978633874468,0.047465146583432,0.00131314903018924,0.00131401908794316,0.00122212930143527,-30.1568933014417,0.0955016427991624,0.1804411374863,0.00480509419499226,0.00318754497411973,-0.00331629659023589,-30,0,0,0,0,0,4,3,-0.166722816615879,-0.509757783010298,-0.0292526159490109,0,0,0
1109,-30.0805258074016,0.0835570185281738,0.0487355171286702,0.00118158889538316,0.000804282729960039,0.00131864076174807,-30.1387244609726,0.170075309080121,-0.0843333896439418,0.00974908277822639,-0.000494593741214274,0.00549893265427361,-30,0,0,0,0,0,4,3,-0.697459355877424,-0.290691244038814,-0.381226486139478,0,0,0
1110,-30.0797128915415,0.0842160043364433,0.0502004959522061,0.000444312450715403,0.000513680947401182,0.00161147884364547,-30.1331938016357,0.0136005958318518,-0.0393842706489355,0.0160669927918316,0.00433617462505877,0.00495605639859603,-30,0,0,0,0,0,4,3,-1.34031167591184,-0.46081865416958,-0.416837098561732,0,0,0
1111,-30.0798510666609,0.0844993663668198,0.0521992941195846,-0.000720491440583333,5.30343799788234E-05,0.00238637789950564,-30.0159270941632,0.129567186102261,0.0470011371630491,-0.00603256184629429,0.0101556100571176,-0.0108554180658356,-30,0,0,0,0,0,4,3,0.635110372955857,-1.27469537791628,0.991539532257461,0,0,0
1112,-30.0799877596929,0.0839150162470666,0.0546385992052112,0.000447127830086965,-0.0012217421020451,0.00249197683747654,-30.0229560304554,0.0118592809342172,0.100705304639772,-0.00508901344052279,0.00103089774612269,0.0261629300843772,-30,0,0,0,0,0,4,3,0.554813404963052,-0.126808336480704,-2.81770361771727,0,0,0
1113,-30.0804733642743,0.0826298362781267,0.0560298787869254,-0.00141881471632953,-0.00134862329450442,0.000290992729983491,-29.9315823156614,0.289264297920628,-0.0279735670035397,-0.00825121075483905,-0.00461329127126972,0.00100458706273901,-30,0,0,0,0,0,4,3,0.688285706806751,-0.117199468714284,-0.0445115722668214,0,0,0
1114,-30.081698523155,0.0812225699715188,0.0560307998822003,-0.00103162764155517,-0.00146591127189916,-0.000289231296472202,-30.1946540328619,0.0763035413739762,0.141909693780019,-0.00145874084746849,-0.0116416390873518,0.0163459695024177,-30,0,0,0,0,0,4,3,0.535182150470609,1.01155682598722,-1.91841633780181,0,0,0
1115,-30.0833186923324,0.0802624057805454,0.0549292576185145,-0.00220906105308456,-0.000454424296479441,-0.00191359661298744,-30.0961984979947,0.0306894357173399,0.0974574143102287,0.00467117445323426,0.000114396185467238,-0.0139566415673156,-30,0,0,0,0,0,4,3,-0.274720449334028,-0.0728184899814036,1.2007493281111,0,0,0
1116,-30.085146039629,0.0797715925112925,0.0534897796877761,-0.00144542314716056,-0.000527206815732205,-0.000965525450151591,-30.1249183731963,0.235783022834352,0.052209046191485,-0.00531304648403631,-0.0056872778173324,0.00533444530593067,-30,0,0,0,0,0,4,3,0.781141394796191,0.097161736064535,-0.637862622976037,0,0,0
1117,-30.086602570631,0.0792929188524315,0.0520134796642657,-0.00146785871342686,-0.000430145844834164,-0.00198706743539155,-30.1274898785689,0.0191649484484205,0.193539657671031,-0.00317559728466271,-0.017934241359224,-0.00842649420448057,-30,0,0,0,0,0,4,3,0.572539485604145,1.75509423902556,0.455570105105996,0,0,0
1118,-30.0877178777881,0.0797402883484465,0.0499364046009038,-0.000762790185668618,0.00132487502099039,-0.00216723203001274,-30.1003853739777,0.180115833760095,0.134748860935216,-0.0087942761594945,0.00955592936016216,-0.00398799391919889,-30,0,0,0,0,0,4,3,1.08019836390477,-1.31582460353641,0.129301670049456,0,0,0
1119,-30.0880990709811,0.0804071836573791,0.0473785592609843,2.38419107562508E-07,8.91163025390185E-06,-0.00294862170071488,-30.1198664647633,-0.0860692897319274,0.132865765221715,0.0103212892086747,-0.00371167581506351,-0.00347317535809016,-30,0,0,0,0,0,4,3,-0.792395991340864,0.543306160970206,0.0815860053655862,0,0,0
1120,-30.088316319791,0.0806878017887754,0.0447590394848228,-0.000434587826714149,0.000552319700404255,-0.00229032395408268,-30.0031884263961,0.249140987851625,0.100770318228747,0.0032257136146956,0.00868312390168768,-0.00353442876196111,-30,0,0,0,0,0,4,3,-0.316194508677345,-1.36659436587202,0.151902239738616,0,0,0
1121,-30.0887930243945,0.0805568479779254,0.042632974310944,-0.000518744039881886,-0.000814233924261213,-0.00196178715911608,-30.0820707789728,0.206055697825562,0.15466071845145,-0.0100475863548302,-0.0134351564167277,0.0102945395943364,-30,0,0,0,0,0,4,3,1.16890019342861,0.931404246021645,-1.33877539633654,0,0,0
1122,-30.0894797064751,0.080208243776858,0.0397908843321639,-0.000855000705747302,0.000117019314111292,-0.0037223194735421,-29.9668965168932,0.170490955833701,0.2789960666594,0.00439662913635969,-0.0142395128430395,-0.0151689951482533,-30,0,0,0,0,0,4,3,-0.505869879849632,1.08296937263655,0.958907381506526,0,0,0
1123,-30.0901187180035,0.0808667828148909,0.0365569756723869,-0.000422804047268863,0.00120005423273637,-0.00274559015653793,-30.0067156455549,0.0618828468890354,-0.0603286500724886,0.0078617045656709,0.0113064240461449,0.00337631672825202,-30,0,0,0,0,0,4,3,-0.772739165457258,-1.25440809839256,-0.216974372680225,0,0,0
1124,-30.0908696583049,0.0814396873859484,0.0340411793381965,-0.0010789758228917,-5.42546290144003E-05,-0.00228585718726784,-30.0277200572092,0.0261743392946371,0.174365715648424,0.000851676792844483,0.000718660006444281,-0.013707543042693,-30,0,0,0,0,0,4,3,-0.0297275648661451,-0.124214679233702,1.02202287297245,0,0,0
1125,-30.0915597565215,0.0813233296555916,0.0320759841556471,-0.000301074768019092,-0.000178464935715993,-0.00164469943730571,-29.9779396843106,0.14331049646343,0.224183352863644,0.00555241564067196,-0.0120213171051543,0.00844882277657152,-30,0,0,0,0,0,4,3,-0.599362195445942,0.915510717588571,-1.29324898338444,0,0,0
1126,-30.0925580201356,0.081602661057041,0.0302608004110006,-0.00169552137297611,0.000737122120924076,-0.00198536486875839,-30.0738240840229,-0.0260189219602026,0.0177637963750842,-0.00345993953767116,0.000586236660757614,0.00103152710734263,-30,0,0,0,0,0,4,3,0.493642121812992,-0.00658582215535623,-0.138680303484431,0,0,0
1127,-30.0941594833902,0.082336461132603,0.0280320212730713,-0.00150750418306232,0.00073047276340468,-0.00247223473461595,-30.2028772173447,0.126799952717352,-0.0270152614845947,-0.00947051704580515,0.00476476363078986,0.0132249219189666,-30,0,0,0,0,0,4,3,1.35280613926995,-0.730076268513689,-1.26846166892747,0,0,0
1128,-30.0957530485644,0.0827018104562359,0.0246297663517839,-0.00168002200685056,2.21893130301852E-07,-0.00433223689690452,-30.1548803432182,0.112664011314945,-0.0440629461629783,0.0073910643613774,-0.00219535815144635,-0.0114268502171382,-30,0,0,0,0,0,4,3,-0.429345749701278,-0.00579220748525455,1.23081091403978,0,0,0
1129,-30.0970854112903,0.0826991669055881,0.0208394890812579,-0.000984465759409911,-5.51445291081984E-06,-0.00324846655478263,-30.1681673423768,0.146134191040859,0.0506678909599297,-0.00774859693959004,0.00684622910401771,0.000935779447107305,-30,0,0,0,0,0,4,3,1.11119437871266,-0.976891292483489,-0.19491372663059,0,0,0
1130,-30.097808628667,0.0822051388324103,0.0170866898704703,-0.000462180398916706,-0.000982548699144973,-0.00425724368459518,-30.0993942746538,0.0157492330673671,0.0560258818692175,-0.0117704156063685,0.0157017435798044,-0.00181134778315927,-30,0,0,0,0,0,4,3,1.37583010994454,-1.60167282411517,0.0690830145774921,0,0,0
1131,-30.097824743764,0.0804216677566249,0.01230181105242,0.000429727571623733,-0.00258439834602017,-0.00531270381256691,-30.1433315429791,0.178315932154488,0.093579349275978,0.000727395774847963,-0.00650223425665743,0.0106834381284745,-30,0,0,0,0,0,4,3,0.213923508473336,0.293591561356767,-1.25550251139941,0,0,0
1132,-30.0978290855014,0.0779840535402117,0.00651124641693797,-0.000438611199939844,-0.00229083496727419,-0.00626823685452031,-30.1729388637153,0.181449841173535,-0.121273423164079,0.00930244278008546,0.00207050740268878,-0.012994880777967,-30,0,0,0,0,0,4,3,-0.584366550578012,-0.569950422615949,1.54203492412486,0,0,0
1133,-30.0978448718538,0.0754082833926985,0.000940711413909355,0.00040734296771848,-0.00286070942457197,-0.00487301434889598,-30.2246402169963,0.231922818852774,0.0959310869612957,-0.000646927323494745,-0.0124012711154951,0.0105103521067325,-30,0,0,0,0,0,4,3,0.513973166342023,0.776281473843964,-1.24289738459584,0,0,0
1134,-30.0977745921195,0.0729356830653457,-0.004524259565964,-0.000267030958231745,-0.00208449470568342,-0.00605678290984343,-30.0858295544799,-0.0954641378220932,-0.00489535392045953,0.00116582307160807,-0.0119855534021875,-0.0110500022498354,-30,0,0,0,0,0,4,3,0.0550768017990299,1.38948361586293,1.11479093282446,0,0,0
1135,-30.0975901654432,0.0715459295095583,-0.0102673754967701,0.000636023439576455,-0.000695017578711806,-0.00542964014410897,-30.1222521842664,-0.0693382232141834,0.0153014075836225,0.00546829666104356,-0.00936940091850702,-0.0117172931200083,-30,0,0,0,0,0,4,3,-0.302325297571491,1.07561653827907,1.14112649683358,0,0,0
1136,-30.096601603741,0.0713887418993303,-0.0152347656045679,0.00134130123047031,0.000380638431944409,-0.00450528787889667,-30.049847390404,0.106600966815855,0.00797229539072247,0.00167603487971055,0.00479119445233913,-0.00904053536653806,-30,0,0,0,0,0,4,3,-0.0679087071631041,-0.692321378865622,0.888108945872361,0,0,0
1137,-30.0949351985422,0.0714232280322746,-0.0194483332102676,0.00199163829591907,-0.000311673729284862,-0.00392198433752505,-30.1541436310615,0.270898399515768,-0.0999775071431815,-0.000278593605650735,-0.00212875846644736,-0.00667691230401871,-30,0,0,0,0,0,4,3,0.336146622688047,-0.3289209523868,0.867646244688234,0,0,0
1138,-30.0925022356173,0.0709470753059189,-0.0232448712505643,0.00287434394757956,-0.000640637423915487,-0.00367127780367215,-30.1695860517417,0.0887587490478658,-0.0738423918390933,0.00732560208394044,-0.00223945018791624,-0.00981532417397965,-30,0,0,0,0,0,4,3,-0.393388104910716,0.0464275206958923,1.12921720107615,0,0,0
1139,-30.0893066311012,0.0703296793591561,-0.0264229020140641,0.00351707973114969,-0.000594158720513856,-0.00268491813343207,-30.0889130977722,0.109217151844561,0.1629029065371,-0.00636669117812942,0.00731832233912963,0.00313585172531195,-30,0,0,0,0,0,4,3,0.81449531335744,-0.950266537602085,-0.639390985605396,0,0,0
1140,-30.0857966377776,0.0692603369567684,-0.0296340061414648,0.00350268879610453,-0.00154453030829421,-0.00373728624369045,-30.0601273786414,0.129003347344079,-0.0296658382956227,0.0155639566228384,0.0035115248893581,0.00795685229769525,-30,0,0,0,0,0,4,3,-1.4361409050011,-0.609159183623968,-0.73635355317828,0,0,0
1141,-30.0830290256746,0.067411321839263,-0.0330374428044737,0.0020326837249824,-0.00215350525922114,-0.00306927173058597,-30.2493023172875,0.124693795842833,-0.0396674187889647,0.000447099832893717,-0.00455209974936237,-0.00604578290147381,-30,0,0,0,0,0,4,3,0.453894651285716,0.205822383250572,0.683913127725311,0,0,0
1142,-30.0805910029371,0.0653607015358893,-0.036084809374836,0.00284337414232192,-0.00194774085709251,-0.00302563120673776,-30.0969633684046,0.100586892227191,-0.0768063085458934,-0.000951493234602355,-0.00317094429047902,-0.0102884724684455,-30,0,0,0,0,0,4,3,0.289076060269467,0.115920644593519,1.18245986393634,0,0,0
1143,-30.0771954430074,0.0634709059568679,-0.0388713800093406,0.00394785157968223,-0.00183185673923438,-0.00254774103513418,-30.0510366364973,0.0476573703009295,-0.16742528243611,0.0036473290863885,0.000714332511680686,0.00547080133793245,-30,0,0,0,0,0,4,3,-0.262659635644277,-0.166747991769928,-0.212229568921024,0,0,0
1144,-30.0734156248301,0.0615556922674081,-0.0413886816083256,0.00361180520761842,-0.00199857107608804,-0.0024867912460334,-30.1637386648626,0.136575826655483,-0.35942960163544,-0.00335186569960455,0.00647127541328736,0.00113793198577116,-30,0,0,0,0,0,4,3,0.662663899685575,-0.920279194639702,0.605066004693764,0,0,0
1145,-30.0693656544612,0.0590969421222391,-0.0439613898658923,0.00448810362956387,-0.00291893512766649,-0.00265880768380291,-30.0921970957881,0.0750280145197119,-0.223347686245935,0.00991080036983648,-0.0176146727417042,-0.0189631988939075,-30,0,0,0,0,0,4,3,-0.806685845407423,1.61141124513099,2.34301526188262,0,0,0
1146,-30.0641998138622,0.0569837708225826,-0.0455943738260734,0.00584401301743097,-0.00130741892090353,-0.000607440404162508,-30.101530544557,-0.0206823332228086,0.0220174319879034,0.0228664597825171,0.0115638445498106,0.011437582614217,-30,0,0,0,0,0,4,3,-2.0835848891377,-1.11501978853544,-1.18779312539751,0,0,0
1147,-30.0594650261934,0.0551189785837206,-0.0457483067068778,0.00362575719001794,-0.00242217148159923,0.000300045788397544,-29.9738961827938,0.00405885484887386,-0.0347740749811217,-0.00408441625583363,0.00374793455198944,-0.0346544555601059,-30,0,0,0,0,0,4,3,0.356233991170987,-0.382911164896692,3.53499370597283,0,0,0
1148,-30.0543325306907,0.0525053320732173,-0.0445197775616482,0.00663962872511783,-0.00280512652225763,0.0021563791534329,-30.1001353237385,0.131804743398985,-0.0576618338274772,0.0228757096239673,-0.0150955461189183,-0.0136364503792226,-30,0,0,0,0,0,4,3,-2.08730031491966,1.24594512509386,1.47896870557722,0,0,0
1149,-30.0477446271888,0.0503233153812046,-0.0410950770706282,0.00653671629010271,-0.00155891226250745,0.004693047761624,-30.0652306693405,-0.054264193730141,-0.0319456174247019,0.00648865732492291,-0.00886264943579693,0.00318440463667793,-30,0,0,0,0,0,4,3,-0.518404393811289,0.994793331039975,-0.254549228818389,0,0,0
1150,-30.0414673969669,0.0492618351975205,-0.0362837465012003,0.00601779572925793,-0.000564052432310075,0.00492972627083357,-30.0656741960612,0.0163577087472576,0.038600833694889,0.0261800903738905,0.00841296817769588,0.0133778531381346,-30,0,0,0,0,0,4,3,-2.48666064526663,-0.874012235264103,-1.41498698120324,0,0,0
1151,-30.0367685191341,0.0482609393754779,-0.0308079965280208,0.00338019177324134,-0.00143774574378192,0.00602233310654254,-30.0733574315134,0.104400016916547,0.0278689535039944,-0.00597483995015295,0.00590995921508263,-0.00744639878290052,-30,0,0,0,0,0,4,3,0.744198858042054,-0.799795955341357,0.688901971282064,0,0,0
1152,-30.0328886970522,0.0464232508942241,-0.0248795421283994,0.00437941644180099,-0.00223763699504661,0.00583436799957787,-29.8540363746504,0.192461704627513,0.0186741535326365,-0.00154585224543838,-0.00190274598812752,0.00649356978311509,-30,0,0,0,0,0,4,3,-0.137342026155365,-0.194648810442274,-0.686705285376782,0,0,0
1153,-30.0288237773318,0.0440883010282301,-0.0192082245257096,0.00375035907977169,-0.00243226851683734,0.0055084023467197,-29.9783076175121,-0.0503561081855759,-0.0872707972955429,0.00397214629936027,-0.00670071687496849,0.0191038703659392,-30,0,0,0,0,0,4,3,-0.440599394911853,0.770783903868,-1.73584544200284,0,0,0
1154,-30.0258967557498,0.0420414547283464,-0.0140610344602343,0.00210353666401528,-0.00166142891645768,0.00478632685887177,-30.1480514282013,-0.0322761805455896,-0.0566240252950866,-0.0155330739620112,-0.0209986388047495,0.00783500416849893,-30,0,0,0,0,0,4,3,1.8494102526038,2.16441624156613,-0.67025236625972,0,0,0
1155,-30.0234980641213,0.0414621171482286,-0.0102206134777849,0.00269345227629168,0.000502749187103466,0.00289439326867263,-29.8292117216202,0.182265123320186,-0.189020700829229,0.010473213901176,0.00478812080882105,-0.0116307644206003,-30,0,0,0,0,0,4,3,-1.38889794687726,-0.843342327522478,1.54111784371848,0,0,0
1156,-30.0206155797449,0.0415432880669452,-0.00631447170228688,0.00307193982531754,-0.000340413744909934,0.00491781218009239,-30.0242251717683,0.0286030901214223,0.0165194617297777,0.00650678654360195,-0.00242965498219454,0.00576238948964169,-30,0,0,0,0,0,4,3,-0.60222831082363,0.185759317976609,-0.609277872423724,0,0,0
1157,-30.0179690658167,0.0412957976937743,-0.00135038201697089,0.00222111089045475,-0.000154577335798805,0.00501055079323328,-29.9197536564218,0.0334458614737569,-0.0621965968350577,-0.00696629769619182,-0.00724014766545769,-0.00325901262918033,-30,0,0,0,0,0,4,3,0.536137082462818,0.657123043598255,0.450294456588148,0,0,0
1158,-30.015406844472,0.0414697499320071,0.0035758478562824,0.00290329782994814,0.000502477025273248,0.00484176924374622,-29.9945408053295,0.0524153693131406,-0.104343212564405,0.0147411512062569,0.00778971570486267,0.0137641000347906,-30,0,0,0,0,0,4,3,-1.48503350996664,-0.883802309112548,-1.16772357835025,0,0,0
1159,-30.0134186609857,0.0415304246582718,0.00864613215385704,0.00107316486132213,-0.000381134996489983,0.00529918412178496,-30.0291616732637,0.042688347532164,0.05329689533976,-0.00130893909579732,0.0128776385644461,-0.00239108367912869,-30,0,0,0,0,0,4,3,0.189217256107219,-1.37314055150894,0.132514577233349,0,0,0
1160,-30.0122359096366,0.0404627105729717,0.0139030208670887,0.00129232289639046,-0.00175429978622545,0.0052145506481359,-29.8775445476391,-0.100764006604403,-0.249229370319767,-0.00420165648700544,-0.00411807522672818,-0.00706878776131528,-30,0,0,0,0,0,4,3,0.175254743978724,0.613335535881624,1.20533751677106,0,0,0
1161,-30.0104113499689,0.0390150708717612,0.0194054679459873,0.00235691943813099,-0.00114098612932453,0.00579012435523993,-29.9718263996712,0.02424995661799,-0.0357537561742355,0.00754776615377601,0.000347757497782545,-0.00330810073646795,-30,0,0,0,0,0,4,3,-0.811123816035249,-0.0832756630142345,0.402317585995266,0,0,0
1162,-30.0081399844622,0.0378325019256026,0.0256324182922853,0.00218599547548792,-0.00122415729372587,0.00666381593726794,-29.9436118269428,-0.177859150235244,0.143646728087983,0.00665947865514251,-0.00176120569300251,0.00603262869767669,-30,0,0,0,0,0,4,3,-0.778724211628702,0.531838869770739,-0.890556325943635,0,0,0
1163,-30.0065438973966,0.0368743164943588,0.0323291758884624,0.0010061950766913,-0.000692218801913715,0.00672994564234062,-30.1426809343523,0.0520091293351057,0.0100060502469248,-0.00410200671454409,0.0015626724298555,0.00468895769535381,-30,0,0,0,0,0,4,3,0.695562540158957,-0.260285501655762,-0.488907870029231,0,0,0
1164,-30.0055219350273,0.0360519129086773,0.0386271358514713,0.0010375521339557,-0.000952593985931219,0.00586597087840487,-30.0518194007748,-0.188019913812278,0.117446193552981,-0.00631226457367667,-3.30396102584356E-05,0.00567200492112895,-30,0,0,0,0,0,4,3,0.734865258917324,0.3793437886504,-0.802092879218856,0,0,0
1165,-30.0045820116761,0.0352889434899679,0.0439507905616576,0.000842069934163921,-0.000573345108996852,0.00478138477853778,-30.0915829331723,0.111321967071486,-0.0376126115655067,0.00372878172384429,-0.00760674184816429,-0.00589063408919896,-30,0,0,0,0,0,4,3,-0.189712306039905,0.538030250673456,0.664288632050909,0,0,0
1166,-30.0035330903751,0.0349846288997403,0.049001259202765,0.00125588632342472,-3.52901141909998E-05,0.00531946941886278,-30.13758010152,0.0150220509033098,0.108842381196918,0.00357112703533,-0.0014990948754107,0.00514377325183671,-30,0,0,0,0,0,4,3,-0.0819525004930054,0.11986538573445,-0.732062087577507,0,0,0
1167,-30.0025941284504,0.0350092807920373,0.0541251808949321,0.000621962251002435,8.45854095019973E-05,0.00492850450933318,-30.0781121840583,-0.0911297335062986,0.199040780436918,-0.00770114055840485,0.00818581111141121,0.00544789074188712,-30,0,0,0,0,0,4,3,0.926338423957032,-0.636321644128523,-0.942870635062549,0,0,0
1168,-30.0020692540214,0.0347756487182485,0.0583929290441619,0.000427516715198315,-0.000551855832892589,0.00360703373638062,-29.99044536275,0.0327229957770104,0.207856267134953,0.0115532611762133,0.00626417095791626,0.00422174916960526,-30,0,0,0,0,0,4,3,-1.17443539212132,-0.691863087345646,-0.837887451230432,0,0,0
1169,-30.0023311360914,0.0338779390728963,0.0622089351990781,-0.000951193469552835,-0.00124356838582858,0.00402526374471376,-29.8722989644192,-0.0253752429632912,0.171274352796494,0.0015127070473193,-0.0160470337975189,-0.00130564949018868,-30,0,0,0,0,0,4,3,-0.406672775893592,1.65545386567847,-0.21198375657412,0,0,0
1170,-30.0034902902132,0.0334621263591666,0.0663261786415799,-0.00136707257634616,0.000411937634400215,0.00420930981696564,-30.1909066063983,0.221120138784851,0.120232387857401,0.00150733818278889,0.0113151151058937,-0.00342753885351287,-30,0,0,0,0,0,4,3,0.231079394517612,-1.57375178815907,0.102289109636486,0,0,0
1171,-30.0047478250086,0.0330871765384421,0.0704680072321674,-0.00114802179549281,-0.0011618437881411,0.00407430253289088,-29.996521221532,-0.0574538347537551,0.177361662157132,0.0015692726081942,-0.00651472954271967,0.000119015391368425,-30,0,0,0,0,0,4,3,-0.163884817755443,0.766380623779477,-0.366624863451107,0,0,0
1172,-30.0060923950363,0.0323085367208689,0.074491124471886,-0.00154113486323091,-0.00039544230567743,0.00397201189686568,-30.0632738103692,0.115751108156399,0.0886120715878753,-0.0120050182149994,-0.00587681284277739,-0.0144462942392109,-30,0,0,0,0,0,4,3,1.32704944223837,0.356179067964942,1.26740528074534,0,0,0
1173,-30.0067290369163,0.0320911004401963,0.0783083683560545,0.000267788784171398,-3.94331562811565E-05,0.00366210934564626,-30.0461189215248,0.07590336161013,0.273377135859892,-0.0358675607462941,0.0109554171964076,0.0175823550993254,-30,0,0,0,0,0,4,3,3.67899391767899,-1.24734844286102,-2.30498978165232,0,0,0
1174,-30.0062769720313,0.0314277598644586,0.0798009732343778,0.000635456275847858,-0.00128725581021913,-0.000676973183610423,-30.0916016135595,-0.123571454800694,0.0680425640001717,-0.00489981173278313,-0.00361611958818535,-0.0143700392174026,-30,0,0,0,0,0,4,3,0.673184400397286,0.608754868419923,1.30091879373992,0,0,0
1175,-30.0049221348902,0.0304448407997868,0.0792389721348302,0.00207427083166278,-0.000678586780963413,-0.000447323180918299,-30.0884844551375,0.0537629236859094,-0.0440319893251524,0.00730143470674042,8.89979687864955E-05,-0.0199773024227633,-30,0,0,0,0,0,4,3,-0.553174560399091,-0.116425644250468,2.08579422092663,0,0,0
1176,-30.0021829501863,0.0297080804060439,0.0796317446939109,0.00340444077356734,-0.000794940175033028,0.00123259455188501,-29.9657944343255,0.120559219130336,0.244556800141349,-0.00757214394969448,-0.00242542698403134,0.00623586936411713,-30,0,0,0,0,0,4,3,0.688803263620389,0.00142426014246066,-1.11270053669441,0,0,0
1177,-29.9990186821383,0.0289138112292231,0.0802468601048041,0.00292384706112032,-0.000793605070732594,-2.26417844040143E-06,-29.9701164058173,-0.0482890524854973,0.139585542461747,-0.00128369716004778,0.0331568276183161,0.00852110006266616,-30,0,0,0,0,0,4,3,0.0686025276393085,-3.21910465686062,-1.13128109119011,0,0,0
1178,-29.9965293851891,0.0265106520510337,0.0798700812972906,0.00205459895660464,-0.00401271913189133,-0.000751113455489841,-29.8631113512244,0.313817997953864,0.0641709424316566,0.00989958740001113,-0.0161229915468671,0.00322932211042318,-30,0,0,0,0,0,4,3,-1.26373603755226,0.984663158778977,-0.451274095905631,0,0,0
1179,-29.9950370628674,0.0229903471684416,0.0794817577996697,0.000930193667452141,-0.00302789376351326,-2.52994929145836E-05,-29.8166461665125,0.187262214353954,0.244645437243491,-0.0206628897348857,-0.0116145437717233,-0.014248453525847,-30,0,0,0,0,0,4,3,1.69958130651361,0.786929948464423,0.935554478097719,0,0,0
1180,-29.9932255589823,0.0203558121835508,0.0790495846771288,0.00269265311116695,-0.00224118180641742,-0.000839402011569087,-30.0362373676281,0.0230325985383483,0.0560536800539844,0.0224261336032052,-0.0052926160430296,-0.00175124754813746,-30,0,0,0,0,0,4,3,-2.17013862506431,0.483196407226264,0.0630173947057777,0,0,0
1181,-29.9911605282941,0.0183563709529314,0.0790901411092386,0.00143776728604222,-0.00175770637272485,0.000920771205573592,-29.7659345858991,0.00404264786908197,0.222017340531397,0.00112570571244996,0.00292956449732824,0.0062210657925736,-30,0,0,0,0,0,4,3,-0.580701399446826,-0.301041745470988,-1.06614126032015,0,0,0
1182,-29.9903256942082,0.0164481840772597,0.079917123905418,0.000231865875806881,-0.00205867403703638,0.000733440027136455,-30.0129931450135,-0.0247197188537323,-0.0465443525384956,0.0114976330058024,-0.0015228663730664,0.00242669920526137,-30,0,0,0,0,0,4,3,-1.1237770105532,0.201726075014104,-0.149581215449146,0,0,0
1183,-29.9904921765308,0.0144904488918969,0.0810492871998365,-0.000564664544690424,-0.00185680357424138,0.00153104846340969,-29.9380844145996,0.0287436853504169,0.101476119679672,-0.00715232176859445,-0.00573261737702068,0.00232521626036909,-30,0,0,0,0,0,4,3,0.591401006058583,0.515774367001234,-0.435473865396253,0,0,0
1184,-29.9910563259629,0.0128914978651839,0.0822067452416326,-0.000563781748603115,-0.00134110547828197,0.000783868692428911,-30.0955234963123,0.00748582513733964,0.0937562818610251,0.0155556847138357,0.0118688057743586,-0.0128876881509959,-30,0,0,0,0,0,4,3,-1.36452147875896,-1.20185222771053,1.10125625137754,0,0,0
1185,-29.9915887309006,0.010949557236506,0.0838604231762957,-0.000500667186768314,-0.00254278168116411,0.00252347936128821,-29.8943503153229,-0.00506809188077952,0.0620442983015419,-0.000253439611357196,0.000651654333088248,-0.00230273144254592,-30,0,0,0,0,0,4,3,-0.185955408218552,-0.0550292495472657,0.106184547651508,0,0,0
1186,-29.9921038258418,0.00837927756383253,0.0864838192497722,-0.000529479377728157,-0.00259778696825099,0.00272332389482422,-29.9314752115181,-0.0390954313178216,0.0263769278639965,0.00191912869190485,0.00282312864101863,0.00775001012227351,-30,0,0,0,0,0,4,3,-0.32896244615419,-0.20412200146622,-0.827754867955344,0,0,0
1187,-29.9930648879817,0.00567945355782782,0.089085613606731,-0.00139269010718086,-0.0028018671290111,0.00248043966193512,-30.0087123341249,-0.0902135712747077,0.238955566754588,-0.0132898552696291,-0.0126374678326996,-0.00297801723977762,-30,0,0,0,0,0,4,3,1.34641019521274,1.44417392581937,-0.180109409531415,0,0,0
1188,-29.9941294749336,0.00359959026444411,0.0909660730119362,-0.000736723975258406,-0.00135786640058235,0.00128034945870176,-30.0134972327674,0.0412229345860822,0.0679061883481544,0.00137681168812998,-0.00108464493635316,0.00658953180179955,-30,0,0,0,0,0,4,3,-0.110686703278263,0.0260186244631511,-0.794765556876264,0,0,0
1189,-29.9952201018849,0.00225474327973643,0.0920475688063718,-0.00144460741356937,-0.00133183397515413,0.000882786652074335,-29.955534114752,-0.116240377287815,0.19461759693787,-0.0183332265227302,0.000652718894727757,0.00474544968447428,-30,0,0,0,0,0,4,3,1.74439088177711,0.167208865102855,-0.863780162323168,0,0,0
1190,-29.9964935906349,0.00100640450022124,0.091966663555267,-0.00110275396172733,-0.00116484983518065,-0.00104466405458827,-29.8925309019345,-0.145033440055347,0.18117392397798,0.00797282855965908,0.000557480641699786,0.0104271153529486,-30,0,0,0,0,0,4,3,-1.01222105209697,0.234318815940714,-1.40505938325082,0,0,0
1191,-29.9984649678587,-4.121721655651E-05,0.0909037811847049,-0.00284000387216619,-0.000930401649937835,-0.00108074807640827,-29.9355614994865,-0.13534557971588,0.136724529501533,0.00108626507264143,-0.000626864361536473,-0.0016602762316972,-30,0,0,0,0,0,4,3,-0.237503508291044,0.333377595585407,-0.107421435833345,0,0,0
1192,-30.0014216997732,-0.000804913418182971,0.0898810535928784,-0.00307343522098368,-0.000596993584589262,-0.000964655240353929,-30.068670129824,-0.0531951514032373,0.00580426943383865,-0.00481591103398012,0.0136074249898162,0.000656536835171126,-30,0,0,0,0,0,4,3,0.618931363046103,-1.25435219617514,-0.0772622223847899,0,0,0
1193,-30.0043448611865,-0.00202911924289193,0.0886395149827679,-0.00277299343162736,-0.00185142538730559,-0.00151848414580398,-30.0362550659052,-0.101596999389425,-0.14705211308976,-0.00833078666649287,0.00858030066764776,-0.00708298675717086,-30,0,0,0,0,0,4,3,0.905588798459783,-0.654836067985927,1.00240290189661,0,0,0
1194,-30.006448689402,-0.00420801779904919,0.0870498558735495,-0.00143468760224891,-0.00250637732543651,-0.00166110347209615,-30.0421525571005,-0.0295496937352833,0.183115172701809,-0.00248085367135104,0.000272918410540284,-0.0149595419214715,-30,0,0,0,0,0,4,3,0.332390481336098,0.0318075464165383,1.12972384674353,0,0,0
1195,-30.0073334709331,-0.00669850904320619,0.0855850364364233,-0.000334793068041149,-0.00247461189955858,-0.00126875527740951,-29.829013733775,-0.000993307035966303,-0.0532281048238145,0.00976783131247933,0.0046705325490706,0.000729345508452267,-30,0,0,0,0,0,4,3,-1.31875566369799,-0.465066640835127,0.0335216588024023,0,0,0
1196,-30.0080495437547,-0.00940556610576631,0.0848502558103911,-0.00109713569514535,-0.002939508978545,-0.000200652677970682,-30.1366388061982,0.0154417359822578,0.0543021614977263,-0.0186314737958604,0.00357941764858339,0.00789482912366754,-30,0,0,0,0,0,4,3,2.1364249919824,-0.388825236822854,-0.898087235362206,0,0,0
1197,-30.0088760538845,-0.0125396217462342,0.0835174813469457,-0.000556332481100057,-0.00332860935873038,-0.00246500351609114,-29.9626790564599,-0.00452527609735848,0.196578562071153,-0.015239045972375,-0.000257821607826214,0.00106825902491212,-30,0,0,0,0,0,4,3,1.44926271015736,0.0348327129773384,-0.499983026633519,0,0,0
1198,-30.0092068387024,-0.0158509067363301,0.0803146762369312,-0.000105532246817454,-0.00329396323545155,-0.00394069560294158,-29.9314521836675,-0.0047773233463684,0.141453891674127,0.0129332879686983,-0.00543622493877311,-0.00703834372567462,-30,0,0,0,0,0,4,3,-1.43042442953473,0.553177140570047,0.420926589219209,0,0,0
1199,-30.0095712019445,-0.0188681859829277,0.0770681494237818,-0.000622915329029898,-0.00274060197305242,-0.00255225120001886,-30.0071164143282,0.0330984324986556,0.242139972588112,-0.00270565269547263,-0.00227697036567072,-0.00300382662887319,-30,0,0,0,0,0,4,3,0.284798098203752,0.161500171569761,-0.183897282288904,0,0,0
1200,-30.010187132894,-0.021528052799504,0.0743405017166442,-0.000609013511530093,-0.00257913851787125,-0.00290304526161494,-29.896428778967,-0.00511797231393974,-0.00380130781395842,0.00445535682814878,-0.0234669009095022,0.0134364029501127,-30,0,0,0,0,0,4,3,-0.652678124880922,2.35692603557809,-1.33603767938335,0,0,0
