sys.exec.out.time {s},chaser.lvlh_rel_state.rel_state.trans.position[0] {m},chaser.lvlh_rel_state.rel_state.trans.position[1] {m},chaser.lvlh_rel_state.rel_state.trans.position[2] {m},chaser.lvlh_rel_state.rel_state.trans.velocity[0] {m/s},chaser.lvlh_rel_state.rel_state.trans.velocity[1] {m/s},chaser.lvlh_rel_state.rel_state.trans.velocity[2] {m/s},gnc.meas_rel_pos[0] {m},gnc.meas_rel_pos[1] {m},gnc.meas_rel_pos[2] {m},gnc.meas_rel_vel[0] {m/s},gnc.meas_rel_vel[1] {m/s},gnc.meas_rel_vel[2] {m/s},gnc.setpoint_pos[0] {m},gnc.setpoint_pos[1] {m},gnc.setpoint_pos[2] {m},gnc.setpoint_vel[0] {m/s},gnc.setpoint_vel[1] {m/s},gnc.setpoint_vel[2] {m/s},gnc.guidance.state_ {1},gnc.guidance.current_leg_ {--},gnc.cmd_force[0] {N},gnc.cmd_force[1] {N},gnc.cmd_force[2] {N},gnc.control.saturated_[0] {--},gnc.control.saturated_[1] {--},gnc.control.saturated_[2] {--}
0,-1050.67336304668,-125.051190759358,-31.9703652197495,0.495409451219294,0.547288475984381,1.7829950691562,-1050.81365031759,-125.155705440402,-32.1663046767242,0.492256530397172,0.548001905875531,1.76883954397733,-500,0,0,0,0,0,0,0,1052.40164759546,195.511220293252,-112.551345044284,0,0,0
1,-1049.65048810987,-124.406110162222,-30.2449065364845,1.55027566802634,0.742872718290412,1.66732593007207,-1049.58729792278,-124.496422451501,-30.2254634448887,1.55804918004396,0.73844420425837,1.67656938887056,-500,0,0,0,0,0,0,0,943.369677841172,175.148424477165,-107.206011997278,0,0,0
2,-1047.6274512067,-123.575630561591,-28.6341012922435,2.49573520650709,0.91808648296903,1.55375001270463,-1047.66550870912,-123.619342738178,-28.4959605609142,2.49204063170388,0.928236351101887,1.55087901348492,-500,0,0,0,0,0,0,0,846.126954247857,154.415050366166,-98.0959802266637,0,0,0
3,-1044.7077489198,-122.580307268868,-27.1337477155088,3.34361057408604,1.07256010246214,1.44647773734911,-1044.78655943187,-122.684197864085,-27.0799226579957,3.36317734257917,1.07375355451369,1.43885825932572,-500,0,0,0,0,0,0,0,753.255384605832,137.9930402768,-89.7259806165808,0,0,0
4,-1040.98676383217,-121.438724598094,-25.7377020433341,4.09830470366366,1.2106052390473,1.34518685953286,-1040.98201122623,-121.491970757057,-25.7802534510059,4.11585867416231,1.21906818397852,1.35045164289625,-500,0,0,0,0,0,0,0,670.378155036237,121.077123116262,-83.4846573876135,0,0,0
5,-1036.55266944722,-120.167557648772,-24.4408657631713,4.76983200635975,1.33172865957162,1.24810595019639,-1036.74488944838,-120.134551368407,-24.3058758260535,4.76292009190145,1.3244580161779,1.24807049397699,-500,0,0,0,0,0,0,0,597.19776970662,107.823301119023,-76.1952977455916,0,0,0
6,-1031.48376833015,-118.781896733745,-23.2383507523787,5.36792171981229,1.43959317048795,1.15658582251802,-1031.50055441677,-118.843445932645,-23.1367571366025,5.37228431347557,1.43982809866876,1.17497738434978,-500,0,0,0,0,0,0,0,525.77267748598,93.7040819984133,-71.2242241617731,0,0,0
7,-1025.85261459642,-117.295433419937,-22.1255965572507,5.89433961327809,1.53333345715884,1.06862482218308,-1025.69520144931,-117.348145846271,-22.1166018940603,5.89243286833606,1.51960214719125,1.05292149261227,-500,0,0,0,0,0,0,0,462.14711606501,82.7360769734163,-61.0589454731062,0,0,0
8,-1019.7269462975,-115.720715998351,-21.0963210994207,6.3569562585594,1.61610138608293,0.989664403024154,-1019.7194916979,-115.744006560871,-21.0939660821726,6.3493137493173,1.61437216880751,1.00574397386198,-500,0,0,0,0,0,0,0,404.507608464077,70.0507962409923,-58.3864652218525,0,0,0
9,-1013.16758807024,-114.069575320102,-20.1451568274687,6.76172072770048,1.68617997048152,0.912435144552364,-1013.21594650083,-114.168162110683,-19.9527706524843,6.77717596904397,1.67623078680674,0.913458166506114,-500,0,0,0,0,0,0,0,348.714296097264,60.7132455406929,-51.4402753456428,0,0,0
10,-1006.23143895412,-112.353026759415,-19.2681158161435,7.11054181023395,1.74691715096187,0.841449508151158,-1006.19531539152,-112.4915923897,-19.2860413622501,7.10806482439582,1.75265424314784,0.834934282820835,-500,0,0,0,0,0,0,0,301.584148343452,49.7177604646147,-44.9213455575832,0,0,0
11,-998.970098027776,-110.581240382227,-18.4590962540772,7.41210792583898,1.7966556034714,0.776418953477532,-998.846658083152,-110.424775484073,-18.451083425517,7.40036257921846,1.79553038195444,0.783157087769781,-500,0,0,0,0,0,0,0,257.657058244459,41.2965127727023,-41.4135419259442,0,0,0
12,-991.429224812508,-108.763927711286,-17.7135637703205,7.6696083286299,1.83796973840725,0.714500260218782,-991.531575186591,-108.692133587557,-17.6064195916497,7.66054048350868,1.83961708037047,0.705501717236919,-500,0,0,0,0,0,0,0,217.009102022314,33.4225591380659,-35.3373325403926,0,0,0
13,-983.65121835363,-106.909239276471,-17.0270472822248,7.88637786283329,1.87140713120604,0.658409985673933,-983.703474241661,-106.766080416383,-17.0790319270808,7.8821875546454,1.88303639850601,0.659384163994091,-500,0,0,0,0,0,0,0,179.188193018782,25.2285209821639,-31.7803525452475,0,0,0
14,-975.675402117016,-105.025211784546,-16.3949084322835,8.06522996159627,1.89664785260968,0.60576641700147,-975.697484707044,-105.030050277721,-16.600794164858,8.05550024273601,1.90671965872849,0.592400225891083,-500,0,0,0,0,0,0,0,145.844945140487,19.3881346825923,-26.0384342593923,0,0,0
15,-967.537427767335,-103.11886490108,-15.8125609129039,8.21069743120996,1.91604591429607,0.55884619807002,-967.498069594801,-103.205246763125,-15.7915231600957,8.21368322055104,1.91206030513069,0.553169671329418,-500,0,0,0,0,0,0,0,113.627817134499,15.2044630131815,-23.7339208127504,0,0,0
16,-959.27013475016,-101.195212919999,-15.2759346787426,8.32386874745461,1.93125804783444,0.514342106300923,-959.250790728466,-101.184146570747,-15.4621355330131,8.32806999578843,1.92945738534815,0.509336510714471,-500,0,0,0,0,0,0,0,85.6945818780898,9.4225546066784,-20.0093800054209,0,0,0
17,-950.90365781485,-99.2592407218568,-14.7818722669558,8.40906753599206,1.94068634839526,0.47373436524989,-951.001824683863,-99.1512478614677,-14.769155390853,8.40400889640119,1.94161785227544,0.476012940615644,-500,0,0,0,0,0,0,0,61.6027597276077,4.14071049539109,-18.0629832798583,0,0,0
18,-942.46405818193,-97.3164819868561,-14.3273424352045,8.47011541483277,1.94483112158493,0.43529059842155,-942.539116568722,-97.3151645351556,-14.5122975495224,8.47329388424235,1.9444117270805,0.441574097899143,-500,0,0,0,0,0,0,0,37.7488447132091,0.189156362260746,-15.1328146908695,0,0,0
19,-933.975352000999,-95.3715550798417,-13.909637473647,8.50728250363875,1.94502269250509,0.400098125448297,-933.896554204968,-95.3173393517705,-13.904564055835,8.50642231845688,1.9464139549526,0.423399547379401,-500,0,0,0,0,0,0,0,17.1508765642479,-4.0067167917193,-14.5308266262702,0,0,0
20,-925.459811414584,-93.4285352677993,-13.5266530103888,8.52378478500725,1.94101693152406,0.365861283923532,-925.6054177739,-93.4530805873809,-13.5534276511969,8.52535750293845,1.92997461666535,0.362606686825443,-500,0,0,0,0,0,0,0,-1.32491474604558,-6.0913004917733,-9.15381338015043,0,0,0
21,-916.936981127046,-91.4905641182092,-13.1750252903167,8.52186517482703,1.93492536762283,0.337395053142352,-916.871223499019,-91.5929407874093,-13.2973042322096,8.53304875986051,1.93304332730396,0.342442054507491,-500,0,0,0,0,0,0,0,-19.5624289880129,-10.1184511555772,-7.64959698632986,0,0,0
22,-908.425199215771,-89.5606987447138,-12.8508808591154,8.50168914421868,1.92480537939916,0.310905028981304,-908.320636110276,-89.4155589348134,-12.6843376586698,8.4944578741771,1.93163443600988,0.313545014532987,-500,0,0,0,0,0,0,0,-32.8045151971588,-14.3323257313614,-5.98582613595911,0,0,0
23,-899.940218675475,-87.6430607539306,-12.5521878694865,8.468263595518,1.91047060235174,0.286499659134814,-899.999394566592,-87.6140072875213,-12.4216762555772,8.4818788369569,1.92046355337403,0.287971499351694,-500,0,0,0,0,0,0,0,-48.1890945625063,-16.8183407623603,-3.95379742401495,0,0,0
24,-891.496350261758,-85.741001077839,-12.2766184541798,8.41946632028281,1.8936487499293,0.264666572626602,-891.589270010298,-85.6011000801178,-12.2811076479458,8.4235229534652,1.89259225334531,0.252526930107672,-500,0,0,0,0,0,0,0,-59.1737553259239,-18.0570251742952,-0.69047771487562,0,0,0
25,-883.106743476883,-83.8563829582746,-12.0210127538807,8.35974242131064,1.8755874894452,0.246578406954918,-883.003087884703,-83.7485638179149,-12.0263718745309,8.35989739112697,1.87773948989953,0.255297699077843,-500,0,0,0,0,0,0,0,-69.983563343292,-20.276821354123,-1.47702615872259,0,0,0
26,-874.782289084984,-81.9909363901833,-11.7836277902911,8.28916134743153,1.85530564689344,0.228231234479685,-874.763670725449,-82.012578445533,-11.7779059581102,8.28257462205249,1.83286959677336,0.230598413731766,-500,0,0,0,0,0,0,0,-78.7301207543505,-19.2618027862704,0.495970543043772,0,0,0
27,-866.53277170342,-80.1452644492619,-11.5633505999681,8.20986975774827,1.83603823516106,0.212367789048679,-866.590564121493,-79.995952557323,-11.3892003276016,8.21992866711018,1.83230722645178,0.215217585091777,-500,0,0,0,0,0,0,0,-88.8117384680329,-23.238817530532,1.25664214602545,0,0,0
28,-858.367582795774,-78.3208487800675,-11.3582623543676,8.12050511230118,1.81279310329732,0.197859038225498,-858.342189429907,-78.1628183277058,-11.4145326956695,8.12295405407973,1.81369243950331,0.190819820391804,-500,0,0,0,0,0,0,0,-95.6110265481593,-25.0436072949197,3.74708335215865,0,0,0
29,-850.295123961925,-76.5205808571898,-11.1661752720957,8.02441125777271,1.78774274243268,0.186369267591449,-850.209141257296,-76.5036994738602,-11.0765757785791,8.04695016660962,1.79748482857437,0.192716511212686,-500,0,0,0,0,0,0,0,-104.27673414637,-26.7410839097162,2.88150043588963,0,0,0
30,-842.323107775695,-74.7462123506354,-10.9857004094024,7.91961961813678,1.76099427060436,0.174639515775558,-842.322171047337,-74.6612371001724,-11.0084509128663,7.91158683967569,1.76213230864912,0.185099183813018,-500,0,0,0,0,0,0,0,-106.514341872895,-26.8907566645678,3.50698344443089,0,0,0
31,-834.45699467851,-72.9986672263575,-10.8164261813759,7.81260561152289,1.73409597788602,0.163969255116356,-834.48756373706,-73.0492157345213,-10.6923156752705,7.82433689510445,1.73747885924369,0.152689349195191,-500,0,0,0,0,0,0,0,-113.458562036325,-27.6494544553265,6.11569643102184,0,0,0
32,-826.701320741406,-71.2783999674136,-10.6562116068186,7.69874305020501,1.70643853997262,0.156524079421732,-826.70828099569,-71.4012269401478,-10.7087238640703,7.69395089231259,1.694076408472,0.154877277998542,-500,0,0,0,0,0,0,0,-115.978527239879,-26.6051869669047,5.92971992828647,0,0,0
33,-819.060769476221,-69.5852681042392,-10.5032953794619,7.5823603613349,1.67982518629297,0.14937398493691,-819.137884712006,-69.4985528303456,-10.4279656748903,7.58352859509912,1.67620420943088,0.138479092628859,-500,0,0,0,0,0,0,0,-120.0770900859,-28.6233152823967,7.00802208689473,0,0,0
34,-811.538624981923,-67.9197587952035,-10.3567145645827,7.46193035494848,1.65119343171582,0.143855543061047,-811.580285069477,-68.0556142589075,-10.4659159173766,7.45860735378671,1.63867382119453,0.144921073469891,-500,0,0,0,0,0,0,0,-122.700165239717,-27.756153601638,6.4397244877642,0,0,0
35,-804.138226976905,-66.2824477587004,-10.2156803366637,7.33886727433741,1.62342864115468,0.138282299016708,-804.176128393335,-66.2435978773753,-10.3812776927471,7.33842512092637,1.63159993514277,0.140530247039285,-500,0,0,0,0,0,0,0,-125.490255305967,-30.6727977595261,6.70953068156578,0,0,0
36,-796.862275301576,-64.6743599319859,-10.0798194004846,7.21303806947629,1.59274701231809,0.133510526438584,-797.05226119528,-64.4544264176867,-10.00685815634,7.20970966093817,1.59580178427461,0.119503119716263,-500,0,0,0,0,0,0,0,-126.866443703257,-30.6713255920878,8.06340434105357,0,0,0
37,-789.712805762207,-63.096953034641,-9.94781216957491,7.0859039589692,1.56206678242205,0.130575620782869,-789.883604181363,-63.1072780391306,-9.82830490279836,7.08186064201381,1.56520791281817,0.130074408853365,-500,0,0,0,0,0,0,0,-128.418855838656,-30.3062352035553,6.64916892026019,0,0,0
38,-782.691267300683,-61.5500438903594,-9.81919780069472,6.95717531555341,1.53175150604663,0.126725704397263,-782.583545101385,-61.6413168671889,-9.70982094505128,6.95749210854327,1.50282108022072,0.129149596094657,-500,0,0,0,0,0,0,0,-130.582120651558,-26.9994742876946,6.50468228063687,0,0,0
39,-775.799534151839,-60.0317967204999,-9.69423995070116,6.82629346993253,1.50474283354201,0.123263796286439,-775.8587751851,-60.0460860760525,-9.54424553625292,6.81332132600836,1.49867175648051,0.121213408463889,-500,0,0,0,0,0,0,0,-129.614582230637,-29.7750034959461,6.96715022611698,0,0,0
40,-769.038181356852,-58.5419459489774,-9.57231354506276,6.69641501059756,1.47495870941661,0.120662246682446,-769.080507791435,-58.603958026415,-9.40803904527536,6.71370569533012,1.47841032803378,0.125395443925344,-500,0,0,0,0,0,0,0,-133.209553950143,-30.6331167505481,6.27653369801637,0,0,0
41,-762.40850974841,-57.0823084928846,-9.45303036690866,6.56293096702542,1.44431620275853,0.117979376065176,-762.281592598076,-57.0348693943413,-9.42943817532376,6.55528954022652,1.45771690642453,0.10141119752686,-500,0,0,0,0,0,0,0,-130.9657688265,-31.70195185377,8.71775659796157,0,0,0
42,-755.911134949249,-55.6538478583245,-9.33503846238953,6.43182287759019,1.41260506615466,0.118078356156198,-755.894801999825,-55.5767556118682,-9.43561427889235,6.43775987268348,1.4108815861428,0.110543789670557,-500,0,0,0,0,0,0,0,-131.986383268697,-29.9346473905432,7.81684959072902,0,0,0
43,-749.545387054966,-54.2562147528954,-9.21715088194513,6.29967684401386,1.38266114455546,0.117771310052075,-749.418069401758,-54.2857616669059,-9.05574438637036,6.29854007663427,1.39638544660756,0.135520963690529,-500,0,0,0,0,0,0,0,-131.017868859911,-31.067021326944,4.55939240368785,0,0,0
44,-743.311370760109,-52.8890917515686,-9.10099769071299,6.16835798345504,1.35158485803701,0.114609109823721,-743.384727365482,-52.945351843829,-9.19061937226076,6.16772345940801,1.36731481554979,0.106534083271495,-500,0,0,0,0,0,0,0,-130.002891209838,-30.8407778673206,7.72783041737198,0,0,0
45,-737.208078829872,-51.5529318495857,-8.98622833052593,6.03823003796191,1.32073494586386,0.115002970999413,-737.236423123448,-51.6272187093371,-8.78731559838573,6.03734485359251,1.3267058618131,0.11284879740343,-500,0,0,0,0,0,0,0,-129.261639112355,-29.4161487626359,6.28975145642848,0,0,0
46,-731.234569606991,-50.2469095320444,-8.871582439318,5.90879190167866,1.29130968915712,0.114361779728317,-731.22516102317,-50.1699203443821,-8.98732247313659,5.9097217678208,1.28943928503603,0.0989486258636256,-500,0,0,0,0,0,0,0,-128.52185473574,-28.6040878148385,8.07978235991062,0,0,0
47,-725.390070873277,-48.9699063978069,-8.75648481311969,5.7802102099405,1.26269657920762,0.115905953509044,-725.28899009953,-48.9579034356737,-8.63915899971577,5.76791947307006,1.26435723799672,0.0930955943712747,-500,0,0,0,0,0,0,0,-126.213967107945,-28.5199169283242,7.96875856230407,0,0,0
48,-719.67299052055,-47.7214742067645,-8.639743773655,5.65395516908362,1.2341678027918,0.117647289057143,-719.817812651526,-47.7933837740454,-8.68438573163711,5.65791365692726,1.23322429989478,0.118224865316888,-500,0,0,0,0,0,0,0,-126.155740389673,-27.7356624413873,5.54628493158547,0,0,0
49,-714.08218921789,-46.5011786851624,-8.52225891741221,5.52765090382249,1.20642324031752,0.117393609790465,-714.191894632575,-46.480597706928,-8.69008032883115,5.52083665097839,1.19126566527441,0.112070620260614,-500,0,0,0,0,0,0,0,-123.699875832688,-26.1653711135849,6.17309863160084,0,0,0
50,-708.616437963198,-45.3078424869677,-8.40457084488197,5.40385550765645,1.1802491559849,0.118052302612942,-708.775083835686,-45.0400781678309,-8.41283859823497,5.40260934012563,1.16435721914742,0.0997931587353387,-500,0,0,0,0,0,0,0,-122.71076634119,-26.3555655790799,6.84636132293607,0,0,0
51,-703.273957061746,-44.1407754288243,-8.28570729082227,5.2811107007836,1.15388496019327,0.119743974368826,-703.253965402219,-43.9923321044342,-8.40829441666934,5.25953771031745,1.1552654833706,0.126421402834004,-500,0,0,0,0,0,0,0,-119.445840227306,-27.5418841281912,4.17444854993823,0,0,0
52,-698.05265658681,-43.0006656338767,-8.16637433216929,5.16149319797938,1.12633462954008,0.118989342759353,-698.161313742288,-42.9996577071118,-8.14190275787863,5.1566619083041,1.11571877701195,0.123943138962953,-500,0,0,0,0,0,0,0,-119.343563345835,-25.5725622869713,3.88949161946196,0,0,0
53,-692.950922190787,-41.8871215077096,-8.0477391255346,5.04197853049394,1.10075362276234,0.118348404870883,-692.833354743504,-41.6812293253459,-8.04394757881455,5.04515512226421,1.10188171335476,0.10012430821646,-500,0,0,0,0,0,0,0,-118.848802739412,-26.8257126847843,6.07546433598313,0,0,0
54,-687.968379719004,-40.7997849256915,-7.9284670410513,4.92311071348202,1.07391954122674,0.120262727207531,-687.956917359291,-40.781364828631,-8.12228620775595,4.91480368108157,1.07372367425317,0.122850514689051,-500,0,0,0,0,0,0,0,-115.566533389575,-25.8096377680545,3.95952094660682,0,0,0
55,-683.103119965825,-39.7387742901555,-7.80823786558653,4.80741193840818,1.04810172978927,0.120260795455292,-683.085652671608,-39.6191665106565,-7.65300045191992,4.80740791545232,1.03731017732377,0.114534344185809,-500,0,0,0,0,0,0,0,-114.569486202016,-24.4926847110637,3.8525664852589,0,0,0
56,-678.353055320115,-38.7029229549548,-7.68790010227465,4.6927205488156,1.02360094058142,0.120479324605001,-678.331494461054,-38.6314603156446,-7.96964412150018,4.69789793349839,1.02065560664251,0.125224132140474,-500,0,0,0,0,0,0,0,-113.126804427732,-24.8026400329621,3.41687502895297,0,0,0
57,-673.716966533269,-37.6917273391953,-7.56741396445079,4.57946006853868,0.998790290964835,0.120556733214296,-673.778057273811,-37.7052747927618,-7.64283290257389,4.57875446665602,0.982790751920929,0.124523025783991,-500,0,0,0,0,0,0,0,-110.31933211798,-22.8685256065694,2.83336322674872,0,0,0
58,-669.192747460591,-36.7043752211018,-7.44704236109715,4.46898083160115,0.975913945343997,0.120248679081465,-669.152499087649,-36.6176567893426,-7.5587764543509,4.46485775680816,0.969054107958841,0.109602639607782,-500,0,0,0,0,0,0,0,-108.180777505517,-23.6700972171989,4.15728894792359,0,0,0
59,-664.777888107933,-35.7403001458363,-7.32620309917555,4.36074143175015,0.952236205147182,0.121490780778755,-664.687559658996,-35.8116735270403,-7.2946844438032,4.37892179330963,0.934251725035178,0.125415002290454,-500,0,0,0,0,0,0,0,-108.51706001297,-21.8018254494371,2.04786865856095,0,0,0
60,-660.471496757658,-34.7989687063304,-7.20497982174198,4.25204379135018,0.930426673797266,0.121016960244259,-660.457445154384,-34.7097748393639,-7.24817546725929,4.2460040551293,0.928624428499482,0.106139183679981,-500,0,0,0,0,0,0,0,-103.685515204162,-23.4428931712204,3.88243256652044,0,0,0
61,-656.271321972662,-33.880267142757,-7.08329841373865,4.14830928128341,0.906976453354814,0.122404239743137,-656.157961839041,-33.8817281338997,-7.11211473833877,4.14454840925714,0.919509179006382,0.12015851561716,-500,0,0,0,0,0,0,0,-102.138917247631,-24.1874616328389,2.2083779149615,0,0,0
62,-652.174158333885,-32.9853880441471,-6.9609437882068,4.04602062879706,0.882781743933222,0.122362574987607,-652.392586834724,-32.8036835525572,-7.04303874774894,4.04493107623949,0.882352703835588,0.119840805635234,-500,0,0,0,0,0,0,0,-99.7079339545003,-22.6279032784443,2.10199693197449,0,0,0
63,-648.178066764458,-32.1139237898502,-6.83859783140134,3.9461651141932,0.860146764374608,0.122385521736785,-648.110794308815,-32.0740745051068,-6.83619561055433,3.93346446095372,0.849930278314314,0.128924086018589,-500,0,0,0,0,0,0,0,-97.1248574777417,-20.8448788212177,0.779982619249781,0,0,0
64,-644.280582521759,-31.2642029230176,-6.71681315671396,3.84880525373243,0.839294969202797,0.121238596263456,-644.148049678361,-31.213890613844,-6.68669042147243,3.85868538333694,0.834602158500422,0.119354019099412,-500,0,0,0,0,0,0,0,-97.5724389769724,-21.0324346223541,1.4379789330037,0,0,0
65,-640.480651366352,-30.4354276392181,-6.5956665636956,3.75105945057898,0.818255598430573,0.121109566312841,-640.76320640325,-30.5079922860957,-6.78128020232978,3.7501427367279,0.819322332603823,0.108037364210106,-500,0,0,0,0,0,0,0,-93.4878608662891,-20.9162486881909,2.75882398364898,0,0,0
66,-636.776372839401,-29.6276334752792,-6.47397790040723,3.65750068975309,0.79733272943664,0.122320371258361,-636.786967774209,-29.6423820454749,-6.37273084666804,3.64039429625626,0.813239272555229,0.122299565984135,-500,0,0,0,0,0,0,0,-90.4654940772087,-22.0391631645731,0.515505094922606,0,0,0
67,-633.164221764519,-28.8413235504352,-6.35215350452588,3.56680327698521,0.775287120252387,0.121379410500007,-633.185686346977,-28.6536547526388,-6.21241010792179,3.57184308199299,0.775698844721651,0.113175613073673,-500,0,0,0,0,0,0,0,-90.8129355053455,-20.2625749668874,1.10725890847626,0,0,0
68,-629.642913066145,-28.0761709475175,-6.23080877084792,3.47581639800011,0.755018085388835,0.121361202672276,-629.639302889352,-28.2233384301739,-6.21032127494169,3.47440469379746,0.755516079962876,0.136720908010444,-500,0,0,0,0,0,0,0,-88.1618636010423,-19.1049311359398,-1.25144825116104,0,0,0
69,-626.211354806115,-27.3307084847788,-6.11060796525559,3.38730107656066,0.735906840018665,0.119090151959288,-626.348453741385,-27.2441304581482,-6.02688732929931,3.38632439214245,0.740435585765473,0.13684340310789,-500,0,0,0,0,0,0,0,-85.9355317314745,-19.5552976602508,-1.63056565219034,0,0,0
70,-622.867214191646,-26.6045823747613,-5.99280600859815,3.30098090715338,0.716345379998239,0.116562258726764,-622.645310169475,-26.6707967871242,-5.9820138291584,3.3132325175002,0.698046493084585,0.105935202465225,-500,0,0,0,0,0,0,0,-86.0326314110692,-16.4630557342102,1.37050741179433,0,0,0
71,-619.609319501095,-25.8964715795867,-5.87588688989979,3.21481102363686,0.699876210335233,0.117324382994011,-619.490507040317,-25.9644781504265,-5.91899974450965,3.2283268564673,0.699000833812595,0.119562938170386,-500,0,0,0,0,0,0,0,-83.8516715660965,-17.9711270804065,-0.11829432801926,0,0,0
72,-616.436560566657,-25.2055839255948,-5.75889108049336,3.13070856914676,0.681899097491552,0.116714463263711,-616.364311029386,-25.1287176239456,-5.86485199908787,3.14199636573272,0.674347547018824,0.113816368026383,-500,0,0,0,0,0,0,0,-81.4710145144994,-17.1773194539911,0.348067195537435,0,0,0
73,-613.346693333004,-24.532276391295,-5.64222929156936,3.04902787875062,0.664715970762343,0.116654973554188,-613.252215222592,-24.5684136023543,-5.60857297024163,3.04187361798872,0.670350791567852,0.124066739970033,-500,0,0,0,0,0,0,0,-77.6829313536876,-17.8982519520766,-1.18952805652005,0,0,0
74,-610.336677561514,-23.8765123291692,-5.52641384161674,2.97100470906175,0.64681215348809,0.115019720247114,-610.284486586574,-24.0774943395529,-5.56674829261418,2.97529993814697,0.662755274116298,0.110550237737412,-500,0,0,0,0,0,0,0,-76.9610206415486,-18.120538732524,0.0784728114871722,0,0,0
75,-607.404268358424,-23.2387631902304,-5.41150112595806,2.89381551549314,0.628686124340961,0.114849025745866,-607.590518593396,-23.45077204393,-5.3768877887677,2.89573913191659,0.635671915687912,0.112531155160413,-500,0,0,0,0,0,0,0,-74.3928760048664,-16.6656474809313,-0.4993399385059,0,0,0
76,-604.547788308025,-22.6184125484922,-5.29702722468005,2.81914605367914,0.61201515904178,0.114140667560856,-604.565051938165,-22.6838543205107,-5.15240064480696,2.8324461823841,0.618373884743813,0.112169328595774,-500,0,0,0,0,0,0,0,-74.1145143620797,-16.46967983336,-0.912131569963494,0,0,0
77,-601.7658525171,-22.0146348821227,-5.18335374252636,2.74472684608932,0.595540173644362,0.113248038091644,-601.770816905815,-21.909954221735,-5.14328146339305,2.74817017149788,0.596641173639819,0.11104423010059,-500,0,0,0,0,0,0,0,-71.2753833381593,-15.8442089205119,-0.817860083272919,0,0,0
78,-599.056913707361,-21.4270193635086,-5.07052574240018,2.6731520971469,0.579690863492268,0.112448096235208,-598.997336460334,-21.4777170991248,-5.08602495973481,2.68061945661479,0.571733927736533,0.129579055312574,-500,0,0,0,0,0,0,0,-70.0672727408106,-14.2179585754036,-2.78585561178782,0,0,0
79,-596.41903174464,-20.8544400049316,-4.95941125670865,2.60261208114519,0.565467853582172,0.109820415707347,-596.427807770572,-20.9980136837929,-5.01342455769002,2.58448464882066,0.569412011728983,0.118244738613366,-500,0,0,0,0,0,0,0,-65.5928493409221,-14.9451738053125,-1.79762474595654,0,0,0
80,-593.849416234196,-20.2964470950738,-4.85051574876494,2.53661960708677,0.550517965968716,0.108007577897236,-593.849862033366,-20.3234785922652,-4.89396428973029,2.53531403369235,0.540571289413731,0.115934302647865,-500,0,0,0,0,0,0,0,-65.8316793025032,-13.4101717568426,-1.80550168532595,0,0,0
81,-591.345910442486,-19.7526365803668,-4.74331517410514,2.47039273433154,0.537103063209442,0.106430668528884,-591.400719503923,-19.6165978290488,-4.80936340755617,2.46885808551134,0.531263550129118,0.099297367374423,-500,0,0,0,0,0,0,0,-64.084369543289,-13.8931593548142,-0.31100992232995,0,0,0
82,-588.907690098933,-19.2224823861523,-4.63691702348486,2.40604953831643,0.523205325116008,0.106401665688505,-588.891586446015,-19.3093834827154,-4.71398622970798,2.38789482272173,0.535943838547968,0.103445534157661,-500,0,0,0,0,0,0,0,-61.0063093801429,-14.9756168893659,-0.916580956350098,0,0,0
83,-586.53230416184,-18.7067670545684,-4.53088536651529,2.34472350205345,0.508225337966979,0.105695977703247,-586.541323634126,-18.7764470277686,-4.48625116002145,2.35246922508004,0.503167993269449,0.10820907699846,-500,0,0,0,0,0,0,0,-62.1642752397517,-12.7639052714078,-1.84840537980306,0,0,0
84,-584.218861293404,-18.2049259042727,-4.42586538497733,2.28216301916338,0.495456962612837,0.104378997290684,-583.944492699053,-18.3692990842523,-4.41124275143157,2.27432009207759,0.503140013539169,0.0921346496616628,-500,0,0,0,0,0,0,0,-59.5430238096534,-13.5754031854124,-0.390979463303147,0,0,0
85,-581.966601990893,-17.7162587712688,-4.32145766071297,2.22235712107484,0.481877303281792,0.10446991024749,-581.993210166821,-17.633652883586,-4.3224600943147,2.20795537912728,0.496625108085342,0.103185571580724,-500,0,0,0,0,0,0,0,-56.8091175790861,-14.3952050413622,-1.67363696944296,0,0,0
86,-579.772845572381,-17.2415811129715,-4.21762954999787,2.16515646205539,0.467478013518148,0.103218300876029,-579.836320506896,-17.1450642576614,-4.04014365749741,2.17048087246942,0.464318523258429,0.121382109158466,-500,0,0,0,0,0,0,0,-57.3754462331498,-12.14172381052,-4.05792360085177,0,0,0
87,-577.636686342409,-16.7801760458776,-4.11611571995484,2.10716151700572,0.455332120581578,0.0998417815666925,-577.497045496518,-16.7574615831583,-3.9544775593544,2.10457605535471,0.451048606441814,0.10723052964339,-500,0,0,0,0,0,0,0,-55.4635145424344,-11.5899374778649,-2.81409784563017,0,0,0
88,-575.557510489474,-16.3306408988304,-4.01735716504427,2.05119036829113,0.443738173362921,0.0977066057422129,-575.474103439172,-16.289463509816,-4.05412080349524,2.03821536227278,0.447334590499016,0.0793425088402654,-500,0,0,0,0,0,0,0,-52.8733293489344,-12.1545320302697,0.173990722963945,0,0,0
89,-573.532866689555,-15.8929818762864,-3.91928340361094,1.99809900062332,0.431579871549903,0.0984705724433534,-573.600116447079,-15.8492934523962,-3.95000869356941,2.0169724662709,0.429102096466824,0.0923349466845517,-500,0,0,0,0,0,0,0,-54.4970137329312,-11.21162274189,-1.33347728131635,0,0,0
90,-571.562193039071,-15.4670097728554,-3.82102421171786,1.94324938767027,0.420364335346872,0.09807844245037,-571.51981443247,-15.3002024945429,-3.67005224875925,1.94511119020548,0.406828352434322,0.0957704968512239,-500,0,0,0,0,0,0,0,-51.471490155609,-10.0824302543464,-2.23694518760389,0,0,0
91,-569.644907259717,-15.0516885096694,-3.72366978593374,1.89132265016659,0.41027819086143,0.0966593931633148,-569.644873787169,-14.9760372633279,-3.75161293513626,1.89901790635023,0.397695707820341,0.0958768423323396,-500,0,0,0,0,0,0,0,-50.6120430606861,-9.81749625537842,-2.08445836296144,0,0,0
92,-567.779111411853,-14.6463208918094,-3.62761618927896,1.84026962465439,0.400457044521971,0.0954762845086915,-567.978916523733,-14.6662239979274,-3.71767146077347,1.83005316061459,0.404666954856596,0.108519439043012,-500,0,0,0,0,0,0,0,-47.0474830139937,-11.1342474898048,-3.41660098275427,0,0,0
93,-565.962664071755,-14.25143268114,-3.53350942361965,1.79262474845509,0.389319376734003,0.092763817623972,-566.162580601331,-14.2105254778068,-3.65939302361342,1.80714853063047,0.400763614028711,0.0918775087822842,-500,0,0,0,0,0,0,0,-48.3896918603845,-11.6553104472575,-1.86896483100157,0,0,0
94,-564.194447828874,-13.8679427033978,-3.44119488089535,1.74380842927135,0.377660578766031,0.091892473904916,-564.161040785898,-13.7612138641812,-3.49267918490343,1.74038021347286,0.364332611398645,0.0795866082587652,-500,0,0,0,0,0,0,0,-45.7159397754896,-8.91083341150209,-0.973302456069665,0,0,0
95,-562.473668741295,-13.4947391813605,-3.34936787902142,1.69775083765059,0.36874646514768,0.0917871921337132,-562.478379853227,-13.5905882605764,-3.39952062197429,1.68694354799599,0.37060992019822,0.0694782158794755,-500,0,0,0,0,0,0,0,-43.7375950931455,-9.87981549866914,-0.148780343998981,0,0,0
96,-560.797915926799,-13.1309341859706,-3.25726629242588,1.65375627860177,0.358863525828174,0.0924404792976532,-560.827275327883,-12.9704807418985,-3.4243644156046,1.66487000505693,0.357954348219129,0.0953188223665871,-500,0,0,0,0,0,0,0,-44.8324498499275,-9.85447333811582,-2.68315340544951,0,0,0
97,-559.166835733634,-12.7769995207747,-3.16563773335772,1.60840430855942,0.349005803789644,0.0908418897857909,-559.22813530893,-12.8790535043702,-3.12548421152761,1.60843510358658,0.349680765777276,0.0891053630558431,-500,0,0,0,0,0,0,0,-42.3872397407981,-9.2099695689872,-2.65956788252909,0,0,0
98,-557.579890435169,-12.4326002386498,-3.07565522114895,1.56548640822374,0.339792760441575,0.0891470166477915,-557.459475417086,-12.3717575353165,-3.11925715796609,1.56349672315935,0.338871795533078,0.0771574644696857,-500,0,0,0,0,0,0,0,-41.4307214817636,-9.14366448267473,-1.47723213103638,0,0,0
99,-556.035321454689,-12.0973808022201,-2.98676177285558,1.52365232295215,0.330646112244125,0.0886631465073204,-556.004083244856,-11.9293955905875,-3.01121932978393,1.5189428049269,0.318631481013893,0.0844330423386716,-500,0,0,0,0,0,0,0,-39.8861140029778,-8.00435692021432,-2.42086557429931,0,0,0
100,-554.531869956743,-11.7707383139128,-2.89883816981182,1.48325087398866,0.322638864423385,0.0872065166807914,-554.543019134656,-11.8347715974592,-2.93117600357248,1.48168820730495,0.304599311202868,0.0828245482743931,-500,0,0,0,0,0,0,0,-39.0827824611835,-6.79038792536847,-2.42010282029434,0,0,0
101,-553.06842019229,-11.4514960602363,-2.8123491235642,1.44364885565759,0.315845642932017,0.0857935780035757,-553.015650927761,-11.4585601787862,-2.71047473385583,1.44381035374185,0.318388076882778,0.087100107868864,-500,0,0,0,0,0,0,0,-38.3497335186634,-8.92168733070548,-3.28906131917473,0,0,0
102,-551.644257488006,-11.1401126596083,-2.72768068867469,1.40467627373917,0.306921158324395,0.0835649323748843,-551.575917647313,-11.0148367044944,-2.66433163804118,1.4130853368568,0.31254063658205,0.0764551241846506,-500,0,0,0,0,0,0,0,-38.1566983910533,-9.2243902492162,-2.3168491423827,0,0,0
103,-550.258915934511,-10.8378050791007,-2.64470433864318,1.36600712998335,0.297694002504183,0.0824092322783263,-550.322618042952,-10.728895793826,-2.50264378201296,1.36898992301016,0.313571956638458,0.0719448149903179,-500,0,0,0,0,0,0,0,-36.2537562151131,-9.89940407619371,-2.18919393500588,0,0,0
104,-548.911290157797,-10.5450620922075,-2.56286724528585,1.32924471474768,0.287791971013076,0.0812853451749485,-548.917580109091,-10.4287057586821,-2.62231005912279,1.33802535829112,0.273132087707648,0.0768273316945547,-500,0,0,0,0,0,0,0,-35.9673756109295,-6.45579725340064,-2.4381130512099,0,0,0
105,-547.600298514935,-10.2604993255547,-2.48223339429159,1.29273875107281,0.281333562179422,0.0800025954907059,-547.802491826177,-10.1945957876744,-2.33455265866137,1.29734854280243,0.284237955675777,0.0772680299632409,-500,0,0,0,0,0,0,0,-34.1298706278893,-8.03460399222898,-3.05769767900136,0,0,0
106,-546.324936927091,-9.98318431123706,-2.40323869648854,1.25798418481226,0.273296466296283,0.0780060534807374,-546.309919927371,-9.94688194754425,-2.4698662741735,1.24720260866026,0.27310703314314,0.0737737627658831,-500,0,0,0,0,0,0,0,-32.1004210112837,-7.41693941922547,-2.43764372824131,0,0,0
107,-545.083285945912,-9.71359748243003,-2.32599711924513,1.22531778812583,0.26587719124835,0.0764951831100161,-544.96006372249,-9.59251253038776,-2.50325083825952,1.22257986742603,0.267167926103499,0.0684974501033864,-500,0,0,0,0,0,0,0,-32.3378592976226,-7.53176754957438,-1.84324333381961,0,0,0
108,-543.874383033387,-9.45148734567709,-2.24990275829977,1.19248843308595,0.258343082097002,0.0757117037557239,-543.954506281074,-9.40775870986115,-2.39178324312823,1.21295709988806,0.249242873793159,0.0786231403480612,-500,0,0,0,0,0,0,0,-33.3866974266588,-6.10876995959362,-3.07874754854966,0,0,0
109,-542.6989044665,-9.19619986815676,-2.17508623003796,1.15846852555057,0.252231872892878,0.0739401712432808,-542.686185867346,-9.28785377877632,-2.21325053427013,1.15315021553079,0.258869691655742,0.074146563348406,-500,0,0,0,0,0,0,0,-29.9426498183876,-7.31126160802155,-2.98815526630033,0,0,0
110,-541.555731835206,-8.94762472202391,-2.10215275679311,1.12787641696043,0.24491841947988,0.0719436764565664,-541.564644868036,-8.78878829460316,-2.06260494355237,1.12897472454446,0.251098707961828,0.0798913206698437,-500,0,0,0,0,0,0,0,-29.7681827183729,-7.53229420697652,-3.86392217987962,0,0,0
111,-540.443120301178,-8.70647354754638,-2.03161042471551,1.09734587360537,0.237383929759868,0.0691578464650937,-540.435709728256,-8.69457651521931,-2.12508242767031,1.09697471520641,0.228523767827859,0.0709099393843809,-500,0,0,0,0,0,0,0,-28.8260520641294,-5.46322375234725,-2.84082908309748,0,0,0
112,-539.360509977795,-8.47182228482839,-1.96335517030461,1.06787453371502,0.231918596595116,0.0673689230372725,-539.481455347854,-8.27556809066735,-1.7351409686315,1.06333194067596,0.247518307874415,0.0820573283321664,-500,0,0,0,0,0,0,0,-27.3702833718889,-8.2006946061068,-4.73545089595365,0,0,0
113,-538.306769858701,-8.2440050560999,-1.8978721115852,1.0396043530801,0.223715861511623,0.06361278120993,-538.443565179939,-8.1953352887005,-2.10001252874419,1.04486358073801,0.223306105806215,0.0698134943744541,-500,0,0,0,0,0,0,0,-27.5992277139235,-5.93994000322049,-2.78132437995703,0,0,0
114,-537.281292422498,-8.02326017542269,-1.83511477752735,1.01135029791267,0.217773900744286,0.0619174540775224,-537.306232490263,-8.02010525439857,-1.92683428320137,0.997617326369652,0.201222980901378,0.0608816802331215,-500,0,0,0,0,0,0,0,-25.1492676564393,-4.08208758134067,-2.23449945690941,0,0,0
115,-536.282819705219,-7.80752823682834,-1.77389319516651,0.985595075989016,0.213689977304547,0.0605398804389276,-536.238319958524,-7.77599607601042,-1.74232074777229,0.996998525466951,0.20551991633653,0.0700621480529333,-500,0,0,0,0,0,0,0,-27.2232126296464,-4.99999948163215,-3.52157330974874,0,0,0
116,-535.311214299545,-7.59633926346788,-1.7145096407321,0.957615146901919,0.208687970228399,0.0582426272107722,-535.302367403172,-7.47682117367209,-1.67189569556266,0.942671373065071,0.214111884573119,0.065589038446528,-500,0,0,0,0,0,0,0,-23.662402500163,-6.45754610996771,-3.21511245352747,0,0,0
117,-534.365805396257,-7.39088094090818,-1.65745914219153,0.933202014700592,0.20222867628182,0.0558717786595664,-534.283098169715,-7.3413977854561,-1.65932715446313,0.921690727600712,0.208876861816646,0.0529087944130059,-500,0,0,0,0,0,0,0,-23.6028764206416,-6.20489061075237,-1.97222513237432,0,0,0
118,-533.444699710013,-7.1917555706235,-1.6021272488163,0.909009424238488,0.196022065014186,0.0548052877841302,-533.272042615745,-7.30293933579978,-1.58394268447093,0.900473236557547,0.189049010014235,0.0391835160917523,-500,0,0,0,0,0,0,0,-23.5032384242656,-4.29902232982391,-0.750466240233367,0,0,0
119,-532.547655482388,-6.99788386291141,-1.54722327221469,0.885079792539911,0.191721351667164,0.0550157918896574,-532.64579614398,-7.06341260358301,-1.5133148111248,0.880795589136398,0.183479723720893,0.039451037264324,-500,0,0,0,0,0,0,0,-22.7879666256801,-4.22114716492327,-0.9184741041828,0,0,0
120,-531.674195513356,-6.80827390678922,-1.49220082329689,0.861840789689707,0.187498561425138,0.0550418435904492,-531.666700441787,-6.82631502574947,-1.66320093664095,0.854931429960505,0.168952390232033,0.0671761121634763,-500,0,0,0,0,0,0,0,-22.1597421124764,-3.24260897170433,-3.39120934306572,0,0,0
121,-530.823829295986,-6.6223974722554,-1.43838168780765,0.838890909982028,0.184254308584687,0.0526089977274276,-530.812817196535,-6.709075438973,-1.61502123826143,0.835724885722547,0.184468114928029,0.0563284577722637,-500,0,0,0,0,0,0,0,-21.946854179185,-5.02866061485685,-2.40280330070352,0,0,0
122,-529.996241981004,-6.44065829962122,-1.38648270075367,0.816283541144155,0.179224037538949,0.0512013509539875,-529.923222983439,-6.41735740031646,-1.4326252648181,0.814502667120852,0.179909776671886,0.0710980619062246,-500,0,0,0,0,0,0,0,-21.6038207452076,-5.15626286655567,-4.24455566098627,0,0,0
123,-529.191219728167,-6.26401320379814,-1.33688997594167,0.793759775025835,0.174066154741537,0.047996418895414,-529.077058765661,-6.26415605844778,-1.26205721427388,0.8030263066494,0.181882764149289,0.0608327539621792,-500,0,0,0,0,0,0,0,-22.1485131336175,-5.65996429803337,-3.55916096767017,0,0,0
124,-528.408946801482,-6.09277785472655,-1.29008797755064,0.770785335991745,0.168404544284012,0.0456201421095941,-528.146906313382,-6.02197048631495,-1.40390049846115,0.76722139278956,0.163885796960412,0.0563091995729461,-500,0,0,0,0,0,0,0,-20.4283266521915,-4.34463872341131,-2.8231189603723,0,0,0
125,-527.648747372574,-5.92654638536321,-1.24538075490225,0.749613078087091,0.164058395727907,0.0438058605993424,-527.728840178602,-5.89703939141981,-1.20733919673679,0.736987867882657,0.163618479681476,0.0285621718176996,-500,0,0,0,0,0,0,0,-18.2411064310626,-4.56776918530799,-0.441538788296389,0,0,0
126,-526.908470626626,-5.76477252950667,-1.20142880256538,0.730941132390748,0.159489316730753,0.0441082104209823,-526.854825860896,-5.7431792279982,-1.25408046641502,0.73451076136301,0.149269805384579,0.0328336647532701,-500,0,0,0,0,0,0,0,-19.7414244145088,-3.44062208246151,-0.775205542496966,0,0,0
127,-526.187629960815,-5.60700423566018,-1.1572023468105,0.710740875692037,0.156047271614664,0.0443557091978031,-526.008054197069,-5.50476692338757,-1.19538121762213,0.724565843210508,0.155220262197444,0.0634747274256687,-500,0,0,0,0,0,0,0,-20.4404759269135,-4.51249237296924,-3.95671030732262,0,0,0
128,-525.487561597595,-5.45321397639963,-1.11421952150761,0.689394862626512,0.15153324763252,0.0416215797031421,-525.626124206522,-5.4355875617167,-1.08170426521417,0.679424768796407,0.158863895218649,0.0387135376919901,-500,0,0,0,0,0,0,0,-16.690228466597,-5.01521439843147,-1.70794523877068,0,0,0
129,-524.806824193674,-5.30418894758108,-1.07309442964032,0.672079915688037,0.146516810732849,0.0406380020150798,-524.770607524005,-5.28403250395531,-1.11122641884467,0.672435519448882,0.138743817383316,0.0244275619368294,-500,0,0,0,0,0,0,0,-17.7023368968778,-3.30631673042096,-0.220303355993592,0,0,0
130,-524.14379417696,-5.15932592926727,-1.03211513534761,0.653981006087138,0.143209226711101,0.0413304140804464,-524.002808519433,-4.98606183059066,-1.1829572798554,0.654433337737991,0.146456771665903,0.0438155689950751,-500,0,0,0,0,0,0,0,-17.4377167349327,-4.67355350540893,-2.01564233979671,0,0,0
131,-523.498861198139,-5.01845412051083,-0.991321318213501,0.635884856935256,0.138534391685687,0.0402670397546729,-523.474776639133,-5.04042941426114,-1.07412599453461,0.644894856662971,0.138174044854622,0.0274895540328267,-500,0,0,0,0,0,0,0,-17.5399323880304,-3.73654565693995,-0.600703414213452,0,0,0
132,-522.871970610286,-4.88178863342855,-0.950854174648268,0.617897029040762,0.134796583312124,0.0406770042175919,-523.027758184032,-4.747733452961,-0.867471453278815,0.615680582576644,0.137723235960288,0.0323112273384606,-500,0,0,0,0,0,0,0,-15.5125418896011,-4.27685669010684,-1.49617982728844,0,0,0
133,-522.262129981828,-4.74913104635455,-0.910541536919092,0.601784302204445,0.130518592059189,0.039956984789804,-522.205731710092,-4.77825295625019,-0.884937388392826,0.605099769998606,0.132418077781822,0.0516105375186113,-500,0,0,0,0,0,0,0,-16.0985135796757,-3.68530186568183,-3.39117897507548,0,0,0
134,-521.668833693377,-4.62045571126065,-0.871815601894368,0.584807382157346,0.126832078853067,0.0375040746260568,-521.574653357483,-4.78043812038437,-1.03796985378927,0.585630197807938,0.119924133210334,0.039181417962043,-500,0,0,0,0,0,0,0,-15.4137130658274,-2.43153708026466,-1.84220208862576,0,0,0
135,-521.09206151081,-4.49483996826588,-0.83480118252179,0.568736900276828,0.124399407876651,0.0365334430271563,-521.215564243184,-4.5300140955098,-0.838259696837376,0.570050979142745,0.136515390940477,0.0239859862134963,-500,0,0,0,0,0,0,0,-14.5739694279075,-4.59151090302815,-0.722079227674877,0,0,0
136,-520.530859725654,-4.37273684295913,-0.798241736452389,0.553667148087721,0.119806843668139,0.0365935705116722,-520.546776137225,-4.4007556689244,-0.726225712970261,0.550039164098426,0.127296061624765,0.042394925107081,-500,0,0,0,0,0,0,0,-13.9103641353927,-3.92809482462774,-2.78704108476758,0,0,0
137,-519.98455668603,-4.25489456929968,-0.762668952520561,0.538938244084571,0.115877704795502,0.0345599261532379,-519.983465557504,-4.11980463371797,-0.778421154904837,0.547130342123409,0.10758266929839,0.0270770409492557,-500,0,0,0,0,0,0,0,-14.7461030973327,-2.51865766240303,-1.1508617851159,0,0,0
138,-519.453271183341,-4.14027673044209,-0.728233234394534,0.523633056332457,0.113357973632021,0.034319752727944,-519.483636170945,-4.18313027724095,-0.750652692522415,0.53173708900383,0.111509671972176,0.0310501308615376,-500,0,0,0,0,0,0,0,-14.2064365584924,-2.78470664273566,-1.60370770110893,0,0,0
139,-518.93705861506,-4.02831163227978,-0.694278595406066,0.508792099757059,0.110572223643452,0.0335975047252389,-518.907419500938,-4.06810207756726,-0.774178446351365,0.512008565734212,0.107343658386994,0.0383322409755011,-500,0,0,0,0,0,0,0,-13.3860175715453,-2.59816168356493,-2.28486720484738,0,0,0
140,-518.435335117251,-3.91903898857184,-0.661422880862334,0.494654491604752,0.10797306459003,0.0321215123317641,-518.486459353398,-3.89195589088728,-0.740589407083946,0.490659755874898,0.11890531881478,0.0327622312650696,-500,0,0,0,0,0,0,0,-12.0930568806935,-4.10662009970341,-1.79504431233907,0,0,0
141,-517.947073358232,-3.81311968244497,-0.629880483059898,0.481868793974346,0.10386554843151,0.0309701206317707,-518.02887707993,-3.64237781597714,-0.685766181737541,0.481311356348305,0.121288832731798,0.00932114517774665,-500,0,0,0,0,0,0,0,-12.0733814749705,-4.84412764122555,0.439417845700417,0,0,0
142,-517.471410856475,-3.71167662501837,-0.59836746772318,0.469457207398588,0.0990205673572962,0.0320625382381662,-517.437282404913,-3.86964450762552,-0.469580728481823,0.465069520086519,0.108116667012201,0.0262814192682224,-500,0,0,0,0,0,0,0,-11.6323871988262,-3.07237768596909,-1.68898046985859,0,0,0
143,-517.008109460683,-3.61419267751991,-0.566827924644561,0.457145399086915,0.0959473284319833,0.0310231165305427,-516.912806069707,-3.74040680286153,-0.725991922259419,0.459068973419503,0.0791984011245795,0.0357855047356349,-500,0,0,0,0,0,0,0,-12.0812852025367,-0.439026506734879,-2.12656662904465,0,0,0
144,-516.557377248219,-3.51846531345926,-0.536487923342902,0.44431865753825,0.0955074005727639,0.0296637342828825,-516.572823510545,-3.3763939495362,-0.550412483334803,0.450608885840127,0.0860636957146362,0.0374135549235017,-500,0,0,0,0,0,0,0,-11.9152415629235,-1.85358167239122,-2.64053052568056,0,0,0
145,-516.119432531294,-3.4238851533674,-0.507753793906848,0.431570130047651,0.0936529199216861,0.0278113248511486,-516.168411730984,-3.5236180768337,-0.45827863541197,0.418776588929169,0.0846065955473762,0.0371217774622584,-500,0,0,0,0,0,0,0,-9.54083543094964,-1.41342340107023,-2.7956204754019,0,0,0
146,-515.693079631225,-3.33093931188787,-0.481121839632145,0.421134741784222,0.0922387641206832,0.0254581064677855,-515.870320174684,-3.38812969405523,-0.324680651010695,0.426151469140699,0.0862053424265113,0.0140299849537309,-500,0,0,0,0,0,0,0,-10.8745065647014,-1.84427485454068,-0.753637193351703,0,0,0
147,-515.277655005799,-3.23962308064092,-0.455709903342832,0.409714823274495,0.0903936993656496,0.0253718273395952,-515.330982759403,-3.10851647688173,-0.425943157009614,0.422218951078786,0.0919776645104647,-0.000276936249244783,-500,0,0,0,0,0,0,0,-11.559929589073,-2.98073349728301,0.879579938943706,0,0,0
148,-514.873852320072,-3.15072015275769,-0.42950404073045,0.397891824706085,0.0874121571936865,0.0270461795372526,-514.887607608112,-3.03519787439328,-0.361580294084952,0.396950986303921,0.0767478582997057,0.0298303147423974,-500,0,0,0,0,0,0,0,-9.9198834141685,-1.60439008118401,-2.25987088606983,0,0,0
149,-514.481321418397,-3.06411056574892,-0.403289276569737,0.38716941499008,0.08580701754601,0.0253890196048042,-514.556034817246,-3.05019097547825,-0.59254412955861,0.380860410003345,0.0997171836958069,0.0482445320152776,-500,0,0,0,0,0,0,0,-8.97397136584168,-3.8713364186242,-3.63936494241054,0,0,0
150,-514.099163752218,-2.98023957072059,-0.379473863506977,0.377144532413486,0.0819349736150531,0.0222470901405536,-513.945011030119,-2.87718133496825,-0.38148441485631,0.372153102464418,0.0716581648100731,0.0316126755441163,-500,0,0,0,0,0,0,0,-9.32528818620437,-1.41145381107081,-2.39829872469901,0,0,0
151,-513.72710375898,-2.89901067927778,-0.358143275936836,0.366974786785305,0.0805228101124224,0.0204194443478838,-513.686769792759,-2.79207747815112,-0.412742933160485,0.354923637794405,0.0831266807588759,0.0302176451305837,-500,0,0,0,0,0,0,0,-8.11882419392218,-2.72851311958535,-2.1962786467374,0,0,0
152,-513.364603829406,-2.81985243611907,-0.338627036421038,0.358024414862388,0.0777936771260349,0.0186177195965751,-513.334032636269,-2.8761547682199,-0.194876744435778,0.361320236020941,0.0764861439046751,0.0194343032310292,-500,0,0,0,0,0,0,0,-9.46395832955575,-1.8963048540277,-1.55367683423137,0,0,0
153,-513.01166410948,-2.74300726375932,-0.320467070551138,0.347854852116876,0.0758966682698572,0.0177075616236405,-512.918215987126,-2.61414335314084,-0.260576194714683,0.357458899369913,0.0718606074220282,0.0228397557733731,-500,0,0,0,0,0,0,0,-9.90945796273899,-1.95777403592115,-1.76282318790795,0,0,0
154,-512.669131860702,-2.66808985279464,-0.303265964838315,0.33720941413942,0.073938154578141,0.0167002588627408,-512.784674128943,-2.47476214860535,-0.414899026841648,0.333000558413059,0.0968379977970636,0.0198339298338583,-500,0,0,0,0,0,0,0,-7.73070758341962,-4.73427548249565,-1.15359492970254,0,0,0
155,-512.336119997418,-2.59651912284248,-0.286943630795999,0.328814216552317,0.0692033061660378,0.0159487800207779,-512.35988074689,-2.71526620648548,-0.318828060976426,0.324248263092857,0.0692851545894722,0.017172918361112,-500,0,0,0,0,0,0,0,-7.70506481550528,-1.49798304597626,-1.07963571415834,0,0,0
156,-512.011484671435,-2.52806509355293,-0.271325491982283,0.320456386910723,0.0677047533776952,0.0152918446195311,-511.827393714493,-2.45609627467065,-0.215695753214897,0.294959302402464,0.0708534307348405,0.0324624929877087,-500,0,0,0,0,0,0,0,-5.84114281126091,-2.17315052414276,-2.81485779234108,0,0,0
157,-511.694441578458,-2.46144715040466,-0.257368594252094,0.313628644549636,0.0655311341077593,0.012625456240381,-511.61714736499,-2.26870460331959,-0.257977771287138,0.320526626947389,0.0610528767355949,0.0115354469800642,-500,0,0,0,0,0,0,0,-8.81836796475948,-1.56787846692031,-0.637589155432146,0,0,0
158,-511.385503323453,-2.39670027645103,-0.244733784351053,0.304248181888572,0.0639626146044828,0.012649063299456,-511.361899251739,-2.45148486585526,-0.482264004047597,0.302205477158021,0.0619329837929858,0.00390518284840652,-500,0,0,0,0,0,0,0,-7.49674921232428,-1.29032864758805,0.574009723254542,0,0,0
159,-511.085186884412,-2.33338308874271,-0.231581549350147,0.296385549225561,0.0626717615872795,0.013659474161997,-511.237995948547,-2.34786204107506,-0.157437120137248,0.28519185475975,0.063599851351938,0.030059010195052,-500,0,0,0,0,0,0,0,-6.04319357888135,-1.66426105304368,-2.69102677923071,0,0,0
160,-510.792306398747,-2.27154369848473,-0.219142638911241,0.289374381812845,0.0610070196490551,0.0112219455404867,-510.72891718615,-2.25364651801724,-0.176122379311689,0.286242014545915,0.0611448809188205,0.0145982330530215,-500,0,0,0,0,0,0,0,-7.16636708229078,-1.60719505584758,-1.10757854667877,0,0,0
161,-510.506850680082,-2.21134054250936,-0.208250855076666,0.281536987850616,0.0593992927716498,0.0105656685547872,-510.520661808797,-2.23930774628713,-0.00126596750538935,0.288077602171107,0.0744572804889562,0.000552806146838804,-500,0,0,0,0,0,0,0,-7.76643659951764,-2.96711255632136,-0.0527486796731017,0,0,0
162,-510.229432451641,-2.15342508412286,-0.197430311319232,0.273300037117239,0.0564316250409296,0.0110796819697005,-510.198011434368,-2.15365542695504,-0.161636776541135,0.279334255787142,0.0342165919348525,0.0212591395677991,-500,0,0,0,0,0,0,0,-7.53740270997837,0.885651660424839,-1.80264040369764,0,0,0
163,-509.960295795187,-2.09655091927824,-0.186964176230484,0.264972889264844,0.057316705578873,0.00985689927435673,-509.978370450818,-2.12888926098253,-0.30748775428308,0.268186322257592,0.0438132237523012,0.00927136719741295,-500,0,0,0,0,0,0,0,-6.86189132412234,-0.123543853265059,-0.312161211175135,0,0,0
164,-509.699019256549,-2.03929623373827,-0.17703684723673,0.257580545437704,0.057192666302714,0.0100015563050641,-509.797822188704,-1.90545033484932,-0.0504117320769461,0.256034355096699,0.0792972316196479,0.00197108888642463,-500,0,0,0,0,0,0,0,-6.00779113226189,-4.11882249226616,-0.0962854244885709,0,0,0
165,-509.444694226378,-1.984163194274,-0.166925793558899,0.25106991093209,0.0530734133269156,0.0102238644234259,-509.35452968295,-1.85320893540362,0.0045329878860518,0.271079297591907,0.0616922142651413,0.00145562834370458,-500,0,0,0,0,0,0,0,-8.39887039328988,-2.46280355570689,-0.154628810142562,0,0,0
166,-509.198059050574,-1.93232148419505,-0.156390319682513,0.242201054035377,0.0506100075871215,0.0108516827776972,-509.293999285927,-1.91382688651396,-0.188164240338038,0.242144739392815,0.0611652648173773,0.0115047243929561,-500,0,0,0,0,0,0,0,-5.6264753674281,-2.28887270870981,-0.774143958619533,0,0,0
167,-508.958986384221,-1.88285612127251,-0.145775157724395,0.235944287747031,0.0483207190967605,0.0103818095299675,-509.087316307246,-2.04283432104842,-0.257833137406537,0.241969476580971,0.0556548621133128,0.0101852754529215,-500,0,0,0,0,0,0,0,-6.02231504360491,-1.47981756923445,-0.50286127047908,0,0,0
168,-508.726339565323,-1.83527553088021,-0.135450126227843,0.229349552279532,0.0468404624993409,0.0102716059017599,-508.814567750598,-1.74636591243442,-0.160858806425913,0.228517051028226,0.0394949175058704,0.00835037503889416,-500,0,0,0,0,0,0,0,-5.22256960162604,-0.456759925718189,-0.51331989103759,0,0,0
169,-508.499895142373,-1.78866363990008,-0.125305537071385,0.223539415357178,0.0463833204222594,0.0100204925697298,-508.342299334881,-1.73928952588023,-0.111580959946769,0.220974501223737,0.0480048184498147,-0.0103005099914087,-500,0,0,0,0,0,0,0,-5.41285145261201,-1.32190279322101,1.25321291903441,0,0,0
170,-508.27918692349,-1.74294145279587,-0.114517969129626,0.217878117386834,0.0450610544986883,0.0115574842103832,-508.259563954492,-1.73475115265248,0.0413155968384727,0.207228634948355,0.0507727610834391,0.0153118668299542,-500,0,0,0,0,0,0,0,-4.20373558585251,-1.60777380303896,-1.61381787667237,0,0,0
171,-508.063815667403,-1.69868445048775,-0.103707191527088,0.212863834771714,0.0434529509513808,0.0100665557323221,-507.863709448328,-1.65158165304872,-0.263922438439283,0.210408151897439,0.0228499031211051,0.0161129292738967,-500,0,0,0,0,0,0,0,-5.31339629308856,1.01817299398693,-1.08344805051111,0,0,0
172,-507.853954370448,-1.65472261293968,-0.094013535863508,0.206858605114179,0.0444707247945581,0.00932377890478397,-507.84213662435,-1.61420935968831,0.0260115576873989,0.208890477665772,0.0525799719832945,0.0247673855986625,-500,0,0,0,0,0,0,0,-5.20477451787794,-2.02957847895284,-2.52876167524104,0,0,0
173,-507.650184266918,-1.61126688679828,-0.0857732006831324,0.200680670612624,0.0424407282579255,0.00716000635795766,-507.679412518531,-1.44863746699186,-0.0379313805469924,0.200184236441181,0.0456978825147625,0.00661578909807683,-500,0,0,0,0,0,0,0,-4.65959860705521,-1.67251331749254,-0.585716148713699,0,0,0
174,-507.452139655872,-1.56966258734588,-0.0787867865205622,0.195408609177684,0.0407678716326174,0.00681544285905489,-507.521209886498,-1.57823309063453,-0.151065636111987,0.1980303041542,0.0298922387847911,0.0113066919887916,-500,0,0,0,0,0,0,0,-4.76061064242451,0.167242302789943,-0.828537926655187,0,0,0
175,-507.259440138271,-1.52881127226681,-0.0722463618212419,0.189990371249196,0.0409347589331553,0.00626810326650262,-507.000349810784,-1.65638691352116,-0.0411221136945897,0.1757049760194,0.0373438047583545,-0.00218102536101692,-500,0,0,0,0,0,0,0,-3.56979798037213,-0.421606648793138,0.300346763490871,0,0,0
176,-507.071464761422,-1.48808744178643,-0.0658079952441492,0.185960809953941,0.0405129030918738,0.00661057566648315,-507.135739069586,-1.36364365278754,0.0677577317299674,0.185796689193785,0.0484089443528935,-0.0020095945451471,-500,0,0,0,0,0,0,0,-4.30819078020566,-2.11360712971428,0.0654439910547755,0,0,0
177,-506.887902678684,-1.44863149606031,-0.0590639461083009,0.181163740445133,0.0383989897434516,0.0068798796983337,-507.024433377202,-1.55198463932391,-0.0219528812597027,0.192723575461963,0.0446971445189741,-0.00164240699961545,-500,0,0,0,0,0,0,0,-5.22349079179228,-1.36574517324959,0.20814646248095,0,0,0
178,-506.709571068371,-1.41091556366695,-0.0518831653806097,0.175500044435236,0.0370328756709687,0.00748450979043158,-506.768034714201,-1.24503936708084,-0.164397045082616,0.168732776940526,0.0204579993640582,0.0101402286486819,-500,0,0,0,0,0,0,0,-3.33720826565126,0.444278797755852,-0.685228774702961,0,0,0
179,-506.536065903904,-1.37366067441247,-0.0447144076122881,0.171510175048727,0.0374769036841315,0.00685492055512982,-506.456568241007,-1.34045964311069,0.0880877233288332,0.186792757190034,0.0275181913416034,0.00391468984192972,-500,0,0,0,0,0,0,0,-5.7661392369887,-0.0708998479389633,-0.567644430850638,0,0,0
180,-506.367729177132,-1.33621943197187,-0.0378693578217022,0.165163499648781,0.0374055818992555,0.00683837417979971,-506.263065715605,-1.34439665756217,0.018603806507369,0.150253535764571,0.0395091943053193,0.0112045381901182,-500,0,0,0,0,0,0,0,-2.49922214524635,-1.2621261154076,-1.15766143202656,0,0,0
181,-506.204197439097,-1.2994450134258,-0.0316482130411749,0.161899535554569,0.0361432560807956,0.00560543528365642,-506.195864036929,-1.14786104308639,0.0654408197155365,0.159746477086605,0.0581660583932676,-0.0048005809672213,-500,0,0,0,0,0,0,0,-3.58291963480166,-3.52088375315397,0.349176457291057,0,0,0
182,-506.044309541788,-1.26506232451224,-0.0258081736663183,0.157876740517318,0.0326221231026827,0.00607657353395319,-505.999875411594,-1.29715906066065,0.0681917195513051,0.148738005014612,0.0338336633084773,0.000865853693661827,-500,0,0,0,0,0,0,0,-2.87404967827336,-0.789048209526419,-0.222968808468793,0,0,0
183,-505.888154069125,-1.23283483069395,-0.0198432477813034,0.15443430823796,0.0318328656915077,0.00585488926011524,-505.822258762802,-1.35467089228884,0.0772136206092918,0.147010621293659,0.0274188116858512,-0.0259355808653801,-500,0,0,0,0,0,0,0,-3.05654460376141,-0.0325393840074444,2.43913084531943,0,0,0
184,-505.735258602089,-1.20101832155117,-0.0127734852003607,0.151358166362173,0.0318001531932461,0.00828604745879835,-505.588163046547,-1.33066231730555,-0.0305652804267165,0.14719945784258,0.0345269037960008,-0.00539257708376854,-500,0,0,0,0,0,0,0,-3.54361969116465,-0.791365744988968,0.600388269230287,0,0,0
185,-505.585861472408,-1.1696139725935,-0.00411823851949404,0.147436714417079,0.0310085456521499,0.00902631745110505,-505.711479103061,-1.0557903936574,0.026447533365944,0.160304893997971,0.0330070134935243,0.00427379236426473,-500,0,0,0,0,0,0,0,-4.60753119367513,-1.18912056203763,-0.480274303158361,0,0,0
186,-505.441015797466,-1.13920015661137,0.0048637851815148,0.142254806072542,0.02981908744035,0.00894028101584887,-505.503947201567,-1.17927517556854,-0.104935800624254,0.133105440885134,0.0151421465081198,0.00570978533648631,-500,0,0,0,0,0,0,0,-2.30264968537898,0.844335700325089,-0.361106932400122,0,0,0
187,-505.300211797588,-1.10895898717555,0.0135870139369371,0.139353175644248,0.0306632521617123,0.0085074954562373,-505.241128816499,-1.08747024500753,-0.040242299195398,0.134542265054103,0.0195020599308509,0.00332169114697604,-500,0,0,0,0,0,0,0,-2.97196887241135,0.224734496929979,-0.251684516306808,0,0,0
188,-505.162625393886,-1.07818347636366,0.0220046004106346,0.135819750828271,0.0308877699340207,0.00832933656642454,-505.194447553274,-1.10255874524733,0.0600373203198502,0.144247737127951,0.0255768769792285,0.00596293616803681,-500,0,0,0,0,0,0,0,-4.03587860624648,-0.352570207428182,-0.716368257443381,0,0,0
189,-505.02914083167,-1.04747214237391,0.0301331201781017,0.131149370948657,0.0305348985111292,0.00792997818364738,-505.009692397187,-1.14345895307958,0.0591826373274881,0.124912046273618,0.0316132990770262,0.00700658517440526,-500,0,0,0,0,0,0,0,-2.47181983298826,-0.874412001543463,-0.819023792095502,0,0,0
190,-504.899572890001,-1.01737454597624,0.0376544580589303,0.127986282096844,0.0296602950099709,0.00711415315990371,-504.945496703101,-1.21413664692737,0.022879001300512,0.137119434458448,0.0329317227842083,0.0126613305277456,-500,0,0,0,0,0,0,0,-3.8209500396433,-0.864898984566085,-1.31189105537558,0,0,0
191,-504.773880137895,-0.988146848811739,0.0442660552998488,0.123398891078554,0.0287950991582028,0.00611126643683713,-504.868132669092,-0.932095988888763,-0.0141081872831097,0.138328096848894,0.033622004819387,0.00324815278720033,-500,0,0,0,0,0,0,0,-4.09654434670469,-1.49800850416117,-0.296598904153814,0,0,0
192,-504.65280256393,-0.960100903167786,0.0504067754287734,0.118756497548995,0.0272967928563181,0.00617242691311792,-504.732180838669,-1.00448394908122,0.173508170836452,0.115487132190159,0.0326618676365505,0.0113707179154904,-500,0,0,0,0,0,0,0,-2.08435154167831,-1.25721886549262,-1.48408813322194,0,0,0
193,-504.535510512815,-0.933432808130826,0.0558205807408589,0.115826991859431,0.0260393978779743,0.0046565093414539,-504.710217687497,-0.994408106285075,0.113577842407875,0.112464356278334,0.0135731659866424,-0.0111826241994274,-500,0,0,0,0,0,0,0,-1.82600025283884,0.631499613905906,0.891106735126987,0,0,0
194,-504.420768929018,-0.907077717630014,0.0608546820766501,0.113656789208288,0.026670783626825,0.00541261048085517,-504.365660568225,-0.891011636202658,0.189316093254252,0.103726807805331,0.0244080929234188,0.00503086794353226,-500,0,0,0,0,0,0,0,-1.64135964408398,-0.658786019936566,-0.881718980861731,0,0,0
195,-504.308296607554,-0.880736394265515,0.0657621628053412,0.111287512896183,0.026011864211193,0.00440337508467648,-504.250195968533,-0.939303965911559,0.0565305822495782,0.101302350531904,0.0293849721238058,-0.00476176042940945,-500,0,0,0,0,0,0,0,-1.62984311612467,-1.05988928055747,0.363114878441788,0,0,0
196,-504.198054107336,-0.855254529985746,0.0702698689237198,0.109197803971467,0.0249518653271558,0.00461290946804549,-504.254423812829,-0.770631868064706,0.0795324928732629,0.124113078211893,0.0299348314800437,-0.00275424104680887,-500,0,0,0,0,0,0,0,-3.90246019553149,-1.45221941187496,0.116359118934361,0,0,0
197,-504.091036267545,-0.831028912889089,0.0751166701774631,0.104838330337175,0.0234993695914278,0.00508278848171928,-504.063118973161,-0.789670602074251,0.00867250937881613,0.102906197945952,0.0271348791436707,0.0140454095381618,-500,0,0,0,0,0,0,0,-2.16438184827279,-1.13414671021856,-1.42188597257381,0,0,0
198,-503.987696790471,-0.808096707336843,0.0794990432445668,0.101840070106739,0.022365042200473,0.00368331834330038,-503.780170664551,-1.02323607981299,0.206489735154331,0.110533737390787,0.0182653245343516,-0.00751265232011351,-500,0,0,0,0,0,0,0,-3.49303240997646,0.219939706190813,0.33828576170269,0,0,0
199,-503.887811926628,-0.785621817341154,0.0834906064566372,0.097930188868378,0.0225847388829496,0.00430165771528856,-503.869816339128,-0.914700128229016,0.0729419693897765,0.101030051925023,0.0247695291395584,-0.00303580560843327,-500,0,0,0,0,0,0,0,-2.36337251424612,-0.647552657497806,0.157696622063774,0,0,0
200,-503.791304371668,-0.763360937957209,0.0878932563793647,0.0950852276146653,0.0219370204851776,0.00450491789550911,-503.723998378208,-0.638974076070747,-0.00786080508391547,0.0962635379552491,0.0175272889453323,-0.00266474085832235,-500,0,0,0,0,0,0,0,-2.17835703910955,-0.474780742391737,0.282195696000066,0,0,0
201,-503.697536849192,-0.741661383321488,0.0925431658923188,0.0924501697375446,0.0214620895032483,0.00479606444650615,-503.751327387839,-0.751857718350595,0.00958681118895782,0.0881953347376595,0.0250220408917039,-0.00597647146369746,-500,0,0,0,0,0,0,0,-1.31687869808895,-0.9984886524692,0.578473523991831,0,0,0
202,-503.605950382213,-0.720698580107111,0.0975360932043393,0.0907231708436022,0.0204635175514192,0.00519046454646788,-503.439857723204,-0.672061070222575,0.0345171595163475,0.0900017223743785,0.0220783569580536,0.0117630652189255,-500,0,0,0,0,0,0,0,-2.12045679103008,-0.863713555360211,-1.24534084092524,0,0,0
203,-503.516685534273,-0.700667006902508,0.102126704740889,0.0878060738388282,0.0195996297059894,0.0039920681475285,-503.542245263183,-0.666024384453346,0.0296130232599784,0.0696240475875531,0.0220682853666714,0.0147286683342315,-500,0,0,0,0,0,0,0,0.12208576761141,-0.874779767760446,-1.53209287994311,0,0,0
204,-503.42927888469,-0.681504777294424,0.105130836150885,0.0870063581176123,0.0187248303863214,0.00201637122448961,-503.489493917006,-0.62596130299159,0.105415468686556,0.0775520841343316,0.0200308181843145,-0.0170641135811393,-500,0,0,0,0,0,0,0,-0.7762205794211,-0.75115921244827,1.49558042074081,0,0,0
205,-503.342769831773,-0.663155540767031,0.107735985912173,0.0860125737008584,0.0179736433747903,0.00319420757195987,-503.225232088429,-0.830711970718696,0.114770296468286,0.103864852168274,0.0127482143712834,0.000644299068685688,-500,0,0,0,0,0,0,0,-3.93602103997035,0.386602504309056,-0.293970499805142,0,0,0
206,-503.258993965116,-0.644988739784018,0.111007254068679,0.0815394361921818,0.018359959579938,0.00335047765047025,-503.300826528177,-0.609333699473848,-0.0528575890574588,0.0792362492925788,0.0104765657446306,0.000170527058555356,-500,0,0,0,0,0,0,0,-1.3219718729036,0.171010824484635,0.088662472259382,0,0,0
207,-503.178374195893,-0.626543321599848,0.114329277571429,0.079700262823681,0.018530877705603,0.00329430276571674,-503.139428871168,-0.455350673949874,0.0370652466692015,0.0879197705606011,0.0109293631396271,0.00196183019512511,-500,0,0,0,0,0,0,0,-2.51311931372484,-0.182234966062957,-0.270313512850914,0,0,0
208,-503.100213962481,-0.608103653922999,0.117559130828615,0.0766203257240435,0.0183484584183832,0.00316680215116283,-503.306306366032,-0.772053187854955,0.267458847262906,0.0737648088983165,0.0144561556412631,-0.026091409344869,-500,0,0,0,0,0,0,0,-0.763868157767077,0.0984908115836016,2.07422323996109,0,0,0
209,-503.024012261465,-0.589705958578418,0.12160505609606,0.0757842078276739,0.018446932989284,0.0049252447256829,-503.154489295131,-0.498200906818442,0.063957836298638,0.0594806999199801,0.0245882808922231,0.00296868211887358,-500,0,0,0,0,0,0,0,0.360908598263736,-1.46242627558542,-0.424783884484634,0,0,0
210,-502.948385100428,-0.571990230375851,0.126064310473028,0.0754698031130831,0.0169845246370989,0.00399318009001026,-503.105529235384,-0.642848691613975,0.165936576196004,0.0751936169474143,0.0225851961724513,0.00360011959157552,-500,0,0,0,0,0,0,0,-1.30830322397426,-0.972822234017185,-0.69188511154956,0,0,0
211,-502.873916089674,-0.55549217039307,0.129655269483267,0.0734679775259973,0.0160115962775811,0.00318955858834524,-502.906869685156,-0.573034351816206,0.186976503786173,0.0801208574251304,0.0238279825971226,0.00290731588875205,-500,0,0,0,0,0,0,0,-2.19834637220062,-1.23672955607984,-0.664684596447552,0,0,0
212,-502.801879175569,-0.54009902368563,0.13256215333301,0.0706057376070253,0.0147746975894364,0.00262548912241778,-502.643382957915,-0.408720861767922,0.134327895095222,0.0771859052329684,0.0221035269424312,0.0129387661495985,-500,0,0,0,0,0,0,0,-2.431824607467,-1.39291097070728,-1.5625324051503,0,0,0
213,-502.732923558242,-0.526020883125033,0.134499758401189,0.0673049496458535,0.0133815842617118,0.00125123491264278,-502.643254629708,-0.451756071082596,0.157855443786119,0.0808100512798806,-0.00228148980327604,-0.00521242257861039,-500,0,0,0,0,0,0,0,-2.79449586857252,1.1316611224928,0.205531370288802,0,0,0
214,-502.667238543905,-0.512073566568278,0.135969521851562,0.0640654988394358,0.0145130497596656,0.00168977042893947,-502.651218321083,-0.557263171921512,0.244815918117379,0.0573405830005571,0.0171842298592403,-0.0167380261081896,-500,0,0,0,0,0,0,0,-0.431621657889755,-0.603896642081002,1.18417077458421,0,0,0
215,-502.603528008673,-0.497862469942267,0.138078286589885,0.0633562040877407,0.0139091441703219,0.00252788538186133,-502.65090656915,-0.629627933874559,-0.0132215566526184,0.0717720844431652,-0.00148559212387407,-0.00874677533417699,-500,0,0,0,0,0,0,0,-1.87539530601689,1.40781508013652,0.901120646722936,0,0,0
216,-502.541259788478,-0.483249477364296,0.14105954618741,0.0611809048937874,0.0153168420417329,0.00343554430566451,-502.644397596759,-0.27829839468932,0.247098218580171,0.0631477044663331,0.00919010598666169,0.00589427439186781,-500,0,0,0,0,0,0,0,-1.02597525311541,-0.362413809287528,-1.08362387634712,0,0,0
217,-502.480989102912,-0.468113889404779,0.14388615404476,0.059360000114368,0.0149543350278371,0.00221839316285077,-502.566753225805,-0.474435832671092,0.101561334596181,0.0558976109542814,0.0140232685063945,0.0236030521182801,-500,0,0,0,0,0,0,0,-0.456254643817625,-0.453455185297262,-2.56342788102038,0,0,0
218,-502.42244144112,-0.453386322308798,0.144711172463797,0.0577340210223849,0.0145007999921394,-0.00056774093286982,-502.376561223949,-0.502079639509434,0.0514930554541352,0.0366440509071001,0.0224075947385203,-0.00438720341945407,-500,0,0,0,0,0,1,0,1.08871735718733,-1.23660019483316,0.335734231037136,0,0,0
219,-502.364425016587,-0.43950378067503,0.143972995832952,0.0582988299267648,0.0132642836855929,-0.000909165059647776,-502.301754294424,-0.458074380058384,0.126140939039414,0.0521250120408458,0.013038480013656,0.00438849844432372,-500,0,0,0,0,0,1,0,-0.608992615236863,-0.387699241248837,-0.691131722511199,0,0,0
220,-502.306791588027,-0.426433375110651,0.142598675743473,0.0569677160373956,0.0128765282379704,-0.00183901793590047,-502.43088688425,-0.276261028427781,0.0224009213571711,0.0481703805388764,0.024958248561621,-0.00906812318534532,-500,0,0,0,0,0,1,0,0.0447357146129539,-1.94330279930654,0.862010475820189,0,0,0
221,-502.249984575566,-0.414528489167892,0.14096989328773,0.0566467176071829,0.0109332445441263,-0.00141862417933392,-502.262406589721,-0.766360712413803,0.292352266985783,0.0761304082907781,0.0056359554584466,0.00581432979251564,-500,0,0,0,0,0,1,0,-3.08822764963531,0.969125878982945,-1.16613751322313,0,0,0
222,-502.195263856362,-0.403110803214844,0.139159597876613,0.052794489164549,0.0119021285289036,-0.00220016632218212,-502.076069044153,-0.219049704764784,0.208770165188447,0.0593822333974753,0.0301198366421507,-0.00238907019655398,-500,0,0,0,0,0,1,0,-1.78608525144113,-2.57388425468551,-0.178633310721495,0,0,0
223,-502.14364380455,-0.392495682556838,0.136892524957991,0.0504457266407224,0.00932811352836987,-0.00233297992839243,-501.997401331896,-0.408439962610428,0.16729914240032,0.0440549605130432,0.00759372270288401,-0.011520470837436,-500,0,0,0,0,0,1,0,-0.410693387511953,0.0575076549324554,0.817448798942959,0,0,0
224,-502.093583257003,-0.383138822790517,0.134809354198287,0.0496758160552597,0.00938560695563745,-0.00183320309411439,-502.148899643689,-0.317296485927812,0.079476638700122,0.0539444101012499,-0.00693392921803192,0.00592531141132617,-500,0,0,0,0,0,1,0,-1.09664172274757,1.32798589365882,-0.751484418532861,0,0,0
225,-502.044817322008,-0.373089269396592,0.132550902688615,0.0478557839451185,0.0107135007233804,-0.00268298308196502,-502.034323566702,-0.327425358881931,0.183593315005987,0.0321601239048458,0.00649457137003223,0.00513420897993655,-500,0,0,0,0,0,1,0,0.852634742918794,0.00539358076063956,-0.88060752800563,0,0,0
226,-501.996943958009,-0.362373049733256,0.129140696325656,0.0478903531287719,0.0107189389046871,-0.00413769752859849,-502.082008017324,-0.280581318297579,0.0251824139805191,0.0394098701440246,0.00571154863931302,0.00203763487176866,-500,0,0,0,0,0,1,0,0.223029020245147,-0.00999222733614469,-0.254128315137904,0,0,0
227,-501.949264729783,-0.351659101799961,0.124656708712531,0.0474679175835345,0.0107089579031655,-0.00483030487965064,-501.958715701372,-0.25201181215851,0.0750287077777802,0.0623145224937396,0.0177334014168447,-0.00526699039472024,-500,0,0,0,0,0,1,0,-2.31402084662928,-1.26931651736745,0.376641623916464,0,0,0
228,-501.903157894963,-0.341584881479994,0.120102446827449,0.0447462271477905,0.00943948320541479,-0.00427702507418792,-501.796543329654,-0.395279842623668,0.0145716561590565,0.0432176828948473,0.00820892338860865,0.000720520851390886,-500,0,0,0,0,0,1,0,-0.728681630177266,-0.0303326536135291,-0.101195397457202,0,0,0
229,-501.859064020406,-0.332160591611815,0.115674853782486,0.0434415429656014,0.00940909668286295,-0.00457771864308831,-501.887372428441,-0.228869046750978,0.140090572100897,0.0235777258410674,0.0184814720069893,-0.0179884733611307,-500,0,0,0,0,0,1,0,1.41697227277431,-1.39040910719697,1.51866619191128,0,0,0
230,-501.815032422521,-0.323446635295584,0.111461367149245,0.0446222207057271,0.00801881671682839,-0.00385012802864726,-501.855815574645,-0.446758993471498,0.139283687596846,0.0447705904627888,0.0031306012974562,-0.000750320483040794,-500,0,0,0,0,0,1,0,-0.765427896988151,0.580457857197376,-0.203535326889613,0,0,0
231,-501.771092079166,-0.315137619195771,0.107415837201656,0.043258441424975,0.00859921619490171,-0.00424045564531739,-501.791738298453,-0.282729833719471,0.117983774179947,0.0663503130913093,0.0105970122674387,-0.00273559315032661,-500,0,0,0,0,0,1,0,-3.0515547122251,-0.494241559304929,0.0375917666727679,0,0,0
232,-501.729590492664,-0.306785632681836,0.103388379575177,0.0397451385592854,0.00810475757603382,-0.00381284653386027,-501.814253284817,-0.353306736500062,0.0308938538256476,0.0467278475769634,0.0185118075556055,0.00836611113035696,-500,0,0,0,0,0,1,0,-1.04427818806229,-1.14456728256043,-0.898398820686991,0,0,0
233,-501.690749876681,-0.299253204271839,0.0990848734676653,0.0379357556021792,0.00696009920204473,-0.00479345402619402,-501.640108618227,-0.361436887682347,0.0919032648322808,0.0224779430824139,0.00734055580117398,-0.00678111757613525,-500,0,0,0,0,0,1,0,1.03242292821267,-0.0111818047527042,0.494305227948964,0,0,0
234,-501.652537656399,-0.292298654839679,0.0942101370681081,0.0384887788697952,0.00694900019437006,-0.00495655942807016,-501.590020055955,-0.320187635945254,0.0129581366157364,0.031981922953335,0.0236508639573006,-0.00488286932019066,-500,0,0,0,0,0,1,0,-0.0181521834229388,-1.72471112383955,0.462370658787594,0,0,0
235,-501.614283807322,-0.286212006686205,0.0892902922363103,0.0380191392285538,0.00522429631347607,-0.00488312530527812,-501.439878710525,-0.205291682233766,0.0655250976815622,0.0438180624421965,0.011457111825656,-0.013587969003247,-500,0,0,0,0,0,1,0,-1.50204882316869,-0.735127818098065,1.22774670496158,0,0,0
236,-501.577117008824,-0.281355317066102,0.0850051160380552,0.0363152697113074,0.00448908396174209,-0.00368657182967747,-501.601673718096,-0.208807721891722,0.129645988603037,0.0317169032801501,-0.0110466561816773,-0.00611734080188498,-500,0,0,0,0,0,1,0,0.031657108176157,1.52228106195117,0.352442102982424,0,0,0
237,-501.541024477751,-0.276105088659007,0.0812970367341286,0.0358699477332824,0.00601137378542069,-0.00372959326383604,-501.417503517822,-0.111547617292379,-0.0105462468402483,0.0484716622547792,0.0136220069039708,0.00571775830020733,-500,0,0,0,0,0,1,0,-2.01215918983412,-1.13910545581232,-0.550683336340237,0,0,0
238,-501.506480898128,-0.270663344782105,0.0773757453060329,0.033217188767212,0.00487211458282906,-0.00411183541420801,-501.437425217518,-0.339988339893717,0.0633936947243232,0.0493900731435659,-0.00480476315626803,-0.0256635758344986,-500,0,0,0,0,0,1,0,-2.06415687932056,1.16045299541424,2.43957019400121,0,0,0
239,-501.474224844375,-0.265211055297334,0.0745257039410715,0.031296427296996,0.00603246528896981,-0.00158747829640671,-501.249393569615,-0.308350187415432,0.0915515889564496,0.0362993064485329,-0.00292654843375048,-0.0120936833818187,-500,0,0,0,0,0,1,0,-1.13114350562341,0.909355218205911,1.02626516026897,0,0,0
240,-501.443620104553,-0.258723943446966,0.0733980806923811,0.0299137138873746,0.00694175871987921,-0.000667280917022062,-501.3980785487,-0.316836069824551,-0.0535257339771707,0.0243390516023912,0.0150971275486414,-0.000882351486046663,-500,0,0,0,0,0,1,0,0.362251937160599,-0.876040615215038,0.195286616559008,0,0,0
241,-501.41378501611,-0.252220190826151,0.072594740475972,0.0297564963285068,0.0060657475603373,-0.00093955687945424,-501.415956670225,-0.113221748173467,0.153839706151253,0.0173882695933022,0.00213940129472798,-0.00278541198789688,-500,0,0,0,0,0,1,0,1.09308638112046,0.0125033668741364,-0.0291382135128181,0,0,0
242,-501.38378429734,-0.246148153073613,0.0713138763346089,0.0302447602225379,0.00607832839187255,-0.00162266893033625,-501.317888150065,-0.136881945759986,0.108085911547289,0.0232214653158424,0.00582730120025695,-0.00197447044121552,-500,0,0,0,0,0,1,0,0.313629768544998,-0.308966228505723,-0.0187247789730249,0,0,0
243,-501.353670240193,-0.24022429709615,0.0694567969216218,0.0299832856961839,0.00576938419905737,-0.0020915908704322,-501.369514843221,-0.215136898471166,-0.0194513890661311,0.0155181170332505,-0.000575152982744763,-0.0178165048379662,-500,0,0,0,0,0,1,0,1.18721798311683,0.487789095216809,1.82055326192889,0,0,0
244,-501.323152016789,-0.23421095953236,0.0679006371028876,0.0310539038954341,0.00625729160332143,-0.00102152439451308,-501.478946573633,-0.222340516096473,0.0207692927894703,0.0375552697564148,0.0215434616920944,0.00168424179709725,-500,0,0,0,0,0,1,0,-0.797633828375746,-1.70966513701649,-0.209962765288666,0,0,0
245,-501.292788537273,-0.228808531534812,0.0666990469450546,0.029673045080708,0.00454756567547299,-0.00138116775874164,-501.217844329335,-0.0974660698640094,0.291994337480672,0.0207332789660728,0.0112445869930112,0.0132829670857217,-500,0,0,0,0,0,1,0,0.362360762063588,-0.929526559573098,-1.91228538353352,0,0,0
246,-501.263475581991,-0.22472573391373,0.0641637207943863,0.0289518322132868,0.00361802969681136,-0.00368934519822006,-501.304500980032,-0.262080348109014,0.226560100493338,0.043461327503363,0.0193856628816282,-0.00574298008256688,-500,0,0,0,0,0,1,0,-1.73713079027184,-1.4144055919448,0.121177807270013,0,0,0
247,-501.235624103591,-0.22181496837507,0.0605824930190165,0.0267514173634499,0.00220350238651254,-0.00347219300272505,-501.195891131813,-0.116285336235099,0.0655950932030677,0.0458544777423015,-0.0235086951035172,-0.0128572256786522,-500,0,0,0,0,0,1,0,-2.19366551060398,2.58344018282192,1.15453238145908,0,0,0
248,-501.210052425737,-0.218319814142768,0.0577803153586775,0.024392818580927,0.00478680732360503,-0.0021311652849475,-501.234824596924,0.0235039952694909,0.108127645336217,0.0406362462498532,0.00647614012743129,-0.008233333060734,-500,0,0,0,0,0,1,0,-1.59397543113653,-0.694622003282111,0.607078015400967,0,0,0
249,-501.186622247004,-0.213880369509281,0.0559773485878244,0.0224680594145273,0.00409208277943423,-0.00147399706271045,-501.243742572524,-0.315445491344808,0.157802417295499,0.000553494926562353,-0.00404533607088626,-0.000667877485998335,-500,0,0,0,0,0,1,0,2.432135652391,1.03542458977824,-0.248817085991164,0,0,0
250,-501.163294881631,-0.209270489820164,0.0538739147690358,0.024186186768096,0.0051276763295862,-0.00273400629136722,-501.225421905485,-0.490943428765253,0.0479331433554604,0.0259229156720442,0.009789402349276,-0.00285331241415427,-500,0,0,0,0,0,1,0,-0.141447756233951,0.00294662260290623,0.189464954704506,0,0,0
251,-501.139428705472,-0.204141344081766,0.051069563397613,0.0235462697723043,0.00513061635257766,-0.00287459542107082,-501.220287399483,-0.385794558294068,0.0075188851508611,0.0361248563836793,0.00096557136369474,0.00153772316950963,-500,0,0,0,0,0,1,0,-1.17191083940221,0.675031980218663,-0.168810087252685,0,0,0
252,-501.116746767726,-0.198673255577634,0.0480939981357959,0.0218176774869374,0.00580556159137397,-0.00307586679119654,-500.982915677844,-0.322590302055615,0.125022529829337,0.0354353904117039,0.00672791158962861,-0.0069007447484229,-500,0,0,0,0,0,1,0,-1.57770768548306,-0.0276105548516317,0.440029415183617,0,0,0
253,-501.095904420806,-0.192881551878385,0.0452676857178913,0.0198674541111106,0.00577784656597167,-0.00257597365121276,-501.035514013507,-0.306624074046313,-0.020351553159635,0.015002949323849,0.0159803272716567,-0.00254597736654029,-500,0,0,0,0,0,1,0,0.570733094628985,-0.984784579073044,0.295300842973299,0,0,0
254,-501.075998553534,-0.187596074898684,0.0425772250222527,0.0199443378648869,0.00479310816314217,-0.00280521692491331,-501.048166210226,-0.159094776893391,0.0587095499487962,0.0192089572002854,-0.00902292268447121,-0.0112826128493798,-500,0,0,0,0,0,1,0,0.175436700423095,1.2204818222339,1.01084218504039,0,0,0
255,-501.056106386715,-0.182192710933843,0.0400552548308384,0.0198404681240905,0.00601362115108394,-0.00223890327085585,-501.070503498848,-0.12919247691573,0.0282472297775439,0.0112208027685766,0.0209030609327773,0.00469741746922515,-500,0,0,0,0,0,1,0,1.01892672083854,-1.83192113944627,-0.526236206477603,0,0,0
256,-501.036125399604,-0.177095019462425,0.0372435000773053,0.0201210843131509,0.00418176301624216,-0.00338498692276668,-500.855952860044,-0.167493854245804,0.126573752668579,0.0233526549660696,-0.00397928133750439,-0.00543425962065839,-500,0,0,0,0,0,1,0,-0.623359776519302,0.732915842242046,0.290278456728682,0,0,0
257,-501.016539566682,-0.172546818388473,0.033905913815589,0.0190508088396194,0.00491463972536507,-0.00328985906439838,-500.892704527563,-0.0821473585964546,0.0659982727304323,0.0185692740075639,0.00554488362023399,-0.00573736995531365,-500,0,0,0,0,0,1,0,-0.0715183456298016,-0.39019364483049,0.441740450070501,0,0,0
258,-500.997737200281,-0.167827274414696,0.0306597737795407,0.018554146346975,0.00452444912477256,-0.00320239481467732,-501.179563357704,-0.193883452468764,-0.100735037825342,0.0149389680474106,0.00884975116415005,-0.00439563823841778,-500,0,0,0,0,0,1,0,0.86522991066628,-0.497208211477476,0.641033899492462,0,0,0
259,-500.978953335588,-0.163551392961468,0.0274650257864509,0.0190137686522113,0.00402731448303481,-0.0031875713356293,-501.075088085253,-0.186138438357645,-0.0898701222327588,0.024074959254456,-0.00979773782581775,-0.0143885905947407,-500,0,0,0,0,0,1,0,-0.257319754940028,1.35205065929706,1.61859930393959,0,0,0
260,-500.960109796376,-0.158848047937444,0.0249110622344807,0.0186741476699128,0.00537937663922452,-0.00192040974796626,-500.955877420239,0.0281459476368521,0.0602677954147856,0.0276206242807195,0.0324635889410719,0.0120309531757883,-500,0,0,0,0,0,1,0,-0.850307587594731,-3.30265078938089,-1.3236309084084,0,0,0
261,-500.942304369187,-0.15512003972687,0.0222972769054572,0.0169361626206322,0.00207664076089848,-0.0033064857533166,-500.763129149787,-0.344064842788418,-0.278231390089857,0.0311299781511163,0.00850341977290769,-0.00969510636140707,-500,0,0,0,0,0,1,0,-1.58673951553819,-0.162212291713934,1.52597341632042,0,0,0
262,-500.926186561887,-0.153124548270526,0.0197701363974563,0.0153004396288252,0.0019143433935128,-0.00174717364364285,-500.9061519286,-0.223912750568134,-0.092673639126366,0.0231712130582457,-0.0110798888513499,-0.0068458738265601,-500,0,0,0,0,0,1,0,-0.504817448624405,1.55581438627126,0.869934660908742,0,0,0
263,-500.911276702547,-0.150432307989671,0.0183354352874032,0.0145197801079747,0.00347013780086705,-0.00112205176907898,-500.891891999577,-0.128597697943637,-0.149787449102211,0.0101339835473757,0.0122811123456851,0.00433300884364074,-500,0,0,0,0,0,1,0,0.770385644415544,-0.970915838681239,-0.133725986159652,0,0,0
264,-500.896678693467,-0.147447603143848,0.0168629997995999,0.0146760513801763,0.00249927446783849,-0.001823126875516,-500.835614841993,-0.303171467007499,-0.170357306895054,0.0176978419770045,0.0121883846556821,0.000786271239531797,-500,0,0,0,0,0,1,0,-0.0985545137144666,-0.612495531553208,0.262087489836929,0,0,0
265,-500.882284276503,-0.145254577922866,0.0150029631812303,0.0141129210489364,0.00188677673928963,-0.00189688092497009,-500.848213597018,-0.0912089632853615,-0.0317491021979784,0.00241500727858443,-0.0133942617746902,-0.000168325399544386,-500,0,0,0,0,0,1,0,1.45492646617688,1.52184410403975,0.0803307443503954,0,0,0
266,-500.867735101526,-0.142606826868034,0.0127584027031011,0.0149852450408929,0.00340872614609958,-0.00259291791021199,-500.923392209254,-0.119806147807931,0.147042185194019,0.0286888865065478,0.00398740983300413,0.00280636525119713,-500,0,0,0,0,0,1,0,-1.02210423214777,-0.15912868768455,-0.574720895507751,0,0,0
267,-500.853594402022,-0.139277707247669,0.0098605701298895,0.0132960156036914,0.00324951391711571,-0.00320209659005799,-500.903693036568,-0.161477403746236,-0.0853179184139055,-0.00945141151395675,0.00133325142024945,-0.0109555861358765,-500,0,0,0,0,0,1,0,2.75252722453173,0.189629665467527,1.26619445041546,0,0,0
268,-500.839070108911,-0.135933268991819,0.00668842860220273,0.015752778924436,0.00343936335893486,-0.00314368457490855,-500.578306730664,-0.106365577914864,0.0106401335919436,0.0247536035423635,-0.000360733589167445,-0.0145255474179382,-500,0,0,0,0,0,1,0,-1.3187468929079,0.248804514746473,1.43127447460993,0,0,0
269,-500.824011747516,-0.132369537636688,0.00424214224415022,0.0143648451514412,0.00368810017512282,-0.00174839122680226,-500.815073411783,-0.15952875017089,-0.0534341328089293,0.00599452200338303,-0.00153688058083043,-0.000936616160838758,-500,0,0,0,0,0,1,0,1.0306946232281,0.472745558424824,0.200529881701734,0,0,0
270,-500.809395070349,-0.128445026664479,0.00226077960111455,0.0148684462994356,0.00416092297801551,-0.00221481735371432,-500.737653311899,-0.110067352859578,-0.0685438904443542,0.0215278767682573,0.00308116225896832,-0.00558582053351384,-500,0,0,0,0,0,1,0,-0.677481053028502,-0.0879815201776753,0.695669834240092,0,0,0
271,-500.795018887755,-0.124328112712411,0.000298709019851636,0.0138843587510694,0.00407290594409933,-0.00170903588252469,-500.686467797427,-0.273828623283055,-0.27238165389911,0.0108375962497237,0.0235748695072275,-0.00165431080465959,-500,0,0,0,0,0,1,0,0.289175969881599,-1.80982970415664,0.71019438826418,0,0,0
272,-500.781161344644,-0.121160105260491,-0.00129200708294959,0.0138310281434421,0.00226310998767028,-0.00147258965283315,-500.643892958513,-0.205338315084603,0.0444898757337832,0.0305821608449074,0.00669669742012303,-0.00161068824489266,-500,0,0,0,0,0,1,0,-1.77043016746476,-0.258993111843097,0.0720890730216998,0,0,0
273,-500.768434383271,-0.119026554890037,-0.0026476301473318,0.0116231921665684,0.00200399186815036,-0.00123773965055918,-500.792152859884,-0.0377192163821812,0.0427651517596975,0.0353147753410951,0.00710238366439949,0.0234859302263776,-500,0,0,0,0,0,1,0,-1.94717181434101,-0.634799933675586,-2.43412332615716,0,0,0
274,-500.758369968647,-0.117340055187609,-0.00493632634743127,0.00850472988130864,0.00136900807706731,-0.00333826420668848,-500.734657141808,-0.181766973250766,-0.0500996710862627,0.0067200669596364,0.00671282455187329,0.00112610633736243,-500,0,0,0,0,0,1,0,0.797307587651878,-0.307748508685798,-0.0124112915637178,0,0,0
275,-500.749756626902,-0.116124893582388,-0.00857310514575287,0.00872182229031658,0.00106131623661313,-0.00393562748584808,-500.888798459569,-0.240880915904359,-0.0323397128600536,0.0108536153756058,-0.00427375037015695,-0.00317015433628419,-500,0,0,0,0,0,1,0,0.692235381576826,0.909136868824413,0.381694859348527,0,0,0
276,-500.74091801537,-0.114608980957486,-0.0126044888888411,0.00895547914452012,0.0019705095425061,-0.00412748243896688,-500.772831206271,-0.160794283317242,0.0849179815094902,-0.00646264145498182,0.00358348424087015,-0.00895787177110081,-500,0,0,0,0,0,1,0,2.19192655803974,-0.036759857452531,0.725951214091101,0,0,0
277,-500.731078481621,-0.112656767171924,-0.0168888561751586,0.0107236052253151,0.00193391949337305,-0.00444238187751544,-500.761066442643,-0.15862599421843,0.0370732485580079,0.0120100628559306,0.00958752880261096,-0.0198468649775802,-500,0,0,0,0,0,1,0,0.321126599692993,-0.641500891824235,1.91054000064201,0,0,0
278,-500.720185226123,-0.111043569257893,-0.0206457505477266,0.0110637906775195,0.0012924767700579,-0.0030717990821717,-500.688899550406,-0.156061984649091,-0.0659805450028816,0.00592166739304103,-0.00632166632614341,-0.0228624526503117,-500,0,0,0,0,0,2,0,0.785632361508365,0.944290601912523,2.41820635503693,0,0,0
279,-500.708651277534,-0.10927889725413,-0.022861133454055,0.0120051659307388,0.00223686804690066,-0.00135966825966249,-500.715566209195,0.0991299434685623,0.124382430059657,0.0169946933361014,0.00251419041644054,0.0183996712936935,-200,0,0,0,0,0,0,1,599.731663084779,-0.449678928581179,-2.08873198948866,0,0,0
280,-500.411376483575,-0.107245489898219,-0.115996212410103,0.58245023925585,0.00182994722578841,-0.185204012111822,-500.530860690307,0.0975207206993396,-0.0816003140280852,0.601069535110495,0.00946161441338317,-0.176193554797798,-200,0,0,0,0,0,0,1,540.954767869565,-1.141202882737,17.782556107836,0,0,0
281,-499.568933801395,-0.105966679388191,-0.375479317975668,1.10235934518515,0.000727674763535662,-0.334029462629092,-499.667901147749,-0.180908009753051,-0.5185030020091,1.09816332224837,-0.0154878005632987,-0.321148685196052,-200,0,0,0,0,0,0,1,489.519470070661,1.91059607583597,33.1518745236234,0,0,0
282,-498.228972764874,-0.104265935333355,-0.7694478320827,1.57750204760923,0.00267381439893705,-0.45415156329315,-498.132405066947,-0.110639926515418,-0.751300546021124,1.57350743481578,-0.00988076486308363,-0.473602701224057,-200,0,0,0,0,0,0,1,438.914066652316,1.2093563393392,48.862871214448,0,0,0
283,-496.43575147484,-0.100971332332834,-1.26906983020535,2.00889502963566,0.00391539296874536,-0.545313717421442,-496.351600936408,-0.105341983241586,-1.40498526464538,2.00783460038015,0.0148517854584504,-0.56108353119084,-200,0,0,0,0,0,0,1,391.919741834801,-1.27449457936187,58.9183236483747,0,0,0
284,-494.232104955547,-0.0976786597924612,-1.84853970114246,2.39836439546922,0.00266995264255126,-0.613825561772024,-494.128178823157,-0.0308148447454178,-1.90288200587545,2.4371801833822,-0.00766591676886508,-0.626463292875295,-200,0,0,0,0,0,0,1,344.538339308093,0.828221366377343,66.4520932992804,0,0,0
285,-491.66048030329,-0.0945816904723818,-2.48626110760751,2.74486206055655,0.00352398612507166,-0.661794532038639,-491.553577678229,-0.100304502450305,-2.5314016348093,2.74126002258788,0.00797827256729907,-0.654999777059319,-200,0,0,0,0,0,0,1,308.98115309767,-0.597218251829296,70.5627809755505,0,0,0
286,-488.758708081641,-0.0913446382279343,-3.16505182259974,3.05866681376737,0.00295011848206994,-0.69594721784663,-488.657432197694,-0.0612792742878925,-3.21491293925741,3.07002495499492,-0.00530360680206615,-0.719693459200967,-200,0,0,0,0,0,0,1,270.312368895897,0.6529192287824,78.3991717986115,0,0,0
287,-485.560355925203,-0.0880576924868081,-3.86877564548514,3.33803155085917,0.0036237735005815,-0.711642920788923,-485.784575578435,-0.0291726030322911,-3.87539084625866,3.33785935809745,0.0128931693018599,-0.712134304559335,-200,0,0,0,0,0,0,1,237.783215347125,-1.2309717241214,78.9642121484508,0,0,0
288,-482.098033137404,-0.0850401929745687,-4.58331269875627,3.58661322506899,0.00241122672324108,-0.717557746356109,-482.015853253365,0.0542517875293892,-4.72296840085329,3.60029946272582,0.00825524042562825,-0.719228789182841,-200,0,0,0,0,0,0,1,204.001760234149,-0.934027617621603,81.3688157199906,0,0,0
289,-478.402811093718,-0.0830879513681738,-5.29774974139863,3.80383634223144,0.00149325778224368,-0.711426699276212,-478.354136481139,-0.0267720279904844,-5.23572474284069,3.80319867931904,0.0183274488573119,-0.702530528990508,-200,0,0,0,0,0,0,1,176.388405030374,-1.77920082975022,80.7245023847322,0,0,0
290,-474.503568153637,-0.0824772562707483,-6.0023866156439,3.99465887143903,-0.000271866732122366,-0.697943766884401,-474.335995725622,-0.0596928471992842,-5.94442705799214,3.99490176500076,0.00328362356181586,-0.700330470849962,-200,0,0,0,0,0,0,1,149.181814951168,-0.208976661783017,81.9219012009805,0,0,0
291,-470.426208047226,-0.0828475334487521,-6.68900603532004,4.16007539053576,-0.000468686445275669,-0.67537867861851,-470.479463177631,-0.1568567547662,-6.66304304794024,4.14116166978424,0.00803193880431993,-0.670672580700904,-200,0,0,0,0,0,0,1,126.842759376838,-0.489480370899592,80.3933441659709,0,0,0
292,-466.19423454758,-0.0835556932879914,-7.35053145522472,4.30388830578116,-0.000947632173266525,-0.647744613134854,-466.098201688369,-0.0017298676033443,-7.26070927510743,4.30715626420374,-0.0167840900111628,-0.641106443152908,-200,0,0,0,0,0,0,1,101.480776956364,1.68186873632297,78.6320628655057,0,0,0
293,-461.830711797877,-0.0836580450724049,-7.98148404260348,4.42317693791294,0.000742928884022127,-0.614220396254734,-461.901940023056,-0.0594115491781535,-8.05955030317168,4.43633404020178,-0.00217354343987906,-0.613185645688943,-200,0,0,0,0,0,0,1,80.170476025934,0.336177442344213,77.4376651752376,0,0,0
294,-457.358139869198,-0.0827434529683025,-8.57629401659104,4.52198936612641,0.00108625592069936,-0.575448851578989,-457.321016670807,-0.0845597844444945,-8.44980672130239,4.53110270815506,-0.0012771348974353,-0.572232926865841,-200,0,0,0,0,0,0,1,61.5317625261091,0.296833058632519,74.1229061291889,0,0,0
295,-452.796052802256,-0.0815059016191187,-9.13110065495619,4.6022084889031,0.00138884737013415,-0.53420416520986,-452.793219599757,-0.0408094546446418,-8.86784658395145,4.6042120099199,0.00316243062490129,-0.53826032855425,-200,0,0,0,0,0,0,1,45.1652382075241,-0.234624153200846,71.5617260233279,0,0,0
296,-448.161841693293,-0.0802320950126502,-9.64339628811492,4.66623874733721,0.00115876644220846,-0.490418522195583,-448.218433317142,-0.100258136367814,-9.57950811782124,4.67016850700733,-0.00346768657120837,-0.489467174664644,-200,0,0,0,0,0,0,1,29.4200159335517,0.547284929856466,68.1057337021069,0,0,0
297,-443.471538248152,-0.0787980085431344,-10.1111297858257,4.71439394953971,0.0017094072625066,-0.445071750540527,-443.481656643801,-0.0059666274029913,-10.1396820880073,4.69385246575753,0.0172420193339223,-0.447406411711517,-200,0,0,0,0,0,0,1,17.578066711849,-1.71226867858625,65.0200053471663,0,0,0
298,-438.739105706192,-0.0779435089351802,-10.533155830437,4.75049729592048,-4.07482262202086E-07,-0.398997433868165,-438.786865428888,0.0542061938705038,-10.5253822489121,4.76398322098986,-0.00637622640351524,-0.392276956964759,-200,0,0,0,0,0,0,1,1.1754087587891,0.529210252610516,60.2784601943,0,0,0
299,-433.979019982315,-0.0776787135440496,-10.9087752944743,4.76970063411524,0.000529998733384166,-0.352249946869096,-433.918026732631,0.0557455674501126,-10.929563302602,4.76019507205612,0.00823504775648422,-0.366367757742107,-200,0,0,0,0,0,0,1,-8.18345374034953,-0.934995910548648,58.4959023794147,0,0,0
300,-429.204368989686,-0.0776159653667133,-11.2370119890391,4.77962844950494,-0.000404501951488813,-0.304227151748435,-429.129533990522,-0.0879493506464539,-11.1449094781145,4.78195166127417,0.00250445983129157,-0.315810408496106,-200,0,0,0,0,0,0,1,-19.9360981463726,-0.0745472818362495,53.8708598058395,0,0,0
301,-424.426017099948,-0.0780579556875778,-11.5175308783698,4.77710208631735,-0.000479477995304237,-0.25680798686593,-424.430300073505,-0.164052920502352,-11.4544116840952,4.76870855741303,0.00102420135273681,-0.247609855841583,-200,0,0,0,0,0,0,1,-28.0102555942933,0.225685705731022,47.6698089523487,0,0,0
302,-419.654934302654,-0.0784251507502378,-11.7522507282799,4.76508858383992,-0.000254911630144243,-0.212624238492206,-419.569060586678,-0.0837567176771776,-11.7719208058177,4.77039668557671,0.0159748549054168,-0.215963302393852,-200,0,0,0,0,0,0,1,-37.9015473843153,-1.42997205518733,45.1401718510207,0,0,0
303,-414.900878222867,-0.0793959848747952,-11.942356400244,4.74304904554652,-0.00168675552709078,-0.167574536373208,-414.940608198495,-0.0650195157074163,-11.9345428961216,4.74313821065154,-0.00304480712559032,-0.174327474251392,-200,0,0,0,0,0,0,1,-44.4326046681641,0.434519743973865,41.3018332173825,0,0,0
304,-410.172497639187,-0.0808666854645156,-12.0881269209071,4.71373682133425,-0.00125464449536504,-0.123950243508943,-410.244566675199,-0.0989528567340009,-12.1658271458441,4.72781369856561,-4.32795761096583E-05,-0.116075939092351,-200,0,0,0,0,0,0,1,-52.2922365061631,0.202233671078968,35.9392482009233,0,0,0
305,-405.477944850246,-0.0820217476644347,-12.1914764977469,4.67539218888813,-0.00105547933515295,-0.0827280770312803,-405.478404869417,-0.184411919171446,-12.1689892529833,4.67217197446162,-0.00058720180326986,-0.100178155892575,-200,0,0,0,0,0,0,1,-56.2603877073284,0.427544018669877,34.3557940952242,0,0,0
306,-400.823800321561,-0.0828651458397308,-12.2536402289368,4.63292021048756,-0.000631316203117737,-0.0415764684645164,-400.972825031736,-0.114870150258757,-12.2435760482856,4.63459674434988,0.000110127241897842,-0.0447369205902184,-200,0,0,0,0,0,0,1,-61.5140243715157,0.218727576327729,28.9608441555929,0,0,0
307,-396.215424428506,-0.083389026249574,-12.2762694472771,4.58385322810499,-0.000416443943979773,-0.00365572660389013,-396.135327020788,-0.0726401888281053,-12.2228380345068,4.57920984805112,-0.000244609575130475,0.00821060877821221,-200,0,0,0,0,0,0,1,-65.6503307635359,0.169741335169258,23.6246151911924,0,0,0
308,-391.658881746592,-0.0837227244514616,-12.2627378362109,4.52925195842478,-0.000250951538511192,0.0307479742161397,-391.680099782462,0.12188942526493,-12.0950878379702,4.53674608260061,0.0117007581199664,0.0487562831413407,-200,0,0,0,0,0,0,1,-70.314408695137,-1.4138546625265,19.3145473618063,0,0,0
309,-387.159793542106,-0.0846829346173694,-12.2159798081385,4.46894302829288,-0.00166946747349291,0.0627999672204167,-387.213346343427,-0.365801778593312,-12.19157063146,4.46574594706085,-0.00341786619087311,0.0438730838006804,-200,0,0,0,0,0,0,1,-72.1479020192307,1.07339017627393,19.9958328828519,0,0,0
310,-382.721710838539,-0.0858180971669057,-12.1364492362725,4.40724162398836,-0.000600856845106475,0.0962937394709322,-382.868755155443,-0.0539377601965171,-12.0249251744977,4.40198085272796,0.0100801850643349,0.0932092627274851,-200,0,0,0,0,0,0,1,-74.4605749619088,-0.90014298604046,14.7289240762468,0,0,0
311,-378.347236860637,-0.0868715468369763,-12.0254273577142,4.34172350182707,-0.00150604157438239,0.125784482204942,-378.291470386974,0.00522938670834135,-12.0942691075903,4.34840158823785,0.0110654485017819,0.127205817459698,-200,0,0,0,0,0,0,1,-78.2572180498371,-1.11700362359487,11.4679564692109,0,0,0
312,-374.040562371962,-0.0889387766292785,-11.8857167102276,4.2716417793043,-0.00262841803275021,0.153673544093833,-374.025437932059,-0.162394695022405,-12.1673624985861,4.27149318569128,0.0052957650595639,0.159566958632756,-200,0,0,0,0,0,0,1,-79.0984427050109,-0.20478711591158,8.3780291338966,0,0,0
313,-369.804833080448,-0.091672333990669,-11.7193226898462,4.19983183656928,-0.0028386950151767,0.179152065521256,-369.869526142698,-0.128615319409569,-11.8247043333033,4.1953105011119,-0.0179445418735769,0.167021677827475,-200,0,0,0,0,0,0,1,-79.791997825793,2.05168482617682,6.94724088385908,0,0,0
314,-365.641434999797,-0.0934879696714648,-11.5278954635585,4.12697885080151,-0.000792575952344305,0.203740446251471,-365.563252962507,-0.0441759618015844,-11.619340060166,4.11015541667173,-0.0153495100581343,0.187099260909146,-200,0,0,0,0,0,0,1,-79.8890357421598,1.6233029294166,4.52875402941738,0,0,0
315,-361.551298071654,-0.0934717032048476,-11.3128884745646,4.05330845925083,0.000825109670949933,0.226311963924025,-361.516798682691,-0.121490142126048,-11.2778328600008,4.05536999791863,-0.00549945273358506,0.220250969070393,-200,0,0,0,0,0,0,1,-82.5034024264818,0.792925557610603,0.530568812962393,0,0,0
316,-357.536695171406,-0.0922530701165557,-11.0766368161109,3.9759094068561,0.00161215760403805,0.246231618598321,-357.517575109727,-0.109207716371564,-10.9355894942896,3.96150889348854,0.00368193619152014,0.271206115058451,-200,0,0,0,0,0,0,1,-81.1157391294005,-0.149778186408887,-5.24943251726588,0,0,0
317,-353.59977800683,-0.0907187447228292,-10.823299307369,3.8979340895707,0.00145649418131797,0.260483909370075,-353.623982035461,0.0694377675569578,-10.8186660566355,3.89751235912914,-0.00882491547399895,0.261294082201853,-200,0,0,0,0,0,0,1,-82.5032718419922,0.743616012285979,-4.49207610691423,0,0,0
318,-349.741333143794,-0.0888934279952287,-10.5549967827185,3.8189654634673,0.0021941399099625,0.276162103492335,-349.844032843282,-0.0798515668898463,-10.6404843401345,3.80756347680335,0.0106355072175814,0.289179885689444,-200,0,0,0,0,0,0,1,-81.0682819937717,-0.903847587978447,-7.63701988867545,0,0,0
319,-345.961686483492,-0.0871541754433418,-10.2726159343384,3.74033602719825,0.00128436642228493,0.28864034182637,-345.863477468833,0.0478031459776541,-10.2344203598148,3.74616519996256,0.00735063868384383,0.290542088727402,-200,0,0,0,0,0,0,1,-82.8895650585897,-0.830670160339691,-8.58536815311067,0,0,0
320,-342.26166237303,-0.0862881806062089,-9.97777037787826,3.65972029844862,0.00044762290187565,0.301092467265538,-342.34357524093,-0.227764670967581,-9.92580464877307,3.68161666692559,0.00306355938051431,0.294077485608997,-200,0,0,0,0,0,0,1,-83.474516210698,0.14917340388373,-9.55613926335352,0,0,0
321,-338.642670294214,-0.0857690380000758,-9.67070400419536,3.57827167856582,0.000590663289660824,0.313082342451392,-338.659831352739,-0.201883849574422,-9.52561267741462,3.58908522583399,-0.00308886792347615,0.335512625938567,-200,0,0,0,0,0,0,1,-81.5888598779214,0.712654491496458,-14.5000372390275,0,0,0
322,-335.105063981596,-0.0848250929611483,-9.35416699221676,3.49694619572486,0.00129722811228587,0.320033631541867,-335.038505992249,-0.0580528915542532,-9.38224930792118,3.50232253912074,0.0159535445345036,0.322736327184706,-200,0,0,0,0,0,0,1,-80.1552419275746,-1.47924867034185,-13.5091341026282,0,0,0
323,-331.647923896213,-0.0842704741284369,-9.03033371732681,3.41733951831696,-0.000187989636160821,0.327673956385697,-331.786611036495,0.000852391758674104,-9.00634130938396,3.43291845491727,0.00317037119482096,0.328867359517632,-200,0,0,0,0,0,0,1,-79.718623418738,-0.318741902999444,-14.8740533329953,0,0,0
324,-328.270403842459,-0.0846208167005554,-8.69945295526281,3.33770549340451,-0.000512694646070303,0.3341285720059,-328.318393070508,0.0630679482484145,-8.70090927468827,3.32828484010763,-0.00542652263686997,0.318867351374336,-200,0,0,0,0,0,0,1,-76.1916978697465,0.416516367190168,-14.4849165880571,0,0,0
325,-324.970780849976,-0.084928105849495,-8.36242085176061,3.26154504514049,-0.000101882526587378,0.339974857082987,-324.901057073635,-0.0516670187588789,-8.40181200204026,3.245112318009,-0.00145620781716253,0.346093897596818,-200,0,0,0,0,0,0,1,-74.7091176536295,0.248954819234011,-17.8057657556012,0,0,0
326,-321.747183920453,-0.0849083412220254,-8.02123923809302,3.18565163071959,0.000141412575972797,0.342427406561666,-321.668364567219,-0.0418636310130418,-7.97591581909363,3.18628855289145,0.00165897917888734,0.347159909897993,-200,0,0,0,0,0,0,1,-75.292126154707,-0.0821706558626507,-18.7641593516121,0,0,0
327,-318.599911583674,-0.0848108740569797,-7.67783623864969,3.10889558771509,5.35229139724254E-05,0.344418009460719,-318.708974746131,-0.216278046964482,-7.76506282160626,3.10712820278553,0.00329357822442522,0.351267401790815,-200,0,0,0,0,0,0,1,-73.2948707862899,0.103198271486442,-19.596614535869,0,0,0
328,-315.528596265704,-0.0847085481467942,-7.33306221965524,3.03373693347573,0.000151129350426799,0.345168598713333,-315.562113501429,0.129956108082038,-7.3396737883386,3.04901026231289,0.00175907901836122,0.347234125820196,-200,0,0,0,0,0,0,1,-73.7767992284304,-0.435820118000197,-20.0440650053424,0,0,0
329,-312.532737744069,-0.0847781465105764,-6.98754752978302,2.95798194392577,-0.000290325250178961,0.345899593894533,-312.617944297378,-0.118085277768246,-6.97489867079,2.95290336987112,0.00721539517621015,0.346214395451448,-200,0,0,0,0,0,0,1,-70.0544483923563,-0.485368962084523,-20.6716422035648,0,0,0
330,-309.610994913334,-0.0853138463744799,-6.6421306560015,2.88550468640693,-0.000781074644432561,0.344971287069141,-309.587931195965,-0.23537752074125,-6.54633343532022,2.88822795418997,0.00530824026014422,0.332966334073113,-200,0,0,0,0,0,0,1,-69.6469330270671,-0.0600689845319216,-20.2039665366709,0,0,0
331,-306.761453530728,-0.0861276274500519,-6.29738325193921,2.8135792672419,-0.000846486357731305,0.34456032993052,-306.682277859505,-0.183663691239886,-6.25238618461156,2.81717329062044,0.013917419798466,0.345098952754486,-200,0,0,0,0,0,0,1,-68.3527733430328,-1.02441459736683,-22.0051229062255,0,0,0
332,-303.983544969054,-0.0874889631319751,-5.95400707795203,2.74223805441828,-0.00187618455844965,0.342228488201967,-304.076087545802,-0.0661998158401375,-5.98836774921946,2.75772187742424,-0.0202983188281655,0.329999851087211,-200,0,0,0,0,0,0,1,-67.6200126508209,2.16223151449682,-21.0232496102822,0,0,0
333,-301.276461086237,-0.088286639022722,-5.61252321092978,2.67193030783272,0.000280833749271148,0.340775151489348,-301.214056133116,-0.0665996033343245,-5.60810158198014,2.67654626595603,0.00388977439054108,0.342195815777011,-200,0,0,0,0,0,0,1,-65.2265143293703,-0.255778232385459,-23.0033784137408,0,0,0
334,-298.638913686309,-0.0881362342153024,-5.27373431689265,2.60316382273655,1.99765824808809E-05,0.336837728542208,-298.712705942184,-0.0669192625349645,-5.20502996276685,2.60129043273727,0.00434981505729033,0.347310365101046,-200,0,0,0,0,0,0,1,-62.7036313893588,-0.301142980659104,-24.3209765845709,0,0,0
335,-296.069188788315,-0.0882692904167677,-4.93984086137762,2.53628432162544,-0.000286089604403236,0.330983289634642,-296.217630790871,-0.0408775364871469,-4.93037369446654,2.51507591231631,-0.0147205658676077,0.324488744554699,-200,0,0,0,0,0,0,1,-59.072329649889,1.55381165973507,-22.5881270665368,0,0,0
336,-293.564343288766,-0.0877807913424998,-4.61153513716399,2.47340525740203,0.00126308993908723,0.325660240733398,-293.575590712656,-0.0242356131471208,-4.60899638521679,2.47339864821866,0.0104953789002111,0.314507828281545,-200,0,0,0,0,0,0,1,-60.1886833965542,-1.00106666372687,-22.2327900577209,0,0,0
337,-291.122839156759,-0.0870205879299357,-4.28809133909553,2.40960201320389,0.00025731806296865,0.321259844862714,-291.039010437285,-0.148237994519503,-4.19902910817101,2.40196029781721,-0.000441429525342331,0.334896048333244,-200,0,0,0,0,0,0,1,-58.1180089071505,0.340618941573239,-25.0915466169824,0,0,0
338,-288.744684987966,-0.0865952659489279,-3.97065546500245,2.34670371402854,0.000593326806159241,0.313643898982355,-288.813623135275,-0.158912056115686,-3.9684764765196,2.32153289088946,-0.0136838101172443,0.301093919487688,-200,0,0,0,0,0,0,1,-54.5260428183955,1.6862051239558,-22.1724389957296,0,0,0
339,-286.427237281467,-0.0851609872115289,-3.66002029484174,2.2881898662217,0.00227523190544858,0.307656229242513,-286.427241131355,-0.117322380257795,-3.80081041125495,2.2985587498465,-0.00168673813864569,0.310070985820578,-200,0,0,0,0,0,0,1,-57.0013927219396,0.40331857438016,-23.4054777595479,0,0,0
340,-284.169685338887,-0.0826863461744302,-3.35541434210577,2.22691211705025,0.00267405106370326,0.301586778612531,-284.276975547538,-0.0456588295177435,-3.38872871192527,2.23616979724604,0.00106377864681345,0.29346557292093,-200,0,0,0,0,0,0,1,-55.0630286295273,-0.0150602056458578,-22.5690998682424,0,0,0
341,-281.972362021075,-0.0800219985600655,-3.05674341859036,2.16773272140437,0.00265464519896937,0.295785091013151,-282.069908927867,-0.0127686235450683,-3.15352812661916,2.16910997866304,0.0239631421466277,0.291771182687586,-200,0,0,0,0,0,0,1,-52.7711800105697,-2.37077696757263,-22.8700620155203,0,0,0
342,-279.833209016244,-0.078554836157989,-2.76433817205468,2.11057100733316,0.000279680572609958,0.289054385919493,-280.054760827111,-0.113925625192163,-2.76467700926471,2.0843981353932,-0.00602915120599962,0.284757152601731,-200,0,0,0,0,0,0,1,-48.3302918850976,0.830766370984288,-22.9463612416437,0,0,0
343,-277.749168509671,-0.0778617089750604,-2.47941587292721,2.05750695994645,0.001106574771741,0.280817137722926,-277.683118210708,-0.21943297665048,-2.31484959570827,2.05602477344898,-0.00606626078185067,0.282371289808653,-200,0,0,0,0,0,0,1,-50.236240923483,1.04549203148603,-23.6074297894488,0,0,0
344,-275.719209101379,-0.0762343990724516,-2.20261231949477,2.00240890459913,0.00214804642278129,0.272817852593967,-275.583310468855,0.149862938047683,-2.0392015309266,2.00080524847087,0.00236508787144828,0.276901268054598,-200,0,0,0,0,0,0,1,-48.9139039093776,-0.536234663240193,-23.6117237436066,0,0,0
345,-273.743741390634,-0.0743564336588745,-1.93396694038531,1.94852338705971,0.00160788566993058,0.264500150973512,-274.016141807291,-0.0729081523444832,-2.08703834838669,1.95328075799084,0.0190380244409575,0.257590746983165,-200,0,0,0,0,0,0,1,-47.2957921845018,-1.75798613940678,-21.5849980015432,0,0,0
346,-271.821045608892,-0.0736294279581175,-1.67290901292151,1.89686573939492,-0.000153873704112041,0.257641811435832,-271.939345584868,-0.108057028698098,-1.68880187227996,1.8989664237665,-0.0110236918524037,0.249234874756429,-200,0,0,0,0,0,0,1,-46.0179512069141,1.31848324263657,-21.5458837310829,0,0,0
347,-269.949412996387,-0.073125901140777,-1.41884648612357,1.84639689350572,0.00116092820588829,0.250508728750199,-269.816521614425,0.119372135170609,-1.37153675386664,1.87584451169154,0.0100379921580663,0.247747797346746,-200,0,0,0,0,0,0,1,-47.9514079403043,-1.24254348614785,-22.0317062269413,0,0,0
348,-268.129245351112,-0.0725881593007829,-1.17171234825131,1.79393598431339,-8.54435380936991E-05,0.243785969951636,-268.093651593727,-0.0435170842255264,-1.24526835143624,1.78792562546983,-0.000263467620292901,0.248342181004518,-200,0,0,0,0,0,0,1,-42.6052593595282,0.113380930480343,-22.3436813975793,0,0,0
349,-266.359117024772,-0.0726186387308835,-0.932348882283921,1.74631720728869,2.44848730210638E-05,0.234964971322994,-266.335870302197,-0.034330645800228,-0.974626060236263,1.73403321220631,0.00320091363754965,0.236338528521473,-200,0,0,0,0,0,0,1,-40.7315806162379,-0.25143007215451,-21.6846007316747,0,0,0
350,-264.635625439817,-0.0727215214040819,-0.701773080520083,1.70066251982777,-0.000230251848695516,0.226209642885964,-264.473452646196,-0.0337806357819102,-0.777091980259032,1.69699544828476,-0.00464825360828986,0.214535718303762,-200,0,0,0,0,0,0,1,-40.7526395360835,0.532386632392806,-19.8993878698582,0,0,0
351,-262.957479084595,-0.0726872163792778,-0.479050169466499,1.65562761230223,0.000298859561682796,0.219258849829697,-262.966210930978,-0.0492197424113278,-0.658183396941857,1.65084083537291,-0.000987467083293491,0.220310577196366,-200,0,0,0,0,0,0,1,-39.1516616753363,0.197186193152005,-20.7146909257529,0,0,0
352,-261.323782560602,-0.0722913508727154,-0.263885045025395,1.61176224322557,0.000492869733086765,0.211093462005962,-261.243071965749,-0.178937053377355,0.0466996712207873,1.61286334956884,0.00919693545551234,0.212399137539616,-200,0,0,0,0,0,0,1,-38.8001910253859,-0.561819438796524,-21.3333130964032,0,0,0
353,-259.733912482092,-0.0720809710502119,-0.0571715795624058,1.56797442840274,-7.21120506936228E-05,0.202355456535159,-259.628706629403,-0.173473394722927,-0.00774820228893099,1.54692658352007,0.00442786655025903,0.214760495867389,-200,0,0,0,0,0,0,1,-35.4352450932008,-0.0958398655800495,-21.4605531821611,0,0,0
354,-258.186302545779,-0.0722024644064981,0.140185003722362,1.52724134051676,-0.000170876494969846,0.192378177089887,-258.076942167324,-0.0897936525555756,0.143108103254739,1.54056053411615,0.00487900726609864,0.185262811156925,-200,0,0,0,0,0,0,1,-37.9021690769673,-0.308313421498713,-18.812497322202,0,0,0
355,-256.680088846291,-0.0725290223335439,0.329314124096308,1.48518364458187,-0.000482241675931931,0.185901139038187,-256.735037684221,-0.221555880349875,0.292984477666956,1.46802251660745,-0.00883296592832868,0.175866010054067,-200,0,0,0,0,0,0,1,-33.3321762923033,1.32640835353262,-18.1725699607406,0,0,0
356,-255.213701116748,-0.0723494157158656,0.511472199561844,1.44758890307437,0.000841452837763293,0.178433880000229,-255.35078597862,-0.117741944594619,0.543889481415262,1.46185190545252,0.0119238485055145,0.174347876753479,-200,0,0,0,0,0,0,1,-35.4836185880115,-0.956900961362208,-18.5225666381785,0,0,0
357,-253.785979686617,-0.0719878489203193,0.686460353958779,1.4078513209453,-0.000118321943839207,0.171562308358067,-253.909515715725,-0.0861736204726091,0.731385865879632,1.39373107633929,0.00462880282809353,0.173082126673427,-200,0,0,0,0,0,0,1,-31.5540762024788,-0.290533041864135,-18.7709843991019,0,0,0
358,-252.396229426847,-0.0722527352879821,0.853783585800456,1.37164577570136,-0.000411452982669759,0.163102285376645,-252.570859279745,-0.0688235392515411,0.880161252704572,1.34886974178757,-0.00455568578235387,0.145279609524342,-200,0,0,0,0,0,0,1,-29.7452556192683,0.593215656738469,-16.2882834578434,0,0,0
359,-251.041389801763,-0.0723687910691204,1.01351075175128,1.3380308795673,0.000179339555172144,0.156368891062773,-251.023357005098,-0.0481786202693174,1.08083744298347,1.33284571471279,0.00124173334385562,0.16031022215118,-200,0,0,0,0,0,0,1,-31.2378574610822,-0.0278160938469271,-18.192697101085,0,0,0
360,-249.72122325009,-0.0722046410374847,1.1659548347637,1.30229908340774,0.00014895869953396,0.148537118927434,-249.646780087539,-0.131764506406883,1.1490112447175,1.31794031997803,-0.010903522286109,0.148006197762564,-200,0,0,0,0,0,0,1,-32.5004718227258,1.35388124142466,-17.0986422656914,0,0,0
361,-248.437175436546,-0.0713800583370314,1.31136583985009,1.26579416488469,0.00150020525855431,0.142303078450742,-248.283260475034,0.0720327920740064,1.3567388025885,1.26262492575279,-0.00650261562190296,0.159068212265719,-200,0,0,0,0,0,0,1,-29.6959716252104,0.506195978042283,-18.6202988317488,0,0,0
362,-247.188630522232,-0.0696279852252359,1.4493616734639,1.23129212630284,0.00200393861744723,0.133705776274726,-247.214131487867,-0.413003753320154,1.38537304579903,1.23294976735364,-0.00157558441588322,0.140103005461838,-200,0,0,0,0,0,0,1,-28.8667137596302,0.98356594822863,-16.7810466377819,0,0,0
363,-245.973865238236,-0.0671334474519597,1.57950481008234,1.19823561475212,0.00298513505186156,0.126596956346287,-246.117241673251,-0.0365667598480373,1.74272244721992,1.20288277406689,0.0193943935503528,0.129181741428191,-200,0,0,0,0,0,0,1,-28.053794060187,-1.86630583533921,-16.403619037259,0,0,0
364,-244.791717118127,-0.0650826164740072,1.70260812659837,1.16605785370989,0.00111652467557513,0.119625683841888,-244.720816153604,0.0181281251617997,1.49996895594262,1.15802988794422,-0.0192969694773705,0.111713090489706,-200,0,0,0,0,0,0,1,-26.361356487215,1.89344069741345,-14.1712469608558,0,0,0
365,-243.640546897185,-0.063020441881236,1.81949670671064,1.13628053649716,0.00300782278366388,0.114166295270815,-243.853809907981,-0.0897926643296894,1.81267681761863,1.13109390029051,-0.0129776310276178,0.119079075015331,-200,0,0,0,0,0,0,1,-25.4017702130888,1.47734843142116,-15.5332611367704,0,0,0
366,-242.518977481485,-0.0592749938854677,1.93015755654941,1.10685548886637,0.00448307197808083,0.107170029358298,-242.649374224626,0.159760684004685,1.97568142748965,1.10628477403111,0.0176821317893284,0.0911081079077492,-200,0,0,0,0,0,0,1,-25.3297289538592,-2.08773454694222,-13.0621736457542,0,0,0
367,-241.426334147946,-0.0558368125090445,2.03499318591832,1.07842949374961,0.00239328893231102,0.102515347369967,-241.394929722444,-0.151198723282972,2.09051452425927,1.07456849182117,0.0101147383946352,0.0955634528038744,-200,0,0,0,0,0,0,1,-24.6669897372296,-0.709076392897581,-13.737374328906,0,0,0
368,-240.361945807583,-0.0537990662856665,2.13477742355364,1.05034511125664,0.00168219887027507,0.0970670566780285,-240.286710777211,-0.199188270114636,2.32941430250203,1.04216424090361,0.0100965760090031,0.0996078840485408,-200,0,0,0,0,0,0,1,-23.6430025359395,-0.61128106067104,-14.6196170098581,0,0,0
369,-239.325345626356,-0.0524234853310465,2.22855078484239,1.02285262123526,0.00106896093224981,0.0904932885919867,-239.356859267529,0.0713181953321587,2.16609379185638,1.01449071510843,0.00146081019341749,0.0996845307018902,-200,0,0,0,0,0,0,1,-22.7353529757857,-0.288717410006067,-14.3006406539018,0,0,0
370,-238.315765611927,-0.051499825230126,2.31576304120932,0.996304781960115,0.000778357298858128,0.083944367594448,-238.276820932932,-0.198364326621604,2.34152368976554,0.990885605484848,-0.00411893978029724,0.0851077255914238,-200,0,0,0,0,0,0,1,-22.5349186826201,0.808622631272932,-13.1938199386735,0,0,0
371,-237.332434676253,-0.0503180815109365,2.39693725193241,0.970354945381906,0.00158512843450591,0.078416888466441,-237.432759163056,-0.112237623560135,2.41631643866303,0.978650976032592,-0.000333954926906062,0.0653702751624512,-200,0,0,0,0,0,0,1,-22.9995792771468,0.257870739810876,-11.3696603935712,0,0,0
372,-236.374920162933,-0.0486049430842455,2.47355323491745,0.944672860322945,0.00184114817345037,0.0748277597907084,-236.154275682661,0.0260639397765237,2.43807921510111,0.945811650101917,0.00618166159354566,0.0777815351112314,-200,0,0,0,0,0,0,1,-22.27261364487,-0.670294038907614,-12.6543119413253,0,0,0
373,-235.443006308498,-0.04709985196161,2.54588499891658,0.919152949379872,0.00116903131285541,0.0698483515723817,-235.220725889662,0.0423715499936789,2.49568124554356,0.927966734195892,0.00155331620650711,0.0667530109592151,-200,0,0,0,0,0,0,1,-22.3552216402654,-0.240074720638069,-11.6666635870086,0,0,0
374,-234.536463594929,-0.0460517626113544,2.6137459587207,0.893931057849629,0.000927146092626552,0.0658859889475946,-234.69667674363,0.00262910062592504,2.81983556375885,0.882340064034498,-0.0165672205015841,0.0659265307906064,-200,0,0,0,0,0,0,1,-18.8406529161895,1.65146384890656,-12.2323242065783,0,0,0
375,-233.653639979201,-0.0442996688166024,2.676734890546,0.871713871770154,0.00257703979880054,0.0601028325528383,-233.699725230759,-0.0820813551466155,2.72242723456542,0.857478659119168,0.00806709192071701,0.0475688645432565,-200,0,0,0,0,0,0,1,-18.3484154503983,-0.642546481778471,-10.2017409234565,0,0,0
376,-232.792416319553,-0.0420446499650321,2.73481135845371,0.850731973804712,0.00193299576742422,0.0560604525086832,-232.921295625912,-0.018044649304665,2.63452078493918,0.856644099653583,0.00816013726506678,0.0438684778867217,-200,0,0,0,0,0,0,1,-19.8218187135339,-0.779924427897348,-9.65588935855052,0,0,0
377,-231.952749443156,-0.0405024114548437,2.78941664284626,0.828600844711801,0.00115147872247458,0.0531609977134763,-231.931413297073,0.0488712828767367,2.78902654856318,0.836285041019461,-0.0128060591723145,0.0460343374863309,-200,0,0,0,0,0,0,1,-19.7656775078002,1.18286335147797,-10.1814868457595,0,0,0
378,-231.135294123679,-0.0387602992131833,2.84090246217876,0.806308641295168,0.00233274376315721,0.0498215820372211,-231.027835624566,0.00175371700404449,2.94704068277242,0.814489677377407,-0.0156854343552744,0.0600987918267976,-200,0,0,0,0,0,0,1,-19.3932964886095,1.56503600151935,-11.9039605482246,0,0,0
379,-230.340302882265,-0.0356458373875076,2.88821679122382,0.783671886940509,0.00389617624244937,0.0448181633545723,-230.436950825906,-0.0217751647196018,2.87510785637533,0.789981597417218,-0.0109134097966376,0.0398926352105829,-200,0,0,0,0,0,0,1,-18.12425808991,1.13489130910297,-9.73947923380895,0,0,0
380,-229.566943748343,-0.0311829513297064,2.93130443750259,0.763045156855486,0.00502959452420354,0.0413672383927385,-229.569078362607,-0.154338423462686,2.95390092642218,0.773065728684574,0.00496449688879,0.0165406461682701,-200,0,0,0,0,0,0,1,-18.1684161432427,-0.187772841953627,-7.56186646967137,0,0,0
381,-228.813804086058,-0.0262479602704952,2.97198001757784,0.743233928429275,0.00484038568210975,0.0399936265199105,-228.918347632561,0.135113675354558,3.09272538594607,0.730999618471816,0.00047793040207171,0.0424092549370683,-200,0,0,0,0,0,0,1,-15.2632665820598,-0.318020390916286,-10.426376265599,0,0,0
382,-228.079711464093,-0.0215672248642718,3.00941998364296,0.724949290692143,0.00452108375398905,0.0348952652649755,-228.014282759158,0.116945916361437,2.85082049523013,0.710078014491804,0.00702107494420299,0.0207654391480105,-200,0,0,0,0,0,0,1,-14.9792359308652,-0.935999327143174,-7.77818490526132,0,0,0
383,-227.3632525877,-0.0175147458866333,3.04294683629579,0.707967561541696,0.00358387201870177,0.032166761522209,-227.39941736558,0.0501503746568111,3.05286324230494,0.709988092735072,-0.00380697743928187,0.0272974613076175,-200,0,0,0,0,0,0,1,-16.1999745423471,0.280396994614565,-8.83547261537162,0,0,0
384,-226.664548680946,-0.013791333634426,3.07352861721356,0.689439139397879,0.00386294998315872,0.0290058474880157,-226.500485472152,-0.0613990288051652,3.10055338769303,0.685062889152498,0.0210925457117241,0.0281461946920328,-200,0,0,0,0,0,0,1,-15.5053179709463,-1.98645651356208,-9.01572624458935,0,0,0
385,-225.984094035166,-0.0109222470404901,3.10075522893587,0.671468848987131,0.00187522068903206,0.0254561402550177,-225.935882208506,0.204931416488808,3.03165827016185,0.661827223935958,0.0275701870482633,0.0232405869612591,-200,0,0,0,0,0,0,1,-14.3109579765835,-3.16688153780394,-8.38737523644962,0,0,0
386,-225.320940526655,-0.0106310543108603,3.12450723403222,0.654836929932044,-0.00129283680617528,0.0220559844774737,-225.461824953601,0.156091935032907,3.13025209371157,0.648998775355482,-0.00725209651094098,0.0103832519923579,-200,0,0,0,0,0,0,1,-13.9762276283452,0.413025781028284,-7.29882938665893,0,0,0
387,-224.67405110143,-0.0117179430451851,3.14531483545716,0.638941110057303,-0.00088094302305177,0.0195669704532009,-224.893072035909,-0.00833295926218192,3.16950429981615,0.637019329239453,0.00247953773549257,0.00911959943014862,-200,0,0,0,0,0,0,1,-13.9157888521273,-0.231287855024893,-7.25096854264717,0,0,0
388,-224.043022610278,-0.0127150920635689,3.16366642536136,0.623115086932208,-0.00111335767759407,0.0171439158885521,-224.09915097238,0.0441686334468131,3.1987753864164,0.626069936362429,-0.010950417124343,0.0216422850594317,-200,0,0,0,0,0,0,1,-14.4086916914826,1.00670444554068,-8.56177927877597,0,0,0
389,-223.428312195654,-0.0133256888001059,3.17911754548302,0.606304499320767,-0.000107839390750134,0.0137664825238145,-223.373145185475,0.0408164470656864,3.13819868520193,0.625441405265607,-0.00822085931279645,0.00774647349031691,-200,0,0,0,0,0,0,1,-15.7978501556113,0.740453037148273,-7.05104471943556,0,0,0
390,-222.830746479932,-0.0130639292384872,3.1921872230605,0.588826626076755,0.000631356229188306,0.0123813344884552,-222.841523903397,0.0233083461898451,3.37534056131143,0.587411317987271,0.00931335409808977,0.00573952952994833,-200,0,0,0,0,0,0,1,-13.0580839919331,-0.977952102188667,-7.3246340756177,0,0,0
391,-222.249462150759,-0.0129220812014814,3.20321765121318,0.573741099335996,-0.000347662823657554,0.00968683612028759,-222.346387514322,-0.275222453669418,3.13813009332285,0.584047540973717,-0.000345834225720201,0.00549216178414202,-200,0,0,0,0,0,0,1,-13.7119790687271,0.585028329910856,-6.82547636505991,0,0,0
392,-221.683463836582,-0.0129777807919522,3.21193625631371,0.558254952752107,0.000236261098207768,0.00775786556832944,-221.575255383215,-0.0781978626087633,3.0786891063725,0.570803852247378,-0.0139452747369425,0.0141057804592418,-200,0,0,0,0,0,0,1,-13.9298744583069,1.55092319891177,-7.56795625866917,0,0,0
393,-221.133203851009,-0.0119666239065061,3.21845344597052,0.542264178882404,0.00178605063873513,0.00528423093097263,-221.063435689078,-0.0417435859832292,3.13142357295603,0.54514329506962,0.00841203673400047,0.011256966292581,-200,0,0,0,0,0,0,1,-12.3874581288055,-0.757716501433589,-7.38854377517016,0,0,0
394,-220.598196187127,-0.0105599405463988,3.22228796666072,0.527750107301333,0.00102731386519462,0.0023918182339189,-220.513477247065,-0.147440573149845,2.98044274421062,0.508810472080622,0.00913592595494263,0.0195377218790261,-200,0,0,0,0,0,0,1,-9.85409271393183,-0.618711449194574,-7.91465767632386,0,0,0
395,-220.076656706714,-0.00984240635226163,3.22249396153645,0.5153271098385,0.000407753216746654,-0.00197381989593937,-220.00247745001,0.0874993427848697,3.24490482420826,0.495230789390324,-0.000398702439712296,0.0332447945739855,-200,0,0,0,0,0,0,1,-9.51812403901297,-0.13512844159851,-9.81428910581507,0,0,0
396,-219.56778064665,-0.00950264631411585,3.21741690161207,0.502422401706774,0.000271764503850291,-0.00817407716378529,-219.65799126968,-0.210842420139882,3.2574272908603,0.496959433891996,-0.00934533460347287,-2.59132889423534E-05,-200,0,0,0,0,0,0,1,-10.3799608498392,1.35621830062705,-6.51226325282637,0,0,0
397,-219.071533550858,-0.00855320216367917,3.20784085171731,0.490070780716672,0.00162712194576602,-0.010972071673636,-219.075771648873,0.127520524120853,3.17383166221538,0.476450390174341,0.00672873602733243,-0.0179936308264005,-200,0,0,0,0,0,0,1,-9.49349571968907,-0.92791465097495,-4.54830024179071,0,0,0
398,-218.586833578546,-0.00739041695140583,3.1961979379947,0.479328839599405,0.000698445933294736,-0.0123085705978243,-218.652130316948,0.228522964388153,3.10617137547798,0.480821798601004,0.00161845338562593,-0.0281461504245908,-200,0,0,0,0,0,0,1,-10.7779192262042,-0.618891267338899,-3.39772770849688,0,0,0
399,-218.11322505825,-0.00700183149021999,3.18402269955869,0.467888629628975,7.87228714037428E-05,-0.0120364016077564,-217.988050741069,0.0999180098544841,3.16069953272958,0.468763999958357,-0.00661331513633427,-0.0183980007584091,-200,0,0,0,0,0,0,1,-10.900298513698,0.461495493924459,-4.48159898961824,0,0,0
400,-217.651334760533,-0.00669279013102751,3.17166768513869,0.45589196296229,0.000539357843007378,-0.0126678685734027,-217.505283146901,-0.127578790088434,3.10412873499619,0.470152208916161,-0.0160400397663546,-0.0316990883623077,-200,0,0,0,0,0,0,1,-12.0046545978148,1.85916155681233,-3.03834863376161,0,0,0
401,-217.201645768349,-0.0052243068671007,3.15958380092939,0.44348686007636,0.00239760669023366,-0.0114939582343747,-217.151549757766,0.0660320195853842,3.19173548680364,0.440059072665599,-0.00733400590833338,-0.0160801566145087,-200,0,0,0,0,0,0,1,-9.70280775102855,0.60133655166257,-4.77545531215642,0,0,0
402,-216.763671434966,-0.00252642079219323,3.14742442330317,0.432461468567311,0.00299816274703415,-0.0128195117906457,-216.698489762077,0.00718667881464096,3.11671526160933,0.430782998782348,0.00457491158970444,-0.00947408201572738,-200,0,0,0,0,0,0,1,-9.68132035407983,-0.471864516599726,-5.28602232164593,0,0,0
403,-216.336819638312,0.000235416645007411,3.13371861535301,0.421241572656342,0.00252550985594742,-0.0145867410413519,-216.288680177854,-0.0328835322784182,3.07279407950016,0.419101991590995,-0.006281585807963,-0.0211486388061749,-200,0,0,0,0,0,0,1,-9.33283880339172,0.693925645353136,-4.03072427838284,0,0,0
404,-215.920769970227,0.00310752122989053,3.11876003124914,0.410857691599705,0.00321869514208534,-0.0153254614303077,-215.804602561568,0.0140551611167606,3.06313596677572,0.398166867087573,0.0117294442869222,-0.00722052887912588,-200,0,0,0,0,0,0,1,-8.20748158562206,-1.20105475092575,-5.40421904563886,0,0,0
405,-215.514878997511,0.00572534724426069,3.10221885994017,0.400923387209839,0.00201695500373265,-0.0177521331895203,-215.389093295352,0.143656672998496,2.92838912160278,0.398544324528972,0.0151803688942623,-0.0204020300799767,-200,0,0,0,0,0,0,1,-9.07624586219232,-1.80535023542322,-3.8165752352079,0,0,0
406,-215.118988159218,0.00683926936903156,3.08416794010993,0.390858276692465,0.000210886679540115,-0.018344905638354,-215.200945392139,0.0766227014381089,3.05933328507091,0.384402295280602,-0.0146837027093809,-0.00518759606880702,-200,0,0,0,0,0,0,1,-8.03833874378305,1.31512486806188,-5.59990696326112,0,0,0
407,-214.733064302444,0.00770738088280756,3.06451167145735,0.380988473987879,0.00152533461643627,-0.0209629303135649,-214.662297605528,-0.0584595080250978,3.18399302981427,0.379134950692311,0.00172175542318871,-0.0291357629628874,-200,0,0,0,0,0,0,1,-8.58889985817494,-0.0552565262686758,-3.45440976333979,0,0,0
408,-214.356813270985,0.00920474986080281,3.04334080322731,0.371513652155377,0.00146940145737818,-0.0213742967881908,-214.250116588502,0.0067234870775696,3.17117719478506,0.373154047922875,-0.000936734852988319,-0.0342211741493765,-200,0,0,0,0,0,0,1,-8.81517161528278,0.0802265111436927,-2.92023697463248,0,0,0
409,-213.990027349353,0.010713924038588,3.02206199851807,0.362058535144067,0.00154894504380805,-0.0211788211292832,-213.890827200565,-0.0255120762442659,3.01304185002077,0.362438669094756,-0.000767668385347422,-0.0270418090407637,-200,0,0,0,0,0,0,1,-8.46221250834587,0.127790991023274,-3.32190279596516,0,0,0
410,-213.632619974758,0.0123264327886926,3.00073568540642,0.352756324673541,0.00167607088826921,-0.021469391659309,-213.856698477275,0.103199475399699,3.10629077573305,0.34099778965151,-0.00267732822756165,-0.00446590590223673,-200,0,0,0,0,0,0,1,-6.38638201060152,0.0613338719567664,-5.76599096124244,0,0,0
411,-213.284088824463,0.0140328905906096,2.97758624768277,0.344304658194812,0.0017368426528636,-0.0248254721708411,-213.374471937101,-0.0383286891817072,3.14259964665525,0.339332681963583,0.00206747733934947,-0.0458754005970032,-200,0,0,0,0,0,0,1,-7.18432432215707,-0.130090355571532,-1.69765923361019,0,0,0
412,-212.943515209227,0.0157044173193347,2.9531049578205,0.336843133247604,0.00160620830775787,-0.0241335656099413,-212.841515739618,0.0403805610965403,3.01550596445343,0.315865687351396,-0.00539282756864989,-0.0238202334733328,-200,0,0,0,0,0,0,1,-5.90353725590263,0.458521634671908,-3.64898858157359,0,0,0
413,-212.610234471488,0.0175396432469891,2.92817115911188,0.329717836260602,0.00206424134366748,-0.0257306510966388,-212.677327530636,-0.000459617268202869,2.91604631731733,0.334884769995024,0.00486382704728785,-0.0265597812722906,-200,0,0,0,0,0,0,1,-8.13382193822962,-0.485463470192379,-3.1761145074056,0,0,0
414,-212.284989983209,0.0193608343032052,2.902337667508,0.32077128027526,0.00157813884617729,-0.0259321102053703,-212.337053148407,-0.110771204658319,2.87497412590706,0.313532665328174,0.00784636213228335,-0.0463106933577236,-200,0,0,0,0,0,0,1,-6.6791602360031,-0.563093803911698,-1.11887891604176,0,0,0
415,-211.967595999925,0.0206571789366799,2.87693719455829,0.314017409850706,0.00101454778347265,-0.0248656382198223,-212.017704246528,0.0900321615296581,2.72828979063525,0.302385153393633,0.00844653206166967,-0.0261429498228835,-200,0,0,0,0,0,0,1,-6.20310684630744,-1.02471752922628,-2.84228459898215,0,0,0
416,-211.657105420173,0.0211591214000392,2.85173177896683,0.306963661758749,-1.06648318714633E-05,-0.0255418606911725,-211.802142249809,-0.0664658317715449,2.99844323116058,0.284260136868536,0.00784021902638869,-0.0357169719108993,-200,0,0,0,0,0,0,1,-4.82172918723618,-0.651090239095779,-2.42518927123124,0,0,0
417,-211.352955241135,0.0208227183319811,2.82575394379959,0.301336516453715,-0.000662143891165736,-0.0264111437433414,-211.387531906766,0.0519920057741406,2.71912127680825,0.301864735729264,-0.0075547953319447,-0.0294545028397331,-200,0,0,0,0,0,0,1,-7.41140975939396,0.651495521646188,-2.4927922696432,0,0,0
418,-211.055617716711,0.0204860360805147,2.79943802257709,0.293338841056795,-1.12232371511706E-05,-0.0262169432807388,-210.90730176706,0.10605598795149,2.68542508936554,0.299194335880528,0.00103150056079872,-0.0163920999717848,-200,0,0,0,0,0,0,1,-8.10483005393246,-0.315262031982852,-3.73164018155259,0,0,0
419,-210.766855592493,0.0203168594413882,2.77291644932585,0.284185343679897,-0.000327132471132598,-0.0268219178914478,-210.911503693831,-0.0839720356758105,2.80767500679396,0.284013411663754,-0.00806897718774711,-0.0264091898028136,-200,0,0,0,0,0,0,1,-6.5783337787127,0.974841790126332,-2.97443103330657,0,0,0
420,-210.486395334047,0.020476886493353,2.74581702713472,0.276735130615246,0.000647185014056192,-0.0273734324744734,-210.610072045074,-0.00601555338178894,2.6429822937224,0.289401936223393,0.00614803804778647,-0.0169820339170643,-200,0,0,0,0,0,0,1,-7.72004953219042,-0.602772698015069,-3.58776119573838,0,0,0
421,-210.214032621652,0.0208223782801975,2.71814527103965,0.267990230169725,4.37952247400684E-05,-0.0279659946635606,-210.163614426964,0.0726094498689874,2.90859448727793,0.269726833315741,0.00744035425652563,-0.0323553087007276,-200,0,0,0,0,0,0,1,-6.64545447764605,-0.889254325390538,-2.58165810448311,0,0,0
422,-209.94971335337,0.0204212865611016,2.69011556890425,0.260648455031437,-0.000845980947874148,-0.0280899786748652,-210.00895434235,-0.0041372274263733,2.65832208968999,0.265041559086732,0.000849064863679645,-0.0274204122414174,-200,0,0,0,0,0,0,1,-6.48624722397296,-0.0766320315152179,-2.57460295523824,0,0,0
423,-209.692662127387,0.0195367357352127,2.66194098910289,0.253454122557811,-0.000923123331146014,-0.0282558235346684,-209.636551574592,-0.0594569075243913,2.65019491203783,0.229949663621472,0.00163575390918964,-0.0174469547178829,-200,0,0,0,0,0,0,1,-3.7218632129634,-0.0446615758701817,-3.55569435228738,0,0,0
424,-209.441770960827,0.0185911173138458,2.63257038038352,0.248327384991981,-0.000968116097137224,-0.0304829940976506,-209.406844542242,-0.0487790445448925,2.69449123579121,0.253319438106824,0.00404306952181114,-0.0368297540805435,-200,0,0,0,0,0,0,1,-6.51825472619759,-0.306748863091329,-1.70600706352807,0,0,0
425,-209.196868113672,0.0174693796006471,2.60241932431123,0.241478812405939,-0.00127536157206055,-0.0298159306092481,-209.117311366109,0.0170399559050678,2.48600581615472,0.248968203322172,-0.0248212385196291,-0.0457097426470618,-200,0,0,0,0,0,0,1,-6.66219759999955,2.44804394015277,-0.401037367603251,0,0,0
426,-208.958593887872,0.0174177998284427,2.57356391042264,0.235070714998966,0.00117219954766711,-0.0278919186076244,-208.76670143063,-0.00247678258609087,2.55322411544907,0.242979599519337,0.00561655680805131,-0.0515646840829523,-200,0,0,0,0,0,0,1,-6.76455709067405,-0.556702115632949,0.0500201773970907,0,0,0
427,-208.726672374705,0.018311408094431,2.5468667564456,0.228773598676096,0.000615015642158484,-0.0254994625442052,-208.619803240657,0.214345442481694,2.36529177440239,0.226242684045778,-0.00159788031801716,-0.0148801187882542,-200,0,0,0,0,0,0,1,-5.3846619232641,-0.268902853161672,-3.24257166997936,0,0,0
428,-208.501140911353,0.0187917512303379,2.52078843661563,0.222288985907296,0.000345668719002549,-0.026654166728888,-208.312709541233,-0.0103176139792795,2.55082451032057,0.222642790837978,0.0181504686556832,-0.0159204615307144,-200,0,0,0,0,0,0,1,-5.63886000133179,-1.79441163760976,-3.50960286756969,0,0,0
429,-208.282267691398,0.0182399808843558,2.49349983459061,0.215457060515943,-0.00144921004702103,-0.0279198745820049,-208.047420379955,-0.0119342556175743,2.26684005326891,0.217503864924415,-0.0020610534417434,-0.0328912880501701,-200,0,0,0,0,0,0,1,-5.65554573253064,0.229973855409489,-1.24455130152082,0,0,0
430,-208.069739568471,0.0169055453392429,2.46597700863968,0.209599730814571,-0.00121966272750811,-0.0271230657075808,-208.016806116223,0.190170659242324,2.38236275480051,0.206424619273554,0.0052642028338913,-0.0340232158106687,-200,0,0,0,0,0,0,1,-4.60884969490976,-0.906761601873777,-1.36240392853415,0,0,0
431,-207.862622569394,0.0152323251313906,2.43897670618179,0.204634557292484,-0.00212677834663554,-0.0268752398116096,-207.858944818024,-0.182475381053811,2.45416200376064,0.197374451750362,-0.0132403699924523,-0.0101274611233505,-200,0,0,0,0,0,0,1,-4.01955553898787,1.68898776135285,-3.89557789518622,0,0,0
432,-207.660761609616,0.0139498625742365,2.4109638633955,0.199086499569625,-0.000438149295794174,-0.0291478850064841,-208.018140811572,0.00347173325055479,2.41596542968943,0.201296399231578,0.00534058882873898,-0.0226622786607388,-200,0,0,0,0,0,0,1,-4.09335830001407,-0.541002349375008,-2.56570299330498,0,0,0
433,-207.464191739814,0.0132410436715708,2.38129937483936,0.194052944702587,-0.000979491079687488,-0.0301787714428811,-207.473798271593,0.0630729650675544,2.4462562192545,0.183022787495898,-0.00472729596981825,-0.0228681396614756,-200,0,0,0,0,0,0,1,-3.35468220640394,0.346583666846716,-2.60569847236143,0,0,0
434,-207.272333663165,0.0124347019856287,2.35043018772816,0.18966275352293,-0.000633194873079422,-0.0315575780757046,-207.104084370041,0.137241911676089,2.38957011603494,0.182601432545358,-0.000667167189288542,-0.0332185696957248,-200,0,0,0,0,0,0,1,-4.05197451445335,-0.207767104423324,-1.45728326249741,0,0,0
435,-207.084926296998,0.0116974665954,2.31885741864144,0.185152137922821,-0.000841278007662649,-0.0315858834288691,-207.105055936619,-0.00747309520420564,2.23793603639856,0.193065108891748,-0.0123785111140277,-0.0364927524259531,-200,0,0,0,0,0,0,1,-5.09639901593768,1.25279730181118,-0.826596830201802,0,0,0
436,-206.902357885938,0.0114823989366788,2.28777645862601,0.179985312346639,0.000411140367877393,-0.030573667110075,-206.971100309596,-0.0829250345687548,2.29277398432267,0.181327522938394,0.0181735009689754,-0.0429689173105955,-200,0,0,0,0,0,0,1,-4.19055167464737,-1.65150002776003,-0.288656237585795,0,0,0
437,-206.724429091788,0.0110676380937543,2.257755102693,0.17587294555857,-0.00124066401725048,-0.0294671569152372,-206.711653255867,-0.0627762569162041,2.21610241656097,0.172055441240479,0.00577541850066892,-0.0407721130107728,-200,0,0,0,0,0,0,1,-3.78223761231296,-0.451989336234484,-0.354993532044657,0,0,0
438,-206.550442525353,0.00960084221216835,2.2287255372825,0.172100749990586,-0.00169292980364234,-0.0285902421657216,-206.455776766043,0.141757666327413,2.05778837661929,0.166987066242858,0.0104546729444918,-0.0295048539656736,-200,0,0,0,0,0,0,1,-3.78715309219936,-1.32898262710401,-1.16509135667121,0,0,0
439,-206.38040887645,0.00724327598743231,2.200216425601,0.167966783996056,-0.00302220417617195,-0.0284260871099697,-206.298335414215,0.0104033639917728,2.15745839572655,0.171923542220431,-0.0162177662635972,-0.0212757371895176,-200,0,0,0,0,0,0,1,-4.59568339361397,1.60096989837617,-2.18734307250133,0,0,0
440,-206.215098321091,0.00502137379846278,2.17159984805968,0.162654315395091,-0.00142160258282817,-0.0288046422042637,-206.139182358213,0.253153135364105,1.96404093390534,0.167086590792741,-0.00685221302866313,-0.028215862025121,-200,0,0,0,0,0,0,1,-4.43029436284887,0.178915032138103,-1.10649566529857,0,0,0
441,-206.054784890914,0.00368906176582331,2.14305858732725,0.157972940950828,-0.00124302410947183,-0.0282757437849668,-206.183338091044,-0.0242126851304146,2.1590515903916,0.146069288965735,0.00682593836010003,-0.00745753116692571,-200,0,0,0,0,0,0,1,-2.24025271448618,-0.634168465749174,-3.57235006409063,0,0,0
442,-205.898723905123,0.00212884333101067,2.11346006666889,0.154147983808087,-0.0018774183457303,-0.0309195584549659,-205.891718745694,-0.0231992911091627,2.22509665310425,0.161325134853201,0.00522541850827467,-0.0101556225741461,-200,0,0,0,0,0,0,1,-4.34907599393282,-0.476143268609142,-3.4346310487939,0,0,0
443,-205.747402722976,1.31693785845591E-05,2.08175710698469,0.148493824912265,-0.00235393532379973,-0.0324837936515436,-205.819083058181,-0.159218682599683,2.11639423819118,0.129489407308285,0.00840264623466156,-0.0288693385910195,-200,0,0,0,0,0,0,1,-1.31077461446712,-0.52182725826679,-1.3458546172804,0,0,0
444,-205.599911020164,-0.00260173561351342,2.04874868726082,0.146489257684394,-0.00287588094545275,-0.0335321313835119,-205.59528756737,-0.0620012579148167,1.96695090913426,0.140118239794237,0.00251162378554673,-0.0216819877541913,-200,0,0,0,0,0,0,1,-2.82124884468383,-0.12715986272504,-1.76570304284938,0,0,0
445,-205.455193813851,-0.00554131025785961,2.01484690545147,0.142944970305276,-0.00300327470724318,-0.0342698249433016,-205.446900612259,0.0347383133497862,2.08613338693335,0.125319440739616,-0.00867406056632357,-0.0567845655030912,-200,0,0,0,0,0,0,1,-1.6381428494426,0.797929429932785,1.50618977644241,0,0,0
446,-205.312756197764,-0.00814566193411231,1.98140612511082,0.141931158635097,-0.00220543438809391,-0.0326112717649308,-205.423117236097,0.144319714540216,2.08481907822919,0.154273577418068,0.00380690412384311,-0.0204436728789599,-200,0,0,0,0,0,0,1,-4.58112326961231,-0.669329841464743,-2.12527086856238,0,0,0
447,-205.173462345625,-0.0106859412780765,1.94866935478114,0.136656579468625,-0.00287513034744763,-0.0328598859477452,-205.001186547892,-0.148560059829118,1.86049729478526,0.139786664542448,0.00760128650696563,-0.0244670358419469,-200,0,0,0,0,0,0,1,-3.97629335846067,-0.463008531038326,-1.27429100537583,0,0,0
448,-205.038980831879,-0.0137927268324633,1.91593385294958,0.132306705147148,-0.003338446137878,-0.0326091562103991,-204.94145838059,-0.0678453685895939,1.76691321641873,0.130595285306567,-0.00953986433188505,-0.0486733061985617,-200,0,0,0,0,0,0,1,-3.17661176947755,1.08967717036769,1.33350418701871,0,0,0
449,-204.907901314439,-0.0165864338236204,1.88443625576456,0.129853474869494,-0.0022489710535509,-0.0303849315351426,-204.885634640795,-0.00124448472065879,1.98074258569702,0.12302698539109,-0.00400146720140368,-0.0245487203419727,-200,0,0,0,0,0,0,1,-2.53142925751928,0.402635689581686,-1.50661313719677,0,0,0
450,-204.779628587819,-0.0186341886055265,1.85375440048393,0.126691852160185,-0.00184654380304433,-0.0309773580299677,-204.804795195213,-0.0386643134345777,1.88237997109802,0.117627210996118,-0.00220256505358373,-0.0389572504631447,-200,0,0,0,0,0,0,1,-2.1531307091862,0.297585132227528,0.130965104118438,0,0,0
451,-204.65397713835,-0.0203320120927637,1.8231276724926,0.124611503746405,-0.00154910989960687,-0.030275160692802,-204.625291794575,-0.030302296318682,1.77170038325678,0.133004817149402,-0.0103978668294276,-0.0239075240960321,-200,0,0,0,0,0,0,1,-4.04989812578967,1.10039127558012,-1.15264835691035,0,0,0
452,-204.53154132061,-0.0213310783437778,1.79306649937134,0.12026046341152,-0.000449028890187168,-0.029845229860208,-204.483499043567,-0.126167492093541,1.7456435578316,0.119803471029196,0.000359625183519931,-0.0442221879868449,-200,0,0,0,0,0,0,1,-3.01334901578498,0.216372465835089,0.93093168302129,0,0,0
453,-204.412519029906,-0.0216720172457616,1.7641317066836,0.117785069621103,-0.000232854281506973,-0.0280232450394151,-204.494715507614,-0.0706828356649146,1.86128847282147,0.102810112741974,-0.0198688011658916,-0.0292149852697369,-200,0,0,0,0,0,0,1,-1.29158025896852,2.12824578791898,-0.801078418669244,0,0,0
454,-204.295599418858,-0.0208407991303388,1.73585852610312,0.116054063960557,0.00189528454933917,-0.0285223398891892,-204.382739474395,0.0346787890409036,1.65056446680211,0.109888976422981,0.00138042390288886,-0.0266126644932185,-200,0,0,0,0,0,0,1,-2.22341869350764,-0.207399968370694,-0.639862484282365,0,0,0
455,-204.18078831613,-0.0190492971460011,1.7073735321169,0.113568309437949,0.00168771411602703,-0.0284465349618608,-204.22855093181,0.0393167797911768,1.56071181415919,0.128646788495985,-0.00231259781719371,-0.0165156732266107,-200,0,0,0,0,0,0,1,-4.40757698597827,0.152626222137018,-1.4698563056573,0,0,0
456,-204.06962326298,-0.0172854376627023,1.67909974726821,0.108762084903573,0.00183999869544696,-0.028098885152423,-203.93964490238,-0.0420159640655304,1.62673952870481,0.111255708672605,0.00582361786516484,-0.0336625036434496,-200,0,0,0,0,0,0,1,-3.24628106249979,-0.498329858385423,0.112771306935342,0,0,0
457,-203.962384264432,-0.0156947161938862,1.65161615646557,0.105716591144069,0.00134143926615278,-0.0268669395203006,-204.070690254415,0.0686388499301257,1.6666619994953,0.0922396074417655,0.0110400184885215,-0.0239818201366124,-200,0,0,0,0,0,0,1,-1.08258023534754,-1.24127954871241,-0.935141985329363,0,0,0
458,-203.857469339302,-0.0149739612133528,1.62440553180329,0.104113080700313,0.000100065216990274,-0.0275535990399124,-203.808155889485,-0.045614825923002,1.78284136020802,0.118858778803379,-0.00758648091883448,-0.0164314305960639,-200,0,0,0,0,0,0,1,-4.26956610136765,0.849877743729452,-1.92253966080965,0,0,0
459,-203.755800197438,-0.0144491240958616,1.59680688361347,0.0992252913438896,0.000949602816259989,-0.0276415204082938,-203.723802059949,-0.0443271792170267,1.47842363992347,0.0823441147819463,-0.00680244598012855,-0.0108160187886921,-200,0,0,0,0,0,0,1,-0.78680735829729,0.768898956446908,-1.87524540097774,0,0,0
460,-203.657463066277,-0.0131151141199947,1.56834367122118,0.0974483652485889,0.00171841103356592,-0.0292841190992541,-203.591001214187,-0.171908375999233,1.50147363939153,0.0990202439468761,0.00168336373496703,-0.0257988705364307,-200,0,0,0,0,0,0,1,-2.72002196631343,0.175480378501763,-0.423060225139991,0,0,0
461,-203.561425760948,-0.0113090606473481,1.53933108155278,0.0946266133624675,0.00189368951027686,-0.0287398098790936,-203.550548728224,0.0603357847520512,1.34443214202716,0.105015419302917,0.00278029008801918,-0.0297791504228109,-200,0,0,0,0,0,0,1,-3.40044447384391,-0.39870057830602,0.289050758226763,0,0,0
462,-203.46834558759,-0.00961483765901223,1.51133971155285,0.0915345229212281,0.00149475161206146,-0.0272415636010393,-203.477428121891,0.0314767863053911,1.63378902464057,0.0879462845043143,0.00352673922500061,-0.0294666445813498,-200,0,0,0,0,0,0,1,-1.8397722066504,-0.415627495110843,-0.320913591146172,0,0,0
463,-203.377805505417,-0.00832796575887009,1.48421835737254,0.0895458712047784,0.00107898691292229,-0.0270002682624615,-203.298105739156,0.245873612045452,1.50249109458998,0.0710936375695242,-0.026907490276791,-0.0131936082052771,-200,0,0,0,0,0,0,1,-0.513152278641106,2.1990018035882,-1.68562136865225,0,0,0
464,-203.288983473251,-0.00614950883346613,1.45642843556576,0.0880976143793592,0.0032779209960653,-0.028578940051341,-203.296318742943,-0.185999651180182,1.37485476782723,0.0852077034449088,0.0161658974026741,-0.0450668745428892,-200,0,0,0,0,0,0,1,-1.92813285860507,-1.24459043790704,1.75697791863446,0,0,0
465,-203.201435751196,-0.00349393247434722,1.42891444626782,0.0869988949300871,0.0020332253873667,-0.0264485589234514,-203.214186389268,0.200282094035496,1.50477369726158,0.0919589824985048,0.00340770849753325,-0.0207521972477275,-200,0,0,0,0,0,0,1,-2.76752547131475,-0.741335037824317,-0.934327669750417,0,0,0
466,-203.115982554969,-0.00183147983565491,1.40253781237399,0.0839076817744226,0.00129167562540527,-0.0263033468129284,-203.253726185293,0.011191822533421,1.42227138959537,0.0759389964450118,-0.0106552621337738,-0.0327202574023176,-200,0,0,0,0,0,0,1,-1.08644727391563,1.04314256831053,0.427482961041022,0,0,0
467,-203.032558782469,-1.82647912832505E-05,1.37651971048413,0.0829402353376356,0.00233474854593557,-0.0257324353741241,-203.149310741983,0.00109681048580478,1.4779643652358,0.100065764640982,0.00213801551236968,-0.0163862129335519,-200,0,0,0,0,0,0,1,-3.70795498013219,-0.215995172208577,-1.31730743711641,0,0,0
468,-202.951667943163,0.00220834434907021,1.35091636022263,0.0788416742955576,0.00211846447708383,-0.0254724616424846,-202.878856357693,0.0671745721505631,1.35364802787231,0.0860997949140307,0.00495059109229791,-0.0211434262513882,-200,0,0,0,0,0,0,1,-2.85226677601668,-0.629408253530917,-0.592953430605797,0,0,0
469,-202.874327243673,0.00401199975696859,1.32569769771304,0.0758400660083447,0.00148884175090855,-0.0249635463942543,-202.892419970056,-0.149480687425275,1.57204643540404,0.0729627567657003,0.00702161231415991,-0.0161734043383749,-200,0,0,0,0,0,0,1,-1.51143573645709,-0.403199856565441,-1.52675243697059,0,0,0
470,-202.799614521665,0.00529917620752736,1.30026484608107,0.0735850785459361,0.00108550587028511,-0.0259011729013172,-202.841642787264,-0.1180660532546,1.42156225700216,0.0858295685288115,-0.00595005489917103,-0.0250631092593456,-200,0,0,0,0,0,0,1,-2.89967127835254,0.831137596426303,-0.336813588069753,0,0,0
471,-202.727490379215,0.00680014734955456,1.27474887947089,0.0706636602492694,0.00191643033154537,-0.0251294836634121,-202.626849949368,0.130342853660541,1.06376963124911,0.0608542921761549,-0.0199125681497403,-0.00536969958626721,-200,0,0,0,0,0,0,1,-0.831729318880182,1.73057110765295,-1.5905693038715,0,0,0
472,-202.657669700947,0.00958182192539257,1.24896832112583,0.0689772360398382,0.00364691273203807,-0.0264309014147392,-202.663996928333,-0.115490290272293,1.29753965750159,0.0662145190994778,-0.000294693311005402,-0.0311288498321705,-200,0,0,0,0,0,0,1,-1.29345805328257,0.260449911645127,0.517805668213874,0,0,0
473,-202.589242778451,0.0133589199490692,1.22292688138459,0.0678770588232785,0.00390727990150804,-0.0256515119752811,-202.70036565522,-0.107360698190661,1.19351980162463,0.0748598370448707,0.00999222054314084,-0.0382880704625569,-200,0,0,0,0,0,0,1,-2.08525239404787,-0.784500657932762,1.44176744300644,0,0,0
474,-202.522045110317,0.0168738907389291,1.1982604884387,0.0665192530537882,0.00312265703836129,-0.0236806899525806,-202.486517504802,-0.0717773858337282,1.07725885611387,0.057640325476148,-0.0106211359152178,-0.0290497201803061,-200,0,0,0,0,0,0,1,-0.790997538009816,1.20566836318923,0.750454305802862,0,0,0
475,-202.455796078912,0.0205993631645276,1.17495581893121,0.065979249662617,0.00432828279676955,-0.0229284244671298,-202.50125895302,0.00965437002506802,1.23892093631366,0.0573659304459861,0.00404618533950108,-0.0292400536851637,-200,0,0,0,0,0,0,1,-0.734075138559465,-0.423927274000244,0.446163495889048,0,0,0
476,-202.39013277975,0.0247156632628938,1.15225663226695,0.0653476611791878,0.00390431137004623,-0.0224696800573581,-202.381658149207,-0.0207233786702485,1.02939379218942,0.0588586285579056,0.0233385298958095,-0.0107567491778041,-200,0,0,0,0,0,0,1,-1.12254655737719,-2.29240623224045,-0.983112666598416,0,0,0
477,-202.325610481523,0.0274737252515358,1.12948039266808,0.0636967761288212,0.00161180690555593,-0.0230820874791772,-202.440942430747,0.259188036541205,1.26575901216001,0.0773510022440838,0.00169806484432411,-0.0281544588206536,-200,0,0,0,0,0,0,1,-2.85321536291526,-0.68818255751482,0.283927857745332,0,0,0
478,-202.26319926319,0.0287413445946777,1.10706284767955,0.0611263503511112,0.000923425984164835,-0.0217518880421858,-202.101954680425,0.116500775895086,1.13293635229378,0.0367794575352425,0.00965600851664982,-0.0240531955308565,-200,0,0,0,0,0,1,1,0.525963607326142,-1.19860240345516,0.139446848498097,0,0,0
479,-202.201905452059,0.0290654920114322,1.08511008809967,0.0614612031771057,-0.000275136315888738,-0.0221537891433806,-202.234206602207,0.0905792908895338,1.24312968555137,0.059305355956647,0.010531519108616,-0.0238687239843034,-200,0,0,0,0,0,1,1,-1.46212239125099,-1.23431049264066,-0.0993869726723959,0,0,0
480,-202.141207475903,0.0281731502063207,1.06312453610347,0.0599350023476105,-0.00150955297251304,-0.0218166610287372,-202.322564437813,0.00843255283732283,1.11713235268534,0.069436877681836,-0.00912856756052116,-0.0363552786418975,-200,0,0,0,0,0,1,1,-2.29855889255769,0.895991650377471,1.40126315881907,0,0,0
481,-202.082043586875,0.0271115267050343,1.04233706107781,0.0583937804029852,-0.000613699497897226,-0.0197576280870486,-202.164756756767,-0.159002074508738,1.19768942156102,0.0512173454529565,-0.0097858552740588,-0.025430561364475,-200,0,0,0,0,0,1,1,-0.792221031762351,1.29658967642336,0.147677293325454,0,0,0
482,-202.024056902207,0.0271460978713288,1.02269967365758,0.057579797566516,0.000682836366398964,-0.0195168038185533,-201.95262212758,0.137271140283343,1.0465985013618,0.0587358749644162,0.00295340021616355,-0.0151909532053358,-200,0,0,0,0,0,1,1,-1.96834324128086,-0.569882302183042,-0.574101682190015,0,0,0
483,-201.967572611335,0.0275439206634873,1.00326952393165,0.0553889662832665,0.00011280301865221,-0.0193425472530002,-201.973491531902,0.0139627008797846,0.866456551543847,0.0722092952290427,-0.00591422094706606,-0.000960247474054259,-200,0,0,0,0,0,1,1,-3.27394645910118,0.563496692947037,-1.63688835568227,0,0,0
484,-201.914106478692,0.0279383428577973,0.983864038128654,0.0515433472451431,0.000676035885827539,-0.0194667621025236,-201.791631873478,0.0233493615961442,1.06710786246027,0.0474884064615388,-0.00453399798022734,-0.0206462152910937,-200,0,0,0,0,0,1,1,-1.1655768991976,0.406701074830446,-0.0695941958111566,0,0,0
485,-201.863184618363,0.0288176897028456,0.964519025822578,0.0503005809810738,0.00108265249899129,-0.0192227369938939,-201.849074156167,-0.114674256310718,0.649465186897049,0.0517823494660552,-0.00315649597551498,-0.035481452441718,-200,0,0,0,0,0,1,1,-1.48008663427168,0.544998110172934,2.2492148703777,0,0,0
486,-201.813083928887,0.030172812961834,0.946511281084562,0.0499019549513689,0.00162758648210125,-0.0167925927051944,-201.80698055948,0.0351058107849409,0.840469238587254,0.0520910148074024,0.0126656787235579,-0.00555086352231085,-200,0,0,0,0,0,1,1,-1.59514036177996,-1.33677949392567,-1.12585212494342,0,0,0
487,-201.764243296311,0.0311319452356946,0.929483997623857,0.0477792060927534,0.000290672392976027,-0.0172610644678455,-201.721821257663,0.0780422812854822,0.914114891697148,0.0391600045510468,-0.00771330546465012,-0.0197948137772068,-200,0,0,0,0,0,1,1,-0.472357939777696,0.615245983894047,0.151251594326386,0,0,0
488,-201.716725656858,0.0317302278417064,0.912278539853928,0.0472562184349525,0.000905887457322717,-0.017149638752605,-201.686636880242,0.0256969101536053,0.766562426238091,0.0575553706661446,-0.00641019007288835,-0.00626380133419549,-200,0,0,0,0,0,1,1,-2.38226330613054,0.589625186981624,-0.906744719056633,0,0,0
489,-201.670822249762,0.032930837361924,0.895184715330429,0.0445507403361297,0.00149532591730838,-0.0170368537463536,-201.60586992655,0.00799279600028845,1.09743563105679,0.048197510311322,0.00445507506630681,-0.015917624504757,-200,0,0,0,0,0,1,1,-1.60801117803286,-0.461493098631258,-0.603108811637888,0,0,0
490,-201.627211664719,0.0341953560539699,0.878152159938256,0.0426705292469302,0.00103370694330108,-0.0170274570156499,-201.659155592505,0.0126613765983106,0.828632645906722,0.0485054192577859,-0.00294336357556842,-0.0210993835113407,-200,0,0,0,0,0,1,1,-1.53223074076799,0.269013604360221,0.452673059320625,0,0,0
491,-201.585191480666,0.0353635223565484,0.861574433890934,0.0413703239444613,0.00130261955862219,-0.016127446230323,-201.474616713063,0.0960612909372352,0.863503647285213,0.0394968672534366,-0.0154314768938782,-0.0325995426913122,-200,0,0,0,0,0,1,1,-1.00045329921686,1.35102510751335,1.53294697456079,0,0,0
492,-201.543975012786,0.0373416355905137,0.846240929224599,0.0410633929063104,0.00265360155670514,-0.0145394449570091,-201.670914625205,0.150568257646036,0.701568878495861,0.0249756528283183,0.00645070118388562,-0.0217161812710719,-200,0,0,0,0,0,1,1,0.844263967578854,-0.946206633680634,0.76848037011547,0,0,0
493,-201.502443833981,0.0395221734099821,0.831712553366763,0.0419990703740327,0.00170746935414714,-0.0145177245680054,-201.366550926601,0.177961707907934,0.852747743307379,0.0476682979008018,0.00292466335936449,-0.0254501036521223,-200,0,0,0,0,0,1,1,-2.03372793687828,-0.648389751752318,0.839514878597472,0,0,0
494,-201.46121536516,0.0409053872183992,0.817937879382407,0.0404586004044753,0.00105894996378867,-0.0130309712443791,-201.568058395926,0.112692561425223,0.752792138603301,0.0421574789409647,0.00654716302228973,0.00524309288260622,-200,0,0,0,0,0,1,1,-1.07963110224467,-0.880101425079419,-2.02989356546722,0,0,0
495,-201.421810182409,0.0415242329291824,0.804167082620485,0.0383512240450265,0.00017873404669559,-0.0145097285768891,-201.270112366682,0.114772750680306,0.823185328761317,0.0408490613814106,0.00200423397159813,-0.0133441555555259,-200,0,0,0,0,0,1,1,-1.54468140477635,-0.429968898520425,-0.311955101970043,0,0,0
496,-201.384296317302,0.0414879268117318,0.789783061149225,0.0366767061672417,-0.000251350832371516,-0.0142576086046139,-201.335514300074,-0.0970038156553501,0.827399378836154,0.0315553513373135,0.00138331789067255,-0.00839743469768557,-200,0,0,0,0,0,1,1,-0.484506533583839,0.055675842243445,-0.815055287903751,0,0,0
497,-201.348117694266,0.04126439170225,0.775174160396498,0.0356803292713491,-0.000195724599918504,-0.0149597789615369,-201.463537245803,0.0017820998721276,0.785410162893502,0.0269043992122056,0.0105587030192398,-0.0117892203800585,-200,0,0,0,0,0,1,1,0.236634570385209,-1.05943450166824,-0.391898287781157,0,0,0
498,-201.312518040386,0.0405389572710671,0.759871599521631,0.0355187768573258,-0.00125514944453423,-0.015645288370049,-201.17506837251,-0.0297116686659934,0.918290640474851,0.0316521654266375,-0.00999996708274922,-0.0115175409697349,-200,0,0,0,0,0,1,1,-0.81507979764364,1.05942004560691,-0.684827183976207,0,0,0
499,-201.277610530881,0.0398134859969087,0.744014771844713,0.0342961538915691,-0.000195800203636047,-0.0160678586435677,-201.304208801667,0.0226183439929231,0.752678446137828,0.0581763380429589,-0.0080644080627427,-0.0064846802670906,-200,0,0,0,0,0,1,1,-3.20921620096129,0.761204118288423,-0.856888865566596,0,0,0
500,-201.2450100999,0.0399981678388577,0.728251574535903,0.0309050612914271,0.00056515909282958,-0.0154570978210471,-201.109074398755,0.208836325606549,0.819051694189023,0.00836871460855747,0.00203378779733054,-0.00905629374888913,-200,0,0,0,0,0,1,1,1.38127733665354,-0.621051430946151,-0.732474013489133,0,0,0
501,-201.213772350763,0.0402528462202328,0.712025445691461,0.0315698689314074,-5.58072832545068E-05,-0.0169954629130648,-201.12447295206,-0.0345947280156335,0.824143425456452,0.0224087726752044,-0.00319610796819576,-0.023671251282299,-200,0,0,0,0,0,1,1,0.00806863659993118,0.388800252850844,0.718838277316993,0,0,0
502,-201.182110057273,0.0403914486770643,0.695230168539773,0.0317549808503236,0.000333006806346539,-0.0165951866156946,-201.175917624236,0.0153095107630764,0.608848370231391,0.0309157905592185,0.00702019801298626,-0.012532871935877,-200,0,0,0,0,0,1,1,-0.739743807450517,-0.732638822824779,0.0355904531249154,0,0,0
503,-201.150755781659,0.0403581124771425,0.678722965590456,0.0309537367857567,-0.000399684146443482,-0.0164188921724123,-201.096387774441,0.130030233321236,0.5876467766874,0.0360706611626771,-0.00150739452404628,-0.0187748484627385,-200,0,0,0,0,0,1,1,-1.41429056738557,-0.109321014237845,0.702191292899045,0,0,0
504,-201.120330100946,0.0399037263092694,0.662849666262175,0.0298981813153672,-0.000509093127702506,-0.0153272728918726,-201.018958148308,0.110406827533662,0.634180366550638,0.0440984328516297,-0.00817421034328174,-0.0101684981801643,-200,0,0,0,0,0,1,1,-2.37192698854651,0.59660737926085,-0.251510915084842,0,0,0
505,-201.091610664006,0.0396928527561428,0.647892889017142,0.0275410968528475,8.73403549251347E-05,-0.0145852934857706,-201.142957386734,-0.0931135062408011,0.580552113921912,0.0173328144459334,0.00767434950546323,-0.00850662036261919,-200,0,0,0,0,0,1,1,0.55263332887454,-0.581207938064721,-0.310442191581906,0,0,0
506,-201.063992762471,0.0394896085374118,0.63292879702254,0.0276944714363331,-0.000493833875606026,-0.0153429721574076,-200.931131619193,-0.0270867657176997,0.630779344237211,0.0277341590364612,-0.0154888339706313,-0.00550394945451699,-200,0,0,0,0,0,1,1,-0.911152665260984,1.60305692849853,-0.711163743022722,0,0,0
507,-201.036956798818,0.0397972667449152,0.61739727690942,0.0263773833245377,0.00110914491075502,-0.0157195251789719,-201.012396706457,0.0266941889395862,0.596483623568804,0.0108780761210748,-0.0155313244035811,-0.0222568102163335,-200,0,0,0,0,0,1,1,0.936985800807481,1.49974406247894,1.03271377449574,0,0,0
508,-201.010002434674,0.0416563296986354,0.60178616610136,0.0275315245325899,0.0026089748877702,-0.0155032030130746,-201.140769490413,-0.00852260466833547,0.551596250546194,0.0184940882118301,-0.0113140336906304,-0.0335446575913747,-200,0,0,0,0,0,1,1,0.432130159643826,1.14844857839971,2.25127325804508,0,0,0
509,-200.981807981249,0.0448395682720619,0.587043803482069,0.028858117931984,0.00375749583332692,-0.013982101592756,-200.805830500731,0.041814436956259,0.525832312063288,0.0228050912056327,0.00684306731760387,-0.00214172005412666,-200,0,0,0,0,0,1,1,-0.668848119100492,-0.767935605672905,-0.83749261871391,0,0,0
510,-200.953533472222,0.0482130674965182,0.572758412373213,0.0276907302093873,0.00298949705478299,-0.0145882000465484,-200.858375700265,-0.0161734245481405,0.646882253844745,0.0211900277658364,-0.0120199162026007,0.00802370902482643,-200,0,0,0,0,0,1,1,-0.402251376054176,1.23433846935635,-2.09613541017213,0,0,0
511,-200.926626600876,0.0518197033453955,0.557256874041753,0.0261223261474655,0.00422376814254271,-0.0164142255788379,-201.02519961067,0.138070629462884,0.757036811190746,0.0229535007035771,0.00409562436309505,-0.0109713785174245,-200,0,0,0,0,0,1,1,-0.244950849017022,-0.685703695235274,-0.416935770639036,0,0,0
512,-200.900801127453,0.0557006103546543,0.540618260760437,0.0255285197772506,0.00353803927749438,-0.0168627655579198,-200.892763119574,-0.0435387952356914,0.446216104689244,0.012720828701988,0.00990116377504531,-0.0170673513785051,-200,0,0,0,0,0,1,1,0.513443368949142,-0.903038787033148,0.814302928472024,0,0,0
513,-200.874932726572,0.0587871595592006,0.523873812180295,0.0262084726283354,0.00263505215048538,-0.0166264357723735,-200.864030222272,0.0110350805111075,0.647389320347098,0.0164518029108606,0.0219903742906306,-0.00594704212136596,-200,0,0,0,0,0,1,1,0.082880153458835,-2.22110759008528,-0.700074428557599,0,0,0
514,-200.848950589544,0.0603116575573972,0.506818518160093,0.0257555280443721,0.000413937562227705,-0.0174839754929395,-200.959404289336,0.121483626875084,0.52403441543874,0.0187232065457633,0.00392568298273868,-0.0398194990401204,-200,0,0,0,0,0,1,1,0.0464879240954805,-0.635535552024036,2.93388107313456,0,0,0
515,-200.822523039865,0.0604078586702867,0.490485188928854,0.0271006310628134,-0.000221540543347193,-0.0151832682420537,-200.761384425547,-0.0349398716521727,0.490737461111347,0.0286940412794457,0.010294210883374,-0.0212113781145794,-200,0,0,0,0,0,1,1,-1.34663527685013,-0.959541345033051,1.13966288923525,0,0,0
516,-200.795801110715,0.0597065129489899,0.476027398484697,0.0263439270747209,-0.00118115695569196,-0.0137320067343802,-200.847070384363,-0.0431547554613821,0.43455761199451,0.0366965932369718,-0.00207196040653924,-0.0142459831829922,-200,0,0,0,0,0,1,1,-1.97551855497207,0.293505551576689,0.555483094310196,0,0,0
517,-200.770252742981,0.0586720463506033,0.462928492007898,0.0247534282218673,-0.000887782126472931,-0.0124651492767835,-200.834625247836,0.0132364198161128,0.464704219800829,0.0243804720142699,0.00911460471348951,-0.00543910414162431,-200,0,0,0,0,0,1,1,-0.768796705753995,-0.937933310981176,-0.385498025439227,0,0,0
518,-200.746010412629,0.0573152699142088,0.450387369447321,0.023731253095501,-0.00182577741046594,-0.012616679314173,-200.858738872224,-0.0358985174915302,0.494412624857428,0.0272584559417173,0.00117664496154218,-0.00458036867987077,-200,0,0,0,0,0,1,1,-1.00836784972465,-0.0458674611711574,-0.530788381727779,0,0,0
519,-200.722930306758,0.0554665208903726,0.437694006146178,0.0224289794324726,-0.00187172662258114,-0.0127695139926563,-200.698063541786,0.210049571647609,0.591746572765168,0.0272275519828805,-0.0235892718055265,-0.020160673227776,-200,0,0,0,0,0,1,1,-1.32662811471506,1.93882803725743,0.832574177247268,0,0,0
520,-200.700943881821,0.0545641716259485,0.425517635227107,0.0215444516685895,6.70221040059884E-05,-0.0115828725806482,-200.668104604443,0.126379827175105,0.476978106484167,0.0107726527461595,0.00020049213716729,-0.0256474497935977,-200,0,0,0,0,0,1,1,0.25894393427105,-0.272808868066938,1.61078876639143,0,0,0
521,-200.678959617439,0.0544948164053598,0.414461462098407,0.0224246026825481,-0.000205738569814626,-0.0105298584659281,-200.814178091468,0.0204882517201253,0.534745026538417,0.0042060851428069,-0.011526071756323,-0.0224547867762141,-200,0,0,0,0,0,1,1,1.20774766865462,1.11163067219205,1.17598862454458,0,0,0
522,-200.655795808645,0.0548449498330535,0.404028690756775,0.0239031799893844,0.000905999981140541,-0.0103363183832285,-200.764098829101,0.0434083188682691,0.374773937203585,0.0069112098461594,-0.0151634569271787,-0.0135492755244436,-200,0,0,0,0,0,1,1,0.837076673585183,1.42952905498133,0.605379678037191,0,0,0
523,-200.631457758522,0.0564657523927973,0.393636449628318,0.0247729567885612,0.00233559993663162,-0.0104485400867947,-200.566520566216,0.0193424037337132,0.407644741855924,0.0196656016840565,0.018510349453256,-0.0143919639266179,-200,0,0,0,0,0,1,1,-0.833519035973571,-1.88971975279303,0.623906908949945,0,0,0
524,-200.606963441962,0.057856471093764,0.383564865684039,0.0242160753309032,0.000445832223489434,-0.00969440467142393,-200.658605008531,-0.0785465414200949,0.429146596546165,0.0315068206323688,-0.00688036263751431,-0.0118340737309573,-200,0,0,0,0,0,1,1,-1.8334720461746,0.845129346591621,0.325114180003405,0,0,0
525,-200.58353104943,0.0587248090172368,0.374375066501153,0.0226492145461439,0.00129083672851722,-0.00868455010972496,-200.654819420034,0.0523789472187923,0.397570042940896,0.0315976326431005,0.0163671839427914,-6.06534458511415E-05,-200,0,0,0,0,0,1,1,-1.85012442424281,-1.74147628871673,-0.789074741296679,0,0,0
526,-200.561956034783,0.059144837567097,0.365722591094102,0.0205009236190149,-0.000450786137626233,-0.00861951424940793,-200.410914839367,-0.0335757308750828,0.28629299095028,0.0288788619639575,-0.0128130681341385,-0.00228042484867984,-200,0,0,0,0,0,1,1,-2.06605651766267,1.34845827516402,-0.344543497032576,0,0,0
527,-200.542507967306,0.0593682062103305,0.357384037700527,0.0183955265411322,0.000897518346485095,-0.00805672699885235,-200.377602709786,0.049254523764929,0.255226816826337,0.0210536133864403,-0.00538615483632509,-0.000765316443059217,-200,0,0,0,0,0,1,1,-1.35015591907219,0.440106436102651,-0.433921989346751,0,0,0
528,-200.524879973198,0.0604857277206501,0.349388886153574,0.0168605918380412,0.00133752042846264,-0.00793294904458261,-200.50910629755,-0.0423462048070184,0.281003114669012,0.0226666792483976,-0.0070238770794728,-0.016014333498128,-200,0,0,0,0,0,1,1,-1.24845532973987,0.787080117561317,1.03942712047478,0,0,0
529,-200.508364496077,0.0622167561865054,0.342125335174546,0.0161709991379544,0.00212453063064952,-0.00659387891150195,-200.430761251508,0.0361448347571379,0.319443683614726,0.014595137148142,0.00103262217090355,-0.00954961748083583,-200,0,0,0,0,0,1,1,-0.597991211799133,-0.175551886604631,0.316074380854131,0,0,0
530,-200.492443806395,0.0642534957134707,0.335724213632438,0.0156706199854882,0.00194894190644603,-0.00620816761265949,-200.422191716439,-0.0123790346284958,0.146441443100775,0.0052614593597907,0.00249476061568539,-0.00437575734066957,-200,0,0,0,0,0,1,1,0.318237496898849,-0.224717992311547,0.144692847865408,0,0,0
531,-200.476674255713,0.0660900946219194,0.329399967615885,0.0158684640308164,0.00172424929487242,-0.00644041673926549,-200.359357967911,0.105302515232554,0.228199700009886,0.0308683660153559,0.00272287217364748,-0.00987842464461623,-200,0,0,0,0,0,1,1,-2.36812066571308,-0.482892247829855,0.531443064441852,0,0,0
532,-200.461757868594,0.0675728209355183,0.323701681017304,0.0139650045456117,0.00124119786806585,-0.00495537859320294,-200.49250840785,0.112733337521642,0.410599590037863,0.0175196675276424,0.0123290058296938,-0.00164651703980894,-200,0,0,0,0,0,1,1,-0.766949937064849,-1.45836725801266,-0.656547476094831,0,0,0
533,-200.448364118185,0.0680848046453697,0.318568613172997,0.0128224272245238,-0.000217236223135398,-0.00531029448653653,-200.520272034075,0.124636650980517,0.509340717417713,0.0102649088092969,0.00248453841426891,-0.0067542215280228,-200,0,0,0,0,0,1,1,0.0140531872193803,-0.497727143387924,-0.343259282033146,0,0,0
534,-200.435697962297,0.0676187049780566,0.313014108654399,0.0125097600220486,-0.000714968693768851,-0.00579859696815363,-200.450397640545,0.0239535157899652,0.0585958631209245,0.00430821623814431,0.00520593845484124,-0.00594991371941861,-200,0,0,0,0,0,1,1,0.469973657275212,-0.568500877064055,0.477799645700012,0,0,0
535,-200.422937220021,0.0666195103810827,0.307204755491264,0.0130117932091531,-0.00128342721684415,-0.00582032667134033,-200.491699092166,-0.0384029401085553,0.212917676069336,0.0134422429142879,-0.0214900154396666,-0.0247473250602221,-200,0,0,0,0,0,1,1,-0.360826107096247,2.22580742418377,2.04889715388354,0,0,0
536,-200.409622081663,0.0664489950080815,0.302260123121788,0.0136192861393941,0.000942392254640794,-0.00406919733141986,-200.479496297758,0.00382926336710042,0.052950354117139,0.0095242902128836,0.00645605510322426,0.00873988446230657,-200,0,0,0,0,0,1,1,0.0065635742281035,-0.653264037056627,-0.979889154464935,0,0,0
537,-200.396326479821,0.0670647491860634,0.297676262573608,0.0129715672839647,0.000289110612487413,-0.00509826805819003,-200.414353699437,-0.0301271850215913,0.429907647700673,0.0196902852869137,-0.0287374551143612,-0.00302320701491541,-200,0,0,0,0,0,1,1,-1.14032112981671,2.9339998814793,-0.557494593909805,0,0,0
538,-200.384059731317,0.0688208165877712,0.29254275457296,0.0115619760531567,0.00322301882766706,-0.00516817808636824,-200.362370338979,-0.0107120024933243,0.193795243854541,0.0132791465720149,0.00388594976775371,-0.0066774496254612,-200,0,0,0,0,0,2,1,-0.603173979242764,-0.367170971788723,0.280154474837038,0,0,0
539,-200.372754928546,0.0718602340967918,0.287558697990439,0.0110478575249696,0.00285580998296893,-0.00479973433786188,-200.392972300898,0.192906406753226,0.45170861093886,0.016268676227812,0.00503375465026706,-0.0180128416389465,-30,0,0,0,0,0,0,2,339.159076979014,-0.889188278533157,0.897866942016933,0,0,0
540,-200.216847998391,0.0742835626804374,0.194619448981894,0.300693462628581,0.00199084054405519,-0.18119811914262,-200.325398662582,-0.0199906143688609,0.192358906302666,0.307226590254022,0.00941039017025105,-0.199193665869092,-30,0,0,0,0,0,0,2,309.928138299763,-0.901057788287383,19.5346487743039,0,0,0
541,-199.779111999796,0.0758351153302469,-0.0594970085382833,0.574718770286877,0.00111225952101045,-0.327147531839991,-199.78950462816,0.215948241173031,-0.0165840797363697,0.569674406051275,0.0206037251168744,-0.308389679438045,-30,0,0,0,0,0,0,2,282.611568651192,-2.4922689940335,30.8721361032772,0,0,0
542,-199.076208440002,0.075711611399524,-0.447927145675247,0.831038362191979,-0.00135927283485749,-0.449818020864902,-199.11526994357,0.176749051906792,-0.584006275155645,0.827353345411624,-0.013689337978438,-0.457246412567648,-30,0,0,0,0,0,0,2,255.495205345977,1.01543569403022,46.8926538070761,0,0,0
543,-198.12449279869,0.0748696070441844,-0.945419990690072,1.07235429707503,-0.000324739964250481,-0.545266610327483,-198.088131809582,0.00123932510861106,-0.997892723879737,1.06546458526492,0.00884087251008717,-0.561733363703801,-30,0,0,0,0,0,0,2,229.629805092671,-0.886565901225939,58.1691218181396,0,0,0
544,-196.939633987606,0.0741103169133057,-1.52707650618086,1.29733412213902,-0.00119384639231037,-0.618138487715128,-196.808055049252,0.0934497882342258,-1.57696770088821,1.29243961031805,0.0130252075382059,-0.60846423480259,-30,0,0,0,0,0,0,2,204.372149066699,-1.48942033028904,64.0003588820354,0,0,0
545,-195.539101072728,0.0721796450733965,-2.17276956534763,1.50370988221584,-0.00266750204547086,-0.673331906082929,-195.559703396813,0.0368844114997843,-2.0758773179443,1.5098087596509,0.00257703257628174,-0.666156427442774,-30,0,0,0,0,0,0,2,180.138530828537,-0.331472080627742,70.767397380166,0,0,0
546,-193.940787052785,0.069353489955794,-2.86466090783181,1.69290381042722,-0.00298481390209062,-0.710527865969468,-193.943458288792,0.164938639924207,-2.94110266389594,1.71337491911974,0.00749518313523579,-0.710818908069555,-30,0,0,0,0,0,0,2,156.549424665611,-1.07939559337199,76.9640961347474,0,0,0
547,-192.161719788081,0.0658352766979681,-3.5851366651612,1.865223509066,-0.00405161826550876,-0.730493684884701,-192.21062163322,-0.0366176728227529,-3.47239456017767,1.87779206023111,-0.00564601519406571,-0.741532266391939,-30,0,0,0,0,0,0,2,136.642037243329,0.637836865052077,81.0980157595492,0,0,0
548,-190.217724140556,0.062108203323013,-4.31878542659327,2.02276619830927,-0.00340253448490331,-0.7368676981623,-190.21547057688,-0.0264822202169563,-4.39181820912031,2.01782624028836,-0.0113379454318824,-0.726892298702268,-30,0,0,0,0,0,0,2,118.648317124924,1.18675898362215,81.4728662884674,0,0,0
549,-188.123733685837,0.0593040360195317,-5.05409231762449,2.16521703120443,-0.00220580569654321,-0.733803651210633,-188.002597264491,-0.0819089502412947,-5.05375321819494,2.16273279813651,-0.00387997264806371,-0.719388600581132,-30,0,0,0,0,0,0,2,99.7319147153316,0.55181516528896,82.0463664945031,0,0,0
550,-185.895163685414,0.0573784558861018,-5.78126616277912,2.29192946440906,-0.00164536002072318,-0.720595070706375,-185.873848553847,0.167491628117719,-5.88761855124225,2.29058126344265,-0.0211044609542635,-0.72395222983813,-30,0,0,0,0,0,0,2,82.6895707634287,1.77546283919091,84.1704600862975,0,0,0
551,-183.546530456037,0.0566245573369112,-6.48997434370439,2.40534780202944,0.000137556378718154,-0.696866791423712,-183.182495325775,-0.0341401618853977,-6.65988426471819,2.41372893738381,-0.000709385669299215,-0.715540941842669,-30,0,0,0,0,0,0,2,64.9920969131695,0.139218890700717,84.8738627137033,0,0,0
552,-181.091764820164,0.0568348279565187,-7.17010409335393,2.50419824298872,0.000282978928777169,-0.663432173516046,-181.148286653521,0.0225324065907012,-7.10381321817201,2.50569088816628,0.00249066271151984,-0.653872242460013,-30,0,0,0,0,0,0,2,51.7274844904139,-0.294131084333386,79.5948506823453,0,0,0
553,-178.545126845355,0.0569733241337675,-7.81563645035486,2.58909342583167,-5.99244656286286E-06,-0.62766624142714,-178.415281941241,0.0707709026001302,-7.75256091971901,2.58724338438595,0.00908666829737272,-0.631177691719079,-30,0,0,0,0,0,0,2,38.1062254438879,-1.05020863493753,78.622891011346,0,0,0
554,-175.919574999721,0.0564443148027747,-8.42229782577103,2.66202850333824,-0.00105203131065637,-0.585685268438898,-175.824512213799,0.0442117938213407,-8.6476516132741,2.66805520288857,-0.00408308386725603,-0.599511034579102,-30,0,0,0,0,0,0,2,24.8435041387407,0.319884799082922,77.2464066844584,0,0,0
555,-173.227015076088,0.0555538283184826,-8.98412008209386,2.72311188598709,-0.000728948556789178,-0.537983119061718,-173.315239269877,-0.157507964537901,-8.92998054361119,2.73133948751859,0.0110578640081829,-0.549036950289935,-30,0,0,0,0,0,0,2,13.496529787894,-0.790770471742487,72.7636561162159,0,0,0
556,-170.479305818746,0.0544306502302708,-9.49718726493915,2.77232800268487,-0.00151741349461637,-0.488170246517166,-170.463119086232,0.188872996618169,-9.59261107647636,2.76036094031598,-0.00870019687784885,-0.481818891956452,-30,0,0,0,0,0,0,2,4.89014414086722,0.492273694548547,67.3671113485979,0,0,0
557,-167.68739561539,0.0531601719302786,-9.96048639277031,2.8115137131682,-0.00102354798077687,-0.438442888013667,-167.691359641912,0.042960174972406,-9.97955311903588,2.82050809586525,0.00712208670325956,-0.434654785531825,-30,0,0,0,0,0,0,2,-6.66809030270122,-0.798129020270768,63.4245847912542,0,0,0
558,-164.862174685728,0.0517379087687976,-10.3726837793634,2.83895053665759,-0.00182098270084313,-0.385961962009704,-165.003482478181,0.104575516417579,-10.4250031980944,2.82607274871747,0.00921724403335537,-0.396553633367384,-30,0,0,0,0,0,0,2,-12.6003099153843,-1.13087543617069,60.5053697329272,0,0,0
559,-162.012736778698,0.0493515998726402,-10.7320781910511,2.85994789018121,-0.00295164101719744,-0.332834296549275,-162.003063402725,0.0249295397497656,-10.7208018240963,2.87809792595035,0.00667905774944187,-0.329887997456727,-30,0,0,0,0,0,0,2,-23.8036657895841,-0.717764854443718,54.4304033938653,0,0,0
560,-159.148591232939,0.0460407314758921,-11.0379341932484,2.868366107528,-0.00367010029871051,-0.278880030459559,-159.154681234938,0.216220103916974,-10.9562180924019,2.85648763977075,0.00406413964146309,-0.293530382518016,-30,0,0,0,0,0,0,2,-27.3394015071983,-0.838854171980257,51.2654744366053,0,0,0
561,-156.278299467302,0.0419507049301873,-11.2902312960028,2.8722399642916,-0.00450995959685924,-0.225714643264571,-156.175519673256,0.00703478160539438,-11.1809372430545,2.86655827784534,-0.0159291675144626,-0.235044102336086,-30,0,0,0,0,0,0,2,-34.3047884380223,1.57884718823547,45.8662847197177,0,0,0
562,-153.408453820065,0.0382293709202814,-11.4897732060568,2.86747349686555,-0.0029327142004435,-0.173366140491121,-153.426392222823,0.0474756648160585,-11.4220641192686,2.84883744871321,-0.000574127345737456,-0.181988180111235,-30,0,0,0,0,0,0,2,-38.0309604256741,-0.0375385950583714,41.0429462496607,0,0,0
563,-150.546175300783,0.0352769116796253,-11.6379903083809,2.85710483689673,-0.00297220946579712,-0.123062760480499,-150.629384371514,-0.127074566669461,-11.7314179622929,2.83664954706217,-0.00741053592179791,-0.127002531398784,-30,0,0,0,0,0,0,2,-42.4061859631894,0.995202725518713,36.1630890644643,0,0,0
564,-147.697358388921,0.0328011270986498,-11.7367678031379,2.84054953920125,-0.00197936565492811,-0.0744844313182004,-147.586660753032,0.206277161904505,-11.7532426108417,2.84261830746392,0.00124016944993088,-0.0798423237218226,-30,0,0,0,0,0,0,2,-49.0885092403286,-0.536571268802098,31.4907175938656,0,0,0
565,-144.869108524385,0.0305520168545367,-11.7871119192516,2.81597057771563,-0.0025188588875446,-0.0261927788756763,-144.929779041011,0.102212011545118,-11.8007077340924,2.83035230379164,0.0176309863289815,-0.0419485705243487,-30,0,0,0,0,0,0,2,-53.1756722971413,-1.96752265598838,27.7962725206197,0,0,0
566,-142.068093620424,0.027047757717408,-11.7895845629143,2.78607923140784,-0.00448966331549753,0.021260639859031,-142.221829094629,-0.195975448981827,-11.7511033569855,2.78811484133652,-0.0103887024577219,0.0163553542420343,-30,0,0,0,0,0,0,2,-54.3678259443943,1.43082114373585,21.8666712897675,0,0,0
567,-139.299013061908,0.0232717704262459,-11.7467376836119,2.75210012251808,-0.00306231842368639,0.0644478937914095,-139.298486607005,0.0568801945171501,-11.7083066391242,2.73701393009152,-0.00695397373543322,0.0608309160521767,-30,0,0,0,0,0,0,2,-55.1044197951414,0.581636984509022,17.3335216730308,0,0,0
568,-136.565392320091,0.0204984669460473,-11.6623667556729,2.71515821747085,-0.00248429388038109,0.104309909197626,-136.668579810206,0.0902707706895755,-11.6092324398224,2.70774809847479,0.00678549226305211,0.125770725456968,-30,0,0,0,0,0,0,2,-57.4376502270663,-0.859090767684362,10.641392333948,0,0,0
569,-133.871455315761,0.0175826797990925,-11.5402676517912,2.67273089386108,-0.003347287053195,0.139906422674698,-133.799823758025,0.225894907723496,-11.4583390794934,2.65711446849819,0.00883962561567971,0.120324957339361,-30,0,0,0,0,0,0,2,-58.111799333768,-1.33575237701496,10.8841824250508,0,0,0
570,-131.220117761675,0.0135655464075326,-11.3822329934709,2.62995954108695,-0.00468698546384722,0.176181129477273,-131.292286051557,0.0406824892312255,-11.3357836224801,2.65337316610886,-0.00154693452445102,0.183700836442095,-30,0,0,0,0,0,0,2,-62.7527445077729,0.0733284739826513,4.30148360075068,0,0,0
571,-128.615240974173,0.00891302747210439,-11.1893738874107,2.57980815952036,-0.00461805564448855,0.209558240075071,-128.509365363429,-0.010414302121702,-10.9377366623862,2.5808282867829,0.0252288010790969,0.205840135519621,-30,0,0,0,0,0,0,2,-61.0640979514321,-2.50205150366628,1.29145977281019,0,0,0
572,-126.060582190885,0.00304178203970367,-10.9647965093717,2.52952216065223,-0.00712444082764288,0.239617694725829,-126.107242330585,0.113146893757093,-10.9931743601802,2.524599997619,-0.00253076825075681,0.232865552879467,-30,0,0,0,0,0,0,2,-60.2455151007293,0.0267830375614944,-1.30020656758635,0,0,0
573,-123.556532876202,-0.00407142614866067,-10.7114060973563,2.47858818868683,-0.00710198087251202,0.267184536367303,-123.564416256227,-0.123258597628618,-10.5677773979577,2.47815740275247,-0.00574754768804216,0.25554468093064,-30,0,0,0,0,0,0,2,-60.6869077627923,0.821271964061453,-4.41891329714873,0,0,0
574,-121.104416948685,-0.0107649749726354,-10.431572107595,2.42565445272075,-0.0062851210314808,0.29250560778085,-121.086196756745,-0.0481791280922323,-10.5324781609983,2.41349793330655,0.00900221983086058,0.293997924815571,-30,0,0,0,0,0,0,2,-59.1773998171644,-0.803863726901594,-8.33483615956042,0,0,0
575,-118.705637665142,-0.0174542137452481,-10.1284033700496,2.37191328233718,-0.00709336140195431,0.313854322431805,-118.862231653422,0.0606303134858811,-10.0628831587435,2.37493380970991,-0.0146730400882852,0.303724330208605,-30,0,0,0,0,0,0,2,-59.7689176641462,1.34604338185676,-10.2466667033735,0,0,0
576,-116.361341902338,-0.0238767773023705,-9.80445787337643,2.31668691717605,-0.00575177215992254,0.334059673181968,-116.381300687087,0.135862961542676,-9.834806862944,2.32632823210478,-0.0189359294615534,0.32173790944864,-30,0,0,0,0,0,0,2,-59.8702218363045,1.62186702306999,-12.504177218976,0,0,0
577,-114.072906046648,-0.0288198648343993,-9.46115547319848,2.26019276000541,-0.00413440815522573,0.352568595803795,-114.05573951607,-0.0191039827112938,-9.53596207425662,2.26277549227277,-0.00984464688595734,0.36962611895021,-30,0,0,0,0,0,0,2,-58.166070195137,1.02267265401832,-17.8906877465078,0,0,0
578,-111.841701700358,-0.0324451742063973,-9.10199412753163,2.2022217612987,-0.00311621628539481,0.365778104497921,-111.872208224009,-0.118673224443076,-9.00046963422046,2.20965125941057,-0.000504486629724927,0.356099743167966,-30,0,0,0,0,0,0,2,-57.2207094930394,0.287795111858645,-17.6090350483557,0,0,0
579,-109.667978272543,-0.0354196939947325,-8.72969258730124,2.14523083662545,-0.00283282929230049,0.378848553704714,-109.759873778187,-0.0416474437938802,-8.69380669344902,2.14919505345383,-0.0127376159331814,0.368546635677477,-30,0,0,0,0,0,0,2,-55.3997577890091,1.3570564809059,-19.4670501808497,0,0,0
580,-107.550977199364,-0.0375761483217861,-8.34552616723042,2.08877606830257,-0.00148008527148282,0.389507609595385,-107.727917274447,-0.0417419234149181,-8.38963442171437,2.09085368817175,0.00629234747918367,0.381567653336108,-30,0,0,0,0,0,0,2,-53.6295342682813,-0.545750901088531,-21.3774964901821,0,0,0
581,-105.490201775796,-0.0393312166682137,-7.95191522668663,2.03277854829886,-0.00203005755222192,0.397737367882674,-105.549134065119,0.22075823719624,-7.94840528888053,2.04456897611995,-0.0104922987788241,0.401888903850561,-30,0,0,0,0,0,0,2,-53.358629481757,0.60771340348993,-24.2920798072951,0,0,0
582,-103.486101064828,-0.0410595427747926,-7.55129679454008,1.97542565305669,-0.00142659997505786,0.403523085464992,-103.496183948069,-0.0684956011241755,-7.34395091310457,1.97554791156147,-0.000633809711534278,0.391838777297222,-30,0,0,0,0,0,0,2,-50.5624232600097,0.200372173401779,-24.4959759035131,0,0,0
583,-101.538234036002,-0.0423879833896582,-7.14567700123949,1.92031054243922,-0.00123028785110566,0.407739162720958,-101.587202915799,0.0986835308622803,-7.18324258513386,1.91392168415718,-0.00112073290301013,0.39879203859189,-30,0,0,0,0,0,0,2,-48.2177625841186,-0.0852937714235475,-25.5127186889213,0,0,0
584,-99.6447779565538,-0.0436628722097392,-6.73684371396203,1.86660293994116,-0.00131949310890781,0.409949474230766,-99.7562808456568,-0.251864282968821,-6.86457487734497,1.8667400438383,-0.00860132654447552,0.412376526990798,-30,0,0,0,0,0,0,2,-47.1614426925162,1.36386122038519,-27.5085029443899,0,0,0
585,-97.8051360139158,-0.0443023684483481,-6.32685758293018,1.81268141654996,4.04951730187476E-05,0.410044886969723,-97.7021025580415,0.0323882461069511,-6.19996686325078,1.81497623722361,-0.00529422824563198,0.426071934373479,-30,0,0,0,0,0,0,2,-46.0934186062781,0.464646332349296,-30.2072597108463,0,0,0
586,-96.0197148738814,-0.0440314713776426,-5.91812948630125,1.75816025360275,0.000501294998791738,0.40743359708598,-96.081049916581,0.0834177446797762,-5.71118088909226,1.76762022090283,0.00446745565443456,0.408943435920048,-30,0,0,0,0,0,0,2,-44.5999222571212,-0.613581054803008,-29.4719818138203,0,0,0
587,-94.2879912191189,-0.0438388274108847,-5.51205284894592,1.7052863979443,-0.000116012420126482,0.404741277091473,-94.3889666856621,0.0519218373275145,-5.69794083400619,1.72203790389201,-0.00568287108302787,0.389061138729485,-30,0,0,0,0,0,0,2,-43.4258570178769,0.464443433647758,-27.5102322049361,0,0,0
588,-92.6081112776639,-0.0437244184851543,-5.10811238783658,1.65447324770042,0.000344824615959293,0.40316039221007,-92.5588832745084,-0.128278138571872,-5.0403442945899,1.64850946547847,0.0166588715468146,0.411753810521225,-30,0,0,0,0,0,0,2,-39.7331799988305,-1.40933087753772,-31.0946924629427,0,0,0
589,-90.978502872298,-0.0440859609169946,-4.70820599528307,1.60474138864851,-0.00106791527179522,0.396672672291964,-90.9638941416383,-0.144117081840978,-4.72306027552645,1.58471190528188,-0.0114623081890975,0.390732584773044,-30,0,0,0,0,0,0,2,-36.5434022449118,1.4344649825917,-29.6271379262515,0,0,0
590,-89.3968990632356,-0.0444382180495328,-4.31500189637959,1.5584638751388,0.000363395383944613,0.389754411221057,-89.4446355086575,-0.128347953648611,-4.29040364823198,1.55927476242091,-0.00431584517361324,0.373327434934453,-30,0,0,0,0,0,0,2,-37.0382052247765,0.688280424658546,-28.7519361969814,0,0,0
591,-87.8615421303656,-0.0437322664834826,-3.92815816437403,1.51224806392416,0.00104850232921118,0.383951875486248,-87.8516421639617,0.00596897162188462,-4.01763738841331,1.51756591931852,0.0104291122203837,0.388563202142617,-30,0,0,0,0,0,0,2,-36.0533076039281,-1.05484916528213,-30.821045437435,0,0,0
592,-86.3725734271583,-0.0432127566139073,-3.54819414435053,1.46568656140157,-9.48820384941712E-06,0.375995078307428,-86.1690607166731,-0.118824531886951,-3.78509317083066,1.46026592864656,0.00261988706756465,0.39886169040252,-30,0,0,0,0,0,0,2,-33.68847143131,-0.0243396429825623,-32.3159826985907,0,0,0
593,-84.929609292595,-0.043235911856882,-3.17740976144177,1.42023796541172,-3.68280429542407E-05,0.365592129292703,-84.9769994637953,-0.130660386457081,-3.19908355898997,1.41662860243543,0.00411791212012029,0.369096185748914,-30,0,0,0,0,0,0,2,-31.7088613159523,-0.150470439097868,-30.5114514569115,0,0,0
594,-83.5307801251299,-0.0433493850073558,-2.81677645831164,1.37741681610531,-0.00019012412689856,0.355691851609968,-83.5918895248417,-0.0795811603518234,-2.68500127899902,1.3891629757406,0.000474915976097207,0.35623672282947,-30,0,0,0,0,0,0,2,-31.7325185243762,0.111670723093926,-30.2536697249489,0,0,0
595,-82.1747205668739,-0.0434850821369762,-2.46587781586261,1.33469887000733,-8.12759748983057E-05,0.346122729962914,-82.089594353451,-0.105775831266497,-2.49386146403719,1.3377816572782,-0.0213392465973551,0.34201249787338,-30,0,0,0,0,0,0,2,-29.5989770209185,2.3454763222685,-29.2135268592636,0,0,0
596,-80.8602140834749,-0.0423949423193267,-2.12466178227303,1.29431057372937,0.00226154920211396,0.336325692883622,-80.674607285988,-0.0356244814011225,-2.02017812736228,1.29173521542452,-0.0199853748608183,0.340266211086239,-30,0,0,0,0,0,0,2,-27.8243069704764,2.06978644888408,-29.9862648538993,0,0,0
597,-79.5855874902118,-0.0390997662229793,-1.79401066771651,1.25493848437586,0.00432879689426731,0.324992456695396,-79.6592596422393,0.00186964327449494,-1.93616104760507,1.24843082526735,-0.0196022520665547,0.33519392344574,-30,0,0,0,0,0,0,2,-25.5245632422562,1.95648592010648,-29.6470702493638,0,0,0
598,-78.3492979947346,-0.0337939077275639,-1.47514908031565,1.21763602083504,0.00628291442004505,0.312745799437131,-78.2606599973993,0.119943018141199,-1.31614888670888,1.23594747659562,0.0187299442207306,0.329496898127013,-30,0,0,0,0,0,0,2,-27.0734276647636,-2.11288045835546,-30.3173920392835,0,0,0
599,-77.1511533402369,-0.0285686762495772,-1.16833185203714,1.1786489589545,0.0041675426926942,0.300904361449305,-77.2178247785329,0.0372647384169303,-1.1568744425029,1.17434575910933,-0.0107649434587287,0.285226427711141,-30,0,0,0,0,0,0,2,-22.9989263538675,1.00196486903901,-26.2088938861083,0,0,0
600,-75.9891694036207,-0.0239012116038325,-0.872753925535386,1.14531504705407,0.00516738283842444,0.290264964615993,-75.9446263703285,0.133360015145908,-0.847667314277389,1.1441090025932,0.0183481545059874,0.278182961438569,-30,0,0,0,0,0,0,2,-22.5216475186625,-2.10153548089055,-26.1229615153021,0,0,0
601,-74.8603093647227,-0.019785638424843,-0.58787371513114,1.11240111606268,0.00306375828667949,0.279508739410635,-74.9958905372631,0.0104391583861475,-0.449006038989969,1.1165638786037,-0.00486682875850799,0.283629158074311,-30,0,0,0,0,0,0,2,-21.6646067858436,0.465804559078504,-27.4649037294511,0,0,0
602,-73.7643987134644,-0.0164900004151648,-0.314505654501976,1.07941568410887,0.00352751016530792,0.267240659904573,-73.8029482167212,0.0622073418787564,-0.172704527774581,1.0795227318594,0.00230942588722871,0.270345144726629,-30,0,0,0,0,0,0,2,-20.3463767524976,-0.355357272480383,-26.6891054171137,0,0,0
603,-72.7007238698776,-0.0131411365934504,-0.0534169970037058,1.04792948950438,0.00317020859113072,0.254949327195019,-72.6578683490748,-0.0723626417648004,-0.201128466441244,1.06507068195891,0.0178020785930062,0.254318340843219,-30,0,0,0,0,0,0,2,-21.1913314977416,-1.63548257577102,-25.0295771514394,0,0,0
604,-71.6684292138673,-0.0107896552241287,0.196341733011093,1.01665605103776,0.00153275203834858,0.244580691846588,-71.7864811521221,0.134562406611412,0.379461499379756,1.00768935270281,0.00196606173089518,0.24432298730018,-30,0,0,0,0,0,0,2,-17.1959729660367,-0.465730986312343,-25.1912217287775,0,0,0
605,-70.6658166578485,-0.00949061187502639,0.434574212335268,0.988564393072235,0.0010653292002508,0.231895565267256,-70.7069024064933,0.0132672312586415,0.446290880602707,0.986551616394547,0.00523290800718032,0.245677288410314,-30,0,0,0,0,0,0,2,-17.2413568264681,-0.549825263235315,-25.4603106022368,0,0,0
606,-69.6914045387548,-0.00870104205266219,0.660057334458806,0.960255131279224,0.000513803882559253,0.219082039104863,-69.7050398293885,0.0340818471176997,0.736061150071869,0.97077504522953,0.000150608626988371,0.219314017809094,-30,0,0,0,0,0,0,2,-17.667424864176,-0.0832245569342365,-23.4035240810532,0,0,0
607,-68.7449091033823,-0.00822969367225702,0.87372928171138,0.93273179694539,0.000428886814444991,0.208272885104616,-68.878550936082,-0.115556080586056,0.904720466738839,0.952354974554411,-0.00555356410282347,0.220251222328998,-30,0,0,0,0,0,0,2,-17.478395583277,0.786468571454458,-23.8345631663775,0,0,0
608,-67.8259931414407,-0.00740841266160418,1.07639403995046,0.905096033587035,0.00121366840670724,0.197067677792101,-67.8009871374844,0.0407002082434504,1.14000037594701,0.887114841928778,0.0146355265788517,0.204561274334575,-30,0,0,0,0,0,0,2,-13.109509917909,-1.54495307437207,-22.7361281853515,0,0,0
609,-66.9326148184764,-0.00696789562923973,1.26709925473074,0.881655940271467,-0.000332639612851672,0.184352164447537,-66.8327921503543,0.033332706748532,1.35804558151158,0.878553704500784,-0.00385520277225285,0.196952018392488,-30,0,0,0,0,0,0,2,-14.1897861493697,0.318854863728221,-22.4112930022719,0,0,0
610,-66.0630428777785,-0.0071418185678745,1.44555773225562,0.857483627269557,-1.52107978507232E-05,0.172574461412014,-66.0632727573199,-0.0821034118542394,1.42450368766765,0.847281129892467,0.00110033989584717,0.189516035907649,-30,0,0,0,0,0,0,2,-12.6015674746069,0.0541728341237616,-21.8006109661002,0,0,0
611,-65.2168293273144,-0.00713059074989922,1.61206699753925,0.834939033039421,3.76605914290499E-05,0.160453093757047,-65.0566565910533,-0.0672610761298837,1.72314435621561,0.843796157969031,-0.0026192783036471,0.160526411237187,-30,0,0,0,0,0,0,2,-14.2663026147965,0.396449982624477,-19.4989298361499,0,0,0
612,-64.3932026831908,-0.00689539102292898,1.76790197287592,0.812310922752477,0.000432732799978391,0.151225889305917,-64.540328949599,-0.062502808480309,1.71933596294045,0.804270628823428,-0.00530364821391068,0.159262858459263,-30,0,0,0,0,0,0,2,-11.3464049831448,0.655370438351686,-19.3649577718072,0,0,0
613,-63.5909764021847,-0.00613555355559476,1.91375969109903,0.792137736120276,0.00108693629373471,0.140497622341967,-63.8291682369581,-0.0938768584780156,2.04133287788018,0.776269665707918,0.0037673858322041,0.139846517567179,-30,0,0,0,0,0,0,2,-9.96863009687563,-0.188984866264379,-18.0673175124783,0,0,0
614,-62.8079990160059,-0.0051436292445115,2.04905305691751,0.773813260051753,0.000896906745891978,0.130096458906909,-62.8377817973425,-0.0660599271508212,2.07710587179127,0.751276992264152,0.00344296294288978,0.134278069413559,-30,0,0,0,0,0,0,2,-9.45213563173014,-0.212176439987335,-17.5820186849384,0,0,0
615,-62.0430068413166,-0.00435330734516979,2.17401893329702,0.756167370683758,0.000683731434112838,0.119842366911347,-61.9845882723746,0.00197088736316057,2.30689615550612,0.756737554270205,-0.00891375809307722,0.0968809023146049,-30,0,0,0,0,0,0,2,-11.7045788822714,0.887434034581401,-14.3018825424727,0,0,0
616,-61.2956576729179,-0.00322640519191377,2.29074141895394,0.738528779527007,0.0015700663739742,0.113609654479486,-61.4071582807607,-0.0677223424807259,2.42581764017052,0.723801286027797,-0.00109850205310323,0.127595033315772,-30,0,0,0,0,0,0,2,-9.56581204125825,0.245294890271775,-17.6111386119182,0,0,0
617,-60.5660241274102,-0.00153419271377095,2.39928347570149,0.720734645486201,0.00181435374068006,0.103481554690089,-60.6464690054986,-0.0483322169930862,2.3759635847617,0.718949172788176,-0.0124389213667924,0.103996546668552,-30,0,0,0,0,0,0,2,-10.6019792678204,1.34055657066541,-15.1515818363786,0,0,0
618,-59.8539154590679,0.000949924181973932,2.49902341432693,0.703480034659457,0.00315387422104633,0.0960051970995878,-59.8664530909815,-0.0585068737499596,2.35739092392711,0.700031481138587,0.00109012527798072,0.089077565517485,-30,0,0,0,0,0,0,2,-10.2702419318957,0.00800121970184675,-13.6225383996027,0,0,0
619,-59.158494812974,0.00410730987537987,2.5918385861544,0.687359019720299,0.00316089124198974,0.0896315742064732,-59.121637267532,-0.0343514325068421,2.51688247067487,0.678037390045374,0.00955860574156735,0.0929791813078773,-30,0,0,0,0,0,0,2,-9.56046446947342,-0.88715770914305,-14.3316830721375,0,0,0
620,-58.4791150036184,0.00682415225332108,2.67780530840586,0.671398000445936,0.00227278689497611,0.0823082221092155,-58.6075231484848,-0.131930058945191,2.58396496786327,0.674879819540433,0.0409010669676468,0.09105169839872,-30,0,0,0,0,0,0,2,-10.2729356570737,-3.8262465788743,-14.2730997755985,0,0,0
621,-57.8159785077172,0.00718331996916257,2.75669648909282,0.65487258147468,-0.00155445607086174,0.0754806884945181,-57.8198321421405,-0.21731342066538,2.69538960334485,0.659442077525257,0.00579243447001151,0.0803966226342047,-30,0,0,0,0,0,0,2,-10.3045434682446,-0.144616605670391,-13.4304414701102,0,0,0
622,-57.1691451739324,0.00555606730695158,2.82913345262422,0.638791959493501,-0.00170005578505335,0.0693996048464182,-57.1556051000271,0.0111285416123593,2.9941382498472,0.625482922744906,-0.0100394521184902,0.0708923608769968,-30,0,0,0,0,0,0,2,-8.23708207443649,0.981688128624301,-13.0775125873941,0,0,0
623,-56.5374523353622,0.00434644403065841,2.89505698834767,0.624591263817797,-0.000719196723802653,0.0624531062803538,-56.4902804527339,0.0345506269856668,2.8009527862932,0.626874139874858,-0.00945833353349433,0.0590032783757519,-30,0,0,0,0,0,0,2,-9.70685308201806,0.876732099378099,-11.5022334101616,0,0,0
624,-55.9201134770544,0.00406516391845933,2.95511824396992,0.61008481724367,0.00015663048901059,0.0576751486760244,-55.8108420201543,-0.0401018665734473,2.91035333179456,0.610513892899127,0.00170679009911701,0.0456484704541558,-30,0,0,0,0,0,0,2,-9.42970524960418,-0.0904752767648067,-10.3855537090047,0,0,0
625,-55.3168503696821,0.00417612726412805,3.01079456513576,0.596440058718112,6.52907081916859E-05,0.0536829000327202,-55.0702586422212,0.0318031031996187,3.14915617536169,0.590118968578757,-0.00222153721739001,0.0616977773559411,-30,0,0,0,0,0,0,2,-8.87137957343332,0.158547515339764,-12.4680900863175,0,0,0
626,-54.7276101895986,0.00432026293131571,3.06148382080136,0.582038211099787,0.000222975140667018,0.0477012884306456,-54.763193210482,-0.0241488534006747,3.10939028145831,0.571745141912934,-0.00177915668163592,0.0652201198604288,-30,0,0,0,0,0,0,2,-7.64812777032941,0.226213374964941,-12.7407925489595,0,0,0
627,-54.1523582191656,0.00465595667416341,3.105743345399,0.568463301717701,0.000448407691210923,0.0408231142871486,-54.1984786853388,-0.0243554103017658,3.0008891901293,0.56124086928952,-0.0104041740158351,0.0398877319888301,-30,0,0,0,0,0,0,2,-7.72712955827428,1.08912822218704,-9.99055157914162,0,0,0
628,-53.5899240318008,0.00564856409986201,3.14428451481251,0.556403519364806,0.00153680018824249,0.036263993139871,-53.684640561942,0.0798434893430145,3.11125370748732,0.546253186450436,0.00707044740973365,0.0302862990551446,-30,0,0,0,0,0,0,2,-7.25603752115969,-0.866731719659394,-9.2511373204891,0,0,0
629,-53.0391479182323,0.00675165699773964,3.1784454342624,0.545147286993859,0.00066938000148171,0.032062304157676,-53.1548894326146,-0.128520374616746,3.04547980636751,0.526960545062478,0.00904167972564385,0.035273071272671,-30,0,0,0,0,0,0,2,-6.38627564101857,-0.647127223330893,-9.61826674000212,0,0,0
630,-52.4993847689103,0.00709715963071888,3.20801610910141,0.534377300568948,2.16196051800048E-05,0.0270833105879437,-52.3182208926613,-0.0216759372578427,3.11723027801866,0.518887444964582,0.0199143394019971,0.0303535385098459,-30,0,0,0,0,0,0,2,-7.25230271113559,-1.94808206568402,-9.2698144070219,0,0,0
631,-51.9706478231134,0.00614439737980753,3.23301399508202,0.523095183269812,-0.00192715099533316,0.0229169081939702,-51.9672542249629,-0.0700140593439522,3.35467951431528,0.505894418587315,0.00333908395236365,0.0245054231630027,-30,0,0,0,0,0,0,2,-6.65493340880583,-0.19388027654846,-9.15990134493084,0,0,0
632,-51.4529223572914,0.00411998616541641,3.25372977617518,0.512354252360899,-0.00212167515805836,0.0185188897091055,-51.3924916351299,-0.0155131830004677,3.33255157533967,0.514508035857644,-0.0051126343753493,-0.00065808345299781,-30,0,0,0,0,0,0,2,-8.66582031550459,0.542289803535865,-6.59929480537955,0,0,0
633,-50.9460140725812,0.00226908884855001,3.27168657718809,0.501462048395302,-0.00158012549349591,0.0173989931416012,-51.0216924732109,-0.0951090505829874,3.32914463215789,0.500268993017659,-0.0056681435632774,0.0200539752649571,-30,0,0,0,0,0,0,2,-7.98351435534411,0.757032457493715,-8.66368679081149,0,0,0
634,-50.4503233577805,0.00106711707807739,3.28749878782861,0.489918347803433,-0.000823822577985642,0.0142299449531935,-50.5724375047485,0.0812185216031444,3.27447417692675,0.476625023793,-0.00180282723076688,0.0105563385326591,-30,0,0,0,0,0,0,2,-6.51762736980299,0.0178456798703994,-7.6045822071194,0,0,0
635,-49.9652751920254,0.000251917105044359,3.30015777817264,0.480176958705897,-0.000806582290707635,0.0110918687704066,-50.1950400452163,0.0231193031915679,3.2340261135476,0.492819634236391,-0.0013924343274244,0.0322138011606734,-30,0,0,0,0,0,0,2,-8.89188333320644,0.0930048263593042,-9.68943234316255,0,0,0
636,-49.4915439554704,-0.000508566820203651,3.30953763412295,0.467284383886764,-0.000714390747501359,0.00767284172235868,-49.6121323230144,0.157090345476455,3.16512730479521,0.49290479135223,5.47759542914301E-05,0.00113439617644861,-30,0,0,0,0,0,0,2,-10.0662144891942,-0.319658286382053,-6.44369422723529,0,0,0
637,-49.0302359310681,-0.0013832008827593,3.31717326128935,0.45533177940402,-0.00103488623742404,0.00760305247535025,-48.8498990276855,0.25871422360143,3.21428736375499,0.46187385640423,-0.00164070340404025,0.00833909662091072,-30,0,0,0,0,0,0,2,-8.487587585052,-0.353358106798835,-7.26248438960105,0,0,0
638,-48.5804798829775,-0.00259513322129842,3.32395903008166,0.444179847926773,-0.00138898400211106,0.00597281504326874,-48.5177786753754,-0.170663509155545,3.43115143985242,0.448895026154374,-0.00667568794146541,0.0142509389195329,-30,0,0,0,0,0,0,2,-7.85394526468666,1.00889581245763,-8.28739677165813,0,0,0
639,-48.1419207865927,-0.00348002347152851,3.32852665642999,0.432937434169551,-0.000380801536810188,0.00316679288031053,-48.1712578940797,0.0275150023761915,3.59985328591824,0.438985608275067,0.0198995020848887,0.00184971722141335,-30,0,0,0,0,0,0,2,-7.5560450393474,-2.04498021324125,-7.38467829397782,0,0,0
640,-47.7142213222761,-0.00488365050486114,3.33057944900264,0.42246080045846,-0.0024264571810815,0.000942853506592102,-47.806515447974,0.147740525803725,3.50964639802086,0.416093592109439,-0.00544587780456379,0.000129821014458358,-30,0,0,0,0,0,0,2,-5.99632831499576,0.249106728848928,-7.03227489748755,0,0,0
641,-47.2962659298644,-0.00718583036580493,3.33010520378168,0.413449065491479,-0.00217790808702288,-0.00188783612461885,-47.4939535160424,0.0144957261096308,3.21196267601,0.417730031278011,-0.0158309386957418,-0.0169443348443142,-30,0,0,0,0,0,0,2,-6.78509609571628,1.55410241735492,-4.72949186758857,0,0,0
642,-46.8869673477389,-0.00858697031951197,3.32797411006723,0.405148047647696,-0.000624377114089256,-0.00237111491360998,-46.6944355199582,0.0600237979213413,3.32653969690966,0.425605721418843,-0.00154329925405929,-0.00167428811674423,-30,0,0,0,0,0,0,2,-9.17170110196786,0.0342823295632461,-6.48565058214489,0,0,0
643,-46.487451411989,-0.00919459040572541,3.32536156513915,0.393883770661868,-0.000590868932014983,-0.00284964946505135,-46.3609419918704,0.0830554969443602,3.52353789421021,0.41103331640044,-0.0161121030800663,-0.00638421296999013,-30,0,0,0,0,0,0,2,-8.3814476563031,1.44509931411791,-6.40865449142141,0,0,0
644,-46.0988579619121,-0.00906326502089513,3.32208186118709,0.383302934857857,0.000853514042776633,-0.00370569341789612,-46.1260458915128,-0.275870217498453,3.41284780301869,0.386728229897084,-0.00632510254017452,-0.0101047256759085,-30,0,0,0,0,0,0,2,-6.42073120668272,1.18425068901436,-5.81522303844653,0,0,0
645,-45.7198791410264,-0.00761790550761643,3.31761994469851,0.3746542722302,0.00203719926261313,-0.00521479293656621,-45.7065118496956,0.00903700485905859,3.34684053422563,0.380527348019448,-0.00286278185048933,-0.00479673439040651,-30,0,0,0,0,0,0,2,-6.63971110255364,0.268204175330815,-6.21400762941061,0,0,0
646,-45.3497563258107,-0.00544689542752042,3.31156259760869,0.365590854803411,0.00230481498408771,-0.00689641212219473,-45.3123504073151,0.0439802135090161,3.30508443525576,0.380219674930691,-0.00850481412485591,-0.00314194317884586,-30,0,0,0,0,0,0,2,-7.39726667843885,0.762520985467558,-6.29597455262693,0,0,0
647,-44.9890282720387,-0.0027611389270317,3.3040248069019,0.355864894852442,0.00306669194794829,-0.00817544638828941,-44.7886018080184,0.137811414906242,3.17188356345623,0.350690995665262,0.0215225459893124,-0.0141042324443215,-30,0,0,0,0,0,0,2,-5.49189595048943,-2.42787742874373,-4.93334388248031,0,0,0
648,-44.6368559802073,-0.000908624615746377,3.29520512296662,0.348479329503726,0.000638331607345642,-0.00946106566298125,-44.6006344822219,-0.0746274591747899,3.33448465457554,0.351579090324495,0.00608789921613248,-0.00184745874354425,-30,0,0,0,0,0,0,2,-5.95664006800563,-0.459535003263668,-6.48422343479664,0,0,0
649,-44.2927167171149,-0.000500330155231503,3.28462099078365,0.339798483418879,0.000178251914225177,-0.0117038735849727,-44.2325075107747,0.0620491279954944,3.21312479246258,0.34002708513886,-0.00855020914674682,-0.00328974254941781,-30,0,0,0,0,0,0,2,-5.53769349233652,0.730922658683693,-6.09727532998339,0,0,0
650,-43.9569770968611,4.31324724387591E-05,3.27183576121045,0.3316800741998,0.00090866691367661,-0.0138634743778715,-43.9384682371557,0.0951117238319433,3.14924151400679,0.354049140606547,-0.00603584913971694,-0.0201266790395475,-30,0,0,0,0,0,0,2,-7.52797758634331,0.413361466307808,-4.28581512405883,0,0,0
651,-43.6296218693137,0.00115817499404063,3.25821972102453,0.323030670164007,0.00132141211290791,-0.0133653082533049,-43.7740251137272,0.0966151177156052,3.20473555839895,0.329963336727742,0.0135296845350706,-0.0058242838267286,-30,0,0,0,0,0,0,2,-5.44828344531975,-1.54619868893827,-5.82704273412504,0,0,0
652,-43.3105359327244,0.0017062426338221,3.24387423064484,0.315140592757728,-0.00022528286272048,-0.0153226553998897,-43.2936084836998,0.0982190941662758,3.38935592471233,0.328567106926854,0.00347648602563328,-0.0239214848220916,-30,0,0,0,0,0,0,2,-6.26949372528578,-0.544086790895879,-4.38656336721549,0,0,0
653,-42.9992440995112,0.00120865523250396,3.22840371353667,0.307443070028409,-0.000769897967040143,-0.0156154424072528,-43.1786521483482,-0.151518062538785,3.12406103802107,0.306555806845784,-0.00206545874631909,-0.0170858431978178,-30,0,0,0,0,0,0,2,-4.29827638788207,0.509581999709479,-4.53953775626036,0,0,0
654,-42.6949031195912,0.000693355646808841,3.21200139468136,0.301238416078812,-0.000260706446354942,-0.0171868108796397,-42.5113327245874,-0.0954178376999985,3.16160719147757,0.306311961898901,0.011234541024278,-0.016973645721465,-30,0,0,0,0,0,0,2,-5.60853074071525,-0.932618427027804,-4.62584981080864,0,0,0
655,-42.397320160169,-3.39001538046883E-05,3.19439030058634,0.29392729294637,-0.00119381043392228,-0.0180325946498597,-42.52580010388,0.149685638045538,3.08966726884594,0.304653449776113,0.00352663959609246,-0.0302420418896015,-30,0,0,0,0,0,0,2,-5.41374476985121,-0.652035235700322,-3.15513034873173,0,0,0
656,-42.1065324199434,-0.00155394715083879,3.17647415059158,0.287648370176287,-0.00184629020637431,-0.0177973045439329,-41.8958326183083,0.108894076513985,3.11457654812177,0.2989688776098,-0.00896110490487768,-0.0199991604141812,-30,0,0,0,0,0,0,2,-6.10522252436341,0.678322337459797,-4.22923705482541,0,0,0
657,-41.8226209921667,-0.0030613301498018,3.15857582697779,0.280174505929558,-0.00116848156326164,-0.0179965118980117,-41.7631305321033,-0.156318214999569,3.21367848322668,0.302517869424748,-0.0191638945705565,-0.00397369872963589,-30,0,0,0,0,0,0,2,-6.7255258782681,2.22902588705478,-6.02998709348977,0,0,0
658,-41.5469699274649,-0.00311559162645337,3.13994990514184,0.271127260520913,0.00105995313585179,-0.019251934435821,-41.4771891158768,0.0368486325979214,3.3176778999486,0.272221804127138,0.00722277930811572,-0.0172327762181622,-30,0,0,0,0,0,0,2,-4.26780218096025,-0.795975196007415,-4.91207817808099,0,0,0
659,-41.2790478538367,-0.00245382080898397,3.11979210572577,0.26471631965019,0.000263582768498516,-0.0210612339418138,-41.0670182580839,0.111189917326221,3.22670075922512,0.28352248988945,-0.00424590612048969,-0.0141829227599281,-30,0,0,0,0,0,0,2,-6.21821247277722,0.202210777396527,-5.03510924245743,0,0,0
660,-41.0183565778081,-0.00208939794265471,3.098366616814,0.256666057938011,0.00046525692689348,-0.0217867232541672,-41.0427022036508,-0.00994011428501151,3.03003972411271,0.256336536291622,0.0193048205696138,-0.0165449958094797,-30,0,0,0,0,0,0,2,-3.54824922186068,-1.91060182839135,-4.40557986727745,0,0,0
661,-40.7644584858724,-0.00257960588353658,3.07567705132231,0.251129558699301,-0.00144567937880281,-0.0235903047842961,-40.6916911937634,-0.0334587591451712,3.24636123270201,0.257520961845433,-0.0032673902494254,-0.0222592751118921,-30,0,0,0,0,0,0,2,-4.36871379701644,0.393656543232882,-4.26679495421482,0,0,0
662,-40.5163853743048,-0.00382864765194314,3.05149174854892,0.245016320100716,-0.00105241330153252,-0.0247779909669934,-40.7644760603648,0.098690023852814,3.00362728650745,0.240036034963628,0.00322717332896236,-0.0318274539624511,-30,0,0,0,0,0,0,2,-2.4746513756332,-0.520097380601864,-2.82450917676979,0,0,0
663,-40.2732361872894,-0.00514122104281832,3.02613411331343,0.241281721811432,-0.0015727393787108,-0.0259358376885181,-40.4524593643802,0.0137860614151102,3.07537456767522,0.257787631388334,-0.0129801514601859,-0.00349694096830727,-30,0,0,0,0,0,0,2,-4.87384441007299,1.27044302318837,-5.80105503851971,0,0,0
664,-40.0356757384228,-0.00607896314713258,2.99915384699437,0.233838507575208,-0.000302751181295329,-0.0280219141062044,-40.2667651973903,0.158437891037833,3.03784778080797,0.222824345143947,0.00427784320178573,-0.03395892164304,-30,0,0,0,0,0,0,2,-1.74890411961412,-0.744660102254239,-2.67980339731194,0,0,0
665,-39.8033735768785,-0.00675412838782887,2.9704032078486,0.23076537359728,-0.00104758552482886,-0.0294781701955479,-40.042609626552,-0.023702769169651,2.87916229687469,0.221326008833867,-0.00310382306044164,-0.0145315377761696,-30,0,0,0,0,0,0,2,-2.04738163028272,0.357787844383466,-4.30517081613242,0,0,0
666,-39.5747542456616,-0.00762293014721749,2.93964075212874,0.226472446395136,-0.000690023204267111,-0.032045111858506,-39.438385521653,0.0534290157531809,2.83915838870585,0.220210945996416,-0.00678564329108186,-0.033162912320024,-30,0,0,0,0,0,0,2,-3.14432355633559,0.571706297601824,-2.3620255454093,0,0,0
667,-39.3502827805055,-0.00802723152610297,2.9074221387719,0.222470441925064,-0.000118584864278569,-0.0323905931282972,-39.3156071757261,-0.125698272953022,2.82760822350511,0.221114251957765,-0.0152985175066206,-0.0372790742402262,-30,0,0,0,0,0,0,2,-3.48021084432422,1.7812482965681,-1.9273090229876,0,0,0
668,-39.1298163766905,-0.00725533224366443,2.8751372933139,0.218462524209891,0.00166237952361608,-0.0321775772423693,-39.1906997792318,-0.0558994162828005,2.78152888267547,0.234829473190415,-0.00322737927506325,-0.0411734005822281,-30,0,0,0,0,0,0,2,-5.10154776057789,0.434536760071926,-1.44571770712812,0,0,0
669,-38.9138583412185,-0.00537587831899512,2.84375132591033,0.213454200833891,0.00209652556733081,-0.0305924798292072,-39.0665725232723,0.00910958157633053,2.93905632277223,0.224828503836373,-0.0147693249850136,-0.0251504557984816,-30,0,0,0,0,0,0,2,-4.34970533709282,1.4587133353487,-3.3630670656963,0,0,0
670,-38.7031863951424,-0.00255017944271193,2.81296506681238,0.207889632109538,0.00355486645838081,-0.0309779646157221,-38.7753254539881,-0.00405444230680227,2.84076250658409,0.204610509295053,-0.00151804386499684,-0.0293854701285099,-30,0,0,0,0,0,0,2,-2.91040002152911,0.159913271113289,-2.74297800031719,0,0,0
671,-38.4973185166455,0.00108451726906289,2.78161121956971,0.203845933560496,0.00371452143985856,-0.0317282058474904,-38.5834563989879,0.00627383645841968,2.7935834516521,0.202122754103476,0.000894325274401519,-0.0163134882610104,-30,0,0,0,0,0,0,2,-3.04536261237167,-0.101980200356991,-3.95581807720317,0,0,0
672,-38.295915707986,0.00474790643281293,2.74906985835975,0.1989591771575,0.00361225094079302,-0.0333526944848709,-38.3071985154791,0.0528566498695905,2.72913940364658,0.205517665552921,0.0102094156209921,-0.0321650963035942,-30,0,0,0,0,0,0,2,-3.93736952433388,-1.12665486183839,-2.24176917693374,0,0,0
673,-38.0992366669565,0.00779667211536209,2.71586149050251,0.194399082152404,0.00248527375053159,-0.0330623412096222,-38.1531561315135,-0.0343105173891777,2.71649705769225,0.199543823982125,-0.00463631426472296,-0.0305429991784801,-30,0,0,0,0,0,0,2,-3.64807013518552,0.532252461250652,-2.3786941975365,0,0,0
674,-37.9070437524036,0.0105479238922893,2.68280644275128,0.189986827503589,0.00301722200428039,-0.0330461134017853,-38.0555649846758,-0.116454444394375,2.62995106443581,0.204396927705317,0.0200258071334131,-0.0249648865691253,-30,0,0,0,0,0,0,2,-4.32856280118011,-1.76967182455256,-2.76341347195908,0,0,0
675,-37.7196499296072,0.0126801323635413,2.64982620690109,0.184800939270763,0.00124719031740401,-0.0329124396548285,-37.6108419142702,0.0348702375927976,2.52295547250776,0.198503179305697,-0.00503641941726907,-0.0415404775244581,-30,0,0,0,0,0,0,2,-4.62863410202936,0.433901466541312,-0.891863192569709,0,0,0
676,-37.5369922797266,0.0141441025210585,2.61781981424104,0.180515079181678,0.00168074503014543,-0.0310987517068838,-37.6419250023356,0.042836882614758,2.62975013446626,0.174586755781065,-0.00345304010086368,-0.0179273038249371,-30,0,0,0,0,0,0,2,-2.17482557343529,0.259630244856852,-3.4667698864388,0,0,0
677,-37.3584274257925,0.0159545559382353,2.58586372645962,0.176614086177203,0.00194015611945107,-0.0328119718447486,-37.3705827583719,0.0233770231218519,2.44175218948835,0.182244290166381,0.00137838871754687,-0.0300775576966241,-30,0,0,0,0,0,0,2,-3.48326349989423,-0.184592917998391,-1.87574860931428,0,0,0
678,-37.1837999427391,0.0178022768643429,2.55322815293001,0.172641075719596,0.00175528002768001,-0.0324576989355974,-37.3053350670277,-0.0540250667094117,2.55377349476275,0.183077784147412,0.00829063366186133,-0.0344844915322513,-30,0,0,0,0,0,0,2,-3.69710828068566,-0.72101323276731,-1.65909783630037,0,0,0
679,-37.0131636458329,0.019196905750552,2.52110231351032,0.168631820822952,0.00103397236239873,-0.0317924959829608,-36.9856707382339,0.138391804095461,2.49567888128883,0.17158978461047,-0.00313146939645431,-0.0318556552040647,-30,0,0,0,0,0,0,2,-3.18763698457917,0.0363633314545093,-1.80579224217119,0,0,0
680,-36.8463785761448,0.0202489320518929,2.48943265522347,0.164938472835667,0.00107007490577508,-0.0315454485022866,-36.8088400401248,0.136247302839634,2.48537936364402,0.162403544590594,-0.00788437571884065,-0.0237313198769205,-30,0,0,0,0,0,0,2,-2.62267437880986,0.515942966204798,-2.59762673959599,0,0,0
681,-36.6833043516304,0.0215768639235796,2.45752813208689,0.161209786238502,0.00158578279039047,-0.0322622188922339,-36.7137472812848,-0.140793014147262,2.46633151163416,0.159162856213775,-0.0124431554510001,-0.0356771046531451,-30,0,0,0,0,0,0,2,-2.48879105880784,1.52590157339453,-1.3649525579538,0,0,0
682,-36.5235298419177,0.0239254987793281,2.42535800031705,0.158339362528913,0.00311148157797696,-0.03207697384939,-36.3340676410057,-0.0167669775942782,2.48625815192922,0.153703664167998,-0.00733773074392205,-0.0391072473710599,-30,0,0,0,0,0,0,2,-2.70223113478849,0.767307029580762,-1.06179156675245,0,0,0
683,-36.3666170792404,0.0274205300787062,2.39356151377375,0.155486425718234,0.00387857618358804,-0.0315149353205912,-36.2623127043829,-0.0653967266030994,2.46179797790878,0.157301437527528,0.00786934743797993,-0.0328539728159749,-30,0,0,0,0,0,0,2,-3.20551834398708,-0.656141290591795,-1.63819867422006,0,0,0
684,-36.2129318269935,0.03097090910536,2.36225637245173,0.151884289380995,0.00322217592571566,-0.0310940212490758,-36.1146740017168,0.0328411902365246,2.43010804460822,0.139906070849582,0.00218956987792155,-0.0345430695007152,-30,0,0,0,0,0,0,2,-1.76125908152466,-0.284639368265204,-1.40590913914492,0,0,0
685,-36.062206212674,0.0340506923221591,2.33102548594964,0.149566903100235,0.00293738493939488,-0.0313668805162015,-36.0244588730992,-0.164275028334707,2.28097063416295,0.159410459059482,0.0165745563377469,-0.032936604113278,-30,0,0,0,0,0,0,2,-3.89212815974985,-1.32890557710528,-1.2682808569981,0,0,0
686,-35.914597441351,0.0363234767667987,2.30023205947241,0.145651103600371,0.00160817822324411,-0.0302185411774152,-35.8701129292777,-0.00331596385299551,2.27023789941943,0.141971733554542,-0.0194832179178997,-0.0322140595272116,-30,0,0,0,0,0,0,2,-2.45694749689889,1.95495371949596,-1.3190698461177,0,0,0
687,-35.7703522629434,0.0389090347307084,2.27013081295717,0.14283939496439,0.00356293227939271,-0.0299829118868955,-35.8449637674072,0.101477092417222,2.2524954179625,0.149018030754686,0.0361212004756609,-0.0393717747119674,-30,0,0,0,0,0,0,2,-3.21187554065423,-3.81507423240053,-0.567813364728261,0,0,0
688,-35.6289852383595,0.0405643125972806,2.24079650960647,0.139895171145804,-0.000252381620500962,-0.0286846081510267,-35.6630935816533,0.0599522811473516,2.26065428889393,0.137583806081624,0.00121037534577636,-0.0376812496593848,-30,0,0,0,0,0,0,2,-2.43219344485586,-0.240942096872339,-0.753183611849383,0,0,0
689,-35.4903105804534,0.0401913686270107,2.21245100891246,0.137454439926669,-0.000493511172599172,-0.0280054865584985,-35.3100927574639,0.0193502517444199,2.34473124067616,0.143068835080478,-0.00170002561986061,-0.0274765373995555,-30,0,0,0,0,0,0,2,-3.68669799312004,0.131302058497222,-1.94180874139677,0,0,0
690,-35.3549359387692,0.0397633616399533,2.18470498712345,0.133295080173332,-0.000362508018840489,-0.0274850486299512,-35.3387243259854,-0.0365035005675065,2.0492873014832,0.138791223149281,-0.000710622595726791,-0.0358077485796426,-30,0,0,0,0,0,0,2,-3.20167366295738,0.144069260707692,-0.517799745002133,0,0,0
691,-35.2230903032752,0.0394727723207273,2.15789540506187,0.130396718258873,-0.000218676785225629,-0.0261330546225956,-35.1820128065536,0.0445088539931755,2.19047477110647,0.134212777164483,0.00318325401110256,-0.0339965643876348,-30,0,0,0,0,0,0,2,-3.05725210334096,-0.407343109096607,-0.981293103449474,0,0,0
692,-35.0942274651749,0.039050309124345,2.13221401712308,0.127329327381932,-0.000626256162083003,-0.0252286010427003,-35.1533574588135,0.0845462504177943,2.11639088306817,0.115329480452234,-0.0173024318152013,-0.0357850234324098,-30,0,0,0,0,0,0,2,-1.22623312759642,1.56115068068454,-0.654279422895365,0,0,0
693,-34.9676096884863,0.0392045826450943,2.10700414767084,0.12590628893794,0.000934794940760335,-0.0251905953245501,-34.9440980296916,-0.183714833973227,2.23238197019997,0.135233956282217,0.0085400460773115,-0.0184147162615157,-30,0,0,0,0,0,0,2,-3.63519956883851,-0.486574939784696,-2.62329231424836,0,0,0
694,-34.8439700419229,0.0398959380197198,2.08180360425562,0.121373049863148,0.000447912203062547,-0.025208861834525,-34.860606892401,-0.150593136382292,2.08051481753643,0.104981278543326,0.00265055858395924,-0.0407070321340235,-30,0,0,0,0,0,0,2,-0.776914069530642,0.0361304143686606,-0.0903264216705049,0,0,0
695,-34.7229572410881,0.0403618897236338,2.05670161968199,0.120652676825493,0.00048398550627813,-0.0249948161691469,-34.507468020358,-0.058906027016932,2.19740434500865,0.122152847234434,0.00361934390231586,-0.00731503802084438,-30,0,0,0,0,0,0,2,-3.20034868272742,-0.244122336197722,-3.66330488793286,0,0,0
696,-34.6047217509665,0.0407236689609666,2.03116091714798,0.115817970895914,0.000239567214027952,-0.0260848617655802,-34.5953619142607,-0.0228255402181209,2.0782793345578,0.110826754782009,-0.00377358992422897,-0.0244254874671769,-30,0,0,0,0,0,0,2,-1.89195164967954,0.423010072859138,-1.71400992239791,0,0,0
697,-34.4902047276331,0.0411746615275077,2.00489543969655,0.113215994126855,0.000662410653067076,-0.0264451503312805,-34.6639212928925,-0.0209760869541601,1.82976972914373,0.114839734595567,0.00248649045217892,-0.0193529559901169,-30,0,0,0,0,0,0,2,-2.15613087377169,-0.206696871309572,-1.72424385927578,0,0,0
698,-34.3783967189126,0.0417336334514147,1.97835036320568,0.110400001100191,0.000455528110662725,-0.0266439847399633,-34.251607142219,-0.0849643440314892,2.0247593197569,0.0980774721073761,-0.013228510158011,-0.0396816909323398,-30,0,0,0,0,0,0,2,-1.30453292629963,1.49277970386408,-0.0813495462798137,0,0,0
699,-34.2685612468285,0.0429355070350614,1.95198960208538,0.109271186898207,0.00194821321947652,-0.026077109596278,-34.3781386693278,0.0467278516339513,2.14618526004246,0.1106370203837,0.00618770430848196,-0.0325921315399531,-30,0,0,0,0,0,0,2,-2.3074246997145,-0.712226134116099,-1.03315736608962,0,0,0
700,-34.1605423564746,0.0445275179134498,1.92613531376764,0.106766795596999,0.00123580337097977,-0.0256305610323051,-34.1958524347816,0.136211412148662,1.96577483273908,0.119719653357449,-0.00283985256923177,-0.0278586002049887,-30,0,0,0,0,0,0,2,-3.58026046618174,0.011562432625853,-1.14568964497929,0,0,0
701,-34.0555608260792,0.0457689668016002,1.90108175989196,0.103196711971103,0.00124708918022658,-0.0244752715978039,-33.8177072663997,0.0701385205230161,2.00489539279353,0.0989067306692092,0.0100206393449032,-0.014611714322885,-30,0,0,0,0,0,0,2,-2.25525853412143,-1.14234097553635,-2.54861935329857,0,0,0
702,-33.9540656208507,0.0464447815762823,1.87622596095988,0.0997934766164144,0.000104540255546386,-0.0252351101715903,-33.942846737106,-0.169978342310021,1.8399390804278,0.103557896050211,-0.0119968730439106,-0.021314842850727,-30,0,0,0,0,0,0,2,-2.47009613080903,1.53964398901111,-1.54839387578289,0,0,0
703,-33.8557470975289,0.0473190440217404,1.85107224841269,0.0968436699920368,0.00164397940853127,-0.0250712623702397,-34.056324546407,0.0935404161468413,1.81915833036497,0.102140463659993,-0.0173968254904172,-0.0252624999945581,-30,0,0,0,0,0,0,2,-2.10139727318532,1.55260171674804,-1.11206666127413,0,0,0
704,-33.7600979551579,0.0497392417753714,1.82614130132793,0.0944547544279738,0.0031964106500265,-0.0247897731514687,-33.9607650842284,0.192845639876305,1.84808070869165,0.0945756069991537,0.00533055479383871,-0.0094583212255837,-30,0,0,0,0,0,0,2,-1.5360305314585,-0.918746759136481,-2.75032929482494,0,0,0
705,-33.6671271276629,0.0524762013868241,1.80067777531826,0.091486476995627,0.00227750354265338,-0.026136221297316,-33.6990381420978,0.0846433840958331,1.91597951228193,0.0791817737523579,0.00246799359471028,-0.0243273936669319,-30,0,0,0,0,0,0,2,-0.520101091040204,-0.416086127662694,-1.39921965787067,0,0,0
706,-33.5763073269796,0.054545633270576,1.77408168078,0.0901528486136829,0.00186135449007498,-0.0270554766281797,-33.530304419036,0.0877873200956185,1.79753021000178,0.0731946415764173,-0.00539675497198765,-0.0503850441226811,-30,0,0,0,0,0,0,2,-0.258855319569744,0.364100857007528,1.44344399226455,0,0,0
707,-33.4858320370496,0.056589045821491,1.74759601571264,0.0907981653022342,0.00222546349924164,-0.0259160474542863,-33.4996044745902,0.266978328633918,1.78878714049345,0.085347507096834,-0.00511775919346129,-0.0238471602160282,-30,0,0,0,0,0,0,2,-1.53554176050307,-0.0221807379217062,-1.19285825938408,0,0,0
708,-33.3960325021681,0.0588033557042451,1.7216196674334,0.0888009037365677,0.00220315117265182,-0.0260359317420948,-33.3535946042018,0.00530022559661331,1.59433386324275,0.0810242407787485,-0.00650252293948563,-0.0346776608821902,-30,0,0,0,0,0,0,2,-1.39523486947118,0.639651842755336,0.279098361733526,0,0,0
709,-33.3077149445079,0.0613262889236135,1.69605572539923,0.0878345827706016,0.00284270859673836,-0.0250915872153967,-33.3092165368408,0.0733469140392771,1.83509452195645,0.105035429875554,0.0120807017001519,-0.0242794041944036,-30,0,0,0,0,0,0,2,-3.88510991387377,-1.35476399809374,-1.24224862447254,0,0,0
710,-33.2218094704554,0.0634914685410397,1.67162399761166,0.0839768604868933,0.00148764444176859,-0.0237705130013881,-33.091854971498,0.209541359945227,1.6153087368114,0.0863491553431832,-0.0122070906150313,-0.0188232262225683,-30,0,0,0,0,0,0,2,-2.45120559132223,0.80162634161267,-1.34829485136597,0,0,0
711,-33.1392349726886,0.0653798290696742,1.64802667201203,0.0811722907658486,0.00228907098724853,-0.0234231486665867,-33.3238005335563,-0.0496325180126172,1.63799191670093,0.0852788671755453,-0.00370364679453836,-0.0323223321981088,-30,0,0,0,0,0,0,2,-1.88028565044191,0.469629715479071,-0.043750613590972,0,0,0
712,-33.058833026544,0.0679036506830128,1.62510847282501,0.0796319849532618,0.00275856571612828,-0.0224126963304011,-32.9582409262552,0.0204260342183003,1.54187168211483,0.0927161191472041,-0.0111533268382965,-0.0235409523887461,-30,0,0,0,0,0,0,2,-3.35513006221005,1.07448061539305,-0.729648125355045,0,0,0
713,-32.9807595086404,0.071199332314895,1.60339858068977,0.0765155685022194,0.00383279344260075,-0.0210059972775553,-32.9849711986007,0.126869885358787,1.68515152586322,0.0701324590579106,0.00480746257048317,-0.0165640798129379,-30,0,0,0,0,0,0,2,-1.04330350858971,-0.734486027765892,-1.71389507043265,0,0,0
714,-32.9052110136105,0.0746648322190727,1.5819893684622,0.0745811797722467,0.00309820134842953,-0.0218117421287475,-32.978603498476,0.0894865118918887,1.74523742890875,0.0800373826529604,0.0264345577874685,-0.0129431497706712,-30,0,0,0,0,0,0,2,-2.04653126834395,-2.82242880253063,-2.19615988075039,0,0,0
715,-32.8321391846883,0.0763517289434204,1.55990451898591,0.0715623257623639,0.000275585992598799,-0.0223568990795999,-32.9668270479268,0.0126965140832932,1.68765825059531,0.0778583816494873,0.00500350001460048,-0.0137773412087367,-30,0,0,0,0,0,0,2,-1.85218406909503,-0.525743029626634,-1.99758238031695,0,0,0
716,-32.7619487351026,0.0763643618152485,1.53729368131134,0.0688184343409199,-0.000250326061271993,-0.0228638167241069,-32.7467938895231,0.13364619579899,1.55915887567161,0.0839045991345044,-0.00244995175857923,-0.0295320280515038,-30,0,0,0,0,0,0,2,-2.89687213440416,-0.0222972157400579,-0.165114946192841,0,0,0
717,-32.694330908167,0.0761027854873646,1.5152194110141,0.0664177935020846,-0.000272833042336503,-0.0212838835816271,-32.623634272472,0.241923485868763,1.65319157575994,0.0683253473123933,-0.0155121243272876,-0.0221223346588998,-30,0,0,0,0,0,0,2,-1.58526618629535,1.06736546099124,-1.0941496856299,0,0,0
718,-32.6288960168765,0.0763635708762243,1.49395353928769,0.0644520345043028,0.000794399106453919,-0.0212471684467636,-32.6450536330069,-0.0491421472622114,1.38616416094216,0.0712505662076604,0.00354818249405733,-0.00489187672505397,-30,0,0,0,0,0,0,2,-1.83494935475226,-0.256533954881311,-2.28314064937893,0,0,0
719,-32.5658987578743,0.0770296195195867,1.47234410431184,0.0615422685261644,0.000537692086252713,-0.0219706926774115,-32.3463186703071,0.0655911301635286,1.52389198825166,0.0616130801141685,-0.0137108245332304,-0.0149445645957992,-30,0,0,0,0,0,0,2,-1.46867067080265,1.23990019299598,-1.55332751692339,0,0,0
720,-32.505439480038,0.0781871971257364,1.45018139824764,0.0593761886359398,0.00177745881548938,-0.02235396160096,-32.6959170519056,-0.00322524989885088,1.5263438230686,0.0540606601422643,-0.00829593205857456,-0.0108782461879879,-30,0,0,0,0,0,0,2,-0.0142319104152913,0.836043705655158,-1.96486302733842,0,0,0
721,-32.4467132040865,0.0803826619074255,1.42701850255609,0.0580758442782059,0.00261346525856144,-0.0239713700416588,-32.3628468533512,-0.124555819156166,1.36452250207061,0.0604702632204822,0.00162044483126584,-0.000455901937772129,-30,0,0,0,0,0,0,2,-1.32133261534579,0.087067155185748,-2.68345481036401,0,0,0
722,-32.3900222315027,0.0830395915543852,1.40237486124885,0.055305676699399,0.00270038861517139,-0.0253149554661201,-32.5570069121121,0.147793526498138,1.56749066521952,0.0470397115907566,0.00524073738982814,-0.0289270296681121,-30,0,0,0,0,0,0,2,0.410042665148517,-0.81966079197909,-0.242278363627835,0,0,0
723,-32.3346597336836,0.085330165731859,1.37678694978233,0.0554191688878811,0.00188075261226943,-0.0258608875730955,-32.3802610802141,0.137299800181017,1.42524493542538,0.0422177902072202,0.00127736766579802,-0.0151943117253427,-30,0,0,0,0,0,1,2,0.53874313970617,-0.402336366941837,-1.3310586983165,0,0,0
724,-32.2794794690136,0.0870097602469332,1.35019117048927,0.0549408967421949,0.00147843013615911,-0.0273304917034883,-32.2484441613152,0.00793717247776808,1.17966349535883,0.0611996238789676,0.0104798482557693,-0.0328009060071896,-30,0,0,0,0,0,1,2,-1.62307406526626,-1.06385917053246,0.920763610001304,0,0,0
725,-32.2249003133214,0.0879562139142246,1.3236823597657,0.0542180031404028,0.000414472134712682,-0.0256868686192229,-32.0082995169129,-0.0144178811896282,1.3401852038065,0.051359386877527,0.00448476520308869,-0.0139499442843184,-30,0,0,0,0,0,1,2,-1.11933965392687,-0.419640757929612,-1.28537597918116,0,0,0
726,-32.1715479667266,0.0881608171136982,1.29780577886633,0.0524865947587865,-5.27221121890591E-06,-0.0260656922281255,-32.0769168436933,-0.0342019663099517,1.21932825968099,0.0510419314970024,0.00534589984005835,-0.0242800428613152,-30,0,0,0,0,0,1,2,-0.950359462313634,-0.466186051385932,-0.0106522332304735,0,0,0
727,-32.1194571274388,0.0879224201982636,1.27199068193071,0.0516952865101414,-0.000471526273887246,-0.0255642220155685,-32.1055272471885,-0.0326252419504483,1.36036646043874,0.0608438997609787,-0.00929965787032814,-0.0121166353788884,-30,0,0,0,0,0,1,2,-1.87333548172086,0.995216270933711,-1.50906938298864,0,0,0
728,-32.0689896205575,0.087948424536106,1.24639313311024,0.0492397350160504,0.00052352847440848,-0.0256300345777499,-32.1777374629027,-0.137089546499586,1.04408141487609,0.047449087668464,0.0154671491656657,-0.0305015217440499,-30,0,0,0,0,0,1,2,-0.389433841041042,-1.2725358235674,0.961989344652807,0,0,0
729,-32.0196189728677,0.0878356830394036,1.22121313962709,0.0495018945362733,-0.000749017382966056,-0.0247300275978514,-31.9779804512648,0.0924918416904613,1.26588084461634,0.0389979454275867,0.0101628416495146,-0.020427583347188,-30,0,0,0,0,0,1,2,0.0561663597708759,-1.20126784833238,-0.489003354513882,0,0,0
730,-31.9702754819995,0.0864860318679071,1.19623171464333,0.0491849476868328,-0.00195029024218537,-0.0252327024312897,-32.042209546016,0.0434037051373428,1.0747571124498,0.0537201385299457,-0.00362557973319506,-0.0153528113251082,-30,0,0,0,0,0,1,2,-1.28759476096254,0.27575056304482,-0.61423309238879,0,0,0
731,-31.9218070120451,0.0846735684171847,1.17112802964533,0.0477521085177131,-0.00167464289407127,-0.0249741727986068,-31.9813343597009,0.0943293048437461,1.08961758345649,0.0426217210307527,-0.00769253708267329,-0.0346191787517009,-30,0,0,0,0,0,1,2,-0.299503383673444,0.580595098579836,1.28268270825711,0,0,0
732,-31.8737855259072,0.0832892269270185,1.1466995821259,0.048291258921319,-0.00109404550097509,-0.0238828905033153,-31.9068566662936,0.169768485677092,0.861839956061058,0.0420220164358487,-0.00317594919598527,-0.0385676998765644,-30,0,0,0,0,0,1,2,-0.38848831099759,-0.0219420517556567,2.13309007553432,0,0,0
733,-31.8249864563841,0.0821842194170404,1.1237175726349,0.0493075146497606,-0.00111597591805354,-0.0220814557845549,-31.6866288742916,0.0524530481824036,1.25254904387539,0.0489373771991358,0.00998873613041327,-0.0195427944907203,-30,0,0,0,0,0,1,2,-1.52047997133041,-1.10377970940613,-0.550818638678753,0,0,0
734,-31.7764620562053,0.0805162967190143,1.1018653920086,0.047741466993893,-0.00221987429019889,-0.021622366433058,-31.5659381935714,0.0564250421138669,1.23118568950184,0.0362611286429966,0.00969723552263708,-0.00115692392804607,-30,0,0,0,0,0,1,2,-0.494236477156898,-1.08257363649144,-2.34667898619908,0,0,0
735,-31.7296828918741,0.0777550987023558,1.07945545303887,0.0458163619170599,-0.00330252648901972,-0.0231968532172476,-31.8690775112429,0.102302834996053,1.11935720796682,0.0413543974090024,-0.0043336365384937,-0.0319665091528242,-30,0,0,0,0,0,1,2,-0.397284718414356,0.228757983857264,0.957936499348774,0,0,0
736,-31.6837356439305,0.0745669488776263,1.05671158315249,0.0460784656902745,-0.0030737791861969,-0.0222909615386699,-31.8900424997727,0.0812845012816046,0.997245367844586,0.0540993006331289,-0.0110809731147281,-0.0432459168110282,-30,0,0,0,0,0,1,2,-1.62984506376758,0.945528308909604,2.33010094541365,0,0,0
737,-31.6375591490299,0.0719658999541587,1.03579500439765,0.0462754689545666,-0.00212832419399003,-0.0195422483788462,-31.5897434907878,0.110903870695437,1.04587417376105,0.0583904681515094,0.00313323346389844,-0.0347272704014845,-30,0,0,0,0,0,1,2,-2.6595598335754,-0.535131087780719,1.38097869262635,0,0,0
738,-31.5918821433974,0.0695699296128535,1.01759276510488,0.0450794655794122,-0.0026636195934044,-0.0168618189512745,-31.4519593639084,0.0731883565894663,1.07714937563862,0.0355527557490448,0.00510211929576697,-0.00963182656356805,-30,0,0,0,0,0,1,2,-0.651356847087733,-0.656588642755629,-1.19111609492044,0,0,0
739,-31.5474531946077,0.0665779823665148,1.00044150433773,0.0437782599776214,-0.00332027668980505,-0.0174402526465456,-31.5398742378658,-0.033645968494322,1.11522669314811,0.042102686926717,0.000181458969348488,-0.0179769417286758,-30,0,0,0,0,0,1,2,-1.13052021694004,0.0491460400537953,-0.432759213428633,0,0,0
740,-31.5042662080315,0.0632822375635253,0.983157690633962,0.0425958417315803,-0.00327121931197837,-0.0171269688483565,-31.6365734529504,0.0237027038339266,1.01401307578082,0.046746782506914,0.0165002298260299,-0.0359223364155056,-30,0,0,0,0,0,1,2,-1.40153134479065,-1.69742839027084,1.56420748998892,0,0,0
741,-31.4617234389056,0.059162269595619,0.967040495041317,0.0424903884795321,-0.00496871884924341,-0.0151073705947211,-31.3734473494273,0.132718118332355,0.977053233131904,0.0372119635415503,-0.00411474691177324,-0.00573463700015483,-30,0,0,0,0,0,1,2,-0.974301655300474,0.146038454512614,-1.38064276624832,0,0,0
742,-31.4200673893626,0.0542665263399851,0.951678109528915,0.0408215693089455,-0.00482277538982323,-0.0156168323093799,-31.4237439438919,0.147441763879745,1.05220035436917,0.0358635532989644,-0.010830033600629,-0.0139340809894042,-30,0,0,0,0,0,1,2,-0.738867442112647,0.788119832303407,-0.710992609797919,0,0,0
743,-31.379775032817,0.0498377808850375,0.935988483136063,0.0397631197083844,-0.00403472140014418,-0.0157620550847268,-31.3606544464927,0.0213033660567127,0.854858005176308,0.0627060506045513,0.00380978798196108,-0.00274432558924129,-30,0,0,0,0,0,1,2,-3.54929616746978,-0.423585530309533,-1.43528345142849,0,0,0
744,-31.3418493401699,0.0455911295190803,0.920782758645317,0.0360886584797066,-0.00445858668838125,-0.0146481657217506,-31.1479477124683,0.157290130080321,1.01256442554394,0.0389845508954022,-0.01443968722426,-0.0309719483000976,-30,0,0,0,0,0,1,2,-1.60255966460354,1.12938846226536,1.07206597892188,0,0,0
745,-31.3060447123304,0.041697193366887,0.907025680667893,0.0355212071673665,-0.00332929280933355,-0.01286579254088,-31.3311034337665,0.06992498340584,0.887951756214011,0.0434518076925281,-0.000844402537103306,-0.014490903378828,-30,0,0,0,0,0,1,2,-1.6829739017199,-0.0554097131013495,-0.326813174545224,0,0,0
746,-31.2712875939561,0.0383401354117727,0.894543048552915,0.033993302837597,-0.0033848286479245,-0.0120989563204868,-31.2834269915917,0.191987038445935,0.814408098889969,0.0476404386215617,-0.0183710423722963,-0.00547411443961785,-30,0,0,0,0,0,1,2,-2.19718987897285,1.45313016033776,-1.08140475381815,0,0,0
747,-31.2384975407232,0.0356817854605724,0.882706681927698,0.0315869995580782,-0.00193187523488765,-0.0115729708914506,-31.3052435809123,0.117776084711579,0.958361128524671,0.0299940390518292,-0.00584428670565947,-0.0158413890439436,-30,0,0,0,0,0,1,2,-0.388916743358387,0.34887650114279,-0.33258335265498,0,0,0
748,-31.2071811845099,0.0339243351719683,0.87110030207395,0.0310457121656155,-0.00158303262397616,-0.0116396004805968,-31.3534988325634,-0.0916319312702328,0.991699830110341,0.0405726015773304,-0.00953290576792506,-0.00946262299175197,-30,0,0,0,0,0,1,2,-1.35026249260621,1.13655443933297,-1.03713736104548,0,0,0
749,-31.1770006038137,0.0329095239353134,0.859469953871542,0.0293154748506273,-0.000446593678895626,-0.0116205179736741,-31.1033988738861,-0.0698708552272718,0.779590288246742,0.0404820660989988,-0.000824658561492881,-0.014975726682193,-30,0,0,0,0,0,1,2,-1.84140886212761,0.222207566603832,-0.0616079082741836,0,0,0
750,-31.1484217434997,0.0325739699278857,0.848391194390624,0.0278426214444957,-0.000224518649954857,-0.0105365046262172,-31.0387703574522,-0.0898456298253546,0.849617644977087,0.0271949373351206,0.0144701621697307,-0.0181466075010563,-30,0,0,0,0,0,1,2,-0.641953018607607,-1.26732495732236,0.115425460151459,0,0,0
751,-31.1208002637005,0.0317157701677538,0.838076965968145,0.0274005039122511,-0.00149188728774428,-0.0100917985902461,-31.1479579210036,-0.0167605513716523,0.824779117144171,0.0199795353967645,0.0184614974014445,-0.00521431114399481,-30,0,0,0,0,0,1,2,0.297962302330838,-1.81262863740115,-1.12812711988886,0,0,0
752,-31.093665476247,0.0293175711736627,0.827429802530221,0.0268687245131947,-0.00330451547170777,-0.0112023442838928,-30.9861800028183,0.0732310269978407,0.805139650513345,0.0172339559897614,-0.00644633388750062,0.000490618728548374,-30,0,0,0,0,0,1,2,0.248964406660421,0.498171334754381,-1.65934117388153,0,0,0
753,-31.0672545073246,0.0262621380922023,0.815486413663723,0.0259527455239337,-0.00280635698520149,-0.0126841242712891,-31.1045021548289,0.0705450408634138,0.935220423715341,0.034239508570044,0.000950958674991136,-0.00897312395255685,-30,0,0,0,0,0,1,2,-1.21494654734653,-0.236185949225941,-0.973128452174997,0,0,0
754,-31.0420949806349,0.0233376376906596,0.802798279231867,0.0243663241506178,-0.00304264758689474,-0.0126916186046445,-31.0503134930224,0.0390660869829648,0.863606430772721,0.0349914591561878,-0.0127022008258081,0.00552576338165662,-30,0,0,0,0,0,1,2,-1.39851892957394,1.19208790861488,-2.2797891997111,0,0,0
755,-31.0190160645822,0.0208909660812858,0.789667172293124,0.0217912366590623,-0.00185070153922046,-0.0135697471570545,-31.1050067518862,0.00779017409193352,0.88444010960211,0.00805695001260536,-0.0167422903134126,-0.010355571862313,-30,0,0,0,0,0,1,2,1.40431850251193,1.65864868315739,-0.733323032972916,0,0,0
756,-30.9969455167666,0.0198696353132153,0.775336966724584,0.0223493796509277,-0.000191966178464215,-0.0150908405167901,-30.853437854745,0.110960479424242,0.652530429379769,0.0150971555424761,0.00434527316927902,-0.00299209396005291,-30,0,0,0,0,0,1,2,0.197160155242488,-0.656448275776387,-1.00585146275425,0,0,0
757,-30.9748652130177,0.0193494453993086,0.759774309160825,0.0218109388254708,-0.000848418937026722,-0.0160342922559371,-31.0992319399878,0.0790291757652569,0.912586704282577,0.0343567970223675,-0.00212412285554902,-0.0169903398036724,-30,0,0,0,0,0,1,2,-1.23721582226122,0.0543539340243886,-0.126139428197913,0,0,0
758,-30.953582200255,0.0185281604442384,0.744069564853767,0.0207553203819425,-0.000794155618087825,-0.0153748467448979,-31.01593360029,0.0547272337324364,0.726611099950158,0.0279987563692341,0.00701531373742736,-0.00464033235855502,-30,0,0,0,0,0,1,2,-0.768008436343318,-0.810985841207609,-0.989188964044815,0,0,0
759,-30.9334572906609,0.0173284778901126,0.728545094057425,0.0194944188166206,-0.00160521450930514,-0.0156736783402902,-30.7172652594371,0.103381484184287,0.576230832145846,0.0263424233732119,0.00783299225569632,-0.0223623995574958,-30,0,0,0,0,0,1,2,-1.19971181844689,-0.990062193938207,1.08377829145789,0,0,0
760,-30.9140812931631,0.0152282024787992,0.713649600712408,0.0192581007034377,-0.00259534231670018,-0.0141172271734495,-30.9400964219972,0.131031587896351,0.599343308683443,0.0244145238721262,-0.0100432548120569,-0.0143753631452477,-30,0,0,0,0,0,1,2,-0.561259543218237,0.74226230541299,0.23884969715788,0,0,0
761,-30.8949739050449,0.0130039765918509,0.699782402589934,0.0189568550960729,-0.0018531156619776,-0.0136170650461399,-30.5362597167182,0.111354855414855,0.786459329975211,0.0176127436173988,0.0157800612444357,-0.0239137746425128,-30,0,0,0,0,0,1,2,-0.688754928303385,-1.80071583527328,0.81845880430086,0,0,0
762,-30.8760261564401,0.0102504888931101,0.686676737187055,0.0189389906313737,-0.00365386554292557,-0.012594254348444,-30.9040170974967,0.0867284349653988,0.595946072689599,0.0365004462600552,-0.00199794053777675,-0.0220576150686825,-30,0,0,0,0,0,1,2,-1.84201043101221,0.0263371838468773,1.01386936148905,0,0,0
763,-30.8574678695561,0.00660973803137381,0.675044757361771,0.0181782232375039,-0.00362764110527188,-0.01066945318922,-30.8720748374075,0.119912305642381,0.643326719426681,0.0201617626780236,0.0140873422498451,-0.00422807200690888,-30,0,0,0,0,0,1,2,-0.272026592987452,-1.64855883626927,-0.863846238162474,0,0,0
764,-30.8396886232958,0.0021578021882802,0.664114684054431,0.0173801151854144,-0.00527623528697103,-0.0111904289029095,-30.8705426391855,0.0254577669059096,0.597829752242611,0.01067250211913,0.000180254639421054,-0.00664397071348306,-30,0,0,0,0,0,1,2,0.673835066458085,-0.0689409977539246,-0.531262433136916,0,0,0
765,-30.8222416034033,-0.00315288186968223,0.652480626286369,0.0175136517508632,-0.00534513799800086,-0.0120777253632184,-30.8399333895807,-0.0767781267950645,0.435766941927302,0.0280677985948269,0.000989309007583244,0.00536616218911181,-30,0,0,0,0,0,1,2,-1.12691308032125,0.0546253528318046,-1.40815010276579,0,0,0
766,-30.8056293870743,-0.00847075697231111,0.640217640056706,0.0157106753568812,-0.00529061904175679,-0.012447663260059,-30.8905193965426,-0.133172545674375,0.550989380043334,0.0228148561754834,-0.000127862333078826,0.00244308522101858,-30,0,0,0,0,0,1,2,-0.500446824463221,0.279131324656632,-1.34628728218853,0,0,0
767,-30.7905636435661,-0.0136218379146695,0.627404511223594,0.0144205924179902,-0.0050115482692764,-0.0131781728862668,-30.8365669835093,0.0820777656877702,0.693438075015985,-0.0143147321510591,-0.0210076838262048,0.000402983030279774,-30,0,0,0,0,0,1,2,3.10460718212454,1.93661285124494,-1.42717445305995,0,0,0
768,-30.775454752279,-0.0176649797711258,0.612649180630529,0.0157961886231067,-0.00307474021027745,-0.0163329275271499,-30.8366021935981,-0.0886664211434866,0.570765322836535,0.033113139620882,-0.00286921902795014,-0.0151406910909132,-30,0,0,0,0,0,1,2,-1.63810957489199,0.464254745081987,0.372538463418248,0,0,0
769,-30.7601712836433,-0.0205076442683246,0.596973315926324,0.0147711896278315,-0.00261059548789552,-0.0150184689401213,-30.7658738539362,-0.0373502690747618,0.428087189763052,0.0227417684703569,-0.00358672304622183,-0.0160615242164859,-30,0,0,0,0,0,1,2,-0.742429139163215,0.433372842771707,0.749978042122485,0,0,0
770,-30.7454498770614,-0.0229015700755465,0.582460971600692,0.0146719645873373,-0.0021772617925067,-0.0140061843580421,-30.7095264426719,-0.0627362483639374,0.516588156946669,0.0179400765232654,-0.00285549072949339,-0.0102095061353362,-30,0,0,0,0,0,1,2,-0.374954766982735,0.411021569677214,-0.0122257003597217,0,0,0
771,-30.7309387851502,-0.0248733316681236,0.56855306268603,0.0143502980960715,-0.00176626720316461,-0.0138095261605929,-30.7602909272116,-0.230285199905843,0.44181432733102,0.0131575443449109,-0.000390851809204089,-0.00583758032939622,-30,0,0,0,0,0,1,2,0.204827419932198,0.499655580732095,-0.299870621722419,0,0,0
772,-30.7166254457875,-0.0263897643602901,0.554543096366522,0.0142762680679523,-0.0012666025384166,-0.0142103775789757,-30.7119817535739,-0.180615763035103,0.484048120245286,0.0330094463975197,0.00178935851209187,-0.0183015307238423,-30,0,0,0,0,0,1,2,-1.87698113260408,0.182295674861019,0.862056831893653,0,0,0
773,-30.7027873831201,-0.0275652735636343,0.541254976271481,0.0134004669353916,-0.00108442489799971,-0.0123655815003934,-30.6689507589019,-0.132200592230071,0.422156561272514,0.0081960160316371,0.00264906926158537,-0.0148873786651721,-30,0,0,0,0,0,1,2,0.518299914640098,-0.000505741698396012,0.644424743972182,0,0,0
774,-30.6889940983821,-0.0286499245492378,0.528941516459264,0.0141861507770884,-0.00108488176400225,-0.0122615860347982,-30.5565540958653,0.143771633102862,0.602055890695632,0.00901348908972528,0.00107190786568937,-0.010206289831576,-30,0,0,0,0,0,1,2,0.211759282758168,-0.394734052774661,-0.183482798233667,0,0,0
775,-30.6748031592457,-0.0299321645130641,0.516521155992581,0.0141956417469661,-0.0014796040874361,-0.0125791335860754,-30.5476517309921,-0.196547325462051,0.654982591890365,0.014776052944687,0.0129253167008182,-0.0148687903126848,-30,0,0,0,0,0,1,2,-0.382301832484541,-0.899437019157719,0.176913847487754,0,0,0
776,-30.6607072510913,-0.03186149570093,0.504114642649697,0.0139963014028226,-0.00237906511984626,-0.0122338248282171,-30.5566449064531,-0.0699568994790913,0.433873700228564,-0.000133377030517544,-0.00164906069763222,-0.0155036548620969,-30,0,0,0,0,0,1,2,1.12662751595798,0.304819868721405,0.682618085752558,0,0,0
777,-30.6460768048536,-0.0340881016137803,0.491745337551006,0.0152645207801787,-0.00207415225997459,-0.0125051862649513,-30.6125321322896,-0.103096364055364,0.57194276450795,0.0187316689712897,0.00817964212202063,-0.0164644869490885,-30,0,0,0,0,0,1,2,-0.64810263254986,-0.611771484091334,0.502563165892955,0,0,0
778,-30.6309038209688,-0.0364681552968661,0.479622280023879,0.0150817059746438,-0.00268596072446821,-0.0117408663668631,-30.7275875295786,0.0922986877458329,0.626520253503267,0.00484640597739592,-0.0043624525754487,-0.0294281009323169,-30,0,0,0,0,0,1,2,0.9705344614176,0.251647882053204,1.68976958622516,0,0,0
779,-30.6149132701385,-0.0390282380378688,0.46817381488954,0.0168995983811219,-0.00243421240878472,-0.0111566387368134,-30.5233506944546,-0.148280177853741,0.363551020158716,0.0361398911776568,-0.00667158242787425,-0.000291001487308103,-30,0,0,0,0,0,1,2,-2.56728772885649,0.963718598494907,-0.698001891586622,0,0,0
780,-30.5992204881868,-0.0409806864221464,0.457583446156565,0.0144863406232122,-0.00147068989293001,-0.0100233272798764,-30.6308221450757,-0.195568300347941,0.467169545753968,0.017284160371272,-0.0104393961052567,-0.00520167225411954,-30,0,0,0,0,0,1,2,-0.4667717469758,1.43507621122155,-0.414171866095982,0,0,0
781,-30.5850589374012,-0.0417338560037359,0.447539507372132,0.0138367624251936,-3.56546323223561E-05,-0.0100643386776013,-30.4125505697635,0.165366483457784,0.337785710587167,0.0255896358657083,0.00500143518560824,-0.0262481446443828,-30,0,0,0,0,0,1,2,-1.73386244704387,-0.830876485476393,1.94924304326395,0,0,0
782,-30.5712381682608,-0.0421849903165491,0.438759953706231,0.0138056061032393,-0.000866618881085117,-0.00749475336951846,-30.5514571108743,0.164923705521476,0.365237742955856,0.000171073057642326,0.000741800776536263,-0.00690967331910535,-30,0,0,0,0,0,1,2,1.08580691598437,-0.404027488696578,-0.0395081540011776,0,0,0
783,-30.5570503909011,-0.0432535813521315,0.430870798948149,0.0145697122609773,-0.00127056961316484,-0.0082837943562663,-30.6484046527465,-0.204712064891101,0.477192741436372,0.00896002761846834,0.0130969184526458,-9.91741351506013E-05,-30,0,0,0,0,0,2,2,0.400806543646265,-0.900267715482377,-0.944468069357683,0,0,0
784,-30.5426557016038,-0.0449742775078501,0.422080734250106,0.0142193597612115,-0.00217082614537277,-0.00929622001090685,-30.5093495562327,-0.00824093838715755,0.432052405123387,0.00838878899508739,-1.28572419830645E-05,0.0100181628559105,-30,0,0,0,0,0,4,3,0.179820212956632,0.0177676009726215,-1.86592109583782,0,0,0
785,-30.5290009151769,-0.0471362279523953,0.412007556052665,0.0130897361027826,-0.00215308014012102,-0.0108497749656208,-30.3111617815435,0.00728731326491045,0.367740579412549,0.0219734743607151,-0.0110511943918522,-0.00990093834350044,-30,0,0,0,0,0,4,3,-1.57502387298452,1.0905448126554,0.254612675524945,0,0,0
786,-30.5164281269723,-0.0487440861709999,0.401757291521968,0.0120562322759597,-0.00106264302637425,-0.00965042370734812,-30.4710975355541,-0.0771490274849727,0.428393448557307,0.00601441757179784,-0.015256615417718,-0.00426588556374739,-30,0,0,0,0,0,4,3,0.340753313928354,1.67995959674175,-0.430198340739876,0,0,0
787,-30.5044001111496,-0.0489667371523015,0.391814597093598,0.0119996286061899,0.000617332941078693,-0.0102349435289556,-30.3704180126679,-0.0496459402875623,0.499213657275219,0.0108467568773582,0.000548875084803393,-0.014254236978708,-30,0,0,0,0,0,4,3,-0.343839662399957,0.0444043720947853,0.42699638332036,0,0,0
788,-30.4923993660734,-0.0483272082162752,0.38183512207742,0.0120020340771915,0.000661720657008125,-0.00972400354447389,-30.2584114634515,-0.267696327262197,0.392050963886102,0.00299694422910053,-0.00847562624316463,0.000873359224605987,-30,0,0,0,0,0,4,3,0.217128503993029,1.38295527884086,-0.871437850232802,0,0,0
789,-30.4806189273573,-0.0469740049746592,0.371695546878127,0.0115585988523694,0.00204467534804891,-0.0105550069896693,-30.58207648631,-0.0204803260171813,0.237219340091013,0.0220565580668331,-0.0131424553543205,0.0014352149068894,-30,0,0,0,0,0,4,3,-1.04150283406337,1.35520618746641,-0.617960170870967,0,0,0
790,-30.4696673482218,-0.0442517664974727,0.361239326009396,0.010344635524634,0.00339979581076955,-0.0103570498505903,-30.4872684254912,0.0674908516608047,0.342643686197679,0.00497410575191072,-0.00217052183719151,-0.0109993033542383,-30,0,0,0,0,0,4,3,0.477126275791281,0.0820704803975413,0.414642963028472,0,0,0
791,-30.4590193546816,-0.0408109123916479,0.350860435849988,0.0109513499256475,0.00348190799198488,-0.010400915308731,-30.4635914837675,-0.13355532589945,0.272405891950478,0.0128143708167621,-0.00306025846305133,-0.00298571381076315,-30,0,0,0,0,0,4,3,-0.354254114141283,0.573136498104033,-0.24624040282464,0,0,0
792,-30.448294766662,-0.0370424482866658,0.340468513446507,0.0104978455844147,0.00405501466497429,-0.0103827833914107,-30.3389195364176,0.0670179655679918,0.256591045335999,0.0158748054089622,-0.00392085973478763,0.00586078221072472,-30,0,0,0,0,0,4,3,-0.909641468061065,0.258050042342779,-1.09926031174447,0,0,0
793,-30.438515160098,-0.0328584484553192,0.329963205721726,0.00906130536910392,0.00431297951378863,-0.0106273795984171,-30.5257647796733,-0.192730885006731,0.283842156481808,0.0080222625155342,0.00572671483376674,-0.0039184297382366,-30,0,0,0,0,0,4,3,0.249303307793234,-0.187209713363212,-0.175841339139957,0,0,0
794,-30.4294326502192,-0.0286390640693318,0.319170777931845,0.00910362438928272,0.00412578434543466,-0.0109574859089288,-30.5006527820777,-0.0561090578163212,0.334292848430275,0.0234415493884408,0.0016744921429961,0.00259851150942809,-30,0,0,0,0,0,4,3,-1.3428493746887,-0.0552310986669674,-0.928436847803358,0,0,0
795,-30.4211515890922,-0.0245409489614993,0.308300926138271,0.00745856661664194,0.00407044029226073,-0.0107817014445619,-30.5412155371395,-0.145696482198587,0.474652091675239,-4.63006811430734E-05,0.0171038673550237,-0.00244283327643798,-30,0,0,0,0,0,4,3,1.08706114239336,-1.4189937711052,-0.705020855706681,0,0,0
796,-30.4135378778437,-0.021179970304689,0.29687820594539,0.00776846844345556,0.00265151109217913,-0.0120638342263359,-30.3161096340457,-0.124740607949693,0.348534615693499,-0.00366607109585589,-0.00258044834104106,-0.02842385716042,-30,0,0,0,0,0,4,3,0.998826377676922,0.507526050003491,2.145316484655,0,0,0
797,-30.4046937150465,-0.0182746381660607,0.285260936953613,0.00992014862429933,0.00315914799572742,-0.0111713747475904,-30.3488619438155,-0.0366201232502118,0.249579036268816,0.00376344650116237,-0.00302118068878001,0.00720212161348713,-30,0,0,0,0,0,4,3,0.321379237514791,0.375358315378424,-1.21937023388635,0,0,0
798,-30.3950759431524,-0.0149278077859847,0.273512595022336,0.00931504721071865,0.00353450674691589,-0.0123251208729388,-30.6167512683409,-0.1385042822932,0.46544508299933,0.00634634513199906,0.000774398745229935,-0.00057643497611902,-30,0,0,0,0,0,4,3,0.598868023481934,0.199568690063406,-0.873246668386758,0,0,0
799,-30.3858453250629,-0.0112935015757662,0.260646387701583,0.00914586586268637,0.00373410206011082,-0.0134072370111181,-30.5430253324391,-0.0345134982143614,0.174988158635576,0.00563400798281793,0.0163100435297841,-0.0199994195579903,-30,0,0,0,0,0,4,3,0.522649866596344,-1.56197735654968,1.64996563852788,0,0,0
800,-30.3759663158377,-0.00834035173694413,0.247659026527806,0.0106124272771432,0.00217219244263622,-0.0125679394537742,-30.3727884593957,-0.00418827834113616,0.21331689715363,-0.00657582164379333,-0.00245838592591971,-0.0123948610780364,-30,0,0,0,0,0,4,3,1.40315908317081,0.254215149274243,0.81285231349638,0,0,0
801,-30.3645749102535,-0.00604099205603282,0.234903843880693,0.0121702815398141,0.00242652271946532,-0.0129429051541419,-30.4841723070845,-0.0532181154439775,0.0815819895794151,0.00409652738124733,0.00611781769470774,-0.00864117049930176,-30,0,0,0,0,0,4,3,0.558691876044173,-0.505345538582819,0.700953070771345,0,0,0
802,-30.3519761934994,-0.00386711307764254,0.222014587888467,0.0130271990829569,0.00192122998465559,-0.0128358689000948,-30.1973319267746,-0.10659403244203,0.196464507556266,0.0120803962467642,0.00605847328785947,-0.00133968159755825,-30,0,0,0,0,0,4,3,-0.813375771127171,-0.392659263901887,-0.258960855356708,0,0,0
803,-30.3393509213915,-0.00214224133318219,0.209337770233238,0.0122234597589229,0.00152850790363678,-0.0125175129864278,-30.2016522623586,-0.115207786892074,0.187555479683058,0.026118401281947,-0.004286425724525,-0.0111538380912364,-30,0,0,0,0,0,4,3,-2.2085356034774,0.659058146236649,0.740272849757522,0,0,0
804,-30.327708807191,-0.00028427370706684,0.19781909534065,0.0110613998484397,0.0021874221024244,-0.0105194745138002,-30.261917595963,-0.0204471569197035,0.164545328233718,0.0348317993364747,0.00685794669602094,-0.00589869245161372,-30,0,0,0,0,0,4,3,-2.95934474172147,-0.644900355762687,0.260778588693936,0,0,0
805,-30.317665786496,0.00158059687295585,0.188375117308517,0.0090253213580553,0.00154231538075702,-0.00836785119154708,-30.2776859269118,0.107693683313189,0.235686479218268,0.013883622975178,-0.00132197559852425,0.000675699992467816,-30,0,0,0,0,0,4,3,-0.832990443694251,-0.0831898067739522,-0.538942957683318,0,0,0
806,-30.3091408114058,0.00308128507089092,0.180072762545258,0.00802468200021613,0.00145905618873896,-0.00823654708189301,-30.2523388005242,0.126336277703129,0.123763975785926,0.00894537440630696,-0.00532975834546737,-0.017801290913372,-30,0,0,0,0,0,4,3,-0.389859839582289,0.280303279140479,1.53260113976535,0,0,0
807,-30.3007542389984,0.00468049589015449,0.172518050686774,0.00874889485755177,0.00173935992258853,-0.00687309708238552,-30.2093296371181,0.178752173372815,0.0258365948866398,0.00747727797953471,0.0155497656146378,-0.00888268612596043,-30,0,0,0,0,0,4,3,-0.329068523717259,-1.91248090820941,0.836595422822763,0,0,0
808,-30.2918544981185,0.00546361476979941,0.166048760621713,0.00905084887393668,-0.000173129028729237,-0.00606557284731033,-30.2986414792856,0.0316933734426005,0.130267557005316,0.00298551452916734,-0.0250480296695542,-0.0134041196299341,-30,0,0,0,0,0,4,3,0.298731505654501,2.44141622007021,1.07987684898278,0,0,0
809,-30.2823385032492,0.00651121665445964,0.160264551617335,0.00998132438020204,0.00226832842551147,-0.00550312703288657,-30.3291115315667,-0.0634611523604686,0.108518726285276,0.0112374047590914,-0.00802612667380418,0.0153036140305409,-30,0,0,0,0,0,4,3,-0.465517412775659,0.929534972101355,-1.74739885562464,0,0,0
810,-30.2731283535012,0.00924428191690028,0.154258066160958,0.00843867569330081,0.00319779793952471,-0.00650936367028237,-30.2554593269324,0.0230160104356579,0.087223750803233,0.0180773981655653,0.00582395683438067,0.00146356046284848,-30,0,0,0,0,0,4,3,-1.29682116269177,-0.628427704309383,-0.320803547891314,0,0,0
811,-30.2652856052566,0.0121278197320515,0.148053321886553,0.00724702070915603,0.00256927177572327,-0.00589975604094644,-30.3946363056289,0.0359179178591148,0.273554103868942,0.0166978527565749,-0.00428178573960983,-0.00217704444388359,-30,0,0,0,0,0,4,3,-0.880512664399685,0.356342738242754,-0.329403763349526,0,0,0
812,-30.2584835928565,0.0148752315789217,0.142315301044891,0.00635711451934328,0.0029255456008558,-0.00557601030600109,-30.2906813708599,0.0363192519589855,0.0410309659672756,0.0371849576569188,-0.00419969260435807,-0.0235115284572802,-30,0,0,0,0,0,4,3,-3.13713302397214,0.347330756517836,2.26909091379346,0,0,0
813,-30.2525217836137,0.0179743543545693,0.138621939860357,0.00556766634210906,0.00327269435180294,-0.0018104681786079,-30.2885438626348,0.185859838364564,0.255099847611328,0.00307037216849226,0.00691661008382847,-0.0155248224415183,-30,0,0,0,0,0,4,3,0.270050508420345,-1.06338068511197,1.04228254892918,0,0,0
814,-30.24650852035,0.020715380606332,0.137089433554271,0.00645903888506737,0.00220935217201661,-0.00125481456576645,-30.2018290946654,0.217290684338823,0.246522327684762,-0.00225642208185826,-0.00356880003621866,0.00514696357668306,-30,0,0,0,0,0,4,3,0.629300397516631,-0.0777013650557801,-1.00774101303783,0,0,0
815,-30.240166289575,0.0228858985647625,0.135236548313642,0.00622506664754658,0.00213167712315724,-0.00245088050821798,-30.2298253395918,-0.133779705544886,0.129812657322201,0.0242629427706065,-0.000260263180960737,-0.0218587558580794,-30,0,0,0,0,0,4,3,-1.96664359787695,0.293585729185847,1.92625027116354,0,0,0
816,-30.2340174209765,0.0251643191150641,0.134146164274456,0.00607351113636732,0.00242515804918545,0.000270163192106591,-30.2665020353081,0.106353897889109,0.396758098453269,0.0103743318509948,-0.0153169222097959,0.00112018979838445,-30,0,0,0,0,0,4,3,-0.504429114483329,1.31898442520137,-0.905535176744982,0,0,0
817,-30.2284420384198,0.0282489454135582,0.134241041795256,0.00507715372813294,0.0037440897666621,-8.00979866418389E-05,-30.050215291912,-0.0489756364702812,0.24364927178368,-0.00442804940616473,0.0173012929869723,-0.0166663563527421,-30,0,0,0,0,0,4,3,0.543235524440487,-1.63217802575667,1.17933709170685,0,0,0
818,-30.2227706508983,0.0311769798991228,0.134395648928629,0.00626577044893691,0.00211197227035655,0.000388954290365673,-30.1733850616647,0.025656446350165,0.068225183457573,0.00856424905977865,-0.00609734008917124,-0.0100596874582798,-30,0,0,0,0,0,4,3,-0.509654782648373,0.558421116216794,0.869518378912836,0,0,0
819,-30.216401676633,0.0335681553136448,0.135262526062313,0.00647247720389042,0.00267037305943946,0.00134474176805526,-30.2691904711081,0.0073030700127139,0.207310412922978,0.00891336820990966,0.00128225800509007,-0.00322742200515173,-30,0,0,0,0,0,4,3,-0.352955878774744,-0.142831940534435,-0.0918786253307826,0,0,0
820,-30.21009463072,0.0361671017972693,0.13667935433268,0.00614166550646228,0.00252751423252224,0.00148902057437663,-30.2579545700323,0.00795764786748999,0.13358063654752,0.0179619509807036,-0.0125641219390707,-0.0019566769361279,-30,0,0,0,0,0,4,3,-1.28028595800583,1.24049689817209,-0.0714935794822493,0,0,0
821,-30.2044510276683,0.0393148225802891,0.138563871309263,0.00514578808148335,0.00376791844476313,0.00228032136772993,-30.2018509121725,0.117558890289649,0.228189970722832,-0.00293898808774693,0.00799509606170216,-0.0168160190789707,-30,0,0,0,0,0,4,3,0.697600633119615,-1.03462738674951,1.22522196645141,0,0,0
822,-30.1986368004602,0.0425654672891061,0.14104170054351,0.00648279448875019,0.00273336344659721,0.00267493458019167,-30.1612857829536,-0.117945962594884,0.132494780871989,-0.000293580419274327,0.0135728822235329,-0.00999452122351904,-30,0,0,0,0,0,4,3,0.351929607834565,-1.12139629716352,0.734462560607926,0,0,0
823,-30.1917789002818,0.0447381549394855,0.143851176451416,0.00723309380794922,0.00161200581665908,0.00294379433529887,-30.2920404451799,0.229837345291445,0.140606018379588,0.00426030686844589,0.000986952288340436,0.00135940987690781,-30,0,0,0,0,0,4,3,0.158050203515268,-0.558369919416933,-0.417153024449957,0,0,0
824,-30.184634054162,0.0460709801502517,0.146573851042923,0.00705647178830132,0.00105363948561944,0.00250161340300617,-30.2158223416245,-0.0679007138013519,-0.00107952908106754,0.0193633335274298,-0.0120162155794537,-0.00878027816486666,-30,0,0,0,0,0,4,3,-1.50468866949397,1.33742298554807,0.880186874648801,0,0,0
825,-30.1778312727405,0.0477932876925332,0.14989605474643,0.00654959579884706,0.00239097133342954,0.00414295311314031,-30.1292357105458,0.0745802059822534,0.0534375936914998,0.000567854461308458,-0.0116085074820415,0.00249339307586301,-30,0,0,0,0,0,4,3,0.201685974960789,1.01169033623964,-0.3562144949693,0,0,0
826,-30.1713327332404,0.0506901106871025,0.15382582691146,0.00644736117851426,0.00340266948928265,0.0037166282816966,-29.9835922310291,-0.0214931389184975,0.0879098287595941,0.0130471954715142,0.0101549844611412,0.00203305344834007,-30,0,0,0,0,0,4,3,-1.3375350850932,-0.97251216827713,-0.379125002353195,0,0,0
827,-30.1655064633525,0.0536064762502896,0.15784688013356,0.0052053702644673,0.00243005488688703,0.00432585722952652,-30.081639123851,0.192730972735961,0.102047716654934,0.00559787186733037,0.00141584297391442,0.000728163618595699,-30,0,0,0,0,0,4,3,-0.396508939031098,-0.527046242863365,-0.276911795169439,0,0,0
828,-30.160543350658,0.0557729944874807,0.162193880945309,0.00472087588078875,0.00190297524736663,0.00436829424124669,-30.1716540158214,0.0620846315323971,0.174476050076977,0.00376959151558143,-0.00146720906499156,0.0186805734907725,-30,0,0,0,0,0,4,3,-0.0336511199153586,0.0225516434343621,-2.2170094492312,0,0,0
829,-30.1565960922365,0.0576872261302552,0.165752199275137,0.00317315969413517,0.00192548359252149,0.00274881339913344,-30.0881225988083,0.0784975957484062,0.336644948161562,0.00594709770532138,-0.00335884913342141,0.00737023078965476,-30,0,0,0,0,0,4,3,-0.418464572915501,0.178889721845329,-1.4103129752886,0,0,0
830,-30.1540620894681,0.0597021283265457,0.168118171642594,0.00189462037220772,0.00210431743699353,0.00198352121076906,-30.2348330813921,0.000495637240994551,0.0852293161178926,0.00421516393515239,-0.00676772914002676,0.0241355104078247,-30,0,0,0,0,0,4,3,0.0481497692689257,0.675781639520686,-2.58400967301826,0,0,0
831,-30.1530393973935,0.0621443178516567,0.169132692133191,0.000150187668850328,0.00278005484165292,4.60467346388542E-05,-30.1051736758688,0.129323609342277,0.286478158584774,0.00435203812823804,0.00500865679645998,0.0164936217304727,-30,0,0,0,0,0,4,3,-0.224856461086136,-0.759512898330551,-2.22231849021682,0,0,0
832,-30.1537382272755,0.0645445906364403,0.168436535263135,-0.00154828538398441,0.00202048490062592,-0.00143785039853282,-30.2051205553979,0.164540317414604,0.17233206868778,-0.00880845533141345,0.00430859608474679,-0.00892251011770238,-30,0,0,0,0,0,4,3,1.29108664393722,-0.759940243303886,0.547586874394678,0,0,0
833,-30.1546352963257,0.0661851595544998,0.166745833650583,-0.000245998149593524,0.0012606468965471,-0.00194394272718632,-30.0788615413432,0.237151232904387,-0.0152796628443359,-0.000876349920390331,0.00727948299102605,0.0117144451060592,-30,0,0,0,0,0,4,3,0.245358074725372,-1.20225076491138,-1.14088518491725,0,0,0
834,-30.1551902211262,0.0668446842148283,0.164292803359997,-0.000864146290813443,5.83925945394099E-05,-0.00296193816928548,-30.3537668311968,0.209544598483436,0.342241453656794,0.0124315713752092,0.0183465691113632,-0.00459603736069016,-30,0,0,0,0,0,4,3,-0.535623475127302,-2.25374610810319,-0.224879171244571,0,0,0
835,-30.1563334020065,0.065776186181237,0.161423402464254,-0.00142215055490838,-0.00219539587673753,-0.00277669626478558,-30.2296914543252,-0.0339646505028561,0.138759450339612,-0.0136649562462841,-0.0044495171004325,0.0108215798393794,-30,0,0,0,0,0,4,3,1.82587853327885,0.512881011048963,-1.35967688461716,0,0,0
836,-30.157566728539,0.0638372866942606,0.157516150019342,-0.00104516844226705,-0.00168240965364039,-0.005037921257157,-30.252650217943,-0.178923299842069,0.200172832110184,-0.00100990527009272,0.00296609028455711,-0.00740535482041012,-30,0,0,0,0,0,4,3,0.606290962895364,0.0612375712284264,0.340189817820645,0,0,0
837,-30.1582832780805,0.0621855224814744,0.152383735476379,-0.000387980309487508,-0.00162112254125075,-0.00522710350580732,-30.1464750189693,-0.039569127238315,0.066230452406863,0.0200978099377619,0.0143477241648486,0.00695205071140203,-30,0,0,0,0,0,4,3,-1.71683095583752,-1.35563416200823,-0.827665975953929,0,0,0
838,-30.1595873750493,0.0598865165764551,0.147437136601996,-0.00222003887378217,-0.00297689448329204,-0.00466554740482464,-30.2141823222311,-0.0923824506430987,0.232116399254427,-4.28267675741207E-05,0.00464572211220527,-0.00776382432430018,-30,0,0,0,0,0,4,3,0.432647321219533,-0.279807309934329,0.312149633921165,0,0,0
839,-30.1615512467816,0.0567697395480634,0.142727018574809,-0.00170772047577221,-0.00325666516235619,-0.00475483797712152,-30.2419717849727,0.266861014016375,0.169075447813234,-0.00881904652319462,-0.0120744574445149,0.0106087438836504,-30,0,0,0,0,0,4,3,1.3658482222649,0.673723716418741,-1.39902528399151,0,0,0
840,-30.1632541982146,0.0538499742573179,0.136985585695966,-0.00169876269971106,-0.00258286979113037,-0.00672802937631634,-30.1403138519941,0.118279877271774,0.000786799026867541,-0.0129733099964454,-0.013862875097019,0.00108692357241088,-30,0,0,0,0,0,4,3,1.57795870363282,1.14972775515835,-0.110265955294823,0,0,0
841,-30.164428874229,0.0518420265778715,0.129664613822862,-0.000650932120273107,-0.00143303147013279,-0.00791422594710478,-29.9079504060289,0.142038638215235,0.0748236225761469,0.00745186955286426,0.000809050477036485,0.00794893570870426,-30,0,0,0,0,0,4,3,-0.929286143228678,-0.364982324134118,-0.944540816022719,0,0,0
842,-30.1657520284407,0.0502264642950541,0.121719310564043,-0.00199538483929924,-0.00179809753299112,-0.00797598164785934,-30.1122824050138,0.0343548325695027,0.34657301168285,-0.0116525569476527,0.0105371838683468,0.00738347752669421,-30,0,0,0,0,0,4,3,1.38982050479279,-1.12242805197368,-1.43149377603512,0,0,0
843,-30.1677487188987,0.0478671921641574,0.112736856012776,-0.00199858285145612,-0.00292045281953037,-0.00998892792441368,-30.279202893636,-0.0411873452909042,-0.253172777140978,0.0101345917541353,0.00587354566888113,-0.00849443592731694,-30,0,0,0,0,0,4,3,-0.455053388141536,-0.504979876306305,1.35578914701365,0,0,0
844,-30.169454838673,0.044694248786124,0.103386395303534,-0.00141326894105608,-0.0034254401542892,-0.00871216867665423,-30.3149389275422,0.0971727093192954,0.141887048909606,0.000322016996793116,-0.00558354497159911,-0.00713793221407101,-30,0,0,0,0,0,4,3,0.597676155405183,0.36400907852132,0.430019123587888,0,0,0
845,-30.170514011597,0.0414508413934555,0.0946138617781315,-0.000705102029432378,-0.00306138049332026,-0.0088331076493442,-30.0223546827403,0.0202384184726163,-0.00140460302503916,-0.00333911462000914,0.0147496809015507,-0.0150944536811401,-30,0,0,0,0,0,4,3,0.378620827481542,-1.5154449271003,1.51225457416409,0,0,0
846,-30.1705699364438,0.0376317683670863,0.0861863334138996,0.000593502766825984,-0.00457677050257013,-0.00802233135929704,-30.221583552309,0.0299549739986702,0.243313144136382,0.0145115348840506,-0.0187063391002635,-0.0060802545336185,-30,0,0,0,0,0,4,3,-1.00798638378714,1.81072396202901,0.121399165089087,0,0,0
847,-30.1703083489269,0.0339603278198137,0.0785462156523387,-7.00922538431934E-05,-0.0027661162389918,-0.00725770698462984,-30.1402072139556,0.18880593154432,0.0485036062228009,-0.0109498447546559,-0.00522023080757512,-0.0136487637283673,-30,0,0,0,0,0,4,3,1.37539890337673,0.144411217668871,1.26786916039113,0,0,0
848,-30.1694528772406,0.0312664807702302,0.071259729988361,0.00178102821204517,-0.00262158348177531,-0.00731580862189744,-30.239342953842,-0.0996344134665559,0.227529859578658,0.0145741033851718,-0.0121141465631743,-0.022150851965758,-30,0,0,0,0,0,4,3,-0.978724430833118,1.41068348325054,1.76002547741849,0,0,0
849,-30.167424633571,0.0293502241800316,0.0649064926062414,0.00227603840987388,-0.00121093737348946,-0.00539080997143918,-30.1857182741273,0.0236857996969779,0.200718884944385,-0.00760165275958012,-0.00638476827403326,0.00386706190031933,-30,0,0,0,0,0,4,3,1.13160182421253,0.59110522800937,-0.788143959920703,0,0,0
850,-30.1650224597061,0.0284348752225085,0.0588280890631281,0.00252791359538335,-0.000619765933865108,-0.00676606960906102,-30.266332686762,-0.0687682921052001,-0.0441851084776241,0.0166263245286145,-0.0124524028250443,-0.00309648140544004,-30,0,0,0,0,0,4,3,-1.12996707933739,1.38277686671483,0.398018357499253,0,0,0
851,-30.1627726922927,0.0285064638923912,0.052585816809298,0.00197193744320477,0.00076293763951529,-0.00571830924678883,-29.9729247480039,0.0586532198816027,-0.00697285739844414,-0.00186853509574465,0.00763029437510671,-0.0161746972749339,-30,0,0,0,0,0,4,3,0.132703005582289,-0.880335877273876,1.63141544229028,0,0,0
852,-30.1601953461465,0.028829255859998,0.0473974902201687,0.00318307513085823,-0.000117358669826715,-0.00465869788451258,-30.1744243400584,0.0658359608954008,-0.0216809154272847,-0.0128939485727951,-0.00106134742995293,0.000184853351873414,-30,0,0,0,0,0,4,3,1.63824353739629,-0.0255371787955087,0.024876495667228,0,0,0
853,-30.156422235726,0.0286991905685288,0.0421669878431458,0.00436281897571811,-0.000142778482541002,-0.00580265097009966,-30.2180116076079,0.125423113059746,0.0395284623784841,-0.00244588657766618,-0.00258474938131223,-0.022951247836285,-30,0,0,0,0,0,4,3,0.680611872982444,0.00762871201173104,2.21606785887153,0,0,0
854,-30.1510532764902,0.0285602743615458,0.0369120555319304,0.00637543106588139,-0.000135060317173535,-0.00470780019632927,-30.2626922627372,0.118785234412764,-0.0554058006538223,0.00144618913045224,0.0068021301259167,-0.0168102235364832,-30,0,0,0,0,0,4,3,0.380765612429127,-0.917783481417198,1.79183395495596,0,0,0
855,-30.143925931231,0.0279663552593918,0.0327020146332276,0.00787955939230273,-0.00105278356769335,-0.00371271721729469,-30.2035782309667,0.0510552746487776,-0.0134636301417285,0.0244623209586795,0.00834190969273295,0.013361006694561,-30,0,0,0,0,0,4,3,-2.03907563393454,-0.93630151857085,-1.30917340917264,0,0,0
856,-30.1372414050853,0.0264453395018391,0.0292139599015472,0.00548963360663984,-0.00198925474927341,-0.00326269126516003,-29.919548983807,-0.201893795822769,-0.120905293093611,0.0166995107527139,0.00369097199729099,0.00649973091269345,-30,0,0,0,0,0,4,3,-1.83085310765744,0.0346903919164395,-0.408162505082123,0,0,0
857,-30.1325580351738,0.0244733636992337,0.0264289603021446,0.00387739296186534,-0.00195470253293747,-0.00230683363031264,-30.1658282056259,-0.0827113474093026,0.213666921785001,-0.00850005680391445,0.0186990247628179,-0.00894729138386355,-30,0,0,0,0,0,4,3,1.18166209164325,-1.70447978146318,0.467395294816353,0,0,0
858,-30.1281003829583,0.021666470623044,0.0238659854852928,0.00503776933173372,-0.00365908936032057,-0.00281945255517023,-30.1302823386929,-0.0984579233969697,0.151677873626501,0.00153050294976607,0.00802393242395173,-0.00809939668382171,-30,0,0,0,0,0,4,3,0.107514382409109,-0.605477395601234,0.506583921129169,0,0,0
859,-30.122854255567,0.0177046540498343,0.0211778226218727,0.00545457194255786,-0.0042645497379554,-0.00255699089995992,-30.1227589667005,0.150171360026881,-0.0372639163583262,0.00657124255328201,-0.00672404345210799,0.0025113651737648,-30,0,0,0,0,0,4,3,-0.41160632192714,0.372061625157036,-0.176608684659828,0,0,0
860,-30.1176153614602,0.0136261220313053,0.0186880259420143,0.00502326362644492,-0.00389252074308129,-0.00242247503304072,-30.2828331176463,0.194602992399033,0.0381013696140081,0.0113180283841428,0.0141797499839433,-0.00646382714777707,-30,0,0,0,0,0,4,3,-0.566136603121686,-1.8071809831924,0.570179975549691,0,0,0
861,-30.1126023209447,0.00882999874755588,0.0166544449666177,0.00500305092865128,-0.0056997316011403,-0.00164467719649089,-30.1438877451482,-0.159449656388509,-0.0397350082282559,-0.0244688779036996,-0.0109925495023095,0.00735295955158595,-30,0,0,0,0,0,4,3,2.73466328066635,1.41815426300797,-0.655825938702083,0,0,0
862,-30.1068555776467,0.0038394393377558,0.0138074929856655,0.00648974650657303,-0.00428139429420873,-0.00404965573139705,-30.2662249885261,0.184218001269603,0.0728245303866776,0.0282407604297728,-0.0109946619304418,-0.00433452311404815,-30,0,0,0,0,0,4,3,-2.29162606592506,0.731030190504971,0.28780325063146,0,0,0
863,-30.1010924451682,-7.65161252582786E-05,0.0106477633282912,0.00503704017642972,-0.0035505223279933,-0.00226937981496088,-30.1936219180985,0.0804687949102048,-0.0665914441451376,-0.0094656505646905,-0.0223942020565921,-0.00596182502389261,-30,0,0,0,0,0,4,3,1.3338088926661,2.0784826158388,0.729365390679536,0,0,0
864,-30.0953300426776,-0.00258774029077049,0.00816015540259805,0.00648764586720483,-0.00147193108363223,-0.00270625181987133,-30.0922447126986,0.176882094406874,-0.052359758340888,0.0268985301003549,0.00627413229393078,0.0106903567718385,-30,0,0,0,0,0,4,3,-2.50536358463836,-0.981177418206827,-0.964316160502079,0,0,0
865,-30.0900814219482,-0.00455035596408282,0.00597204068191786,0.00400990375287301,-0.00245330507579005,-0.00166925727900252,-30.0494430448721,-0.054012353722067,-0.155189234638529,0.000136555851227494,-0.0129939726984069,-0.000223699057959791,-30,0,0,0,0,0,4,3,0.0852305046213918,1.40742197728482,0.332748375073037,0,0,0
866,-30.0859306663879,-0.00629994059578062,0.00437966128949812,0.00429166016095588,-0.00104587088311508,-0.00151558006186815,-30.0724066737582,-6.81495878329663E-06,0.0628654240408677,-0.0133866240054641,-0.000112079105881059,-0.00168626734223551,-30,0,0,0,0,0,4,3,1.48347574806281,0.0112215405056725,0.0428958861418155,0,0,0
867,-30.0811004287596,-0.00734014482206315,0.00234761658022274,0.00536852312179553,-0.00103454269266257,-0.00254881740980525,-30.1151904594947,-0.0607111636530207,0.0595590874272151,0.0265185967765398,-0.0126082891870051,-0.0181537650873772,-30,0,0,0,0,0,4,3,-2.42147875866448,1.38225124600655,1.69625833388329,0,0,0
868,-30.0760078011499,-0.00768362960291437,0.00123942303928544,0.0048175693744664,0.000347567052494981,0.000332592156722947,-30.0205988296897,0.00279488886439046,0.0871358351946566,0.00590014363046153,-0.000669378520113708,0.00131613276619597,-30,0,0,0,0,0,4,3,-0.548816703666796,0.0613480742825898,-0.30588494700891,0,0,0
869,-30.0714979223364,-0.00730540768207516,0.00164281629334094,0.00420223878970856,0.000408870319184894,0.000474376366266984,-29.8969822108945,0.126213833132882,0.0367257509023233,-0.0113242952290135,-0.00677379962826102,-0.0158541836995516,-30,0,0,0,0,0,4,3,0.926393944690317,0.424952296560338,1.51196686815051,0,0,0
870,-30.0664399462913,-0.00668401179086314,0.00231872844868149,0.00591383650612399,0.000833916620186483,0.000876960778039421,-30.1581524948182,-0.0338626902810632,0.148469615939566,0.00115323772297439,-0.00534990203048083,-0.00171055446018274,-30,0,0,0,0,0,4,3,0.200981217338904,0.602715583610209,-0.125883785860857,0,0,0
871,-30.0605032113351,-0.00554872739110278,0.00306716882445382,0.00595956976353369,0.00143664422500091,0.000619908650525712,-30.1661453841818,-0.255577703259869,0.0998779648416596,0.0166651332103289,0.00115818997003762,-0.00230086797709729,-30,0,0,0,0,0,4,3,-1.33422255266927,0.395336409515976,0.0303308680264096,0,0,0
872,-30.0550124323529,-0.0039144593141571,0.00415329294399433,0.0050222619239597,0.00183188598007127,0.00155261086902033,-29.9523269248108,-0.0668438762194323,0.0237597325458675,-0.0065967268503974,0.0131001939524696,0.00868379486993408,-30,0,0,0,0,0,4,3,0.564326534661314,-1.17633164280809,-0.915898952085143,0,0,0
873,-30.0501153177653,-0.00267072475206346,0.00516918277239245,0.00477166716331058,0.000655577712557988,0.000479244271376564,-29.8499506676326,-0.152740513359917,0.123009065063037,-0.00526466361781499,-0.0154683055556118,0.00719314504823173,-30,0,0,0,0,0,4,3,0.22636769704678,1.85231158228101,-0.965332634949247,0,0,0
874,-30.0456073176158,-0.00108898917990888,0.00521324879843994,0.00424408982375521,0.00250788763158704,-0.000390958522459402,-30.1556712699129,0.071656725914221,0.0202671382091539,0.0131901717923457,0.0164678339655106,0.0129744223289072,-30,0,0,0,0,0,4,3,-1.00767463940883,-1.7900968483795,-1.33797650930903,0,0,0
875,-30.0421970435429,0.000523804444521702,0.00468927034243486,0.0025763900394458,0.000717694195358524,-0.000656519351425584,-29.9358416649464,-0.155112869277311,0.0151156759914962,-0.00621577401096432,0.010003760624125,-0.0100449238241365,-30,0,0,0,0,0,4,3,0.4932607309893,-0.690150323857875,0.974261030430657,0,0,0
876,-30.0391078077943,0.000896452801512652,0.00419386987887957,0.00360218060138482,2.7597046781209E-05,-0.000334571663534525,-30.0801802754748,0.123546897740262,0.180950888026211,0.000788407343134818,-0.00771394283957823,0.00829605533764573,-30,0,0,0,0,0,4,3,0.0815198166361445,0.524300488477299,-1.19150730981699,0,0,0
877,-30.0359014739646,0.0011861948764466,0.00339600364477405,0.00281023163784675,0.000551881367278352,-0.00126092938441292,-29.9544168331565,0.0105781534600296,0.104601669831096,0.00548546085877189,-0.0128237248614273,-0.00199656238881845,-30,0,0,0,0,0,4,3,-0.639712419564132,1.26121617922267,-0.00954710078034793,0,0,0
878,-30.0333271422637,0.002368663671338,0.00234587949731851,0.00233855899501511,0.00181305171600281,-0.000839181217005915,-29.8936645647556,-0.00517711118797494,-0.0116095645210371,0.00805405591362809,0.00685516076429965,-0.00945096722828594,-30,0,0,0,0,0,4,3,-1.01807646185171,-0.675161854054015,0.968315851870668,0,0,0
879,-30.0310133483066,0.00384410963749974,0.00219793215354918,0.00228943231492336,0.00113783507687471,0.000543306459771405,-29.891957050645,0.00145829741805087,-0.00839078015771205,-0.00329927230931473,0.0070556808513179,-0.00593890498077352,-30,0,0,0,0,0,4,3,0.113841332221567,-0.708484679967892,0.610672058392776,0,0,0
880,-30.0284726516281,0.00462771491621154,0.00290645045851098,0.00279206082363146,0.000429369785149206,0.000873588359782504,-30.0038722057095,-0.0594627751819954,-0.159638105230317,-0.00527191208875462,-0.000808880796151222,0.0214758835959445,-30,0,0,0,0,0,4,3,0.534935620294395,0.199813629979113,-1.82831214913382,0,0,0
881,-30.0261409835073,0.00515699638250279,0.00293259861753726,0.00187080044393238,0.000629187856357452,-0.000821028338866339,-29.9035370834197,-0.0512596638084765,0.100207611531245,0.0206577822354751,0.00761227811539637,0.020626264178617,-30,0,0,0,0,0,4,3,-2.25870405670813,-0.658708483922684,-2.26304164092419,0,0,0
882,-30.0258741429425,0.00545673083859089,0.00209785725943327,-0.00133711743731821,-2.97235575493983E-05,-0.000847540803561857,-29.9810402495526,0.103501882157561,-0.0214461174066452,-0.00296704230143715,-0.00141576240382313,-0.0128733821170534,-30,0,0,0,0,0,4,3,0.258784729248899,-0.0654275239328096,1.33023044651863,0,0,0
883,-30.0266548957598,0.00539431861673793,0.00162046305463096,-0.000224173776283923,-9.51080742838546E-05,-0.000107561891517661,-30.1528654621789,0.0140829571854975,-0.0565939478240542,-0.00561903429871626,-0.00665242450480872,-0.00209424895678231,-30,0,0,0,0,0,4,3,0.867634354229337,0.637076536109877,0.32261279132634,0,0,0
884,-30.0264631910997,0.00561778605738321,0.00131064524369235,0.000607476542311911,0.000542036324815051,-0.000512308054521932,-29.7364516397475,0.0157208885763806,0.0262334007614929,0.0122747983103585,0.000447310147199096,-0.00745762919915065,-30,0,0,0,0,0,4,3,-1.75457655154089,-0.0761727918726708,0.693296118392079,0,0,0
885,-30.0262353533258,0.00612168268559447,0.00165413687588885,-0.000151308953521881,0.000465751120224569,0.00119950697696142,-30.1563523723249,0.0725584982546548,0.0669133062730504,-0.00249796104167669,0.00318844360996352,-0.00419757243067325,-30,0,0,0,0,0,4,3,0.562500848817455,-0.463961357505662,0.285930630521224,0,0,0
886,-30.0260909277901,0.00635547963119416,0.00274594545502574,0.000440102889067528,1.83517864310282E-06,0.000983945825790523,-30.1725691262839,-0.00719086334956562,-0.0434788141723718,-0.00205347543642864,-0.0153744567968031,-0.00949518207391255,-30,0,0,0,0,0,4,3,0.550485796210742,1.55182740637944,1.036475835736,0,0,0
887,-30.0250937013443,0.00713326254577885,0.003890849325414,0.00155445011615525,0.0015537209868317,0.00130554538913212,-30.0371770712028,0.00239446151573778,0.0205134029892031,0.00859982321673698,-0.0039887132985723,-0.00695347516369005,-30,0,0,0,0,0,4,3,-0.785628179268116,0.394082406825754,0.654320710390599,0,0,0
888,-30.0235884665887,0.00888400508849634,0.00569517062120971,0.00145630464065595,0.0019477594017048,0.00230312731603795,-29.9804768950164,0.0958915046718527,-0.13004317496186,-0.00858634771663139,0.00649744070341221,-0.000564065071708105,-30,0,0,0,0,0,4,3,0.81958856169597,-0.841527079684927,0.316492857094531,0,0,0
889,-30.0217344762256,0.0104110358340243,0.00780881850977544,0.00225157448548525,0.00110629664640663,0.00192394684180811,-30.1087572788303,-0.184339018375372,0.206885714251937,0.00199255398015717,0.00240877037634427,0.00997526874365362,-30,0,0,0,0,0,4,3,0.0182591596449326,0.127800999116317,-1.41129830286923,0,0,0
890,-30.0199809029975,0.0115812229349327,0.00921830557975336,0.00125528935800536,0.00123407291010953,0.000895311132951909,-30.1990550910516,-0.0973463821610763,-0.101299594902,-0.011649071498005,-0.00684273106613595,-0.0048623540348984,-30,0,0,0,0,0,4,3,1.56301733190364,0.878965870935748,0.68883459329384,0,0,0
891,-30.017935019702,0.013254842860944,0.00979101973012181,0.00283630008827877,0.00211316302051448,0.000249676360931702,-30.0291919275307,0.0683890043373712,0.201817420565207,0.0100905582355066,0.00159047876517555,0.00190756947829587,-30,0,0,0,0,0,4,3,-0.950671968489348,-0.295825885192298,-0.594391788960001,0,0,0
892,-30.0156489619939,0.0152200566970131,0.0101581169089933,0.00173588624063035,0.00181725832793322,0.00048483115075941,-30.0832747272013,0.0824164454524908,-0.0187343961299426,0.010891357894985,-0.00189327593057412,0.00787521600424116,-30,0,0,0,0,0,4,3,-0.922586335095928,0.0244947021524303,-0.750052808164231,0,0,0
893,-30.0145085603787,0.0170495244302415,0.0106965858864664,0.00054495187891689,0.00184167336076003,0.000592442994396362,-30.1429916452291,-0.00516069796993703,0.107287062965687,-0.00912908771169195,-0.0275864820424412,-0.0197382640255472,-30,0,0,0,0,0,4,3,1.19889206162745,2.76896960018399,1.75925227662335,0,0,0
894,-30.012921073022,0.0202757442001197,0.0114712881134941,0.0026301320290468,0.00461076096022926,0.000956381326171742,-29.9633454069481,0.0853096383176269,-0.0194110928119791,0.0166956619536344,0.00821088171988506,-0.00859603689198462,-30,0,0,0,0,0,4,3,-1.74287538146734,-0.99170744862376,0.89842587482242,0,0,0
895,-30.0105876525004,0.0243906001887101,0.0133524253357952,0.00203723086464254,0.00361894571879635,0.00280606140512198,-30.0934438665386,0.0279443320908901,-0.0614297837590687,0.0081795046338539,0.0136300996397223,-0.0077356906283462,-30,0,0,0,0,0,4,3,-0.631062730308262,-1.41889862815401,0.896428630352758,0,0,0
896,-30.0084559249226,0.0273000841206841,0.0166872329321617,0.0022265273015214,0.00220001860295116,0.0038635018053357,-30.0383606370736,0.000473189312474996,0.0710233572524819,0.00733936369233808,0.00669890530167074,-0.0194569395855516,-30,0,0,0,0,0,4,3,-0.657215095086697,-0.670836908792024,1.8036472440502,0,0,0
897,-30.0058200514049,0.0291646811248223,0.0214069946814344,0.0030457028469653,0.00152916807253986,0.00557579652689643,-29.8039013985613,0.0094296808880587,0.051455395423046,-0.00147231293145199,-0.00256014115487152,0.00978738212319188,-30,0,0,0,0,0,4,3,-0.244965909732206,0.237154753711034,-1.08164900316528,0,0,0
898,-30.0032473181749,0.030812410787971,0.0266796298548299,0.00209959840391406,0.00176628539293899,0.00496974048524841,-29.8662336060851,-0.0916910235903643,-0.0260759339809582,-0.00604579736209849,0.00652158896143746,-0.00858326313537391,-30,0,0,0,0,0,4,3,0.337046948380005,-0.468776848963018,0.910478181499307,0,0,0
899,-30.0007068001181,0.0323443301846699,0.0318376818411275,0.00298154810504329,0.00129754939393105,0.00534612178781954,-29.9909115916897,0.0827756464640637,0.0612074947170483,0.00787780811001056,-0.0127184989704815,0.0211604386391855,-30,0,0,0,0,0,4,3,-0.805957627621644,1.10629860412002,-2.23845885335264,0,0,0
900,-29.9988079322507,0.0341949818508922,0.0366761775082509,0.000815908925797303,0.00240374918453112,0.00433147596762633,-29.8878107382808,0.00506161009705412,-0.0786048435521092,-0.000498628125730717,-0.00622997666511831,-0.00158737914155092,-30,0,0,0,0,0,4,3,-0.174515710865282,0.612874446317722,0.31594760125931,0,0,0
901,-29.9979425883324,0.0369051682173002,0.0411707080005965,0.00091487373818308,0.00301661700941697,0.00465756122702613,-29.8613855208937,0.0293540997379737,-0.0539559448112333,0.0148241377579738,-0.00216326449637292,-0.0136738250373016,-30,0,0,0,0,0,4,3,-1.75964273400989,0.157618250161345,1.47529439335263,0,0,0
902,-29.9971185255056,0.0400005479513171,0.0469630602233452,0.000733884212845872,0.00317413691320498,0.00692719562017047,-30.024625036304,-0.0335851146035839,-0.00889041830038566,-0.0124474028405429,0.000134264868673706,0.00633138710977418,-30,0,0,0,0,0,4,3,1.29399035666224,0.0537437423397972,-0.615357874376646,0,0,0
903,-29.9961528300869,0.0432016009105192,0.0532028412739761,0.00119713160535227,0.00322796163931389,0.00555224171595118,-29.9670768035587,0.00385320521179151,-0.0642043188537139,0.0132236778039595,0.00351173481840838,-0.00404358154314809,-30,0,0,0,0,0,4,3,-1.38821417327852,-0.358879892264421,0.532766792022237,0,0,0
904,-29.9952519152429,0.0462500816057743,0.0594276082078665,0.000605074681349559,0.00286899251583341,0.00689745839859343,-29.9672861536399,0.0051231420255058,0.154528007286476,0.0127395704715725,-0.00445956195038704,0.0158904286421326,-30,0,0,0,0,0,4,3,-1.33938473987748,0.435709910987692,-1.89809887878621,0,0,0
905,-29.9957945490526,0.0493368668981652,0.0661315304363499,-0.00169044561194871,0.00330457183270508,0.00651102349302962,-29.9182772044718,0.0893038940620718,0.23585934170465,0.0142951568688502,0.0126161901037283,-0.0129767633244823,-30,0,0,0,0,0,4,3,-1.59296127794138,-1.44022679849697,0.825957649038925,0,0,0
906,-29.9977464153795,0.0519212794012125,0.0734926444793174,-0.00221281455901626,0.00186424660148308,0.00821135286837292,-30.0673970955426,-0.0178927446511269,0.156076666892459,-0.00236696380218387,-0.00143072140338947,0.00402625960405032,-30,0,0,0,0,0,4,3,0.37149057130355,0.178857629641201,-0.714779294189949,0,0,0
907,-30.0000856704234,0.0538749636316678,0.0813134406111482,-0.00246590626635185,0.00204311755281362,0.00743031037527547,-30.1055939292278,0.0205212272447903,0.0200503410545011,0.0170707594933574,-0.0125399455796546,0.0135586873620276,-30,0,0,0,0,0,4,3,-1.49588809088005,1.21295210347588,-1.39596941831176,0,0,0
908,-30.0035739538274,0.0565244936235557,0.0887850326920326,-0.00451063512059956,0.00325593715277209,0.00751343763814837,-29.9905805256095,0.0316886936657707,0.0637839063436391,-0.00701883364682562,0.00060977170668593,0.00103898227540788,-30,0,0,0,0,0,4,3,0.683044415901609,-0.124354558000134,-0.231466040228066,0,0,0
909,-30.0079299593608,0.0597182784531969,0.0959660731288819,-0.00420155637718611,0.00313162706493268,0.00684855900566742,-29.9353658488173,0.280146667932099,0.0557367398138738,-0.00936185898002925,0.0207600803768884,-0.00210325801779619,-30,0,0,0,0,0,4,3,0.806917595637557,-2.63630137355303,0.0988523221518711,0,0,0
910,-30.0118157121287,0.0615317869772494,0.102552560438093,-0.00357009012068478,0.00049538510082579,0.00632424224559571,-29.9735370744199,0.147656269470421,0.354035674430466,0.019979936066892,-0.00049501627280027,0.00841690404561716,-30,0,0,0,0,0,4,3,-2.05091945784931,-0.245810911660816,-1.54976175342265,0,0,0
911,-30.0166570656599,0.0619041824233396,0.10906603802698,-0.00611250586248234,0.000249399245116271,0.00670341438460207,-30.0440226402137,-0.0260352440956807,0.231455636145081,-0.00892552691607533,0.00197068677002654,-0.00852789182718225,-30,0,0,0,0,0,4,3,0.980597972034984,-0.144998188811292,0.389877910428062,0,0,0
912,-30.0222892654097,0.0620811250049481,0.115547031215065,-0.00515201316024618,0.000104478222300073,0.00625830875363562,-29.9185441323191,0.220765840943431,-0.0526362398230407,0.00997174779820803,0.00442713822342966,0.00822481375521462,-30,0,0,0,0,0,4,3,-1.16008651518263,-0.884245504229828,-0.71720889587538,0,0,0
913,-30.0281034433957,0.0617434339209958,0.1219662753503,-0.00647624868036001,-0.000779863290715279,0.00658054302760913,-30.0908183118154,0.0407157944757005,0.0297703407456796,-0.00608491148407808,-0.00328014977538882,0.00205636830553175,-30,0,0,0,0,0,4,3,0.79012777203868,0.24658338858748,-0.265177512044535,0,0,0
914,-30.0344013663746,0.0610868908343982,0.128164906900014,-0.00611980514839757,-0.000533228413358891,0.00581662401392179,-30.1515987567497,0.197174090243407,0.0358984716665371,-0.00978943125856757,0.00895647064531436,0.00357879709448284,-30,0,0,0,0,0,4,3,1.28214063935614,-1.28999524501825,-0.429676652781358,0,0,0
915,-30.0402316912921,0.0599087097359683,0.133365205982497,-0.00554117668822728,-0.00182314009037915,0.00458381907640286,-29.9266754453966,0.124988778996963,0.0987580377679785,0.0117388655657223,-0.0131608329206954,-0.00456836039416514,-30,0,0,0,0,0,4,3,-1.32053566577912,1.06610573407561,0.259319963880557,0,0,0
916,-30.0461400097028,0.0586185792349286,0.138508042134516,-0.00627515022004338,-0.000757123805481339,0.00570205354785592,-30.0563277114664,0.118010204537144,0.170709191055352,-0.00474624688035021,0.00537783916768369,-0.0100726078348469,-30,0,0,0,0,0,4,3,0.587280110967796,-0.773804325842657,0.665842401373991,0,0,0
917,-30.0519730548074,0.0574745826029767,0.144223821967049,-0.00539093005681045,-0.00153087393511808,0.00572926702393126,-29.7840464828839,-0.0655902670538347,0.260279896819551,-0.0157324942362126,-0.00395995789927628,0.028589614383199,-30,0,0,0,0,0,4,3,1.14134238938907,0.527176324035298,-3.379521231959,0,0,0
918,-30.0581870491669,0.0562073083658929,0.148363824761245,-0.00703792042090855,-0.00100367851494079,0.00255118624782777,-30.1550183346839,0.176058975595187,0.255136044639461,-0.00334868471998534,-0.00148701519731434,-0.00476026502749669,-30,0,0,0,0,0,4,3,0.644905141366374,-0.20341643145894,-0.0342455865292537,0,0,0
919,-30.0650169242482,0.0551019462127277,0.150665309614586,-0.00662196185422992,-0.00120704955714173,0.00205166958558421,-30.102825846821,0.0401376411799528,0.153470730094524,0.0034490613141174,-0.00192031271278323,0.00344501221302673,-30,0,0,0,0,0,4,3,-0.139254437769771,0.111755988918417,-0.65144268149172,0,0,0
920,-30.0719254113779,0.0539507660284114,0.15253595500478,-0.0071951071256131,-0.00109531552136029,0.00168977835848439,-30.0948132948174,0.14545270680813,-0.0694996580231167,-0.0150417139265888,-0.0116700881527569,-0.00414953555831505,-30,0,0,0,0,0,4,3,1.69379798229368,0.876103401659429,0.553952871877738,0,0,0
921,-30.0783379254811,0.053293570130973,0.153801087612637,-0.00563014405637008,-0.000219081029853708,0.000840063570302538,-29.9451454682899,-0.013182907292276,0.123578766677752,-0.0197595962371223,-0.00717553265818054,0.00102839551491496,-30,0,0,0,0,0,4,3,1.86625056029208,0.743919080402606,-0.349997084847,0,0,0
922,-30.0834528023359,0.0534465143717733,0.153840249625377,-0.00460003957654763,0.000524964764275816,-0.000762019555478249,-29.8297578705059,0.0397797387384344,0.206673865893639,-0.00737702778182919,0.00350706765185373,-0.00226171906902708,-30,0,0,0,0,0,4,3,0.397218519194771,-0.430266242662242,-0.18717582488457,0,0,0
923,-30.0879879644654,0.0537563634322017,0.152863347441673,-0.004470390558401,9.47234119365009E-05,-0.00119182394126923,-29.9695736894322,0.0443390523802122,0.062882597638502,0.00840309466639493,-0.0114248578434715,-0.00835878847324736,-30,0,0,0,0,0,4,3,-0.901162087775073,1.05380767958673,0.710113652047732,0,0,0
924,-30.0925182937344,0.0543779675018862,0.152235825509376,-0.00458995738007408,0.0011484798815418,-6.31866651750572E-05,-30.2077523257305,0.0279247162646337,0.257962720712871,-0.00884531283898666,0.00935071047919235,-0.0170734251745539,-30,0,0,0,0,0,4,3,1.30003593535963,-0.990920480448502,1.19141707602965,0,0,0
925,-30.0962329444588,0.0550310482749888,0.15210739604988,-0.00283937442186969,0.000157674155613983,-0.000194144400546603,-30.2715645468184,-0.0966207210124689,0.118099797461886,-0.00250154306973605,0.014604010101917,0.00367880329486453,-30,0,0,0,0,0,4,3,0.793283400610497,-1.26715956816676,-0.604079924410226,0,0,0
926,-30.0990215074917,0.054555167319026,0.151410130589183,-0.00273801933246877,-0.00110943994798084,-0.00120041304186891,-30.1789121716696,0.00558438323993516,0.231918405587177,-0.0117639146179,0.000577380693808204,0.00945199456253053,-30,0,0,0,0,0,4,3,1.53421580512912,-0.0689068358606907,-1.40903626742741,0,0,0
927,-30.1017452714981,0.0534113184850753,0.149160688477932,-0.00271006947198692,-0.0011782632989762,-0.00329847845409665,-30.2911485983759,0.107455279875365,0.140772633725065,-0.00150103588700379,0.00663886562657588,-0.00958508787390736,-30,0,0,0,0,0,4,3,0.732400785452082,-0.878797122408318,0.676963519940607,0,0,0
928,-30.103963846708,0.0517936927062307,0.145822719097989,-0.00172709753248385,-0.00205699566491967,-0.00337772109834719,-30.0546205717317,0.000376363135189857,0.0788171712387033,-0.00639600107646407,-0.00448543250416197,0.0227699906900701,-30,0,0,0,0,0,4,3,0.748841251109771,0.447790524145817,-2.43463341148442,0,0,0
929,-30.1063211767039,0.0499605991929885,0.141326547801519,-0.00298815486692213,-0.0016091966191843,-0.0056142797433901,-30.180535141951,0.00410148981412947,0.330638482322825,-0.0143742140746008,0.0017867263900915,0.000465971263273792,-30,0,0,0,0,0,4,3,1.79849169136208,-0.186875618637409,-0.707874090973028,0,0,0
930,-30.1089539203113,0.0482580259844117,0.134809052133025,-0.00227781005032688,-0.00179595695397759,-0.00742090186782162,-29.9932046040039,0.168208698871222,0.0929010840084969,-0.0139575976735867,0.0149325932057818,-0.00306053199429336,-30,0,0,0,0,0,4,3,1.38216897536655,-1.82967671832063,0.120251031412342,0,0,0
931,-30.1107206754041,0.0455472835927387,0.126920363100477,-0.00125594428877794,-0.0036255328200851,-0.00835674977799377,-29.9431521070347,-0.0710275390290743,0.184774321225676,-0.0107556077826608,0.00723102450105888,-0.0106713209060211,-30,0,0,0,0,0,4,3,0.961864992335548,-0.581047372047739,0.697583448150759,0,0,0
932,-30.1114014441983,0.0416312743923354,0.118446146951128,-0.000105646872294463,-0.0042064986802143,-0.00859199139350074,-30.0120264729857,-0.115071997031649,0.176441366045541,-0.0010465503788404,0.0116042369291869,0.0026520417371587,-30,0,0,0,0,0,4,3,0.128707983855517,-0.93027969885539,-0.618086905806953,0,0,0
933,-30.1116961511877,0.0369596385015344,0.109585872500413,-0.000483901892735239,-0.00513678059270036,-0.00912845703768534,-30.188076616067,0.0529503978810257,0.0436712333735145,-0.00627284815151348,0.00611290179796757,-0.0320290867389692,-30,0,0,0,0,0,4,3,1.00343804728533,-0.717190975558808,3.11556620714989,0,0,0
934,-30.1107128402666,0.031464329586977,0.101154699517157,0.0024509039761664,-0.00585384248076104,-0.00773467247769953,-30.1864133181595,-0.0116796065138925,0.269118960084853,0.00372043584950903,0.00450235943207718,-0.0155888038520762,-30,0,0,0,0,0,4,3,0.000783051368165255,-0.426876730179933,1.02064246503791,0,0,0
935,-30.1078992214502,0.0253970619537044,0.0937598739574704,0.00317652361245774,-0.00628070032321319,-0.00705517196843272,-30.2411694186105,0.038106986612401,0.083282833552438,-0.00230136134861599,-0.00936302064242514,-0.0011603627843391,-30,0,0,0,0,0,4,3,0.712474972082564,0.860088091017712,-0.0505293886709659,0,0,0
936,-30.1045046352109,0.0195464327891346,0.0864175811234856,0.00361250416080075,-0.00542056232389895,-0.00762952981246768,-30.157857218753,0.0707457856136808,0.150306114056662,0.00371229824837139,-0.0230700322015847,-0.00762782071850107,-30,0,0,0,0,0,4,3,-0.0555153873312286,2.16551164893111,0.462169843736782,0,0,0
937,-30.1007514971017,0.0152086321881628,0.0789558578143071,0.00389386906567257,-0.00325504611271528,-0.0072939899664235,-30.0949674864058,0.103009904975751,-0.023697813867532,0.0157834114255877,-0.0184918951012874,-0.0117221497241092,-30,0,0,0,0,0,4,3,-1.38840616974711,1.64316970017723,1.21961060014599,0,0,0
938,-30.0968979984665,0.0127751359408653,0.0725742324355488,0.00381362144716103,-0.00161195299670412,-0.00546923643114816,-30.0314950672826,-0.0162738778176144,0.081776064113681,0.00142809581392532,0.00239725530558562,-0.00508450514411239,-30,0,0,0,0,0,4,3,-0.0798194468272423,-0.207177774923333,0.344898386183877,0,0,0
939,-30.0929933269025,0.0110595967707077,0.0672411823605641,0.00399580300729298,-0.00181913010458317,-0.00519690997042817,-30.0748752068237,0.0816235101871019,0.207471108235877,0.00859827196362187,-0.0129659336781582,-0.020719760004932,-30,0,0,0,0,0,4,3,-0.710076782714876,1.13334634744162,1.65703378402144,0,0,0
940,-30.0886440922189,0.00980713230523138,0.062859311677681,0.00470310641660365,-0.000685803862743546,-0.00356701598091989,-30.0499256307622,0.0403337351625441,0.221088428602835,0.0180026523001582,-0.007853290660759,-0.0128787254593335,-30,0,0,0,0,0,4,3,-1.7004139684915,0.704661595750811,0.845695688727681,0,0,0
941,-30.0842209083451,0.0094736089237988,0.0601900485372612,0.00414374555152074,1.87519918101761E-05,-0.00177135950228824,-29.9643182845829,-0.0905877417867581,0.0405420662841816,0.00361159478743637,-0.0100728014082777,0.00242189682083896,-30,0,0,0,0,0,4,3,-0.432522909577862,1.18845562440129,-0.323273814652259,0,0,0
942,-30.0803482315594,0.0100865734121334,0.0584546689968171,0.00360163393129372,0.0012071707833275,-0.0016992532198733,-30.1913956702175,0.0447836017763121,0.29271286137414,-0.00850724801725014,-0.00701252143833147,0.00219409672965547,-30,0,0,0,0,0,4,3,1.23351614215996,0.611684940280523,-0.804835395713828,0,0,0
943,-30.0766236858561,0.0115996261873115,0.0560193303589717,0.00384707353629617,0.00181892889257353,-0.00317148652331684,-30.2392253284361,-0.0799003343875594,0.0667477364944777,0.000598146104178192,-0.0129172178297647,-0.0036198963861972,-30,0,0,0,0,0,4,3,0.418636046454386,1.45152245175158,0.228494165630765,0,0,0
944,-30.0725561124928,0.0141443347563636,0.0527621257756716,0.0042880366310048,0.00327048543087998,-0.00334303628803754,-30.0917259286305,-0.0947210351561962,0.103870054776037,0.00737367360012179,0.0146551569463973,-0.0122117578548898,-30,0,0,0,0,0,4,3,-0.553915502751181,-1.27607362432733,1.0134356759369,0,0,0
945,-30.0680930578258,0.0167767731322629,0.0499562225126233,0.00463836525200146,0.00199439098225655,-0.0022688610961855,-29.8797708600437,-0.0612418949779519,-0.0521001427246619,0.0238762817537842,0.00274318302767241,0.00941631994948275,-30,0,0,0,0,0,4,3,-2.62808645529109,-0.151834512811337,-0.837431709498951,0,0,0
946,-30.0646630549734,0.0186951481925799,0.0483504351063453,0.00222199782213496,0.00184235348271538,-0.000942072715699179,-30.0458239414563,-0.0997740917398557,0.0122151086656581,-0.00252719202455134,0.00173368660187126,-0.0123983666291878,-30,0,0,0,0,0,4,3,0.344367085367681,0.0261795232925853,1.21540644558747,0,0,0
947,-30.0618839612972,0.0205506177387994,0.0476869516460983,0.0033363417223964,0.00186858000729755,-0.000385185660228018,-30.0510390204054,-0.0960502932675955,0.151553750481712,0.0072029298432059,0.00768820484608488,-0.0152596120000531,-30,0,0,0,0,0,4,3,-0.618214943509823,-0.576719898073297,1.22285369904189,0,0,0
948,-30.0583154869219,0.0221308298100401,0.0479340811667368,0.00380094701658739,0.00129183855686065,0.000879323413420089,-30.059046607244,0.0560181177080709,0.169799326529544,-0.00389606567622871,0.0187153514817474,-0.00184008519008134,-30,0,0,0,0,0,4,3,0.507699782110842,-1.98357138359089,-0.155590134050954,0,0,0
949,-30.0544021412255,0.0224309008841864,0.0485636569342674,0.00402561881712726,-0.000691699459123682,0.00037977240085204,-30.2066459450578,0.00255005228919449,0.0718536988425094,0.0117386684742149,-0.00115378643726738,-0.00999847393665292,-30,0,0,0,0,0,4,3,-0.760574957305826,0.110278539148349,0.856139995980273,0,0,0
950,-30.0503260507238,0.0217943240030477,0.0495024136837312,0.00412686419735467,-0.000581459402535787,0.00149772166894778,-30.1053852195225,0.056427986949206,0.120476292452686,0.0166992458114214,-0.000765991695199763,0.0131191092482679,-30,0,0,0,0,0,4,3,-1.45915414209709,-0.0362568043784358,-1.55286350973217,0,0,0
951,-30.0472679636296,0.0211946726371513,0.0509950543158472,0.00198931351968483,-0.000617848982012272,0.00148812238490806,-29.9447919367201,0.0519971272515824,0.0892913172274488,0.00303448843931168,0.0211082698244052,0.00978913722382282,-30,0,0,0,0,0,4,3,-0.413864970490874,-2.21482123694368,-1.15749635683718,0,0,0
952,-30.0458469094087,0.0194693901836247,0.0522311624665551,0.00085266785714285,-0.00283272110003167,0.000984393769310466,-30.0291951695161,-0.169336603422803,-0.162369985833906,0.00972190015070037,-0.00945657735908299,0.00523555180158175,-30,0,0,0,0,0,4,3,-0.913799676037751,1.2843309427539,-0.198815208490362,0,0,0
953,-30.0453814511956,0.0172788037700598,0.0534737232412145,7.83912221825931E-05,-0.00154845903911353,0.00150093334548978,-29.9240629674015,0.112133655427839,-0.0370902217278116,-0.00256380036960383,-0.00602997706427021,0.0105966701543167,-30,0,0,0,0,0,4,3,0.104505971763285,0.378730395571344,-0.98548657197605,0,0,0
954,-30.0456324080386,0.0159197075542545,0.0545926004501497,-0.000580499806255108,-0.0011697393670955,0.000736995260122235,-30.0345268196378,-0.0466753782100052,0.226254603913054,0.00281758560843166,-0.0198805443390362,-0.0146748609741293,-30,0,0,0,0,0,4,3,-0.212704921567508,2.08140519032363,1.01497688958683,0,0,0
955,-30.0459164380442,0.0157906755654624,0.0557438184646914,1.26633986815244E-05,0.000911669361244453,0.00156528823217542,-30.0428733948463,0.0406501879627071,0.0402382981266543,0.00219098142728734,0.000492910046184376,-0.000581789801699867,-30,0,0,0,0,0,4,3,-0.133351353036155,-0.130591380543852,-0.022297616083322,0,0,0
956,-30.0459605079672,0.0166370473679345,0.0573416605778134,-0.000100782208689974,0.000781068056726325,0.00163042903665391,-30.091936552047,0.0269645623591488,-0.10444393914171,-0.0189388350541372,0.00627817596339029,-0.00908731133914411,-30,0,0,0,0,0,4,3,2.07775660950775,-0.681746721057327,1.11761901219783,0,0,0
957,-30.0449492057928,0.0170773313905371,0.0585791165440452,0.00212319198490439,9.94902244201501E-05,0.000843904445098456,-30.1717972232196,0.00645670911302662,0.196532337110145,-0.000137107639817959,-0.0007286913512626,-0.0109236964196546,-30,0,0,0,0,0,4,3,0.357305210421093,0.0599557169002067,0.699304967745174,0,0,0
958,-30.0424515253244,0.0172068221878877,0.0595188468701916,0.0028722227175829,0.000159484335982236,0.00103536755221052,-30.02778151832,0.0676818297721522,0.174279508067799,0.0164733115468867,-0.0177562290978948,0.00902856641851757,-30,0,0,0,0,0,4,3,-1.59176811804859,1.64025925024518,-1.25141565798735,0,0,0
959,-30.0405823579925,0.0181863704038913,0.060705272214021,0.000866196494985267,0.00179960691210701,0.00133800777518854,-30.108539107482,0.0519792504098841,-0.0152722803931246,-0.00192570814751532,-0.00161687106217584,0.00685445578899982,-30,0,0,0,0,0,4,3,0.409649029715558,0.0577286053978156,-0.654901018113733,0,0,0
960,-30.0398217566663,0.0200148532878652,0.0616615798036206,0.000654813185321048,0.00185735266236626,0.000574664565591826,-29.9623216349115,-0.0056321427779316,-0.00584712728111699,0.00938747847689118,0.0047223135535568,0.000947598140397712,-30,0,0,0,0,0,4,3,-1.01410457786616,-0.460967069799817,-0.0830655594775372,0,0,0
961,-30.0395444686761,0.0216416880917191,0.0625722582490719,-0.000100057035719579,0.00139631169843119,0.00124689098245745,-30.1116574292549,0.0738989148514167,-0.0971102368629586,-0.00760176461376669,0.0076978822129713,-0.000357686801873261,-30,0,0,0,0,0,4,3,0.983491319886393,-0.917586050999963,0.229989153913243,0,0,0
962,-30.0392305679493,0.0225792467261829,0.0635260487930292,0.000727714773911759,0.000478800071667664,0.000660481907071015,-29.9708774888489,0.00102002067690196,0.0755182585973078,0.00923462231047495,0.00719242610612521,0.00446517219136182,-30,0,0,0,0,0,4,3,-0.981707253349604,-0.721282651966325,-0.597553736330798,0,0,0
963,-30.0390585418379,0.0226973677982788,0.0643370561014016,-0.000383579402247405,-0.000242563658504053,0.000961822552529716,-29.9273825698718,0.132106007979946,0.159495959106023,0.00176529158891487,-0.00625666409723331,-0.00977583204202903,-30,0,0,0,0,0,4,3,-0.321764019147839,0.361454393763439,0.658591285990858,0,0,0
964,-30.0393116355184,0.0226355284028407,0.0656314453605892,-0.000122431674694582,0.000118879921795762,0.00162688941610936,-29.9463519873642,0.154065026150246,0.119031767155247,0.00397932375554501,0.00888259888759701,0.0137990775255235,-30,0,0,0,0,0,4,3,-0.505228400826046,-1.19638994106019,-1.61797128686284,0,0,0
965,-30.0402044582328,0.0221561835387734,0.0668896187624177,-0.00166340115064992,-0.00107757591510752,0.000889857202186638,-30.1215841039835,0.16256133761837,0.152815585056334,-0.00305522249295531,0.0042001800440009,0.00227157738237878,-30,0,0,0,0,0,4,3,0.548690457262626,-0.74514067963683,-0.532788908350547,0,0,0
966,-30.041882794031,0.0207060543802096,0.0673893635392515,-0.00169346661661237,-0.00182268726695392,0.0001096422921137,-29.8381745635529,0.117575680801773,0.0652447236636036,-0.00167394573231445,0.00574432822233397,-0.00517580922690085,-30,0,0,0,0,0,4,3,-0.156256299662718,-0.809584183836942,0.387091475362878,0,0,0
967,-30.0434900159895,0.0184785755818969,0.0676793839450783,-0.00152087886785887,-0.00263227545646015,0.000470355879763885,-29.9363730558104,0.0200656819453068,0.0762855735482293,-0.0136050952491345,-0.0278694912313257,-0.00436187002640064,-30,0,0,0,0,0,4,3,1.23325563653425,2.74681775924195,0.283615855543605,0,0,0
968,-30.0444942854887,0.0172197588071089,0.0677820623127158,-0.000487844867577844,0.000114635530999877,-0.000265263390937947,-29.9332849974331,0.150158574500979,0.29281726118185,0.0150135834020753,-0.0232564716557044,0.00798908763082069,-30,0,0,0,0,0,4,3,-1.63478834534133,2.02533001656848,-1.38454328544577,0,0,0
969,-30.0460486154045,0.0183469899455858,0.0676459222794256,-0.00262074158936575,0.00213982334492231,-6.46875274146717E-06,-29.9876585144781,-0.0727049544841045,0.0679602231461723,0.00305353251323037,0.0197468217124081,-0.00485279679617699,-30,0,0,0,0,0,4,3,-0.330036222366754,-1.8292722622726,0.349359233325354,0,0,0
970,-30.0486552845798,0.019572172379692,0.0678717054076874,-0.00259247272882363,0.000310533979759649,0.000458027415847464,-30.0033562576278,-0.0497128971289377,0.169083535883866,0.0104454202816116,-0.00406670160630133,-0.00308083313838686,-30,0,0,0,0,0,4,3,-1.03782951290546,0.506095954888008,-0.0300837579290452,0,0,0
971,-30.0516118944932,0.0201357194562054,0.06869606617434,-0.00332055405860874,0.000816555316491639,0.00119088168811755,-30.1299557414343,-0.111189003673718,-0.0896661591973997,0.000996546024186085,0.0100758799395115,-0.0068356491660447,-30,0,0,0,0,0,4,3,0.160256880449952,-0.785209986603713,0.862897234999269,0,0,0
972,-30.0545626346431,0.020559686643895,0.0701109023641945,-0.00258080830556233,3.1372685733275E-05,0.00163860148497032,-30.1078105447406,0.0629061000119955,0.0488683615246991,0.00254201546502067,0.00190556293220793,-0.0113413216404257,-30,0,0,0,0,0,4,3,-0.0385804570208989,-0.316368493244784,1.03639544099317,0,0,0
973,-30.0567759069271,0.020432886129776,0.0721048247659885,-0.00184555259386828,-0.000284979441382611,0.00234905651337841,-30.0446686345883,-0.0370388778876377,0.0136283524350742,-0.00720642993400779,-0.0165230214838056,-0.0172984547035547,-30,0,0,0,0,0,4,3,0.80998026257729,1.72637990415583,1.70258876548532,0,0,0
974,-30.057721650873,0.0210111441485944,0.0747182616496286,-4.57972700428563E-05,0.00144148967114334,0.00287735989934344,-30.0141588715554,-0.05624126940941,-0.173466745492556,0.00293851322521185,-0.000760466182693474,-0.00645171254705067,-30,0,0,0,0,0,4,3,-0.265533579410388,0.188529157088167,0.992104745690179,0,0,0
975,-30.0574915237295,0.0225469014999674,0.0780185080509944,0.000506270274226686,0.00163001818701271,0.00372299598073508,-30.1932331891622,-0.0351819638802294,0.121737721085211,0.0042908302438166,0.0032345262484403,0.00167475208240862,-30,0,0,0,0,0,4,3,-0.0426166460571888,-0.253088697083572,-0.410950650411285,0,0,0
976,-30.057153907228,0.0240503728044206,0.0816105110983479,0.00016889910665091,0.00137691886234011,0.00346109701706562,-30.0297176899281,0.0434162343323897,0.0655305632704728,-0.00695771552005335,0.0104337660690119,0.015151850047379,-30,0,0,0,0,0,4,3,0.755206931861489,-1.13020907556597,-1.64624613127884,0,0,0
977,-30.0573443295028,0.0248622017641594,0.0842307045527097,-0.000550166879966326,0.000246733311045511,0.0017794752555721,-30.1699851665618,-0.0110473863610521,0.0688785735473801,0.0145830225403143,0.00611701528989238,-0.000112435415214823,-30,0,0,0,0,0,4,3,-1.1183319209079,-0.589606756267134,-0.126513605573278,0,0,0
978,-30.0583192932621,0.0248140939788781,0.0863743425373086,-0.00139957391916876,-0.000342955579248449,0.0025080205775543,-30.0553767495927,0.0573157672754308,0.13320880864655,0.00945750987892648,-0.00170950956650782,-0.00428040523504746,-30,0,0,0,0,0,4,3,-0.834997488707213,0.0563194220999199,0.161622906211646,0,0,0
979,-30.0599412509166,0.0244992729236881,0.0892385592919805,-0.00184415553395037,-0.000286692758557944,0.00322052821781829,-29.96080912929,0.0235900432765418,-0.0193345493249322,0.00811887384337865,-0.00523057330369376,-0.00399981009921645,-30,0,0,0,0,0,4,3,-0.890269125757904,0.475877243816292,0.43865010857151,0,0,0
980,-30.0619228841073,0.0244504947655041,0.0929289187277864,-0.00211886890712735,0.000189129047578244,0.00416026232325805,-30.0549065104425,0.193229235008699,0.045413376628063,-0.00899700334692399,-0.0101349224333702,0.00891592148637944,-30,0,0,0,0,0,4,3,1.00951335557743,0.627033773319619,-0.98241890189407,0,0,0
981,-30.0640707218365,0.0249531709209317,0.0963779061369686,-0.00217716344266068,0.000816216735339129,0.00273772723376998,-30.0321784386132,-0.125039528874764,0.215033373362122,0.0199658174159742,0.0059184643467513,-0.00196841116171501,-30,0,0,0,0,0,4,3,-1.93222486437102,-0.341767376925601,-0.233225630552744,0,0,0
982,-30.0669832875084,0.0255984357127296,0.099748340397903,-0.00364764365981517,0.000474307175725797,0.00400351591947191,-30.1055097180538,-0.0857308604393219,0.178869207978085,-0.0094325871901123,0.00183401527160265,0.000615230081408904,-30,0,0,0,0,0,4,3,1.15427815511879,-0.0119398062816209,-0.419261424097061,0,0,0
983,-30.0704028622892,0.0260668113291538,0.103175794438357,-0.00319179644204267,0.000462442003126448,0.00285128136116823,-30.0128634506286,-0.0996979837831327,-0.0493264199907007,-0.00673057119383383,0.00386868907229727,0.00164869516394592,-30,0,0,0,0,0,4,3,0.698784020640605,-0.187472939663462,-0.0662166764131907,0,0,0
984,-30.0733882779502,0.0264355443409939,0.105738067868925,-0.0027791785445465,0.000275017709060887,0.00227316085866534,-30.0153817584242,-0.0517854849104719,0.10947104779382,-0.0124607956302987,-0.00397176184139612,0.0140242485956303,-30,0,0,0,0,0,4,3,1.2768430798782,0.500747153960556,-1.62136695515067,0,0,0
985,-30.0763473292314,0.0269609689642363,0.106987548045103,-0.00313943693687477,0.000775826063799083,0.0002258884979436,-30.1347732127812,0.0320543852106081,0.0787087870751344,0.00414805513612218,-0.0118093509807086,-0.0147391457527502,-30,0,0,0,0,0,4,3,-0.145259088049737,1.11682632764964,1.31649700112475,0,0,0
986,-30.0790488132802,0.0282952179623513,0.107699920232148,-0.00226328296057237,0.00189266631375595,0.00119863717478088,-30.0124147637738,0.162226807336114,0.175130370582288,0.00908037271854498,0.00347074512719693,0.00296437078700864,-30,0,0,0,0,0,4,3,-0.883207744306909,-0.67152812739192,-0.64669781986544,0,0,0
987,-30.0818507886307,0.0298520859969459,0.109004514495802,-0.00334061106851905,0.00122106323475005,0.00141082409682878,-30.1191628167691,-0.00181110845861521,0.0860840584196259,-0.00440538074313727,0.013366369875606,0.0100417137781038,-30,0,0,0,0,0,4,3,0.678863707851873,-1.33301477064337,-1.17633949464963,0,0,0
988,-30.0854066269145,0.0304066583977947,0.109763392317361,-0.0037713880384937,-0.000111924786855369,0.000107041738854563,-30.0996443791702,0.166070913500493,0.0592800505341252,-0.0113895849428451,0.000589901973199617,0.00617610538859028,-30,0,0,0,0,0,4,3,1.33824725262498,-0.391132024320948,-0.736170639927278,0,0,0
989,-30.0890104603408,0.0300992116870853,0.109119615241202,-0.00343665255973985,-0.000502974897452225,-0.00139467830238763,-29.9455928170533,-0.0519528112915152,0.253051523321953,-0.00442548332830541,0.00149089075954665,-0.0175588779629718,-30,0,0,0,0,0,4,3,0.333733966937196,-0.0451834533716341,1.24978474965328,0,0,0
990,-30.0918743233911,0.0295736711214624,0.108009800245967,-0.00229092463146416,-0.000548111476927763,-0.000825237930749128,-30.1474663200736,-0.136877213558283,-0.00632030843864503,0.000975662710533973,0.00797935759150731,0.00428744230874396,-30,0,0,0,0,0,4,3,0.197366369093776,-0.524181332034166,-0.416103613997106,0,0,0
991,-30.0942590775371,0.0287634747652915,0.106965115119253,-0.00247868802945689,-0.00107228639937674,-0.00126408452404185,-30.0950827767105,0.0703530330429782,0.117964298969335,0.0120981716880401,-0.0117722214518524,-0.0106956346491476,-30,0,0,0,0,0,4,3,-1.019651615383,1.03651607909928,0.833634866976087,0,0,0
992,-30.0967701007426,0.0282094219128828,0.106351772524717,-0.00254302894738696,-3.58277014989665E-05,3.74178271978429E-05,-30.2323768797217,-0.0589510279874294,0.198372819686891,0.00903858347706234,-0.0174083331026949,-0.004881833337604,-30,0,0,0,0,0,4,3,-0.43910458826288,1.85873536624435,0.0914376943866181,0,0,0
993,-30.0994287658297,0.0291029505270844,0.106576459469141,-0.00277420515173034,0.00182287801272258,0.000412018045513269,-30.1693639711774,0.146857210891732,0.202773629656845,0.0128158447154444,-0.00230925058548949,0.0145507476133636,-30,0,0,0,0,0,4,3,-0.942856529189625,-0.0627893632345144,-1.86062202065005,0,0,0
994,-30.1032150703256,0.0308943862448773,0.106715669757684,-0.004798535606211,0.00175998704306876,-0.000133091259324321,-30.0646136866698,0.0932824094005792,0.16670083107807,-0.00584031126776051,0.00656664210287512,-0.0143536839133082,-30,0,0,0,0,0,4,3,0.71325850011564,-0.84322902908867,1.10196672917468,0,0,0
995,-30.1073686444121,0.0322327975652807,0.106675733741326,-0.00350856340467894,0.000916829241114901,5.28968342572451E-05,-29.8617060008024,-0.0780431871950607,0.0722480850921028,0.000972461514655506,0.00919697146519363,0.00968344641890813,-30,0,0,0,0,0,4,3,-0.373834149860794,-0.763610772129242,-1.11284081207502,0,0,0
996,-30.1114212122835,0.0327678020586821,0.106492500012325,-0.0045966842244206,0.00015317126012167,-0.000419092003088843,-30.0347175692258,-0.1398471736817,0.244734379174766,0.00391666222457055,-0.00483608260702971,0.00325434812455795,-30,0,0,0,0,0,4,3,-0.322231084005552,0.763302608066372,-0.814903570805328,0,0,0
997,-30.1164336909095,0.0333026084691315,0.105917625256871,-0.00542834446871115,0.000916435837582479,-0.00073044992053446,-30.2585138099629,-0.0144018910498606,0.0696561520921274,-0.00106292761706385,-0.0110083045203784,0.00484981187304194,-30,0,0,0,0,0,4,3,0.623320381632127,1.12963423413756,-0.624293491488449,0,0,0
998,-30.1218933020831,0.0347838816098697,0.104741232827015,-0.00549109529394656,0.00204610303434967,-0.00162231945404851,-30.0232010538371,0.0268657797733266,0.0339386080778827,-0.00883148823917351,-0.00420360284207721,0.00892046152615125,-30,0,0,0,0,0,4,3,0.929550931591577,0.366628724661068,-0.95992336877089,0,0,0
999,-30.1274405500461,0.0370133259501724,0.102447133861676,-0.00560373094697295,0.0024127803808014,-0.0029658493744427,-30.2709843907714,0.000684098830872788,0.0681409069399844,-0.00280733981431655,0.00969350715714823,0.00623573209560447,-30,0,0,0,0,0,4,3,0.822702762974504,-0.970718913376569,-0.759855023440416,0,0,0
1000,-30.1330617943548,0.0389407716116968,0.0989158369728903,-0.00563903441259978,0.00144210616146493,-0.00409673430272973,-30.1238234143274,0.023263589644651,0.0672789279684748,-0.000495374181611281,0.00239791287936933,0.00609934439914838,-30,0,0,0,0,0,4,3,0.297184246815851,-0.286318467226234,-0.744492295851787,0,0,0
1001,-30.1388873245796,0.0402397237338007,0.0944557729610348,-0.00601219820865991,0.00115579516520686,-0.00482330446240323,-30.0250443222829,0.177036339376496,0.0618091733641723,0.00153504053745821,0.00949006538137197,0.0054667656689782,-30,0,0,0,0,0,4,3,-0.103415409179924,-1.30307921689019,-0.670294913626165,0,0,0
1002,-30.1451911683001,0.0407439736571136,0.0894441617909356,-0.00659557726364743,-0.000147303795087228,-0.0051997721529825,-29.9577622935152,-0.0839144883325317,0.0662011992764304,-0.00486391259903117,0.00231512170935186,-0.00147307193665597,-30,0,0,0,0,0,4,3,0.401915846933472,-0.0636831942701228,0.0149047951127362,0,0,0
1003,-30.151654602323,0.0405648456987362,0.0840934297557164,-0.00633135946702038,-0.000210958029803944,-0.00550175754970498,-30.2260644665529,-0.138192330193776,0.19380204166532,-0.00770829497071276,-0.000844980369063114,-0.00397631927570253,-30,0,0,0,0,0,4,3,1.2229584301771,0.360882697293863,0.010027844239612,0,0,0
1004,-30.1575846509225,0.0405343760049263,0.0781307470618204,-0.0055289611067044,0.000150012117890822,-0.00642380589180289,-30.2880817742823,-0.127647449305068,0.127150703753363,-0.0155219916570243,-0.000504579776314703,0.00068253042045849,-30,0,0,0,0,0,4,3,2.12836271426693,0.305752876241607,-0.322554449552574,0,0,0
1005,-30.1625389333113,0.0408373406307964,0.0707956404977847,-0.00438004776827951,0.000455910921234098,-0.00824669136162727,-30.1691407262697,0.0202204454209357,-0.0101728266851262,-0.0115384776655623,0.00828665538098206,-0.00908953543871446,-30,0,0,0,0,0,4,3,1.49212921909572,-0.869106428940078,0.929299197241698,0,0,0
1006,-30.1660852600899,0.0408587622472765,0.0622888516829194,-0.00271272447118356,-0.000413071883235965,-0.00876729329035716,-30.1069721813605,-0.0688966373931826,-0.00994792398577844,-0.00552017968075503,0.00751684956978797,-0.01280431807244,-30,0,0,0,0,0,4,3,0.765962330796597,-0.613891682192432,1.30032765521556,0,0,0
1007,-30.1680646675537,0.040138786171252,0.0536555109018117,-0.00124602299525549,-0.00102688491606575,-0.00849975371586552,-30.2498732239987,-0.0564413893606986,0.0517080461575016,0.0214968948625683,0.0130506868557487,-0.00778499483722096,-30,0,0,0,0,0,4,3,-1.64994303825944,-1.19218590685347,0.675083391407093,0,0,0
1008,-30.1696084973288,0.0385157591665257,0.045990890963815,-0.00184121954598595,-0.00221917610509952,-0.00682934010572161,-30.2772673850362,-0.128731033057513,0.0774840223077011,0.00874468530919443,-0.00883136670562467,-0.0097507018445971,-30,0,0,0,0,0,4,3,-0.319933760847092,1.14059873667749,0.820102139844307,0,0,0
1009,-30.1712536769015,0.0368668816398908,0.0395446636288666,-0.00144894573360864,-0.00107858507243219,-0.00606321096824548,-30.2482665539742,0.0395438208472128,-0.0546023861422459,0.00131042539644425,-0.00270512954442385,-0.0123694607404748,-30,0,0,0,0,0,4,3,0.365490568304061,0.19142531274796,1.34615084633197,0,0,0
1010,-30.1720823559157,0.0358840376688621,0.0337795162565924,-0.000208258602858125,-0.00088710884771074,-0.00546738678533779,-30.2346860441894,0.00923251615217261,-0.00112571418243623,-0.00430850386834384,-0.011394216376715,0.0211387471404058,-30,0,0,0,0,0,4,3,0.900222475213274,1.12095660536715,-2.11162328567571,0,0,0
1011,-30.1727957333614,0.0355574248092416,0.0272702457341342,-0.0012189961710087,0.000233873035564396,-0.00755090935821456,-30.2096693929357,0.0230055270608236,-0.0888748736266494,-0.0123392967410502,0.0112608725074831,-0.00778795840667966,-30,0,0,0,0,0,4,3,1.65326845997651,-1.17209830486996,0.956545587921265,0,0,0
1012,-30.1731180681952,0.0352053190282605,0.0194035161905027,0.000574177734236301,-0.000938089643566191,-0.00818298749218582,-30.1852948606988,-0.0802993620579231,0.00657350758822339,0.00859322599296986,-0.00131705721593318,-0.0338787986599786,-30,0,0,0,0,0,4,3,-0.488732877899485,0.292304445709164,3.37473285082142,0,0,0
1013,-30.1714405738766,0.0344133978900464,0.012505315003678,0.00278144394843598,-0.000645757811818895,-0.00561395343922839,-30.1076490319871,0.0139044651849535,0.107184637914751,0.00840371494847992,-0.0111902312018492,-0.00667353366651221,-30,0,0,0,0,0,4,3,-0.625073430873719,1.09121418981501,0.452984090821719,0,0,0
1014,-30.1687000926868,0.0343132320307222,0.00726618733655763,0.00269970751612889,0.000445420130199844,-0.00486427949280254,-30.1326351158309,-0.0452686356132588,-0.00197825887684999,0.00824021369399879,-0.00592790252025446,-0.00834031262343807,-30,0,0,0,0,0,4,3,-0.558751137738006,0.683327523251963,0.837987780097507,0,0,0
1015,-30.1658738041741,0.0351003061574137,0.00287818077086336,0.00295310808902275,0.00112872323885743,-0.00391179289647277,-30.3875965001567,0.133475572017853,0.0939642172560696,-0.00267846070028708,-0.0239583272753745,-0.00462039333771677,-30,0,0,0,0,0,4,3,1.04303907034218,2.12888158350175,0.274110899259538,0,0,0
1016,-30.1624806024559,0.0372935126104275,-0.00134682181015709,0.00383314691745908,0.00325768430457861,-0.0045384241276495,-29.9954419746326,0.0301508867028937,0.0694505750140492,0.00446405414734793,-0.0113445122885232,-0.00364714832287182,-30,0,0,0,0,0,4,3,-0.455521465469611,1.07414945544653,0.225813682259083,0,0,0
1017,-30.1587174339602,0.0410882602970489,-0.00564933916179844,0.0036933119751889,0.00433180541628279,-0.00406657278466419,-30.1410663451449,-0.176211371152838,-0.0455759980889347,0.0162661751509546,-0.00834107289086471,-0.00748005082602707,-30,0,0,0,0,0,4,3,-1.34448482480573,1.18653003139215,0.839157078780577,0,0,0
1018,-30.1551535061022,0.0460132939143435,-0.0089431968970441,0.00343492533111741,0.00551825498130984,-0.00252107696179322,-30.2861688442383,-0.105343380839,0.0642570334927346,-2.93949184626669E-05,-0.00282405258708048,0.00432139964967895,-30,0,0,0,0,0,4,3,0.575277180322932,0.493092020386048,-0.560654031953364,0,0,0
1019,-30.1517467317932,0.0517781115310614,-0.0118751063474151,0.00337842946914367,0.00601137770591122,-0.00334272986393692,-30.2628541564015,-0.0221700343964677,-0.0905559770589381,0.00861014318290841,0.00308977674398983,-0.00324840287527315,-30,0,0,0,0,0,4,3,-0.335306005487843,-0.264637605606047,0.505952241645191,0,0,0
1020,-30.1482920404708,0.0576571661981708,-0.0149353218234561,0.00353109725133717,0.00574672550426484,-0.0027777354147055,-30.2445207937481,0.0157426611281348,-0.0990237003523593,0.0115887180770013,0.0021186697918918,0.00471803205710697,-30,0,0,0,0,0,4,3,-0.669830220203931,-0.24335230144545,-0.273755805005978,0,0,0
1021,-30.1450884986338,0.0632821911279502,-0.0175592910975098,0.00287606824223824,0.00550332035062955,-0.00247004157637915,-30.129620372915,0.0883064618855749,-0.0228697422298319,-0.00291846335023927,0.0017347631656619,-0.0156081954694144,-30,0,0,0,0,0,4,3,0.551087080853876,-0.35008924033734,1.6065590314011,0,0,0
1022,-30.1414292868153,0.0686105034913144,-0.0197219716563119,0.00444251021284028,0.00515330007951892,-0.00185569750525093,-29.9724788812059,0.106868626420037,0.0870601149000925,-0.00555333281788394,-0.00742342404358834,-0.0138626421398251,-30,0,0,0,0,0,4,3,0.500291044200262,0.528605151518761,1.21214398418233,0,0,0
1023,-30.1363690435922,0.0740281379368251,-0.0213811049991067,0.00567807776415567,0.00568196329453955,-0.00146286568733256,-30.3000728044245,0.0878213243818443,-0.086293055158316,0.00557587256400619,0.00203919006800018,0.00779560217898977,-30,0,0,0,0,0,4,3,0.0425583524483215,-0.379561655563707,-0.606974107582345,0,0,0
1024,-30.1309110453688,0.0795203175671607,-0.0230692580021174,0.00523781283227317,0.00530239347754412,-0.00191332890054854,-30.0558749336215,0.0597290753633582,0.0350212123984587,0.00106980757096913,0.00639584026020285,-0.00773931777258448,-30,0,0,0,0,0,4,3,0.00476911014602888,-0.759042176747002,0.703889352461531,0,0,0
1025,-30.1254095198004,0.0844431997162167,-0.0247652810759541,0.0057653483095667,0.00454336463029192,-0.00147884113626736,-30.230878667177,0.0794349583485794,0.102719974345938,0.0143806370232977,0.0190173427709816,0.0144346774650629,-30,0,0,0,0,0,4,3,-0.976306367975698,-2.06060419379532,-1.64890769519817,0,0,0
1026,-30.1205915899215,0.0879562147901072,-0.0264232099960944,0.00387043377193216,0.00248266035449107,-0.00183655521253447,-30.2303578849959,0.270038902725988,0.139592985628014,-0.0136968072732914,-0.003716570329404,0.00230867055103141,-30,0,0,0,0,0,4,3,1.83039649732102,-0.168420772511575,-0.510053026359169,0,0,0
1027,-30.1163219459882,0.0903547274621908,-0.0291298380738663,0.00466844059442269,0.00231436078739761,-0.00357689149566725,-30.135508970631,0.0461041362086656,-0.108585916381644,0.00477161972829979,0.0169908460327403,0.00887879782975834,-30,0,0,0,0,0,4,3,-0.206144031567898,-1.79129287569136,-0.670707950212545,0,0,0
1028,-30.1119801564102,0.0917734313149118,-0.0328575547486118,0.00401506758363945,0.000523040832401033,-0.00387838371565997,-30.1277296936016,0.123597106015471,-0.0392960490091208,-0.0083740504554747,0.00597052567604472,0.00273221302376613,-30,0,0,0,0,0,4,3,1.0928644327507,-0.844246779635413,-0.194629204358372,0,0,0
1029,-30.1076882407054,0.0918743892000561,-0.0372239408026869,0.00456853656232249,-0.000321131552754549,-0.00485451860975773,-30.1417713261004,0.0159930413392639,0.16675610943295,0.0076013057846463,0.0117926888240677,0.00760913823586715,-30,0,0,0,0,0,4,3,-0.476587926263844,-1.2112549650853,-1.09442604245262,0,0,0
1030,-30.1036959422747,0.0909476054816274,-0.0422642040224856,0.00341597792540702,-0.00153244071023516,-0.00522572827736894,-30.0696008357703,0.155885860582504,-0.119445481093228,0.00292488973672996,0.0140138345603194,-0.00775715947981332,-30,0,0,0,0,0,4,3,-0.153287302132399,-1.71315517719695,1.01460691016779,0,0,0
1031,-30.0999505593202,0.0885585937754188,-0.0471113590667964,0.00407497690006348,-0.00324558810265183,-0.00446873559510215,-30.1521899061761,0.0948704227711871,-0.0779425618140444,0.00728437761220501,-0.0135465130837432,-0.00548891852007019,-30,0,0,0,0,0,4,3,-0.424057948868376,1.16491046283195,0.704776975635108,0,0,0
1032,-30.0957514314166,0.0858954551735935,-0.0511998417646027,0.00432347043589432,-0.00208069490254093,-0.00370828264704092,-29.9888438543778,0.106468151682014,0.00103878576367516,0.0222190481491595,-0.0073515735182183,-0.0062818803120032,-30,0,0,0,0,0,4,3,-2.24421710616036,0.522221048457802,0.62611045967297,0,0,0
1033,-30.0919246912413,0.084075800086153,-0.0538620372381843,0.0033305164857821,-0.00155862245391417,-0.00161586886467582,-29.914889761442,0.257840615068295,0.0304482685719762,-0.00290663472595924,0.008763740246023,0.00843715020441908,-30,0,0,0,0,0,4,3,0.120442995479906,-1.39205525473889,-0.904611557585861,0,0,0
1034,-30.0889030618872,0.0818211488663584,-0.0558271982154279,0.00271258073913893,-0.00295068579610364,-0.00231430273450207,-29.9905336411274,0.175083442451119,0.0252061650085732,0.0152134157596745,-0.0202569916650232,0.0130735877624375,-30,0,0,0,0,0,4,3,-1.54027429371263,1.67553228160009,-1.35777110626089,0,0,0
1035,-30.0872114196874,0.0797081634807501,-0.0580058769812561,0.000670774596122315,-0.00127528848066536,-0.00204256621212916,-30.079771709123,0.197275896929489,-0.102314404266857,0.0224763424486604,0.01601031919023,-0.00655483975373073,-30,0,0,0,0,0,4,3,-2.08809082662004,-1.99558371288197,0.860112783906787,0,0,0
1036,-30.0868952821059,0.0774350193212815,-0.0589833933280817,-3.79865687751452E-05,-0.00327100532096991,8.77038080981905E-05,-30.1195057243224,-0.0183048217931457,-0.117521837886155,-0.0091182524446246,-0.0110633883211158,-0.0376424120498004,-30,0,0,0,0,0,4,3,1.1508366931072,1.14294847569787,3.99928488075235,0,0,0
1037,-30.0850414300878,0.0747355694667522,-0.0580447258608818,0.00374609990776497,-0.00212790094139658,0.00178873418484375,-30.2390248837219,-0.200821163166148,-0.102628652132232,-0.00287123643170092,-0.0019969969483571,0.0105010508811296,-30,0,0,0,0,0,4,3,0.765173410613834,0.601342021168007,-0.8448477838485,0,0,0
1038,-30.0813715537211,0.0729083620464639,-0.0568309067610422,0.00359338339769672,-0.00152651990496774,0.000638941887938759,-30.2483016153002,0.0599194391485015,-0.0700552367735674,-0.000986784605707857,0.00359500551153931,-0.00388601267653781,-30,0,0,0,0,0,4,3,0.595281691171285,-0.479339429450934,0.528711741200916,0,0,0
1039,-30.0773870356176,0.0711422016475207,-0.0562571435550507,0.00437562826570321,-0.0020058070966904,0.000508401456843388,-30.0511786511662,0.0766338950489059,-0.00364211196788658,0.0225671528131535,-0.000344850871364564,-0.000638390296329361,-30,0,0,0,0,0,4,3,-2.15435797898293,-0.118782702961355,0.0711232535687093,0,0,0
1040,-30.0736849008622,0.0690769302142644,-0.0549148833441544,0.00302904146962117,-0.00212474222624317,0.00217644265750875,-29.9984247873966,0.0756985580593314,-0.0067604256833464,-0.0031094384321471,-0.00641403152294257,-0.00244685367231234,-30,0,0,0,0,0,4,3,0.307793418007991,0.490006036175594,0.258206218597927,0,0,0
1041,-30.0704601966966,0.0671972070952787,-0.0527816178369444,0.00342035026939507,-0.00163470946077506,0.00209000087751461,-30.0414955929241,0.107864647870761,0.120082222110971,-0.00513151414045145,-0.00245067872217379,0.0117218611645584,-30,0,0,0,0,0,4,3,0.596142599893317,0.0293385764758557,-1.41235056067778,0,0,0
1042,-30.0673880325265,0.0655771783024594,-0.0513852570292335,0.00272365551629333,-0.00160535439445178,0.000702886134787752,-30.1488742992963,0.0200291652633456,-0.243937141908451,0.000276608252556275,-0.0141146062486996,0.0119692442129496,-30,0,0,0,0,0,4,3,0.270087773336949,1.37140229434327,-0.709050137478053,0,0,0
1043,-30.0648506498548,0.0646575315977753,-0.0510237798641616,0.00235095197866148,-0.000233945916289379,2.01586838161853E-05,-30.1667938381132,0.213861562496822,-0.0880778104799003,0.018737730221486,0.00840218711635031,0.00938691425798901,-30,0,0,0,0,0,4,3,-1.54018534592215,-1.26794183662868,-0.762535804839101,0,0,0
1044,-30.0632915342979,0.0637895551380333,-0.0506711962539879,0.000767440786505684,-0.00150201172212823,0.000685383730491738,-29.8906525653999,-0.0860177566632769,0.00301514973087342,-0.00754567823141466,-0.00447052152112103,0.00316794917304706,-30,0,0,0,0,0,4,3,0.535872953941167,0.619087665438657,-0.322825216766453,0,0,0
1045,-30.062477382742,0.0625971069285184,-0.0503029049494784,0.000860716033525867,-0.000882891776883805,5.11794722890327E-05,-30.2008931375565,0.0564734647585344,0.151244388496455,0.00789279090816798,-0.0115483541823749,-0.0100552406719367,-30,0,0,0,0,0,4,3,-0.387492815703765,1.04188848872042,0.703035290200757,0,0,0
1046,-30.0614765082888,0.0622351545604157,-0.0498851754727378,0.00114120939827979,0.000158982022292274,0.00078421550351577,-29.9761749164294,-0.0246276477211308,-0.249942395462917,0.00324502031580763,-0.00485372902977959,-0.00420956540089773,-30,0,0,0,0,0,4,3,-0.372152198721863,0.534628198420221,0.920841331015606,0,0,0
1047,-30.0601064248964,0.0626614491288739,-0.0486702341916872,0.00159916615283485,0.00069360065038515,0.00164556368733887,-30.0038884611568,0.0141735240460466,-0.143730382933474,-0.00630484857551076,0.00498609339048857,0.00869144871152107,-30,0,0,0,0,0,4,3,0.638261779864722,-0.52695638714095,-0.581684105285159,0,0,0
1048,-30.0585264294939,0.0630915918876135,-0.0474647859233751,0.00156062344864005,0.000166679080833586,0.000765344838008974,-30.0057783677501,-0.000621375658077405,0.0971885274449777,0.00493467066939026,-0.0282290219834314,0.0228592127864252,-30,0,0,0,0,0,4,3,-0.481910331438734,2.8241449496593,-2.48029833353247,0,0,0
1049,-30.0580725680051,0.0646703059800279,-0.0473226683581835,-0.000653188794699396,0.00299074387779284,-0.00048058521422932,-30.0065702119471,0.0808618610458282,-0.138796950851487,-0.0108070668144544,-0.000661178144703564,0.000497345829195311,-30,0,0,0,0,0,4,3,1.09384710533969,-0.0956059076213,0.227859318783443,0,0,0
1050,-30.0582899574353,0.067613291701018,-0.048155926948027,0.000218248048696996,0.00289522022657537,-0.00118613411093049,-30.11984036049,0.0221007074261131,-0.037355080379625,0.00916459462511434,-0.00627169633694102,0.00631340087088503,-30,0,0,0,0,0,4,3,-0.676778741531359,0.582968218841876,-0.556629926329253,0,0,0
1051,-30.0585063701283,0.0707999691502221,-0.0492701036806129,-0.00065103703270185,0.00347812987890362,-0.0010420143526483,-30.0398628109565,0.0486342054910732,0.0359345886460492,0.00194318245988149,-0.00874650890554394,0.00763672217446707,-30,0,0,0,0,0,4,3,-0.114592624075207,0.777382479572247,-0.835541394738805,0,0,0
1052,-30.0595179558647,0.074666780358379,-0.0505444707723149,-0.00137223985495605,0.00425548876482834,-0.00150655062404809,-30.0398346965049,0.0966337139153134,0.0491648343471254,0.00203055673075297,0.00617702985926684,-0.00458130900331821,-30,0,0,0,0,0,4,3,-0.123386280065524,-0.810970413757311,0.35980123163757,0,0,0
1053,-30.0607960063324,0.078516785410161,-0.0518953381971566,-0.00118378270277519,0.00344451618344806,-0.00119522755126948,-30.1648354472457,0.0469662392603161,0.0210802862324424,-0.00707214670436383,-0.00292546782020109,-0.0138816365129077,-30,0,0,0,0,0,4,3,1.03688556492771,0.198614303499477,1.34600307882588,0,0,0
1054,-30.061134814708,0.0820606606478283,-0.0530627666039659,0.000506184406945666,0.00364322931025482,-0.00114002387131006,-30.2030182804443,0.00325119863361217,-0.0163272364170784,0.0118477699869233,0.00417899178051763,0.00348679640165812,-30,0,0,0,0,0,4,3,-0.77874043780366,-0.424401575318987,-0.316025167331656,0,0,0
1055,-30.0610035649933,0.0854916618397796,-0.0540138152768396,-0.000243591637393929,0.00321876633325228,-0.000761897635705418,-29.9065005865296,0.146860914845331,-0.199168000545483,0.00528869682989147,-0.0125886909561583,-0.00309346010344107,-30,0,0,0,0,0,4,3,-0.715868509929891,0.965147265925167,0.707682011435073,0,0,0
1056,-30.0612091287838,0.0891929864344389,-0.054281811567212,-0.000167301118790603,0.00418387557036441,0.000225891947715579,-29.89518091913,0.0928677447290276,-0.0414133117480431,0.0173299280377788,-0.00110258793856129,-0.00506248435056161,-30,0,0,0,0,0,4,3,-1.9426309655178,-0.0754766956019265,0.589075058552248,0,0,0
1057,-30.0617765785283,0.0933390625221009,-0.0531295187116665,-0.00096716096059956,0.00410827111573224,0.00207888149641156,-30.1902914866517,0.178993934742323,-0.112560132003131,-0.000754571087770131,0.00557762047465225,0.00784963319229214,-30,0,0,0,0,0,4,3,0.456040082080339,-0.915749916949871,-0.559843055222952,0,0,0
1058,-30.0628146702132,0.0969894723890281,-0.0514124461442837,-0.00110918657337368,0.00319254341518465,0.00135529784418988,-30.1891387036427,0.0975127079743265,-0.104273348055428,-0.0111070885621072,-0.00467267409922026,0.0083103534334291,-30,0,0,0,0,0,4,3,1.48898626349605,0.272241993973373,-0.622488647232054,0,0,0
1059,-30.0636884826563,0.100318186869171,-0.0508354512828312,-0.000638796526045106,0.0034648801772013,-0.000201415214833923,-30.0236330604962,0.0814872453985785,-0.216516767109256,0.0108845741914576,0.0152664024610069,-0.0198492311665254,-30,0,0,0,0,0,4,3,-1.04119129815327,-1.68961473689784,2.41795665087106,0,0,0
1060,-30.063735256165,0.102938248325527,-0.049870382066259,0.000545796472379097,0.00177523575612022,0.00213127970959722,-30.1073858157534,0.148379913266381,0.0435164244351587,-0.00849321189802387,0.00600339694345632,-0.00302035687865364,-30,0,0,0,0,0,4,3,1.06409282130912,-0.897099520878393,0.215002838995047,0,0,0
1061,-30.0627685781393,0.104264978202218,-0.0480871740839318,0.00138740021737696,0.000878216140609738,0.0014349406991284,-30.0894579429609,0.0129212299484326,-0.0871304581531891,0.00281545812195122,0.0125569695731382,-0.0134054410508987,-30,0,0,0,0,0,4,3,-0.102629926273312,-1.28153941721068,1.51480502139624,0,0,0
1062,-30.0608342871097,0.104502437678329,-0.0461367789111775,0.00248142142241257,-0.0004033026516693,0.00246559785757018,-30.0546326795768,0.0430797481857931,-0.00625561631931713,-0.0049654214217755,-0.00349438655640457,0.00457969055937292,-30,0,0,0,0,0,4,3,0.605807501331232,0.263279159268871,-0.445457823298657,0,0,0
1063,-30.0583325953675,0.104230795799841,-0.0440553802545387,0.00252178793652575,-0.000139988481545109,0.00169719612593785,-30.1178099417027,0.14420184754893,-0.224489398168727,0.00407629890729329,-0.0157358693060237,0.00452705297804502,-30,0,0,0,0,0,4,3,-0.172010007323966,1.28518323550451,-0.00372650146704773,0,0,0
1064,-30.0558696475708,0.104733395948528,-0.0423020817043086,0.00240414134915485,0.00114518240505856,0.00180943387502305,-30.1216103297525,0.169625670765515,-0.243414644687068,0.00248082890952527,0.00272563449094718,0.00182111466262856,-30,0,0,0,0,0,4,3,-0.00486223144752099,-0.611814790625748,0.30471782311128,0,0,0
1065,-30.0533521502644,0.105572676268652,-0.0404023369170727,0.00263090647675142,0.000533372889875971,0.00199000897606345,-30.0568391083418,0.153164666376053,-0.149685183740797,0.0145438294501988,-0.0021695293782431,-0.00720752009069178,-30,0,0,0,0,0,4,3,-1.34070472833632,-0.0893763949277958,1.02012237655077,0,0,0
1066,-30.0507586221551,0.106061326435268,-0.0375796468401966,0.00255653753566775,0.000443919641611945,0.00365539168903509,-29.9405358996918,0.236433876048414,-0.255626735378798,0.019878142118819,0.00398213613445291,-0.0022435858975595,-30,0,0,0,0,0,4,3,-2.10674241249824,-0.871081365542119,0.735612060513546,0,0,0
1067,-30.0485921391719,0.106069639029247,-0.0328872653338965,0.00177691031573492,-0.000427298481552416,0.00572955368525434,-30.1144595617736,0.197653228579157,0.00425493394780419,0.00697929166472415,-0.0135325630189463,0.0154941701196907,-30,0,0,0,0,0,4,3,-0.469010042925243,0.957949844736315,-1.55792687986468,0,0,0
1068,-30.0475654623863,0.106121287907931,-0.0274820785556564,0.000276297394545943,0.000530589149199337,0.00508117002925441,-30.1045362173913,0.217554946992007,-0.0287822429841113,-0.0102862592812558,-0.0121119578179331,0.0137629717663487,-30,0,0,0,0,0,4,3,1.2376983629082,0.776085887809296,-1.31873269066665,0,0,0
1069,-30.0474039707858,0.107039954590169,-0.0233057785020539,4.62742044885886E-05,0.00130673902669202,0.0032714866523222,-29.9412894766784,0.00918622863085236,-0.00982625036672102,0.00381249536242345,-0.00051096573230825,0.000987688340477489,-30,0,0,0,0,0,4,3,-0.498670582885497,0.0327241159691203,-0.0791163333143068,0,0,0
1070,-30.0475486285566,0.108363039195115,-0.0198749146004675,-0.000335512714889678,0.0013394260953355,0.00359033024362388,-30.0100141008494,0.268739997850199,-0.0247784534230379,0.0101059528178266,-0.00738383034875391,0.0143711852038284,-30,0,0,0,0,0,4,3,-0.990567080083763,0.200903039174994,-1.38756161353677,0,0,0
1071,-30.0487360121795,0.109802871872609,-0.0163515663484831,-0.00203928164509451,0.00154023284942143,0.00345675808438376,-30.0642528332732,-0.118769344943177,-0.0770704773422915,0.000703882496821086,-0.0137263364130903,-0.0165765096271452,-30,0,0,0,0,0,4,3,0.0581174168642727,1.61017233119539,1.8117919173991,0,0,0
1072,-30.0500593938235,0.112148212083362,-0.0123477157177138,-0.000607230037575384,0.00315044275055051,0.0045506178726306,-30.0604084842302,0.130244515689003,0.14377687960337,-0.00365032702819479,-0.00370747724365929,-0.00323333627769637,-30,0,0,0,0,0,4,3,0.485849671279839,0.110258692987922,0.0357798685628963,0,0,0
1073,-30.0504994560228,0.115353803913594,-0.00798060622471871,-0.000272974295488386,0.00326073677256558,0.00418352757900444,-29.8804780921433,0.0976672345767322,-0.179333523735294,0.0192614874657159,0.0263337031872532,0.000565559727567983,-30,0,0,0,0,0,4,3,-2.165192562285,-2.82870478787878,0.302111074713791,0,0,0
1074,-30.051344745734,0.117200115959914,-0.00287265814815023,-0.00141717876014385,0.000431883062433862,0.0060326345050368,-30.062724041991,0.0251761209423982,-0.0365684662557129,0.00772793973107322,0.0202458939576838,0.0157714362269081,-30,0,0,0,0,0,4,3,-0.6473458891254,-2.07494163765318,-1.50400669017939,0,0,0
1075,-30.0535487098843,0.116594492314822,0.00292549067639807,-0.00299085557188667,-0.00164313251172527,0.00556402315134463,-30.0245383869544,0.139719043439338,0.0804267829299794,-0.0152461003965368,0.00234006212056232,0.0178929128486646,-30,0,0,0,0,0,4,3,1.57368681356255,-0.513444298934907,-1.95014485072642,0,0,0
1076,-30.0567943265026,0.11469467939427,0.00725636163353112,-0.00350093905110654,-0.00215650049180041,0.00309783582966707,-30.1316882994546,-0.0145210742165031,-0.0600674549155092,-0.0126952710327376,-0.00503798753034192,0.010338761703293,-30,0,0,0,0,0,4,3,1.53290370218303,0.532840901467198,-0.913741260498278,0,0,0
1077,-30.0601640512002,0.112804648119149,0.00946587644054337,-0.0032389119868192,-0.00162356706433568,0.00132113607733251,-30.032545994381,0.0821323324507895,-0.0631373341866699,0.00402919015389228,-0.00377674880716973,-0.00304310353595885,-30,0,0,0,0,0,4,3,-0.337827026627179,0.213410215815394,0.430585021969225,0,0,0
1078,-30.0633460615606,0.111287783218732,0.0110480187576278,-0.00312498821229798,-0.00141017301342833,0.00184312534535773,-30.1068302510889,0.307289125618611,-0.0969904121046575,-0.00387861444040147,0.00761177577473598,0.00158180415728751,-30,0,0,0,0,0,4,3,0.601521946217935,-1.37575582871082,0.0358004084805644,0,0,0
1079,-30.0662688777777,0.109189756968023,0.0126636052167112,-0.00272074404811686,-0.00278588525557711,0.00138795715965542,-29.927972598971,-0.0419652328769693,0.109181123352922,0.00503338907332382,0.001320721057076,-0.000739593265056924,-30,0,0,0,0,0,4,3,-0.647393709390354,-0.0481416399536617,-0.144402920200151,0,0,0
1080,-30.0692529536329,0.106379779009278,0.014250036488581,-0.00324731185769276,-0.00283407576030728,0.00178502502703995,-30.07147179855,0.0714486710414994,-0.0894832417755163,0.0100256420466566,-0.0154978768160302,0.00114903401405943,-30,0,0,0,0,0,4,3,-0.859620607565621,1.40689033952002,0.0640630821450897,0,0,0
1081,-30.0727498162985,0.104249124681317,0.0163820588337234,-0.00374625126613722,-0.00142724558167435,0.00247913023881577,-30.1649514691344,0.134319664019066,0.153149237251548,0.00786045834873147,-0.00312500042657874,-0.00237377790028242,-30,0,0,0,0,0,4,3,-0.456142896604374,0.0438607146197418,-0.0689206844748541,0,0,0
1082,-30.0766689918698,0.102843795710111,0.0190101881506043,-0.00409203007105348,-0.00138341868990021,0.00277720763514076,-30.1973509590448,0.158879023004665,-8.27252630533556E-05,0.00216948269237811,0.00103044157424108,0.0113771747947628,-30,0,0,0,0,0,4,3,0.177753648851798,-0.420802203433438,-1.13755202895018,0,0,0
1083,-30.0811473542736,0.101249974155714,0.0213532619331111,-0.00486489055170649,-0.00180422919610004,0.00190911995871839,-30.0978744440666,0.450372283354721,0.0651843806312097,-0.00827705579829181,-0.0017767497661693,0.00823773666130666,-30,0,0,0,0,0,4,3,1.02345446796238,-0.723069590092512,-0.954142427393085,0,0,0
1084,-30.086060901197,0.0990842413359468,0.0225589606148998,-0.00496251782314462,-0.00252724335547405,0.000502299611081598,-29.8075615363494,0.0176166426075153,-0.0716834840332837,-0.0106183283439338,-0.0108828232646126,-0.00603837797729067,-30,0,0,0,0,0,4,3,0.676955907092113,1.05304904124623,0.747204765795635,0,0,0
1085,-30.0905228694145,0.0970835570895307,0.023029466467099,-0.00396142951421034,-0.00147413222404898,0.000438487684252836,-30.0160511053708,0.159036567399558,0.0797425499619009,0.0142566968894822,0.00833201249772993,-0.0166599788161912,-30,0,0,0,0,0,4,3,-1.39356747820653,-1.15127438457211,1.50651278169532,0,0,0
1086,-30.0943426112225,0.0950337541059483,0.0244780810231154,-0.00367759671510795,-0.00262547825810978,0.00245867821533933,-30.0784531097432,-0.0961342576919596,-0.0980432296802317,-0.000669571852015255,-0.00389666681665635,-0.00402171417864729,-30,0,0,0,0,0,4,3,0.223863404687984,0.581935197049554,0.598257877225192,0,0,0
1087,-30.0977194647488,0.0926992594169438,0.0270327502215183,-0.00307606350270322,-0.00204351605013146,0.00265052640028684,-30.1347675291272,0.102756575324432,-0.0441093693328583,0.00492837357007374,0.00602434301924852,-0.00787249162278668,-30,0,0,0,0,0,4,3,-0.223302298753019,-0.807947452573716,0.875467900944385,0,0,0
1088,-30.1005279688985,0.0902517725352705,0.0300397743743944,-0.00254078033564987,-0.00285146328714044,0.00336340183462677,-30.0362018516261,0.0506664271010542,0.0795102816168001,-0.00565293943637906,0.0120792368874084,-0.00214110386317235,-30,0,0,0,0,0,4,3,0.637697646890169,-1.30925654294295,0.0550898230836353,0,0,0
1089,-30.1028479615452,0.08674570668786,0.0331665605989741,-0.0020993078909921,-0.00416067330667725,0.00289007214796828,-30.0550259662653,0.0511908205062303,0.0541942992916654,0.00155860368553778,0.00483659376462392,0.0165640168252937,-30,0,0,0,0,0,4,3,-0.0458084360231894,-0.586041017474853,-1.7647902811127,0,0,0
1090,-30.1056488817898,0.0822919965199759,0.0355122043966818,-0.00350277183071767,-0.00474675014553251,0.00180152940501196,-30.0731202251198,0.0882691376704398,-0.0291511137809006,-0.00368323153943789,-0.00965233678737691,-0.00982537500799887,-30,0,0,0,0,0,4,3,0.514563604183321,0.788695403396811,1.04083972836169,0,0,0
1091,-30.1085875655889,0.077939625347944,0.0374354615267757,-0.00237453738159648,-0.00395799882291319,0.0020447352652648,-30.1660457404742,-0.0484045306549474,-0.0925910705095751,-0.0207478399753235,-0.000676546141738794,-0.0106991451093659,-30,0,0,0,0,0,4,3,2.40687547848078,0.164463675483774,1.25509665195574,0,0,0
1092,-30.1097193813362,0.0740639589541515,0.0389330278636782,0.000110664651785659,-0.00379334024309037,0.000949841259445177,-30.1312999013061,-0.0540510603374784,-0.237260822711585,0.000312474740226157,-0.0161206523671189,-0.00474119291804925,-30,0,0,0,0,0,4,3,0.231352328589514,1.72016735738685,0.948640937228096,0,0,0
1093,-30.1091697885584,0.07113072201931,0.0400836479446203,0.00098861521497105,-0.0020731388816521,0.00135120435443168,-29.9573310861997,-0.180747393705739,-0.0336724387224632,0.00938619957594606,-0.0151698292231281,-0.0202148279579281,-30,0,0,0,0,0,4,3,-1.02395778519529,1.87847770972429,2.08882767323774,0,0,0
1094,-30.1076928515408,0.0699968073631541,0.0424815453018574,0.00196572762652657,-0.000194695711872028,0.00344437205036589,-30.0009334693297,0.121354492767901,-0.123722410845341,0.00426778930120457,0.00307136414859499,0.0219602687541228,-30,0,0,0,0,0,4,3,-0.424911991461095,-0.549845400395301,-1.9485820537216,0,0,0
1095,-30.1066202193504,0.0695271583519905,0.0454710872103382,0.000179336250484358,-0.000744607384334894,0.00253511207033792,-30.1185855651394,-0.0162670274449771,0.0815874004352626,-0.00654551732806029,-0.0105420427927973,0.00999493451880324,-30,0,0,0,0,0,4,3,0.891722863084896,1.08673833416969,-1.16266825275085,0,0,0
1096,-30.1066155216307,0.0693259442893429,0.0472867470166214,-0.00017025776266516,0.00034217313061482,0.00109628813781135,-30.386286618054,0.148130217820487,0.0783699011379105,-0.00873185443817527,-0.0116517251268384,0.00583978120149572,-30,0,0,0,0,0,4,3,1.64575867992557,0.868912077042866,-0.740717922425393,0,0,0
1097,-30.1065605591172,0.0701026278410073,0.0475025510417236,0.0002797942477616,0.00121118898093745,-0.00066477777807823,-30.2108207697897,-0.0138977585981116,0.0573904253543109,-0.00945902585674929,-0.00737636077126854,-0.00754252487226958,-30,0,0,0,0,0,4,3,1.3675441252544,0.765431594323077,0.639471636518336,0,0,0
1098,-30.1056062973462,0.0716965906345563,0.0464980238861234,0.00162858325470414,0.00197672995952217,-0.00134457572033062,-30.1554493687823,0.0689912965643445,0.059553513998236,-0.00115642388992199,0.0157469392714485,-0.00699960363531771,-30,0,0,0,0,0,4,3,0.426541126556883,-1.71267652027354,0.580853335535299,0,0,0
1099,-30.1036212764704,0.0728170066562001,0.0451610664259929,0.00234146803385013,0.000264094602622217,-0.00132949430316607,-30.0850850468033,0.00175802129095491,-0.0985307606743734,-0.00328632840525405,0.00160656167768904,-0.00581113503631928,-30,0,0,0,0,0,4,3,0.498802934131963,-0.164172210350814,0.778175024980675,0,0,0
1100,-30.100823849761,0.0729990428989829,0.0438723778539963,0.00325340851228501,9.99723421551012E-05,-0.00124808219461523,-29.939471537612,-0.000111786361247673,0.132236093307214,-0.00210872647150306,-0.00850718776472961,-0.0186652544865384,-30,0,0,0,0,0,4,3,0.0898157223743919,0.850942349195457,1.60205326203941,0,0,0
1101,-30.0969211728461,0.07352450773053,0.0430818478465686,0.00455215270481179,0.000950950650339932,-0.000333263123186345,-29.9222590235164,0.096705136898717,0.0949486528697607,0.0186499420196298,-0.0146662656398069,0.00733061969210542,-30,0,0,0,0,0,4,3,-2.0204761549301,1.27321629018326,-0.922959274950063,0,0,0
1102,-30.0933641800807,0.0751119887411474,0.0432387069448481,0.00256205627326342,0.00222400572693008,0.000647423947608441,-30.1094473155358,0.153111199708598,-0.0879535055995229,0.0111593577790532,0.0015967719961876,0.00859778531789652,-30,0,0,0,0,0,4,3,-0.897041146833628,-0.465899599035955,-0.683871520590606,0,0,0
1103,-30.091352073722,0.077103009128162,0.0440138975611708,0.00146221701684661,0.00175802950462987,0.000903201728176791,-29.9981732074142,0.0866474339079183,0.0247379756686682,-0.019093037916633,0.0107733894181007,-0.00284276782883816,-30,0,0,0,0,0,4,3,1.9056502064917,-1.25063380962591,0.234800831546479,0,0,0
1104,-30.0892053216633,0.0782357942093137,0.044238551066734,0.00283099032796262,0.000507536016207373,-0.00045419518088091,-30.089492396936,0.0584495454076681,-0.0263625863393826,0.0111208833990124,0.000880369604996777,-0.00385949968450985,-30,0,0,0,0,0,4,3,-0.933103546029163,-0.204936051315014,0.43867514112975,0,0,0
1105,-30.0864975482617,0.0786408360976517,0.0442771314049977,0.00258477729394514,0.000302541476401066,0.000531410234038698,-30.0447805622261,0.0146330733127486,0.20781612505472,0.0154461417942815,-0.0102516657707728,0.000981405383801019,-30,0,0,0,0,0,4,3,-1.4550530549759,0.995900430451787,-0.513772788489541,0,0,0
1106,-30.0845703197802,0.0794412737223151,0.0452081564952143,0.00126985993208901,0.00129832858762922,0.00133093210819136,-30.0766845578906,-0.0387232366466918,0.166683660545405,-0.00255695194256503,-0.0037531678127361,-0.0031586968761764,-30,0,0,0,0,0,4,3,0.409064310037735,0.452763254566993,-0.0174976334731698,0,0,0
1107,-30.0831820648174,0.0809660010565482,0.0463659180458325,0.00150657731749802,0.00175112071318555,0.000984541185264684,-30.2466705486713,0.118987370737108,-0.0840177356388219,0.00809483760991634,0.00199088832849729,0.00157758746690089,-30,0,0,0,0,0,4,3,-0.316142663648948,-0.437063574323944,0.0102767245875551,0,0,0
1108,-30.0817725107166,0.082498582540086,0.0474692740062862,0.00131258640125237,0.00131403477214309,0.00122221461597839,-30.1568926482714,0.0955023619518015,0.180445264909154,0.00480453156605539,0.00318756065831965,-0.00331621127569278,-30,0,0,0,0,0,4,3,-0.1666678600627,-0.509760789735568,-0.0292694022490305,0,0,0
1109,-30.0805256718804,0.0835577340877552,0.0487396654490568,0.00118111762535593,0.000804261548263364,0.00131859858699745,-30.1387243254515,0.170076024639702,-0.0843292413235552,0.00974861150819916,-0.000494614922910949,0.005498890479523,-30,0,0,0,0,0,4,3,-0.697412499916983,-0.290690556988309,-0.381230565305189,0,0,0
1110,-30.0797131931297,0.0842166244096551,0.0502045585248379,0.000443906143896825,0.000513514189519126,0.00161135271839706,-30.1331941032239,0.0136012159050635,-0.0393802080763037,0.016066586485013,0.00433600786717671,0.00495593027334762,-30,0,0,0,0,0,4,3,-1.34027044205358,-0.460803218527798,-0.416832611182155,0,0,0
1111,-30.0798517308617,0.0844996882923098,0.0522031820824576,-0.000720808064532201,5.26076433038536E-05,0.00238615103641346,-30.015927758364,0.129567508027751,0.0470050251259221,-0.00603287847024316,0.0101551833204426,-0.0108556449289278,-30,0,0,0,0,0,4,3,0.635143363752395,-1.27465334809976,0.991554442640933,0,0,0
1112,-30.0799886386504,0.0839150047726452,0.0546421610943854,0.000447019089800055,-0.00122198208197859,0.0024915530222791,-30.0229569094129,0.0118592694597958,0.100708866528946,-0.0050891221808097,0.0010306577661892,0.0261625062691798,-30,0,0,0,0,0,4,3,0.554826036906716,-0.126784315538512,-2.81766835997587,0,0,0
1113,-30.0804743214581,0.082629627436917,0.0560330099002085,-0.00141886207104872,-0.00134877878910205,0.000290555127126901,-29.9315832728453,0.289264089079418,-0.0279704358902566,-0.00825125810955824,-0.00461344676586735,0.00100414945988242,-30,0,0,0,0,0,4,3,0.688292356646363,-0.117183501572101,-0.0444740742077287,0,0,0
1114,-30.0816995025972,0.0812222849560765,0.0560334952012178,-0.00103162339754703,-0.00146591399823148,-0.000289666257638887,-30.194655012304,0.0763032563585338,0.141912389099036,-0.00145873660346035,-0.0116416418136841,0.0163455345412511,-30,0,0,0,0,0,4,3,0.535183684954043,1.01155766865134,-1.91837823232318,0,0,0
1115,-30.0833197197958,0.0802621540411514,0.0549315986526143,-0.00220915969199803,-0.000454353534616721,-0.00191386653217954,-30.0961995254581,0.0306891839779459,0.0974597553443285,0.00467107581432079,0.000114466947329959,-0.0139569114865077,-30,0,0,0,0,0,4,3,-0.274708530515906,-0.0728250626888876,1.20077163796211,0,0,0
1116,-30.0851471511358,0.0797713918315913,0.0534918490681704,-0.00144549091899973,-0.000527176047129767,-0.000965798304056529,-30.1249194847031,0.235782822154651,0.0522111155718793,-0.00531311425587548,-0.00568724704872996,0.00533417245202573,-30,0,0,0,0,0,4,3,0.781150394993668,0.0971590605636936,-0.637839476346332,0,0,0
1117,-30.0866037429645,0.0792928203127949,0.0520152883466901,-0.00146791236221432,-0.0004299730075969,-0.00198731884240002,-30.1274910509024,0.0191648499087839,0.193541466353455,-0.00317565093345016,-0.0179340685219868,-0.00842674561148905,-30,0,0,0,0,0,4,3,0.572547195149894,1.75507715238111,0.455591628441995,0,0,0
1118,-30.087719214004,0.0797404127379094,0.0499380962144935,-0.000763063880604866,0.00132515340020546,-0.0021672174104277,-30.1003867101935,0.180115958149558,0.134750552548806,-0.00879454985443075,0.00955620773937723,-0.00398797929961385,-30,0,0,0,0,0,4,3,1.08022840583016,-1.31585269023684,0.129296824863772,0,0,0
1119,-30.0881005819949,0.0804076829933589,0.047380159656699,1.64096043149457E-07,9.38017817556496E-06,-0.00294882224056792,-30.1198679757771,-0.0860687903959476,0.132867365617429,0.0103212148856103,-0.00371120726714185,-0.0034733758979432,-30,0,0,0,0,0,4,3,-0.792385537006745,0.54325830750608,0.0816028585594608,0,0,0
1120,-30.0883179341547,0.080688668960452,0.0447604792262812,-0.000434720202607124,0.000552583443883647,-0.00229044464594677,-30.0031900407598,0.249141855023301,0.100771757970206,0.00322558123880262,0.00868338764516707,-0.00353454945382519,-30,0,0,0,0,0,4,3,-0.316178042360604,-1.36662247456331,0.151911429442108,0,0,0
1121,-30.0887946674704,0.0805579341875088,0.042634191741814,-0.000518672176673881,-0.000814058790149264,-0.00196211474791476,-30.0820724220487,0.206056784035146,0.15466193588232,-0.0100475144916222,-0.0134349812826157,0.0102942120055377,-30,0,0,0,0,0,4,3,1.16889629325964,0.931384560191284,-1.33874507231841,0,0,0
1122,-30.0894813288344,0.0802096009014015,0.039791851101723,-0.000855029001521607,0.000117384481735173,-0.00372249062961828,-29.9668981392525,0.170492312958244,0.278997033428959,0.00439660084058538,-0.0142391476754156,-0.0151691663043294,-30,0,0,0,0,0,4,3,-0.50586380555361,1.08293014162508,0.958922563575026,0,0,0
1123,-30.0901204358838,0.0808684441228886,0.036557854223896,-0.000422969849626474,0.0012002962141199,-0.00274559672217931,-30.0067173634352,0.0618845081970331,-0.0603277715209795,0.00786153876331329,0.0113066660275284,0.00337631016261064,-30,0,0,0,0,0,4,3,-0.772719149460928,-1.2544356191469,-0.216975473219105,0,0,0
1124,-30.0908714526757,0.0814414954751327,0.0340419514823843,-0.00107895941913364,-5.41985507177287E-05,-0.00228606592282153,-30.02772185158,0.0261761473838214,0.174366487792611,0.00085169319660255,0.000718716084740952,-0.0137077517782467,-30,0,0,0,0,0,4,3,-0.0297256165003528,-0.124223903241738,1.02204220223945,0,0,0
1125,-30.0915615168274,0.0813251972180042,0.032076545307637,-0.000301027675835831,-0.000178405719637617,-0.00164491279752482,-29.9779414446166,0.143312364025843,0.224183914015634,0.00555246273285522,-0.0120212578890759,0.00844860941635241,-30,0,0,0,0,0,4,3,-0.599363384052363,0.915501060855908,-1.29322876966651,0,0,0
1126,-30.0925597885922,0.0816045112205121,0.0302612191690498,-0.0016955838488728,0.000737028704910155,-0.00198543651223722,-30.0738258524795,-0.0260170717967315,0.0177642151331334,-0.00346000201356784,0.000586143244743693,0.0010314554638638,-30,0,0,0,0,0,4,3,0.49365190631588,-0.0065801808809063,-0.138673976652647,0,0,0
1127,-30.0941613048497,0.0823382714246583,0.0280323637289702,-0.00150755290792615,0.000730481192744252,-0.00247231030515221,-30.2028790388043,0.126801763009407,-0.0270149190286958,-0.00947056577066897,0.00476477206012943,0.0132248463484303,-30,0,0,0,0,0,4,3,1.3528146546754,-0.730080732031757,-1.26845479678564,0,0,0
1128,-30.0957548609784,0.0827037514266569,0.0246299774411097,-0.00167995247013491,4.73601003775713E-07,-0.00433242241889079,-30.1548821556322,0.112665952285366,-0.0440627350736525,0.00739113389809305,-0.00219510644357288,-0.0114270357391245,-30,0,0,0,0,0,4,3,-0.42934907854486,-0.00582126021344379,1.23082904405975,0,0,0
1129,-30.0970871497719,0.0827013130854306,0.0208395220294497,-0.000984387743429329,-5.35559395706576E-06,-0.00324863637457072,-30.1681690808584,0.146136337220702,0.0506679239081214,-0.00774851892360946,0.00684638796297147,0.000935609627319211,-30,0,0,0,0,0,4,3,1.11119005407773,-0.97691147073855,-0.194896810548164,0,0,0
1130,-30.0978102142476,0.0822075427166954,0.017086488809734,-0.000461953824664732,-0.000982191368757929,-0.00425754073563667,-30.0993958602345,0.0157516369516522,0.0560256808084812,-0.0117701890321166,0.0157021009101914,-0.00181164483420076,-30,0,0,0,0,0,4,3,1.3758106236806,-1.60171336492245,0.0691131218031138,0,0,0
1131,-30.0978259852668,0.0804245473326305,0.0123012141555149,0.000430189484158238,-0.00258380527837159,-0.00531319829112585,-30.1433327844819,0.178318811730493,0.0935787523790729,0.000727857687382468,-0.00650164118900885,0.0106829436499156,-30,0,0,0,0,0,4,3,0.213879800225523,0.293526495439898,-1.25545186974971,0,0,0
1132,-30.0978298789027,0.0779875024949592,0.00651020901376333,-0.000438173155458384,-0.00229028668586552,-0.00626862650896346,-30.1729396571165,0.181453290128283,-0.121274460567254,0.00930288082456692,0.00207105568409745,-0.0129952704324101,-30,0,0,0,0,0,4,3,-0.584408768223682,-0.570012148666311,1.54207596437552,0,0,0
1133,-30.097845191247,0.0754122053773146,0.000939270591395654,0.00040785955735471,-0.00286031208392171,-0.00487342601179689,-30.2246405363894,0.23192674083739,0.095929646138782,-0.000646410733858514,-0.0124008737748449,0.0105099404438315,-30,0,0,0,0,0,4,3,0.513922146164618,0.776233895809706,-1.24285333666072,0,0,0
1134,-30.0977744404699,0.0729400228016228,-0.00452602359058394,-0.000266612970259242,-0.0020840644429114,-0.006057016460852,-30.0858294028303,-0.0954597980858161,-0.00489711794507946,0.00116624105958057,-0.0119851231394155,-0.011050235800844,-30,0,0,0,0,0,4,3,0.0550346997025698,1.38943191011318,1.11481781597456,0,0,0
1135,-30.0975896950844,0.0715506879596945,-0.0102692436195016,0.000636243796484441,-0.000694608043203694,-0.0054296167173571,-30.1222517139077,-0.0693334647640471,0.015299539460891,0.00546851701795155,-0.00936899138299891,-0.0117172696932564,-30,0,0,0,0,0,4,3,-0.302348273979852,1.07556606782799,1.14112789040386,0,0,0
1136,-30.096600996603,0.0713938664253226,-0.0152365210745953,0.00134135765638911,0.000380957500044756,-0.00450508484241335,-30.0498467832659,0.106606091341847,0.00797053992069505,0.00167609130562935,0.00479151352043947,-0.00904033233005473,-30,0,0,0,0,0,4,3,-0.0679155640310452,-0.692363534727641,0.888092153164083,0,0,0
1137,-30.0949344984232,0.0714286510295435,-0.0194499378890083,0.00199176973294256,-0.000311394493371723,-0.00392188529637471,-30.1541429309424,0.270903822513037,-0.0999791118219222,-0.000278462168627253,-0.00212847923053422,-0.00667681326286837,-30,0,0,0,0,0,4,3,0.336132078747623,-0.328959721972652,0.867639549930681,0,0,0
1138,-30.0925013899774,0.0709527996488951,-0.0232463957311173,0.00287450517388794,-0.00064031421820123,-0.00367121626639166,-30.1695852061017,0.088764473390842,-0.0738439163196463,0.00732576331024882,-0.00223912698220198,-0.00981526263669916,-30,0,0,0,0,0,4,3,-0.393405918821438,0.0463837514385142,1.12921409630921,0,0,0
1139,-30.0893056346202,0.0703356768697844,-0.0264243531867442,0.00351721728662338,-0.000593937708538441,-0.00268483512854784,-30.0889121012913,0.109223149355189,0.16290145536442,-0.00636655362265572,0.00731854335110505,0.00313593473019618,-30,0,0,0,0,0,4,3,0.814479564848157,-0.950300633820883,-0.639396383748458,0,0,0
1140,-30.0857954431972,0.069266614807017,-0.0296354404442418,0.00350294645834358,-0.00154419201425705,-0.00373733400056222,-30.060126184061,0.129009625194327,-0.0296672725983997,0.0155642142850774,0.00351186318339527,0.00795680454082349,-30,0,0,0,0,0,4,3,-1.43616906038583,-0.609205568728182,-0.73634590888555,0,0,0
1141,-30.083027536831,0.0674177644340103,-0.0330389571471441,0.00203301058690569,-0.00215351364677897,-0.00306938822610424,-30.249300828444,0.12470023843758,-0.0396689331316352,0.000447426694817002,-0.00455210813692021,-0.00604589939699209,-30,0,0,0,0,0,4,3,0.453858987406249,0.205810336816861,0.683927805962479,0,0,0
1142,-30.080589207099,0.0653671806291311,-0.0360864053264226,0.00284366237193408,-0.0019476583047482,-0.00302567721892553,-30.0969615725665,0.100593371320433,-0.07680790449748,-0.000951205004990193,-0.00317086173813471,-0.0102885184806333,-30,0,0,0,0,0,4,3,0.289043645632039,0.115899431172604,1.18246765705829,0,0,0
1143,-30.0771933747923,0.0634774970089474,-0.0388729964061357,0.00394810832936268,-0.00183171642780104,-0.0025477353598515,-30.0510345682821,0.047663961353009,-0.167426898832906,0.00364758583606896,0.00071447282311403,0.00547080701321513,-30,0,0,0,0,0,4,3,-0.262689447042685,-0.166775205017421,-0.212226903655702,0,0,0
1144,-30.0734132957847,0.0615623848265408,-0.0413902930939789,0.00361206827635909,-0.0019985142915727,-0.00248678643593138,-30.1637363358171,0.136582519214616,-0.359431213121094,-0.00335160263086388,0.0064713321978027,0.00113793679587318,-30,0,0,0,0,0,4,3,0.662632934720614,-0.920298258209502,0.605068746654869,0,0,0
1145,-30.069363008474,0.0591037542815296,-0.0439630495269224,0.00448847600442684,-0.00291875410300002,-0.00265890898269949,-30.0921944498009,0.0750348266790024,-0.223349345906965,0.00991117274469944,-0.0176144917170377,-0.0189633001928041,-30,0,0,0,0,0,4,3,-0.806728374868088,1.61137951834576,2.34302871109434,0,0,0
1146,-30.0641969175553,0.0569906849037217,-0.0455959910285804,0.00584414221407944,-0.00130738893178106,-0.000607257117667378,-30.1015276482501,-0.0206754191416695,0.0220158147853963,0.0228665889791656,0.0115638745389331,0.0114377659007121,-30,0,0,0,0,0,4,3,-2.08360360141631,-1.11503661560997,-1.18780821964201,0,0,0
1147,-30.0594619380642,0.0551256954607749,-0.0457498240123991,0.00362601128047367,-0.00242259614077293,0.000300061304576814,-29.9738930946647,0.00406557172592816,-0.0347755922866431,-0.00408416216537791,0.00374750989281574,-0.0346544400439266,-30,0,0,0,0,0,4,3,0.356202405867161,-0.38288213273343,3.53499518896595,0,0,0
1148,-30.0543291746503,0.0525117059770824,-0.0445212892638391,0.00663990936171574,-0.00280538763398322,0.0021563759811229,-30.1001319676981,0.13181111730285,-0.0576633455296681,0.0228759902605652,-0.0150958072306439,-0.0136364535515326,-30,0,0,0,0,0,4,3,-2.08733509066036,1.24595848845869,1.4789720462126,0,0,0
1149,-30.0477410888626,0.0503292398319573,-0.0410964858264446,0.0065367986590056,-0.00155955081645148,0.00469325745727358,-30.0652271310143,-0.0542582692793883,-0.0319470261805183,0.0064887396938258,-0.00886328798974097,0.00318461433232752,-30,0,0,0,0,0,4,3,-0.51841970735398,0.994845337532873,-0.254567380871715,0,0,0
1150,-30.0414638578104,0.0492670958027999,-0.036284871282565,0.00601771825365787,-0.000564747171239963,0.00493008180519091,-30.0656706569048,0.0163629693525369,0.0385997089135243,0.0261800128982904,0.00841227343876599,0.013378208672492,-30,0,0,0,0,0,4,3,-2.48665997601947,-0.873953282581673,-1.41502028507624,0,0,0
1151,-30.0367650126514,0.0482652738191661,-0.0308088438539244,0.00338020292208753,-0.00143890400548867,0.00602252827067669,-30.0733539250307,0.104404351360235,0.0278681061780907,-0.00597482880130676,0.00590880095337588,-0.00744620361876637,-30,0,0,0,0,0,4,3,0.744190730192023,-0.799688798058058,0.688884149520456,0,0,0
1152,-30.0328851327393,0.0464265619103927,-0.0248802540992226,0.00437951799851896,-0.00223852698612986,0.00583444458476022,-29.8540328103375,0.192465015643681,0.0186734415618133,-0.00154575068872041,-0.00190363597921077,0.00649364636829744,-30,0,0,0,0,0,4,3,-0.137359310452923,-0.194566433366286,-0.686711519953371,0,0,0
1153,-30.0288201045066,0.0440907430393808,-0.0192088702129163,0.00375047290101174,-0.00243311588509633,0.00550845749618864,-29.9783039446869,-0.0503536661744252,-0.0872714429827497,0.00397226012060032,-0.00670156424322748,0.0191039255154082,-30,0,0,0,0,0,4,3,-0.440618122686282,0.770863756671598,-1.73584966557532,0,0,0
1154,-30.0258930273133,0.0420430307537547,-0.0140615647238999,0.00210353399491796,-0.00166231560048303,0.00478650162036989,-30.1480476997649,-0.0322746045201813,-0.0566245555587521,-0.0155330766311085,-0.0209995254887749,0.00783517892999705,-30,0,0,0,0,0,4,3,1.84940306264056,2.16450175791785,-0.670268781882201,0,0,0
1155,-30.0234944909978,0.0414630276952967,-0.0102208108515477,0.00269314621656469,0.000502305762366653,0.00289488631752227,-29.8292081484967,0.182266033867255,-0.189020898202992,0.010472907841449,0.00478767738408423,-0.0116302713717506,-30,0,0,0,0,0,4,3,-1.38887448715156,-0.843299806142932,1.54106893358105,0,0,0
1156,-30.0206122731756,0.0415436510991912,-0.00631426226823248,0.00307171574889566,-0.000341064720111357,0.00491813388527698,-30.024221865199,0.0286034531536683,0.0165196711638321,0.00650656246718008,-0.00243030595739596,0.00576271119482628,-30,0,0,0,0,0,4,3,-0.602212516320023,0.18582368943226,-0.609310461810293,0,0,0
1157,-30.0179660039631,0.0412954749771176,-0.00134985352228278,0.00222084514410675,-0.00015529524757228,0.0050108644649874,-29.9197505945683,0.0334455387571002,-0.0621960683403696,-0.00696656344253982,-0.00724086557723116,-0.0032586989574262,-30,0,0,0,0,0,4,3,0.536157533390524,0.657195480208916,0.450262032423359,0,0,0
1158,-30.0154040997372,0.0414688035676627,0.00357672174869756,0.00290293055150764,0.000501946793256466,0.00484214726560062,-29.9945380605947,0.0524144229487963,-0.10434233867199,0.0147407839278165,0.00778918547284589,0.013764478056645,-30,0,0,0,0,0,4,3,-1.48500227159222,-0.883747393182181,-1.16776312832052,0,0,0
1159,-30.0134162323075,0.0415288158894158,0.00864729079840753,0.00107290315638723,-0.000381928109496703,0.00529937538725841,-30.0291592445855,0.0426867387633081,0.0532980539843105,-0.00130920080073221,0.0128768454514394,-0.00239089241365524,-30,0,0,0,0,0,4,3,0.189238569244222,-1.37305802267055,0.132493133396903,0,0,0
1160,-30.0122336516813,0.0404603701697102,0.0139042541318916,0.0012922433385798,-0.00175497018182791,0.00521450955234994,-29.8775422896838,-0.100766347007664,-0.249228137054964,-0.00420173604481609,-0.00411874562233065,-0.00706882885710124,-30,0,0,0,0,0,4,3,0.175258183849264,0.613407256248394,1.20533915982005,0,0,0
1161,-30.0104092112037,0.0390121256297231,0.0194067052921501,0.00235675789223414,-0.00114152818309736,0.00579017678276611,-29.971824260906,0.0242470113759519,-0.0357525188280727,0.00754760460787916,0.000347215444009719,-0.00330804830894177,-30,0,0,0,0,0,4,3,-0.811111938976,-0.0832155671528757,0.402309868550322,0,0,0
1162,-30.008138003071,0.0378289671753881,0.0256336946390056,0.00218584271531095,-0.00122479421129902,0.00666384134697378,-29.9436098455516,-0.177862684985458,0.143648004434703,0.00665932589496554,-0.00176184261057566,0.00603265410738254,-30,0,0,0,0,0,4,3,-0.778712898393278,0.531909631028482,-0.89056141960766,0,0,0
1163,-30.0065421037389,0.0368700950753663,0.0323305082682169,0.00100597290379988,-0.00069295657906797,0.00673003328773849,-30.1426791406946,0.0520049079161132,0.0100073826266793,-0.00410222888743551,0.00156193465270125,0.00468904534075168,-30,0,0,0,0,0,4,3,0.695581170132773,-0.260203281102351,-0.488919299328527,0,0,0
1164,-30.0055203439689,0.0360470612043034,0.0386285271184733,0.00103737075158417,-0.000953119244852176,0.00586599844960954,-30.0518178097164,-0.188024765516652,0.117447584819983,-0.0063124459560482,-3.35648691793923E-05,0.00567203249233362,-30,0,0,0,0,0,4,3,0.734880215037657,0.379406017951244,-0.802098418873327,0,0,0
1165,-30.0045806250113,0.0352836664697727,0.0439522309867593,0.000841846238997455,-0.000573675585763674,0.0047814527932337,-30.0915815465074,0.111316690051291,-0.037611171140405,0.00372855802867783,-0.00760707232493111,-0.00589056607450304,-30,0,0,0,0,0,4,3,-0.189692709852892,0.538073852390529,0.664278949731114,0,0,0
1166,-30.0035319621467,0.0349790302294029,0.0490027987164402,0.00125559195892095,-3.56030160695049E-05,0.00531959773885978,-30.1375789732915,0.0150164522329724,0.108843920710593,0.00357083267082623,-0.0014994077772892,0.0051439015718337,-30,0,0,0,0,0,4,3,-0.0819253204995656,0.119907873262975,-0.732077998604557,0,0,0
1167,-30.0025932989358,0.0350033761323025,0.0541268421465645,0.000621657040600945,8.42854997727574E-05,0.0049286170771839,-30.0781113545436,-0.0911356381660334,0.199042441688551,-0.00770144576880634,0.00818551120168197,0.00544800330973784,-30,0,0,0,0,0,4,3,0.9263672859679,-0.63627984383613,-0.942885214350885,0,0,0
1168,-30.0020686821319,0.034769548407321,0.0583946395974087,0.000427308428102118,-0.000551945634908569,0.00360701936602196,-29.9904447908605,0.0327168954660828,0.2078579776882,0.0115530528891171,0.00626408115590028,0.0042217347992466,-30,0,0,0,0,0,4,3,-1.17441570719071,-0.691841906522193,-0.837889435301059,0,0,0
1169,-30.0023307222516,0.0338716352672445,0.0622105682589685,-0.000951299951294673,-0.00124388680150033,0.00402512425386195,-29.8722985505794,-0.025381546768943,0.171275985856384,0.00151260056557747,-0.0160473522131906,-0.00130578898104049,-30,0,0,0,0,0,4,3,-0.406662955398951,1.65549831485695,-0.21197307360872,0,0,0
1170,-30.0034900865724,0.033455483434829,0.0663277924672334,-0.00136738858302806,0.000411578578793168,0.00420941364434877,-30.1909064027575,0.221113495860513,0.120234001683054,0.00150702217610699,0.0113147560502867,-0.00342743502612974,-30,0,0,0,0,0,4,3,0.231110587904269,-1.57370259674969,0.102275499246866,0,0,0
1171,-30.0047478266189,0.0330802230581786,0.0704695907822967,-0.0011481173584096,-0.00116210563490783,0.00407414019297691,-29.9965212231423,-0.0574607882340185,0.177363245707261,0.00156917704527741,-0.0065149913894864,0.000118853051454457,-30,0,0,0,0,0,4,3,-0.163875258243215,0.766420715416677,-0.366611796559968,0,0,0
1172,-30.006092534276,0.0323013210063217,0.0744926005928916,-0.00154131718755053,-0.000395703376782829,0.00397196240396655,-30.063273949609,0.115743892441851,0.088613547708881,-0.012005200539319,-0.00587707391388279,-0.01444634373211,-30,0,0,0,0,0,4,3,1.32706795314988,0.356219606504576,1.26740727779324,0,0,0
1173,-30.0067293757822,0.032083789578839,0.0783098193173175,0.000267572411407571,-3.9365694394478E-05,0.00366210670541889,-30.0461192603907,0.0758960507487727,0.273378586821155,-0.0358677771190579,0.0109554846582942,0.017582352459098,-30,0,0,0,0,0,4,3,3.67901623268714,-1.24734056732697,-2.30499241955211,0,0,0
1174,-30.0062774288827,0.0314208673708095,0.079802320155327,0.000635436284931846,-0.00128648625583524,-0.0006771794454627,-30.0916020704109,-0.123578347294343,0.0680439109211208,-0.00489983172369914,-0.00361535003380147,-0.0143702454792549,-30,0,0,0,0,0,4,3,0.673187313191792,0.608691697968833,1.30093672608325,0,0,0
1175,-30.0049226436481,0.0304387664461812,0.0792401643381433,0.00207418394940049,-0.000677722521307316,-0.000447424479740418,-30.0884849638954,0.0537568493323038,-0.0440307971218393,0.00730134782447813,8.98622284425931E-05,-0.0199774037215854,-30,0,0,0,0,0,4,3,-0.553164854657062,-0.116499921508867,2.08580196640222,0,0,0
1176,-30.0021835375908,0.0297027964715448,0.0796328253803023,0.00340437469289842,-0.000794223429844268,0.00123247820286461,-29.9657950217301,0.120553935195837,0.244557880827741,-0.0075722100303634,-0.00242471023884258,0.00623575301509673,-30,0,0,0,0,0,4,3,0.688811046496459,0.0013631534925829,-1.11269106316515,0,0,0
1177,-29.9990193270723,0.0289092713975223,0.0802478228094594,0.00292379782105742,-0.000792831653432474,-2.3827102911024E-06,-29.9701170507512,-0.0482935923171981,0.139586505166402,-0.00128374640011069,0.0331576010356163,0.00852098153081546,-30,0,0,0,0,0,4,3,0.0686087415135664,-3.21917291892723,-1.13127116341435,0,0,0
1178,-29.996529855043,0.0265068478098552,0.0798706842095431,0.0020549964093934,-0.00401202054145514,-0.000751714749196006,-29.8631118210783,0.313814193712686,0.0641715453439091,0.00989998485279989,-0.0161222929564309,0.00322872081671701,-30,0,0,0,0,0,4,3,-1.26377484312338,0.984600908217715,-0.451215172359519,0,0,0
1179,-29.9950371901093,0.022987081801876,0.0794818669715356,0.000930479422088994,-0.00302751814249784,-2.56922177222715E-05,-29.8166462937545,0.187258948987388,0.244645546415357,-0.0206626039802489,-0.0116141681507079,-0.0142488462506547,-30,0,0,0,0,0,4,3,1.69955298553384,0.786898917096013,0.935593532234756,0,0,0
1180,-29.993225443584,0.0203530866237054,0.079049387124842,0.00269285049465477,-0.00224048068754272,-0.000839624330564821,-30.0362372522298,0.0230298729785029,0.0560534825016976,0.022426330986693,-0.00529191492415491,-0.0017514698671332,-30,0,0,0,0,0,4,3,-2.17015859420968,0.483131746458485,0.0630400217099246,0,0,0
1181,-29.9911602497942,0.0183540965007053,0.0790897689987267,0.00143789876160694,-0.00175750264517227,0.000920645457557085,-29.7659343073992,0.00404037341685592,0.222016968420885,0.00112583718801469,0.00292976822488082,0.0062209400445571,-30,0,0,0,0,0,4,3,-0.580715104003049,-0.301057569321794,-1.06612794129748,0,0,0
1182,-29.9903252627236,0.0164460373932352,0.0799166106603895,0.000232040752849842,-0.00205862132086058,0.00073328333122114,-30.0129927135289,-0.0247218655377567,-0.046544865783524,0.0114978078828453,-0.0015228136568906,0.00242654250934606,-30,0,0,0,0,0,4,3,-1.12379536122666,0.201725096764574,-0.149564519367558,0,0,0
1183,-29.9904915823377,0.0144882382687677,0.081048641312716,-0.000564517663153397,-0.00185697917435832,0.00153094330945254,-29.9380838204065,0.0287414747272877,0.101475473792551,-0.00715217488705742,-0.00573279297713762,0.00232511110641194,-30,0,0,0,0,0,4,3,0.591385129518651,0.515796348259186,-0.435462058226296,0,0,0
1184,-29.9910556177613,0.0128891757657552,0.0822060425694231,-0.000563701105718136,-0.00134114866038929,0.000783860356021682,-30.0955227881107,0.007483503037911,0.0937555791888156,0.0155557653567207,0.0118687625922512,-0.0128876964874031,-30,0,0,0,0,0,4,3,-1.3645309594507,-1.20184326530095,1.10125849036268,0,0,0
1185,-29.991587863683,0.01094706907955,0.0838596281491432,-0.000500436586309504,-0.00254306897719249,0.0025233003850046,-29.8943494481053,-0.00507058003773555,0.0620435032743895,-0.000253209010898386,0.000651367037059874,-0.00230291041882953,-30,0,0,0,0,0,4,3,-0.185980202699536,-0.0549955436305163,0.106204035334174,0,0,0
1186,-29.9921027238808,0.00837650004330362,0.0864828596416428,-0.00052924159068171,-0.00259807583210031,0.00272316792066342,-29.9314741095572,-0.0390982088383505,0.0263759682558672,0.0019193664789513,0.00282283977716931,0.00774985414811271,-30,0,0,0,0,0,4,3,-0.328988428780672,-0.20408756004023,-0.827737351323006,0,0,0
1187,-29.9930635340266,0.00567636342621784,0.0890844955117521,-0.00139242569312184,-0.00280220213847751,0.00248028080316148,-30.0087109801698,-0.0902166614063177,0.238954448659609,-0.0132895908555701,-0.012637802842166,-0.00297817609855126,-30,0,0,0,0,0,4,3,1.3463810458966,1.44421360702923,-0.180091287464093,0,0,0
1188,-29.9941279537342,0.00359631830826909,0.0909649240054795,-0.000736650793321473,-0.00135789578291981,0.0012804434889805,-30.013495711568,0.0412196626299072,0.0679050393416976,0.00137688487006691,-0.00108467431869061,0.00658962583207829,-30,0,0,0,0,0,4,3,-0.110697063870737,0.0260281066092471,-0.794772661891224,0,0,0
1189,-29.9952185149992,0.00225142911384681,0.0920465159685126,-0.00144454797465617,-0.0013318902342808,0.00088288578892131,-29.9555325278663,-0.116243691453705,0.194616544100011,-0.018333167083817,0.000652662635601088,0.00474554882132125,-30,0,0,0,0,0,4,3,1.74438176411439,0.167221119347301,-0.863787970332147,0,0,0
1190,-29.9964919568946,0.00100320494842631,0.0919657244826175,-0.00110272080529084,-0.00116456057299968,-0.00104453586596504,-29.8925292681942,-0.145036639607141,0.181172984905331,0.00797286171609558,0.000557769903880759,0.0104272435415718,-30,0,0,0,0,0,4,3,-1.01222763522123,0.234296288826207,-1.40507032396785,0,0,0
1191,-29.9984633228029,-4.42536332183493E-05,0.090902985098281,-0.00284001449625371,-0.000930362438976301,-0.00108059294299186,-29.9355598544308,-0.135348616132542,0.136723733415109,0.00108625444855392,-0.00062682515057494,-0.00166012109828078,-30,0,0,0,0,0,4,3,-0.237505735993864,0.333379747322578,-0.107435357002139,0,0,0
1192,-30.0014200953827,-0.000807934168462848,0.0898804363408805,-0.00307350321439111,-0.000597001619827363,-0.000964457508229648,-30.0686685254336,-0.0531981721535172,0.00580365218184073,-0.00481597902738755,0.0136074169545781,0.000656734567295408,-30,0,0,0,0,0,4,3,0.618934953605908,-1.25434535115077,-0.0772807610932223,0,0,0
1193,-30.0043432456577,-0.00203208461244746,0.0886389943579954,-0.00277290459022301,-0.00185130422640972,-0.00151848723209642,-30.0362534503764,-0.10159996475898,-0.147052633714533,-0.00833069782508852,0.00858042182854363,-0.0070829898434633,-30,0,0,0,0,0,4,3,0.90557668326168,-0.654842253336403,1.0024042517754,0,0,0
1194,-30.006446945648,-0.00421076608429744,0.0870492910264341,-0.00143451707059644,-0.00250606335894567,-0.00166118898741892,-30.0421508133465,-0.0295524420205316,0.183114607854693,-0.00248068313969858,0.000273232377031122,-0.0149596274367943,-30,0,0,0,0,0,4,3,0.332369940662948,0.031781646337951,1.12973352797004,0,0,0
1195,-30.0073315614041,-0.00670091394232912,0.0855844015094865,-0.000334632882011674,-0.00247423715267671,-0.00126880945698225,-29.829011824246,-0.000995711935089233,-0.0532287397507513,0.0097679914985088,0.00467090729595247,0.000729291328879527,-30,0,0,0,0,0,4,3,-1.31877550135893,-0.465099305725068,0.0335283466135499,0,0,0
1196,-30.008047449028,-0.00940774461348383,0.0848495399854472,-0.00109692434586846,-0.00293942994461498,-0.000200759923947988,-30.1366367114714,0.0154395574745402,0.0543014456727824,-0.0186312624465835,0.00357949668251341,0.00789472187769023,-30,0,0,0,0,0,4,3,2.13639966760118,-0.388828783200422,-0.898075079114588,0,0,0
1197,-30.0088737210591,-0.0125415185843333,0.0835166425386957,-0.000556065700464101,-0.00332812283930593,-0.00246513957805971,-29.9626767236345,-0.00452717293545763,0.196577723262903,-0.0152387791917391,-0.000257335088401769,0.00106812296294355,-30,0,0,0,0,0,4,3,1.44923136644291,0.0347878547110922,-0.499967742820162,0,0,0
1198,-30.009204244234,-0.0158521980960446,0.0803137214295883,-0.000105270643987959,-0.00329324078764865,-0.00394079052684477,-29.9314495891991,-0.00477861470608295,0.141452936866784,0.0129335495715278,-0.00543550249097021,-0.00703843864957781,-30,0,0,0,0,0,4,3,-1.43045577875449,0.553107478509187,0.420937991224214,0,0,0
1199,-30.0095683930504,-0.0188689294412599,0.0770671564604721,-0.0006227423835123,-0.00274022761943783,-0.00255223319867355,-30.0071136054342,0.0330976890403234,0.242138979624802,-0.00270547974995503,-0.00227659601205613,-0.00300380862752789,-30,0,0,0,0,0,4,3,0.284775185863809,0.161464223124966,-0.183897096496815,0,0,0
1200,-30.0101841685613,-0.021528414181674,0.0743395488990611,-0.000608874091989205,-0.00257874646792572,-0.00290298446869357,-29.8964258146342,-0.00511833369610973,-0.0038022606315415,0.00445549624768967,-0.0234665088595566,0.013436463743034,-30,0,0,0,0,0,4,3,-0.652697995500498,2.35688755334788,-1.33604185304032,0,0,0
