sys.exec.out.time {s},chaser.lvlh_rel_state.rel_state.trans.position[0] {m},chaser.lvlh_rel_state.rel_state.trans.position[1] {m},chaser.lvlh_rel_state.rel_state.trans.position[2] {m},chaser.lvlh_rel_state.rel_state.trans.velocity[0] {m/s},chaser.lvlh_rel_state.rel_state.trans.velocity[1] {m/s},chaser.lvlh_rel_state.rel_state.trans.velocity[2] {m/s},gnc.meas_rel_pos[0] {m},gnc.meas_rel_pos[1] {m},gnc.meas_rel_pos[2] {m},gnc.meas_rel_vel[0] {m/s},gnc.meas_rel_vel[1] {m/s},gnc.meas_rel_vel[2] {m/s},gnc.setpoint_pos[0] {m},gnc.setpoint_pos[1] {m},gnc.setpoint_pos[2] {m},gnc.setpoint_vel[0] {m/s},gnc.setpoint_vel[1] {m/s},gnc.setpoint_vel[2] {m/s},gnc.guidance.state_ {1},gnc.guidance.current_leg_ {--},gnc.cmd_force[0] {N},gnc.cmd_force[1] {N},gnc.cmd_force[2] {N},gnc.control.saturated_[0] {--},gnc.control.saturated_[1] {--},gnc.control.saturated_[2] {--}
0,-942.763710157358,-55.5239558381734,-17.7664590096101,0.552412440682789,0.152964402378994,0.701478841658991,-942.903997428271,-55.6284705192176,-17.9623984665848,0.549259519860667,0.153677832270144,0.687323316480115,-500,0,0,0,0,0,0,0,830.882042870475,95.8891578114207,-32.8075347148419,0,0,0
1,-941.795688909652,-55.3230387052995,-17.082548896753,1.38361054464753,0.248869863369814,0.665870953430982,-941.73249872257,-55.4133509945784,-17.0631058051572,1.39138405666514,0.244441349337772,0.675114412229466,-500,0,0,0,0,0,0,0,744.326591778626,86.3825670553797,-33.3852296126322,0,0,0
2,-940.03980735233,-55.0309702723474,-16.4358427831591,2.12813178628603,0.335267002531366,0.627119855845722,-940.077864854752,-55.0746824489337,-16.2977020518298,2.12443721148282,0.345416870664224,0.624248856626017,-500,0,0,0,0,0,0,0,667.712008561221,75.607677831445,-29.829481558942,0,0,0
3,-937.577768521414,-54.6578928943152,-15.8272387189426,2.79592630296638,0.410887753518517,0.589710238953649,-937.656579033493,-54.7617834895321,-15.7734136614294,2.81549307145951,0.412081205570068,0.58209076093026,-500,0,0,0,0,0,0,0,593.763850921034,68.3154464220574,-26.6622487701671,0,0,0
4,-934.484960963743,-54.2128416054686,-15.2554222241025,3.38967037145504,0.479214824143934,0.553586593083052,-934.480208357809,-54.2660877644316,-15.2979736317743,3.4072243419537,0.487677769075153,0.558851376446445,-500,0,0,0,0,0,0,0,528.237982520249,59.7643986213479,-25.2891903810958,0,0,0
5,-930.831223740166,-53.7037394177285,-14.7198613552118,3.91778586611158,0.538989551309215,0.517236102860899,-931.023443741333,-53.6707331373635,-14.584871418094,3.91087395165328,0.53171890791549,0.517200646641491,-500,0,0,0,0,0,0,0,470.959492317338,54.1695754831781,-22.5503218279611,0,0,0
6,-926.678055342797,-53.1376604743953,-14.219980240887,4.38853381658306,0.593168335348005,0.48225952731724,-926.694841429412,-53.1992096732946,-14.1183866251108,4.39289641024634,0.593403263528813,0.500651089148997,-500,0,0,0,0,0,0,0,414.10004183419,47.0580929937078,-21.8283356646781,0,0,0
7,-922.082616755652,-52.5209590523607,-13.7552853410812,4.80232631065682,0.640234508754961,0.446895883676545,-921.925203608539,-52.5736714786943,-13.7462906778908,4.80041956571478,0.626503198787374,0.431192554105734,-500,0,0,0,0,0,0,0,363.8084506456,42.4970230786513,-15.6266740547918,0,0,0
8,-917.098553538086,-51.8594724680232,-13.3233253983078,5.16578631705948,0.682738659980335,0.416818080201684,-917.091098938489,-51.8827630305438,-13.3209703810597,5.15814380781737,0.68100944270491,0.432897651039506,-500,0,0,0,0,0,0,0,318.367817095241,35.6645817905967,-16.6478243418311,0,0,0
9,-911.773796509283,-51.1588984104477,-12.9223370040576,5.48371315576198,0.718409455236725,0.384978541242117,-911.82215493987,-51.2574852010289,-12.7299508290732,5.49916839710547,0.708460271561945,0.386001563195867,-500,0,0,0,0,0,0,0,273.727470169193,31.6689432458633,-13.1402546614402,0,0,0
10,-906.153455388608,-50.4246518076934,-12.5517193072242,5.7569563670864,0.750083750332847,0.356101964317982,-906.117331826008,-50.5632174379781,-12.5696448533309,5.75447938124827,0.755820842518823,0.349586738987659,-500,0,0,0,0,0,0,0,236.78672552719,25.5443506240738,-9.81938419210413,0,0,0
11,-900.278357517265,-49.6617935609603,-12.2085500764992,5.99322844861381,0.775632743227569,0.330102518407319,-900.154917572642,-49.5053286628067,-12.2005372479389,5.98148310199329,0.774507521710602,0.336840652699568,-500,0,0,0,0,0,0,0,202.161524945954,21.5599051545531,-9.28299077407892,0,0,0
12,-894.184327901917,-48.8753788871058,-11.8912765744535,6.19482012493129,0.79719660444894,0.304330125427234,-894.286678276,-48.8035847633763,-11.7841323957826,6.18575227981007,0.798843946412166,0.295331582445372,-500,0,0,0,0,0,0,0,169.998128570993,17.7227748855359,-5.9648934529719,0,0,0
13,-887.904794098815,-48.0693192243275,-11.5982208921385,6.36423871278375,0.814922721084742,0.281685079033772,-887.957049986846,-47.9261603642396,-11.6502055369945,6.36004840459586,0.826551988384715,0.28265925735393,-500,0,0,0,0,0,0,0,139.909259514105,13.1971218900076,-4.965514661404,0,0,0
14,-881.470902716343,-47.2477965673778,-11.3273587075478,6.50353590411265,0.828122592787039,0.259960171341775,-881.492985306371,-47.2526350605523,-11.5332444401223,6.49380618525239,0.838194398905846,0.246593980231387,-500,0,0,0,0,0,0,0,113.605352087504,10.6858302305201,-1.59290914289413,0,0,0
15,-874.910859921729,-46.4143299330528,-11.0765477001993,6.61654352048076,0.838810675828517,0.2415975995063,-874.871501749195,-46.5007117950977,-11.0555099473911,6.61952930982184,0.83482506666313,0.235921072765697,-500,0,0,0,0,0,0,0,87.7900725162066,9.51891692388244,-1.48108738178762,0,0,0
16,-868.250732611142,-45.5707589293432,-10.844000663242,6.70370512122521,0.848331331592736,0.223446861611355,-868.231388589448,-45.5596925800903,-11.0302015175125,6.70790636955902,0.84653066910644,0.218441266024902,-500,0,0,0,0,0,0,0,65.6721402229941,6.46631824953663,0.216276432534759,0,0,0
17,-861.514502173597,-44.7191937828128,-10.6286904675142,6.76875086476612,0.854798961446255,0.207136421335934,-861.61266904261,-44.6112009224237,-10.6159735914114,6.76369222517525,0.85573046532644,0.209414996701688,-500,0,0,0,0,0,0,0,46.8561155676952,3.64935531220347,0.290447512653973,0,0,0
18,-854.722645990096,-43.8625696752317,-10.4295720678137,6.8149567901461,0.858449253687012,0.191073930164582,-854.797704376888,-43.8612522235313,-10.6145271821316,6.81813525955568,0.858029859182582,0.197357429642174,-500,0,0,0,0,0,0,0,27.7818827982081,1.91951852880432,1.49331140004582,0,0,0
19,-847.894119935785,-43.0031603790994,-10.2457878956757,6.84209146064318,0.860369338552759,0.176478755687267,-847.815322139754,-42.9489446510282,-10.2407144778637,6.84123127546131,0.861760601000268,0.199780177618372,-500,0,0,0,0,0,0,0,11.5075167333778,-0.278170797970489,0.503411193890205,0,0,0
20,-841.046617137534,-42.1429300091178,-10.0769554582916,6.85290989336577,0.860091401394719,0.161179692915403,-841.192223496849,-42.1674753286994,-10.1037300990998,6.85448261129697,0.849049086536008,0.157925095817314,-500,0,0,0,0,0,0,0,-3.06381413599888,-0.56995799620195,4.41495061646815,0,0,0
21,-834.195545506273,-41.2831235991672,-9.92131206654038,6.84923152063084,0.859521418460225,0.150108866685683,-834.129787878247,-41.3855002683673,-10.0435910084333,6.86041510566432,0.857639378141352,0.155155868050821,-500,0,0,0,0,0,0,0,-17.7819348099384,-2.99293727740059,4.57159521178438,0,0,0
22,-827.355512561159,-40.4250988079648,-9.77647171546256,6.83083282239215,0.856528163972701,0.139581941720475,-827.250949455664,-40.2799589980643,-9.60992851501692,6.82360155235057,0.863357220583421,0.142221927272157,-500,0,0,0,0,0,0,0,-27.85825632373,-5.77580406221338,4.99766430281812,0,0,0
23,-820.538913770857,-39.5714588034478,-9.64178322954364,6.80236362420618,0.850751845215028,0.129810839530952,-820.598089661974,-39.5424053370385,-9.51127161563442,6.81597886564508,0.860744796237313,0.131282679747832,-500,0,0,0,0,0,0,0,-40.4017072405608,-6.98966894965433,5.89427525648567,0,0,0
24,-813.757044692582,-38.7242021715506,-9.51619916659816,6.76137413471534,0.843761418739718,0.121380177815498,-813.849964441122,-38.5843011738294,-9.52068836036413,6.76543076789773,0.842704922155722,0.109240535296567,-500,0,0,0,0,0,0,0,-48.8431479075292,-7.10188986791339,8.11732319107156,0,0,0
25,-807.02035367937,-37.8839921516547,-9.39774608981344,6.71200893805401,0.83665862118645,0.115553609998244,-806.91669808719,-37.7761730112951,-9.40310521046362,6.71216390787034,0.838810621640778,0.12427290212117,-500,0,0,0,0,0,0,0,-57.3829946126541,-8.32871614148755,6.37892020881024,0,0,0
26,-800.337318385661,-37.051498434739,-9.2857793539982,6.6540619189366,0.828328812794508,0.10841235201674,-800.318700026126,-37.0731404900886,-9.28005752181724,6.64747519355757,0.805892762674435,0.110779531268821,-500,0,0,0,0,0,0,0,-64.1101193035042,-6.44299528726623,7.48216191675238,0,0,0
27,-793.715574308088,-36.2263917283829,-9.1802018812028,6.58942731952693,0.821884600124583,0.102778871221771,-793.773366726161,-36.077079836444,-9.00605160883624,6.59948622888884,0.818153591415302,0.105628667264868,-500,0,0,0,0,0,0,0,-72.4018894365622,-9.66119946864224,7.44923649118565,0,0,0
28,-787.162605776469,-35.4093384195763,-9.08003365619512,6.51651103969024,0.812222017624477,0.0975985404134628,-787.137212410601,-35.2513079672147,-9.1363039974971,6.51895998146879,0.813121353830468,0.0905593225797687,-500,0,0,0,0,0,0,0,-77.6215733256762,-10.8095194486174,9.21667573701732,0,0,0
29,-780.685128856695,-34.6025218979465,-8.98395368624749,6.43844528397259,0.801411025515525,0.0946052767830357,-780.599146152066,-34.5856405146169,-8.89435419273092,6.4609841928095,0.811153111657212,0.100952520404273,-500,0,0,0,0,0,0,0,-84.9001269768174,-11.9440301364875,7.69345634503457,0,0,0
30,-774.289373234344,-33.8070837026242,-8.89137255967974,6.35306782406513,0.789465365070704,0.0906049919699603,-774.288436505985,-33.7221084521612,-8.91412306314365,6.34503504560404,0.790603403115465,0.10106466000742,-500,0,0,0,0,0,0,0,-85.9266315484333,-11.6161234072241,7.72178012554533,0,0,0
31,-767.97950181167,-33.0234272245185,-8.80261546348333,6.2666770297269,0.777847591109435,0.08695779199103,-768.01007087022,-33.0739757326824,-8.67850495737787,6.27840831330846,0.781230472467105,0.075677886069865,-500,0,0,0,0,0,0,0,-91.8206895904063,-11.9750957813458,9.78922130776923,0,0,0
32,-761.758922585021,-32.2515680568683,-8.7162197242959,6.17448483004411,0.765870744152598,0.085885557631638,-761.765882839305,-32.3743950296025,-8.76873198154759,6.16969267215168,0.75350861265198,0.0842387562084474,-500,0,0,0,0,0,0,0,-93.4375015365591,-10.602071205993,9.11358834225043,0,0,0
33,-755.631345723611,-31.49099924279,-8.63104791990768,6.08067206925859,0.75526688399464,0.0845108430683197,-755.708460959396,-31.4042839688964,-8.55571821533609,6.08184030302282,0.751645907132549,0.0736159507602687,-500,0,0,0,0,0,0,0,-96.7671083834892,-12.356022775462,9.74984135464531,0,0,0
34,-749.599223247613,-30.7419112952289,-8.54671034043815,5.98357661011511,0.74290901106709,0.0842189651563306,-749.640883335168,-30.8777667589328,-8.6559116932321,5.98025360895335,0.730389400545795,0.0852844955651751,-500,0,0,0,0,0,0,0,-98.7435942249996,-11.2834065367139,8.78337382994668,0,0,0
35,-743.665191585763,-30.0046449361445,-8.46294431527717,5.88449006319186,0.731623707037053,0.0833688646026957,-743.703093002193,-29.9657950548194,-8.62854167136064,5.88404790978082,0.739795001025141,0.0856168126252731,-500,0,0,0,0,0,0,0,-100.998604973697,-14.0479099928752,8.69540208019398,0,0,0
36,-737.83136462831,-29.2800461556194,-8.37985896170178,5.78316732948994,0.717573853862065,0.0828588853029417,-738.021350522014,-29.0601126413202,-8.30689771755712,5.77983892095182,0.720628625818583,0.068851478580621,-500,0,0,0,0,0,0,0,-101.941191051154,-13.9426372992179,9.72864757705215,0,0,0
37,-732.099299041891,-28.5694445970928,-8.29657652509394,5.68096805535464,0.70362926303785,0.0837635341765052,-732.270097461046,-28.5797696015824,-8.1770692583174,5.67692473839925,0.70677039343397,0.083262322247002,-500,0,0,0,0,0,0,0,-103.152278917832,-13.5175001402322,8.02790629193459,0,0,0
38,-726.470061592341,-27.8725750798729,-8.21304031454367,5.57751025523279,0.690109771292918,0.0833671395125914,-726.362339393042,-27.9638480567024,-8.10366345890024,5.57782704822266,0.661179345467012,0.085791031209985,-500,0,0,0,0,0,0,0,-105.058026036181,-10.1902384332963,7.62822379680198,0,0,0
39,-720.945232388197,-27.1875614442249,-8.12988327294307,5.47215151801323,0.679917499967585,0.0830062712872823,-721.004473421458,-27.2018507997774,-7.97988885849483,5.45917937408907,0.673846422906083,0.0809558834647321,-500,0,0,0,0,0,0,0,-103.908990565991,-12.9809406910536,7.86418937051646,0,0,0
40,-715.52517238655,-26.514135418593,-8.04681730994363,5.36797208769512,0.666934551234956,0.0831843164835085,-715.567498821132,-26.5761474960307,-7.88254281015622,5.38526277242768,0.670386169852129,0.0879175137264058,-500,0,0,0,0,0,0,0,-107.391279600503,-13.8863219931516,6.97333424767187,0,0,0
41,-710.211040829965,-25.8541450707153,-7.96376135259241,5.26029434902287,0.653046144447042,0.082988232984215,-710.084123679631,-25.806705972172,-7.94016916100752,5.25265292222397,0.666446848113038,0.0664200544458989,-500,0,0,0,0,0,0,0,-105.097044863136,-15.0312728669598,9.23833287742514,0,0,0
42,-705.003377165888,-25.2086155729116,-7.87964297014826,5.15503765474784,0.638012851098086,0.0853078027687383,-704.987044216464,-25.1315233264553,-7.98021878665108,5.16097464984112,0.636289371086218,0.0777732362830974,-500,0,0,0,0,0,0,0,-106.123376551183,-13.3658904557113,8.18311394499242,0,0,0
43,-699.901494318665,-24.5772866917963,-7.79352920790588,5.048732281865,0.624644911043059,0.0869795827373216,-699.774176665457,-24.6068336058068,-7.63212271233111,5.04759551448542,0.63836921309516,0.104729236375775,-500,0,0,0,0,0,0,0,-105.211198117627,-14.6232540979024,4.79132178708471,0,0,0
44,-694.905532999489,-23.9599544374134,-7.70728062039006,4.94319279616083,0.610019597760764,0.0855770192254734,-694.978889604861,-24.0162145296738,-7.79690230193784,4.94255827211379,0.625749555273544,0.0775019926732483,-500,0,0,0,0,0,0,0,-104.298048001657,-14.5425264680068,7.84360533655085,0,0,0
45,-690.014569923397,-23.3572071108428,-7.62075544908902,4.83873762325752,0.595475055325929,0.0875321354785638,-690.042914216974,-23.4314939705942,-7.42184271694882,4.83785243888812,0.601445971275166,0.0853779618825803,-500,0,0,0,0,0,0,0,-103.699415454865,-13.2816091863281,6.30588924563961,0,0,0
46,-685.227790254645,-22.7683738683758,-7.53288215849102,4.73482522998003,0.582191429512563,0.0882729552176527,-685.218381670825,-22.6913846807136,-7.64862219230961,4.73575509612217,0.580321025391474,0.0728598013529615,-500,0,0,0,0,0,0,0,-103.138746270567,-12.6493331777203,8.01126424932307,0,0,0
47,-680.544586974898,-22.1925081010884,-7.44325599599749,4.6315859204256,0.569540104860523,0.0910374924021412,-680.443506201152,-22.1805051389552,-7.32593018259357,4.61929518355516,0.571200763649616,0.0682271332643716,-500,0,0,0,0,0,0,0,-101.042505953213,-12.7590660870512,7.82914703874997,0,0,0
48,-675.963567480039,-21.629348504852,-7.35083885070366,4.53045762380993,0.556779087616187,0.0938537289846288,-676.108389611015,-21.701258072133,-7.39548080868577,4.53441611165356,0.555835584719167,0.0944313052443737,-500,0,0,0,0,0,0,0,-101.224831943327,-12.1810423276506,5.34783109293417,0,0,0
49,-671.483822362551,-21.0786609259499,-7.25666838607985,4.42903590163052,0.544596070168808,0.0945442912099101,-671.593527777236,-21.0580799477154,-7.42448979749879,4.42222164878642,0.529438495125701,0.0892213016800596,-500,0,0,0,0,0,0,0,-99.0351093241699,-10.8276896171392,5.92684942699162,0,0,0
50,-667.104379483997,-20.5394796639118,-7.16140904454363,4.32985353044822,0.533766453850082,0.0960302163347024,-667.263025356485,-20.271715344775,-7.16967679789663,4.32860736291739,0.517874517012598,0.0777710724570996,-500,0,0,0,0,0,0,0,-98.3346855787696,-11.2440210117099,6.5622463500833,0,0,0
51,-662.82373984919,-20.0113361742397,-7.06419937040097,4.23142987453304,0.522520525304461,0.0984445276492376,-662.803748189663,-19.8628928498496,-7.18678649624804,4.20985688406689,0.52390104848179,0.105121956114416,-500,0,0,0,0,0,0,0,-95.3781920273616,-12.6643191484799,3.86137738105445,0,0,0
52,-658.640115138599,-19.4951487438185,-6.96584432715522,4.13582218801018,0.50985433546824,0.0983193617808903,-658.748772294077,-19.4941408170536,-6.94137275286457,4.1309908983349,0.499238482940104,0.10327315798449,-500,0,0,0,0,0,0,0,-95.6015452453356,-10.9355666599032,3.55542970728014,0,0,0
53,-654.552210739024,-18.9907631304516,-6.86759906141631,4.03998920896297,0.498916891159748,0.0982250956047169,-654.434643291742,-18.7848709480879,-6.86380751469626,4.04316580073325,0.500044981752171,0.0800009989502936,-500,0,0,0,0,0,0,0,-95.4472934898406,-12.4347562790413,5.72751513436316,0,0,0
54,-650.559988029156,-18.4980645458673,-6.76820699864491,3.94446014606208,0.486480278107521,0.100612777534095,-650.548525669443,-18.4796444488068,-6.96202616534955,3.93615311366163,0.486284411133949,0.103200565015615,-500,0,0,0,0,0,0,0,-92.5182600272768,-11.6691522157813,3.60399582913762,0,0,0
55,-646.661886872272,-18.017419751726,-6.66741688775344,3.85174492668607,0.474809310141816,0.10101960214387,-646.644419578055,-17.897811972227,-6.51217947408684,3.85174090373021,0.464017757676317,0.0952931508743877,-500,0,0,0,0,0,0,0,-91.8852512169111,-10.6061518231776,3.4950438607349,0,0,0
56,-642.856180134419,-17.5479144192919,-6.56613792189793,3.75967134110176,0.464201354301326,0.101590119574764,-642.834619275357,-17.4764517799817,-6.84788194112346,3.76484872578456,0.461256020362419,0.106334927110237,-500,0,0,0,0,0,0,0,-90.8156340277417,-11.1726984762786,3.06227117122324,0,0,0
57,-639.14201874254,-17.0893003072416,-6.46438350873229,3.66865406875659,0.453026869591231,0.10196989396492,-639.203109483082,-17.102847760808,-6.53980244685539,3.66794846687393,0.437027330547325,0.105936186534614,-500,0,0,0,0,0,0,0,-88.3886277212287,-9.49703753311651,2.48598624024935,0,0,0
58,-635.51767466432,-16.6410228277103,-6.36246292418103,3.5800364152104,0.443528089510671,0.101921105028947,-635.477426291378,-16.5543043959511,-6.47419701743478,3.57591334041741,0.436668252125515,0.0912750655552636,-500,0,0,0,0,0,0,0,-86.6364814589845,-10.5582164206493,3.8208874793432,0,0,0
59,-631.981022467584,-16.2027746947435,-6.25983415638328,3.49327110214809,0.432968176424678,0.103385212315947,-631.890694018647,-16.2741480759476,-6.22831550101093,3.51145146370757,0.414983696312673,0.107309433827646,-500,0,0,0,0,0,0,0,-87.3637583334622,-8.95007347937222,1.72568761925725,0,0,0
60,-628.531560013217,-15.7742824191883,-6.15661546774613,3.40565589053096,0.424016374607656,0.103101417976841,-628.517508409943,-15.6850885522218,-6.19981111326344,3.39961615431008,0.422214129309873,0.0882236414125638,-500,0,0,0,0,0,0,0,-82.9265986111228,-10.8512358265436,3.5772580852705,0,0,0
61,-625.167429226432,-15.3556924747733,-6.05276229847058,3.32260874510139,0.413163514111871,0.104651595325454,-625.054069092811,-15.357153465916,-6.08157862307069,3.31884787307511,0.425696239763439,0.102405871199477,-500,0,0,0,0,0,0,0,-81.7766491218891,-11.8553170445119,1.92257012619366,0,0,0
62,-621.885820729088,-14.9484574268205,-5.94808456313202,3.24061044169787,0.401306581782104,0.104749951950128,-622.104249229927,-14.7667529352307,-6.03017952267416,3.2395208891403,0.400877541684469,0.102228182597755,-500,0,0,0,0,0,0,0,-79.7435904541767,-10.5542482979856,1.83754078557282,0,0,0
63,-618.685192949642,-14.5524287568643,-5.84328507770962,3.16064728322105,0.390750758047971,0.104893942437799,-618.617920493999,-14.512579472121,-5.84088285686261,3.14794662998157,0.380534271987678,0.111432506719603,-500,0,0,0,0,0,0,0,-77.5588220101582,-9.02826825452586,0.538515041764889,0,0,0
64,-615.563479219734,-14.1661929041657,-5.73893370137028,3.08278162551517,0.381720947289968,0.103852546721047,-615.430946376336,-14.1158805949922,-5.70881096612875,3.09266175511968,0.377028136587593,0.101967969557003,-500,0,0,0,0,0,0,0,-78.4042827592972,-9.47105246877489,1.2208249765572,0,0,0
65,-612.520023217497,-13.7892082600049,-5.63512122935777,3.00413234393188,0.372248341048456,0.103816564990502,-612.802578254395,-13.8617729068825,-5.82073486799195,3.0032156300808,0.373315075221706,0.0907443628877665,-500,0,0,0,0,0,0,0,-74.7164064992895,-9.60796170840561,2.56703344720725,0,0,0
66,-609.553321486846,-13.4217646343581,-5.53067857717912,2.92927378177711,0.362638910151904,0.105110768535827,-609.563916421654,-13.4365132045538,-5.42943152343992,2.91216738828028,0.378545453270493,0.105089963261601,-500,0,0,0,0,0,0,0,-72.08890598472,-10.9815189179417,0.349866720719788,0,0,0
67,-606.660244182317,-13.0646172010793,-5.42602052629942,2.85688223026878,0.351655956289339,0.104245966776755,-606.681708764774,-12.8769484032829,-5.28627712969533,2.86192203527656,0.352067680758602,0.0960421693504204,-500,0,0,0,0,0,0,0,-72.8287859981082,-9.45287126929443,0.96833732434861,0,0,0
68,-603.839899227117,-12.7176884028177,-5.32176864447626,2.78380955308065,0.342201640386016,0.104298804966182,-603.836289050324,-12.8648558854741,-5.30128114857003,2.782397848878,0.342699634960057,0.119658510304351,-500,0,0,0,0,0,0,0,-70.5672067871516,-8.54025172505754,-1.36328873329501,0,0,0
69,-601.091584791903,-12.3797575975471,-5.21859134267922,2.71281987629002,0.333659970026052,0.102095630470792,-601.228683727173,-12.2931795709166,-5.13487070672295,2.71184319187181,0.33818871577286,0.119848881619393,-500,0,0,0,0,0,0,0,-68.7269517328348,-9.23251243545282,-1.71514674849339,0,0,0
70,-598.413354927409,-12.0507145760903,-5.11774588293898,2.64364022222285,0.324426072786816,0.0996340923304754,-598.191450905239,-12.1169289884531,-5.10695370349923,2.65589183256967,0.306127185873162,0.0890070360689356,-500,0,0,0,0,0,0,0,-69.2062814464884,-6.37886061041006,1.3132038001049,0,0,0
71,-595.804420995376,-11.7294786183324,-5.01771705391818,2.57422981695828,0.318045842617882,0.100462488389443,-595.685608534598,-11.7974851891722,-5.06082990852804,2.58774564978871,0.317170466095244,0.102701043565817,-500,0,0,0,0,0,0,0,-67.4033479096758,-8.12207623118003,-0.148444539525626,0,0,0
72,-593.264051792575,-11.4154944866253,-4.91754478558547,2.50650994981882,0.309922420813514,0.0999200147921655,-593.191802255304,-11.3386281849761,-5.02350570417999,2.51779774640478,0.302370870340786,0.0970219195548379,-500,0,0,0,0,0,0,0,-65.3961701298707,-7.55983066412639,0.344819452876182,0,0,0
73,-590.790377787101,-11.1093526318709,-4.8176380591627,2.4408396904008,0.302361288645925,0.0999302415713907,-590.69589967669,-11.1454898429302,-4.78398173783496,2.4336854296389,0.307996109451434,0.107342007987236,-500,0,0,0,0,0,0,0,-61.9767436105109,-8.50863125928305,-1.16623732305363,0,0,0
74,-588.380728463834,-10.8112462816664,-4.7185064631016,2.37845966181369,0.293851411705771,0.0983678999868745,-588.328537488894,-11.0122282920502,-4.75884091409904,2.3827548908989,0.309794532333979,0.0938984174771724,-500,0,0,0,0,0,0,0,-61.6184141121011,-8.95499664929755,0.127840080480828,0,0,0
75,-586.033223652207,-10.5218729822785,-4.62020282994835,2.31655145245572,0.28489518712467,0.0982740380992873,-586.219473887179,-10.733881835978,-4.58558949275799,2.31847506887917,0.291880978471621,0.0959561675138346,-500,0,0,0,0,0,0,0,-59.4085591135591,-7.72033417520612,-0.42443776586747,0,0,0
76,-583.746545352441,-10.2408385564439,-4.52225898294502,2.25680630067877,0.27717366457307,0.0976471104602584,-583.763808982581,-10.3062803284624,-4.37763240307194,2.27010642938373,0.283532390275103,0.0956757714951765,-500,0,0,0,0,0,0,0,-59.4830249732119,-7.74067837058551,-0.812312343373765,0,0,0
77,-581.51966261796,-9.96753582753449,-4.42503168541133,2.19696018335707,0.269431793159162,0.0968409852268767,-581.524627006674,-9.86285516714675,-4.38495940627802,2.20040350876564,0.27053279315462,0.094637177235823,-500,0,0,0,0,0,0,0,-56.9910968632153,-7.32756898116846,-0.693798911026265,0,0,0
78,-579.35137654114,-9.70176838998341,-4.32856069589515,2.13961300358663,0.262103081810002,0.0961330818958668,-579.291799294114,-9.75246612559964,-4.34405991322978,2.14708036305452,0.254146146054267,0.113264040973233,-500,0,0,0,0,0,0,0,-56.1244377172254,-5.90968235422739,-2.63828427086378,0,0,0
79,-577.240089567614,-9.44262071984432,-4.2337083639326,2.0829609181814,0.256192258443761,0.0936032679597196,-577.248865593546,-9.58619439870564,-4.28772166491397,2.06483348585688,0.260136416590572,0.102027590865739,-500,0,0,0,0,0,0,0,-51.9856173985953,-6.84125286164591,-1.62731575674593,0,0,0
80,-575.18334807872,-9.18984961281956,-4.14097418712604,2.03052246131511,0.249349955397864,0.0918944024249684,-575.18379387789,-9.21688111001096,-4.1844227280914,2.02921688792069,0.239403278842879,0.0998211271755979,-500,0,0,0,0,0,0,0,-52.5541010362897,-5.50656566426599,-1.613267261377,0,0,0
81,-573.179326198581,-8.94325347095084,-4.04982796638467,1.97752180326721,0.243842328321887,0.0904276606334609,-573.234135260018,-8.8072147196329,-4.1158761998357,1.97598715444701,0.238002815241563,0.0832943594789995,-500,0,0,0,0,0,0,0,-51.1304449246659,-6.18585208489046,-0.0976835482285541,0,0,0
82,-571.227524507809,-8.70250457885234,-3.95937093745756,1.92608292216206,0.237655455644592,0.0905151366955714,-571.211420854891,-8.78940567541547,-4.03644014368068,1.90792820656736,0.250393969076552,0.087559005164727,-500,0,0,0,0,0,0,0,-48.3699789469531,-7.46058555682423,-0.683020229111339,0,0,0
83,-569.325810821076,-8.46857990111445,-3.86916083358232,1.87734538710098,0.230193899753262,0.0899322839746255,-569.334830293361,-8.53825987431459,-3.82452662708847,1.88509111012758,0.225136555055733,0.0924453832698382,-500,0,0,0,0,0,0,0,-49.8394504260347,-5.43713575694407,-1.59548507280688,0,0,0
84,-567.473606476646,-8.24110507278892,-3.7798365182186,1.82706386772588,0.22475575687875,0.0887444212576591,-567.199237882295,-8.40547825276853,-3.76521388467284,1.81922094064009,0.232438807805082,0.0765000736286378,-500,0,0,0,0,0,0,0,-47.5236182994196,-6.43292427497112,-0.1195795935181,0,0,0
85,-565.670458554705,-8.01956625245811,-3.69099229505349,1.77923330402825,0.218321883768976,0.0889707181126863,-565.697066730633,-7.93696036477535,-3.69199472865522,1.7648315620807,0.233069688572526,0.08768637944592,-500,0,0,0,0,0,0,0,-45.0890227468045,-7.43304812770192,-1.38464848728156,0,0,0
86,-563.913986923209,-7.80496134804475,-3.60258930934617,1.73371050872149,0.210887925001127,0.0878606459069952,-563.977461857724,-7.70844449273466,-3.42510341684571,1.73903491913552,0.207728434741408,0.106024454189432,-500,0,0,0,0,0,0,0,-45.9485681981031,-5.35595448867144,-3.75223858525179,0,0,0
87,-562.20358022321,-7.59675187381725,-3.5163561654719,1.68710222528605,0.205531023329144,0.0846316341058339,-562.06393937732,-7.57403741109787,-3.35471800487145,1.68451676363504,0.20124750918938,0.0920203821825309,-500,0,0,0,0,0,0,0,-44.3237976088639,-4.97667609674225,-2.49260220851019,0,0,0
88,-560.538912889203,-7.39370964069957,-3.43272795256359,1.6422324475249,0.200553442779394,0.0826498027061857,-560.4555058389,-7.3525322516851,-3.46949159101456,1.62925744150655,0.204149859915489,0.0642857058042382,-500,0,0,0,0,0,0,0,-42.0147324728546,-5.70992148817869,0.510412601605291,0,0,0
89,-558.917815912418,-7.19601157556181,-3.3496284447312,1.59996311013848,0.194842687490685,0.0835727584635372,-558.985065669942,-7.15232315167167,-3.38035373468966,1.61883657578606,0.192364912407606,0.0774371327047354,-500,0,0,0,0,0,0,0,-43.9135262387222,-4.93184493741727,-0.983005801094213,0,0,0
90,-557.34000365836,-7.00363525261586,-3.26618191606299,1.55566233042273,0.189909958642601,0.0833449725899734,-557.297625051759,-6.83682797430342,-3.11520995310438,1.55752413295795,0.176373975730051,0.0810370269908273,-500,0,0,0,0,0,0,0,-41.1571631922772,-3.96374162439821,-1.87328279287398,0,0,0
91,-555.805164073689,-6.8157075828892,-3.18347328717585,1.51401717272072,0.185945380794664,0.0820954648399458,-555.80513060114,-6.74005633654769,-3.21141643637837,1.52171242890436,0.173362897753576,0.0813129140089706,-500,0,0,0,0,0,0,0,-40.5609816881553,-3.85617710226217,-1.70845852814032,0,0,0
92,-554.311663565661,-6.63169070211687,-3.10189356778548,1.47298428636572,0.182088380710059,0.0810868026061294,-554.511468677541,-6.65159380823492,-3.19194883927999,1.46276782232592,0.186298291044684,0.09412995714045,-500,0,0,0,0,0,0,0,-37.2538448775095,-5.32664148799855,-3.02909803548503,0,0,0
93,-552.857619266758,-6.45226602605017,-3.02208396752707,1.43510387706848,0.176760971379131,0.0785534557910187,-553.057535796335,-6.411358822717,-3.14796756752084,1.44962765924386,0.188205208673839,0.0776671469493309,-500,0,0,0,0,0,0,0,-38.8476943317163,-5.9978032219499,-1.4707795598914,0,0,0
94,-551.442166565183,-6.27850434980952,-2.94388538143313,1.3958021004258,0.170762381289102,0.0778655600490857,-551.408759522208,-6.17177551059296,-2.99536968544121,1.39237388462732,0.157434413921715,0.065559694402935,-500,0,0,0,0,0,0,0,-36.4198694183165,-3.39989037098562,-0.565230069411085,0,0,0
95,-550.064758503695,-6.10944227914985,-2.86598888898425,1.35901500378135,0.167361759894477,0.0779478556633524,-550.069469615627,-6.2052913583658,-2.91614163193712,1.34820771412676,0.169225214945017,0.0556388794091147,-500,0,0,0,0,0,0,0,-34.6818321814216,-4.51193877777015,0.268395322962773,0,0,0
96,-548.723225548792,-5.94433683358628,-2.78762839758764,1.32405229086167,0.162849131586671,0.0787925338255711,-548.752584949875,-5.78388338951424,-2.95472652076636,1.33516601731683,0.161939953977626,0.081670876894505,-500,0,0,0,0,0,0,0,-36.011431831932,-4.62622861873408,-2.25763464791777,0,0,0
97,-547.417449881193,-5.78380118430813,-2.70954787108682,1.28749915141502,0.158222166224204,0.0773888105699705,-547.478749456489,-5.88585516790367,-2.66939434925671,1.28752994644217,0.158897128211836,0.0756522838400227,-500,0,0,0,0,0,0,0,-33.7954957312397,-4.11800248537629,-2.22643968548884,0,0,0
98,-546.147124069206,-5.62763836543356,-2.63291695988175,1.25315250482023,0.154103471454931,0.0758920588327411,-546.026709051122,-5.56679566210029,-2.67651889669889,1.25116281975583,0.153182506546434,0.0639025066546353,-500,0,0,0,0,0,0,0,-33.0628638733392,-4.18465933044281,-1.03721287206575,0,0,0
99,-544.910714461776,-5.47562755744871,-2.55717558472049,1.21966740042756,0.149918144189994,0.0756092516631155,-544.879476251944,-5.30764234581609,-2.58163314164884,1.21495788240232,0.137903512959762,0.0713791474944667,-500,0,0,0,0,0,0,0,-31.7368357363447,-3.17506660434402,-1.97464846614899,0,0,0
100,-543.707181813611,-5.32729727124124,-2.48220172078638,1.18739802358235,0.146742428415858,0.0743563512241588,-543.718330991524,-5.39133055478756,-2.51453955454703,1.18583535689864,0.128702875195341,0.0699743828177605,-500,0,0,0,0,0,0,0,-31.146873706816,-2.087626409959,-1.96835917268199,0,0,0
101,-542.535624703198,-5.18159897462494,-2.40845755491385,1.15571633107661,0.144654164659111,0.0731495161281417,-542.482855438669,-5.1886630931748,-2.30658316520549,1.15587782916087,0.147196598609872,0.07445604599343,-500,0,0,0,0,0,0,0,-30.6220720387488,-4.34233367463761,-2.83243826893202,0,0,0
102,-541.395537740765,-5.03911629368233,-2.33632691547131,1.12445725372058,0.140311197030433,0.0711290538270658,-541.327197900072,-4.91384033856841,-2.27297786483781,1.1328663168382,0.145930675288088,0.0640192456368321,-500,0,0,0,0,0,0,0,-30.6322358836752,-4.76538685167195,-1.85596883400759,0,0,0
103,-540.286659299706,-4.90118810315277,-2.26567933090229,1.09329987005026,0.135545184019887,0.0701833473907378,-540.350361408147,-4.79227881787812,-2.12361877427207,1.09628266307707,0.151423138154162,0.0597189301027294,-500,0,0,0,0,0,0,0,-28.9275434914135,-5.55775617966001,-1.7246554617288,0,0,0
104,-539.20808329594,-4.76842209274412,-2.19596028055546,1.06385237897737,0.129986836752302,0.0692710222682574,-539.214373247234,-4.65206575921873,-2.25540309439239,1.0726330225208,0.115326953446874,0.0648130087878637,-500,0,0,0,0,0,0,0,-28.8345557576122,-2.22856382624992,-1.97049469000159,0,0,0
105,-538.158922404234,-4.63954983352876,-2.12723231667645,1.0344695400392,0.127757681684263,0.0682011315009735,-538.361115715475,-4.57364629564843,-1.97955158104623,1.03907933176882,0.130662075180618,0.0654665659735086,-500,0,0,0,0,0,0,0,-27.1857017459309,-3.91891492676498,-2.58755343525841,0,0,0
106,-537.138362120458,-4.51375189097991,-2.05993017570721,1.0066507483855,0.123838203341244,0.0664184967817635,-537.123345120739,-4.47744952728711,-2.12655775339216,0.995869172233499,0.123648770188101,0.0621862060669092,-500,0,0,0,0,0,0,0,-25.3402269818728,-3.40997796423592,-1.96550509990659,0,0,0
107,-536.144667980062,-4.39161893746847,-1.99416689124501,0.980737508358966,0.120427703868585,0.0651223490035241,-536.02144575664,-4.27053398542619,-2.1714206102594,0.97799958765917,0.121718438723734,0.0571246159968944,-500,0,0,0,0,0,0,0,-25.7570672526368,-3.630775901521,-1.36962037917065,0,0,0
108,-535.177057817506,-4.27300688402861,-1.92933588247751,0.954483182732822,0.116796403020854,0.064554128954223,-535.257181065193,-4.22927824821267,-2.07121636730596,0.974951849534936,0.107696194717011,0.0674655655465602,-500,0,0,0,0,0,0,0,-26.9808228231086,-2.31106297527575,-2.6041238200441,0,0,0
109,-534.236383760866,-4.15736629219177,-1.86556734865507,0.926864729831903,0.114484780581684,0.0629981539697413,-534.223665161712,-4.24902020281133,-1.90373165288724,0.921546419812127,0.121122599344548,0.0632045460748665,-500,0,0,0,0,0,0,0,-23.7073116577891,-3.61421952883218,-2.51299130171217,0,0,0
110,-533.321698878726,-4.04468886805832,-1.803466287633,0.902504693009302,0.110870067625452,0.0612173607686879,-533.330611911557,-3.88585244063757,-1.76391847439227,0.903603000593331,0.1170503561074,0.0691650049819652,-500,0,0,0,0,0,0,0,-23.6990762362185,-3.9333307294649,-3.38866354941198,0,0,0
111,-532.431425553155,-3.93578571601211,-1.74354077475369,0.878041162970812,0.106936236457848,0.0586471093317822,-532.424014980233,-3.92388868368505,-1.83701277770848,0.877670004571853,0.098076074525838,0.0603992022510694,-500,0,0,0,0,0,0,0,-22.91897049672,-1.9598300852137,-2.36589466968998,0,0,0
112,-531.56516682674,-3.82982963331695,-1.68568695730199,0.854476036166292,0.104975929871421,0.0570734632011257,-531.686112196798,-3.63357543915591,-1.45747275562888,0.84993344312724,0.12057564115072,0.0717618684960196,-500,0,0,0,0,0,0,0,-21.6211199191281,-4.79041323676018,-4.2612413383442,0,0,0
113,-530.721950562127,-3.72724914352619,-1.63039036007957,0.83195513103277,0.100185050498159,0.0535320866054914,-530.858745883365,-3.67857937612679,-1.83253077723856,0.837214358690678,0.0997752947927503,0.0597327997700155,-500,0,0,0,0,0,0,0,-22.0039441023385,-2.62037072702145,-2.30821842252442,0,0,0
114,-529.901324077127,-3.62837450780794,-1.57760511351244,0.809297609600315,0.0975642219931983,0.0520508246397694,-529.926264144892,-3.62521958678382,-1.66932461918647,0.795564638057298,0.0810133021502907,0.0510150507953686,-500,0,0,0,0,0,0,0,-19.7039355159453,-0.850891041461429,-1.76285584116392,0,0,0
115,-529.102180201866,-3.53123593545147,-1.52614201513861,0.788990075470049,0.0967129235137284,0.0508864777108604,-529.057680455171,-3.49970377463355,-1.49456956774439,0.800393524947984,0.0885428625457115,0.0604087453248661,-500,0,0,0,0,0,0,0,-21.923991584456,-1.85487870530406,-3.05173539699782,0,0,0
116,-528.324528537153,-3.43545068290597,-1.47630430650655,0.766312663669887,0.0948575825349563,0.0488013564288252,-528.315681640781,-3.31593259311018,-1.43369036133712,0.751368889833039,0.100281496879676,0.056147767664581,-500,0,0,0,0,0,0,0,-18.5055257017428,-3.39628450174724,-2.74739604378386,0,0,0
117,-527.567841601236,-3.34229143882138,-1.42858814497837,0.747060565393143,0.0914609064397145,0.0466414801598511,-527.485134374694,-3.29280828336929,-1.43045615724997,0.735549278293263,0.0981090919745408,0.0436784959132907,-500,0,0,0,0,0,0,0,-18.584659079939,-3.22529263071549,-1.50693727682912,0,0,0
118,-526.83036573359,-3.25244337066052,-1.3823803343752,0.727891238964547,0.088235230797692,0.0457845977618191,-526.657708639322,-3.3636271358368,-1.36419577002983,0.719355051283606,0.0812621757977404,0.0301628260694412,-500,0,0,0,0,0,0,0,-18.6200878497169,-1.39896330810044,-0.287891066884457,0,0,0
119,-526.111995125782,-3.16490780887723,-1.33639162009566,0.708850743430378,0.0868358937513615,0.0462032102148394,-526.210135787373,-3.23043654954883,-1.30248315900577,0.704566540026865,0.0785942658050904,0.030638455589506,-500,0,0,0,0,0,0,0,-18.0363824279395,-1.39855348141138,-0.458879240939055,0,0,0
120,-525.412385010063,-3.07877137405782,-1.29007717787363,0.690370139821778,0.0854369767710125,0.0464357370993074,-525.404889938494,-3.09681249301806,-1.46107729121769,0.683460780092577,0.0668908055779068,0.0585700056723345,-500,0,0,0,0,0,0,0,-17.53629813227,-0.495455571754557,-2.93484598479807,0,0,0
121,-524.731173879786,-2.99358231235087,-1.24476049301458,0.67205139532749,0.0849411473932868,0.044207603060578,-524.720161780335,-3.08026027906847,-1.42140004346836,0.668885371068009,0.0851549537366289,0.0479270631054142,-500,0,0,0,0,0,0,0,-17.4482135461315,-2.35497481552595,-1.9499062236047,0,0,0
122,-524.068172599252,-2.90981883506392,-1.20116022314161,0.653950998541016,0.082585808598323,0.0430027796455764,-523.995153601687,-2.88651793575917,-1.24730278720603,0.652170124517713,0.0832715477312601,0.0628994905978135,-500,0,0,0,0,0,0,0,-17.2267052483975,-2.55411890160768,-3.79534348536929,0,0,0
123,-523.423289803669,-2.82851027348015,-1.15966442663735,0.635813415891048,0.0800313150208144,0.0399986721828661,-523.309128841163,-2.8286531281298,-1.08483166496956,0.645079947514613,0.0878479244285666,0.0528350072496314,-500,0,0,0,0,0,0,0,-17.8897370691353,-3.12748618659707,-3.11383739502403,0,0,0
124,-522.796829001021,-2.75004289330865,-1.12075961891545,0.617107461410075,0.0769034465212168,0.0378211094431319,-522.534788512921,-2.67923552489705,-1.23457213982596,0.613543518207891,0.0723846991976169,0.0485101669064839,-500,0,0,0,0,0,0,0,-16.2847747949469,-1.87999886996759,-2.38187241099646,0,0,0
125,-522.188230471791,-2.6740796188096,-1.08375198853939,0.600089170014171,0.0750231033416509,0.036203377849517,-522.268323277818,-2.64457262486621,-1.04571043037393,0.587463959809737,0.0745831872952202,0.0209596890678742,-500,0,0,0,0,0,0,0,-14.209749425337,-2.16917347978961,-0.00454804603956349,0,0,0
126,-521.595456472956,-2.60014124446046,-1.04730423305638,0.585459563280827,0.0728536464108541,0.0367000293574966,-521.541811707226,-2.57854794295198,-1.09995589690603,0.589029192253088,0.0626341350646799,0.0254254836897844,-500,0,0,0,0,0,0,0,-15.8192958108571,-1.10631762056402,-0.342636575166383,0,0,0
127,-521.018130510288,-2.52784091648919,-1.01038890017977,0.56919305662895,0.0717470104658041,0.0371394356002374,-520.838554746542,-2.42560360421658,-1.0485677709914,0.58301802414742,0.0709200010485837,0.056258453828103,-500,0,0,0,0,0,0,0,-16.6246929216586,-2.24079289642521,-3.5287098408275,0,0,0
128,-520.457696003459,-2.45721448295679,-0.974526552459048,0.551674987641201,0.0695058570829806,0.0345947480308152,-520.596258612386,-2.43958806827386,-0.942011296165603,0.541704893811096,0.0768365046691094,0.0316867060196632,-500,0,0,0,0,0,0,0,-12.9779721563385,-2.80447433036323,-1.28464800963512,0,0,0
129,-519.912816044219,-2.38911099806581,-0.94033374933766,0.538084921497925,0.0667011133834743,0.0337981649009241,-519.87659937455,-2.36895455444004,-0.978465738542013,0.53844052525877,0.0589281200339409,0.0175877248226737,-500,0,0,0,0,0,0,0,-14.0908537767772,-1.15490289451401,0.198158994816654,0,0,0
130,-519.381968703846,-2.32298747624829,-0.906101071542943,0.523610668655906,0.0655459310686004,0.0346749843430022,-519.240983046319,-2.14972337757169,-1.05694321605073,0.524063000306758,0.0687934760234021,0.0371601392576309,-500,0,0,0,0,0,0,0,-13.9243339380373,-2.57990084719684,-1.60212749366162,0,0,0
131,-518.865642588479,-2.25873164136486,-0.871870809843504,0.509041489424771,0.0629657393792342,0.033793380705218,-518.841558029474,-2.28070693511517,-0.954675486164613,0.518051489152485,0.0626053925481697,0.0210158949833718,-500,0,0,0,0,0,0,0,-14.1220328563015,-1.69912538458663,-0.19223852600795,0,0,0
132,-518.363879408964,-2.19661560678015,-0.837786816557976,0.494485602235841,0.061266330752003,0.0343824367023842,-518.51966698271,-2.0625604263126,-0.754404095188523,0.492269155771723,0.0641929834001668,0.0260166598232529,-500,0,0,0,0,0,0,0,-12.1875816117517,-2.29417748739148,-1.09285779194824,0,0,0
133,-517.875780523058,-2.13649649103832,-0.803679614310289,0.481712267051233,0.0589719012298116,0.0338388094871722,-517.819382251323,-2.16561840093396,-0.778075465784023,0.485027734845394,0.0608713869524449,0.0454923622159795,-500,0,0,0,0,0,0,0,-12.8640089818939,-1.75590189337658,-2.9930852900299,0,0,0
134,-517.400931597677,-2.07840268166597,-0.770984137996799,0.467984714443585,0.0572157182424347,0.0315595092528772,-517.306751261784,-2.23838509078969,-0.9371383898917,0.468807530094177,0.0503077725997013,0.0332368525888634,-500,0,0,0,0,0,0,0,-12.2672504858503,-0.554007078390751,-1.44940847910294,0,0,0
135,-516.939401237791,-2.02146409559029,-0.73982798638921,0.455075946847925,0.0566614546189209,0.0307597031134869,-517.062903970165,-2.05663822283421,-0.743286500704797,0.456390025713843,0.0687774376827476,0.0182122462998268,-500,0,0,0,0,0,0,0,-11.5131946310551,-2.76446732260634,-0.33465162857309,0,0,0
136,-516.490322309119,-1.96618499123652,-0.708957415959392,0.443082412604405,0.0538967549224034,0.0309878345798527,-516.50623872069,-1.99420381720179,-0.636941392477264,0.43945442861511,0.06138597287903,0.0367891891752614,-500,0,0,0,0,0,0,0,-10.9329654201314,-2.15018965349942,-2.40503613257161,0,0,0
137,-516.053107414355,-1.9133634506212,-0.678906955373163,0.431346714343828,0.0517463275096897,0.0291193412157252,-516.052016285829,-1.77827351503949,-0.694659157757439,0.439538812382666,0.0434512920125774,0.0216364560117431,-500,0,0,0,0,0,0,0,-11.8498486666089,-0.788582171178763,-0.774327285659431,0,0,0
138,-515.627957264775,-1.8620115358484,-0.649829875525806,0.418953905063402,0.0509575026489553,0.029041433115645,-515.65832225238,-1.90486508264727,-0.672249333653687,0.427057937734774,0.0491092009891098,0.0257718112492386,-500,0,0,0,0,0,0,0,-11.3891492687183,-1.10118993361644,-1.23268245761649,0,0,0
139,-515.21500703373,-1.8116047472672,-0.621073076180261,0.406946602164087,0.049856075459285,0.028478562932941,-515.185367919608,-1.85139519255468,-0.70097292712556,0.41016306814124,0.0466275102028279,0.0332132991832032,-500,0,0,0,0,0,0,0,-10.6455709749082,-0.959960635173429,-1.9193840640692,0,0,0
140,-514.813750515897,-1.76222876656929,-0.593257291770365,0.395566054703995,0.0488958867753864,0.027159052843671,-514.864874752044,-1.73514566888473,-0.672423817991977,0.391571318974141,0.0598281410001367,0.0277997717769766,-500,0,0,0,0,0,0,0,-9.4273823933263,-2.5125227622442,-1.43512954171371,0,0,0
141,-514.423236002027,-1.71458924149296,-0.566599811209764,0.385462765424349,0.0463831642260842,0.0261612458502606,-514.505039723725,-1.54384737502512,-0.622485509887407,0.384905327798308,0.063806448526373,0.00451227039623649,-500,0,0,0,0,0,0,0,-9.48045333238134,-3.29295010258705,0.793743980151164,0,0,0
142,-514.042674656464,-1.66985264399114,-0.539819608255967,0.375660948948964,0.0430900315386502,0.027404329095894,-514.008546204902,-1.82782052659829,-0.41103286901461,0.371273261636895,0.0521861311935553,0.0216232101259502,-500,0,0,0,0,0,0,0,-9.11023375388454,-1.56297206615895,-1.3402552745658,0,0,0
143,-513.67189989012,-1.62754419517538,-0.51286369340081,0.365888424797972,0.0415268667931602,0.026512651999122,-513.576596499145,-1.753758320517,-0.672027691015668,0.36781199913056,0.0247779394857563,0.0312750402042142,-500,0,0,0,0,0,0,0,-9.62800691476684,1.02972269245837,-1.78344863839009,0,0,0
144,-513.311189317168,-1.58550257078235,-0.486961056802973,0.355532377832947,0.042556382845794,0.0252980888658418,-513.326635579493,-1.44343120685929,-0.500885616794874,0.361822606134824,0.0331126779876664,0.033047909506461,-500,0,0,0,0,0,0,0,-9.52898945449626,-0.42440538504806,-2.30301971705636,0,0,0
145,-512.9608290293,-1.54315849545193,-0.46252095065179,0.345187576353228,0.0421317685419183,0.0235875827640591,-513.009808228989,-1.64289141891823,-0.413045792156912,0.332394035234747,0.0330854441676085,0.0328980353751689,-500,0,0,0,0,0,0,0,-7.21978706549628,-0.0227615789243969,-2.46371195320307,0,0,0
146,-512.619689365842,-1.50103819015135,-0.440042569104134,0.337090846955964,0.0421088427796158,0.0213733978727875,-512.796929909302,-1.55822857231871,-0.283601380482684,0.342107574312442,0.0360754210854439,0.00994527635873293,-500,0,0,0,0,0,0,0,-8.61689761264113,-0.491084963906976,-0.427324874907926,0,0,0
147,-512.287171023467,-1.45917497801485,-0.418646647386363,0.327946176669091,0.041617582453963,0.021423235839892,-512.340498777071,-1.32806837425566,-0.388879901053144,0.340450304473381,0.0432015475987781,-0.00422552774894795,-500,0,0,0,0,0,0,0,-9.36403289319648,-1.66401801136649,1.20031257700108,0,0,0
148,-511.964030236785,-1.41838949346045,-0.396322145772492,0.318336697265351,0.0399533875129352,0.0232308110983087,-511.977785524825,-1.30286721509604,-0.328398399126994,0.317395858863187,0.0292890886189544,0.0260149463034534,-500,0,0,0,0,0,0,0,-7.78401483666782,-0.323174431703366,-1.94469783209136,0,0,0
149,-511.649977639261,-1.37859777926043,-0.37385696322986,0.309767958375927,0.039630041896195,0.0217040234646575,-511.724691038111,-1.36467818898975,-0.563111816218733,0.303458953389192,0.053540208045992,0.0445595358751308,-500,0,0,0,0,0,0,0,-6.89651326269812,-2.62466442661969,-3.32972995507562,0,0,0
150,-511.344173839538,-1.34028015273954,-0.353662198100689,0.301838279943198,0.0370052126482526,0.0186896218506655,-511.190021117438,-1.2372219169872,-0.355672749450021,0.29684684999413,0.0267284038432726,0.0280552072542282,-500,0,0,0,0,0,0,0,-7.30464276453645,-0.198396550352852,-2.09417522652278,0,0,0
151,-511.046400849034,-1.30337422023342,-0.33582616277428,0.29370705753972,0.0368066532574314,0.0169866710337652,-511.006066882814,-1.19644101910677,-0.390425819997928,0.28165590854882,0.0394105239038848,0.0267848718164651,-500,0,0,0,0,0,0,0,-6.15345708925463,-1.54817035217495,-1.89763554165065,0,0,0
152,-510.756177067653,-1.26734172167168,-0.319681192325746,0.286739870764208,0.0352583446276527,0.0153068485223162,-510.725605874516,-1.32364405377251,-0.175930900340486,0.290035691922761,0.0339508114062929,0.0161234321567704,-500,0,0,0,0,0,0,0,-7.55235744324425,-0.74779303308426,-1.26048141499606,0,0,0
153,-510.473557181607,-1.23245735447193,-0.304772014358791,0.278499751957379,0.0345103906354411,0.0145157853144128,-510.380109059253,-1.10359344385345,-0.244881138522335,0.288103799210416,0.0304743297876122,0.0196479794641454,-500,0,0,0,0,0,0,0,-8.05016180253547,-0.840246091054312,-1.47503566936987,0,0,0
154,-510.199441483616,-1.19836717359804,-0.290703997662319,0.26973143445136,0.0336699719046896,0.0136248086353324,-510.314983751857,-1.00503946940875,-0.402337059665652,0.265522578724999,0.0565698151236122,0.0167584796064499,-500,0,0,0,0,0,0,0,-5.92229036878559,-3.64690257354372,-0.871173841313689,0,0,0
155,-509.932994579657,-1.16652071602739,-0.277399791369573,0.263162299367602,0.0300229440772709,0.0129869553685946,-509.956755329129,-1.28526779967039,-0.309284221550001,0.258596345908142,0.0301047925007053,0.0142110937089286,-500,0,0,0,0,0,0,0,-5.94612393255689,-0.439943650729738,-0.802540927792863,0,0,0
156,-509.673122825749,-1.13671780658561,-0.26468752205376,0.256581181860861,0.0295828752569074,0.0124409400011035,-509.489031868807,-1.06474898770333,-0.209057783286375,0.231084097352602,0.0327315526140526,0.0296115883692811,-500,0,0,0,0,0,0,0,-4.13034599764602,-1.14365728599861,-2.54304327035536,0,0,0
157,-509.419090692888,-1.10770681200267,-0.253526914305698,0.251481950917303,0.0284391147624826,0.0098828180781857,-509.341796479419,-0.914964264917598,-0.254136091340741,0.258379933315056,0.0239608573903181,0.00879280881786888,-500,0,0,0,0,0,0,0,-7.15440037266672,-0.566157209196619,-0.371008699105406,0,0,0
158,-509.171458339064,-1.07955084905322,-0.243581486842256,0.243783094852868,0.0278728118200663,0.0100120034234669,-509.147854267349,-1.13433543845745,-0.4811117065388,0.241740390122317,0.0258431810085693,0.00126812297241735,-500,0,0,0,0,0,0,0,-5.87833047753339,-0.315647223942036,0.835411115835865,0,0,0
159,-508.930789006098,-1.05183591655656,-0.233014361748793,0.237556444720881,0.0275570541948082,0.0111254051853984,-509.083598070233,-1.06631486888891,-0.158869932535894,0.226362750255071,0.0284851439594667,0.0275249412184535,-500,0,0,0,0,0,0,0,-4.46907888504175,-0.715884658168841,-2.43475425677356,0,0,0
160,-508.695941820352,-1.0246368595433,-0.223058865902674,0.232136906824225,0.026841060452792,0.0087882997427885,-508.632552607755,-1.00673967907581,-0.180038606303122,0.229004539557295,0.0269789217225574,0.0121645872553232,-500,0,0,0,0,0,0,0,-5.63534874021876,-0.684412814104126,-0.856381512926079,0,0,0
161,-508.466949379248,-0.998138065703887,-0.214551367322953,0.225847926952259,0.0261565282295564,0.00822988576620798,-508.480760507962,-1.02610526948166,-0.00756647975167668,0.23238854127275,0.0412145159468628,-0.00178297664174046,-500,0,0,0,0,0,0,0,-6.27733311135063,-2.06924105572297,0.193430623677399,0,0,0
162,-508.2444670679,-0.9730162200269,-0.206018515400452,0.219117283238129,0.0240871635593142,0.00883924382847634,-508.213046050627,-0.973246562859082,-0.170224980622355,0.225151501908031,0.00187213045323702,0.0190187014265749,-500,0,0,0,0,0,0,0,-6.08905808954906,1.75928008039446,-1.56142018141278,0,0,0
163,-508.028780340914,-0.948049484046964,-0.19774597537477,0.212255802539617,0.0258463094023351,0.00770933152552666,-508.046854996545,-0.980387825751252,-0.318269553427367,0.215469235532365,0.0123428275757632,0.00712379944858288,-500,0,0,0,0,0,0,0,-5.45321356014598,0.726492893926179,-0.0758408380035549,0,0,0
164,-507.819507994351,-0.921839983348721,-0.189920593591762,0.206289266264634,0.0265726929094536,0.00794443780336251,-507.918310926506,-0.787994084459766,-0.0632954784319779,0.204743075923629,0.0486772582263875,-8.60296152769072E-05,-500,0,0,0,0,0,0,0,-4.6376857393506,-3.29173765371922,0.135193918391646,0,0,0
165,-507.615780802872,-0.896913205375105,-0.181822242524699,0.201165530316456,0.0232808638703006,0.00825480556939617,-507.525616259444,-0.765958946504726,-0.0103634610797484,0.221174916976273,0.0318996648085262,-0.000513430510325177,-500,0,0,0,0,0,0,0,-7.06625917873881,-1.65804858784317,0.0720699731920145,0,0,0
166,-507.418375340751,-0.874461436427812,-0.173212625524916,0.193646024632476,0.0216226749353221,0.00896827898381791,-507.514315576104,-0.855966838746722,-0.204986546180442,0.193589709989914,0.0321779321655779,0.0096213205990768,-500,0,0,0,0,0,0,0,-4.33033984678291,-1.50585953906435,-0.552158967546796,0,0,0
167,-507.227201331007,-0.853591737246019,-0.16443881883272,0.188702021288671,0.0201167245093668,0.00858177807658678,-507.355531254032,-1.01356993702193,-0.276496798514861,0.194727210122611,0.0274508675259191,0.00838524399954083,-500,0,0,0,0,0,0,0,-4.76165850419672,-0.717946878548061,-0.28553080292436,0,0,0
168,-507.041158199768,-0.833834035239584,-0.155872926257212,0.183384460398355,0.0193986803231645,0.00855265223661383,-507.129386385044,-0.744924416793803,-0.181281606455282,0.182551959147049,0.012053135329694,0.00663142137374809,-500,0,0,0,0,0,0,0,-3.99642314461776,0.284535300618209,-0.300578924464245,0,0,0
169,-506.860057592611,-0.814293128825385,-0.147407526938616,0.178816892207317,0.0196831334502729,0.00838038014916953,-506.702461785119,-0.764919014805534,-0.133682949814,0.176251978073876,0.0213046314778282,-0.011940622411969,-500,0,0,0,0,0,0,0,-4.22027423714959,-0.600625118171756,1.4614281408249,0,0,0
170,-506.683467520329,-0.794910344396706,-0.138221419916364,0.174364362743974,0.0190824361305942,0.00999400443703702,-506.66384455133,-0.786720044253312,0.017612146051735,0.163714880305496,0.024794142715345,0.0137483870566081,-500,0,0,0,0,0,0,0,-3.04379892788862,-0.905974183027879,-1.41006299776428,0,0,0
171,-506.511022027105,-0.776280931887084,-0.128936561589908,0.170526078938373,0.0181763896905903,0.00857754590921833,-506.31091580803,-0.729178134448054,-0.289151808502103,0.168070396064097,-0.00242665813968544,0.014623919450793,-500,0,0,0,0,0,0,0,-4.18520799034992,1.70102208286465,-0.884088328075092,0,0,0
172,-506.342926388631,-0.757254076834377,-0.12069543860072,0.165665058362127,0.0198773210531052,0.00790709016664026,-506.331108642533,-0.716740823583002,-0.000670345049812587,0.16769693091372,0.0279865682418416,0.0233506968605187,-500,0,0,0,0,0,0,0,-4.10747580630668,-1.36517517701816,-2.33372899595225,0,0,0
173,-506.179793333229,-0.738059394306041,-0.113836370815067,0.160600135285257,0.0185120448362656,0.00581354496472231,-506.209021584843,-0.575429974499615,-0.0659945506789271,0.160103701113814,0.0217691990931026,0.00526932770484148,-500,0,0,0,0,0,0,0,-3.59232694169511,-1.02605996031103,-0.394943669126294,0,0,0
174,-506.021287864553,-0.720060417326881,-0.108162023153769,0.156410872872294,0.0174859099895362,0.00553717007764531,-506.090358095179,-0.728630920615529,-0.180440872745194,0.15903256784881,0.00661027714170987,0.010028419207382,-500,0,0,0,0,0,0,0,-3.72254059452342,0.796234127060071,-0.641960175247816,0,0,0
175,-505.867059330231,-0.702176430546982,-0.102866494122912,0.152046152927073,0.0182820646110011,0.00505600149511398,-505.607969002744,-0.829752071801327,-0.0717422459962596,0.137760757697276,0.0146911104362003,-0.00339312713240556,-500,0,0,0,0,0,0,0,-2.56013776424,0.190393099982625,0.482797205233075,0,0,0
176,-505.716515737043,-0.683799193417267,-0.0976078337431281,0.149041472553117,0.0184724105992181,0.00546269316369152,-505.780790045207,-0.55935540441837,0.0359578932309885,0.148877351792961,0.0263684518602378,-0.00315747704793873,-500,0,0,0,0,0,0,0,-3.32615508888134,-1.51813437718704,0.243831918331896,0,0,0
177,-505.569374506274,-0.666085882409627,-0.0919802563108771,0.145241386079801,0.0169542118808387,0.00579426670795458,-505.705905204792,-0.769439025673229,-0.0548691914622789,0.156801221096632,0.0232523666563612,-0.00272801998999458,-500,0,0,0,0,0,0,0,-4.26831170007866,-0.786358614289663,0.382540381924015,0,0,0
178,-505.426480269941,-0.649524891255041,-0.0858546405643599,0.140547661872853,0.0161677712703177,0.00645925385357482,-505.48494391577,-0.483648694668932,-0.198368520266366,0.133780394378144,-0.000407105036592744,0.00911497271182517,-500,0,0,0,0,0,0,0,-2.40815160627406,1.00800789299714,-0.514760230649785,0,0,0
179,-505.28745560721,-0.632853142401294,-0.0796816150261252,0.137501565790939,0.0171757269173428,0.00588819066742818,-505.207957944314,-0.599652111099516,0.0531205159149962,0.152784147932245,0.00721701457481467,0.00294795995422809,-500,0,0,0,0,0,0,0,-4.8624989045968,0.477602764717565,-0.401037027252801,0,0,0
180,-505.152668431509,-0.615438664303228,-0.0737747066384765,0.132073017457052,0.0176532294181573,0.00592831391611714,-505.048004969982,-0.62361588989352,-0.0173015423094054,0.117163053572842,0.019756841824221,0.0102944779264356,-500,0,0,0,0,0,0,0,-1.62029541731947,-0.728452402635064,-0.99484470802475,0,0,0
181,-505.021780592564,-0.598149681850649,-0.0684359041146454,0.129702229288435,0.0169247365496902,0.00475031658360081,-505.013447190396,-0.446565711511239,0.0286531286420661,0.127549170820472,0.0389475388621622,-0.00565569966727691,-500,0,0,0,0,0,0,0,-2.7280227012551,-3.00162246319374,0.508263709443559,0,0,0
182,-504.893655605213,-0.58272578196341,-0.0634241507011629,0.12654823749171,0.0139230638366942,0.00527464012205781,-504.849221475019,-0.61482251811182,0.0305757425164605,0.117409501989004,0.0151346040424887,6.39202817664438E-05,-500,0,0,0,0,0,0,0,-2.04250724886312,-0.283815368025234,-0.0675435132095654,0,0,0
183,-504.768405938792,-0.568944646888686,-0.0582351842405969,0.123951209304902,0.0136392071821823,0.00510444102246355,-504.702510632469,-0.690780708483572,0.0388216841499983,0.116527522360601,0.00922515317652578,-0.0266860291030318,-500,0,0,0,0,0,0,0,-2.24773097112213,0.459046099314565,2.59095954200318,0,0,0
184,-504.645582339279,-0.55507592872098,-0.051890732323022,0.121697540230096,0.0140982296719599,0.00758542184483413,-504.498486783737,-0.68471992447536,-0.0696825275493778,0.117538831710504,0.0168249802747145,-0.00609320269773276,-500,0,0,0,0,0,0,0,-2.75690960357589,-0.313058178520733,0.748685324872032,0,0,0
185,-504.525445762695,-0.541134252996933,-0.0439118025354213,0.118576243578249,0.0137851226403197,0.00837387012608859,-504.651063393348,-0.427310674060834,-0.0133460306499833,0.13144442315914,0.0157835904816941,0.00362134503924827,-500,0,0,0,0,0,0,0,-3.84231552921822,-0.723737700047743,-0.335442442624861,0,0,0
186,-504.409071337378,-0.527711039218787,-0.0355587296710041,0.114172786716984,0.0130613055597678,0.0083343991775785,-504.472002741479,-0.567786058175954,-0.145358315476773,0.105023421529576,-0.00161563537246237,0.00510390349821593,-500,0,0,0,0,0,0,0,-1.55833667000039,1.29713565359815,-0.219673718868047,0,0,0
187,-504.295970631314,-0.514001182869965,-0.0274186516008938,0.112028615310786,0.0143584083340837,0.00794665968951835,-504.236887650226,-0.492512440701946,-0.0812479647332288,0.107217704720642,0.00319721610322225,0.00276085538025709,-500,0,0,0,0,0,0,0,-2.24799517161203,0.665303271081667,-0.113589608559252,0,0,0
188,-504.185340351526,-0.499310146163771,-0.0195399408755972,0.109232070734701,0.0150236658358368,0.00781201754341188,-504.217162510915,-0.523685415047442,0.0184927790336184,0.117660057034381,0.00971277288104459,0.00544561714502415,-500,0,0,0,0,0,0,0,-3.33168068160876,0.0760935419904252,-0.581547272569651,0,0,0
189,-504.078085035876,-0.484248469504647,-0.0119075359131144,0.10527856545335,0.0150996881582798,0.00745467446788284,-504.058636601393,-0.580235280210311,0.0171419812362719,0.0990412407783108,0.0161780887241767,0.00653128145864072,-500,0,0,0,0,0,0,0,-1.78685087504564,-0.45733831199705,-0.687412108336616,0,0,0
190,-503.974039192338,-0.469377471550772,-0.00484101446984901,0.102812898553503,0.0146423085765707,0.00667944194764891,-504.019963005437,-0.666139572501901,-0.0196164712282673,0.111946050915107,0.0179137363508081,0.0122266193154908,-500,0,0,0,0,0,0,0,-3.15467908063618,-0.459094490077009,-1.18342898909255,0,0,0
191,-503.873180564593,-0.454964746888605,0.00135563528881493,0.0989040314652783,0.0141831414770264,0.00571570983373693,-503.96743309579,-0.39891388696563,-0.0570186072941435,0.113833237235618,0.0190100471382106,0.00285259618410013,-500,0,0,0,0,0,0,0,-3.44845753198189,-1.1031769398898,-0.171222403821726,0,0,0
192,-503.776267809762,-0.44133322941344,0.00711986703124577,0.0949217247980011,0.0130798943535376,0.0058146463052694,-503.855646084501,-0.485716275326871,0.130221262438924,0.0916523594391652,0.01844496913377,0.0110129373076419,-500,0,0,0,0,0,0,0,-1.45394377491494,-0.873064362723255,-1.36173625564203,0,0,0
193,-503.682489412842,-0.428689887660001,0.0121942965399793,0.0926344620818248,0.0122067898412908,0.00433518640343322,-503.857196587525,-0.48966518581425,0.0699515582069951,0.0892718265007277,-0.000259442050041086,-0.011503947137448,-500,0,0,0,0,0,0,0,-1.21278947502371,1.00527457663261,1.01049159733081,0,0,0
194,-503.590627909089,-0.415980468275178,0.0169248238908996,0.0910891656715945,0.0132120485091544,0.00512644167941834,-503.535519548296,-0.399914386847822,0.145386235068502,0.0811591842686368,0.0109493578057482,0.00474469914209542,-500,0,0,0,0,0,0,0,-1.04487933027246,-0.29510700687918,-0.765242384346546,0,0,0
195,-503.500419246866,-0.40291598729718,0.0215632390473667,0.0893278235844554,0.012916914394212,0.00415107821355876,-503.442318607844,-0.461483558943224,0.0123316584916036,0.0793426612201761,0.0162900223068249,-0.00501405730052716,-500,0,0,0,0,0,0,0,-1.04962890632958,-0.706035112796042,0.476742413069509,0,0,0
196,-503.411840725146,-0.390352099498913,0.0258351243868275,0.0878295410320168,0.0122108622523061,0.00439324104854866,-503.468210430638,-0.305729437577872,0.0350977483363706,0.102744815272443,0.017193828405194,-0.0029739094663057,-500,0,0,0,0,0,0,0,-3.33806066596805,-1.10792396536366,0.227195449957829,0,0,0
197,-503.325903457596,-0.378695231910005,0.0304781028035393,0.0840454537376352,0.0111028735726385,0.00489449529333075,-503.297986163212,-0.337336921095168,-0.0359660579951077,0.082113321346412,0.0147383831248813,0.0138571163497732,-500,0,0,0,0,0,0,0,-1.61535980821666,-0.799164470297798,-1.31377951898711,0,0,0
198,-503.243076931143,-0.367991962387201,0.0346874424278893,0.0816070499034994,0.010303666127741,0.00352523891869694,-503.035550805222,-0.583131334863345,0.161678134337653,0.0903007171875471,0.00620394846161965,-0.00767073174471695,-500,0,0,0,0,0,0,0,-2.95897010830983,0.545867823564724,0.443716905796389,0,0,0
199,-503.163152720315,-0.357415390995657,0.0385355971254723,0.0782419060218077,0.0108494785662794,0.00417262296456022,-503.145157132816,-0.486493701883519,0.0279869600586117,0.0813417690784525,0.0130342688228882,-0.00316484035916161,-500,0,0,0,0,0,0,0,-1.84386264221405,-0.330439478521784,0.260510115798938,0,0,0
200,-503.086068475744,-0.34673114988645,0.0428233249691234,0.0759268943548669,0.0105190044494386,0.00440382595551225,-503.018762482283,-0.222344287999987,-0.0529307364941567,0.0771052046954507,0.00610927290959334,-0.00276583279831921,-500,0,0,0,0,0,0,0,-1.67299550497845,-0.166238714959359,0.382444752820234,0,0,0
201,-503.011201480841,-0.336295280572711,0.0473857126934098,0.0738074496511782,0.0103527355049278,0.00472182565700163,-503.064992019488,-0.346491615601818,-0.0355706420099512,0.0695526146512932,0.0139126868933834,-0.00605071025320199,-500,0,0,0,0,0,0,0,-0.825277426153794,-0.698285458134707,0.676212309340101,0,0,0
202,-502.938006921069,-0.32629169373328,0.0523174399977531,0.0725820801718145,0.00965443912824524,0.00514203073506481,-502.77191426206,-0.277654183848744,-0.0107014936902387,0.0718606317025908,0.0112692785348796,0.0117146314075224,-500,0,0,0,0,0,0,0,-1.64223464613847,-0.571619485790473,-1.15006015337176,0,0,0
203,-502.866639121244,-0.316923085870913,0.0568721232116224,0.0701530725378774,0.00908277746555702,0.00396838365870555,-502.892198850154,-0.282280463421751,-0.015641558269288,0.0519710462866023,0.011551433126239,0.0147049838454086,-500,0,0,0,0,0,0,0,0.587293071647974,-0.5905823857804,-1.43921526800228,0,0,0
204,-502.796648026414,-0.308135600088369,0.0598645897102327,0.0698282519232174,0.00849219500053101,0.00201646454114068,-502.856863058731,-0.252592125785535,0.0601492222459031,0.0603739779399366,0.0097981827985241,-0.0170640202644882,-500,0,0,0,0,0,0,0,-0.323671676532586,-0.47463402828134,1.58610358195701,0,0,0
205,-502.727086079939,-0.299880719070505,0.062481355154746,0.0692964701263713,0.00801756750686071,0.00321709494995071,-502.609548336595,-0.46743714902217,0.069515665710859,0.0871487485937869,0.00279213850335376,0.00066718644667652,-500,0,0,0,0,0,0,0,-3.49577818618955,0.655660447708965,-0.20574997608937,0,0,0
206,-502.659801525403,-0.291535357333601,0.0657865277794195,0.0652729163953525,0.00867315654197736,0.00339514811754049,-502.701634088464,-0.255880317023431,-0.0980783153467182,0.0629697294957495,0.000789762706670014,0.000215197525625596,-500,0,0,0,0,0,0,0,-0.893704772647398,0.432784363379861,0.174636878130877,0,0,0
207,-502.595229569737,-0.282645817173917,0.0691637941664763,0.0638711577936986,0.00910592451357501,0.00335987932896853,-502.556284245012,-0.111453169523943,-0.00810023673575114,0.0720906655306188,0.00150440994759904,0.0020274067583769,-500,0,0,0,0,0,0,0,-2.09649806303794,0.0724653442879811,-0.186540202366187,0,0,0
208,-502.532685659024,-0.273503682189259,0.072469334343773,0.0612167876442132,0.00917834651416404,0.00325236798348261,-502.738778062576,-0.437453216121215,0.222369050778065,0.0583612708184863,0.00528604373704396,-0.0260058435125492,-500,0,0,0,0,0,0,0,-0.358570956697332,0.346302058538034,2.15584624969879,0,0,0
209,-502.471680474153,-0.264152179913551,0.0766105154525207,0.0607947150087516,0.00952465908262787,0.00502996457272309,-502.602157507818,-0.172647128153575,0.0189632956550991,0.0444912071010578,0.0156660069855669,0.00307340196591378,-500,0,0,0,0,0,1,0,0.755194305530996,-1.22130644224954,-0.345266787901576,0,0,0
210,-502.410841400276,-0.255238168233146,0.0811837571748125,0.06088312382923,0.00830336487431794,0.00411621611721091,-502.567985535232,-0.32609662947127,0.121056022897789,0.0606069376635613,0.0139040364096704,0.00372315561877617,-500,0,0,0,0,0,1,0,-0.924722695893097,-0.738210382024498,-0.614427607673194,0,0,0
211,-502.350763093116,-0.247303920624975,0.0849065902183733,0.0592732505545366,0.00756513101138212,0.00333005697044109,-502.383716688598,-0.26484610204811,0.142227824521279,0.0659261304536698,0.0153815173309236,0.0030478142708479,-500,0,0,0,0,0,1,0,-1.82517966817055,-1.00845952899614,-0.589237076127348,0,0,0
212,-502.292730234225,-0.240243040455136,0.0879624012801535,0.0567923546545343,0.00655663024858978,0.00278263855055361,-502.134234016571,-0.108864878537427,0.0897281430423655,0.0633725222804775,0.0138854596015846,0.0130959155777343,-500,0,0,0,0,0,1,0,-2.06878419490612,-1.17081620308361,-1.48904784385816,0,0,0
213,-502.23740247593,-0.234271845494395,0.0900651923611292,0.0538626146373907,0.00538576058584435,0.00142425530081436,-502.147733547397,-0.160007033451958,0.113420877746058,0.0673677162714178,-0.0102773134791435,-0.00503940219043882,-500,0,0,0,0,0,1,0,-2.44130453234875,1.34774541481826,0.277098463551765,0,0,0
214,-502.184979231881,-0.228212235855879,0.091715632707001,0.0509842938715902,0.00673345958014023,0.00187790789241893,-502.168959009059,-0.273401841209114,0.200562028972818,0.0442593780327115,0.00940463967971492,-0.0165498886447102,-500,0,0,0,0,0,1,0,-0.0880197851534996,-0.393660285553264,1.25386480652538,0,0,0
215,-502.134174265033,-0.221675602622367,0.0940198482439158,0.0506262727233914,0.00633980780635159,0.00273045982003128,-502.18155282551,-0.353441066554658,-0.0572799949985874,0.0590421530788158,-0.00905492848784438,-0.00854420089600704,-500,0,0,0,0,0,1,0,-1.54110965686082,1.61237498189375,0.968980079597879,0,0,0
216,-502.08446503004,-0.214529619079381,0.0972106249321863,0.0487928662109153,0.00795215999016629,0.0036518189738709,-502.187602838321,-0.00957853640440523,0.203249297324947,0.050759665783461,0.00182542393509512,0.00611054906007421,-500,0,0,0,0,0,1,0,-0.700760901703473,-0.163385320700702,-1.01755350065731,0,0,0
217,-502.036416084876,-0.206659163318798,0.100260111515905,0.0473045581735064,0.00778875235907355,0.00244769591583249,-502.122180207769,-0.212981106585111,0.0579352920673264,0.0438421690134198,0.00685768583763093,0.0238323548712619,-500,0,0,0,0,0,1,0,-0.139856485803597,-0.259806370592871,-2.49910607126084,0,0,0
218,-501.989762046649,-0.199000326280099,0.101320704413615,0.0460022158417141,0.00752892272526553,-0.000326069863748502,-501.943881829477,-0.247693643480735,0.00810258740395332,0.0249122457264292,0.0154357174716464,-0.00414553235033275,-500,0,0,0,0,0,1,0,1.39653908631095,-1.04818446020317,0.398348060225368,0,0,0
219,-501.943320018305,-0.191995479956528,0.100830166637749,0.046881843353347,0.00648076938631299,-0.000655731053020636,-501.880649296142,-0.210566079339882,0.0829981098442105,0.0407080254674279,0.0062549657143761,0.00464193245095086,-500,0,0,0,0,0,1,0,-0.309503954459484,-0.204364412757845,-0.630189464783507,0,0,0
220,-501.896950386737,-0.185616898892918,0.0997149142691593,0.0458571081379744,0.0062763936349642,-0.00157448069697863,-502.02104568296,-0.0354445522100474,-0.0204828401171421,0.0370597726394553,0.0183581139586148,-0.00880358594642348,-500,0,0,0,0,0,1,0,0.3361141019748,-1.76492229144139,0.921324274876632,0,0,0
221,-501.851104977534,-0.180222959791176,0.0983560113299598,0.0458341177841536,0.0045114855956083,-0.00114356639204671,-501.863526991689,-0.532055183037087,0.249738385028013,0.0653178084677488,-0.000785803490071357,0.00608938757980285,-500,0,0,0,0,0,1,0,-2.80472686339686,1.14269071508131,-1.10841552803631,0,0,0
222,-501.807051784239,-0.175140161827565,0.0968257868604598,0.0422720355484472,0.00565411129234414,-0.00191523941851768,-501.68785697203,0.00892093662249446,0.166436354172293,0.0488597797813736,0.0238718194055913,-0.00210414329288954,-500,0,0,0,0,0,1,0,-1.51026403407684,-2.40502381380411,-0.122458379055632,0,0,0
223,-501.765813125691,-0.170688578517801,0.0948483902490064,0.0402053924285132,0.00324905635507706,-0.00203870868183942,-501.619570653037,-0.186632858571391,0.125255007691336,0.033814626300834,0.0015146655295912,-0.011226199590883,-500,0,0,0,0,0,1,0,-0.142321324010334,0.221799164183662,0.872109943705627,0,0,0
224,-501.725855588181,-0.167328620771301,0.0930639722827942,0.0397101291666549,0.00347085982448621,-0.00153011738860132,-501.781171974867,-0.101486283908595,0.0377312567846295,0.043978723212645,-0.0128486763491832,0.00622839711683924,-500,0,0,0,0,0,1,0,-0.835528371530288,1.48784020273551,-0.698302225253184,0,0,0
225,-501.686921675305,-0.163113852749608,0.0911128109485208,0.0381574253492687,0.00495867764194895,-0.00237163161725185,-501.676427919999,-0.117449942234947,0.142155223265893,0.022461765308996,0.000739748288600766,0.00544556044464973,-500,0,0,0,0,0,1,0,1.10667930909808,0.160925055609818,-0.828866490996758,0,0,0
226,-501.648616642517,-0.158074704927432,0.0880179222319105,0.0384520492138182,0.00511961798475624,-0.00381855391930741,-501.733680701832,-0.0762829734917538,-0.0159403601132259,0.0299715662290709,0.000112227719382157,0.00235677848105974,-500,0,0,0,0,0,1,0,0.470204780756543,0.141343175045292,-0.203797127879523,0,0,0
227,-501.610249203693,-0.15288441193478,0.0838567886167605,0.0382826425926971,0.00526096886839541,-0.00450387110649364,-501.619700175282,-0.0532371222933292,0.0342287876820102,0.0531292475029022,0.0122854123820746,-0.00494055662156325,-500,0,0,0,0,0,1,0,-2.07352439972613,-1.1220669936208,0.425598086792304,0,0,0
228,-501.573204582043,-0.148184495687335,0.0796324164744285,0.0358070744532167,0.00413886400823771,-0.00394381163934643,-501.466590016734,-0.201879456831009,-0.0258983741939645,0.0342785302002734,0.00290830419143157,0.00105373428623238,-500,0,0,0,0,0,1,0,-0.494672986559993,0.112928494518861,-0.0535766802353091,0,0,0
229,-501.537930072209,-0.143989173121474,0.0755412708572188,0.0347419645506698,0.00425178219864546,-0.00423816673071387,-501.566238480244,-0.0406976282606373,0.0999569891756296,0.0148781474261359,0.0133241575227718,-0.0176489214487563,-500,0,0,0,0,0,1,0,1.64466221787352,-1.25102049575591,1.56497816652437,0,0,0
230,-501.502481535649,-0.140362878692407,0.0716703680341568,0.0361556737586194,0.00300080732685363,-0.0035046379722814,-501.543264687773,-0.263675236868322,0.0994926884817578,0.036304043515681,-0.00188740809251856,-0.000404830426674934,-500,0,0,0,0,0,1,0,-0.543874976022577,0.716091282988499,-0.158502334296022,0,0,0
231,-501.466894298176,-0.137004031900355,0.06797311876589,0.0350187741936747,0.00371688646515779,-0.00388950900322937,-501.487540517464,-0.104596246424056,0.0785410557441811,0.058110645860009,0.00571468253769479,-0.0023846465082386,-500,0,0,0,0,0,1,0,-2.83598355107364,-0.362275760921368,0.0813825393354978,0,0,0
232,-501.433522029187,-0.133468311768467,0.0642991744646185,0.0317261683473183,0.00335455481166305,-0.00345688603345273,-501.51818482134,-0.179989415586693,-0.00819535128491113,0.0387088773649963,0.0137616047912348,0.00872207163076449,-500,0,0,0,0,0,1,0,-0.83451809381915,-1.01618164795009,-0.855816460506627,0,0,0
233,-501.402593009097,-0.130621859988395,0.0603540101182192,0.0301315308842891,0.00233834950968035,-0.00443284651508269,-501.351951750644,-0.192805543398902,0.0531724014828347,0.0146737183645239,0.0027188061088096,-0.00642051006502392,-500,0,0,0,0,0,1,0,1.23653166483525,0.113730475916845,0.535706203536723,0,0,0
234,-501.372080505502,-0.128226630982625,0.0558420856545049,0.030893567182107,0.00245210904060043,-0.00459165599545142,-501.309562905058,-0.156115612088201,-0.0254099147978669,0.0243867112656468,0.0191539728035309,-0.00451796588757192,-500,0,0,0,0,0,1,0,0.180454683551297,-1.60316605617669,0.502616418352926,0,0,0
235,-501.341320220735,-0.126576101765048,0.0512891564515231,0.0306272194160819,0.000848950699477495,-0.00451430979957601,-501.166915123939,-0.0456557773126089,0.027523961896775,0.0364261426297246,0.00708176621165739,-0.0132191534975449,-500,0,0,0,0,0,1,0,-1.30878401509544,-0.616865066540521,1.26686742596094,0,0,0
236,-501.31144641119,-0.126035591849145,0.0473746131326544,0.0291212100050708,0.000232069910055673,-0.00331422797909764,-501.336003120462,-0.053487996674765,0.0920154856976364,0.0245228435739135,-0.0153036702333637,-0.00574499695130515,-500,0,0,0,0,0,1,0,0.219721883531877,1.6373430166859,0.390468723735243,0,0,0
237,-501.282451601137,-0.124984847317121,0.0440405284580265,0.0288685653642978,0.00186942050719563,-0.00335405295736579,-501.158930641208,0.0395726240495072,-0.0478027551163504,0.0414702798857946,0.00948005362574575,0.00609329860667758,-500,0,0,0,0,0,1,0,-1.8291667061634,-1.02715061067359,-0.513724350435057,0,0,0
238,-501.254815726385,-0.123629022993149,0.0404962469090026,0.0264031594250967,0.000842229206488326,-0.00373345367228317,-501.185760045775,-0.192954018104761,0.0265141963272928,0.0425760438014506,-0.00883464853260876,-0.0252851940925737,-500,0,0,0,0,0,1,0,-1.88608428859427,1.2693728894704,2.47549101660279,0,0,0
239,-501.229282504882,-0.12215211627176,0.0380258998446459,0.0246647892815077,0.00211158475725348,-0.00120656930270546,-501.004451230122,-0.165291248389858,0.055051784860024,0.0296676684330446,-0.00684742896546681,-0.0117127743881174,-500,0,0,0,0,0,1,0,-0.957864383060317,1.0153253933264,1.06117386909169,0,0,0
240,-501.2052206533,-0.119532874401027,0.0372803501745992,0.0234595726484308,0.00312689974212886,-0.000284139489856616,-501.159679097447,-0.177645000778612,-0.0896434644949525,0.0178849103634474,0.0112822685708911,-0.000499210058881217,-500,0,0,0,0,0,1,0,0.530867158548915,-0.772936855531883,0.229207934878027,0,0,0
241,-501.181753381736,-0.116792437102165,0.0368611801853094,0.0234750020081419,0.00235397534624006,-0.000554450276920027,-501.18392503585,0.0222060055505198,0.118106145860591,0.0111067752729373,-0.00157237091936926,-0.00240030538536267,-500,0,0,0,0,0,1,0,1.25717254440706,0.112825080835887,0.00381824681508564,0,0,0
242,-501.157950124895,-0.114382036894926,0.0359663104956432,0.0241313263685565,0.00246682553195358,-0.00123587648286072,-501.092053977619,-0.00511582958129921,0.0727383457083229,0.017108031461861,0.00221579834033798,-0.00158767799374,-500,0,0,0,0,0,1,0,0.473304809052134,-0.2113481748712,0.0132911079573539,0,0,0
243,-501.13386773914,-0.112020880941362,0.0344967704695392,0.0240333727585392,0.00225548690852816,-0.00170339759819438,-501.149712342169,-0.0869334823163786,-0.0544114155182138,0.00956820409560576,-0.00408905027327398,-0.0174283115657284,-500,0,0,0,0,0,1,0,1.34260427477682,0.582771991960155,1.85165398760927,0,0,0
244,-501.109219854582,-0.109473987439768,0.0333294273122449,0.0252631344261923,0.00283830084784296,-0.00063217498490209,-501.265014411426,-0.0976035440038811,-0.0138019170011723,0.031764500287173,0.0181244709366159,0.00207359120670824,-500,0,0,0,0,0,1,0,-0.646421205864456,-1.61724000565383,-0.17975528666848,0,0,0
245,-501.084569755293,-0.107444314171477,0.0325176671449314,0.0240370490947059,0.00122104647887639,-0.000990946382283475,-501.009625547356,0.0238981474993256,0.257812957680549,0.0150972829800708,0.00791806779641456,0.0136731884621799,-500,0,0,0,0,0,1,0,0.509522796704343,-0.839603074640107,-1.88294476157909,0,0,0
246,-501.060817447484,-0.106643072339758,0.0303729212632071,0.023466529362125,0.000381438139975505,-0.00329848691206935,-501.101842845525,-0.143997686535042,0.192769300962158,0.0379760246522013,0.0161490713247924,-0.00535212179641618,-500,0,0,0,0,0,1,0,-1.59391677416916,-1.32691175940915,0.149673577717301,0,0,0
247,-501.03837798045,-0.106925105771158,0.0271827827699378,0.0214126946903694,-0.000945504187508858,-0.00308095058839086,-500.998645008673,-0.00139547363118674,0.0321953829539889,0.040515755069221,-0.0266577016775386,-0.012465983264318,-500,0,0,0,0,0,1,0,-2.05428548957643,2.66856111501623,1.18220756052382,0,0,0
248,-501.018073603811,-0.106536345614183,0.0247719561284811,0.0191969361698286,0.00172302564100766,-0.00173977858485952,-501.042845774998,0.135287463798076,0.0751192861060204,0.0354403638387549,0.00341235844483392,-0.00784194636064602,-500,0,0,0,0,0,1,0,-1.45834483387858,-0.611810772079544,0.633956063852561,0,0,0
249,-500.999769887695,-0.105119237691109,0.0233603932246464,0.0174110136152533,0.00111119097509331,-0.00108265096809856,-501.056890213214,-0.206684359526636,0.125185461932321,-0.00450355087271162,-0.00702622787522718,-0.000276531391386446,-500,0,0,0,0,0,1,0,2.5641355136996,1.11599150657599,-0.222717784725997,0,0,0
250,-500.981431950155,-0.103450026750599,0.0216482454551793,0.0192643746923666,0.00222723179639441,-0.00234285283050972,-501.043558974009,-0.385122965695688,0.0157074740416039,0.0210011035963148,0.0068889578160842,-0.00246215895329677,-500,0,0,0,0,0,1,0,-0.0129924116136215,0.081350149782955,0.214800947246469,0,0,0
251,-500.962421821528,-0.101182119234091,0.0192348724858177,0.0187559830320371,0.00230858344817439,-0.00248386361523412,-501.043280515539,-0.282835333446393,-0.0243158057609342,0.0313345696434121,-0.00185646154070853,0.00192845497534634,-500,0,0,0,0,0,1,0,-1.04689593326245,0.751316820963639,-0.144213886012765,0,0,0
252,-500.944466152591,-0.09849788896204,0.0166497607687254,0.0171554222317698,0.00305987820598957,-0.0026857628330651,-500.810635062708,-0.222414935440021,0.0935782924622663,0.0307731351565363,0.00398222820424422,-0.00651064079029146,-500,0,0,0,0,0,1,0,-1.45604339023695,0.0466070504556191,0.463907494104614,0,0,0
253,-500.92822378656,-0.0954147200375314,0.0142131833460048,0.0153297449519984,0.00310646002139212,-0.00218667288533159,-500.867833379261,-0.20915724220546,-0.0514060555315215,0.0104652401647368,0.0133089407270771,-0.00215667660065911,-500,0,0,0,0,0,1,0,0.689142742048011,-0.912579588296795,0.318479771128954,0,0,0
254,-500.912795042641,-0.0927645419522206,0.0119115905655369,0.01552779653002,0.00219389678430248,-0.00241685117913881,-500.884962699333,-0.0642632439469272,0.0280439154920804,0.0147924158654184,-0.0116221340633109,-0.0108942471036053,-500,0,0,0,0,0,1,0,0.290683812124305,1.29073989422494,1.03333687937637,0,0,0
255,-500.897260403747,-0.089925268281397,0.0097774612446271,0.0155419500575959,0.00348465094285534,-0.00185165022574618,-500.91165751588,-0.0369250342632843,-0.00203056380866736,0.00692228470208199,0.0183740907245487,0.00508467051433482,-500,0,0,0,0,0,1,0,1.13108656155145,-1.7635590039283,-0.504405923816147,0,0,0
256,-500.881520572397,-0.0873223884064817,0.00735236608711925,0.0159372881702243,0.00172111036150476,-0.0029989801596626,-500.701348032837,-0.0777212231898606,0.0966826186783925,0.0191688588231429,-0.00643993399224179,-0.00504825285755432,-500,0,0,0,0,0,1,0,-0.514189816640484,0.7994358456039,0.311460048398647,0,0,0
257,-500.866062650942,-0.0852015643179354,0.00440010268404493,0.0149787777689546,0.00252053850458382,-0.00290528317943661,-500.742227611824,0.00519789547408318,0.0364924615988882,0.0144972429368991,0.00315078239945273,-0.00535279407035188,-500,0,0,0,0,0,1,0,0.0347309299581551,-0.32547403089344,0.462294483837412,0,0,0
258,-500.851277960533,-0.0828437612452334,0.00153779046135041,0.0145908232251012,0.00219506895397887,-0.00281937334797366,-501.033104117956,-0.108899939299301,-0.129857021143532,0.0109756449255368,0.00652037099335635,-0.00401261677171412,-500,0,0,0,0,0,1,0,0.968643743358401,-0.434237220737033,0.660975719458476,0,0,0
259,-500.836404521931,-0.0808657989569294,-0.00127474490878653,0.0151562367767911,0.00176085647053046,-0.0028062226550869,-500.932539271597,-0.103452844353106,-0.118609892927996,0.0202174273790358,-0.0120641958383221,-0.0140072419141983,-500,0,0,0,0,0,1,0,-0.156664194710107,1.41332527253842,1.63794397727582,0,0,0
260,-500.821366995686,-0.0783982747725597,-0.00344824459557987,0.01491964986895,0.00317419203534055,-0.00154088423951249,-500.817134619549,0.108595720801736,0.031908488584725,0.0238661264797567,0.0302584043371879,0.0124104786842421,-500,0,0,0,0,0,1,0,-0.752343408877799,-3.24303187532226,-1.30486484559366,0,0,0
261,-500.807266030269,-0.0768456114578316,-0.00568344913433961,0.0132817338537096,-6.88655361029829E-05,-0.00292890186712536,-500.628090810869,-0.265790414519379,-0.306212116129654,0.0274755493841937,0.00635791347590623,-0.00931752247521583,-500,0,0,0,0,0,1,0,-1.49137331668087,-0.104210518551865,1.54417647978089,0,0,0
262,-500.794753892138,-0.0769665913527609,-0.00783401640935396,0.0117435269834486,-0.000173093150159177,-0.00137166224300478,-500.774719258851,-0.147754793650369,-0.120277791933176,0.0196143004128691,-0.0131673253950219,-0.00647036242592203,-500,0,0,0,0,0,1,0,-0.411991523585012,1.61224212680293,0.887591826458555,0,0,0
263,-500.783353438319,-0.0763335643022488,-0.00889426866559233,0.0110578785081333,0.00143914802716252,-0.000748714172232545,-500.763968735348,-0.0544989542562154,-0.177017153055206,0.00667208194753434,0.0102501225719806,0.00470634644048717,-500,0,0,0,0,0,1,0,0.860729275942882,-0.91601434868563,-0.116600337938304,0,0,0
264,-500.772171153481,-0.0753524157432549,-0.00999446479765514,0.0113065002860426,0.000523149892263331,-0.00145203427803686,-500.711107302007,-0.231076279606906,-0.197214771492309,0.0143282908828708,0.0102122600801069,0.00115736383701094,-500,0,0,0,0,0,1,0,-0.0106144842734073,-0.559073448796878,0.278693159283525,0,0,0
265,-500.761101341771,-0.0751088019179389,-0.0114845632328366,0.0108332583748591,-3.59214798860874E-05,-0.00152814539642465,-500.727030662286,-0.0210631872804341,-0.0582366286120453,-0.000864655395492849,-0.015316959993866,0.000200410129001053,-500,0,0,0,0,0,1,0,1.54052686412046,1.57382237394746,0.0964322443239854,0,0,0
266,-500.749788025939,-0.0743577967507255,-0.0133615854525823,0.011793187307093,0.00153793241132245,-0.00222661900840737,-500.805445133667,-0.0515571176906224,0.120922197038335,0.025496828772748,0.00211661609822699,0.00317266415300175,-500,0,0,0,0,0,1,0,-0.938792609940843,-0.108547374441455,-0.559110809376846,0,0,0
267,-500.738796799787,-0.0728741497472061,-0.0158943710615774,0.0101891215072644,0.00142936173240927,-0.00283835084246753,-500.788895434333,-0.0950738462457734,-0.111072859605372,-0.0125583056103837,-0.000486900764456988,-0.010591840388286,-500,0,0,0,0,0,1,0,2.833621429705,0.238837768937246,1.28132975803935,0,0,0
268,-500.727337953038,-0.0713253360622947,-0.0187040288707072,0.0127287772287251,0.00166826651390173,-0.00278250658243495,-500.466574574792,-0.0417576449853399,-0.0147523238809663,0.0217296018466526,-0.00213183043420057,-0.0141643694254646,-500,0,0,0,0,0,1,0,-1.23981103508127,0.296698333390737,1.44594159030839,0,0,0
269,-500.715263264709,-0.069508727110441,-0.0207904700563129,0.0114214974973618,0.001964951964644,-0.00138992259385229,-500.706324928976,-0.0966679396446433,-0.0784667451093925,0.00305117434930362,-0.00326002879130925,-0.000578147527888787,-500,0,0,0,0,0,2,0,1.10753242302213,0.519338758420212,0.214748243007664,0,0,0
270,-500.703550664207,-0.0672840944655738,-0.022414719040929,0.0120036374567578,0.00248431457099217,-0.00185909885142199,-500.631808905757,-0.0489064206606731,-0.0932193890863978,0.0186630679255794,0.00140455385194498,-0.00523010203122152,-200,0,0,0,0,0,0,1,599.397311018956,-0.0426425438731516,0.709448981294947,0,0,0
271,-500.405191375057,-0.0648151212350617,-0.112000791816153,0.584624395405013,0.00245363282351713,-0.17760940329046,-500.296640284729,-0.214315631805705,-0.384681154735115,0.581577632903668,0.0219555963866453,-0.177554678212595,-200,0,0,0,0,0,0,1,542.435517279091,-1.76692837505311,18.5248301307298,0,0,0
272,-499.559082372361,-0.0632394678707314,-0.361331848059942,1.10752002766549,0.000697675077801014,-0.321323076908679,-499.421813986231,-0.147417677694843,-0.315549965243209,1.12427116036695,0.00513126251025376,-0.321461175500738,-200,0,0,0,0,0,0,1,486.416511935766,-0.21829089563569,32.7772174805602,0,0,0
273,-498.214956010183,-0.0626459536268934,-0.740109217976075,1.58067422386096,0.000489354262851371,-0.436476065753813,-498.238674486796,0.0186613848809625,-0.694696436069046,1.60436580703549,0.0055877460591005,-0.411752395876876,-200,0,0,0,0,0,0,1,436.040768270043,-0.596097375671975,42.5646324598257,0,0,0
274,-496.420459080473,-0.062450125622434,-1.2226370553891,2.00827325891699,-9.76976026942727E-05,-0.528800242763456,-496.396746253633,-0.12687704368559,-1.26780040012793,2.00648859599532,0.00524611887211171,-0.524335872219405,-200,0,0,0,0,0,0,1,392.144632907735,-0.270857799839991,54.9691880221964,0,0,0
275,-494.217615570349,-0.062679116720734,-1.7857054302339,2.39737982842137,-0.000360283788536237,-0.597537043827486,-494.356657403016,-0.187435139042705,-1.8094720379482,2.39951162150666,-0.00569535039530632,-0.596771570677922,-200,0,0,0,0,0,0,1,348.762152655366,0.944405317616041,63.2961011436886,0,0,0
276,-491.645230574808,-0.0625634612045139,-2.40766967769069,2.74736662442017,0.000591596089051569,-0.646571594756341,-491.677143765709,-0.10874876356427,-2.31014720729236,2.73194850382067,0.00220457078741562,-0.651401984088475,-200,0,0,0,0,0,0,1,310.159437149352,-0.00295955161302172,69.7604928234322,0,0,0
277,-488.740380047658,-0.0619699666716938,-3.07034996342288,3.06231967792974,0.000595394124860412,-0.678950858128354,-488.770368008681,-0.1079391937182,-3.01638785868971,3.06360613556036,0.00824900343409832,-0.694355341228419,-200,0,0,0,0,0,0,1,271.180122461325,-0.609021955973433,75.4683098402213,0,0,0
278,-485.538355380816,-0.0616760710558221,-3.75732261487463,3.34172341732587,-7.6009347156321E-06,-0.695137826591834,-485.507069705099,-0.10669448644702,-3.80265740932979,3.33658129404139,-0.00762174403091694,-0.714928480159974,-200,0,0,0,0,0,0,1,237.35601000606,0.975563375985735,79.098162834657,0,0,0
279,-482.07252644626,-0.0611931998526042,-4.45408860262562,3.58993494846064,0.000973344448538139,-0.698521296390429,-482.079441377921,0.147215640870088,-4.30684503911191,3.594924475866,0.00125066681807801,-0.678761956837074,-200,0,0,0,0,0,0,1,204.666435169241,-0.419497963547977,76.4898857619312,0,0,0
280,-478.374459738643,-0.0604272505750201,-5.1509244330242,3.80620250072092,0.000558555135426844,-0.695260919383678,-478.493943945375,0.144338960022539,-5.11652853464218,3.82482179657557,0.00819022232302161,-0.686250462069654,-200,0,0,0,0,0,0,1,174.505708233193,-1.10770015234724,78.8581032762498,0,0,0
281,-474.47412566186,-0.0604204825864959,-5.83913214047609,3.99447531097593,-0.000545018523887806,-0.681250513188954,-474.573093008214,-0.135361812951356,-5.98215582450952,3.99027928803914,-0.0167604938507222,-0.668369735755914,-200,0,0,0,0,0,0,1,150.118257212513,1.94677301097493,78.8012852246104,0,0,0
282,-470.397114994103,-0.0599902952506556,-6.5099365906066,4.15955925162796,0.00140539410641873,-0.6604423633759,-470.300547296176,-0.0663642864327182,-6.49178930454502,4.1555646388345,-0.0111491851556019,-0.679893501306806,-200,0,0,0,0,0,0,1,125.044630708901,1.24764708842563,80.9729287397707,0,0,0
283,-466.166588879789,-0.0579594992276411,-7.15532621037099,4.30151100292427,0.00265619850533702,-0.630408847816591,-466.082438341357,-0.0623301501363925,-7.29124164481102,4.30045057366876,0.0135925909950421,-0.646178661585988,-200,0,0,0,0,0,0,1,102.119819315838,-1.23459879923142,79.2003494482209,0,0,0
284,-461.805240763234,-0.0559192578648224,-7.76823404811919,4.42120581842789,0.00142428526860076,-0.59546726608674,-461.701314630844,0.0109445571822209,-7.82257635285217,4.46002160634087,-0.00891158414281558,-0.608104997190012,-200,0,0,0,0,0,0,1,77.4004686276018,0.869269299917116,76.4556524247055,0,0,0
285,-457.336320348626,-0.0540592533819377,-8.34389311748538,4.51665799879758,0.00229572461372478,-0.555898783426712,-457.229417723565,-0.0597820653598613,-8.38903364468717,4.51305596082891,0.00675001105595219,-0.549104028447392,-200,0,0,0,0,0,0,1,63.1532393642386,-0.555436974875496,71.6884701341135,0,0,0
286,-452.779390358249,-0.0520403239641874,-8.88020118067944,4.59722476702929,0.00174213447813914,-0.516757538620682,-452.678114474302,-0.0219749600241455,-8.93006229733711,4.60858290825684,-0.00651159080599694,-0.540503779975019,-200,0,0,0,0,0,0,1,44.4979381229194,0.695109000647986,71.9105025921761,0,0,0
287,-448.15066237345,-0.0499498972266866,-9.37450113851143,4.660256932823,0.0024387200543052,-0.471873517275067,-448.374882026683,0.00893519222783051,-9.38111633928495,4.66008474006128,0.0117081158555836,-0.472364901045479,-200,0,0,0,0,0,0,1,30.7412900472372,-1.18868197001402,65.9987227831178,0,0,0
288,-443.466280859918,-0.0481049417194946,-9.82468903259858,4.70853103317579,0.00125119185231692,-0.42852579194584,-443.384100975879,0.0911870387844632,-9.96434473469561,4.72221727083262,0.00709520555470408,-0.430196834772572,-200,0,0,0,0,0,0,1,14.5464748684965,-0.891894633039335,62.9483729466484,0,0,0
289,-438.741720807657,-0.0472992947556063,-10.2305318588792,4.74061502114674,0.00036010299788973,-0.383175045902589,-438.693046195078,0.00901662862208304,-10.1685068603213,4.73997735823434,0.017194294072958,-0.374278875616885,-200,0,0,0,0,0,0,1,3.38835656672205,-1.73746266453996,57.7649012823311,0,0,0
290,-433.991108063869,-0.0478076530181968,-10.5917920250507,4.76063561377913,-0.00137681889628206,-0.339354256799036,-433.823535635854,-0.0250232439467327,-10.5338324673989,4.76087850734087,0.00217867139765616,-0.341740960764597,-200,0,0,0,0,0,0,1,-8.44077946237832,-0.16782065187215,55.2417610112575,0,0,0
291,-429.226411713448,-0.0492682407890716,-10.9086062600803,4.76878284886295,-0.00154435538329076,-0.294277080835296,-429.279666843854,-0.12327746210652,-10.8826432727005,4.74986912811143,0.00695626986630483,-0.289570982917691,-200,0,0,0,0,0,0,1,-16.4275791234362,-0.449072062417444,50.72238483717,0,0,0
292,-424.457991672716,-0.0510370888013005,-11.1812443237568,4.7680820425604,-0.00199333959229605,-0.250997372228207,-424.361958813505,0.0307887368833466,-11.0914221436395,4.77135000098298,-0.0178297974301923,-0.244359202246261,-200,0,0,0,0,0,0,1,-28.4110824712889,1.72140226925254,46.6187645119051,0,0,0
293,-419.69653108729,-0.0521698201405048,-11.4106591086933,4.75486384783682,-0.00027212209818204,-0.207824110444768,-419.767759312469,-0.0279233242462534,-11.4887253692615,4.76802095012566,-0.00318859442208323,-0.206789359878976,-200,0,0,0,0,0,0,1,-37.2665763876275,0.37470609070083,43.6563867264206,0,0,0
294,-414.952883461482,-0.0522547824987665,-11.5968837872318,4.73245609815712,0.000102198324538002,-0.164612462095875,-414.915760263092,-0.0540711139749584,-11.4703964919432,4.74156944018577,-0.00226119249359666,-0.161396537382727,-200,0,0,0,0,0,0,1,-44.3254234923925,0.334261477309582,39.080446722159,0,0,0
295,-410.235641872908,-0.0519857359680498,-11.7409108886149,4.70205069544523,0.000435895863488597,-0.123424870355588,-410.232808670409,-0.0112892889935729,-11.4776568176101,4.70405421646202,0.00220947911825574,-0.127481033699977,-200,0,0,0,0,0,0,1,-49.9398043053851,-0.198369333838428,35.703417005218,0,0,0
296,-405.551933008687,-0.051649376947046,-11.8444091120722,4.66538993027394,0.000236822944897953,-0.0835515201072423,-405.608524632536,-0.0716754183022102,-11.7805209417785,4.66931968994406,-0.00438963006851888,-0.0826001725763029,-200,0,0,0,0,0,0,1,-55.7149197293347,0.582313843456308,31.8210591411872,0,0,0
297,-400.908171802908,-0.0511218226318328,-11.9088937748538,4.62215445395499,0.000818286221606935,-0.0453944036103119,-400.918290198557,0.0217095585083103,-11.9374460770355,4.60161297017281,0.0163508982930227,-0.0477290647813017,-200,0,0,0,0,0,0,1,-58.3247166201664,-1.67850894631889,28.6477986322011,0,0,0
298,-396.309323669289,-0.0511432556203909,-11.9362375466741,4.57556270006314,-0.000861151339331269,-0.00926803848832053,-396.357083391984,0.0810064471852931,-11.9284639651492,4.58904862513251,-0.00723697026058431,-0.00254756158491386,-200,0,0,0,0,0,0,1,-66.1906957292834,0.561684131687845,24.1116840887898,0,0,0
299,-391.76145712723,-0.0517241268289296,-11.9282672924948,4.52019039156422,-0.000300589866532206,0.0252380933934743,-391.700463877546,0.0817001541652325,-11.9490553006225,4.5106848295051,0.00740445915656785,0.011120282520463,-200,0,0,0,0,0,0,1,-67.667555195418,-0.90384622398725,22.7860823491986,0,0,0
300,-387.269815151661,-0.0524772220272885,-11.8860925144469,4.46311320456884,-0.00120559906909201,0.0591418612107469,-387.194980152497,-0.0628106073070291,-11.7939900035223,4.46543641633807,0.00170336271368838,0.0475586044630756,-200,0,0,0,0,0,0,1,-72.1536813288133,-0.0447150567547796,18.832119560737,0,0,0
301,-382.837952183918,-0.0537058211043395,-11.8110708429689,4.40063124781937,-0.00125159896555339,0.0909346015723863,-382.842235157475,-0.139700785919113,-11.7479516486942,4.39223771891504,0.000252080382487665,0.100132732596733,-200,0,0,0,0,0,0,1,-73.5393015765546,0.25419353358946,13.4826300377152,0,0,0
302,-378.47003629955,-0.0548310018542225,-11.7064640257044,4.33521674116418,-0.000998761731456501,0.118313615954362,-378.384162583574,-0.0601625687811624,-11.7261341032423,4.34052484290096,0.0152310048041046,0.114974552052716,-200,0,0,0,0,0,0,1,-77.2841591229485,-1.40277534284813,11.9548130012129,0,0,0
303,-374.169505177614,-0.0565318733720232,-11.5744896861597,4.26586165338247,-0.00240298057752643,0.145671613451197,-374.209235153242,-0.0421554042046443,-11.5666761820373,4.26595081848749,-0.00376103217602597,0.138918675573013,-200,0,0,0,0,0,0,1,-78.1766115422644,0.460414026011886,9.2414848067733,0,0,0
304,-369.939144016266,-0.0587053891410116,-11.4161854374514,4.19487572107247,-0.00194405008163859,0.170974229693264,-370.011213052278,-0.0767915604104969,-11.4938856623883,4.20895259830383,-0.000732685162383214,0.178848534109856,-200,0,0,0,0,0,0,1,-80.8728337258274,0.226851637059315,5.10291791379111,0,0,0
305,-365.781673139851,-0.0605367995185902,-11.2339827074486,4.12007960555244,-0.00171876964753734,0.193470469334655,-365.782133159021,-0.162926971025601,-11.211495462685,4.11685939112592,-0.00125049211565426,0.176020390473361,-200,0,0,0,0,0,0,1,-80.1216727945495,0.450903153616628,4.82095187803385,0,0,0
306,-361.698648845085,-0.0620308973194377,-11.0294222356124,4.04598235864134,-0.00126942503044842,0.215689321777493,-361.847673555261,-0.0940359017384637,-11.0193580549611,4.04765889250366,-0.000527981585432836,0.212528869651791,-200,0,0,0,0,0,0,1,-81.0705421398442,0.240869962020211,0.78582914474319,0,0,0
307,-357.690791984928,-0.0631806930360507,-10.8042765031809,3.96974302976085,-0.00103016558549283,0.234642036781405,-357.61069457721,-0.0524318556145819,-10.7508450904106,3.96509964970698,-0.000858331216643528,0.246508372163507,-200,0,0,0,0,0,0,1,-81.2885758162771,0.190696832893517,-3.14914703552948,0,0,0
308,-353.759889989486,-0.064116333523027,-10.5618803964566,3.8920708530731,-0.000841115849619316,0.250190749751141,-353.781108025355,0.141495816193365,-10.3942303982159,3.89956497724893,0.0111105938088583,0.268199058676342,-200,0,0,0,0,0,0,1,-82.394281674182,-1.39405101327256,-6.03144507120253,0,0,0
309,-349.90762803687,-0.0656553216195548,-10.3049917582186,3.81246182653433,-0.00223685962291581,0.263628036218187,-349.961180838191,-0.346774165595497,-10.2805825815401,3.8092647453023,-0.00398525834029601,0.244701152798451,-200,0,0,0,0,0,0,1,-81.0041128538472,1.0920741652206,-3.90895011676484,0,0,0
310,-346.133941499047,-0.0673469681266605,-10.0337701200222,3.73492087022032,-0.0011464331034311,0.278855660902426,-346.280985815952,-0.0354666311562719,-9.92224605824745,3.72966009895992,0.00953460880601032,0.275771184158979,-200,0,0,0,0,0,0,1,-80.4040382640877,-0.882527618288488,-7.732626299403,0,0,0
311,-342.438118747559,-0.0689354987634166,-9.74910266171802,3.65673240677476,-0.00203062772029494,0.290519960035874,-342.382352273896,0.023165434781901,-9.81794441159411,3.66341049318554,0.0105408623558693,0.29194129529063,-200,0,0,0,0,0,0,1,-81.5763447707607,-1.10041710515073,-9.55824070587475,0,0,0
312,-338.821317719523,-0.0715171882692332,-9.4533143982168,3.57687682414675,-0.00313275015880113,0.301098061437549,-338.806193279619,-0.14497310666236,-9.73496018657534,3.57672823053373,0.00479143293351299,0.306991475976472,-200,0,0,0,0,0,0,1,-80.0604364941346,-0.189197080026579,-11.2292272244965,0,0,0
313,-335.283915240734,-0.0747453817074205,-9.14786425653785,3.49793433575484,-0.00332363602596347,0.309843210445054,-335.348608302984,-0.111688367126321,-9.25324589999491,3.49341300029746,-0.0184294828843636,0.297712822751272,-200,0,0,0,0,0,0,1,-78.6440834237782,2.066325022689,-11.2647904751374,0,0,0
314,-331.824775264425,-0.0770366858604834,-8.83379997928686,3.42035163753028,-0.00125897184066651,0.318325603048981,-331.746593227135,-0.027724677990603,-8.92524457589433,3.4035282034005,-0.0158159059464565,0.301684417706657,-200,0,0,0,0,0,0,1,-76.8596338857809,1.63703995062685,-12.317952618877,0,0,0
315,-328.442536282215,-0.0774779554709061,-8.5119282350248,3.34413162120203,0.000376434240321737,0.32545741022459,-328.408036893252,-0.105496394392107,-8.47687262046104,3.34619315986983,-0.00594812816421326,0.319396415370957,-200,0,0,0,0,0,0,1,-77.8032422004792,0.80580560520554,-14.9858962961737,0,0,0
316,-325.137394843318,-0.07669945582455,-8.18390333156496,3.26615551999309,0.0011805653033366,0.33063275325314,-325.118274781638,-0.0936541020795578,-8.04285600974365,3.25175500662553,0.00325034389081869,0.35560724971327,-200,0,0,0,0,0,0,1,-74.9389510992765,-0.137726184922753,-19.4750129518397,0,0,0
317,-321.909626646266,-0.0755885811395523,-7.85317841887277,3.1893826106218,0.00104118492554481,0.330856774176218,-321.933830674897,0.0845679311402347,-7.84854516813932,3.18896088018024,-0.00924022472977211,0.331666947007995,-200,0,0,0,0,0,0,1,-75.0284266682301,0.754886610696741,-17.4696043645209,0,0,0
318,-318.758328603255,-0.074170773255893,-7.52115182815005,3.11321624798387,0.00179443198618981,0.33323575364323,-318.861028302743,-0.0651289121505105,-7.60663938556604,3.10181426131992,0.0102357992938087,0.346253535840339,-200,0,0,0,0,0,0,1,-72.4593695265062,-0.89332210507985,-19.4120748129018,0,0,0
319,-315.682310154716,-0.0728238048422476,-7.18797801291474,3.03882214577505,0.000899505660335562,0.333150285546301,-315.584101140058,0.0621335165787483,-7.14978243839114,3.04465131853936,0.00696577792189446,0.335052032447334,-200,0,0,0,0,0,0,1,-73.2969295738201,-0.820844825346942,-19.2056383679511,0,0,0
320,-312.681039844981,-0.0723355316311565,-6.85453483140829,2.96372028522184,7.704160628982E-05,0.33377479107142,-312.762952712881,-0.213812021992528,-6.8025691023031,2.98561665369881,0.00269297808492848,0.326759809414879,-200,0,0,0,0,0,0,1,-73.0357599441191,0.158326235492208,-19.0708427368817,0,0,0
321,-309.754720149292,-0.0721801336312548,-6.5203323071139,2.88892101023584,0.000233754926540876,0.334668768875103,-309.771881207817,-0.188294945205601,-6.37524098033317,2.89973455750402,-0.0034457762865961,0.357099052362278,-200,0,0,0,0,0,0,1,-70.4296933347667,0.721167519070811,-22.9594232755615,0,0,0
322,-306.902635452064,-0.071586591707872,-6.18739326529034,2.8152480921816,0.000953329649972421,0.331247211721113,-306.836077462718,-0.0448143903009769,-6.21547558099476,2.82062443557747,0.0156096460721902,0.333949907363953,-200,0,0,0,0,0,0,1,-68.3902886323114,-1.47133582661706,-20.9640395744058,0,0,0
323,-304.122924176065,-0.0713696983314466,-5.85717522737305,2.74417482960299,-0.000519541954271552,0.329225411675676,-304.261611316347,0.0137531675556644,-5.8331828194302,2.7597537662033,0.00283881887671023,0.330418814807611,-200,0,0,0,0,0,0,1,-67.4521539876364,-0.311388222782352,-21.3755158419007,0,0,0
324,-301.413915440648,-0.0720456949873854,-5.52922405631526,2.67384272961121,-0.000832450609178093,0.32671305833342,-301.461904668697,0.0756430699615845,-5.53068037574073,2.66442207631433,-0.00574627859997776,0.311451837701856,-200,0,0,0,0,0,0,1,-63.5183982940394,0.423341720074607,-20.0838230187042,0,0,0
325,-298.773169562296,-0.0726671909393697,-5.20374979412342,2.60764911406124,-0.000410540278955769,0.324269481199922,-298.703445785955,-0.0394061038487537,-5.24314094440308,2.59121638692975,-0.00176486556953092,0.330388521713753,-200,0,0,0,0,0,0,1,-61.7147471210648,0.2552987646506,-22.5525702825691,0,0,0
326,-296.198198199109,-0.0729507900987749,-4.88208734749879,2.54229230267905,-0.000156657158761779,0.319088963569639,-296.119378845875,-0.0299060798897913,-4.83676392849941,2.5429292248509,0.00136090944415277,0.323821466905966,-200,0,0,0,0,0,0,1,-62.05416479334,-0.076278784635694,-22.7086188335978,0,0,0
327,-293.688773745387,-0.0731462989659091,-4.56551907603793,2.47655534916521,-0.00023435963651097,0.314081271763771,-293.797836907844,-0.204613471873411,-4.6527456589945,2.47478796423565,0.00300569567394183,0.320930664093868,-200,0,0,0,0,0,0,1,-59.883122607876,0.10865737635264,-22.7875750913978,0,0,0
328,-291.244086028716,-0.0733270205605705,-4.25427226974282,2.41281848517935,-0.000127083292255313,0.308444990967949,-291.277603264441,0.141337635668261,-4.26088383842617,2.4280918140165,0.00148086637567911,0.310510518074812,-200,0,0,0,0,0,0,1,-60.2539748727682,-0.430761908904433,-22.5292841306289,0,0,0
329,-288.863268604735,-0.0736701785018762,-3.94837810336078,2.34881501558873,-0.00055923151937294,0.303376077428183,-288.948475158043,-0.106977309759546,-3.93572924436776,2.34373644153408,0.00694648890701617,0.303690878985098,-200,0,0,0,0,0,0,1,-56.4766938373217,-0.480694271182525,-22.4976294097743,0,0,0
330,-286.544683830918,-0.0744704127499202,-3.64810068517266,2.28835260915133,-0.00104123650934438,0.297209686837004,-286.521620113548,-0.22453408711669,-3.55230346449137,2.29107587693438,0.0050480783952324,0.285204733840976,-200,0,0,0,0,0,0,1,-56.0643474663409,-0.0557396652898594,-21.4158664551149,0,0,0
331,-284.28618434907,-0.0755401661112879,-3.35346273586911,2.22864492694787,-0.00109826980885599,0.292096721515507,-284.207008677847,-0.173076229901122,-3.30846566854146,2.23223895032641,0.0136656363473413,0.292635344339473,-200,0,0,0,0,0,0,1,-54.809877676948,-1.02041117493189,-22.6466030968644,0,0,0
332,-282.08702606766,-0.0771492813014908,-3.06464293481524,2.16966948084884,-0.00211995967414039,0.285572982674718,-282.179568644408,-0.0558601340096533,-3.09900360608267,2.1851533038548,-0.0205420939438562,0.273344345559963,-200,0,0,0,0,0,0,1,-54.1561930966649,2.16592966240493,-21.136427343831,0,0,0
333,-279.946277524154,-0.0781869035609571,-2.78166530622428,2.11182609857179,4.47166990948351E-05,0.280411770900021,-279.883872571033,-0.0564998678725596,-2.77724367727464,2.1164420566951,0.00365365734036477,0.281832435187684,-200,0,0,0,0,0,0,1,-51.8764605274445,-0.252365998291357,-22.6287561642191,0,0,0
334,-277.862574422392,-0.0782689806246278,-2.50486145808133,2.05557756932338,-0.000208869342499985,0.273224589161044,-277.936366678268,-0.0570520089442899,-2.43615710395553,2.0537041793241,0.00412096913230946,0.283697225719882,-200,0,0,0,0,0,0,1,-49.4976845758746,-0.297992895342367,-23.4974083640771,0,0,0
335,-275.834169250978,-0.07862743669155,-2.23598662594266,2.00122947899366,-0.000508041952383435,0.26455275649981,-275.982611253534,-0.0312356827619292,-2.22651945903158,1.98002106968453,-0.0149425182155879,0.258058211419867,-200,0,0,0,0,0,0,1,-46.0368844613843,1.55672318708265,-21.3527822239236,0,0,0
336,-273.858123461569,-0.0783576641612573,-1.97531341644437,1.95085924703469,0.0010475881134187,0.256819333230229,-273.869370885459,-0.0148124859658783,-1.97277466449717,1.95085263785132,0.0102798770745426,0.245666920778376,-200,0,0,0,0,0,0,1,-47.3465220142138,-0.998362735522499,-20.6211427488433,0,0,0
337,-271.932937833696,-0.0778098144117065,-1.72172148122955,1.89950978066058,4.81121341217355E-05,0.250390657033324,-271.849109114223,-0.139027221001274,-1.63265925030503,1.8918680652739,-0.000650635454189246,0.264026860503855,-200,0,0,0,0,0,0,1,-45.4885882989443,0.343117987421472,-23.1373675497754,0,0,0
338,-270.058690203257,-0.0775906919360937,-1.47598688929145,1.84898181896377,0.000390133324574445,0.241104199322368,-270.127628350567,-0.149907482102852,-1.4738079008086,1.82381099582468,-0.0138870035988291,0.228554219827701,-200,0,0,0,0,0,0,1,-42.1258428813345,1.68851532408861,-19.9078061811529,0,0,0
339,-268.232833236924,-0.0763568031103404,-1.23855646197674,1.80272940070933,0.00207764536905942,0.233780177749463,-268.232837086812,-0.108518196156607,-1.37934657838995,1.81309828433412,-0.00188432467503485,0.236194934327528,-200,0,0,0,0,0,0,1,-44.8441542597878,0.405468859816698,-20.8608002759729,0,0,0
340,-266.454676372054,-0.0740769563976162,-1.00833608893473,1.75358170965529,0.00248204892466645,0.226685481729147,-266.561966580705,-0.0370494397409295,-1.04165045875423,1.76283938985108,0.000871776507776634,0.218564276037546,-200,0,0,0,0,0,0,1,-43.1600058236988,-0.0130787712958044,-19.7731266862461,0,0,0
341,-264.724693591704,-0.0716019585891727,-0.784931543104934,1.70638148608431,0.00246794735260458,0.220147527035851,-264.822240498496,-0.0043485835741755,-0.881716251133726,1.70775874334298,0.0237764443002629,0.216133618710286,-200,0,0,0,0,0,0,1,-41.1313933373053,-2.36894726287794,-19.8499293687611,0,0,0
342,-263.040986004921,-0.0703189767976443,-0.56839519045936,1.66103097590039,9.80171203670249E-05,0.212948146316023,-263.262537815788,-0.105689765831819,-0.568734027669391,1.63485810396043,-0.00621081465824255,0.208650912998261,-200,0,0,0,0,0,0,1,-36.9607347644666,0.832460997487892,-19.7276232444873,0,0,0
343,-261.400670936688,-0.0698051791228445,-0.359687011327706,1.61959581283047,0.000929579333937179,0.204489219728823,-261.334620637725,-0.211376446798264,-0.195120734108762,1.618113626333,-0.00624325621965449,0.20604337181455,-200,0,0,0,0,0,0,1,-39.1421213578504,1.04707851556198,-20.2140957132375,0,0,0
344,-259.802905656729,-0.0683525340186197,-0.159205702042072,1.57593161222852,0.00197571157373042,0.196495469321743,-259.667007024205,0.157744803101515,0.00420508652610108,1.57432795610026,0.00219275302239741,0.200578884782374,-200,0,0,0,0,0,0,1,-38.098781561617,-0.53476490844277,-20.0662986512896,0,0,0
345,-258.248301102462,-0.0666446674627708,0.0332271293399421,1.53327429039762,0.00144002240678849,0.188391734010716,-258.520701519119,-0.0651963861483795,-0.119844278661437,1.53803166132876,0.0188701611778154,0.181482330020369,-200,0,0,0,0,0,0,1,-36.7617630946378,-1.75662334548478,-17.908544444714,0,0,0
346,-256.735347542899,-0.0660833972154762,0.218381645033299,1.49263041716925,-0.000317480847590326,0.181937817196701,-256.853647518875,-0.100510997955457,0.202488785674842,1.49473110154084,-0.011187298995882,0.173530880517298,-200,0,0,0,0,0,0,1,-35.7658151163332,1.31975189549911,-17.7580656230795,0,0,0
347,-255.262554070907,-0.0657414318304354,0.397031769154727,1.45295404763645,0.00100141222599373,0.175382439936852,-255.129662688945,0.12675660448095,0.444341501411661,1.48240166582227,0.00987847617817172,0.172621508533398,-200,0,0,0,0,0,0,1,-37.980841204338,-1.24136082677907,-18.1508338561632,0,0,0
348,-253.830546766949,-0.0653611533394667,0.569409673610586,1.41105834271987,-0.000240854811575803,0.16939443542025,-253.794953009564,-0.0362900782642102,0.495853670425654,1.40504798387631,-0.000418878893775006,0.173950646473132,-200,0,0,0,0,0,0,1,-32.9148923685042,0.114468045905921,-18.3867719881645,0,0,0
349,-252.438129283946,-0.0655451776818562,0.73482246448512,1.37377343302122,-0.000127193870174016,0.161449923070744,-252.414882561371,-0.0272571847512007,0.692545286532777,1.36148943793885,0.00304923489435457,0.162823480269222,-200,0,0,0,0,0,0,1,-31.3191786711425,-0.250409119933056,-17.6674385999878,0,0,0
350,-251.082132001872,-0.0657979595489941,0.892387596972036,1.33821802560877,-0.000378372381232183,0.15369824171082,-250.919959208251,-0.0268570739268224,0.817068697233087,1.33455095406576,-0.00479637414082652,0.142024317128619,-200,0,0,0,0,0,0,1,-31.6151769900736,0.533351561936297,-15.8365691073281,0,0,0
351,-249.761498990877,-0.0659100349912975,1.04316013155029,1.30304581492516,0.000154218892141592,0.147864509807468,-249.77023083726,-0.0424425610233474,0.864026904074933,1.29825903799584,-0.0011321077528347,0.148916237174136,-200,0,0,0,0,0,0,1,-30.2854421250648,0.198095897330164,-16.6196775255635,0,0,0
352,-248.475571966416,-0.0656571370551384,1.18754214469801,1.26880549519938,0.000351574600269198,0.140916716331628,-248.394861371564,-0.172302839559778,1.49812686094419,1.26990660154265,0.00905564032269477,0.142222391865282,-200,0,0,0,0,0,0,1,-30.2009374111371,-0.560958353149921,-17.2184929084166,0,0,0
353,-247.223965290436,-0.0655864124533704,1.32473423516822,1.23440486736855,-0.0002101271560851,0.133484711253627,-247.118759437747,-0.166978836126085,1.37415761244169,1.21335702248588,0.00428985144486755,0.145889750585857,-200,0,0,0,0,0,0,1,-27.0981833730943,-0.0950274722345846,-17.3372902834691,0,0,0
354,-246.005350186091,-0.065844393652662,1.45391392968279,1.20282177522494,-0.000305837124274757,0.124890525463629,-245.895989807636,-0.0834355818017395,1.45683702921516,1.21614096882433,0.00474404663679373,0.117775159530667,-200,0,0,0,0,0,0,1,-29.8221172671612,-0.307533500075894,-14.691190011497,0,0,0
355,-244.81909935353,-0.0663043542250939,1.57628240295171,1.16967805118355,-0.000614085773059518,0.11986300255659,-244.87404819146,-0.215331212241425,1.53995275652235,1.15251692320913,-0.00896481002545627,0.109827873572469,-200,0,0,0,0,0,0,1,-25.503595937993,1.32714342702848,-14.0626928702916,0,0,0
356,-243.663877513563,-0.0662551799540628,1.6931575853767,1.14076332372448,0.000712433790182451,0.113901861928098,-243.800962375435,-0.111647708832816,1.72557486723011,1.15502632610264,0.0117948294579336,0.109815858681348,-200,0,0,0,0,0,0,1,-27.9007078593931,-0.956187528127729,-14.432735602595,0,0,0
357,-242.538757857151,-0.0660211763169097,1.8043925717937,1.10947398516684,-0.000244428444407896,0.108583739419948,-242.662293886259,-0.0802069478691994,1.84931808371455,1.09535374056082,0.00450269632752484,0.110103557735307,-200,0,0,0,0,0,0,1,-24.2107862835647,-0.289855737014085,-14.7089919409598,0,0,0
358,-241.443275477611,-0.0664108334704596,1.90953544851747,1.08148800510957,-0.000534887556903427,0.101716009994253,-241.617905330509,-0.0629816374340186,1.93591311542158,1.05871197119578,-0.00467912035658754,0.0838933341419504,-200,0,0,0,0,0,0,1,-22.6353864585605,0.593875310526791,-12.2611596450382,0,0,0
359,-240.374596892351,-0.0666490584905301,2.0086899526668,1.05586724260767,5.84358529053595E-05,0.0966058222487814,-240.356564095686,-0.0424588876907271,2.07601664389899,1.05068207775317,0.00112082964158883,0.100547153337188,-200,0,0,0,0,0,0,1,-24.3550795839441,-0.0271651887774293,-14.2067486215168,0,0,0
360,-239.332708165289,-0.0666045044870752,2.10219629493281,1.02790775649688,3.06685275521771E-05,0.0904207990550725,-239.258265002738,-0.126164369856473,2.08525270488661,1.04354899306717,-0.0110218124580907,0.089889877890202,-200,0,0,0,0,0,0,1,-25.8383693012413,1.35450998552202,-13.1594931987934,0,0,0
361,-238.319274783276,-0.0658968915819655,2.19032465772118,0.99895732559662,0.00138455536492445,0.0858503210830141,-238.165359821764,0.0775159588290723,2.23569762045958,0.995788086464723,-0.00661826551553282,0.10261545489799,-200,0,0,0,0,0,0,1,-23.248089002944,0.506794633895137,-14.7329407307182,0,0,0
362,-237.333896662894,-0.0642592297212083,2.27270670573316,0.971796083053052,0.00189076562817145,0.0789272806522915,-237.35939762853,-0.407634997816126,2.2087180780683,0.973453724103859,-0.00168875740515899,0.0853245098394032,-200,0,0,0,0,0,0,1,-22.6265771533267,0.984145736148152,-12.9498871400769,0,0,0
363,-236.375062025964,-0.0618766689382191,2.34891276965346,0.945871072286595,0.00287435399828588,0.0734977304286294,-236.518438460979,-0.0313099813342967,2.51213040679104,0.950518231601373,0.0192836124967771,0.076082515510534,-200,0,0,0,0,0,0,1,-22.0149462381794,-1.86574128700912,-12.6325123646355,0,0,0
364,-235.441815499069,-0.0599354557145265,2.41975815909334,0.920619922496172,0.00100807014491192,0.068205586234736,-235.370914534545,0.0232752859212805,2.21711898843759,0.912591956730508,-0.0194054240080337,0.0602929928825535,-200,0,0,0,0,0,0,1,-20.5173666039601,1.89399182896081,-10.4635372651305,0,0,0
365,-234.532720196523,-0.0579806353909537,2.48606543874056,0.897569343953198,0.00290156704039581,0.0644204261563002,-234.745983207319,-0.0847528578394071,2.47924554964855,0.892382707746553,-0.0130838867708859,0.0693332059008163,-200,0,0,0,0,0,0,1,-19.7463043600173,1.47789439276741,-11.8918116893787,0,0,0
366,-233.646596596278,-0.0543403657012238,2.54781458849701,0.874675764693787,0.0043789701773384,0.059089239460775,-233.776993339419,0.164695312188929,2.59333845943724,0.874105049858523,0.017578029988586,0.0430273180102264,-200,0,0,0,0,0,0,1,-19.8565183070152,-2.08719362323646,-9.48940871989712,0,0,0
367,-232.782962925344,-0.0510052277618225,2.60539707283835,0.852590598569014,0.00229130277835721,0.0560866771915857,-232.751558499842,-0.14636713853575,2.6609184111793,0.848729596640569,0.0100127522406814,0.0491347826254936,-200,0,0,0,0,0,0,1,-19.3698426643724,-0.708540946996644,-10.235315084908,0,0,0
368,-231.941336123086,-0.0490684292776471,2.65957198880404,0.830661627787483,0.00158229165980589,0.0522740098499306,-231.866101092713,-0.194457633106617,2.85420886775244,0.822480757434455,0.00999666879853394,0.0548148372204429,-200,0,0,0,0,0,0,1,-18.5158735580195,-0.610751613640161,-11.1899014575492,0,0,0
369,-231.121432348176,-0.0477917429029665,2.70936182103091,0.809143983958429,0.000971079085229911,0.0473162943457655,-231.152945989349,0.0759499377602388,2.6469048280449,0.800782077831596,0.00136292834639759,0.0565075364556691,-200,0,0,0,0,0,0,1,-17.7723158044626,-0.288192710160237,-10.9445633016567,0,0,0
370,-230.322661715431,-0.0469649814815336,2.75419539417357,0.7883953371801,0.000682442249225736,0.0423611047540224,-230.283717036436,-0.193829482873012,2.77995604272979,0.782976160704834,-0.00421485482992963,0.0435244627509983,-200,0,0,0,0,0,0,1,-17.7301819976113,0.809144448738986,-9.91235836055941,0,0,0
371,-229.544426328722,-0.0458781837050942,2.79457222527128,0.768073965397875,0.00149115187436213,0.0384025878284638,-229.644750815525,-0.107797725754293,2.8139514120019,0.77636999604856,-0.000427931487049839,0.025355974524474,-200,0,0,0,0,0,0,1,-18.3474979738067,0.258388600213569,-8.16350027645119,0,0,0
372,-228.78646187311,-0.0442580527953219,2.83194630294584,0.747854385564258,0.00174910766222508,0.0363555304007827,-228.565817392837,0.0304108300654472,2.7964722831295,0.748993175343229,0.00608962108232038,0.0393093057213057,-200,0,0,0,0,0,0,1,-17.7676827486479,-0.669783768362932,-9.52387513838957,0,0,0
373,-228.048716114218,-0.0428440519537586,2.86656381593726,0.72763588318647,0.00107889150288616,0.0328894440103096,-227.826435695381,0.0466273500015303,2.81636006256424,0.73644966800249,0.00146317639653786,0.029794103397143,-200,0,0,0,0,0,0,1,-17.9920954094861,-0.239572339656846,-8.61213046484278,0,0,0
374,-227.331118229683,-0.0418851601609435,2.89820862744331,0.707559101507525,0.000838889761273454,0.0304100406763994,-227.491331378384,0.00679570307633599,3.10429823248146,0.695968107692394,-0.0166554768329372,0.0304505825194111,-200,0,0,0,0,0,0,1,-14.6141480124712,1.65195627714104,-9.25365471690404,0,0,0
375,-226.632170068103,-0.0402204756085447,2.92644848230013,0.690335540897492,0.00249047875590553,0.0260781494920335,-226.678255319662,-0.0780021619385579,2.97214082631956,0.676100328246506,0.007980530877822,0.0135441814824517,-200,0,0,0,0,0,0,1,-14.2535221853269,-0.642048763905085,-7.29869980088429,0,0,0
376,-225.94990180702,-0.0380511924980565,2.95121069519133,0.674200115485496,0.00184808591575383,0.0234542217017332,-226.07878111338,-0.0140511918376893,2.8509201216768,0.680112241334367,0.00807522741339639,0.0112622470797717,-200,0,0,0,0,0,0,1,-15.8536619066771,-0.779420357664261,-6.82806495133076,0,0,0
377,-225.284415094488,-0.0365930020470409,2.97390323111562,0.656772968230408,0.0010682934255102,0.0219394018825004,-225.263078948405,0.0527806922845395,2.97351313683255,0.664457164538069,-0.0128892444692789,0.0148127416553551,-200,0,0,0,0,0,0,1,-15.9195585569974,1.18336306235881,-7.4283004392006,0,0,0
378,-224.636504907955,-0.0349332155189447,2.99484361912648,0.639046828549674,0.00225127812432296,0.0199500533474757,-224.529046408842,0.00558080069828305,3.10098183972014,0.647227864631914,-0.0157668999941086,0.0302272631370522,-200,0,0,0,0,0,0,1,-15.6646936455081,1.5655283980143,-9.2246899931455,0,0,0
379,-224.006559551823,-0.0318993653744777,3.01294499126358,0.620842487200117,0.00381641852385237,0.0162615832545453,-224.103207495464,-0.018028692706572,2.99983605641509,0.627152197676826,-0.0109931675152346,0.0113360551105559,-200,0,0,0,0,0,0,1,-14.5088047767549,1.13537413693661,-7.13327762388577,0,0,0
380,-223.393878640975,-0.0275154328048894,3.02811685512336,0.604518658558668,0.00495144484958786,0.0140901239769283,-223.396013255239,-0.150670904937869,3.05071334404294,0.614539230387757,0.00488634721417431,-0.0107364682475401,-200,0,0,0,0,0,0,1,-14.6618965282979,-0.187292911541693,-5.02777986333188,0,0,0
381,-222.797177007833,-0.0226578005405432,3.04213820383234,0.588884898942014,0.00476381832521613,0.0139602116260585,-222.901720554336,0.13870383508451,3.16288357220056,0.576650588984555,0.00040136304517809,0.0163758400432163,-200,0,0,0,0,0,0,1,-11.8616177897835,-0.317543974686828,-7.96335114872275,0,0,0
382,-222.215405563277,-0.0180529041468546,3.0541496516722,0.574656480823466,0.00444597253782702,0.0100696392277684,-222.149976858341,0.120460237078855,2.89555016325937,0.559785204623127,0.00694596372804095,-0.0040601868891966,-200,0,0,0,0,0,0,1,-11.6785667456298,-0.935516846961804,-5.38508163759908,0,0,0
383,-221.64727036987,-0.0140748278074467,3.06343778163601,0.56161350513283,0.00351017864709089,0.00851299948220738,-221.68343514775,0.0535902927359977,3.07335418764516,0.563634036326206,-0.00388067081089275,0.00364369926761582,-200,0,0,0,0,0,0,1,-12.9965333371201,0.28088649561728,-6.51107830205191,0,0,0
384,-221.093008144989,-0.0104243611168611,3.07093472566788,0.546910314180415,0.00379075259599302,0.0064880459672656,-220.928944936195,-0.0580320562876004,3.09795949614734,0.542534063935035,0.0210203483245584,0.00562839317128275,-200,0,0,0,0,0,0,1,-12.3955165211144,-1.98597071988064,-6.75875830942296,0,0,0
385,-220.553224951813,-0.00762674447616539,3.07619461391381,0.532655236397038,0.00180447928133668,0.00403866483841483,-220.505013125152,0.208226919053133,3.00709765513979,0.523013611345865,0.0274994456405679,0.00182311154465628,-200,0,0,0,0,0,0,1,-11.2913348842815,-3.16639840216305,-6.19650646474522,0,0,0
386,-220.027080867799,-0.00740560130516274,3.07906251425764,0.519632143218322,-0.0013621950864276,0.00170347141634808,-220.167965294746,0.159317388038605,3.08480737393699,0.51379398864176,-0.00732145479119331,-0.0099692610687677,-200,0,0,0,0,0,0,1,-11.0434682746845,0.413510703042121,-5.17268864099722,0,0,0
387,-219.513643376975,-0.0085611709701991,3.08003340918214,0.50724246246707,-0.000948947020260528,0.000244344053981355,-219.732664311454,-0.0051761871871959,3.10422287354114,0.50532068164922,0.00241153373828381,-0.010203026969071,-200,0,0,0,0,0,0,1,-11.0667395420139,-0.230800999453989,-5.18814305017518,0,0,0
388,-219.012610448447,-0.00962564925009285,3.07956085350065,0.49482302741783,-0.00118001124472825,-0.00118342678239586,-219.068738810549,0.0472580762602891,3.11466981455569,0.497777876848051,-0.0110170706914772,0.00331494238848372,-200,0,0,0,0,0,0,1,-11.6403100637063,1.00719091662714,-6.56083386795975,0,0,0
389,-218.524537096433,-0.0103022066608819,3.07716600731657,0.481322836562745,-0.000173106239533887,-0.00359973256900653,-218.469370086254,0.0438399292049104,3.03624714703548,0.500459742507584,-0.00828612616158021,-0.00961974160250411,-200,0,0,0,0,0,0,1,-13.1072340782511,0.7409327577482,-5.11052013382054,0,0,0
390,-218.05034463204,-0.0101049970913227,3.07333402995093,0.467062174986261,0.000567523228673409,-0.00405734012099579,-218.061122055505,0.0262672783370096,3.25648736820186,0.465646866896777,0.00924952109757487,-0.0106991450795026,-200,0,0,0,0,0,0,1,-10.4424425786671,-0.977486666431507,-5.44306022845346,0,0,0
391,-217.589261420997,-0.0100263432175913,3.06837385279714,0.455103687863606,-0.00041021629749375,-0.00585723349352774,-217.68618678456,-0.272326715685528,3.00328629490681,0.465410129501327,-0.000408387699556398,-0.0100519078296733,-200,0,0,0,0,0,0,1,-11.1686393810131,0.585492201326696,-5.00138180684629,0,0,0
392,-217.14038073217,-0.0101439440532847,3.06198023673493,0.442657473361095,0.000175012175933553,-0.0069239964040991,-217.032172278804,-0.0753640258700958,2.92873308679371,0.455206372856366,-0.0140065236592167,-0.000576081513186721,-200,0,0,0,0,0,0,1,-11.4562927280288,1.55138041766186,-5.79985802226875,0,0,0
393,-216.704240581865,-0.00919337883015815,3.05423152978104,0.429622332864449,0.00172611658911388,-0.00856714754458851,-216.634472419934,-0.0389703409068813,2.96720165676655,0.432501449051665,0.00835210268437922,-0.0025944121829801,-200,0,0,0,0,0,0,1,-9.98120006529901,-0.757269586624159,-5.67496209523508,0,0,0
394,-216.280437987178,-0.00784601936109924,3.04461513757605,0.417982146355862,0.000968601439653959,-0.01066003584273,-216.195719047116,-0.144726651964545,2.80276991512596,0.399042511135151,0.00907721352940197,0.00648586780237721,-200,0,0,0,0,0,0,1,-7.51281301928213,-0.618268049011107,-6.25412661048963,0,0,0
395,-215.86726917027,-0.00718665154139486,3.03215458783577,0.408354063369775,0.000350132312572097,-0.0142564212249342,-215.793089913565,0.0901550975957364,3.05456545050758,0.388257742921599,-0.000456323343886853,0.0209621932449906,-200,0,0,0,0,0,0,1,-7.23959446502894,-0.134677860802788,-8.20535022551422,0,0,0
396,-215.464007061475,-0.00690396287092816,3.0151654244056,0.398167851043851,0.000215242844373378,-0.0197170089301963,-215.554217684506,-0.208243736696694,3.05517581365384,0.392704883229073,-0.00940185626294978,-0.0115688450553533,-200,0,0,0,0,0,0,1,-8.1620529538956,1.35667309968837,-4.95346712177234,0,0,0
397,-215.070692421596,-0.00601048420100135,2.99440250971914,0.388460712070673,0.00157171257677403,-0.0218041590563487,-215.07493051961,0.130063242083531,2.96039332021722,0.374840321528343,0.00667332665834044,-0.0288257182091132,-200,0,0,0,0,0,0,1,-7.3341711136138,-0.927459150001107,-3.03821481952312,0,0,0
398,-214.68631632947,-0.00490258586670766,2.97226955672914,0.380291427705074,0.000644082261823485,-0.0224578154173753,-214.751613067872,0.231010795472851,2.88224299421243,0.381784386706673,0.00156408971415468,-0.0382953952441418,-200,0,0,0,0,0,0,1,-8.6752125349223,-0.618430562361171,-1.93494646401067,0,0,0
399,-214.310493735215,-0.00456781253889639,2.95027344753692,0.371354456026459,2.54628200284701E-05,-0.0215301153890384,-214.185319418034,0.102352028805808,2.9269502807078,0.37222982635584,-0.00666657518770955,-0.0278917145396911,-200,0,0,0,0,0,0,1,-8.85234379951621,0.461953461159339,-3.06472910744649,0,0,0
400,-213.943919697756,-0.00431147258810957,2.92873980595227,0.361793872000229,0.000487214618245493,-0.0215325954303042,-213.797868084124,-0.125197472545517,2.86120085580976,0.376054117954101,-0.0160921829911165,-0.0405638152192093,-200,0,0,0,0,0,0,1,-10.0096756271623,1.85961324420268,-1.6660201896986,0,0,0
401,-213.587143419204,-0.00289455705241968,2.90809338481774,0.351759764603568,0.00234661456988963,-0.0197554642904249,-213.537047408621,0.0683617694000652,2.94024507069199,0.348331977192806,-0.0073849980286774,-0.0243416626705588,-200,0,0,0,0,0,0,1,-7.75910290203876,0.60177626406761,-3.44632387432811,0,0,0
402,-213.239742365108,-0.000247145132309489,2.88796220827301,0.343042234574257,0.00294820784883437,-0.020502726357978,-213.174560692219,0.00946595447452471,2.85725304657918,0.341363764789294,0.00452495669150467,-0.0171572965830597,-200,0,0,0,0,0,0,1,-7.78725509449062,-0.471427578099516,-3.99877643485239,0,0,0
403,-212.901186587095,0.00246525577893641,2.86685078010354,0.334068991531254,0.00247659220288067,-0.0217158559831226,-212.853047126637,-0.0306536931444892,2.80592624425069,0.331929410465907,-0.00633050346102975,-0.0282777537479456,-200,0,0,0,0,0,0,1,-7.48684679331653,0.694357732391953,-2.78407711370681,0,0,0
404,-212.571215898098,0.00528894201681321,2.84502894063428,0.325872525191453,0.00317077780371358,-0.0219239183709999,-212.455048489439,0.0162365819036833,2.78940487616086,0.31318170067932,0.0116815269485505,-0.0138189858198181,-200,0,0,0,0,0,0,1,-6.40807308905346,-1.20062585866241,-4.19691117033991,0,0,0
405,-212.249245259826,0.00785932671324504,2.82214383125969,0.318068086136292,0.00196998975742887,-0.0238425847745489,-212.123459557667,0.14579065246748,2.6483140929223,0.315689023455425,0.0151334036479585,-0.0264924816650053,-200,0,0,0,0,0,0,1,-7.32198323020823,-1.80492166973081,-2.64738001934407,0,0,0
406,-211.935172784194,0.00892677296978624,2.79824599517784,0.31007704521359,0.000164900369970506,-0.0239492879521639,-212.017130017115,0.0787102050388635,2.77341134013882,0.303621063801728,-0.0147296890189506,-0.0107919783826169,-200,0,0,0,0,0,0,1,-6.32784634594356,1.31554849181733,-4.46762484201594,0,0,0
407,-211.629020147914,0.00974936683095541,2.77321824611803,0.30222744696936,0.00148028605376126,-0.0261024858710568,-211.558253450998,-0.05641752207695,2.89269960447495,0.300373923673791,0.00167670686051371,-0.0342753185203794,-200,0,0,0,0,0,0,1,-6.92088546538218,-0.0548356418974706,-2.35786735691197,0,0,0
408,-211.330546412361,0.0112021580718875,2.74713048700087,0.294720263641051,0.00142529305675931,-0.0260694738873927,-211.223849729878,0.00872089528865434,2.87496687855863,0.296360659408548,-0.000980843253607189,-0.0389163512485783,-200,0,0,0,0,0,0,1,-7.18836648109809,0.0806425347834102,-1.85829863225942,0,0,0
409,-211.039595593725,0.0126676941507695,2.72136927153153,0.28718188294564,0.00150577699638001,-0.0254493881574926,-210.940395444936,-0.0235583061320844,2.71234912303423,0.287562016896329,-0.000810836432775455,-0.0313123760689731,-200,0,0,0,0,0,0,1,-6.87541079976014,0.128200255541714,-2.29346063917114,0,0,0
410,-210.756131277875,0.0142374932284465,2.69597561138383,0.279747015202842,0.00163382133213697,-0.0253344161867566,-210.980209780392,0.105110535839453,2.80153070171046,0.267988480180811,-0.00271957778369388,-0.00833093042968431,-200,0,0,0,0,0,0,1,-4.83842845729709,0.0617367066904819,-4.7699683604525,0,0,0
411,-210.479699799182,0.0159021161666307,2.66915517308433,0.273114772680123,0.00169542246375026,-0.0283033261133365,-210.57008291182,-0.0364594636056861,2.83416857205681,0.268142796448894,0.00202605715023612,-0.0493532545394986,-200,0,0,0,0,0,0,1,-5.67411382125021,-0.12968678781224,-0.733011690163758,0,0,0
412,-210.209429756077,0.0175326370133504,2.64138118985306,0.267426016656274,0.00156561650000384,-0.027241949076061,-210.107430286469,0.0422087807905559,2.70378219648599,0.246448570760066,-0.00543341937640391,-0.0269286169394525,-200,0,0,0,0,0,0,1,-4.42999650306853,0.458924376059279,-2.71470269902673,0,0,0
413,-209.944702402961,0.0193276612496539,2.61351562083973,0.262028318335182,0.00202443028497389,-0.028486637947456,-210.01179546211,0.00132840073446193,2.60139077904517,0.267195252069604,0.00482401598859426,-0.0293157681231078,-200,0,0,0,0,0,0,1,-6.69593428274107,-0.48505840032835,-2.27120474577957,0,0,0
414,-209.68630570829,0.0211094874928341,2.58509452002224,0.254765337774826,0.00153921973315307,-0.0283521510551717,-209.738368873489,-0.10902255146869,2.5577309784213,0.247526722827739,0.00780744301925913,-0.048730734207525,-200,0,0,0,0,0,0,1,-5.2759345357969,-0.562699198988534,-0.242388536090101,0,0,0
415,-209.434097303249,0.0223673051745452,2.55743448172161,0.249652316761014,0.000976413320809146,-0.0269655136964157,-209.484205549853,0.0917422877675235,2.40878707779857,0.238020060303941,0.00840839759900617,-0.0282428252994769,-200,0,0,0,0,0,0,1,-4.83359493068885,-1.02432433543566,-1.99329162564945,0,0,0
416,-209.187172197511,0.02283150064787,2.53028204878862,0.244197920376105,-4.80237495162063E-05,-0.0273367888070251,-209.332209027146,-0.0647934525237141,2.67699350098238,0.221494395485892,0.00780286010874394,-0.0375119000267519,-200,0,0,0,0,0,0,1,-3.48502149429648,-0.650699105826966,-1.60279699928956,0,0,0
417,-208.945008299472,0.0224580872386488,2.50265482412988,0.240129803625125,-0.00069880549590389,-0.0279157404875462,-208.979584965103,0.0536273746808083,2.39602215713854,0.240658022900675,-0.00759145693668285,-0.0309590995839379,-200,0,0,0,0,0,0,1,-6.10663235986069,0.651890944306668,-1.69613435588329,0,0,0
418,-208.708117615514,0.0220851609259345,2.47497277533947,0.233651974770146,-4.70502408494994E-05,-0.0274453299219294,-208.559801665864,0.10765511279691,2.36095984212792,0.239507469593879,0.000995673557100393,-0.0176204866129754,-200,0,0,0,0,0,0,1,-6.83114362766053,-0.314877581303859,-2.95987102295829,0,0,0
419,-208.478301578587,0.0218805926196188,2.44735451494366,0.225980132239912,-0.000362088315862868,-0.0277876099842951,-208.622949679925,-0.0824083024975798,2.48211307241178,0.225808200223769,-0.00810393303247738,-0.0273748818956609,-200,0,0,0,0,0,0,1,-5.33492066252697,0.975209908242898,-2.22673795525747,0,0,0
420,-208.255324272273,0.0220060478639404,2.41941461010911,0.219974528259856,0.000612996950451453,-0.0280893970490369,-208.379000983301,-0.00448639201120151,2.3165798766968,0.232641333868003,0.00611384998418173,-0.0176979984916277,-200,0,0,0,0,0,0,1,-6.50613142019884,-0.60241221439577,-2.86335990423082,0,0,0
421,-208.039017994993,0.0223177629557814,2.39114585952282,0.212638046025677,1.04315167490433E-05,-0.0284446919023104,-207.988599800305,0.0741048345445714,2.5815950757611,0.214374649171693,0.0074069905485346,-0.0328340059394773,-200,0,0,0,0,0,0,1,-5.46026531655846,-0.888908723942603,-1.87978955757448,0,0,0
422,-207.829364318895,0.0218836791427807,2.36275045113756,0.206669535142894,-0.000878601510897308,-0.0283433467946627,-207.888605307875,-0.00267483484469419,2.3309569719233,0.21106263919819,0.000816444300656485,-0.0276737803612149,-200,0,0,0,0,0,0,1,-5.32905330406919,-0.0762947603762601,-1.89453590772511,0,0,0
423,-207.625622492994,0.0209668702272101,2.33442973959357,0.200814317171921,-0.000955018080823975,-0.0282953555308655,-207.569511940199,-0.058026773032394,2.32268366252851,0.177309858235581,0.00160385915951168,-0.01748648671408,-200,0,0,0,0,0,0,1,-2.59196194316043,-0.0443323698863802,-2.89671865364902,0,0,0
424,-207.42671823623,0.0199896494256094,2.30512133521549,0.196993441838728,-0.000999425871817357,-0.0303196731993964,-207.391791817646,-0.0473805124331288,2.36704219062319,0.201985494953571,0.00401175974713101,-0.0366664331822893,-200,0,0,0,0,0,0,1,-5.41496586006582,-0.306414949846843,-1.06744106301744,0,0,0
425,-207.232512670549,0.018836958952405,2.27523003281717,0.191418259808057,-0.00130595756854162,-0.0294603478489633,-207.152955922985,0.0184075352568257,2.15881652466065,0.198907650724291,-0.0248518345161102,-0.0453541598867771,-200,0,0,0,0,0,0,1,-5.58485322645837,2.44836838109737,0.217782939356401,0,0,0
426,-207.043678051027,0.0187551318172725,2.24682154511843,0.186252118011801,0.00114230120811651,-0.0273542363182193,-206.851785593784,-0.00113945059726107,2.22648175014486,0.194161002532171,0.0055866584685007,-0.0510270017935472,-200,0,0,0,0,0,0,1,-5.71252906564836,-0.556386945655548,0.649736679064995,0,0,0
427,-206.859969635659,0.0196191861162143,2.22074857839313,0.181166056296861,0.000585805649398734,-0.0247893460894067,-206.753100501611,0.215653220503477,2.03917359634992,0.178635141666544,-0.00162709031077691,-0.0141700023334557,-200,0,0,0,0,0,0,1,-4.35731316343153,-0.268597409929263,-2.66134695935428,0,0,0
428,-206.681455143362,0.0200706399919232,2.19546221293558,0.175862638850443,0.000317099532717595,-0.0257809370518437,-206.493023773242,-0.00903872521769427,2.22549828664051,0.176216443781125,0.0181218994693983,-0.0150472318536702,-200,0,0,0,0,0,0,1,-4.63559683162837,-1.79411249650444,-2.946273387914,0,0,0
429,-206.508432316393,0.0194906258663391,2.16912421712704,0.170182669152036,-0.00147712955184912,-0.0268924380492678,-206.273585004951,-0.010683610635591,1.94246443580535,0.172229473560508,-0.00208897294657149,-0.031863851517433,-200,0,0,0,0,0,0,1,-4.67577734614953,0.230264515928331,-0.698543719867392,0,0,0
430,-206.340616799946,0.0181285801067594,2.14270191614891,0.16544895622293,-0.00124696401852356,-0.0259499848600457,-206.287683347698,0.19139369400984,2.05908766230973,0.162273844681912,0.00523690154287584,-0.0328501349631336,-200,0,0,0,0,0,0,1,-3.65201777279498,-0.906477542307264,-0.833161828306108,0,0,0
431,-206.177102657993,0.0164283386369934,2.11694369860871,0.161579661837976,-0.00215352122434955,-0.025564671686512,-206.173424906623,-0.181279367548208,2.13212899618755,0.154319556295854,-0.0132671128701663,-0.0088168929982529,-200,0,0,0,0,0,0,1,-3.08510581634005,1.68927002211304,-3.3825686925498,0,0,0
432,-206.017762078953,0.015119408602394,2.09030647623984,0.157100673682545,-0.000464340447431505,-0.0277077180891636,-206.375141280908,0.00464127927871228,2.09530804253377,0.159310573344498,0.00531439767710165,-0.0212221117434184,-200,0,0,0,0,0,0,1,-3.18077477263333,-0.54072232626759,-2.06840491072571,0,0,0
433,-205.862656740168,0.0143846675343735,2.06214346977106,0.153109743922521,-0.00100514315557824,-0.0286164669352558,-205.872263271947,0.0642165889303571,2.1271003141862,0.142079586715832,-0.00475294804570901,-0.0213058351538502,-200,0,0,0,0,0,0,1,-2.46343212768893,0.346861626710186,-2.12361711298737,0,0,0
434,-205.711233362653,0.0135529227707117,2.03289429935822,0.149736590785638,-0.000658348059081458,-0.0298803265920934,-205.542984069529,0.138360132461172,2.072034227665,0.142675269808066,-0.000692320375290578,-0.0315413182121136,-200,0,0,0,0,0,0,1,-3.18155884174931,-0.207488227393287,-0.989936634118649,0,0,0
435,-205.563256179688,0.0127907960980436,2.00305305314134,0.146217965557526,-0.000865907846135806,-0.0298005577902677,-205.583385819308,-0.00637976570156206,1.92213167089846,0.154130936526453,-0.0124031409525008,-0.0347074267873517,-200,0,0,0,0,0,0,1,-4.24632201402901,1.25307362665321,-0.373520663061745,0,0,0
436,-205.419138115947,0.0125513821614452,1.97380837528438,0.142018819634702,0.000387078026881199,-0.0286868829130372,-205.487880539605,-0.0818560513439884,1.97880590098104,0.143361030226457,0.0181494386279792,-0.0410821331135577,-200,0,0,0,0,0,0,1,-3.36034194343486,-1.65123176010995,0.150601509393697,0,0,0
437,-205.278703943941,0.0121128127765014,1.9457216351302,0.138850219662129,-0.00126421952504626,-0.0274851535984023,-205.26592810802,-0.0617310822334569,1.90406894899817,0.135032715344038,0.00575186299287315,-0.0387901096939379,-200,0,0,0,0,0,0,1,-2.97141531836372,-0.451724134820401,0.0708730713974486,0,0,0
438,-205.14127978111,0.0106227025162151,1.91871887551286,0.135998692645235,-0.0017160023441657,-0.0265190652761335,-205.0466140218,0.14277952663146,1.74778171484964,0.130885008897507,0.0104316004039685,-0.0274336770760856,-200,0,0,0,0,0,0,1,-2.99527284615032,-1.32871909365977,-0.752195722090728,0,0,0
439,-205.006899179065,0.00824230908627843,1.89232285981395,0.132762768056502,-0.00304478733971918,-0.0262714982764479,-204.92482571683,0.011402397090619,1.8495648299395,0.136719526280877,-0.0162403494271444,-0.0191211483559958,-200,0,0,0,0,0,0,1,-3.82230119442819,1.6012301485332,-1.78701482427941,0,0,0
440,-204.876354567051,0.00599809269993717,1.86589999448296,0.128326464627619,-0.00144364806580267,-0.0265722184878095,-204.800438604173,0.254129854265579,1.65834108032862,0.132758740025269,-0.00687425851163763,-0.0259834383086668,-200,0,0,0,0,0,0,1,-3.67499679418075,0.179166142632605,-0.718338329790569,0,0,0
441,-204.749941707032,0.0046439902687978,1.83962765843368,0.124499667169946,-0.00126456110984417,-0.0259707195447575,-204.878494907162,-0.0232577566274401,1.85562066149804,0.112596015184854,0.00680440135972768,-0.00515250692671648,-200,0,0,0,0,0,0,1,-1.50261170416108,-0.633924622717888,-3.19599063032442,0,0,0
442,-204.626937194316,0.00306244126257494,1.81236814764431,0.12150832965208,-0.00189854188537067,-0.0285469484538453,-204.619932034887,-0.0222656931775985,1.92400473407967,0.128685480697194,0.0052042949686343,-0.00778301257302546,-200,0,0,0,0,0,0,1,-3.62868399994569,-0.475898110508233,-3.06970821085679,0,0,0
443,-204.507849094903,0.000925904225746919,1.78306935610281,0.116667326701829,-0.00237453751401696,-0.0300484484518527,-204.579529430108,-0.158305947752521,1.81770648730929,0.097662909097849,0.00838204404444433,-0.0264339933913287,-200,0,0,0,0,0,0,1,-0.60723204956842,-0.521592508939392,-0.992013635485721,0,0,0
444,-204.391787299023,-0.00170943617281604,1.752525562191,0.115455953470466,-0.00289615026076029,-0.0310385960217128,-204.387163846229,-0.0611089584741193,1.67072778406443,0.109084935580309,0.0024913544702392,-0.0191884523923922,-200,0,0,0,0,0,0,1,-2.13416586557374,-0.126917530075682,-1.42261032888964,0,0,0
445,-204.27771653162,-0.0046690688671516,1.72114437295902,0.112685409282157,-0.00302312201071668,-0.0317225346885921,-204.269423330029,0.0356105547404942,1.7924308544409,0.0950598797164972,-0.00869390786979707,-0.0542372752483817,-200,0,0,0,0,0,0,1,-0.967141311592316,0.798169677498719,1.83886581595637,0,0,0
446,-204.165161100289,-0.00729310535727795,1.69027584699187,0.11242635864127,-0.00222495655711705,-0.0300144049720327,-204.275522138622,0.14517227111705,1.79368880011024,0.124768777424241,0.00378738195481997,-0.0178468060860618,-200,0,0,0,0,0,0,1,-3.92583346517937,-0.669082737716097,-1.8026969916143,0,0,0
447,-204.055003958245,-0.00985264673142853,1.66015886949356,0.107887966536998,-0.00289413236657869,-0.0302175096825213,-203.882728160512,-0.14772676528247,1.57198680949768,0.111018051610821,0.00758228448783456,-0.021824659576723,-200,0,0,0,0,0,0,1,-3.33634884005767,-0.462774918218516,-0.961507661323051,0,0,0
448,-203.948932002611,-0.0129782021143792,1.63008675346889,0.104256208634201,-0.00335698170411204,-0.0299250958186532,-203.851409551322,-0.0670308438715098,1.48106611693805,0.102544788793621,-0.0095583998981191,-0.0459892458068158,-200,0,0,0,0,0,0,1,-2.55165977671867,1.08990167755493,1.63679234680549,0,0,0
449,-203.845552718779,-0.0157902487589443,1.60129239200705,0.102503506777578,-0.00226711751219612,-0.0276628440093132,-203.823286045134,-0.000448299655982639,1.69759872193951,0.0956770172991737,-0.00401961366004891,-0.0218266328161433,-200,0,0,0,0,0,0,1,-1.92112963964867,0.402857965316856,-1.2125341622647,0,0,0
450,-203.744288299233,-0.0178559586930444,1.57335004419428,0.10002521097225,-0.00186430779722416,-0.0282207430198915,-203.769454906626,-0.0378860835220955,1.60197561480836,0.0909605698081832,-0.00222032904776356,-0.0362006354530685,-200,0,0,0,0,0,0,1,-1.5571471675659,0.297805071820547,0.416112315690133,0,0,0
451,-203.644970238083,-0.0195713751339647,1.5454956889043,0.0986113684877205,-0.00156653037551913,-0.027487338221136,-203.616284894308,-0.029541659359883,1.49406839966849,0.107004681890718,-0.0104152873053399,-0.0211197016243661,-200,0,0,0,0,0,0,1,-3.46789840045519,1.10061204925375,-0.876166636900359,0,0,0
452,-203.54820947321,-0.0205876352113518,1.51823647464402,0.0949104923635913,-0.000465994669555037,-0.0270294370874714,-203.500167196167,-0.125424048961115,1.47081353310428,0.0944534999812673,0.000342659404152062,-0.0414063952141082,-200,0,0,0,0,0,0,1,-2.44501560579202,0.216582157507024,1.19901245520226,0,0,0
453,-203.454220101499,-0.0209453552270187,1.49213010902258,0.0930692046209727,-0.000249451454009276,-0.0251824766467025,-203.536416579207,-0.0699561736461717,1.58928687516044,0.0780942477418434,-0.0198853983383939,-0.0263742168770243,-200,0,0,0,0,0,0,1,-0.736591615769343,2.12845218113173,-0.541152062618456,0,0,0
454,-203.361707034599,-0.0201305871012465,1.46670886758332,0.0919568380135019,0.00187898160123331,-0.0256595160403022,-203.448847090136,0.0353890010699959,1.38141480828231,0.0857917504759261,0.00136412095478301,-0.0237498406443315,-200,0,0,0,0,0,0,1,-1.68148086732007,-0.207190097618293,-0.387845552131476,0,0,0
455,-203.270691517166,-0.0183552159246351,1.44109649506675,0.0900743615775945,0.00167175479029991,-0.0255643966975481,-203.318454132845,0.0400108610125428,1.29443477710904,0.10515284063563,-0.00232855714292083,-0.013633534962298,-200,0,0,0,0,0,0,1,-3.87837579787212,0.152833992266998,-1.22551605798827,0,0,0
456,-203.182726191136,-0.0166070852964419,1.41571330045357,0.0858565741003315,0.00182450139346292,-0.0252001170234143,-203.052747830536,-0.0413376116992701,1.36335308189017,0.0883501978693629,0.00580812056318079,-0.0307637355144409,-200,0,0,0,0,0,0,1,-2.72952412586407,-0.498136832919539,0.349667387663753,0,0,0
457,-203.098105754308,-0.015031675010026,1.39113568601313,0.0833849758135854,0.00132631298100936,-0.0239540184414483,-203.206411744291,0.0693018911139859,1.40618152904286,0.0699079921112818,0.0110248922033781,-0.0210688990577601,-200,0,0,0,0,0,0,1,-0.577975722546201,-1.24109300256578,-0.705473152309708,0,0,0
458,-203.015242566982,-0.014325914411662,1.36684400603757,0.0823412122045918,8.52026731872304E-05,-0.02462889284184,-202.965929117165,-0.0449667791213113,1.5252798344423,0.0970869103076583,-0.00760134346263753,-0.0135067243979915,-200,0,0,0,0,0,0,1,-3.77683279643642,0.850067904506375,-1.69988722908545,0,0,0
459,-202.935072268943,-0.0138157194906379,1.34217489602997,0.0779994647801982,0.000935181322226888,-0.0247074029596146,-202.903074131453,-0.043693774611803,1.22379165233998,0.0611182882182548,-0.00681686747416165,-0.00788190134001285,-200,0,0,0,0,0,0,1,-0.305680558919263,0.769074296639771,-1.65939317067868,0,0,0
460,-202.857694665514,-0.0124960080099332,1.31664956814343,0.0767551298764764,0.00170423592711314,-0.0263427097373481,-202.791232813424,-0.171289269889171,1.24977953631379,0.0783270085747636,0.00166918862851425,-0.0228574611745248,-200,0,0,0,0,0,0,1,-2.25023523062815,0.175659676926918,-0.2138129551751,0,0,0
461,-202.782090903604,-0.0107039631197706,1.29058111523378,0.0744527546807065,0.00187984897230379,-0.0257931862882441,-202.77121387088,0.0609408822796287,1.09568217570816,0.0848415606211561,0.00276644955004611,-0.0268325268319613,-200,0,0,0,0,0,0,1,-2.94172832035541,-0.398526719563868,0.491888331779802,0,0,0
462,-202.708931330299,-0.0090234016877296,1.265538108034,0.0718671716794685,0.00148126760412085,-0.0242916939840384,-202.7180138646,0.0320682222766737,1.38798742112173,0.0682789332625546,0.00351325521706,-0.0265167749643489,-200,0,0,0,0,0,0,1,-1.39186559705601,-0.415461966259347,-0.124297345808579,0,0,0
463,-202.63781158671,-0.0077498763364037,1.24136742930788,0.070372535699454,0.00106577685432629,-0.0240490135146643,-202.558111820449,0.246451701467919,1.25964016652532,0.0519203020641999,-0.026920700335387,-0.0102423534574799,-200,0,0,0,0,0,0,1,-0.0758065655221003,2.19916663060287,-1.49504498730265,0,0,0
464,-202.567921903985,-0.00558452039883437,1.21652865335101,0.0694062446105033,0.00326492972739625,-0.025628117365181,-202.575257173677,-0.18543466274555,1.13495498561248,0.0665163336760529,0.016152906134005,-0.0421160518567292,-200,0,0,0,0,0,0,1,-1.50111902025183,-1.2444212879094,1.94169521444795,0,0,0
465,-202.498830643912,-0.0029418055392151,1.19196456254534,0.0687773312600454,0.00202049440511696,-0.023499799981307,-202.511581281984,0.200834220970628,1.2678238135391,0.0737374188284631,0.0033949775152835,-0.0178034383055831,-200,0,0,0,0,0,0,1,-2.35057931887869,-0.741166193469607,-0.755303796519898,0,0,0
466,-202.431369885658,-0.00129191940461899,1.16853493132603,0.0661443611794059,0.00127927514073613,-0.0233583112270369,-202.569113515982,0.0117313829644569,1.18826850854741,0.0581756758499951,-0.0106676626184429,-0.0297752218164261,-200,0,0,0,0,0,0,1,-0.679340553034777,1.04330349591538,0.600985164547782,0,0,0
467,-202.365485934312,0.000509005980844215,1.14545934516371,0.065623899516912,0.00232257000835967,-0.0227926481219331,-202.482237893826,0.00162408125793225,1.24690399991538,0.0827494288202586,0.00212583697479378,-0.0134464256813609,-200,0,0,0,0,0,0,1,-3.3104670943743,-0.215831859995242,-1.14916543169467,0,0,0
468,-202.301693499327,0.00272362499094489,1.12279251644649,0.0619611911294561,0.00210666271318298,-0.0225394043776859,-202.228881913858,0.0676898527924378,1.12552418409617,0.0692193117479292,0.00493878932839707,-0.0182103689865895,-200,0,0,0,0,0,0,1,-2.46416734707742,-0.629258638424582,-0.430011469533382,0,0,0
469,-202.241020761766,0.00451563503830999,1.10050296738259,0.0593846127623683,0.00147735140640318,-0.0220385714529401,-202.259113488149,-0.148977052143933,1.3468517050736,0.0565073035197239,0.00701012196965454,-0.0132484293970607,-200,0,0,0,0,0,0,1,-1.13250337567403,-0.403058092677587,-1.36886047044113,0,0,0
470,-202.182556222369,0.00579144320351033,1.07799049403674,0.0575441549122802,0.00107425951413994,-0.0229855792613483,-202.224584487968,-0.117573786258617,1.19928790495784,0.0697886448951556,-0.00596130125531619,-0.0221475156193768,-200,0,0,0,0,0,0,1,-2.52969551358024,0.831277698048854,-0.183824247978,0,0,0
471,-202.126270856221,0.0072813184985893,1.05538488867392,0.0550270189029803,0.00190548525141348,-0.0222245380818714,-202.025630426373,0.130824024809576,0.844405640452136,0.0452176508298657,-0.0199235132298722,-0.00246475400472654,-200,0,0,0,0,0,1,1,-0.470504230240349,1.73070327336807,-1.44233588043162,0,0,0
472,-202.071889649452,0.0100521475973323,1.03250346122556,0.053734921539858,0.0036361673275023,-0.0235377650994364,-202.078216876837,-0.115019964600354,1.08107479760131,0.0509722045994977,-0.000305438715541174,-0.0282357135168676,-200,0,0,0,0,0,1,1,-0.940786706275616,0.260583800754825,0.661421756484144,0,0,0
473,-202.018512825557,0.0138186034157063,1.00934880318701,0.0530191676872764,0.00389673778099854,-0.0227712541997349,-202.129635702325,-0.106901014724024,0.979941723427041,0.0600019459088685,0.00998167842263135,-0.0354078126870107,-200,0,0,0,0,0,1,1,-1.74092318623702,-0.784365812815087,1.58089782184699,0,0,0
474,-201.965985640986,0.0173231499700455,0.987555795260441,0.0520361642231603,0.00311235019519138,-0.0208143475690796,-201.930458035472,-0.0713281266026118,0.866554162935618,0.0431572366455201,-0.0106314427583877,-0.0261833777968051,-200,0,0,0,0,0,1,1,-0.454807593608546,1.20580052904399,0.885229453809277,0,0,0
475,-201.914036886365,0.0210384022434682,0.967110086233774,0.0518617714495187,0.00431814889896091,-0.0200770094941431,-201.959499760472,0.0100934091040085,1.03107520361623,0.0432484522328878,0.00403605144169244,-0.026388638712177,-200,0,0,0,0,0,1,1,-0.405845702344666,-0.423791962377261,0.576713463985248,0,0,0
476,-201.862312837291,0.0251446566506358,0.947254479437629,0.0515866231400318,0.00389435356708464,-0.0196340996842904,-201.853838206747,-0.0202943852825065,0.824391639360099,0.0450975905187497,0.0233285720928479,-0.00792116880473647,-200,0,0,0,0,0,1,1,-0.802082638380772,-2.29226843871978,-0.85666639824655,0,0,0
477,-201.811377821375,0.0278928683948866,0.927305547040649,0.0502832362407881,0.0016020621087315,-0.0202632119831563,-201.926709770599,0.259607179684556,1.06358416653258,0.0639374623560507,0.00168832004749968,-0.0253355833246327,-200,0,0,0,0,0,1,1,-2.54032669440658,-0.688046364119079,0.406389999398115,0,0,0
478,-201.762210684094,0.029150886843438,0.907698165216978,0.0480517156803942,0.000913968405395464,-0.0189505922783769,-201.600966101329,0.116910318143847,0.933571669831207,0.0237048228645255,0.00964655093788045,-0.0212518997670476,-200,0,0,0,0,0,1,1,0.831449916204811,-1.19847573007574,0.258046637042344,0,0,0
479,-201.713826263858,0.0294656297172266,0.888537623499794,0.0487170422319725,-0.000284488624943181,-0.01937079819281,-201.746127414006,0.0909794285953282,1.04655722095149,0.0465611950115138,0.0105221667995615,-0.0210857330337327,-200,0,0,0,0,0,1,1,-1.16386467313979,-1.23417553714681,0.0154588614702864,0,0,0
480,-201.665711326305,0.028564044385711,0.869325599233022,0.0475130715569588,-0.00151868725132546,-0.019052739923887,-201.847068288214,0.00882344701671309,0.92333341581489,0.0570149468911844,-0.00913770183933358,-0.0335913575370472,-200,0,0,0,0,0,1,1,-2.00735811268972,0.896123289899931,1.51246892207494,0,0,0
481,-201.618812218399,0.0274934079314043,0.851292219844597,0.0462861333448268,-0.000622591607517526,-0.0170134981565621,-201.701525388291,-0.158620193282368,1.00664458032781,0.039109698394798,-0.0097947473836791,-0.0226864314339885,-200,0,0,0,0,0,1,1,-0.507919062898307,1.29671512493265,0.25535398274323,0,0,0
482,-201.572779925368,0.0275191727885976,0.834388818673742,0.045778648773749,0.00067411547736975,-0.0167930968213308,-201.501345150741,0.137644215200612,0.858287646377956,0.0469347261716492,0.00294467932713434,-0.0124672462081134,-200,0,0,0,0,0,1,1,-1.69078231568234,-0.569756363114658,-0.469850671944576,0,0,0
483,-201.527947396193,0.0279083955262235,0.817671941734263,0.0438865764100157,0.000104321542402758,-0.0166398492825409,-201.533866316759,0.0143271757425208,0.680858969346456,0.060706905355792,-0.00592270242331552,0.00174245049640501,-200,0,0,0,0,0,1,1,-3.00295790206102,0.56361589084651,-1.53596298833341,0,0,0
484,-201.485837961189,0.0282944927277261,0.800958413981737,0.0403323263136421,0.000667864958297461,-0.0167856759238225,-201.363363355975,0.0237055114660729,0.884202238313349,0.0362773855300377,-0.00454216890775742,-0.0179651291123927,-200,0,0,0,0,0,1,1,-0.901011841052872,0.406805867843596,0.0281084346125693,0,0,0
485,-201.445985072093,0.029165754847101,0.784283510538005,0.0393736434812992,0.00107465308563797,-0.0165637316957821,-201.431874609897,-0.114326191166463,0.469229671612475,0.0408554119662806,-0.0031644953888683,-0.0328224471436062,-200,0,0,0,0,0,1,1,-1.22179197683362,0.545101921219755,2.34378537113567,0,0,0
486,-201.406672832033,0.0305129588682361,0.768923556102525,0.0392519787418413,0.00161974983427512,-0.0141561379212501,-201.400569462626,0.035445956691343,0.662881513605216,0.0414410385978747,0.0126578420757318,-0.00291440873836655,-200,0,0,0,0,0,1,1,-1.34296493453625,-1.33667612095586,-1.03432215337378,0,0,0
487,-201.368347170083,0.0314643561530613,0.754521290913286,0.0373992254749115,0.00028303845831324,-0.0146476056613939,-201.325925131436,0.078374692202849,0.739152184986578,0.0287800239332049,-0.0077209393993129,-0.0171813549707552,-200,0,0,0,0,0,1,1,-0.226152130448641,0.615344555525592,0.239831127102363,0,0,0
488,-201.331077833516,0.0320550678781598,0.739917641540531,0.0371395783950398,0.000898380467364263,-0.0145595974302037,-201.300989056901,0.0260217501900587,0.594201527924694,0.0474387306262319,-0.0064176970628468,-0.00367376001179418,-200,0,0,0,0,0,1,1,-2.14189494882178,0.589726205904563,-0.821027054669971,0,0,0
489,-201.295162681929,0.0332482892182449,0.72540199914921,0.0346908546877491,0.00148805722493713,-0.0144706424554725,-201.230210358717,0.0083102478566093,0.927652914875573,0.0383376246629414,0.00444780637393556,-0.0133514132138758,-200,0,0,0,0,0,1,1,-1.37334174886045,-0.461401133106774,-0.520164508363564,0,0,0
490,-201.261286834212,0.0345056334637204,0.710923638761968,0.0330609264454175,0.00102662443900568,-0.0144853899361924,-201.293230761998,0.0129716540080611,0.661404124730435,0.0388958164562731,-0.00295044607986382,-0.0185573164318832,-200,0,0,0,0,0,1,1,-1.30312012163082,0.269101299970259,0.532923393727448,0,0,0
491,-201.228754222093,0.0356668007165885,0.6968758016567,0.0320047668119076,0.00129570411566454,-0.0136098452277462,-201.11817945449,0.0963645692972753,0.698805015050978,0.0301313101208829,-0.0154383923368358,-0.0300819416887354,-200,0,0,0,0,0,1,1,-0.776772103108424,1.35111009508903,1.61058413877158,0,0,0
492,-201.196784312984,0.0376380615863991,0.684047572682257,0.0319358175809086,0.00264681191229353,-0.0120466008038306,-201.323723925403,0.150864683641921,0.539375521953519,0.0158480775029165,0.00644391153947402,-0.0192233371178935,-200,0,0,0,0,0,1,1,1.06264010051376,-0.946120521231244,0.843582667882309,0,0,0
493,-201.164264734612,0.0398118299011579,0.671999612981347,0.0331034272888527,0.00170071949922996,-0.0120498399425477,-201.028371827232,0.17825136439911,0.693034802921963,0.0387726548156217,0.0029179135044473,-0.0229822190266646,-200,0,0,0,0,0,1,1,-1.82052182709816,-0.64829407924295,0.912152296822535,0,0,0
494,-201.131818844418,0.0411883911319692,0.660680251265602,0.0317890736690168,0.00105239658525186,-0.0105883328561926,-201.238661875184,0.112975565338793,0.595534510486497,0.0334879522055062,0.00654060964375293,0.00768573127079273,-200,0,0,0,0,0,1,1,-0.871471470182807,-0.880012095052878,-1.95964214805227,0,0,0
495,-201.100972933664,0.0418007682072021,0.649339410200175,0.0299021886385483,0.000172351053516766,-0.0120925548490474,-200.949275117937,0.115049285958325,0.668357656341007,0.0324000259749323,0.00199785097841931,-0.0109269818276842,-200,0,0,0,0,0,1,1,-1.3414523616184,-0.429883669758582,-0.244017129913598,0,0,0
496,-201.07180061692,0.0417581663327821,0.637359783305905,0.0284426333468352,-0.000257561368914616,-0.0118660861426897,-201.023018599692,-0.0967335761342997,0.674976100992835,0.023321278516907,0.00137710735412945,-0.00600591223576137,-200,0,0,0,0,0,1,1,-0.286090652307284,0.0557564168556542,-0.749360978409532,0,0,0
497,-201.043751251672,0.041528480391311,0.625129545886252,0.0276558718939519,-0.000201816799902824,-0.0125940680016445,-201.159170803208,0.00204618856118866,0.635365548383257,0.0188799418348083,0.0105526108192555,-0.00942350942016606,-200,0,0,0,0,0,1,1,0.430347422936046,-1.05935345904793,-0.328380154749907,0,0,0
498,-201.016073895668,0.0407969923261143,0.612179781898716,0.0276986222093298,-0.0012611643643786,-0.0133054965172263,-200.878624227792,-0.0294536336109463,0.770598822851935,0.0238320107786415,-0.0100059820025936,-0.00917774911691223,-200,0,0,0,0,0,1,1,-0.625952622279887,1.05950546748125,-0.623422734012647,0,0,0
499,-200.98888689235,0.0400655751172345,0.598649742575044,0.0266752800377486,-0.000201676488226353,-0.0137541608684276,-201.015485163137,0.022870433113249,0.607313416868159,0.0505554641891383,-0.008070284347333,-0.00417098249195045,-200,0,0,0,0,0,1,1,-3.0245760926398,0.761287568506802,-0.797528584541273,0,0,0
500,-200.963810203923,0.0402445122303478,0.585187178300684,0.0234784342895544,0.000559544221435128,-0.0131696170963306,-200.827874502778,0.209082669998039,0.675987297953805,0.000942087606684721,0.00202817292593608,-0.0067688130241727,-200,0,0,0,0,0,1,1,1.56154024488793,-0.620982632589686,-0.675093293490339,0,0,0
501,-200.939904403372,0.0404935808110698,0.571235471680427,0.0243325797880342,-6.14127942600973E-05,-0.0147341853132857,-200.850605004669,-0.0343539934247965,0.683353451445418,0.0151714835318312,-0.00320171347920136,-0.0214099736825199,-200,0,0,0,0,0,1,1,0.184061656155008,0.388879334769728,0.774290465361158,0,0,0
502,-200.915387090574,0.0406266161448723,0.556688366488536,0.0247022938982507,0.000327476557533473,-0.0143602008506901,-200.909194657536,0.0155446782308843,0.470306568180154,0.0238631036071456,0.00701466776417319,-0.0102978861708725,-200,0,0,0,0,0,1,1,-0.567921045642155,-0.732556132879088,0.0891754807269421,0,0,0
503,-200.890995537882,0.0405878133937221,0.542403022259983,0.024080962445769,-0.000405090176162878,-0.0142102388927161,-200.836627530664,0.130259934237816,0.451326833356927,0.0291978868226894,-0.00151280055376568,-0.0165661951830423,-200,0,0,0,0,0,1,1,-1.24653362094025,-0.109239813099064,0.753965851590373,0,0,0
504,-200.867354918535,0.0401280965293644,0.528725225350931,0.0232008183748516,-0.000514348672332491,-0.0131449957931785,-200.765982965898,0.110631197753757,0.500055925639394,0.0374010699111141,-0.00817946588791172,-0.00798622108147027,-200,0,0,0,0,0,1,1,-2.20814105931588,0.596684193283658,-0.201489743131761,0,0,0
505,-200.845247314657,0.0399120699870433,0.515937552206846,0.0210147798196193,8.22898275612801E-05,-0.012429435787553,-200.896594037385,-0.0928942890099006,0.448596777111616,0.0108064974127052,0.00766929897809937,-0.00635076266440161,-200,0,0,0,0,0,1,1,0.712538333498739,-0.581141319790136,-0.262117287783072,0,0,0
506,-200.824072366424,0.0397037986932312,0.50311617980425,0.0213348669477198,-0.000498839429526469,-0.0132134646229469,-200.691211223146,-0.0268725755618803,0.50096672701892,0.021374554547848,-0.0154938395245518,-0.00337444192005635,-200,0,0,0,0,0,1,1,-0.755033008493513,1.60312910357894,-0.664489262032205,0,0,0
507,-200.803314688668,0.0400065165975563,0.489701005607548,0.0201804018811937,0.00110426916881434,-0.013616410443941,-200.778754596307,0.0269034387922273,0.468787352266931,0.00468109467773073,-0.0155362001455218,-0.0201536954813026,-200,0,0,0,0,0,1,1,1.08939972484117,1.49981313696772,1.0777948435964,0,0,0
508,-200.782478043185,0.0418607103133756,0.476179886981911,0.0214930579182672,0.00260411285954837,-0.0134263983640424,-200.913245098924,-0.00831822405359525,0.425989971426745,0.0124556215975074,-0.0113188957188523,-0.0314678529423425,-200,0,0,0,0,0,1,1,0.580928038096847,1.14852601999242,2.29480535138075,0,0,0
509,-200.760244807324,0.0450391031936867,0.463501237433199,0.0229741352078428,0.00375266926490981,-0.0119315484649647,-200.584267326806,0.0420139718778838,0.402289746014419,0.0169211084814916,0.00683824074918676,-9.11669263354044E-05,-200,0,0,0,0,0,1,1,-0.523576194536163,-0.767852018674444,-0.795462799395297,0,0,0
510,-200.737779008354,0.0484078408221002,0.451253332461182,0.0219572797857737,0.0029848002846995,-0.0125638463395206,-200.642621236397,-0.0159786512225584,0.525377173932714,0.0154565773422228,-0.0120246129726842,0.0100480627318542,-200,0,0,0,0,0,1,1,-0.260415261427785,1.23441859971353,-2.05556062105085,0,0,0
511,-200.716532149412,0.0520098419576123,0.437763095830553,0.0205357393564761,0.00421919684698628,-0.0144160421611859,-200.815105159207,0.138260768075101,0.637543032979546,0.0173669139125877,0.00409105306753862,-0.00897319509977254,-200,0,0,0,0,0,1,1,-0.106481072844703,-0.685626842904064,-0.377766555981837,0,0,0
512,-200.696221731547,0.0558862255123641,0.423109683143925,0.0200849778230982,0.00353356478640971,-0.0148906139974757,-200.688183723668,-0.0433531800779815,0.328707527072732,0.00727728674783558,0.00989668928396064,-0.0150951998180611,-200,0,0,0,0,0,1,1,0.648638772552848,-0.902962568240101,0.852104927660642,0,0,0
513,-200.675727153429,0.0589683217358512,0.408324457096807,0.0209043522157832,0.00263062213703064,-0.0146802013584333,-200.664824649129,0.0112162426877581,0.53183996526361,0.0111476824983083,0.0219859442771759,-0.00400080770742578,-200,0,0,0,0,0,1,1,0.214881048427568,-2.2210269130931,-0.663599159784642,0,0,0
514,-200.654981198147,0.0604884327936881,0.393202520349477,0.0205872701121853,0.000409594075255193,-0.0155635555261172,-200.765434897939,0.121660402111375,0.410418417628124,0.0135549486135766,0.00392133949576617,-0.0378990790732981,-200,0,0,0,0,0,1,1,0.175374934520235,-0.635454753799366,2.96907107207357,0,0,0
515,-200.633655664074,0.0605803161369993,0.378776786469226,0.0220648445246279,-0.000225832856523877,-0.0132885550445898,-200.572517049756,-0.0347674141854601,0.37902905865172,0.0236582547412602,0.0102899185701973,-0.0193166649171155,-200,0,0,0,0,0,1,1,-1.22079137461405,-0.959457028648807,1.17360837440811,0,0,0
516,-200.611904948408,0.0598747501452449,0.366200928454037,0.0214372726895611,-0.00118530462106594,-0.0118629107991667,-200.663174222055,-0.0429865182651271,0.324731141963851,0.031789938851812,-0.00207610807191322,-0.0123768872477787,-200,0,0,0,0,0,1,1,-1.85264544107084,0.293583843721576,0.58822644085017,0,0,0
517,-200.591200256013,0.0588362243010643,0.35495838331913,0.0199727192743248,-0.000891752912300479,-0.0106215760825215,-200.655572760869,0.0134005977665738,0.35673411111206,0.0195997630667275,0.00911063392766196,-0.00359553094736229,-200,0,0,0,0,0,1,1,-0.648830784935416,-0.937864588299344,-0.353915127487891,0,0,0
518,-200.57167726131,0.0574755345149629,0.344248186735142,0.0190732764830181,-0.00182963334070792,-0.0107984543302937,-200.684405720904,-0.0357382528907761,0.388273442145249,0.0226004793292345,0.00117278903130019,-0.00276214369599156,-200,0,0,0,0,0,1,1,-0.891236491115256,-0.0458023973484668,-0.500332514691341,0,0,0
519,-200.553195283461,0.0556229919576945,0.333360464859264,0.017890685468111,-0.00187545761175472,-0.0109765093829816,-200.52832851849,0.210206042714931,0.487413031478254,0.0226892580185189,-0.0235930027947001,-0.0183676686181013,-200,0,0,0,0,0,1,1,-1.21226876487164,1.93888819404015,0.861940798853624,0,0,0
520,-200.535688778305,0.0547169712747541,0.322964578517345,0.0171228976115839,6.34134671019526E-05,-0.0098149567116087,-200.502849500928,0.12653262682391,0.374425049774405,0.00635109868915394,0.000196883500263254,-0.0238795339245582,-200,0,0,0,0,0,1,1,0.370589132939968,-0.272753603674146,1.63910329290701,0,0,0
521,-200.518069220114,0.0546440208065222,0.313663920043991,0.0181167313588058,-0.000209319318698622,-0.00878679280955719,-200.653287694142,0.0206374561212877,0.433947484484002,-0.000101786180935443,-0.011529652505207,-0.0207117211198432,-200,0,0,0,0,0,1,1,1.31675400637833,1.11169033827813,1.20327714301632,0,0,0
522,-200.49915782953,0.0549905673819847,0.304961886551587,0.0197062031522848,0.000902407141552063,-0.00861795048760819,-200.607460849985,0.0435539364172004,0.275707132998397,0.00271423300905972,-0.0151670497667672,-0.0118309076288233,-200,0,0,0,0,0,1,1,0.943498399064346,1.42959710384232,0.631676496885531,0,0,0
523,-200.478962695383,0.0566077879843509,0.296275768967659,0.0206840899045905,0.0023320282369072,-0.00875470648916801,-200.414025503077,0.0194844393252668,0.310284061195266,0.0155767348000859,0.0185067777535316,-0.0126981303289912,-200,0,0,0,0,0,1,1,-0.729622473854306,-1.8896466540037,0.649244910508592,0,0,0
524,-200.458504642216,0.0579949908401358,0.287885884537175,0.020232404462916,0.000442372349667194,-0.00802488386382619,-200.510146208785,-0.0784080216737231,0.333467615399301,0.0275231497643816,-0.00688382251133656,-0.0101645529233596,-200,0,0,0,0,0,1,1,-1.73202255886738,0.845198294481102,0.349520061537358,0,0,0
525,-200.439004578402,0.0588599494902156,0.280353529056844,0.0187682169460797,0.0012875389662657,-0.00703922653855713,-200.510292949005,0.0525140876917711,0.303548505496587,0.0277166350430363,0.0163638861805399,0.0015846701253167,-200,0,0,0,0,0,1,1,-1.75107760629313,-1.74141679343753,-0.765564023524844,0,0,0
526,-200.421260572878,0.0592767620607713,0.273334416194863,0.0167198907713054,-0.000453919025604138,-0.0069981545493199,-200.270219377462,-0.0334438063814085,0.19390481605104,0.0250978291162479,-0.0128162010221165,-0.000659065148591806,-200,0,0,0,0,0,1,1,-1.96934415670128,1.34850771497446,-0.3219031172429,0,0,0
527,-200.405544738522,0.0594970781033307,0.266605330500523,0.014712080096105,0.000894546769940038,-0.00645919163870293,-200.240639481001,0.0493833956579292,0.164448109626333,0.0173701669414131,-0.00538912641287015,0.000832218917090204,-200,0,0,0,0,0,1,1,-1.25573773213843,0.440145849971157,-0.412118110961686,0,0,0
528,-200.391552646753,0.0606116868048494,0.260195938844022,0.0132722238736388,0.00133466419731808,-0.00635900313710486,-200.375778971104,-0.0422202457228191,0.19181016735946,0.0190783112839952,-0.00702673331061736,-0.0144403875906503,-200,0,0,0,0,0,1,1,-1.15627318619053,0.787113822507374,1.06041842434611,0,0,0
529,-200.378579197357,0.0623399033467811,0.254494666643767,0.0126753008245921,0.0021217636473143,-0.00504330592382546,-200.300975952788,0.0362679819174136,0.231813015083947,0.0110994388347798,0.00102985518756832,-0.00799904449315933,-200,0,0,0,0,0,1,1,-0.507991977902418,-0.17552148259166,0.33627841914804,0,0,0
530,-200.366109054494,0.0643739052648874,0.249632567395835,0.0122652121989608,0.00194623478364191,-0.00468073567276242,-200.295856964538,-0.0122586250770792,0.0603497968641711,0.00185605157326329,0.00249205349288127,-0.0028483254007725,-200,0,0,0,0,0,1,1,0.406108771750048,-0.224688099133968,0.164132946348908,0,0,0
531,-200.353700899214,0.0662078032964481,0.244824314915131,0.0125510677725864,0.00172155612864676,-0.00493590207220787,-200.236384611413,0.105420223907083,0.143624047309131,0.0275509697571258,0.00272017900742182,-0.00837390997755862,-200,0,0,0,0,0,2,1,-2.28232775288709,-0.482858348556347,0.550142903137599,0,0,0
532,-200.342059031994,0.0676879123089522,0.240619195251297,0.0107333492501689,0.00123865676317488,-0.00347359566490044,-200.372809571251,0.112848428895076,0.327517104271855,0.0142880122321997,0.0123264647248028,-0.000164734111506437,-30,0,0,0,0,0,0,2,339.316817919281,-1.45834333027043,-0.638560797393067,0,0,0
533,-200.186287221587,0.0682007814642177,0.149150211237023,0.300737339132525,-0.000212924122514207,-0.17958471886836,-200.258195137477,0.124752627799365,0.339922315481739,0.298179820717298,0.0024888505148901,-0.181028645909846,-30,0,0,0,0,0,0,2,310.698408203225,-0.498390307087739,17.4230199600211,0,0,0
534,-199.748305970913,0.0677418346104167,-0.103660552399068,0.575164716016257,-0.00070497482353169,-0.326150513496242,-199.763005649161,0.0240766454223254,-0.358078797932542,0.566963172232352,0.0052159323250784,-0.326301830247507,-30,0,0,0,0,0,0,2,282.829694075087,-0.569746523352491,33.3463406206158,0,0,0
535,-199.043874976204,0.0667549464925308,-0.489350311845591,0.833648375905807,-0.00126880714738186,-0.445335929577591,-199.112636848349,-0.0382675039971072,-0.583637391267518,0.834078825610942,-0.0214753953702043,-0.464262927966473,-30,0,0,0,0,0,0,2,254.817391135603,2.22407454501464,47.5935675791823,0,0,0
536,-198.089387764685,0.0666009159378568,-0.981191212369898,1.07528811799295,0.000960739602647166,-0.538445648062514,-198.15926198078,0.0039811842968757,-1.23050098137455,1.07119312206644,0.00647440245123063,-0.525636566268787,-30,0,0,0,0,0,0,2,229.199211754917,-0.655402613716814,55.0246585896278,0,0,0
537,-196.902391238971,0.0672364684403407,-1.5566134247801,1.29867503876712,0.00031035910920856,-0.612490839304182,-196.920418458588,-0.029955465767314,-1.42438203965303,1.30539375677007,-0.02871620661764,-0.610415778260908,-30,0,0,0,0,0,0,2,203.301461240168,2.93153159329863,63.8903419053968,0,0,0
538,-195.500852441812,0.069014885585035,-2.1958364885952,1.504381254276,0.00324646891576915,-0.666039888369624,-195.479163049474,-0.0105179334960605,-2.29458399931362,1.50609842479486,0.0039093998558558,-0.667549159908717,-30,0,0,0,0,0,0,2,180.348483619463,-0.369904118593459,71.3440839894989,0,0,0
539,-193.901528193216,0.0720784963445084,-2.87970413532567,1.69425339562814,0.00288074627030686,-0.701773321715463,-193.921745565568,0.193124669000942,-2.71555422237725,1.69947421433099,0.00505869093760499,-0.714986429016548,-30,0,0,0,0,0,0,2,157.896069698036,-0.892118431762383,76.9297513464093,0,0,0
540,-192.120496181009,0.0745150761663326,-3.5913017476416,1.86780346909328,0.00199240725496122,-0.721492944950249,-192.2290468452,-0.0197591008829658,-3.59356229032082,1.87433659671872,0.00941195688115708,-0.739488491676722,-30,0,0,0,0,0,0,2,137.024434018528,-0.901677486349777,81.1359737483138,0,0,0
541,-190.173737697497,0.0760583465218623,-4.31558917131282,2.02571219716115,0.00109412735560181,-0.727146368150095,-190.184130325861,0.216171472364646,-4.27267624251091,2.02066783292555,0.0205855929514657,-0.708388515748149,-30,0,0,0,0,0,0,2,118.301477359167,-2.49090223987586,79.3842040598367,0,0,0
542,-188.077512342256,0.0759085306914643,-5.04157516503698,2.16674051842271,-0.0013937650726466,-0.724883016445334,-188.116573845824,0.176945971198733,-5.17765429451738,2.16305550164236,-0.0137238302162271,-0.73231140814808,-30,0,0,0,0,0,0,2,99.9275975274122,1.01849107922525,83.5864494038427,0,0,0
543,-185.846979891128,0.0750253538578742,-5.75886982455299,2.2943317121675,-0.000372596228119787,-0.709758059992239,-185.81061890202,0.0013950719223009,-5.81134255774266,2.2874420003574,0.00879301624621786,-0.726224813368557,-30,0,0,0,0,0,0,2,82.8770377682997,-0.882091768466388,84.245166452341,0,0,0
544,-183.495921446603,0.0742128855026608,-6.4564447802013,2.4077963049878,-0.00125234490697192,-0.685437696904241,-183.364342508249,0.0935523568235809,-6.50633597490865,2.40290179316683,0.0129667090235443,-0.675763443991703,-30,0,0,0,0,0,0,2,66.4385056998154,-1.48377561600159,80.5890163489875,0,0,0
545,-181.039320432127,0.0722196485137539,-7.12707799966137,2.50541901864294,-0.00273413525028049,-0.655867990400766,-181.059922756212,0.0369244149401417,-7.03018575225804,2.511517896078,0.00251039937147211,-0.64869251176061,-30,0,0,0,0,0,0,2,50.9680559046238,-0.324888767027494,78.9296226805771,0,0,0
546,-178.49207340684,0.0693239034950687,-7.76489896478382,2.5890909867603,-0.00305736090035628,-0.619807384568266,-178.494744642847,0.164909053463482,-7.84134072084796,2.60956209545282,0.00742263613697014,-0.620098426668353,-30,0,0,0,0,0,0,2,36.0332797404118,-1.07208172062398,77.6925241085312,0,0,0
547,-175.867781485505,0.0657311823427396,-8.3633550841519,2.65951150795831,-0.00412808750774073,-0.577132795704729,-175.916683330643,-0.0367217671779814,-8.25061297916838,2.67208005912342,-0.00572248443629768,-0.588171377211968,-30,0,0,0,0,0,0,2,24.6253607489444,0.645691977985731,75.3183636795335,0,0,0
548,-173.178486271433,0.0619264968756123,-8.9172229863777,2.71909912131313,-0.00348128740244558,-0.53062644662011,-173.176232707757,-0.026663926664357,-8.99025576890475,2.71415916329222,-0.0114166983494246,-0.520651047160078,-30,0,0,0,0,0,0,2,14.9365490862927,1.19499768827118,70.0456162538173,0,0,0
549,-170.435049114765,0.0590431477304955,-9.42433761031449,2.76779557523982,-0.00228541802068007,-0.483621730191149,-170.31391269342,-0.082169838530331,-9.42399851088494,2.7653113421719,-0.00395958497220057,-0.469206679561648,-30,0,0,0,0,0,0,2,4.09669116964943,0.560298174280719,65.7686649779347,0,0,0
550,-167.648585850952,0.0570381920636071,-9.88345574420967,2.80515211537465,-0.0017244993866983,-0.434628789024659,-167.627270719385,0.167151364295224,-9.9898081326728,2.80380391440824,-0.0211836003202386,-0.437985948156414,-30,0,0,0,0,0,0,2,-5.12585000205434,1.78405730343341,63.778211080987,0,0,0
551,-164.829142100558,0.0562059339397266,-10.2920282429849,2.83375778427725,5.99781256333709E-05,-0.382526842811163,-164.465106970297,-0.0345587852825824,-10.4619381639987,2.84213891963162,-0.000786963922383998,-0.401200993230121,-30,0,0,0,0,0,0,2,-15.2836780225687,0.147813962803564,61.0439756510094,0,0,0
552,-161.986057344944,0.0563399185891375,-10.6469993001837,2.85243530894326,0.000207987304658836,-0.327421825062971,-162.042579178301,0.02203749722332,-10.5807084250018,2.85392795412082,0.00241567108740151,-0.317861894006938,-30,0,0,0,0,0,0,2,-21.30763705548,-0.285642103186791,52.9476062506974,0,0,0
553,-159.128925154479,0.0564050922794701,-10.9487187239251,2.8618511047945,-7.7646049438844E-05,-0.276019777376786,-158.999080250365,0.0702026707458327,-10.8856431932893,2.86000106334878,0.00901501469449674,-0.279531227668725,-30,0,0,0,0,0,0,2,-28.0019458341475,-1.04190681094134,49.724409153451,0,0,0
554,-156.266003060339,0.0558064199441506,-11.1986318322422,2.86401540309468,-0.0011197040396341,-0.223806222384216,-156.170940274417,0.0435738989627165,-11.4239856197453,2.87004210264502,-0.00415075659623376,-0.237631988524419,-30,0,0,0,0,0,0,2,-34.6623297156671,0.327927861697943,46.6111700919326,0,0,0
555,-153.404497778529,0.0548505264753466,-11.395877675929,2.85901780491151,-0.000792085699260365,-0.170682323760504,-153.492721972318,-0.158211266381037,-11.3417381374463,2.86724540644301,0.0109947268657117,-0.181736154988721,-30,0,0,0,0,0,0,2,-39.7390966996654,-0.783050153809096,40.8570917737647,0,0,0
556,-150.551602871627,0.0536666888154123,-11.5410734682002,2.8467937299939,-0.00157559376081959,-0.11970317513933,-150.535416139113,0.188109035203311,-11.6364972797374,2.83482666762501,-0.00875837714405207,-0.113351820578616,-30,0,0,0,0,0,0,2,-42.4118344842743,0.499619643998586,34.6081766173364,0,0,0
557,-147.713663557798,0.0523406264587562,-11.6372024315746,2.82910502351354,-0.00107653652404195,-0.0725464493067372,-147.71762758432,0.0421406295008836,-11.6562691578401,2.8380994062106,0.00706909815999448,-0.0687583468248943,-30,0,0,0,0,0,0,2,-48.3746854524201,-0.791191075001215,30.1883729981697,0,0,0
558,-144.897053404725,0.050868138579235,-11.6864264381014,2.80413515440576,-0.00186844514403243,-0.0258903184484112,-145.038361197178,0.103705746228016,-11.7387458568324,2.79125736646563,0.00916978159016607,-0.0364819898060906,-30,0,0,0,0,0,0,2,-49.0490142522062,-1.12438965147264,27.1256906942739,0,0,0
559,-142.106457142941,0.0484371237192407,-11.6900744917841,2.7770763206446,-0.00299359087011932,0.0186062969922297,-142.096783766968,0.0240150635963662,-11.6787981248293,2.79522635641374,0.00663710789651999,0.0215525960847775,-30,0,0,0,0,0,0,2,-55.3290681074375,-0.711740916844732,21.2023366411808,0,0,0
560,-139.347100535769,0.0450872018334235,-11.6500104621869,2.741655161705,-0.00370626164257485,0.0615372145883422,-139.353190537767,0.215266574274506,-11.5682943613404,2.72977669394775,0.00402797829759874,0.0468868625298854,-30,0,0,0,0,0,0,2,-54.2712883192403,-0.833330978308886,18.4479024696923,0,0,0
561,-136.623401957188,0.0409638122844791,-11.5684153747265,2.70575908708839,-0.00454052394529925,0.101668590803278,-136.520622163142,0.00604788895968617,-11.4591213217783,2.70007740064213,-0.0159597318629026,0.0923391317317619,-30,0,0,0,0,0,0,2,-56.9664957379291,1.58387740837088,13.6843294703804,0,0,0
562,-133.937963542094,0.0372147173207768,-11.4479286011574,2.66513378914323,-0.00295767063819219,0.139322473423833,-133.955901944852,0.0464610112165539,-11.3802195143692,2.64649774099089,-0.000599083783486144,0.130700433803719,-30,0,0,0,0,0,0,2,-56.7379702093858,-0.0330136440844934,9.69039564836643,0,0,0
563,-131.294078974687,0.0342400165109561,-11.2914810204781,2.62264998078606,-0.00299173654422475,0.173590930967612,-131.377288045418,-0.12811146183813,-11.3849086743902,2.6021946909515,-0.00743006300022554,0.169651160049326,-30,0,0,0,0,0,0,2,-57.4648930043142,0.999229223698814,5.80470134384776,0,0,0
564,-128.693985992735,0.0317473477207901,-11.1021524419799,2.57754945692325,-0.00199360590975848,0.20508549561993,-128.583288356845,0.205223382526645,-11.1186272496837,2.57961822518592,0.00122592919510051,0.199727603216308,-30,0,0,0,0,0,0,2,-60.7952458049012,-0.533039684563341,2.26449417773656,0,0,0
565,-126.141309554315,0.0294866284175395,-10.881865825777,2.527816418481,-0.0025278396072231,0.235508840151962,-126.201980070941,0.101146623108121,-10.8954616406179,2.542198144557,0.017622005609303,0.21975304850329,-30,0,0,0,0,0,0,2,-61.8158543138175,-1.96449380714654,-0.184381569093219,0,0,0
566,-123.639417275296,0.0259759277943928,-10.6318484286806,2.47598054118788,-0.00449356784277564,0.264547869098721,-123.793152749501,-0.197047278904842,-10.5933672227517,2.47801615111657,-0.010392606985,0.259642583481725,-30,0,0,0,0,0,0,2,-60.2153096126548,1.43335525630969,-4.77752390266904,0,0,0
567,-121.189890429107,0.0221984201274483,-10.3550913677535,2.42308366474786,-0.0030614527208225,0.288988557666158,-121.189363974205,0.0558068442183525,-10.3166603232658,2.4079974723213,-0.00695310803256934,0.285371579926925,-30,0,0,0,0,0,0,2,-58.4210192837211,0.583697114820229,-7.90383734616086,0,0,0
568,-118.793319454839,0.0194282031319641,-10.05562679768,2.37006737158999,-0.00247898556086917,0.309962899966328,-118.896506944954,0.0892005068754923,-10.0024924818295,2.36265725259393,0.00679080058256404,0.33142371622567,-30,0,0,0,0,0,0,2,-58.4727113694844,-0.857481072007388,-13.1373866589081,0,0,0
569,-116.451175929362,0.0165198428435424,-9.7373070960679,2.31422703647915,-0.00333774049222634,0.326699911364764,-116.379544371626,0.224832070767946,-9.65537852377012,2.29861061111626,0.00884917217664838,0.307118446029427,-30,0,0,0,0,0,0,2,-57.1019723683735,-1.33458135920073,-11.4010875554024,0,0,0
570,-114.163804108578,0.0125141985456663,-9.40182219955122,2.2605242699956,-0.00467355414425284,0.34429239508207,-114.23597239846,0.0396311413693592,-9.35537282856039,2.28393789501751,-0.00153350320485665,0.351812102046891,-30,0,0,0,0,0,0,2,-59.9218447048314,0.0740880377469461,-16.4704645475683,0,0,0
571,-111.93267194487,0.00787702565001571,-9.05004098505251,2.20174665451094,-0.00460079616708973,0.359294534129341,-111.826796334127,-0.0114503039437907,-8.79840376002794,2.20276678177349,0.0252460605564957,0.355576429573891,-30,0,0,0,0,0,0,2,-56.6230855090955,-2.50170544776199,-17.9608354373332,0,0,0
572,-109.75931790212,0.00202474170453973,-8.68470604537405,2.14496683884146,-0.00710377809101532,0.371399003129548,-109.80597804182,0.11212985342193,-8.71308389618251,2.14004467580824,-0.00251010551412926,0.364646861283186,-30,0,0,0,0,0,0,2,-54.392511497184,0.0267508445690665,-19.0385183359535,0,0,0
573,-107.642084865577,-0.00506627795623473,-8.30825462239475,2.08950382467391,-0.00707826806032623,0.38152693297918,-107.649968245602,-0.124253449436192,-8.16462592299613,2.08907303873955,-0.00572383487585637,0.369887077542517,-30,0,0,0,0,0,0,2,-53.6073673827505,0.820890386458022,-20.6594559082595,0,0,0
574,-105.58041334739,-0.0117347179190928,-7.92249956068994,2.03384311975475,-0.00625861611230117,0.390006316128299,-105.562193155451,-0.0491488710386896,-8.02340561409328,2.02168660034055,0.00902872475004021,0.39149863316302,-30,0,0,0,0,0,0,2,-51.0442737231534,-0.804574732926642,-23.1030520881154,0,0,0
575,-103.573983009621,-0.018396223063037,-7.52991883745671,1.97902012255632,-0.00706439817409392,0.395177879425594,-103.730576997901,0.0596883041680922,-7.46439862615058,1.98204064992904,-0.0146440768604248,0.385047887202394,-30,0,0,0,0,0,0,2,-50.7429109971016,1.3450310777063,-23.5759914679382,0,0,0
576,-101.622370869184,-0.0247887049172246,-7.13237873078403,1.92420653322079,-0.0057205722925826,0.399925034945311,-101.642329653933,0.134951033927821,-7.1627277203516,1.93384784814952,-0.0189047295942134,0.387603271211983,-30,0,0,0,0,0,0,2,-50.1001255070865,1.6205708915657,-24.4348716804951,0,0,0
577,-99.7255308651239,-0.0296995889926078,-6.73055870248952,1.8694754543838,-0.00410120080663698,0.403737645816993,-99.7083643345459,-0.0199837068695023,-6.80536530354767,1.87205818665117,-0.00981143953736859,0.420795168963408,-30,0,0,0,0,0,0,2,-47.789089996025,1.02111136747586,-28.4687862892455,0,0,0
578,-97.883553053724,-0.0332908244478132,-6.32717869817339,1.81448033766728,-0.00308127579814113,0.403045040065719,-97.9140595773744,-0.119518874684492,-6.22565420486222,1.82190983577914,-0.000469546142471242,0.393366678735764,-30,0,0,0,0,0,0,2,-46.3628644231657,0.285992363616108,-26.885359463852,0,0,0
579,-96.0955394178354,-0.0362296739358555,-5.92415192065099,1.76154735573997,-0.00279642837444331,0.403030336336186,-96.1874349234799,-0.0424574237350032,-5.88826602679877,1.76551157256836,-0.0127012150153242,0.39272841830895,-30,0,0,0,0,0,0,2,-44.1762874098758,1.35503634900243,-27.4963097772974,0,0,0
580,-94.3597111160115,-0.038349134266928,-5.52192972259728,1.71010902650469,-0.00144249835983449,0.401435244841373,-94.5366511910946,-0.0425149093600601,-5.56603797708123,1.71218664637388,0.006329934390832,0.393495288582097,-30,0,0,0,0,0,0,2,-42.1453622551984,-0.54796362036308,-28.2174529040472,0,0,0
581,-92.6746713677387,-0.0400661477946949,-5.1220982717002,1.65996960469107,-0.00199153371452022,0.398248287051642,-92.733603657062,0.220023306069759,-5.1185883338941,1.67176003251217,-0.0104537749411224,0.402399823019529,-30,0,0,0,0,0,0,2,-41.7087959370927,0.605330881972723,-30.0028056341647,0,0,0
582,-91.0400823442862,-0.0417555520069309,-4.72625749226854,1.60920692691368,-0.00138728048322825,0.393454104210139,-91.0501652275266,-0.0691916103563138,-4.51891161083303,1.60932918541845,-0.000594490219704661,0.381769796042369,-30,0,0,0,0,0,0,2,-38.8325880867921,0.197832242683094,-29.1391563825708,0,0,0
583,-89.45482231593,-0.0430444202130211,-4.33557997539331,1.56131130998745,-0.00119046145544417,0.387920587948054,-89.5037911957272,0.0980270940389174,-4.37314555928768,1.55492245170541,-0.00108090650734864,0.378973463818986,-30,0,0,0,0,0,0,2,-36.4846627790867,-0.0879635373429707,-29.1510552633232,0,0,0
584,-87.9164872175514,-0.0442793442080179,-3.95102928462259,1.51535659021789,-0.00127939147327461,0.381199646427307,-88.0279901066544,-0.252480754967099,-4.07876044800553,1.51549369411503,-0.00856122490884233,0.383626699187339,-30,0,0,0,0,0,0,2,-35.4933891981941,1.36108400081843,-30.2051490227229,0,0,0
585,-86.4239913851857,-0.0448786689324491,-3.57385607568131,1.46963224900135,8.07371832967109E-05,0.373165492413429,-86.3209579293114,0.0318119456228501,-3.44696535600191,1.47192706967501,-0.00525398623535402,0.389192539817185,-30,0,0,0,0,0,0,2,-34.5507911088781,0.461774732289702,-32.0253232697147,0,0,0
586,-84.9773385388026,-0.044567516997105,-3.20567982666181,1.42366985221136,0.000541560461811522,0.363205780280045,-85.0386735815023,0.0828816990603138,-2.99873122945283,1.43312981951144,0.00450772111745434,0.364715619114113,-30,0,0,0,0,0,0,2,-33.2356347881398,-0.616535509866062,-30.4740994525057,0,0,0
587,-83.5756819072778,-0.0443346782221852,-2.84712480838889,1.37964007870284,-7.58875640734516E-05,0.353922232084046,-83.676657373821,0.0514259865162139,-3.03301279344916,1.39639158465055,-0.00564274622697483,0.338242093722058,-30,0,0,0,0,0,0,2,-32.2858437174129,0.461422649665056,-27.7581837853075,0,0,0
588,-82.2169173687099,-0.0441802874196526,-2.49693199549544,1.33788638071588,0.000384663757575889,0.346480437674512,-82.1676893655544,-0.12873400750637,-2.42916390224876,1.33192259849393,0.0166987106884312,0.355073855985666,-30,0,0,0,0,0,0,2,-28.8568811182845,-1.41240305383038,-30.6490577940691,0,0,0
589,-80.8992894314047,-0.0445022357933836,-2.15628353526329,1.29736522364417,-0.00102856591561635,0.334833007048674,-80.8846807007451,-0.144533356717367,-2.17113781550667,1.27733574027754,-0.0114229588329186,0.328892919529754,-30,0,0,0,0,0,0,2,-25.9642126262641,1.43136259672659,-28.5470163219621,0,0,0
590,-79.6204089905911,-0.0448154932749246,-1.82716200943541,1.26039147631755,0.000402044977346945,0.323425143637322,-79.668145436013,-0.128725228874003,-1.8025637612878,1.26120236359967,-0.00427719558021091,0.306998167350719,-30,0,0,0,0,0,0,2,-26.7839454879407,0.685170015769097,-27.0946892124963,0,0,0
591,-78.3784517896069,-0.0440712376078125,-1.50857161358202,1.22351942653531,0.0010864588403522,0.31377067468325,-78.3685518232031,0.00563000049755477,-1.5980508376213,1.22883728192966,0.0104670687315247,0.318382001339619,-30,0,0,0,0,0,0,2,-26.1466245465602,-1.05796687414758,-28.6420984587193,0,0,0
592,-77.1735429926567,-0.0435141377416109,-1.20041078573582,1.18629405799589,2.7735845383984E-05,0.302566108428974,-76.9700302821715,-0.119125913014655,-1.43730981221595,1.18087342524089,0.00265711111679805,0.325432720524066,-30,0,0,0,0,0,0,2,-24.1472819597456,-0.0274592856504952,-29.6686524279747,0,0,0
593,-76.0053278174242,-0.0435004915726057,-0.90439241597377,1.1501314473828,-4.48086507268003E-07,0.289485306821591,-76.0527179886246,-0.130924966172804,-0.926066213521974,1.1465220844065,0.00415429207656726,0.292989363277802,-30,0,0,0,0,0,0,2,-22.5467724634014,-0.153579275311118,-27.4468039007363,0,0,0
594,-74.8720058401573,-0.0435780634685203,-0.620935312418635,1.11650806552247,-0.000154701886774921,0.277442556679313,-74.9331152398692,-0.0798098388129879,-0.489160133106017,1.12825422515776,0.000510338216220847,0.277987427898815,-30,0,0,0,0,0,0,2,-22.9591920360376,0.108585856003891,-26.8204225236695,0,0,0
595,-73.7723166640737,-0.0436788085011655,-0.349105047757113,1.08286616848865,-4.67936520947677E-05,0.266231604570544,-73.6871904506507,-0.105969557630686,-0.377088695931697,1.08594895575952,-0.0213047642745515,0.26212137248101,-30,0,0,0,0,0,0,2,-21.2205146746508,2.34241554271653,-25.4579598562376,0,0,0
596,-72.705180086074,-0.0425547075290707,-0.0883661990028862,1.05140295979221,0.00229499010357623,0.255258846061195,-72.5195732885871,-0.0357842466108665,0.0161174559078618,1.04882760148736,-0.0199519339593561,0.259199364263812,-30,0,0,0,0,0,0,2,-19.843613571562,2.06676188915734,-25.9521713381969,0,0,0
597,-71.6690866522725,-0.0392266377710537,0.160847966252334,1.02077945069356,0.00436114362347787,0.243181883992181,-71.7427588043,0.00174277172642059,0.0186975863637734,1.01427179158504,-0.0195699053373441,0.253383350742524,-30,0,0,0,0,0,0,2,-17.941661549904,1.95350499028157,-25.37573024698,0,0,0
598,-70.6626809619971,-0.0338890217180951,0.397728052763212,0.99202727108519,0.00631408289912988,0.230589931808458,-70.5740429646618,0.119847904150668,0.55672824636998,1.01033872684577,0.0187611126998154,0.24734103049834,-30,0,0,0,0,0,0,2,-19.8857867552536,-2.11580707828288,-25.847559542574,0,0,0
599,-69.6859783496982,-0.0286331435651328,0.622401249648964,0.961373594320874,0.0041976674625291,0.218768814955354,-69.7526497879942,0.0372002711013747,0.633858659183202,0.957070394475713,-0.0107348186888938,0.20309088121719,-30,0,0,0,0,0,0,2,-16.2017398715828,0.999081326686632,-21.5768054400854,0,0,0
600,-68.7372190309025,-0.023936182346102,0.836022228385108,0.936141278065247,0.00519624889552856,0.208483365586941,-68.6926759976103,0.133325044403638,0.861108839643105,0.934935233604369,0.0183770205630915,0.196401362409517,-30,0,0,0,0,0,0,2,-16.1081713652164,-2.10435214511643,-21.3623539202379,0,0,0
601,-67.8136042810303,-0.0197923548654571,1.03945076082823,0.911084529112633,0.0030914004796256,0.198383832519285,-67.9491854535707,0.0104324419455334,1.1783184369694,0.91524729165365,-0.00483918656556189,0.20250425118296,-30,0,0,0,0,0,0,2,-15.6263582582237,0.463053772665122,-22.6070619922348,0,0,0
602,-66.9152086752984,-0.0164696730307547,1.23216017758372,0.885702510863564,0.00355395740025423,0.187045235352013,-66.9537581785553,0.0622276692631666,1.37396130431112,0.885809558614095,0.00233587312217501,0.190149720174069,-30,0,0,0,0,0,0,2,-14.673439504299,-0.358042650743834,-21.7628946260292,0,0,0
603,-66.0415760991104,-0.0130949698337581,1.41364176152864,0.861558552964082,0.00319544381622495,0.175927665342841,-65.9987205783076,-0.0723164750051081,1.2659302920911,0.878699745418609,0.0178273138181004,0.17529667899104,-30,0,0,0,0,0,0,2,-15.8725333852457,-1.63809843179982,-20.0615284832862,0,0,0
604,-65.1921146233693,-0.0107188125906811,1.58507558077987,0.837361139880966,0.00155686446939335,0.166949702805557,-65.3101665616242,0.13463324924486,1.76819534714854,0.828394441546018,0.00199017416193994,0.16669199825915,-30,0,0,0,0,0,0,2,-12.2191110313534,-0.468283914683714,-20.205590520212,0,0,0
605,-64.3653937501698,-0.00939629171792051,1.74646919433464,0.816076528102431,0.00108817132502857,0.155846110056146,-64.4064794988145,0.0133615514157474,1.75818586260208,0.814063751424743,0.00525575013195809,0.169627833199204,-30,0,0,0,0,0,0,2,-12.5934161448452,-0.552298116027304,-20.4791550451246,0,0,0
606,-63.5602014074245,-0.00858447498265409,1.89677800684729,0.794304093509898,0.000535454278597607,0.144780266763673,-63.5738366980582,0.0341984141877078,1.97278182246035,0.804824007460203,0.000172259023026725,0.145012245467904,-30,0,0,0,0,0,0,2,-13.334727349904,-0.0856227306780881,-18.4467881917111,0,0,0
607,-62.7765238130027,-0.00809203783414838,2.03709469106261,0.773047861571133,0.000449414480262896,0.135861635555155,-62.9101656457024,-0.115418424747947,2.06808587609007,0.792671039180154,-0.00553303643700556,0.147839972779537,-30,0,0,0,0,0,0,2,-13.4467726266106,0.784140493196451,-18.9201690301338,0,0,0
608,-62.0142924657401,-0.00725076214638964,2.16835509851749,0.751411493162056,0.00123313179155142,0.12666783846017,-61.9892864617838,0.0408578587586649,2.23196143451404,0.733430301503799,0.0146549899636959,0.134161435002644,-30,0,0,0,0,0,0,2,-9.36445722681221,-1.54721471388692,-17.8800663692925,0,0,0
609,-61.2717316806086,-0.00679140080557296,2.28971756142918,0.733706196700956,-0.000314416158083224,0.116064218383439,-61.1719090124865,0.0335092015721988,2.38066388821002,0.730603960930273,-0.0038369793174844,0.128664072328389,-30,0,0,0,0,0,0,2,-10.7165780680542,0.316679528604042,-17.627735009259,0,0,0
610,-60.5473725259041,-0.00694765355282131,2.40098569558368,0.715008626067831,1.90522444817578E-06,0.106479543992725,-60.5476024054454,-0.0819092468391862,2.37993165099572,0.704806128690741,0.00111745591814607,0.12342111848836,-30,0,0,0,0,0,0,2,-9.38540805818329,0.0520729018637654,-17.1019751508274,0,0,0
611,-59.8410244178098,-0.00691987143266308,2.50252930320515,0.697683997631222,5.36508421380574E-05,0.0966146229065873,-59.6808516815487,-0.0670503568126476,2.61360666188151,0.706541122560832,-0.00260328805293809,0.0966879403867277,-30,0,0,0,0,0,0,2,-11.2924088929858,0.394429518919104,-14.8960073624358,0,0,0
612,-59.1521675565118,-0.0066691765706782,2.59567846819581,0.680027260229876,0.000447733111228199,0.0896907666015679,-59.29929382292,-0.0622765940280582,2.54711245826035,0.671986966300827,-0.00528864790266087,0.097727735754914,-30,0,0,0,0,0,0,2,-8.60010898424269,0.653417978322204,-14.8669984920121,0,0,0
613,-58.4798604899214,-0.00589487721339847,2.68116956282297,0.6645838450311,0.00110085777526131,0.0812976212447901,-58.7180523246948,-0.0936361821358194,2.80874274960412,0.648715774618742,0.00378130731373071,0.0806465164700019,-30,0,0,0,0,0,0,2,-7.4354728124847,-0.190858367101432,-13.6821371462084,0,0,0
614,-57.8221896367128,-0.00488957650170489,2.75844032289248,0.650754969724495,0.000909739027744557,0.0732494646033144,-57.8519724180495,-0.0658058744080146,2.78649313776625,0.628218701936894,0.00345579522474236,0.0774310751099644,-30,0,0,0,0,0,0,2,-7.11792535759037,-0.213967773658207,-13.3160937865289,0,0,0
615,-57.1781214573967,-0.0040869437492116,2.82773913978351,0.637378557063394,0.000695520205317557,0.0653535484132261,-57.1197028884547,0.00223725095911876,2.96061636199261,0.637948740649841,-0.00890196932187251,0.0423920838164845,-30,0,0,0,0,0,0,2,-9.55546828807478,0.885722430269013,-10.1604411056337,0,0,0
616,-56.5475356793457,-0.00294869606612532,2.89114951724264,0.623791697145825,0.0015809688189801,0.0614726548119029,-56.6590362871885,-0.0674446333549374,3.02622573845922,0.609064203646616,-0.00108759960809734,0.075458033648189,-30,0,0,0,0,0,0,2,-7.58834779028455,0.243649227519608,-13.5982548417373,0,0,0
617,-55.9307182993809,-0.00124603120939712,2.94872290717028,0.609840270347316,0.0018243553025905,0.0536796967686583,-56.0111631774693,-0.0480440554887124,2.92540301623049,0.608054797649292,-0.012428919804882,0.054194688747121,-30,0,0,0,0,0,0,2,-8.78315340999053,1.33898009146562,-11.2702749071731,0,0,0
618,-55.3276831679686,0.00124768302050761,2.99981629423351,0.596228200548198,0.00316306788985643,0.0485125093255368,-55.3402207998822,-0.0582091149114259,2.85818380383369,0.592779647027328,0.00109931894679083,0.0415848777434339,-30,0,0,0,0,0,0,2,-8.5975231029685,0.00648633514376872,-9.87485538201077,0,0,0
619,-54.7377891349026,0.00441387112100087,3.04627697343965,0.583558478577956,0.00316930186107585,0.0444139105262395,-54.7009315894606,-0.0340448712612211,2.97132085796013,0.574236848903031,0.00956701636065345,0.0477615176276436,-30,0,0,0,0,0,0,2,-8.0218217113818,-0.888611893542902,-10.7187934786846,0,0,0
620,-54.1605756989176,0.0071387462418551,3.08814347332412,0.570866630542991,0.00228044217048989,0.0393241467044537,-54.2889838437839,-0.131615464956657,2.99430313278153,0.574348449637489,0.0409087222431606,0.0480676229939581,-30,0,0,0,0,0,0,2,-8.85687727618097,-3.82764129440274,-10.7953685649589,0,0,0
621,-53.5964229832278,0.007505238229043,3.12514411650389,0.55743720602194,-0.00154746420882673,0.0346824644434585,-53.6002766176511,-0.2169915024055,3.06383723075592,0.562006702072518,0.00579942633204652,0.0395983985831451,-30,0,0,0,0,0,0,2,-9.00011697194963,-0.145959628393653,-10.0875143198263,0,0,0
622,-53.0455593485325,0.0058846659982905,3.15784969624068,0.544288729938841,-0.00169368597419825,0.0307339006851924,-53.0320192746272,0.0114571403036982,3.32285449346367,0.530979693190246,-0.0100330823076351,0.0322266567157711,-30,0,0,0,0,0,0,2,-7.03393076977023,0.980393950156114,-9.86837465850444,0,0,0
623,-52.5069815814569,0.00468106894318479,3.18614539640251,0.532865121828604,-0.000713513154333956,0.025862044120135,-52.4598096988285,0.0348852518981932,3.09204119434805,0.535147997885666,-0.00945264996402563,0.0224122162155331,-30,0,0,0,0,0,0,2,-8.59518039090953,0.875494492606177,-8.42530401024941,0,0,0
624,-51.9800539095772,0.00440518575026257,3.21062255181662,0.520989335517002,0.000161740892878272,0.0230969689837149,-51.8707824526771,-0.0397618447416441,3.16585763964125,0.521418411172459,0.0017119005029847,0.0110702907618463,-30,0,0,0,0,0,0,2,-8.40027621189169,-0.0916663608151814,-7.43874435546713,0,0,0
625,-51.4646402593274,0.00452098199124867,3.23269518202644,0.509837348994063,6.98460559870741E-05,0.0210527117234234,-51.2180485318665,0.0321479579267393,3.37105679225237,0.503516258854708,-0.00221698186959462,0.0290675890466443,-30,0,0,0,0,0,0,2,-7.9155288217379,0.157402271105984,-9.64887248916917,0,0,0
626,-50.9608214757934,0.00466941327774241,3.25169498389405,0.497798823256256,0.000227011416256729,0.0169516346930858,-50.9964044966768,-0.023799703054248,3.29960144455099,0.487505754069403,-0.00177512040604621,0.0344704661228691,-30,0,0,0,0,0,0,2,-6.75776641358659,0.225111446713117,-10.0462495013889,0,0,0
627,-50.4686882645386,0.00500887431367345,3.26611090271082,0.486465840598386,0.00045190578729445,0.0118846712575188,-50.5148087307119,-0.0240024926622558,3.16125674744112,0.479243408170204,-0.0104006759197516,0.0109492889592004,-30,0,0,0,0,0,0,2,-6.89472335559667,1.08807257729967,-7.41744239080228,0,0,0
628,-49.987187696061,0.00600471976346928,3.27658431691177,0.47653438585311,0.001539780084273,0.00906608798423587,-50.0819042262022,0.0801996450066218,3.24355350958658,0.46638405293874,0.00707342730576416,0.00308839389950946,-30,0,0,0,0,0,0,2,-6.47459684146961,-0.86774202058966,-6.79594640912411,0,0,0
629,-49.5152699513955,0.00711053952195491,3.28438227076221,0.467300298215729,0.00067185325944706,0.00653347943706317,-49.6310114657779,-0.128161492092531,3.15141664286731,0.449113556284349,0.0090441529836092,0.00974424655205819,-30,0,0,0,0,0,0,2,-5.64933269687917,-0.648092314175859,-7.27725794094044,0,0,0
630,-49.0523924322449,0.00745826351593473,3.28922309595955,0.458453615826727,2.35886569160983E-05,0.00315167669588952,-48.871228555996,-0.0213148333726269,3.1984372648768,0.442963760222362,0.0199163084537332,0.00642190461779179,-30,0,0,0,0,0,0,2,-6.55391891024419,-1.94900117862807,-7.03906499153277,0,0,0
631,-48.598663820646,0.00650726041270967,3.29105239321588,0.449002760248884,-0.00192560089894593,0.000510642926837293,-48.5952702224955,-0.0696511963110501,3.41271791244915,0.431801995566387,0.00334063404875088,0.00209915789586985,-30,0,0,0,0,0,0,2,-5.98965911164783,-0.194761012252987,-7.03535161448528,0,0,0
632,-48.1541580639496,0.00448419308765013,3.29008921260441,0.440007790117855,-0.00212053900255898,-0.00243345864180898,-48.0937273417881,-0.015148976078234,3.3689110117689,0.4421615736146,-0.00511149821984993,-0.0216104318039123,-30,0,0,0,0,0,0,2,-8.02870267788367,0.541447774141461,-4.57677884314657,0,0,0
633,-47.7187630978435,0.00263428200919707,3.28778561567654,0.430782379759241,-0.00157928885551577,-0.00217010974950092,-47.7944414984732,-0.0947438574223403,3.34524367064634,0.429589324381599,-0.00566730692529727,0.000484872373855006,-30,0,0,0,0,0,0,2,-7.3700494412135,0.756218407374407,-6.73897457867818,0,0,0
634,-47.2929554886878,0.00143300406633453,3.28468585687729,0.420832279553477,-0.000823272643052374,-0.00402552171642288,-47.4150696356558,0.0815844085914015,3.27166124597543,0.407538955543044,-0.00180227729583361,-0.00769912813695722,-30,0,0,0,0,0,0,2,-5.92375628299266,0.0170589124005583,-5.77340967825513,0,0,0
635,-46.8762306639499,0.00061818046983987,3.27971238671091,0.412616795648815,-0.000806379169597937,-0.00591818782538893,-47.1059955171408,0.0234855665563634,3.21358072208587,0.425259471179309,-0.0013922312063147,0.0152037445648779,-30,0,0,0,0,0,0,2,-8.31395608364917,0.0922519875187434,-7.94753590065953,0,0,0
636,-46.4693280516624,-0.000142185547008585,3.27267178864603,0.401187724342491,-0.000714358107100141,-0.00815858719439785,-46.5899164192065,0.15745672674965,3.12826145931829,0.426808131807957,5.48085946926481E-05,-0.0146970327403079,-30,0,0,0,0,0,0,2,-9.50098034238278,-0.320394312968565,-4.7868196446058,0,0,0
637,-46.0734139139978,-0.00101685220843622,3.26503309802546,0.390641066879494,-0.0010349811274729,-0.00711470971348169,-45.8930770106151,0.259080572275753,3.1621472004911,0.397183143879704,-0.00164079829408912,-0.00637866556792123,-30,0,0,0,0,0,0,2,-7.93216036674013,-0.354081315142595,-5.68642784419009,0,0,0
638,-45.6876722190444,-0.00222897319390951,3.25762666888875,0.380842230092433,-0.00138926722658481,-0.00769435264781342,-45.6249710114423,-0.170297349128156,3.36481907865951,0.385557408320034,-0.00667597116593916,0.000583771228450724,-30,0,0,0,0,0,0,2,-7.30579880911883,1.00819181485023,-6.78801528016409,0,0,0
639,-45.3117986245429,-0.00311424262250223,3.24902214414124,0.370904406896682,-0.000381276725979704,-0.00951085422371745,-45.3411357320298,0.0278807832252178,3.52034877362949,0.376952581002199,0.0198990268957192,-0.0108279298826146,-30,0,0,0,0,0,0,2,-7.01298663616023,-2.04566425602235,-5.95790455899751,0,0,0
640,-44.9455024390209,-0.00451844424438235,3.23886289556593,0.361687602274206,-0.00242712966249791,-0.0108040762256945,-45.0377965647189,0.148105732064204,3.41792984458414,0.355320393925185,-0.0054465502859802,-0.0116171087178283,-30,0,0,0,0,0,0,2,-5.45644626308078,0.248443564469611,-5.67414881738546,0,0,0
641,-44.5877108800278,-0.00682142708736933,3.2270789768359,0.353894907747176,-0.0021788414081552,-0.0127607337496033,-44.7853984662058,0.0148601293880664,3.10893644906421,0.358175873533707,-0.0158318720168742,-0.0278172324692987,-30,0,0,0,0,0,0,2,-6.24679042095906,1.55346694291128,-3.43614965119855,0,0,0
642,-44.237375823236,-0.00822360827034773,3.21448505226525,0.346775446061328,-0.00062552721030159,-0.0124243417827907,-44.0448439954554,0.0603871599705056,3.21305063910768,0.367233119832475,-0.00154444935027162,-0.0117275149859249,-30,0,0,0,0,0,0,2,-8.63362399233682,0.033670615086151,-5.25334977962287,0,0,0
643,-43.8956590725089,-0.00883240536196997,3.20220333639067,0.336658275815713,-0.00059207182591137,-0.0121352118418791,-43.7691496523903,0.0834176819881156,3.40037966546173,0.353807821554285,-0.0161133059739627,-0.0156697753468179,-30,0,0,0,0,0,0,2,-7.84248285064781,1.44449523342004,-5.23378179624168,0,0,0
644,-43.5637334028469,-0.00870232672957622,3.1899973002466,0.327193120807804,0.000852224113140071,-0.0122732321947814,-43.5909213324477,-0.275509279207134,3.2807632420782,0.330618415847031,-0.00632639246981108,-0.0186722644527938,-30,0,0,0,0,0,0,2,-5.87999891980773,1.18365780539538,-4.69430003887703,0,0,0
645,-43.2403211165329,-0.00725834840819551,3.17730347214374,0.319631254091696,0.00203572618279969,-0.0131115015100465,-43.2269538252021,0.00939656195847951,3.20652406167086,0.325504329880945,-0.00286425493030277,-0.0126934429638868,-30,0,0,0,0,0,0,2,-6.09652533769031,0.267632369113318,-5.14370382695303,0,0,0
646,-42.9246913011619,-0.00508888491539364,3.16366261998324,0.311628090435019,0.00230319482265834,-0.0141671309049356,-42.8872853826663,0.0443382240211429,3.1571844576303,0.326256910562299,-0.00850643428628528,-0.0104126619615867,-30,0,0,0,0,0,0,2,-6.85112029089733,0.761966980586242,-5.27310271910193,0,0,0
647,-42.6174081476588,-0.0024047941888188,3.14914604856359,0.302938061602415,0.00306498195727735,-0.0148626940903428,-42.4169816836384,0.138167759644455,3.01700480511792,0.297764162415235,0.0215208359986415,-0.0207914801463749,-30,0,0,0,0,0,0,2,-4.94245287424662,-2.42841911915306,-3.95486159559836,0,0,0
648,-42.3176560899247,-0.000554085611634122,3.13391102258428,0.296565882921362,0.000636431868197872,-0.015604898870922,-42.2814345919393,-0.0742729201706776,3.1731905541932,0.299665643742131,0.00608599947698471,-0.007991291951485,-30,0,0,0,0,0,0,2,-5.4036951903346,-0.460054107357116,-5.54725191323789,0,0,0
649,-42.0249339323393,-0.000147754472688421,3.11743597913842,0.288877892570083,0.000176224547851179,-0.017342249885618,-41.9647247259992,0.0624017036780375,3.04593978081735,0.289106494290065,-0.00855223651312082,-0.00892811885006315,-30,0,0,0,0,0,0,2,-4.98119997700805,0.730420243956007,-5.19906767662839,0,0,0
650,-41.7396280693154,0.00039361190173926,3.09924746175549,0.281733310516285,0.000906502850414988,-0.0190320531128609,-41.7211192096099,0.0954622032612438,2.97665321455183,0.304102376923032,-0.00603801320297857,-0.0252952577745369,-30,0,0,0,0,0,0,2,-6.96799927308338,0.412876913775369,-3.42378065164997,0,0,0
651,-41.4617416468995,0.0015064733867653,3.08068119894596,0.274039975064499,0.00131921274505622,-0.0180975472547885,-41.6061448913131,0.0969634161083298,3.02719703632038,0.280972641628234,0.0135274851672189,-0.0105565228282122,-30,0,0,0,0,0,0,2,-4.88497438019724,-1.54667534893855,-4.99874178981954,0,0,0
652,-41.1911767022678,0.00205228185349077,3.06180617888546,0.267089439687543,-0.000227600983211894,-0.0196498431235976,-41.1742492532432,0.0985651333859445,3.20728787295294,0.280515953856668,0.00347416790514186,-0.0282486725457995,-30,0,0,0,0,0,0,2,-5.70309687918046,-0.544547057286075,-3.58970849132594,0,0,0
653,-40.9274740030033,0.00155233838053462,3.04219651588059,0.260316081877679,-0.000772291198574169,-0.0195669043129563,-41.1068820518403,-0.151174379390754,2.93785384036499,0.259428818695053,-0.00206785197785311,-0.0210373051035212,-30,0,0,0,0,0,0,2,-3.72911776582471,0.50913395656682,-3.77197717037786,0,0,0
654,-40.6698051826375,0.00103456389081813,3.02201710839103,0.25502119950047,-0.000263262517371817,-0.0207898789959437,-40.4862347876337,-0.0950766294559892,2.97162290518724,0.260094745320559,0.0112319849532611,-0.020576713837769,-30,0,0,0,0,0,0,2,-5.03700495678849,-0.933045236414135,-3.88557442659757,0,0,0
655,-40.4179914778761,0.000304716064430528,3.00096460502875,0.248606106023538,-0.00119644004565784,-0.021312690027284,-40.5464714215872,0.150024254263773,2.89624157328835,0.259332262853281,0.00352400998435691,-0.0335221372670259,-30,0,0,0,0,0,0,2,-4.84028344215372,-0.652449506963237,-2.44026941987411,0,0,0
656,-40.1720834439147,-0.00121800390555311,2.97991820601674,0.243210243654035,-0.00184900607886175,-0.0207780482023537,-39.9613836422796,0.109230019759271,2.91802060354693,0.254530751087547,-0.00896382077736511,-0.022979904072602,-30,0,0,0,0,0,0,2,-5.53030782419559,0.677922038217969,-3.53805079983366,0,0,0
657,-39.932174814789,-0.0027281162568965,2.95917800474101,0.236607128912832,-0.00117122332338861,-0.0206998571864804,-39.8726843547256,-0.155985001106663,3.01428066098991,0.258950492408022,-0.0191666363306834,-0.00667704401810461,-30,0,0,0,0,0,0,2,-6.14968053135095,2.22863363528167,-5.36085692016935,0,0,0
658,-39.6996616953815,-0.00278510324947065,2.93797744534088,0.228418828332499,0.00105724374349715,-0.021698194426288,-39.6298808837934,0.0371791209749042,3.11570544014764,0.229513371938724,0.00722006991576108,-0.0196790362086292,-30,0,0,0,0,0,0,2,-3.69157542628561,-0.796365233525916,-4.26350725943236,0,0,0
659,-39.4740244360126,-0.00212609360989717,2.91549280306088,0.222855200908261,0.000260769958570557,-0.0232689840758926,-39.2619948402598,0.111517644525308,3.02240145656024,0.24166137114752,-0.00424871893041765,-0.016390672894007,-30,0,0,0,0,0,0,2,-5.64214743423243,0.201836603991149,-4.40573562371978,0,0,0
660,-39.2547762272415,-0.00176447659941363,2.8919703387129,0.215641113679096,0.000462457934350614,-0.0237732430240997,-39.2791218530842,-0.00961519294177043,2.82364344601161,0.215311592032708,0.0193020215770709,-0.0185315155794121,-30,0,0,0,0,0,0,2,-2.9729154971024,-1.91097177182355,-3.794135334082,0,0,0
661,-39.0414905232329,-0.00225754790183328,2.86739715310155,0.210929793053161,-0.00144860421286111,-0.0253713435747694,-38.968723231124,-0.0331367011634679,3.03808133448125,0.217321196199293,-0.0032703150834837,-0.0240403139023654,-30,0,0,0,0,0,0,2,-3.79467315768138,0.393304910675306,-3.67213127872597,0,0,0
662,-38.8332099270313,-0.00350954935690589,2.84152640583782,0.205631114516947,-0.00105540506619521,-0.0263681550244982,-39.0813006130912,0.0990091221478513,2.79366194379635,0.20065082937986,0.00322418156429967,-0.0334176180199558,-30,0,0,0,0,0,0,2,-1.9024817118035,-0.52043640072567,-2.24556208559713,0,0,0
663,-38.6290440054462,-0.00482519870056339,2.81466757139481,0.20270045153885,-0.00157589780557544,-0.0273483799152785,-38.8082671825371,0.0141020837573651,2.86390802575659,0.219206361115753,-0.0129833098870506,-0.00490948319506769,-30,0,0,0,0,0,0,2,-4.3041017465011,1.27012682119032,-5.23686773200641,0,0,0
664,-38.4296680771847,-0.00576609456007934,2.78635758767131,0.196050785051321,-0.000305899732791556,-0.0292691115902083,-38.6607575361522,0.158750759624886,2.82505152148491,0.18503662262006,0.0042746946502895,-0.035206119127044,-30,0,0,0,0,0,0,2,-1.18214718970163,-0.744970984278723,-2.12949113026543,0,0,0
665,-38.234762157001,-0.00644449745498484,2.75643708086702,0.193760659309801,-0.00105091173716683,-0.0305710075844343,-38.4739982066745,-0.023393138236807,2.66519616989311,0.184321294546388,-0.00310714927277961,-0.015624375165056,-30,0,0,0,0,0,0,2,-1.48413304128976,0.357501203751575,-3.76795482328063,0,0,0
666,-38.0427612289836,-0.00731668618269045,2.72465402627598,0.190240397544431,-0.000693471002732709,-0.0329937626510717,-37.906392504975,0.053735259717708,2.62417166285309,0.183978897145711,-0.00678909108954745,-0.0341115631125897,-30,0,0,0,0,0,0,2,-2.58510470462103,0.571438589519329,-1.83718701444722,0,0,0
667,-37.8541407241048,-0.00772446830598971,2.69155439600039,0.18700061066183,-0.000122099017630155,-0.0332042646036884,-37.8194651193254,-0.125395509732909,2.6117404807336,0.185644420694531,-0.0153020316599721,-0.0380927457156174,-30,0,0,0,0,0,0,2,-2.92551183080223,1.78099418546303,-1.41420638990546,0,0,0
668,-37.6687682631453,-0.00695610236784079,2.65851931364561,0.18374450782922,0.00165882523083594,-0.0328646627069544,-37.7296516656866,-0.0556001864069769,2.56491090300717,0.200111456809744,-0.00323093356784339,-0.0418604860468132,-30,0,0,0,0,0,0,2,-4.55184234960118,0.434293729598292,-0.943773201333029,0,0,0
669,-37.4871576452422,-0.00508017728848666,2.62650590882036,0.179477412226677,0.00209302044063039,-0.0311605493905838,-37.6398718272959,0.009405282606839,2.72181090568226,0.19085171522916,-0.014772830111714,-0.0257185253598582,-30,0,0,0,0,0,0,2,-3.8054278683241,1.45847244595772,-2.87176927537871,0,0,0
670,-37.3100971288932,-0.0022579679092476,2.59520776867755,0.17464359260086,0.00355139346320342,-0.0314339313494424,-37.3822361877389,-0.00376223077333793,2.62300520844925,0.171364469786375,-0.00152151686017424,-0.0298414368622302,-30,0,0,0,0,0,0,2,-2.37197460315958,0.159676147564099,-2.26186673067549,0,0,0
671,-37.1371152752742,0.00137323337547867,2.56345105709195,0.171319952343719,0.00371100377058176,-0.032078239423796,-37.2232531576167,0.00656255256483546,2.57542328917434,0.169596772886698,0.000890807605124722,-0.016663521837316,-30,0,0,0,0,0,0,2,-2.51317097343638,-0.102205865642143,-3.48449439461708,0,0,0
672,-36.9678837878066,0.00503309744939218,2.53060993812267,0.167142542443043,0.00360871923493351,-0.0336024429178732,-36.9791665952998,0.0531418408861697,2.5106794834095,0.173701030838464,0.0102058839151325,-0.0324148447365965,-30,0,0,0,0,0,0,2,-3.41176989324683,-1.12687207328559,-1.77987449315935,0,0,0
673,-36.8026721593506,0.00807834249910685,2.49719955650937,0.163280920084457,0.00248176453622289,-0.0332168795336723,-36.8565916239076,-0.034028847005433,2.49783512369911,0.168425661914179,-0.00463982347903166,-0.0306975375025302,-30,0,0,0,0,0,0,2,-3.12938294360276,0.532040041914032,-1.9259164971452,0,0,0
674,-36.6412535773403,0.0108260906523261,2.46403537141734,0.159556347476751,0.00301372638719453,-0.0331101042177612,-36.7897748096125,-0.116176277634338,2.41117999310186,0.17396644767848,0.0200223115163272,-0.0250288773851013,-30,0,0,0,0,0,0,2,-3.81709514862304,-1.76987859636405,-2.31947224769359,0,0,0
675,-36.4839519387116,0.0129548333462759,2.43103447446558,0.155047072957972,0.00124375266425346,-0.0328900250340502,-36.3751439233745,0.0351449385755321,2.30416374007225,0.168749312992906,-0.00503985707041963,-0.0415180629036798,-30,0,0,0,0,0,0,2,-4.1246434525416,0.433695829890899,-0.45652118977652,0,0,0
676,-36.3307153347114,0.0144153941089883,2.39909190463906,0.1514268753159,0.00167736248669412,-0.0309937711907956,-36.4356480573204,0.0431081742026877,2.41102222486427,0.145498551915287,-0.00345642264431498,-0.0178223233088489,-30,0,0,0,0,0,0,2,-1.67855907688787,0.259425916026123,-3.03981211884365,0,0,0
677,-36.1809113913536,0.0162224432128953,2.36728048314927,0.148180490089638,0.00193673002140669,-0.0326278625494717,-36.1930667239331,0.0236449103965119,2.223168946178,0.153810694078816,0.00137496261950249,-0.0298934484013472,-30,0,0,0,0,0,0,2,-2.99493596001552,-0.184786082743273,-1.45699305222128,0,0,0
678,-36.0343958219919,0.0180667475816347,2.33486713991388,0.144850863501217,0.00175187227210287,-0.0321975887590825,-36.1559309462805,-0.0537605959921199,2.33541248174662,0.155287571929032,0.00828722590628419,-0.0342243813557363,-30,0,0,0,0,0,0,2,-3.21689530034224,-0.721201398644179,-1.2483868279196,0,0,0
679,-35.8912336806581,0.0194579851636996,2.30303809906015,0.14147374204226,0.00103059648976588,-0.0314592429318847,-35.8637407730591,0.138652883508608,2.27761466683866,0.144431705829778,-0.00313484526908716,-0.0315224021529886,-30,0,0,0,0,0,0,2,-2.71568903685951,0.0361787598914994,-1.40298911837847,0,0,0
680,-35.7512962420777,0.0205066406227092,2.2717370577711,0.138401307316885,0.00106670959316163,-0.0311416997436521,-35.7137577060576,0.13650501141045,2.26768376619165,0.135866379071812,-0.00788774103145409,-0.0233275711182859,-30,0,0,0,0,0,0,2,-2.15912249506602,0.515764080324509,-2.20261042055471,0,0,0
681,-35.614454364779,0.0218312038236422,2.24027042652068,0.135282273864005,0.00158241257283617,-0.0317904097489224,-35.6448972944333,-0.140538674247199,2.24907380606795,0.133235343839278,-0.0124465256685544,-0.0352052955098336,-30,0,0,0,0,0,0,2,-2.0337397950611,1.52572991534984,-0.97761806115253,0,0,0
682,-35.4803081937255,0.0241764600103698,2.20860511915724,0.133010214654619,0.00310809391996956,-0.0315393556853668,-35.2908459928136,-0.0165160163632365,2.26950527076941,0.128374516293704,-0.00734111840192945,-0.0385696292070367,-30,0,0,0,0,0,0,2,-2.25575964374332,0.767143872919418,-0.682047620835152,0,0,0
683,-35.3484310919501,0.0276681032589223,2.17737822956966,0.130744267544435,0.00387518721324865,-0.0309135759591566,-35.2441267170926,-0.0651491534228834,2.24561469370469,0.13255927935373,0.00786595846764054,-0.0322526134545403,-30,0,0,0,0,0,0,2,-2.76767450118783,-0.656297539918288,-1.26596804195534,0,0,0
684,-35.219200206215,0.031215111861755,2.14670545494403,0.127717728449192,0.00321882410555534,-0.0304308596385739,-35.1209423809382,0.0330853929929196,2.21455712710052,0.115739509917779,0.00218621805776124,-0.0338799078902134,-30,0,0,0,0,0,0,2,-1.33206622990152,-0.284792591761963,-1.0411234651797,0,0,0
685,-35.0923590011236,0.034291525041179,2.11616781375375,0.125964659613281,0.00293399641272495,-0.0306437617775899,-35.0546116615487,-0.164034195615688,2.06611296196706,0.135808215572528,0.016571167811077,-0.0322134853746664,-30,0,0,0,0,0,0,2,-3.47159823415527,-1.32904838987633,-0.91087738646749,0,0,0
686,-34.968075999975,0.0365609617419567,2.08612670232516,0.122601823099201,0.00160487132001769,-0.0294372314924354,-34.9235914879017,-0.00307847887783758,2.05613254227218,0.118922453053371,-0.0194865248211261,-0.0314327498422318,-30,0,0,0,0,0,0,2,-2.04506232953377,1.95480943986828,-0.96899010032118,0,0,0
687,-34.8466091612573,0.0391432160144647,2.05683508352698,0.120332009979851,0.00355963203195699,-0.0291451662529473,-34.9212206657211,0.101711273700978,2.03919968853231,0.126510645770146,0.0361179002282252,-0.0385340290780192,-30,0,0,0,0,0,0,2,-2.80862324557248,-3.81521257022447,-0.224996469262702,0,0,0
688,-34.7274843197523,0.0407952157157445,2.02836609799916,0.117918201811361,-0.000255638396621998,-0.0277919137032535,-34.761592663046,0.0601831842658154,2.04822387728662,0.11560683674718,0.00120711856965532,-0.0367885552116116,-30,0,0,0,0,0,0,2,-2.03749834862603,-0.241078225497163,-0.417592233412079,0,0,0
689,-34.6105268966834,0.0404190187017409,2.0009400227586,0.115996950855633,-0.000496760686445953,-0.0270595224558604,-34.4303090736938,0.01957790181915,2.1332202545223,0.121611346009443,-0.00170327513370739,-0.0265305732969173,-30,0,0,0,0,0,0,2,-3.30051645355663,0.131171709732439,-1.61338317935288,0,0,0
690,-34.4963555235411,0.0399878074373361,1.97416590005245,0.112346046579725,-0.000365668022091756,-0.0264874003373713,-34.4801439107573,-0.0362790547701238,1.83874821441219,0.117842189555674,-0.000713782598978058,-0.0348101002870626,-30,0,0,0,0,0,0,2,-2.82393113405278,0.143936369438053,-0.196486400118116,0,0,0
691,-34.3852101850038,0.0396940815438618,1.94837914853253,0.109945171584256,-0.000221789589793366,-0.025085221871821,-34.3441326882822,0.04473016321631,1.98095851457713,0.113761230489865,0.00318014120653482,-0.0329487316368602,-30,0,0,0,0,0,0,2,-2.68785767242213,-0.407474447086102,-0.667043865468241,0,0,0
692,-34.2765555938267,0.039268528285799,1.92377002762293,0.107364391414013,-0.00062932311232475,-0.0241320779509897,-34.3356855874653,0.0847644695792483,1.90794689356802,0.0953645444843148,-0.017305498765443,-0.0346885003406991,-30,0,0,0,0,0,0,2,-0.865083273500915,1.56102093738581,-0.347043753066121,0,0,0
693,-34.1696647746462,0.0394197083245036,1.89968035667088,0.106417321864097,0.000931677724052692,-0.0240468979954901,-34.1461531158515,-0.183499708293818,2.0250581792,0.115744989208374,0.00853692886060386,-0.0172710189324557,-30,0,0,0,0,0,0,2,-3.28219268913444,-0.486693469472751,-2.32301446515443,0,0,0
694,-34.065281481319,0.0401080003534512,1.8756464412559,0.102349320522059,0.000444899765214957,-0.0240194735775877,-34.0819183317971,-0.150381074048561,1.8743576545367,0.0859575492022369,0.00264754614611165,-0.0395176438770862,-30,0,0,0,0,0,0,2,-0.431918256629563,0.0360075334859568,0.203049078635215,0,0,0
695,-33.9630650367748,0.0405709040897249,1.85175605331066,0.102083704905151,0.000480900349340721,-0.0237611767367752,-33.7475758160447,-0.058697012650841,1.99245877863732,0.103583875314091,0.00361625874537845,-0.00608139858847268,-30,0,0,0,0,0,0,2,-2.86323589931967,-0.244231849236163,-3.37677769842737,0,0,0
696,-33.8631763260667,0.0409296501627153,1.82747041927923,0.0976933941101644,0.0002365837321311,-0.0248085232835636,-33.8538164893609,-0.0226195590163723,1.87458883668904,0.0927021779962593,-0.00377657340612582,-0.0231491489851603,-30,0,0,0,0,0,0,2,-1.56258482090417,0.422896458645326,-1.43426277486205,0,0,0
697,-33.7665667918414,0.0413776637608229,1.80250196973296,0.0955256090934048,0.000659437271008531,-0.0251275865789661,-33.9402833571007,-0.0207730847208449,1.62737625918014,0.0971493495621165,0.00248351707012038,-0.0180353922378025,-30,0,0,0,0,0,0,2,-1.8343682420102,-0.206805537570348,-1.45121329458004,0,0,0
698,-33.672237130585,0.0419336764815671,1.77729440045532,0.0931337005096345,0.000452583259832107,-0.0252866850779583,-33.5454475538913,-0.0847643010013368,1.82370335700654,0.08081117151682,-0.0132314550088416,-0.0383243912703348,-30,0,0,0,0,0,0,2,-0.990222043899385,1.49267410288683,0.18503241302041,0,0,0
699,-33.5794608463362,0.0431325913659922,1.75231011927857,0.0924191213296712,0.00194523912623124,-0.0246815997692352,-33.6890382688355,0.0469249359648822,1.94650577723565,0.093784954815165,0.00618473021523668,-0.0311966217129103,-30,0,0,0,0,0,0,2,-2.0004189438456,-0.712322893453433,-0.77334938318028,0,0,0
700,-33.4880918381214,0.0447216491244763,1.72786977677521,0.0903191056581268,0.00123286999990452,-0.0241983253961805,-33.5234019164284,0.136405543359689,1.76750929574665,0.103271963418577,-0.00284278594030702,-0.026426364568864,-30,0,0,0,0,0,0,2,-3.28039250900084,0.011467507311325,-0.892382134606891,0,0,0
701,-33.3993605949126,0.0459602192575239,1.70426611014286,0.0871438355269767,0.00124426477408521,-0.0230078767271873,-33.1615070352331,0.0703297729789398,1.80807974304443,0.0828538542250829,0.0100178149387618,-0.0131443194522684,-30,0,0,0,0,0,0,2,-1.962371352042,-1.14244103983406,-2.30172754086202,0,0,0
702,-33.3137255820635,0.0466332381452704,1.68089460431311,0.0841259782481902,0.000101765738937731,-0.0237340609059221,-33.3025066983188,-0.169789885741033,1.64460772378102,0.0878903976819868,-0.0119996475605193,-0.0198137935850588,-30,0,0,0,0,0,0,2,-2.18402637156104,1.539544527534,-1.30783608905617,0,0,0
703,-33.2308864343864,0.0475047514238673,1.65725803402597,0.0815524234647696,0.00164125598953808,-0.0235381607342674,-33.4314638832645,0.0937261235489682,1.62534411597825,0.0868492171327256,-0.0173995489094104,-0.0237293983585858,-30,0,0,0,0,0,0,2,-1.82199394674348,1.5525026438431,-0.877748396097914,0,0,0
704,-33.1503449483074,0.049922239916672,1.63387551587625,0.0795306955616696,0.00319371510183856,-0.0232261484520768,-33.3510120773779,0.193028638017606,1.65581492323997,0.0796515481328495,0.00532785924565077,-0.00789469652619182,-30,0,0,0,0,0,0,2,-1.26313065852916,-0.918843200600289,-2.52216019386076,0,0,0
705,-33.0721190740625,0.0526565128971622,1.60999019566618,0.0769206342191536,0.00227482604556453,-0.0245435654083678,-33.1040300884973,0.0848236956061711,1.72529193262985,0.0646159309758845,0.00246531609762143,-0.0227347377779837,-30,0,0,0,0,0,0,2,-0.253532920593783,-0.416179000974485,-1.17711008746133,0,0,0
706,-32.9956903506204,0.0547232455234275,1.58500056739647,0.0759365431600376,0.00185863234306651,-0.0254353284483613,-32.9496874426767,0.08796493234847,1.60844909661825,0.0589783361227719,-0.00539947711899612,-0.0487648959428626,-30,0,0,0,0,0,0,2,0.00154127307624474,0.364017847202672,1.65959140104977,0,0,0
707,-32.9192608559175,0.056763897737536,1.56014808938665,0.0769228878767783,0.00222266381729414,-0.0242699455098713,-32.9330332934581,0.267153180549962,1.60133921416746,0.0714722296713781,-0.00512055887540879,-0.0222010582716131,-30,0,0,0,0,0,0,2,-1.28115638022169,-0.0222504735590463,-0.982572601173597,0,0,0
708,-32.843170250888,0.058975422669327,1.53583008904737,0.075258328168061,0.00220037974114282,-0.0243654568879134,-32.8007323529218,0.00547229256169524,1.40854428485672,0.0674816652102418,-0.00650529437099462,-0.0330071860280088,-30,0,0,0,0,0,0,2,-1.14670181518062,0.639584851976072,0.483630033087443,0,0,0
709,-32.768232980317,0.0614955882074545,1.51194809976706,0.0746165827219834,0.00283994568198403,-0.0233982780045206,-32.7697345726499,0.0735162133231181,1.65098689632428,0.091817429826936,0.0120779387853976,-0.0225860949835275,-30,0,0,0,0,0,0,2,-3.64227383739387,-1.35482630518599,-1.04336429429581,0,0,0
710,-32.6953872464664,0.0636580850119095,1.48922039238537,0.0710753816133881,0.00148503818795796,-0.0220558964296322,-32.565432747509,0.209707976416097,1.43290513158511,0.073447676469678,-0.0122096968688419,-0.0171086096508124,-30,0,0,0,0,0,0,2,-2.21390215194989,0.801553734051994,-1.15494929808899,0,0,0
711,-32.6255597922396,0.0655438752251784,1.46734761097371,0.0685796860781423,0.00228653830626971,-0.0216887844493727,-32.8101253531073,-0.049468471857113,1.4573128556626,0.072686262487839,-0.00370617947551718,-0.0305879679808949,-30,0,0,0,0,0,0,2,-1.64837554256927,0.469554891265944,0.144171086764278,0,0,0
712,-32.5575998206857,0.0680651776885871,1.44617296718912,0.0673406429414254,0.00275606150346487,-0.0206600558359788,-32.4570077203969,0.0205875612238746,1.36293617647893,0.0804247771353677,-0.0111558310509599,-0.0217883118943237,-30,0,0,0,0,0,0,2,-3.12846227274303,1.07440798264824,-0.547041163525496,0,0,0
713,-32.4916707049145,0.0713584118187435,1.42622414114256,0.0645181082310951,0.00383040260851791,-0.0192366075433431,-32.4958823948748,0.127028964862636,1.50797708631601,0.0581349987867863,0.00480507173640033,-0.0147946900787257,-30,0,0,0,0,0,0,2,-0.821735088929064,-0.734565103365305,-1.53648516475945,0,0,0
714,-32.427976364971,0.0748215198367915,1.40659204316257,0.0628703316697334,0.0030958085316177,-0.0200270042595617,-32.5013688498365,0.0896431995096074,1.56984010360912,0.0683265345504471,0.0264321649706567,-0.0111584119014854,-30,0,0,0,0,0,0,2,-1.82991575537168,-2.82250289608488,-2.0238390170697,0,0,0
715,-32.366475651084,0.0765060535400038,1.38629894844128,0.0601309466838179,0.000273252561250594,-0.0205582303152624,-32.5011635143226,0.0128508386798766,1.51405268005067,0.0664270025709413,0.00500116658325227,-0.0119786724443991,-30,0,0,0,0,0,0,2,-1.64037322844902,-0.525818335684981,-1.83023811566143,0,0,0
716,-32.307580223405,0.0765163760926415,1.36549305015306,0.0576597710645662,-0.000252613480027831,-0.0210527048807751,-32.2924253778255,0.133798210076383,1.38735824451333,0.0727459358581507,-0.00245223917733506,-0.027720916208172,-30,0,0,0,0,0,0,2,-2.68974283016398,-0.0223725024192601,-0.00262486820946783,0,0,0
717,-32.2509880512069,0.0762525524108628,1.34523545797315,0.0555251465007689,-0.000275039647018195,-0.0194617343984533,-32.1802914155118,0.242073252792261,1.48320762271899,0.0574327003110777,-0.0155143309319693,-0.0203001854757261,-30,0,0,0,0,0,0,2,-1.38268720008412,1.06728658761241,-0.936396697865382,0,0,0
718,-32.1963160201605,0.0765111418961808,1.32579660454216,0.0538189618518832,0.000792211689191659,-0.0194153730400503,-32.2124736362909,-0.0489945762422549,1.21800722619663,0.0606174935552408,0.00354599507679507,-0.00306008131834071,-30,0,0,0,0,0,0,2,-1.63680208294225,-0.256610355194998,-2.13000632055919,0,0,0
719,-32.1438252482275,0.077175026757964,1.30602317312906,0.0511623676766783,0.000535551240488639,-0.0201305691604079,-31.9242451606603,0.0657365374019059,1.35757105706887,0.0512331792646824,-0.0137129653789944,-0.0131044410787956,-30,0,0,0,0,0,0,2,-1.27482760514766,1.23982346309563,-1.40469800625818,0,0,0
720,-32.093622344459,0.078330473698409,1.28570413378117,0.0492433381661182,0.00177533777271822,-0.0205068441305209,-32.2840999163266,-0.00308197332617836,1.36186655860214,0.0439278096724427,-0.00829805310134573,-0.0090311287175488,-30,0,0,0,0,0,1,2,0.175418865408923,0.83596925678693,-1.82062024544939,0,0,0
721,-32.0449084061538,0.0805237931096859,1.26439127181768,0.0481840182700575,0.00261129561007527,-0.0221185056537323,-31.9610420554185,-0.124414687953906,1.20189527133221,0.0505784372123338,0.00161827518277967,0.00139696245015433,-30,0,0,0,0,0,1,2,-1.13575961039637,0.0870018576298449,-2.54348678767985,0,0,0
722,-31.997991700992,0.0831785705041027,1.24160278778957,0.0456489660766358,0.00269825397896701,-0.023457588145474,-32.1649763816014,0.147932505447855,1.40671859176024,0.0373830009679934,0.00523860275362376,-0.0270696623474659,-30,0,0,0,0,0,1,2,0.591652666403453,-0.819725286258086,-0.106470948773886,0,0,0
723,-31.952171236573,0.0854669698087603,1.21787396687725,0.0459918074665532,0.00187853962232846,-0.0240001553902522,-31.9977725831035,0.137436604257918,1.2663319525203,0.0327904287858923,0.00127515467585706,-0.0133335795424994,-30,0,0,0,0,0,1,2,0.71650228761783,-0.402388676101542,-1.19930595079066,0,0,0
724,-31.906306419644,0.0871443196789296,1.19314004343369,0.0457373583836247,0.00147615541275204,-0.0254675932465684,-31.8752711119456,0.0080717319097645,1.02261236830325,0.0519960855203973,0.0104775735323622,-0.0309380075502697,-30,0,0,0,0,0,1,2,-1.44906632814849,-1.06390081705575,1.04857601842047,0,0,0
725,-31.8608216351072,0.0880885187812617,1.16849469073944,0.0452327944005082,0.000412234280189542,-0.0238229290045879,-31.6442208386987,-0.0142855763225911,1.18499753478024,0.0423741781376324,0.00448252734856555,-0.0120860046696834,-30,0,0,0,0,0,1,2,-0.948976136365848,-0.419681582211372,-1.16139460259213,0,0,0
726,-31.8163479306472,0.088290901008828,1.14448203882259,0.0437145141789033,-7.47573881454335E-06,-0.0242018489383526,-31.721716807614,-0.034071882414822,1.06600451963726,0.0422698509171193,0.00534369631246272,-0.0224161995715422,-30,0,0,0,0,0,1,2,-0.783551476483975,-0.466225866416628,0.1096109178797,0,0,0
727,-31.7729251769764,0.088050309506611,1.1205302525223,0.0431311923058582,-0.000473716335699591,-0.0237015185847002,-31.7589952967261,-0.0324973526421008,1.20890603103033,0.0522798055566955,-0.00930184793214049,-0.0102539319480201,-30,0,0,0,0,0,1,2,-1.70998996221731,0.99517949849825,-1.39241886725866,0,0,0
728,-31.7309202261127,0.0880741622006238,1.09679433133664,0.0408787148699544,0.000521417648669116,-0.0237695563262876,-31.8396680684579,-0.136963808835068,0.894482613102499,0.0390880675223679,0.0154650383399264,-0.0286410434925877,-30,0,0,0,0,0,1,2,-0.229470615321069,-1.2725762163225,1.07513912305377,0,0,0
729,-31.6898115492386,0.0879592972422121,1.07347330125456,0.0413389703619137,-0.000751154336825277,-0.022872648084432,-31.6481730276357,0.0926154558932699,1.11814100624381,0.0308350212532272,0.0101607046956553,-0.0185702038337686,-30,0,0,0,0,0,1,2,0.21284392994873,-1.20130138135207,-0.379261629110764,0,0,0
730,-31.6485342831857,0.0866074959651161,1.05034726120967,0.0412154187688889,-0.00195245458446966,-0.0233793817137441,-31.7204683472022,0.0435251692345518,0.928872659016141,0.0457506096120019,-0.00362774407547934,-0.0134994906075625,-30,0,0,0,0,0,1,2,-1.13412426679571,0.275724069078831,-0.507796257276029,0,0,0
731,-31.6079409150792,0.0847928932300994,1.02709442050209,0.0399714289304371,-0.00167675729696744,-0.023125871535875,-31.6674682627351,0.0944486296566608,0.945583974313244,0.0348410414434767,-0.00769465148556946,-0.032770877488969,-30,0,0,0,0,0,1,2,-0.149167618877482,0.580567889243624,1.38591980027041,0,0,0
732,-31.5676079219267,0.0834064276730258,1.00451137976965,0.0406949484037724,-0.00109618102898939,-0.0220404431874295,-31.6006790623132,0.169885686423099,0.719651753704811,0.0344257059183021,-0.00317808472399956,-0.0367252525606786,-30,0,0,0,0,0,1,2,-0.241212467203819,-0.0219629004462416,2.23322174865824,0,0,0
733,-31.5263151764512,0.0822992750537582,0.983368523308966,0.0418911691212895,-0.00111813044447319,-0.0202456604664885,-31.3879575943586,0.0525681038191214,1.11219999454946,0.0415210316706648,0.00998658160399362,-0.0177069991726539,-30,0,0,0,0,0,1,2,-1.37618797834921,-1.1037943680376,-0.453700071833525,0,0,0
734,-31.4851192752751,0.0806292342743557,0.963348442081046,0.0405008088713792,-0.00222195597569534,-0.0197940229512195,-31.2745954126412,0.0565379796692083,1.09266873957429,0.0290204705204828,0.00969515383714063,0.000671419553792348,-30,0,0,0,0,0,1,2,-0.35285622676586,-1.08259134305248,-2.25247943452781,0,0,0
735,-31.4454949739147,0.0778659727697835,0.942762774257847,0.0387472896164097,-0.00330457281317372,-0.0213767151363749,-31.5848895932835,0.102413709063481,0.982664529185801,0.0342853251083522,-0.0043356828626477,-0.0301463710719516,-30,0,0,0,0,0,1,2,-0.258753324268241,0.228740868137808,1.04930804882355,0,0,0
736,-31.4065330060371,0.0746757748797269,0.921834616856746,0.0391769703186864,-0.00307582850547988,-0.0204797327263993,-31.6128398618792,0.0813933272837053,0.862368401548846,0.0471978052615408,-0.0110830224340111,-0.0414346879987575,-30,0,0,0,0,0,1,2,-1.49410080239571,0.945515588833701,2.41873199677806,0,0,0
737,-31.3671761768511,0.0720727020052896,0.902724498415622,0.0395376264247454,-0.00213032290000858,-0.0177406146880367,-31.319360518609,0.111010672746568,0.912803667779025,0.0516526256216882,0.00313123475787989,-0.032925636710675,-30,0,0,0,0,0,1,2,-2.52654152495088,-0.535144821281125,1.46695633550945,0,0,0
738,-31.3281571295536,0.0696747911922388,0.886318816278942,0.0385013825799936,-0.00266550609763335,-0.0150703935181886,-31.1882343500646,0.0732932181688517,0.945875426812688,0.0289746727496262,0.00510023279153802,-0.00784040113048207,-30,0,0,0,0,0,1,2,-0.520998574833497,-0.656609715491505,-1.10771074057717,0,0,0
739,-31.2902282225188,0.0666809733852521,0.870953607474446,0.037356258107524,-0.00332213527435749,-0.0156596312852386,-31.2826492657769,-0.0335429774755848,0.985738796284825,0.0356806850566197,0.000179600384796045,-0.0161963203673688,-30,0,0,0,0,0,1,2,-1.00276997410807,0.0491259164715651,-0.351845555832771,0,0,0
740,-31.2533870025609,0.0633833927029179,0.855444752089798,0.0363263051082916,-0.00327303224010883,-0.0153577256468571,-31.3856942474798,0.0238038589733192,0.886300137236659,0.0404772458836252,0.0164984168978994,-0.0341530932140062,-30,0,0,0,0,0,1,2,-1.27633609340293,-1.69744940773658,1.6427090469273,0,0,0
741,-31.2170393615108,0.0592616323519586,0.841090908616452,0.0363696662775634,-0.00497049364711612,-0.01334996549725,-31.1287632720325,0.132817481088695,0.851103646707039,0.0310912413395816,-0.00411652170964596,-0.00397723190268373,-30,0,0,0,0,0,1,2,-0.851597589893213,0.146017208787206,-1.3044841031457,0,0,0
742,-31.1814312847863,0.0543641368167113,0.827479749231679,0.0348463357360559,-0.0048245041135221,-0.0138718356442914,-31.1851078393156,0.147539374356471,0.928001994071932,0.0298883197260748,-0.0108317623243278,-0.0121890843243157,-30,0,0,0,0,0,1,2,-0.618616293976252,0.788097483719842,-0.637095555712299,0,0,0
743,-31.1470430867379,0.0499336756431813,0.813528711889294,0.0339300283717075,-0.00403642418856294,-0.0140299251209421,-31.1279225004136,0.0213992608148565,0.732398233929539,0.0568729592678744,0.00380808519354231,-0.00101219562545663,-30,0,0,0,0,0,1,2,-3.43145092596028,-0.423607040983944,-1.36357690531342,0,0,0
744,-31.1148810935553,0.0456854111834192,0.800048492930959,0.0303943445940442,-0.00446011084260285,-0.0129293316787126,-30.9209794658537,0.15738441174466,0.891830159829584,0.0332902370097398,-0.0144412113784816,-0.0292531142570596,-30,0,0,0,0,0,1,2,-1.48706476926662,1.12935231435884,1.14165110604679,0,0,0
745,-31.0847029596636,0.0417899687109599,0.788003431782873,0.0299625287561764,-0.0033307788363603,-0.0111606360923315,-31.1097616810997,0.0700177587499129,0.768929507328991,0.037893129281338,-0.000845888564130054,-0.0127857469302795,-30,0,0,0,0,0,1,2,-1.56978956593444,-0.0554466610868204,-0.25928432163003,0,0,0
746,-31.0554382839188,0.0384314532021186,0.777218968114006,0.0285670908327609,-0.00338625893071804,-0.01040782156354,-31.0675776815544,0.192078356236281,0.69708401845106,0.0422142266167256,-0.0183724726550898,-0.00378297968267102,-30,0,0,0,0,0,1,2,-2.08626729856379,1.45309055303642,-1.01587006863502,0,0,0
747,-31.0280096960209,0.0357717180186628,0.767066555032169,0.0262902730811219,-0.00193321831437871,-0.00989624409237201,-31.0947557362099,0.117866017269669,0.842721001629142,0.0246973125748728,-0.00584562978515053,-0.014164662244865,-30,0,0,0,0,0,1,2,-0.280219785067397,0.348830943975715,-0.268975778771782,0,0,0
748,-31.001926832151,0.0340129139817347,0.757129600228857,0.025875446491126,-0.0015843951604465,-0.00997752162339367,-31.1482444802046,-0.0915433524604664,0.877729128265247,0.0354023359028409,-0.00953426830439539,-0.00780054413454888,-30,0,0,0,0,0,1,2,-1.24374462987496,1.13651353536047,-0.975403843075607,0,0,0
749,-30.9768547218311,0.032996761140218,0.7471538675579,0.0242687907190267,-0.00044791442401321,-0.00997340489992358,-30.9032529919035,-0.0697836180223672,0.6672742019331,0.0354353819673982,-0.000825979306610465,-0.0133286136084425,-30,0,0,0,0,0,1,2,-1.73703221293286,0.222165166705781,-0.00168704302195422,0,0,0
750,-30.9532622035201,0.0326599145055173,0.737714649772335,0.0229166142720102,-0.000225783916215479,-0.00890457843832119,-30.8436108174727,-0.089759685247723,0.738941100358798,0.0222689301626352,0.01446889690347,-0.0165146813131603,-30,0,0,0,0,0,1,2,-0.539671381318178,-1.26737031985156,0.173585930598431,0,0,0
751,-30.9305078059561,0.0318004438627883,0.729024686097424,0.0225923387794971,-0.00149316357595019,-0.0084752354493098,-30.9576654632592,-0.0166758776766178,0.71572683727345,0.0151713702640105,0.0184602211132386,-0.00359774800305848,-30,0,0,0,0,0,1,2,0.398193900117299,-1.81267035597062,-1.07167887424105,0,0,0
752,-30.908123614317,0.0294009465558795,0.719986322276438,0.0221756897029373,-0.00330583476674061,-0.00960134681579536,-30.8006381408883,0.0733144023800575,0.697696170259562,0.012540921179504,-0.00644765318253346,0.0020916161966458,-30,0,0,0,0,0,1,2,0.347184163826153,0.498136513493231,-1.6045539601837,0,0,0
753,-30.8863493790995,0.0263441792189624,0.709636038736555,0.0213723033668557,-0.00280770447468217,-0.0110989509517083,-30.9235970266039,0.0706270819901738,0.829370048788172,0.029659066412966,0.000949611185510449,-0.00738795063297604,-30,0,0,0,0,0,1,2,-1.11871258808884,-0.236215282531393,-0.919945034278741,0,0,0
754,-30.8657153196268,0.0234183549260978,0.698525108057594,0.0198958249654288,-0.00304394960770325,-0.0111224208248012,-30.8739338320143,0.039146804218403,0.759333259598448,0.0305209599709987,-0.0127035028466166,0.00709496116149994,-30,0,0,0,0,0,1,2,-1.30422833307133,1.19205667622485,-2.22816263534689,0,0,0
755,-30.8470531549056,0.0209704143534003,0.686955130826349,0.0174282297888242,-0.0018519372008093,-0.0120167213280246,-30.9330438422096,0.00786962236404798,0.781728068135336,0.00369394314236733,-0.0167435259750014,-0.00880254603328318,-30,0,0,0,0,0,1,2,1.4966933701825,1.65861335277204,-0.683201532942354,0,0,0
756,-30.8292930888263,0.0199477999888891,0.674169846388816,0.0180914214428455,-0.000193299594594024,-0.0135540645308676,-30.6857854268047,0.111038644099916,0.551363309044001,0.010839197334394,0.00434393975314922,-0.00145531797413048,-30,0,0,0,0,0,1,2,0.287651120170058,-0.656471263514754,-0.957194820674955,0,0,0
757,-30.8114194857946,0.0194262668429823,0.660135829528999,0.0176554894012879,-0.000849772963756782,-0.0145138232791491,-30.9357862127646,0.0791059972089306,0.812948224650751,0.0302013475981846,-0.00212547688227908,-0.0154698708268844,-30,0,0,0,0,0,1,2,-1.14856233428924,0.0543356938100471,-0.0789093666130627,0,0,0
758,-30.794241843011,0.0186036537779596,0.645943357695626,0.0167000222373207,-0.000795460823586305,-0.0138708046809992,-30.856593243046,0.0548027270661576,0.628484892792017,0.0239434582246123,0.00701400853192888,-0.00313629029465639,-30,0,0,0,0,0,1,2,-0.681159336369144,-0.811006307325204,-0.943340756118395,0,0,0
759,-30.7781233190743,0.0174026814409899,0.6319147057659,0.0155369375456558,-0.00160648844752504,-0.0141861187338138,-30.5619312878505,0.103455687735165,0.479600443854321,0.0223849421022472,0.00783171831747642,-0.0208748399510195,-30,0,0,0,0,0,1,2,-1.11463163452366,-0.990083207217971,1.12828310739331,0,0,0
760,-30.7626570386238,0.0153011482032387,0.618498526569494,0.0153961406344553,-0.00259658463829287,-0.0126461911509266,-30.7886721674579,0.13110453362079,0.504192234540529,0.0205525638031438,-0.0100444971336496,-0.0129043271227247,-30,0,0,0,0,0,1,2,-0.477912045398633,0.742240646123381,0.282048243191417,0,0,0
761,-30.7473649014001,0.01307568311617,0.60609407082178,0.0151883060309465,-0.00185435121877857,-0.0121626496378448,-30.3886507130734,0.111426561939174,0.692770998207057,0.0138441945522724,0.0157788256876347,-0.0224593592342177,-30,0,0,0,0,0,1,2,-0.607118029080345,-1.80073569264182,0.86039392700766,0,0,0
762,-30.7321401363574,0.0103209644133545,0.594434546502481,0.015261566970259,-0.00365509197288288,-0.011156416736132,-30.760131077414,0.0867989104856432,0.503703882005026,0.0328230225989405,-0.00199916696773405,-0.0206197774563705,-30,0,0,0,0,0,1,2,-1.76204010506599,0.0263188758021189,1.054569981627,0,0,0
763,-30.717214726551,0.00667902173859317,0.584232087379943,0.0145898853174404,-0.00362879960211318,-0.00924828050537175,-30.7318216944023,0.119981589349601,0.552514049444853,0.0165734247579601,0.0140861837530038,-0.00280689932306067,-30,0,0,0,0,0,1,2,-0.193699086991457,-1.64858155399958,-0.824338166583638,0,0,0
764,-30.7029803228237,0.00222592832687517,0.574714887439314,0.0138787625203015,-0.00527739176755108,-0.00978588462213524,-30.7338343387135,0.0255258930445046,0.508429955627494,0.00717114945401706,0.000179098158841003,-0.00523942643270878,-30,0,0,0,0,0,1,2,0.750553732025251,-0.0689616019731095,-0.49291726798411,0,0,0
765,-30.6889921304712,-0.00308593546232789,0.564477060774327,0.0140973445899239,-0.00534634243937229,-0.0106898358321177,-30.7066839166487,-0.0767111803877101,0.347763376415261,0.0246514914338875,0.000988104566211809,0.00675405172021257,-30,0,0,0,0,0,1,2,-1.05178131009138,0.0546119041542394,-1.37093192485178,0,0,0
766,-30.6757546864883,-0.00840498492797658,0.553593641007243,0.0123774338595866,-0.005291762742243,-0.0110764445989334,-30.7606446959566,-0.13310677363004,0.464365380993871,0.0194816146781888,-0.000129006033565043,0.00381430388214422,-30,0,0,0,0,0,1,2,-0.426872075905766,0.279114150616585,-1.31016115020216,0,0,0
767,-30.66398160616,-0.013557197411128,0.542143425972241,0.0111685011335575,-0.00501266783793367,-0.0118235926351772,-30.7099849461032,0.0821424061913116,0.608176989764632,-0.0175668234354918,-0.0210088033948621,0.00175756328136944,-30,0,0,0,0,0,1,2,3.17665223575563,1.93659552710358,-1.39211030766621,0,0,0
768,-30.6520851154454,-0.017601539466311,0.528734388864635,0.0126234709154882,-0.00307602035677243,-0.0149949462001458,-30.7132325567646,-0.0886029808386718,0.486850531070641,0.0299404219132635,-0.00287049917444512,-0.013802709763909,-30,0,0,0,0,0,1,2,-1.56757707779717,0.464255879121855,0.406569914249621,0,0,0
769,-30.6399356719732,-0.0204454435342064,0.514388245756241,0.0116758490983753,-0.0026117924172425,-0.0136970304055509,-30.6456382422661,-0.0372880683406436,0.345502119592969,0.0196464279409007,-0.00358791997556882,-0.0147400856819155,-30,0,0,0,0,0,1,2,-0.67336630955779,0.433368134238169,0.78300432900561,0,0,0
770,-30.6282718163664,-0.0228405521751785,0.501189116066503,0.0116521973537842,-0.00217843129932161,-0.0127012192874504,-30.5923483819769,-0.0626752304635694,0.43531630141248,0.0149203092897123,-0.0028566602363083,-0.00890454106474438,-30,0,0,0,0,0,1,2,-0.307334165017443,0.411016484557968,0.019821503649478,0,0,0
771,-30.6167435815693,-0.0248134754554629,0.488577976281922,0.0114043470804984,-0.0017674207821389,-0.0125209771851391,-30.6460957236308,-0.230225343693183,0.361839240926912,0.0102115933293377,-0.000392005388178378,-0.00454903135394244,-30,0,0,0,0,0,1,2,0.271032114327736,0.499651226204203,-0.26877534645958,0,0,0
772,-30.605340139904,-0.0263310669565008,0.475848398542585,0.0114024158978721,-0.00126776635583002,-0.0129381748064389,-30.6006964476904,-0.180557065631314,0.40535342242135,0.0301355942274395,0.00178819469467845,-0.0170293279513054,-30,0,0,0,0,0,1,2,-1.81216652736313,0.182294661794783,0.892225950287846,0,0,0
773,-30.5943407480146,-0.0275076973278153,0.463824353610396,0.0105969693558934,-0.00108550052409431,-0.0111096540320485,-30.5605041237965,-0.132143015994252,0.34472593861143,0.00539251845213887,0.00264799363549077,-0.0136314511968272,-30,0,0,0,0,0,1,2,0.581756402379025,-0.000513331560574204,0.673693242459861,0,0,0
774,-30.5833165969973,-0.0285934431812167,0.452758749861072,0.0114513744843508,-0.00108599673579782,-0.0110218245092575,-30.4508765944805,0.143828114470883,0.52587312409744,0.00627871279698767,0.0010707928938938,-0.0089665283060353,-30,0,0,0,0,0,1,2,0.273881909262193,-0.394735518331147,-0.15509341759135,0,0,0
775,-30.5718268863581,-0.0298768021130911,0.441570120659223,0.0115279557091275,-0.00148072806182612,-0.0113554572308825,-30.4446754581045,-0.196491963062078,0.580031556557007,0.0121083669068484,0.0129241927264282,-0.0136451139574919,-30,0,0,0,0,0,1,2,-0.3214857744759,-0.899435346518663,0.204448282635172,0,0,0
776,-30.560365923888,-0.0318072472158972,0.430379300962715,0.0113940892681295,-0.00238016814616126,-0.0110261363666836,-30.4563035792497,-0.0699026509940586,0.360138358541582,-0.00273558916521073,-0.00165016372394723,-0.0142959664005633,-30,0,0,0,0,0,1,2,1.18616607502056,0.30482167438284,0.709319922973169,0,0,0
777,-30.5483056901198,-0.0340349874184498,0.419209741878956,0.0127263012092022,-0.00207531700713131,-0.0113134046901099,-30.5147610175558,-0.103043249860034,0.4994071688359,0.0161934494003132,0.00817847737486391,-0.0152727053742471,-30,0,0,0,0,0,1,2,-0.589822904919679,-0.611761237766324,0.528456199752916,0,0,0
778,-30.5356397131545,-0.0364161855456806,0.408270572922387,0.0126059052395263,-0.0026870856814107,-0.0105648918140063,-30.6323234217643,0.0923506574970184,0.555168546401775,0.00237060524227844,-0.00436357753239119,-0.0282521263794601,-30,0,0,0,0,0,1,2,1.02758631930076,0.251656438245082,1.71487554514246,0,0,0
779,-30.5220944677777,-0.0389774226502118,0.397990242660259,0.0144847809862808,-0.00243539469920591,-0.00999636324024259,-30.4305318920938,-0.148229362466084,0.293367447929436,0.0337250737828157,-0.00667276471829543,0.000869274009262722,-30,0,0,0,0,0,1,2,-2.51144359409402,0.963735196761711,-0.673662296785144,0,0,0
780,-30.5087867225661,-0.0409309729670067,0.388552320276506,0.0121310818282127,-0.00147171510976181,-0.00887873201514764,-30.540388379455,-0.195518586892802,0.398138419873909,0.0149289015762726,-0.0104404213220885,-0.00405707698939078,-30,0,0,0,0,0,2,2,-0.412113398717335,1.43507930599445,-0.390569140808741,0,0,0
781,-30.4969513340024,-0.0416851516191113,0.379645213171402,0.0115396904570472,-3.66472251457067E-05,-0.00893529166126485,-30.3244429663646,0.165415187842409,0.269891416386437,0.0232925638975618,0.00500044259278489,-0.0251190976280464,-30,0,0,0,0,0,4,3,-1.68037045702693,-0.830874634963307,1.97212693003177,0,0,0
782,-30.4853993051535,-0.0421372417965439,0.37198703724369,0.0115651919309955,-0.000867539215994008,-0.00638106419714914,-30.465618247767,0.164971454041481,0.298464826493314,-0.00206934111460151,0.000740880441627372,-0.00579598414673603,-30,0,0,0,0,0,4,3,1.13817060699409,-0.4040309522457,-0.0173312383130256,0,0,0
783,-30.4734242470434,-0.0432067825653474,0.365203956775655,0.0123846808530076,-0.00127154761069908,-0.00718535339524555,-30.5647785088888,-0.204665266104317,0.411525899263878,0.0067749962104986,0.0130959404551115,0.000999266825870143,-30,0,0,0,0,0,4,3,0.452057396727705,-0.900263513302522,-0.922978481114771,0,0,0
784,-30.4611875671949,-0.0449284587697098,0.357504770553571,0.0120883694484945,-0.00217180966921196,-0.00821291560356363,-30.4278814218238,-0.0081951196490173,0.367476441426852,0.00625779868237033,-1.38407658222522E-05,0.0111014672632537,-30,0,0,0,0,0,4,3,0.229982975410542,0.0177743158802598,-1.84509960917907,0,0,0
785,-30.4496373683427,-0.0470913834128768,0.348507377108396,0.011011546071621,-0.00215404588150461,-0.00978152605779749,-30.2317982347093,0.00733215780442892,0.304240400468281,0.0198952843295535,-0.0110521601332358,-0.00883268943567713,-30,0,0,0,0,0,4,3,-1.52593196353679,1.09055169771472,0.274788142631151,0,0,0
786,-30.4391169970937,-0.0487001657115036,0.339317891910367,0.0100295842650828,-0.00106352236818379,-0.00859713102519674,-30.3937864056754,-0.0771051070254763,0.365954048945706,0.00398776956092087,-0.0152574947595276,-0.00321259288159601,-30,0,0,0,0,0,4,3,0.388795855258797,1.67995969000371,-0.410648809731811,0,0,0
787,-30.4290904467682,-0.0489237017635451,0.330421085981481,0.0100233445927068,0.000616441706862247,-0.00919647699771643,-30.2951083482866,-0.0496029048988059,0.437820146163101,0.00887047286387519,0.000547983850586947,-0.0132157704474688,-30,0,0,0,0,0,4,3,-0.296830589814375,0.044407424738917,0.445936752420682,0,0,0
788,-30.4190414518324,-0.0482850556885095,0.321472760733779,0.0100748131634893,0.000660846867244007,-0.00870018341573672,-30.1850535492105,-0.267654174734431,0.331688602542461,0.00106972331539834,-0.00847650003292875,0.00189717935334315,-30,0,0,0,0,0,4,3,0.263134766881232,1.38295835276174,-0.853095140419237,0,0,0
789,-30.4091642460782,-0.0469327281770627,0.312349729871297,0.00967934447347405,0.00204380347846105,-0.00954574912125239,-30.5106218050309,-0.0204390492195847,0.177873523084183,0.0201773036879378,-0.0131433272239083,0.00244447277530634,-30,0,0,0,0,0,4,3,-0.996486758732021,1.35521082083,-0.600194323698999,0,0,0
790,-30.4000685220348,-0.0442113285843155,0.302895555987102,0.00851217537368414,0.00339898950897389,-0.00936222881526699,-30.4176695993042,0.0675312895739618,0.284299916175385,0.00314164560096084,-0.00217132813898717,-0.010004482318915,-30,0,0,0,0,0,4,3,0.521174638512347,0.0820702347507938,0.431848399540731,0,0,0
791,-30.3912301795224,-0.0407712947815455,0.293504376604117,0.00916450395020983,0.00348107367820222,-0.00942033088007965,-30.3958023086082,-0.133515708289347,0.215049832704607,0.0110275248413245,-0.00306109277683399,-0.00200512938211178,-30,0,0,0,0,0,4,3,-0.311147866916024,0.573140694262094,-0.229586727198036,0,0,0
792,-30.382270168592,-0.0370036512015502,0.284085979426849,0.00875553395770385,0.00405420628628577,-0.00941633582343966,-30.2728949383476,0.0670567626531074,0.200208511316341,0.0141324937822514,-0.00392166811347614,0.00682722977869579,-30,0,0,0,0,0,4,3,-0.867459501529864,0.2580532860414,-1.08314000050226,0,0,0
793,-30.3742111458032,-0.0328204289490096,0.274540121122241,0.00736244309059339,0.0043122333967926,-0.009674941733231,-30.4614607653786,-0.192692865500421,0.228419071882324,0.00632340023702367,0.00572596871677071,-0.00296599187305048,-30,0,0,0,0,0,4,3,0.290581507054826,-0.187211140676228,-0.1602389564596,0,0,0
794,-30.3668063064006,-0.0286017959212006,0.264693216970581,0.00744714389609174,0.00412502673878218,-0.0100188872819066,-30.4380264382591,-0.0560717896681901,0.27981528746901,0.0217850688952498,0.00167373453634362,0.0035371101364503,-30,0,0,0,0,0,4,3,-1.30245401300676,-0.0552298742979822,-0.91334158858305,0,0,0
795,-30.3601610456216,-0.0245043979296641,0.254755102056783,0.00584344025589233,0.00406976340183582,-0.00985684059271078,-30.4802249936689,-0.145659931166751,0.421106267593751,-0.00166142704189268,0.0171031904645988,-0.00151797242458685,-30,0,0,0,0,0,4,3,1.12659269152706,-1.41899918412638,-0.690415292728817,0,0,0
796,-30.3541422992348,-0.0211441232126824,0.24425048158921,0.00619365874005562,0.00265078103156064,-0.0111525087211713,-30.2567140554367,-0.124704760857686,0.295906891337319,-0.00524088079925583,-0.00258117840165955,-0.0275125316552554,-30,0,0,0,0,0,4,3,1.03751619079902,0.507527361881327,2.1594393828509,0,0,0
797,-30.3468532479455,-0.0182395568359895,0.233537828291814,0.00838473014467688,0.00315834677677292,-0.0102734790182419,-30.2910214767145,-0.0365850419201407,0.197855927607017,0.00222802802153992,-0.00302198190773451,0.0081000173428356,-30,0,0,0,0,0,4,3,0.359240151275061,0.375368274613732,-1.20571358949759,0,0,0
798,-30.3387516624816,-0.0148935241124617,0.222680719332052,0.00781808991652004,0.00353371234154512,-0.0114405613440763,-30.5604269876701,-0.138469998619677,0.414613207309047,0.00484938783780046,0.000773604339859164,0.000308124552743476,-30,0,0,0,0,0,4,3,0.635915191560222,0.199579563253437,-0.860038869892441,0,0,0
799,-30.3309992399069,-0.0112600159344389,0.210692485519064,0.00768642745408259,0.00373329754191964,-0.0125358628348276,-30.488179247283,-0.0344800125730341,0.125034256453057,0.00417456957421415,0.0163092390115929,-0.0191280453816998,-30,0,0,0,0,0,4,3,0.558901537144656,-1.56196387601322,1.66273602526386,0,0,0
800,-30.3225614181314,-0.00830768509481312,0.198570017383562,0.00918948637720465,0.0021713584316087,-0.0117095393081427,-30.3193835616895,-0.00415561169900515,0.164227888009386,-0.00799876254373185,-0.00245921993694722,-0.0115364609324049,-30,0,0,0,0,0,4,3,1.43864337775211,0.254233217092732,0.825190317221715,0,0,0
801,-30.3125750952449,-0.00600919039596286,0.186666793783262,0.0107830524158151,0.00242562710053529,-0.012097401282619,-30.4321724920758,-0.0531863137839075,0.0333449394819844,0.00270929825724834,0.00611692207577771,-0.00779566662777887,-30,0,0,0,0,0,4,3,0.59341515842683,-0.505319580009955,0.712876783813918,0,0,0
802,-30.3013462061814,-0.00383621095349057,0.174616672355645,0.0116747704104641,0.00192032519791703,-0.0120031154524212,-30.1467019394566,-0.106563130317878,0.149066592023444,0.0107279675742714,0.00605756850112092,-0.000506928149884704,-30,0,0,0,0,0,4,3,-0.779392878513983,-0.392630589476336,-0.247440369058417,0,0,0
803,-30.2900563813209,-0.0021122074550527,0.162766290639506,0.0109049869497562,0.00152767703484993,-0.0116974062660575,-30.152357722288,-0.115177753013945,0.140984000089327,0.0247999284727803,-0.00428725659331184,-0.0103337313708661,-30,0,0,0,0,0,4,3,-2.17527740270199,0.659081165359074,0.751405136907953,0,0,0
804,-30.2797161622257,-0.000255005613835276,0.152061454641926,0.0097760793234422,0.00218672097214003,-0.00971191273728254,-30.2139249509977,-0.0204178888264719,0.118787687534994,0.0335464788114772,0.00685724556573658,-0.00509113067509601,-30,0,0,0,0,0,4,3,-2.92679797915233,-0.644888778920714,0.271537692439614,0,0,0
805,-30.2709423160973,0.00160924617250931,0.143418849503988,0.00777228835583626,0.00154177604529824,-0.00757267284383527,-30.2309624565131,0.107722332612742,0.19073021141374,0.0126305899729589,-0.00132251493398303,0.00147087834017963,-30,0,0,0,0,0,4,3,-0.801134084269761,-0.0831931718271814,-0.528548256845442,0,0,0
806,-30.263654590779,0.00310941821933288,0.135905552981008,0.00680321216180761,0.00145856256330289,-0.00745361624331701,-30.2068525798975,0.126364410851571,0.0795967662216758,0.00772390456789844,-0.00533025197090343,-0.017018360074796,-30,0,0,0,0,0,4,3,-0.358685296994943,0.280296375387201,1.54264247503625,0,0,0
807,-30.2564740890231,0.00470813413268236,0.129127731972297,0.00755821734957644,0.00173886442229589,-0.00610225714743694,-30.1650494871429,0.178779811615342,-0.017553723827837,0.00628660047155938,0.0155492701143452,-0.00811184619101185,-30,0,0,0,0,0,4,3,-0.29856107287022,-1.9124866346652,0.846292066756859,0,0,0
808,-30.2487500461457,0.00549075862294164,0.123423336533518,0.00789012383724372,-0.000173621236156043,-0.00530663361112402,-30.2555370273128,0.0317205172957428,0.087642132917121,0.00182478949247437,-0.025048521876981,-0.0126451803937478,-30,0,0,0,0,0,4,3,0.328595105378165,2.44141115310661,1.08923377354054,0,0,0
809,-30.2403800632234,0.00653785408070736,0.118392131634917,0.0088500216758544,0.00226780539546571,-0.00475606925834798,-30.2871530915409,-0.0634345149342209,0.0666463063028576,0.0101061020547438,-0.00802664970384994,0.0160506718050794,-30,0,0,0,0,0,4,3,-0.436304022392498,0.929534000253436,-1.73835979311366,0,0,0
810,-30.2322868835,0.00927041784310989,0.113126845119997,0.0073360335521171,0.00319731645593735,-0.00577403615964607,-30.2146178569311,0.0230421463618675,0.0460925297622714,0.0169747560243816,0.00582347535079331,0.00219888797348478,-30,0,0,0,0,0,4,3,-1.26823988857588,-0.628431827803066,-0.312073856873021,0,0,0
811,-30.2255328413341,0.0121535071950427,0.107651664322579,0.00617224426665149,0.00256885678253224,-0.00517596534700462,-30.3548835417063,0.035943605322106,0.233152446304968,0.0156230763140704,-0.00428220073280086,-0.00145325374994177,-30,0,0,0,0,0,4,3,-0.852540547994382,0.356332862635874,-0.320979517615759,0,0,0
812,-30.2197919861004,0.014900524567336,0.102631727601892,0.00530957322297516,0.00292517001329674,-0.00486364372578382,-30.2519897641038,0.0363445449473998,0.00134739252427643,0.0361374163605507,-0.00420006819191713,-0.0227991618770629,-30,0,0,0,0,0,4,3,-3.10976210784753,0.347317729296913,2.27722140265774,0,0,0
813,-30.2148644593966,0.0179993341593865,0.0996450946462664,0.00454663993918775,0.00327244437017306,-0.00110938424574253,-30.2508865384176,0.185884818169381,0.216123002397237,0.00204934576557095,0.00691636010219858,-0.0148237385086529,-30,0,0,0,0,0,4,3,0.296838500278097,-1.06340564655862,1.05012784607082,0,0,0
814,-30.2098592925326,0.0207400854406189,0.0988081347967578,0.0054638699994696,0.00220905324536514,-0.000564812761261763,-30.165179866848,0.21731538917311,0.208241028927249,-0.00325159096745603,-0.00356909896287013,0.00583696538118775,-30,0,0,0,0,0,4,3,0.655518830441695,-0.0777208820592066,-1.00017859597327,0,0,0
815,-30.2044995800684,0.0229102835727977,0.0976397569966903,0.00525519382864157,0.00213133724840337,-0.00177187603590294,-30.1941586300852,-0.133755320536851,0.0922158660052494,0.0232930699517015,-0.000260603055714611,-0.0211797513857644,-30,0,0,0,0,0,4,3,-1.94098973499972,0.293570946645164,1.93354340656594,0,0,0
816,-30.1993082672138,0.0251883972598241,0.097222947399668,0.00512826845087144,0.00242488532182404,0.000938299294136549,-30.2317928815453,0.106377976033869,0.359834881578481,0.00942908916549893,-0.0153171949371573,0.00178832590041441,-30,0,0,0,0,0,4,3,-0.479323153459244,1.318963541648,-0.898502353198402,0,0,0
817,-30.1946660634252,0.0282727590503411,0.0979805796128289,0.00415603450178834,0.00374383194474718,0.000577262842340314,-30.0164393169174,-0.0489518228334983,0.207388809601253,-0.00534916863250932,0.0173010351650574,-0.0160089955237599,-30,0,0,0,0,0,4,3,0.567795497085738,-1.63219987083874,1.18612193317349,0,0,0
818,-30.1899041024292,0.0312005053380962,0.0987872945933277,0.00536803849917564,0.00211165311509031,0.0010357993680102,-30.1405185131956,0.0256799717891384,0.032616829122272,0.00766651711001739,-0.00609765924443749,-0.0094128423806353,-30,0,0,0,0,0,4,3,-0.485614684610571,0.558405980865472,0.876050579818986,0,0,0
819,-30.1844214063622,0.0335913628028627,0.100295787159655,0.00559764797521162,0.00267005658474492,0.00198111976054649,-30.2372102008373,0.00732627750193186,0.172343674020319,0.00803853898123087,0.00128194153039553,-0.0025910440126605,-30,0,0,0,0,0,4,3,-0.329433496448437,-0.142846708043417,-0.0855829467745882,0,0,0
820,-30.1789780281169,0.0361899947554499,0.102343837337039,0.00528915877585917,0.00252720260429159,0.00211507823637114,-30.2268379674291,0.00798054082567067,0.0992451195518779,0.0171094442501005,-0.0125644335673014,-0.00133061927413339,-30,0,0,0,0,0,4,3,-1.25726849015175,1.2404822750788,-0.0654283116904171,0,0,0
821,-30.1741760170404,0.0393374283216849,0.104849298325941,0.004315107476292,0.00376765926777947,0.00289614337467764,-30.1715759015446,0.117581496031045,0.19447539773951,-0.00376966869293828,0.0079948368847185,-0.016200197072023,-30,0,0,0,0,0,4,3,0.720118672382949,-1.03464668053394,1.23106891172328,0,0,0
822,-30.1691818699478,0.042587779699531,0.107937954526062,0.00567330959071498,0.00273303703797923,0.0032807603737856,-30.1318308524412,-0.117923650184459,0.0993910348545409,-0.00110306531730953,0.013572555814915,-0.00938869542992511,-30,0,0,0,0,0,4,3,0.37396823661327,-1.12140828112258,0.740087473283429,0,0,0
823,-30.1631231177307,0.0447601220756306,0.111348320413099,0.00644428018565666,0.00161164228163153,0.00353974185178011,-30.2633846626288,0.22985931242759,0.108103162341271,0.00347149324615333,0.00098658875331289,0.00195535739338905,-30,0,0,0,0,0,4,3,0.179620000642285,-0.558377500186468,-0.411742064021447,0,0,0
824,-30.1567569834314,0.0460925776260463,0.11466205327306,0.0062878569669388,0.00105326499291359,0.00308777725622428,-30.187945270894,-0.0678791163255573,-0.0329913268509308,0.0185947187060673,-0.0120165900721595,-0.00819411431164854,-30,0,0,0,0,0,4,3,-1.48358132881881,1.33741723986707,0.885394084866716,0,0,0
825,-30.15071293731,0.0478145429368578,0.118565569168502,0.0058007341831691,0.00239065989900272,0.00471940497672724,-30.1021173751154,0.074601461226578,0.0221071081135711,-0.000181007154369505,-0.0116088189164683,0.00306984493944993,-30,0,0,0,0,0,4,3,0.22233546566769,1.01167896919368,-0.351198710172135,0,0,0
826,-30.1449536144783,0.0507110455699464,0.123067017133431,0.00571778635255086,0.00340234042546874,0.00428351980809612,-29.957213112267,-0.0214722040356536,0.0571510189815648,0.0123176206455508,0.0101546553973273,0.00259994497473959,-30,0,0,0,0,0,4,3,-1.31733584002104,-0.972521131661426,-0.374296535437089,0,0,0
827,-30.1398475629443,0.05362711275354,0.127650270425167,0.00449450132468654,0.00242978995029245,0.00488336042011769,-30.0559802234428,0.192751609239212,0.0718511069465411,0.00488700292754961,0.00141557803731984,0.00128566680918687,-30,0,0,0,0,0,4,3,-0.376739845869435,-0.527061022210407,-0.272268894811769,0,0,0
828,-30.1355861791425,0.0557933699085471,0.132550144703382,0.00402828201387276,0.00190271918586235,0.00491653299391761,-30.1466968443058,0.0621050069534636,0.14483231383505,0.00307699764866544,-0.00146746512649584,0.0192288122434434,-30,0,0,0,0,0,4,3,-0.0143060762548927,0.022536498742657,-2.21254585201444,0,0,0
829,-30.132322572385,0.0577073508319136,0.136652122452696,0.00249844125173062,0.00192523727229471,0.00328788123691913,-30.0638490789568,0.0785177204500646,0.307544871339122,0.00527237926291684,-0.00335909545364818,0.00790929862744044,-30,0,0,0,0,0,4,3,-0.399539768378063,0.178874104464689,-1.40601960542229,0,0,0
830,-30.1304545741968,0.0597220185699595,0.139552646672814,0.00123732948723167,0.00210409189337997,0.00251354886325669,-30.2112255661208,0.000515527484408335,0.0566637911481127,0.00355787305017635,-0.00676795468364031,0.0246655380603123,-30,0,0,0,0,0,4,3,0.0666638272239417,0.675764413395215,-2.57988138832746,0,0,0
831,-30.130080653134,0.0621639862108709,0.141092731820896,-0.000490065299319144,0.00277983650497481,0.000567142107301969,-30.0822149316093,0.129343277701491,0.258438198272479,0.00371178516006856,0.00500843845978187,0.0170147171031359,-30,0,0,0,0,0,4,3,-0.206748652788248,-0.759530401381168,-2.21834810685854,0,0,0
832,-30.1314114622321,0.0645640491192323,0.140913291820605,-0.00217199330524588,0.00202028380669596,-0.000925514378400268,-30.1827937903545,0.164559775897396,0.14480882524525,-0.00943216325267492,0.00430839499081683,-0.00841017409756982,-30,0,0,0,0,0,4,3,1.30880390597659,-0.759959050876475,0.551399759266483,0,0,0
833,-30.1329241779527,0.0662043715807982,0.139730634581837,-0.000853586274723174,0.00126035538019413,-0.00144019527948961,-30.0571504229701,0.237170444930686,-0.0422948619130816,-0.00148393804551998,0.00727919147467307,0.012218192553756,-30,0,0,0,0,0,4,3,0.262694650492276,-1.20226003732868,-1.13722953154943,0,0,0
834,-30.1340788351478,0.0668635976256223,0.137777105447492,-0.00145602807278782,5.80912671175776E-05,-0.00246668010189191,-30.3326554452184,0.20956351189423,0.315725755744288,0.0118396895932348,0.0183462677839413,-0.0041007792932966,-30,0,0,0,0,0,4,3,-0.51865806888663,-2.25375380218259,-0.221373582158917,0,0,0
835,-30.1358062705363,0.0657948085173799,0.135398793640088,-0.00199878156693238,-0.00219567469303014,-0.00228978015994935,-30.209164322855,-0.0339460281667132,0.112734841515445,-0.0142415872583082,-0.00444979591672512,0.0113084959442156,-30,0,0,0,0,0,4,3,1.84248737154081,0.512871648005939,-1.35631927745245,0,0,0
836,-30.1376087079671,0.0638555854408192,0.131974311924928,-0.00160676421344559,-0.001682777408245,-0.00455929971748339,-30.2326921973711,-0.17890500109551,0.17463099401577,-0.00157150104127126,0.0029657225299525,-0.00692673328073651,-30,0,0,0,0,0,4,3,0.622534498869392,0.0612377491957701,0.343411340042111,0,0,0
837,-30.1388795497956,0.0622034373865666,0.127316444775727,-0.000934969119787038,-0.00162152442690503,-0.00475663440095548,-30.1270712906845,-0.0395512123332227,0.0411631617062104,0.0195508211274623,0.0143473222791943,0.00742251981625387,-30,0,0,0,0,0,4,3,-1.70093953137723,-1.35562980325298,-0.824578305037808,0,0,0
838,-30.1407235505263,0.059904080643459,0.122836300259593,-0.0027528592906331,-0.00297719491330713,-0.00420311218433968,-30.1953184977081,-0.0923648865760948,0.207515562912025,-0.000575647184425048,0.00464542168219017,-0.00730138910381523,-30,0,0,0,0,0,4,3,0.448201713858685,-0.279812395066828,0.315107784557473,0,0,0
839,-30.1432133026542,0.0567869888880273,0.118584663730768,-0.00222666384667104,-0.00325699578668563,-0.00430031707736523,-30.2236338408453,0.266878263356339,0.144933092969193,-0.00933798989409345,-0.0120747880688444,0.0110632647834067,-30,0,0,0,0,0,4,3,1.3810666711,0.673722280171758,-1.39619266427906,0,0,0
840,-30.145428395782,0.0538668648678472,0.11329383709094,-0.00220410236959935,-0.0025832573976282,-0.00628134224368755,-30.1224880495616,0.118296767882304,-0.0229049495781579,-0.0134786496663337,-0.0138632627035168,0.00153361070503967,-30,0,0,0,0,0,4,3,1.59284106575656,1.14973273458708,-0.107551171347651,0,0,0
841,-30.1471017742764,0.051858492310469,0.106415699898273,-0.0011429996408458,-0.00143349377360887,-0.00747524765730651,-29.8906233060763,0.142055103947832,0.051574708651558,0.00695980203229157,0.000808588173560399,0.00838791399850253,-30,0,0,0,0,0,4,3,-0.914733591076564,-0.364969025251705,-0.941940817153369,0,0,0
842,-30.1489105677898,0.0502425042420853,0.0989055846919735,-0.00247459833162462,-0.00179848875595334,-0.00754458738681811,-30.0954409443629,0.0343708725165338,0.32375928581078,-0.0121317704399781,0.0105367926453845,0.00781487178773544,-30,0,0,0,0,0,4,3,1.40405893272358,-1.12242100957152,-1.4290057503951,0,0,0
843,-30.1513802043204,0.047882816231875,0.090350812552629,-0.00246526420131925,-0.00292089346796332,-0.00956496251768036,-30.2628343790577,-0.0411717212231865,-0.275558820601125,0.00966791040427217,0.00587310502044818,-0.00807047052058362,-30,0,0,0,0,0,4,3,-0.44112228231183,-0.504967059598444,1.35816469326061,0,0,0
844,-30.1535469076849,0.0447094434761707,0.0814206540617274,-0.00186775768456229,-0.00342585820136738,-0.00829553177225904,-30.2990309965542,0.0971879040093421,0.1199213076678,-0.000132471746713091,-0.00558396301867728,-0.00672129530967582,-30,0,0,0,0,0,4,3,0.611309167779697,0.364020493849044,0.432286915631982,0,0,0
845,-30.155054593803,0.0414656066822791,0.0730611373602341,-0.00114764173896186,-0.00306182197821882,-0.00842371563561668,-30.0068952649463,0.0202531837614399,-0.0229573274429365,-0.00378165432953862,0.0147492394166521,-0.0146850616674126,-30,0,0,0,0,0,4,3,0.391955962846444,-1.51543030918809,1.51442082162713,0,0,0
846,-30.1555472793329,0.0376460815216229,0.0650394673571883,0.000162514591943395,-0.00457723206175873,-0.00762001079569883,-30.206560895198,0.0299692871532068,0.22216627807967,0.014080546709168,-0.0187068006594521,-0.00567793397002029,-30,0,0,0,0,0,4,3,-0.994932880520788,1.8107414916388,0.123460840842689,0,0,0
847,-30.1557109762416,0.0339742136733273,0.0577981208881166,-0.000489670632068974,-0.00276650940522474,-0.00686248428249165,-30.1256098412703,0.188819817397834,0.0277555114585788,-0.0113694231328817,-0.00522062397380806,-0.0132535410262291,-30,0,0,0,0,0,4,3,1.38816199582873,0.144422762585138,1.26984307970576,0,0,0
848,-30.1552695490885,0.0312799377518581,0.0509034128396283,0.00137251502990485,-0.0026220485541916,-0.0069274795065465,-30.2251596256899,-0.0996209564849281,0.207173542429926,0.0141655902030315,-0.0121146116355906,-0.0217625228504071,-30,0,0,0,0,0,4,3,-0.966239768923342,1.41070307652891,1.76190520018086,0,0,0
849,-30.1536444103608,0.029363241023332,0.0449350840582172,0.00187833530025389,-0.00121135031829419,-0.0050093266703923,-30.1719380509171,0.0236988165402783,0.180747476396361,-0.00799935586920011,-0.00638518121883799,0.0042485452013662,-30,0,0,0,0,0,4,3,1.14381168875416,0.591120488803242,-0.786349472929341,0,0,0
850,-30.1516346600567,0.0284474624252308,0.0392348066482408,0.00214076650479227,-0.00062021345693478,-0.00639130319428395,-30.2529448871126,-0.0687557049024778,-0.0637783908925114,0.0162391774380235,-0.0124528503481139,-0.00272171499066298,-30,0,0,0,0,0,4,3,-1.11802796957709,1.38279644461635,0.399728280851321,0,0,0
851,-30.1497668957031,0.0285186402755068,0.0333639809878308,0.00159507604258786,0.000762563958181763,-0.0053501869177807,-29.9599189514143,0.0586653962647183,-0.0261946932199113,-0.00224539649636157,0.00762992069377318,-0.0158065749459258,-30,0,0,0,0,0,4,3,0.144377552464768,-0.880322861906754,1.6330468810324,0,0,0
852,-30.1475614466109,0.028841055050216,0.0285405575798048,0.00281614163631527,-0.000117742641466493,-0.0042970187168384,-30.1617904405227,0.0658477600856188,-0.0405378480676486,-0.013260882067338,-0.00106173140159271,0.00054653251954759,-30,0,0,0,0,0,4,3,1.64966908777923,-0.0255223800119669,0.0264224441805381,0,0,0
853,-30.1441503936637,0.0287105707688684,0.0236685485416092,0.00400563518099363,-0.000143231901527798,-0.00544734602859158,-30.2057397655456,0.125434493260085,0.0210300230769474,-0.00280307037239065,-0.00258520280029902,-0.0225959428947769,-30,0,0,0,0,0,4,3,0.691786568330332,0.00765129350973143,2.2175342433238,0,0,0
854,-30.139133882627,0.0285711834012998,0.0187657916291689,0.00602771479577425,-0.000135548647396008,-0.00435875739134139,-30.2507728688739,0.118796143452518,-0.0735520645565839,0.0010984728603451,0.00680164179569423,-0.0164611807314953,-30,0,0,0,0,0,4,3,0.391698451713266,-0.917756466474459,1.7932222022627,0,0,0
855,-30.1323496598558,0.027976771878291,0.0149017213280423,0.00754103119556344,-0.00105328261023034,-0.00336982323267057,-30.1920019595915,0.0510656912676768,-0.0312639234469139,0.0241237927619402,0.00834141065019596,0.0137039006791851,-30,0,0,0,0,0,4,3,-2.02837535701102,-0.93627244755495,-1.30786222102468,0,0,0
856,-30.1259991794217,0.0264553288765787,0.0117535013158549,0.00516006882930682,-0.00198960622402461,-0.00292591747469386,-29.9083067581433,-0.201883806448029,-0.138365751679303,0.0163699459753809,0.00369062052253979,0.00683650470315961,-30,0,0,0,0,0,4,3,-1.82038108125141,0.0347055606420799,-0.406918966957355,0,0,0
857,-30.1216409864726,0.0244830587117192,0.00930225656784848,0.00355660371317302,-0.00195494030306774,-0.00197610086657377,-30.1549111569247,-0.082701652396817,0.196540218050705,-0.00882084605260678,0.0186987869926876,-0.00861655862012468,-30,0,0,0,0,0,4,3,1.19190691911,-1.70447539447513,0.468575425911058,0,0,0
858,-30.1174998715117,0.0216758974401028,0.00706709092993359,0.0047254837512842,-0.00365938808687518,-0.00249456998011514,-30.1196818272463,-0.0984484965799109,0.134878979071142,0.00121821736931656,0.00802363369739711,-0.00777451410876662,-30,0,0,0,0,0,4,3,0.117541917560972,-0.60546637657989,0.507693452734378,0,0,0
859,-30.1125618661816,0.0177137820118632,0.00470090798535853,0.00515060981262651,-0.00426484795688222,-0.00223791587686121,-30.1124665773151,0.15018048798891,-0.0537408309948404,0.00626728042335066,-0.00672434167103481,0.00283044019686351,-30,0,0,0,0,0,4,3,-0.401794887704795,0.372073191125661,-0.17556235769667,0,0,0
860,-30.107622853543,0.0136349689085026,0.00252730857178296,0.00472745995255988,-0.00389278421696984,-0.00210915825334807,-30.2728406097292,0.19461183927623,0.0219406522437767,0.0110222247102577,0.0141794865100548,-0.00615051036808443,-30,0,0,0,0,0,4,3,-0.556541251567462,-1.80717232955794,0.571169732320889,0,0,0
861,-30.1029016918446,0.00883859616209561,0.000804248490066477,0.00471509444511679,-0.00569996296630681,-0.00133695403707023,-30.134187116048,-0.159441058973969,-0.0555852047048071,-0.0247568343872341,-0.010992780867476,0.00766068271100661,-30,0,0,0,0,0,4,3,2.74405767081948,1.41816020469554,-0.654897861691047,0,0,0
862,-30.0974389824596,0.00384774130033786,-0.00173776890280172,0.00620963210905548,-0.00428175339363574,-0.0037475120544812,-30.256808393339,0.184226303232186,0.0572792684982104,0.0279606460322552,-0.0109950210298688,-0.0040323794371323,-30,0,0,0,0,0,4,3,-2.28244781654747,0.731049496522508,0.288679406716809,0,0,0
863,-30.0919521935763,-6.85073058218912E-05,-0.00459810952706343,0.00476446950023007,-0.00355074706008521,-0.00197274263465671,-30.1844816665066,0.0804768037296411,-0.0818373170004923,-0.00973822124089015,-0.022394426788684,-0.00566518784358845,-30,0,0,0,0,0,4,3,1.34278545710228,2.07848907140912,0.730193418359829,0,0,0
864,-30.0864586353611,-0.00257999079983106,-0.00679178149556745,0.00622252516300987,-0.00147222522992895,-0.00241502021795881,-30.0833733053821,0.176889843897814,-0.0673116952390535,0.0266334093961599,0.00627383814763406,0.0109815883737511,-30,0,0,0,0,0,4,3,-2.49659432885174,-0.981163502559034,-0.963535446896999,0,0,0
865,-30.0814715838812,-0.00454282376816909,-0.00869130450472341,0.00375188370514803,-0.00245344642279868,-0.0013833080063647,-30.0408332068051,-0.0540048215261532,-0.16985257982517,-0.000121464196497482,-0.0129941140454155,6.22502146780317E-05,-30,0,0,0,0,0,4,3,0.0938128332599558,1.40742104759386,0.333480138182537,0,0,0
866,-30.0775753263292,-0.00629255437255049,-0.0100003455711047,0.00404068200463241,-0.00104602077193468,-0.0012348542950583,-30.0640513336995,5.71264446832913E-07,0.0484854171802649,-0.0136376021617876,-0.00011222899470066,-0.00140554157542566,-30,0,0,0,0,0,4,3,1.49186288357771,0.0112217569411723,0.0435833231820367,0,0,0
867,-30.0729926571262,-0.00733294691610935,-0.011754202937868,0.00512436426655927,-0.00103476890502114,-0.00227316969369561,-30.1070826878614,-0.0607039657470669,0.0454572679091243,0.0262744379213035,-0.0126085153993636,-0.0178781173712676,-30,0,0,0,0,0,4,3,-2.41327841640757,1.3822594714305,1.69689720130851,0,0,0
868,-30.0681408682258,-0.00767659994159919,-0.0125892769584995,0.00458005073936373,0.000347456334964912,0.000603180867785484,-30.0127318967656,0.00280191852570564,0.0733071351968716,0.00566262499535886,-0.000669489237643777,0.00158672147725851,-30,0,0,0,0,0,4,3,-0.540798706004692,0.0613450867129664,-0.305286418119594,0,0,0
869,-30.0638652769465,-0.00729847501457195,-0.0119177599694031,0.00397117830387792,0.000408788135972845,0.00074003042664816,-29.8893495655046,0.126220765800385,0.0231651746395793,-0.0115553557148441,-0.00677388181147307,-0.0155885296391704,-30,0,0,0,0,0,4,3,0.934234702493623,0.424946649546536,1.51252261463789,0,0,0
870,-30.0590352072835,-0.00667719502994157,-0.0109786046237843,0.00568908038825542,0.000833765808646753,0.00113778936363836,-30.1507477558104,-0.0338558735201416,0.1351722828671,0.000928481605105819,-0.00535005284202056,-0.0014497258745838,-30,0,0,0,0,0,4,3,0.208647351110176,0.602717031242339,-0.125371978275819,0,0,0
871,-30.0533201472371,-0.00554206590069322,-0.00997172401341351,0.00574097200027342,0.00143648597491091,0.000875960411481809,-30.1589623200838,-0.25557104176946,0.0868390720037923,0.0164465354470686,0.00115803171994761,-0.00204481621614119,-30,0,0,0,0,0,4,3,-1.32672890453924,0.395338911544158,0.0308034776065345,0,0,0
872,-30.0480449792912,-0.00390792193780736,-0.00863190079637293,0.00480963524182497,0.0018317986782029,0.00180395868135283,-29.945359471749,-0.0668373388430825,0.0109745388055002,-0.00680935353253214,0.0131001066506012,0.00893514268226659,-30,0,0,0,0,0,4,3,0.571654296751279,-1.17633598737395,-0.915463345837659,0,0,0
873,-30.0433575994093,-0.00266428703782734,-0.00736694604929721,0.00456482192334634,0.000655466590870115,0.000726024271073832,-29.8431929492767,-0.152734075645681,0.110472936241348,-0.00547150885777924,-0.0154684166772997,0.00743992504792899,-30,0,0,0,0,0,4,3,0.233536784331349,1.85230981902133,-0.964938377275595,0,0,0
874,-30.0390535635807,-0.00108266458520408,-0.0070783934782236,0.00404300491161333,0.00250777316242709,-0.000148766020875733,-30.1491175158777,0.0716630505089258,0.00797549593249037,0.0129890868802038,0.0164677194963506,0.0132166148304909,-30,0,0,0,0,0,4,3,-1.00067365626493,-1.79009805065292,-1.33761247491407,0,0,0
875,-30.0358416524673,0.000530047615074336,-0.00736238441628786,0.00238074725687443,0.00071764419549326,-0.000418740381469135,-29.9294862738708,-0.155106626106758,0.00306402123277347,-0.0064114167935357,0.0100037106242597,-0.00980714485418005,-30,0,0,0,0,0,4,3,0.500114227095185,-0.690157810212454,0.974586442952458,0,0,0
876,-30.0329453883712,0.000902624796981017,-0.00762217314742251,0.00341187858697493,2.75043459601027E-05,-0.000101128166635715,-30.0740178560517,0.12355306973573,0.169134844999909,0.000598105328724931,-0.00771403554039933,0.00852949883454454,-30,0,0,0,0,0,4,3,0.0882251792309002,0.524297414568473,-1.19121957345427,0,0,0
877,-30.0299267183938,0.00119227614721041,-0.00818875903405227,0.0026252035834322,0.000551793759464773,-0.00103181709406051,-29.9484420775857,0.0105842347307934,0.09301690715227,0.00530043280435733,-0.0128238124692409,-0.00176745009846603,-30,0,0,0,0,0,4,3,-0.633159125264313,1.2612127774625,-0.00928880445793653,0,0,0
878,-30.0275348397479,0.00237467229024624,-0.00901190496057676,0.00215867900880761,0.00181299383630591,-0.000614339166850136,-29.8878722622398,-0.00517110256906671,-0.0229673489789324,0.00787417592742059,0.00685510288460275,-0.00922612517813016,-30,0,0,0,0,0,4,3,-1.01167306826251,-0.675168083322141,0.968547215770881,0,0,0
879,-30.0253984658265,0.00385007869101457,-0.00893707286478035,0.00211446736785876,0.0011378135067298,0.000764018889714228,-29.886342168165,0.0014642664715657,-0.0195257851760416,-0.00347423725637933,0.00705565928117299,-0.0057181925508307,-30,0,0,0,0,0,4,3,0.12010806196785,-0.708494461060431,0.610870825435153,0,0,0
880,-30.0230303324767,0.00463365149111261,-0.00800987002398252,0.00262189873539653,0.000429326445131924,0.0010902457603574,-29.9984298865581,-0.0594568386070943,-0.17055442571281,-0.00544207417698955,-0.000808924136168503,0.0216925409965194,-30,0,0,0,0,0,4,3,0.541067190815112,0.199806090831039,-1.82814524822632,0,0,0
881,-30.0208664512777,0.00516288205689719,-0.00776908393118423,0.00170538737855351,0.000629128351664921,-0.00060841043074206,-29.8982625511901,-0.0512537781340821,0.0895059289825236,0.0204923691700962,0.00761221861070384,0.0208388820867413,-30,0,0,0,0,0,4,3,-2.25271181462945,-0.658714304802219,-2.26290006663918,0,0,0
882,-30.0207627411997,0.00546262456030669,-0.00839319442110147,-0.00149796942910911,-2.96494175231978E-05,-0.000638901421554105,-29.9759288478099,0.103507775879277,-0.0319371690871799,-0.00312789429322805,-0.00141568826379692,-0.0126647427350456,-30,0,0,0,0,0,4,3,0.26464712494252,-0.0654467253788613,1.33034861167892,0,0,0
883,-30.0217021157574,0.00540026213969152,-0.0086638787714284,-0.000380566643237371,-9.50799668876423E-05,9.72178870627394E-05,-30.1479126821764,0.0140889007084511,-0.0668782896501136,-0.00577542716566971,-0.00665239639741251,-0.00188946917820191,-30,0,0,0,0,0,4,3,0.873368080919815,0.637061838324349,0.322703497120418,0,0,0
884,-30.0216646072648,0.00562372751808052,-0.00877082769209821,0.000455474142463494,0.000542001937971385,-0.000311348888282364,-29.7316530559126,0.0157268300370779,0.0161519278257024,0.01212279591051,0.00044727576035543,-0.00725667003291108,-30,0,0,0,0,0,4,3,-1.74897347922586,-0.0761812361096988,0.693363147639703,0,0,0
885,-30.0215866655547,0.00612762651268347,-0.0082282551821469,-0.000299101773334504,0.000465791493198291,0.00139670923770338,-30.1517036845539,0.0725644420817437,0.0570309142150146,-0.00264575386148931,0.00318848398293724,-0.00400037016993129,-30,0,0,0,0,0,4,3,0.567982755256655,-0.463977282457212,0.2859751885631,0,0,0
886,-30.0215879765764,0.00636143666434112,-0.00694107331753185,0.000296425105998268,1.82788299500519E-06,0.00117748668048046,-30.1680661750702,-0.00718490631641866,-0.0531658329449294,-0.0021971532194979,-0.0153744640924512,-0.00930164121922262,-30,0,0,0,0,0,4,3,0.555847672090207,1.55181622187795,1.03649578781212,0,0,0
887,-30.0207323828096,0.00713918612948723,-0.00560445661199011,0.00141485772950119,0.00155366368136557,0.00149543496461846,-30.0328157526681,0.00240038509944616,0.011018097051799,0.00846023083008292,-0.00398877060403843,-0.00676358558820371,-30,0,0,0,0,0,4,3,-0.78039157767205,0.394076290204951,0.654322364716773,0,0,0
888,-30.0193647831145,0.00888988586711093,-0.00361202954461685,0.0013206284609026,0.00194772976625669,0.00248944907497106,-29.9762532115422,0.0958973854504673,-0.139350375127687,-0.00872202389638473,0.0064974110679641,-0.000377743312775,-30,0,0,0,0,0,4,3,0.824708812722796,-0.841535877697345,0.316475081532874,0,0,0
889,-30.0176445783663,0.010416859157328,-0.00131378833552134,0.00211968036045555,0.00110621293521615,0.00210681328077503,-30.104667380971,-0.184333195052069,0.19776310740664,0.00186065985512747,0.0024086866651538,0.0101581351826205,-30,0,0,0,0,0,4,3,0.0232687764293058,0.127797723588757,-1.41133973307533,0,0,0
890,-30.0160210319345,0.0115869685797277,0.000276837997023065,0.00112712872903161,0.00123399956387793,0.00107472079124708,-30.1950952199886,-0.0973406365162813,-0.11024106248473,-0.0117772321269787,-0.00684280441236755,-0.00468294437660324,-30,0,0,0,0,0,4,3,1.56791365267512,0.878961714269318,0.688776562629784,0,0,0
891,-30.0141014792558,0.0132604704999605,0.00102727450947856,0.00271180169629767,0.00211299819161312,0.000425710716796333,-30.0253583870845,0.0683946319763876,0.193053675344564,0.00996605984352554,0.00159031393627419,0.0020836038341605,-30,0,0,0,0,0,4,3,-0.945889210183571,-0.295820657580194,-0.594467734105178,0,0,0
892,-30.0119381713193,0.0152255486776594,0.00156874656872361,0.00161488617840658,0.00181715379894787,0.00065754384856943,-30.0795639365266,0.0824219374331371,-0.0273237664702123,0.0107703578327612,-0.00189338045955947,0.00804792870205118,-30,0,0,0,0,0,4,3,-0.917907910222906,0.0244941710896725,-0.750145337264693,0,0,0
893,-30.0109170594706,0.0170549394989783,0.00227829056868236,0.000427374923014425,0.00184162352110205,0.000761879772426397,-30.139400144321,-0.00515528290120021,0.0988687676479025,-0.00924666466759442,-0.0275865318820991,-0.0195688272475172,-30,0,0,0,0,0,4,3,1.2034667554015,2.76896375401231,1.75914518945591,0,0,0
894,-30.009445423641,0.0202810671630332,0.00322080718261986,0.00251600412768494,0.00461062568784329,0.00112257149353201,-29.9598697575671,0.0853149612805405,-0.0276615737428533,0.0165815340522726,0.00821074644749909,-0.00842984672462435,-30,0,0,0,0,0,4,3,-1.73841389009315,-0.99170456731099,0.898307819948142,0,0,0
895,-30.0072245470596,0.0243958302917571,0.00526658020258438,0.00192627183327747,0.0036188938103476,0.00296913989530248,-30.0900807610978,0.0279495621939371,-0.0695156288922795,0.00806854560248883,0.0136300477312736,-0.0075726121381657,-30,0,0,0,0,0,4,3,-0.626693038053358,-1.41890389751523,0.896292471601129,0,0,0
896,-30.0052022359216,0.027305271919673,0.00876294584103408,0.00211864825807014,0.00219998475347397,0.00402354089557476,-30.0351069480725,0.00047837711146392,0.0630990701613543,0.00723148464888682,0.00669887145219354,-0.0192969004953126,-30,0,0,0,0,0,4,3,-0.652934568743605,-0.670843899442282,1.80349190920855,0,0,0
897,-30.0026727314123,0.0291698361528683,0.0136412449222193,0.00294084408902156,0.00152914260508656,0.00573282907876083,-29.8007540785687,0.00943483591610474,0.0436896456638309,-0.00157717168939573,-0.00256016662232481,0.00994441467505628,-30,0,0,0,0,0,4,3,-0.240774673923039,0.237146990400272,-1.08182075883329,0,0,0
898,-30.0002033491217,0.0308175481295192,0.0190694052342161,0.00199775644000231,0.00176627593042215,0.00512375865417121,-29.8631896370319,-0.0916858862488162,-0.0336861586015719,-0.00614763932601024,0.00652157949892062,-0.0084292449664511,-30,0,0,0,0,0,4,3,0.341143206664798,-0.468786177394429,0.910296813848254,0,0,0
899,-29.9977632257384,0.032349441143342,0.024380021084632,0.00288259787632795,0.00129750400931762,0.00549723144399569,-29.98796801731,0.0827807574227358,0.0537498339605527,0.00777885788129521,-0.0127185443550949,0.0213115482953616,-30,0,0,0,0,0,4,3,-0.801949753509424,1.10629292066402,-2.23865449745727,0,0,0
900,-29.9959618558745,0.0342000769314151,0.0293681496808603,0.000719863470233222,0.00240376259849903,0.00447963032359965,-29.8849646619047,0.00506670517757695,-0.0859128713794998,-0.000594673581294798,-0.00622996325115039,-0.00143922478557759,-30,0,0,0,0,0,4,3,-0.170603318061213,0.612862914759885,0.315748221316759,0,0,0
901,-29.9951911629878,0.0369102732277182,0.0340094132807262,0.000821615582767921,0.00301662469691178,0.00480287163890044,-29.8586340955492,0.0293592047483917,-0.0611172395311035,0.0147308796025586,-0.00216325680887811,-0.0135285146254273,-30,0,0,0,0,0,4,3,-1.75581976915752,0.157607271391028,1.47508594160493,0,0,0
902,-29.9944590285762,0.0400056934026009,0.039945685001959,0.000643288551170908,0.00317420903122851,0.00706972395973262,-30.0219655393746,-0.0335799691523001,-0.0159077935217719,-0.0125379985022178,0.000134336986697239,0.00647391544933633,-30,0,0,0,0,0,4,3,1.29773092897104,0.0537262396348763,-0.615575957890089,0,0,0
903,-29.9935826045007,0.0432067783564585,0.0463266345130074,0.00110918248627069,0.00322795611260454,0.00569204896787811,-29.9645065779725,0.00385838265773075,-0.0710805256146826,0.013135728684878,0.00351172929169903,-0.00390377429122116,-30,0,0,0,0,0,4,3,-1.38455971254278,-0.358889694485365,0.532538480351481,0,0,0
904,-29.9927683824384,0.0462552805797774,0.0526898710308741,0.000519638568576458,0.00286904316446043,0.00703459003962791,-29.9648026208355,0.00512834099950884,0.147790270109483,0.0126541343587994,-0.00445951130176001,0.0160275602831671,-30,0,0,0,0,0,4,3,-1.335808194209,0.435694448176984,-1.89833656853567,0,0,0
905,-29.9933951981507,0.0493421512643443,0.0595295853602073,-0.00177337268416491,0.00330469541926078,0.00664547384500128,-29.9158778535699,0.089309178428251,0.229257396628507,0.014212229796634,0.012616313690284,-0.0128423129725106,-30,0,0,0,0,0,4,3,-1.58946727252351,-1.4402497258849,0.825716503994044,0,0,0
906,-29.9954288266619,0.0519267129597047,0.0670238783694687,-0.00229341172181469,0.00186442075588226,0.00834325831264943,-30.065079506825,-0.0178873110926347,0.14960790078261,-0.0024475609649823,-0.00143054724899029,0.00415816504832682,-30,0,0,0,0,0,4,3,0.374915110148167,0.178829347084299,-0.715032306397902,0,0,0
907,-29.9978474894229,0.0538805512972622,0.0749753038148274,-0.00254412553047322,0.00204325172326231,0.0075596647083573,-30.1033557482273,0.0205268149103847,0.0137122042581803,0.016992540229236,-0.0125398114092059,0.0136880416951094,-30,0,0,0,0,0,4,3,-1.49254252646906,1.21292751109982,-1.3962285780273,0,0,0
908,-30.001412819949,0.0565302493726354,0.0825749686902259,-0.00458650957760848,0.00325613802715827,0.00764023001801253,-29.9884193917311,0.0316944494148504,0.0575738423418324,-0.00709470810383454,0.000609972581072109,0.00116577465527205,-30,0,0,0,0,0,4,3,0.686309593845674,-0.124386156936912,-0.23172515021087,0,0,0
909,-30.0058435815239,0.0597242030450382,0.0898815856284577,-0.00427519234080737,0.0031317636618712,0.00697292045988162,-29.9332794709804,0.28015259252394,0.0496522523134496,-0.00943549494365051,0.0207602169738269,-0.00197889656358198,-30,0,0,0,0,0,4,3,0.810108436325841,-2.63632688243057,0.0985851517312988,0,0,0
910,-30.0098019358605,0.061537814577661,0.0965912800810615,-0.00364166014602684,0.000495453742531119,0.00644629667904622,-29.9715232981518,0.147662297070833,0.348074394073434,0.01990836604155,-0.000494947631094941,0.00853895847906767,-30,0,0,0,0,0,4,3,-2.04779000785146,-0.245829831032172,-1.55004463605364,0,0,0
911,-30.0147138081086,0.0619103293789606,0.103225614555826,-0.00618197931062499,0.000249570372750873,0.00682306982611231,-30.0420793826624,-0.0260290971400597,0.225615212673928,-0.00899500036421798,0.00197085789766114,-0.00840823638567201,-30,0,0,0,0,0,4,3,0.983658801746528,-0.145027595485995,0.389593213219345,0,0,0
912,-30.0204144507639,0.0620874006663409,0.109825112555331,-0.00521942576934437,0.000104565591129416,0.006375662523665,-29.9166693176733,0.220772116604824,-0.0583581584827746,0.00990433518910984,0.00442722559225901,0.00834216752524399,-30,0,0,0,0,0,4,3,-1.15709488356444,-0.884266792435548,-0.71750043555885,0,0,0
913,-30.0262950592581,0.0617498207596068,0.116360572562477,-0.00654170167170555,-0.000779730153097012,0.00669562239019153,-30.0890099276778,0.0407221813143115,0.0241646379578568,-0.00615036447542362,-0.00328001663777055,0.00217144766811416,-30,0,0,0,0,0,4,3,0.793056302898019,0.246557301148432,-0.265474042727129,0,0,0
914,-30.0326574496703,0.0610933780449777,0.122673162490287,-0.00618328390229468,-0.000533159210841567,0.00592946065099254,-30.1498548400454,0.197180577453987,0.0304067272568107,-0.00985291001246469,0.00895653984783168,0.00369163373155359,-30,0,0,0,0,0,4,3,1.28500068133725,-1.29001513969114,-0.42997682766898,0,0,0
915,-30.0385503223517,0.0599152247901613,0.127985225505527,-0.00560279409156224,-0.00182315224502145,0.00469450594079355,-29.9249940764561,0.124995294051156,0.0933780572910086,0.0116772481623874,-0.0131608450753377,-0.00445767352977445,-30,0,0,0,0,0,4,3,-1.31773666332645,1.06609391943146,0.259011238395428,0,0,0
916,-30.0445193205466,0.0586251091707135,0.13323764670047,-0.00633489455505447,-0.000757082487726525,0.00581053429406126,-30.0547070223101,0.118016734472929,0.165438795621305,-0.0048059912153613,0.00537788048543851,-0.0099641270886416,-30,0,0,0,0,0,4,3,0.590013166156396,-0.773821517489708,0.665535117621549,0,0,0
917,-30.0504112291151,0.0574811245009564,0.139060869845258,-0.0054489117289495,-0.00153088678176434,0.00583566785821703,-29.7824846571916,-0.065583725155855,0.25511694469776,-0.0157904759083517,-0.00395997074592254,0.0286960152174847,-30,0,0,0,0,0,4,3,1.14401690521837,0.527164524903964,-3.37983541114399,0,0,0
918,-30.0566822953,0.0562138218760717,0.143306210427845,-0.00709408164376843,-0.00100372712845338,0.0026554624396152,-30.153513580817,0.176065489105366,0.250078430306061,-0.00340484594284522,-0.00148706381082693,-0.00465598883570926,-30,0,0,0,0,0,4,3,0.647511755918497,-0.203424597128038,-0.034557977041196,0,0,0
919,-30.0635674814893,0.055108391069761,0.145710960985715,-0.00667642614106391,-0.00120713908956955,0.00215392317488859,-30.1013764040621,0.0401440860369861,0.148516381465652,0.0033945970272834,-0.00192040224521104,0.0035472658023311,-30,0,0,0,0,0,4,3,-0.136706894604209,0.111752052447132,-0.651759343164415,0,0,0
920,-30.0705296011042,0.053957124350998,0.147682858627843,-0.00724791065201932,-0.00109539510423681,0.00179002104327108,-30.0934174845437,0.145459065130716,-0.0743527544000533,-0.015094517452995,-0.0116701677356334,-0.00404929287352837,-30,0,0,0,0,0,4,3,1.69628671438683,0.876098643301908,0.553634796152943,0,0,0
921,-30.07699408611,0.0532998012050971,0.149047257521912,-0.00568129141608754,-0.000219258097926514,0.000938345217597268,-29.9438016289188,-0.0131766762181519,0.118824936587027,-0.0198107435968397,-0.00717570972625335,0.00112667716220969,-30,0,0,0,0,0,4,3,1.86867761752154,0.743924325061639,-0.350317589395023,0,0,0
922,-30.0821593036623,0.0534525260606707,0.149183738372714,-0.00464957235867079,0.000524700628023786,-0.000665663299659381,-29.8284643718323,0.0397857504273317,0.202017354640976,-0.00742656056395235,0.0035068035156017,-0.00216536281320821,-30,0,0,0,0,0,4,3,0.399584800059871,-0.430251852414833,-0.187498427961131,0,0,0
923,-30.0867432462371,0.0537621068472231,0.148302258269412,-0.00451842477862446,9.44552097266994E-05,-0.00109733224956285,-29.9683289712038,0.0443447957952336,0.0583215084662405,0.00835506044617147,-0.0114251260456813,-0.00826429678154098,-30,0,0,0,0,0,4,3,-0.898848102209469,1.05382301297766,0.709786661221617,0,0,0
924,-30.0913208617547,0.0543834698204629,0.147768288346283,-0.00463649668580367,0.00114826611038655,2.94242126063771E-05,-30.2065548937508,0.0279302185832103,0.253495183549779,-0.00889185214471626,0.0093504967080371,-0.0169808142967725,-30,0,0,0,0,0,4,3,1.30229500197322,-0.990910107970131,1.19109106257769,0,0,0
925,-30.0950813585791,0.0550363014214028,0.147731594254389,-0.00288452700783667,0.00015739173572566,-0.000103285065717815,-30.2704129609387,-0.0966154678660548,0.113723995666396,-0.00254669565570303,0.0146037276820287,0.00376966262969332,-30,0,0,0,0,0,4,3,0.795495487447788,-1.26714183247076,-0.604414254302123,0,0,0
926,-30.09791440069,0.0545601310504692,0.147124317140324,-0.00278182465280841,-0.00110973918451324,-0.00111129716787071,-30.1778050648679,0.00558934697137843,0.227632592138318,-0.0118077199382396,0.000577081457275802,0.00954111043652874,-30,0,0,0,0,0,4,3,1.53638212355966,-0.0688868396703371,-1.40937622792951,0,0,0
927,-30.1006812810908,0.0534159604088713,0.144963114159719,-0.00275249742088475,-0.00117860692180345,-0.0032111162401794,-30.2900846079685,0.107459921799161,0.136575059406852,-0.00154346383590162,0.00663852200374862,-0.00949772565999011,-30,0,0,0,0,0,4,3,0.734515599527259,-0.878772043973184,0.676622447185307,0,0,0
928,-30.1029416484263,0.0517979799086109,0.141711668291687,-0.0017682543260263,-0.00205735877562338,-0.00329203852802024,-30.05359837345,0.000380650337570024,0.0747061204324019,-0.00643715787000652,-0.00448579561486568,0.022855673260397,-30,0,0,0,0,0,4,3,0.750912533900668,0.447818260811428,-2.43497956690451,0,0,0
929,-30.1053394711165,0.0499645303544502,0.137300316278686,-0.00302798591619845,-0.00160954548312039,-0.00553032659581991,-30.1795534363636,0.00410542097559113,0.326612250799991,-0.0144140451238771,0.00178637752615541,0.000549924410843975,-30,0,0,0,0,0,4,3,1.80051138511488,-0.186848594566723,-0.70821694268438,0,0,0
930,-30.1080114182152,0.0482615783156467,0.130865953404703,-0.00231638546879258,-0.00179636396465382,-0.00733858997010579,-29.9922621019079,0.168212251202457,0.0889579852801743,-0.0139961730920524,0.0149321861951056,-0.00297822009657752,-30,0,0,0,0,0,4,3,1.38414151302105,-1.82964312191547,0.119906039097404,0,0,0
931,-30.1098161803601,0.045550411035287,0.123058797838879,-0.00129338514736766,-0.00362597849563482,-0.00827599372880029,-29.9422476119907,-0.0710244115865259,0.180912755964078,-0.0107930486412505,0.00723057882550915,-0.0105905648568276,-30,0,0,0,0,0,4,3,0.963800088106489,-0.581009059377864,0.697230973754607,0,0,0
932,-30.110533817269,0.041633943822665,0.114664552681944,-0.000141944771573425,-0.00420696262139543,-0.00851280669775709,-30.0111588460564,-0.115069327601319,0.172659771776357,-0.00108284827811936,0.0116037729880057,0.00273122643290236,-30,0,0,0,0,0,4,3,0.130602519924829,-0.930238643597935,-0.618442186842949,0,0,0
933,-30.1108642707464,0.0369618643238908,0.105882681395238,-0.000519099641619483,-0.00513720372905887,-0.00905083174895133,-30.1872447356258,0.0529526237033821,0.0399680422683392,-0.00630804590039772,0.00611247866160906,-0.0319514614502352,-30,0,0,0,0,0,4,3,1.00529406129127,-0.71715311356767,3.11521006048684,0,0,0
934,-30.1099156330203,0.0314661099024417,0.0975283901784176,0.00241675499845931,-0.00585431126989784,-0.00765853465716191,-30.1856161109132,-0.0116778261984278,0.265492650746114,0.00368628687180194,0.00450189064294038,-0.0155126660315386,-30,0,0,0,0,0,4,3,0.00260353464628782,-0.426833411897183,1.02028130166163,0,0,0
935,-30.1071356424126,0.0253983888878095,0.0902089463846035,0.00314341651022714,-0.00628113626914721,-0.00698054491367851,-30.2404058395729,0.0381083135465061,0.0797319059795711,-0.00233446845084659,-0.00936345658835916,-0.0010857357295849,-30,0,0,0,0,0,4,3,0.714258524230425,0.860129031742904,-0.0508902390006525,0,0,0
936,-30.1037736187788,0.0195473271120098,0.0829405145185236,0.00358048619102855,-0.00542099340848403,-0.00755643180958022,-30.1571262023208,0.0707466799365559,0.146829047451701,0.00368028027859919,-0.0230704632861698,-0.00755472271561362,-30,0,0,0,0,0,4,3,-0.0537756232182547,2.16555296874387,0.461814176657961,0,0,0
937,-30.1000519480145,0.0152091140764269,0.0755511199175929,0.00386295263643375,-0.00325543772513385,-0.00722242943013948,-30.0942679373186,0.103010386864016,-0.0271025517642462,0.0157524949963489,-0.0184922867137059,-0.0116505891878252,-30,0,0,0,0,0,4,3,-1.3867136249976,1.64320789764256,1.21926402231101,0,0,0
938,-30.096228852537,0.0127752751522145,0.0692403113016532,0.00378373216109028,-0.00161224749883145,-0.00539916438712534,-30.0308259213532,-0.0162737386062652,0.0784421429797853,0.00139820652785456,0.00239696080345829,-0.00501443310008958,-30,0,0,0,0,0,4,3,-0.0781688100791166,-0.207148603133298,0.344559024049387,0,0,0
939,-30.0923535962701,0.0110594564843806,0.0639766359125811,0.00396686059788522,-0.00181939483853379,-0.00512823216002715,-30.0742354761912,0.0816233699007748,0.204206561787894,0.00856932955421411,-0.0129661984121088,-0.020651082194531,-30,0,0,0,0,0,4,3,-0.708462003038922,1.13337310140933,1.65669509587731,0,0,0
940,-30.0880328241366,0.00980675202874428,0.0596627418816383,0.00467512004295987,-0.000686022296110697,-0.00349973977044851,-30.0493143626799,0.040333354886057,0.217891858806793,0.0179746659265144,-0.00785350909412615,-0.0128114492488621,-30,0,0,0,0,0,4,3,-1.69883786729164,0.7046841996405,0.845361207272627,0,0,0
941,-30.0836371714231,0.00947306167303081,0.0570600651744946,0.00411666848032259,1.86349481396183E-05,-0.00170546246394949,-29.9637345476609,-0.0905882890375261,0.0374120829214151,0.00358451771623823,-0.0100729184519483,0.00248779385917771,-30,0,0,0,0,0,4,3,-0.430982676302104,1.18846842326988,-0.323603551760601,0,0,0
942,-30.0797911046591,0.0100859286230832,0.0553898996765873,0.00357549084554871,0.00120709212658899,-0.00163472190563258,-30.1908385433172,0.0447829569872619,0.28964809205391,-0.00853339110299516,-0.00701260009506998,0.00225862804389619,-30,0,0,0,0,0,4,3,1.23501619693389,0.611694095532474,-0.805158988497439,0,0,0
943,-30.0760922484488,0.0115988798644788,0.0530184402625287,0.00382183915623883,0.00181880425743768,-0.00310825874376339,-30.2386938910288,-0.079901080710392,0.0637468463980347,0.000572911724120846,-0.0129173424649005,-0.00355666860664375,-30,0,0,0,0,0,4,3,0.42009660964557,1.45153640791084,0.228173167868306,0,0,0
944,-30.0720494599161,0.0141434601956907,0.0498238149678493,0.00426369874181441,0.00327035091542652,-0.00328110536058685,-30.0912192760538,-0.0947219097168691,0.100931743968215,0.00734933571093141,0.0146550224309438,-0.0121498269274391,-30,0,0,0,0,0,4,3,-0.552495018985479,-1.27605842366064,1.01311920480748,0,0,0
945,-30.0676103750047,0.0167757832979315,0.0470792503441904,0.00461476155260624,0.00199428977112072,-0.00220811413137704,-29.8792881772225,-0.0612428848122833,-0.0549771148930948,0.023852678054389,0.00274308181653658,0.00947706691429121,-30,0,0,0,0,0,4,3,-2.62669145099389,-0.151822412029092,-0.837752461642931,0,0,0
946,-30.064203596803,0.0186941353100212,0.0455335859081089,0.00219914963190192,0.00184240810725405,-0.000882573616593173,-30.0453644832858,-0.0997751046224145,0.00939825946742176,-0.00255004021478438,0.00173374122640994,-0.0123388675300818,-30,0,0,0,0,0,4,3,0.345732988050127,0.0261760866038351,1.21509023407334,0,0,0
947,-30.0614469733961,0.0205496426329466,0.0449290141864189,0.0033142503170125,0.00186860104001781,-0.000326860508132576,-30.0506020325042,-0.0960512683734482,0.148795813022032,0.00718083843782199,0.00768822587880515,-0.0152012868479577,-30,0,0,0,0,0,4,3,-0.616879778773768,-0.576720051133618,1.2225370587517,0,0,0
948,-30.0579002413002,0.0221298845443216,0.0452338964635364,0.00377955219885956,0.00129187870307844,0.000936503741232945,-30.0586313616223,0.0560171724423525,0.167099141826343,-0.00391746049395654,0.0187153916279652,-0.00178290486226848,-30,0,0,0,0,0,4,3,0.50900877264024,-1.98357350768123,-0.155907797425839,0,0,0
949,-30.0540079684226,0.0224299838879023,0.0459201092130539,0.00400486831158308,-0.000691685930182067,0.000435864546849799,-30.2062517722549,0.00254913529291037,0.069210151121296,0.0117179179686707,-0.00115377290832577,-0.00994238179065516,-30,0,0,0,0,0,4,3,-0.759288252357306,0.110279020246756,0.855817876822924,0,0,0
950,-30.0499522828939,0.0217934361707794,0.0469143885755493,0.00410680100323359,-0.000581415045298208,0.00155267174431536,-30.1050114516926,0.0564270991169377,0.117888267344504,0.0166791826173003,-0.000765947337962184,0.0131740593236355,-30,0,0,0,0,0,4,3,-1.45789535834475,-0.036259464437657,-1.55318246705256,0,0,0
951,-30.0469139161678,0.0211938727734437,0.0484614040527887,0.00196993075810886,-0.000617716314986835,0.00154192075718138,-29.9444378892584,0.0519963273878748,0.0867576669643904,0.00301510567773571,0.0211084024914306,0.00984293559609614,-30,0,0,0,0,0,4,3,-0.412634789256787,-2.21483290391881,-1.1578088935384,0,0,0
952,-30.0455119550676,0.0194687331162252,0.0497507883418102,0.000833864211362849,-0.00283256693221359,0.00103714757421239,-30.028860215175,-0.169337260490203,-0.164850359958651,0.00970309650492037,-0.0094564231912649,0.00528830560648367,-30,0,0,0,0,0,4,3,-0.912589220141957,1.2843168401069,-0.199129840731065,0,0,0
953,-30.0450649515003,0.0172783172782996,0.0510455361380473,6.02823955000547E-05,-0.00154826992392405,0.00155255295173231,-29.9237464677061,0.112133168936078,-0.0395184088309788,-0.00258190919628637,-0.00602978794908073,0.0106482897605593,-30,0,0,0,0,0,4,3,0.10568385504085,0.378712457035916,-0.985792158393968,0,0,0
954,-30.0453336875119,0.0159194031509772,0.0522154957674381,-0.00059794923076406,-0.00116956343712569,0.000787539315881148,-30.0342280991111,-0.0466756826132824,0.223877499230342,0.00280013618392271,-0.0198803684090663,-0.0146243169183704,-30,0,0,0,0,0,4,3,-0.211557420170077,2.0813882061332,1.01467669337636,0,0,0
955,-30.045634821747,0.0157905387901905,0.0534167165705536,-4.09815976397741E-06,0.0009118288596813,0.00161474922228519,-30.0425917785491,0.0406500511874352,0.0379111962325166,0.00217421986884183,0.000493069544621223,-0.000532328811590096,-30,0,0,0,0,0,4,3,-0.132238429785972,-0.130607056836993,-0.0225895113060235,0,0,0
956,-30.0456953598932,0.0166370667098619,0.0550635209624358,-0.000116956777124979,0.000781218980688207,0.00167889380382997,-30.0916714039731,0.0269645817010762,-0.106722078757087,-0.0189550096225722,0.00627832688735217,-0.00903884657196805,-30,0,0,0,0,0,4,3,2.07884377020335,-0.68176185213737,1.11732881471098,0,0,0
957,-30.0446999495932,0.0170774327767502,0.0563489796506509,0.00210757671539902,9.95077448021226E-05,0.000891446366373418,-30.17154796702,0.00645681049923973,0.19430220021675,-0.000152722909323334,-0.000728673830880627,-0.0108761544983797,-30,0,0,0,0,0,4,3,0.358368224972398,0.0599537620895833,0.699011049404466,0,0,0
958,-30.0422176062742,0.0172069264512523,0.0573357780782375,0.00285716192387132,0.000159474381748912,0.00108195465423116,-30.0275475992699,0.0676819340355169,0.172096439275845,0.0164582507531752,-0.0177562390521282,0.00907515352053822,-30,0,0,0,0,0,4,3,-1.59072987677775,1.64026003714178,-1.25170823060551,0,0,0
959,-30.0403631987016,0.0181865128343106,0.0585682754162113,0.000851737969407265,0.00179969244343758,0.00138356569247448,-30.1083199481912,0.0519793928403033,-0.0174092771909343,-0.00194016667309333,-0.00161678553084527,0.00690001370628577,-30,0,0,0,0,0,4,3,0.410656563691651,0.05771976740392,-0.655182816246708,0,0,0
960,-30.0396167881532,0.020015071255812,0.0595696818478277,0.000640892355045732,0.00185741503339044,0.000619299723142003,-29.9621166663984,-0.00563192480998478,-0.00793902523690989,0.00937355764661587,0.00472237592458098,0.000992233297947889,-30,0,0,0,0,0,4,3,-1.01312243186472,-0.460973742838129,-0.0833452793209691,0,0,0
961,-30.0393531819747,0.0216419938512024,0.0605245472364482,-0.000113502157657569,0.00139642040547683,0.00129063005056176,-30.1114661425534,0.0738992206109,-0.0991579478755823,-0.00761520973570468,0.00769799092001693,-0.000313947733768947,-30,0,0,0,0,0,4,3,0.984453258677339,-0.917597533223493,0.229710669128059,0,0,0
962,-30.0390524931328,0.0225796284051953,0.0615216583991474,0.00071473184985345,0.000478844388718189,0.000703379190066532,-29.9706994140325,0.00102040235591429,0.073513868203426,0.00922163938641664,0.00719247042317573,0.00450806947435734,-30,0,0,0,0,0,4,3,-0.980765110576702,-0.721287847029402,-0.597834683842586,0,0,0
963,-30.0388932291029,0.0226978191034233,0.0623751300052271,-0.000396122569442672,-0.000242467911237105,0.00100385333822344,-29.9272172571368,0.13210645928509,0.157534033009848,0.0017527484217196,-0.00625656834996636,-0.0097338012563353,-30,0,0,0,0,0,4,3,-0.320840327898396,0.361443916426455,0.658312059613834,0,0,0
964,-30.0391586325417,0.0226360752256732,0.0637111181307413,-0.000134507677891762,0.000118975002254491,0.00166805610251546,-29.9461989843875,0.154065572973079,0.117111439925399,0.00396724775234783,0.00888269396805574,0.0138402442119296,-30,0,0,0,0,0,4,3,-0.504326806459704,-1.19640054275173,-1.61824730104376,0,0,0
965,-30.0400633275479,0.0221568410434739,0.0650100444579234,-0.00167506751331251,-0.00107744885396994,0.000930197141575221,-30.1214429732987,0.16256199512307,0.15093601075184,-0.00306688885561789,0.00420030710513848,0.00231191732176736,-30,0,0,0,0,0,4,3,0.549574832159116,-0.745154700759989,-0.533063753680416,0,0,0
966,-30.0417531210183,0.0207068214127362,0.0655497272802922,-0.00170471565913423,-0.0018225969591458,0.000149178434214968,-29.8380448905402,0.117576447834299,0.0634050874046442,-0.00168519477483631,0.00574441853014209,-0.00513627308479958,-30,0,0,0,0,0,4,3,-0.155390741435948,-0.809594748682807,0.38681713367067,0,0,0
967,-30.0433713999629,0.0184794302210193,0.0658788922828763,-0.00153174510946426,-0.00263219163793971,0.000509107064767476,-29.9362544397838,0.0200665365844291,0.0744850818860274,-0.0136159614907398,-0.0278694074128052,-0.00432311884139705,-30,0,0,0,0,0,4,3,1.23410502864153,2.74680766811166,0.28334172036765,0,0,0
968,-30.0443862662659,0.0172206583465443,0.0660198863741215,-0.00049817270504805,0.00011464296356599,-0.000227382452418236,-29.9331769782103,0.150159474040414,0.291055085243255,0.0150032555646051,-0.0232564642231382,0.0080269685693404,-30,0,0,0,0,0,4,3,-1.63397160003995,2.025327474233,-1.38480702742055,0,0,0
969,-30.045950684117,0.0183479459244994,0.0659211942179152,-0.00263059306984697,0.00213992650209852,3.0544298843015E-05,-29.9875605831907,-0.0727039985051908,0.0662354950846619,0.00304368103274916,0.0197469248695843,-0.00481578374459251,-30,0,0,0,0,0,4,3,-0.32924693689356,-1.82928448994805,0.349107384289927,0,0,0
970,-30.0485670568161,0.0195732320136479,0.0661836473886041,-0.0026020248404795,0.000310638304280886,0.000494354494039343,-30.0032680298641,-0.0497118374949818,0.167395477864782,0.0104358681699557,-0.00406659728178009,-0.00304450606019498,-30,0,0,0,0,0,4,3,-1.03705075726728,0.506083403167973,-0.0303403497100666,0,0,0
971,-30.0515330259795,0.020136903342192,0.0670439507830801,-0.00332972427953554,0.000816700776110169,0.00122644217920737,-30.1298768729206,-0.111187819787732,-0.0913182745886596,0.000987375803259285,0.01007602539913,-0.00680008867495487,-30,0,0,0,0,0,4,3,0.161016165515195,-0.785226900337539,0.862645416672806,0,0,0
972,-30.0544927767356,0.020560997061943,0.0684940038618158,-0.00258965733676257,3.14841547342726E-05,0.00167347601608956,-30.1077406868331,0.0629074104300435,0.0472514630223204,0.00253316643382044,0.00190567440120893,-0.0113064471093064,-30,0,0,0,0,0,4,3,-0.0378352697159139,-0.316382260980979,1.036141784886,0,0,0
973,-30.0567147376702,0.020434296936357,0.0705224546615573,-0.00185407683330996,-0.000284890377695594,0.00238323911147164,-30.0446074653314,-0.0370374670810567,0.012045982330643,-0.00721495417344947,-0.0165229324201186,-0.0172642721054615,-30,0,0,0,0,0,4,3,0.810710348007703,1.72636817617397,1.70233524588486,0,0,0
974,-30.057668806249,0.021012606419205,0.0731697110996382,-5.39189311580509E-05,0.00144150791845181,0.0029108145574002,-30.0141060269314,-0.0562398071387993,-0.175015296042546,0.00293039156409666,-0.000760447935385006,-0.00641825788899392,-30,0,0,0,0,0,4,3,-0.264827102546856,0.188524407816099,0.991856380984484,0,0,0
975,-30.0574466409904,0.0225483803991356,0.0765030733428765,0.000498468105764828,0.00163003517063011,0.00375577119125825,-30.1931883064232,-0.0351804849810612,0.120222286377093,0.00428302807535474,0.00323454323205771,0.0017075272929318,-30,0,0,0,0,0,4,3,-0.0419261946891683,-0.253093353243649,-0.411197302047367,0,0,0
976,-30.0571166734326,0.0240518703394009,0.0801275167395197,0.000161404868552691,0.00137693761796818,0.00349320495287739,-30.0296804561326,0.04341773186737,0.0640475689116446,-0.00696520975815157,0.01043378482464,0.0151839579831908,-30,0,0,0,0,0,4,3,0.755881888080426,-1.13021394619874,-1.64649093614237,0,0,0
977,-30.057314448124,0.0248637045325941,0.0827795012342541,-0.000557377594647147,0.000246725264659984,0.00181094954140219,-30.169955285183,-0.0110458835926174,0.0674273702289245,0.0145758118256335,0.00611700724350686,-8.0961129384725E-05,-30,0,0,0,0,0,4,3,-1.1176706121973,-0.589608957165451,-0.126758627519376,0,0,0
978,-30.0582964952448,0.0248156159447397,0.0849542930736467,-0.00140652705490607,-0.000342907020443323,0.00253885182951452,-30.0553539515755,0.0573172892412925,0.131788759182888,0.00945055674318917,-0.00170946100770269,-0.00424957398308725,-30,0,0,0,0,0,4,3,-0.834347771168014,0.056311522287684,0.161379879942948,0,0,0
979,-30.0599252650425,0.0245008606629292,0.0878490197813053,-0.00185083097598396,-0.000286610814189701,0.00325071220961001,-29.9607931434159,0.0235916310157829,-0.0207240888356073,0.00811219840134507,-0.00523049135932552,-0.00396962610742474,-30,0,0,0,0,0,4,3,-0.889633553302788,0.475865873900986,0.438410788413689,0,0,0
980,-30.061913432913,0.0244521791811038,0.091569240962275,-0.00212526038586896,0.000189240907052602,0.00418980117957578,-30.0548970592482,0.193230919424299,0.0440536988625516,-0.0090033948256656,-0.0101348105738958,0.00894546034269717,-30,0,0,0,0,0,4,3,1.01013360106292,0.627019218540984,-0.98265343199482,0,0,0
981,-30.0640675025807,0.0249549390375561,0.0950474512424152,-0.00218323471428847,0.000816272222457484,0.00276663380559602,-30.0321752193573,-0.12503776075814,0.213702918467569,0.0199597461443464,0.00591851983386965,-0.00193950458988898,-30,0,0,0,0,0,4,3,-1.93162417571995,-0.341776461870686,-0.233455377946241,0,0,0
982,-30.0669860256205,0.0256003072789531,0.0984464880715581,-0.0036534887692387,0.000474455324034002,0.00403181542231251,-30.1055124561658,-0.0857289888730984,0.17756735565174,-0.00943843229953584,0.00183416341991085,0.000643529584249508,-30,0,0,0,0,0,4,3,1.15486814228526,-0.0119583642448884,-0.419487669728432,0,0,0
983,-30.0704113099117,0.0260687954357737,0.101901955358476,-0.00319736852274452,0.000462516553619972,0.00287900404617371,-30.0128718982511,-0.0996959996765127,-0.0506002590705812,-0.00673614327453568,0.0038687636227908,0.0016764178489514,-30,0,0,0,0,0,4,3,0.699358123955695,-0.187484362926054,-0.0664412667539776,0,0,0
984,-30.0734021753116,0.026437578491788,0.104491671480515,-0.00278450443009722,0.000275045593574246,0.0023003241119956,-30.0153956557855,-0.0517834507596778,0.10822465140541,-0.0124661215158494,-0.00397173395688276,0.0140514118489606,-30,0,0,0,0,0,4,3,1.27740346315597,0.500740297207632,-1.62159048770688,0,0,0
985,-30.0763664084983,0.0269630027683175,0.105768021773326,-0.00314447363066635,0.000775798084566976,0.00025246894692393,-30.1347922920482,0.0320564190146894,0.0774892608033574,0.0041430184423306,-0.0118093789599407,-0.0147125653037698,-30,0,0,0,0,0,4,3,-0.144717260136738,1.11682505796469,1.31627800877027,0,0,0
986,-30.079072801992,0.0282972199515351,0.106506691900035,-0.0022680626316944,0.00189263103957773,0.00122465161083625,-30.0124387524855,0.162228809325297,0.173937142250174,0.00907559304742295,0.0034707098530187,0.00299038522306401,-30,0,0,0,0,0,4,3,-0.882681799771257,-0.671528603952465,-0.64691280680675,0,0,0
987,-30.0818794656005,0.0298540782787881,0.107837037047919,-0.00334520512398757,0.0012210795335298,0.00143631181300835,-30.1191914937388,-0.00180911617677305,0.0849165809717425,-0.0044099747986058,0.0133663861743857,0.0100672014942834,-30,0,0,0,0,0,4,3,0.679380467338279,-1.33302038508503,-1.17655331137183,0,0,0
988,-30.0854398058049,0.0304086516376212,0.108621159146428,-0.00377580613006068,-0.000111936936474393,0.000132041211425479,-30.0996775580606,0.16607290674032,0.0581378173631915,-0.011394003034412,0.000589889823580592,0.00620110486116119,-30,0,0,0,0,0,4,3,1.33875541956242,-0.391134795838699,-0.736386120842502,0,0,0
989,-30.0890479533399,0.0301011599335694,0.108002132287031,-0.00344085981067973,-0.000503051064276238,-0.00137017948880339,-29.9456303100524,-0.0519508630450311,0.251934040367782,-0.00442969057924529,0.00149081459272263,-0.0175343791493876,-30,0,0,0,0,0,4,3,0.33422967802936,-0.0451797331822011,1.24956983420319,0,0,0
990,-30.0919159302547,0.0295755296347486,0.106916570952841,-0.00229494820896955,-0.000548213891869071,-0.000801228371742832,-30.1475079269372,-0.136875355044996,-0.00741353773177046,0.00097163913302858,0.00797925517656601,0.00431145186775026,-30,0,0,0,0,0,4,3,0.197851940571538,-0.524174807566608,-0.416318111311485,0,0,0
991,-30.0943046222774,0.0287652314325497,0.105895650760116,-0.00248253917346624,-0.00107238816495277,-0.0012405627662092,-30.0951283214508,0.0703547897102363,0.116894834610197,0.0120943205440308,-0.0117723232174284,-0.0106721128913149,-30,0,0,0,0,0,4,3,-1.01917541150138,1.03652274232237,0.833421619911097,0,0,0
992,-30.0968193951381,0.028211100937291,0.105305566716153,-0.00254667611905106,-3.58789200063715E-05,6.04120556248269E-05,-30.2324261741172,-0.0589493489630212,0.197326613878327,0.00903493630539824,-0.0174083843212023,-0.00485883910917702,-30,0,0,0,0,0,4,3,-0.43864128230533,1.85873713004627,0.0912306831610484,0,0,0
993,-30.0994815837875,0.0291045886836896,0.105552978917111,-0.00277760394221753,0.00182285020535029,0.000434469563428635,-30.1694167891351,0.146858849048337,0.201750149104814,0.0128124459249572,-0.00230927839286177,0.014573199131279,-30,0,0,0,0,0,4,3,-0.942411014225446,-0.0627898588104968,-1.86082021133753,0,0,0
994,-30.1032711974109,0.0308960301152639,0.105714395807815,-0.0048017578079637,0.00176002630815049,-0.000111131444934447,-30.0646698137551,0.0932840532709659,0.1656995571282,-0.00584353346951321,0.00656668136795685,-0.0143317240989183,-30,0,0,0,0,0,4,3,0.713692974461526,-0.843236243337617,1.10177329563543,0,0,0
995,-30.1074279301771,0.0322344530112068,0.105696217135997,-0.00351165777362608,0.000916813324773271,7.44535728835882E-05,-29.8617652865673,-0.0780415317491346,0.0712685684867735,0.000969367145708373,0.009196955548852,0.00970500315753448,-30,0,0,0,0,0,4,3,-0.373406141436177,-0.763612491386931,-1.11303745272699,0,0,0
996,-30.1114835243582,0.0327694551529237,0.105534320670516,-0.00459964432616083,0.000153184271576682,-0.000397976190228036,-30.0347798813005,-0.139845520587459,0.243776199832957,0.00391370212283031,-0.00483606959557469,0.00327546393741876,-30,0,0,0,0,0,4,3,-0.321810449681958,0.763298000732387,-0.815098793407789,0,0,0
997,-30.1164988673048,0.0333042842021345,0.104980323133914,-0.00543111358091582,0.000916469178821965,-0.000709813044770191,-30.2585789863581,-0.0144002153168576,0.0687188499691709,-0.00106569672926852,-0.0110082711791389,0.00487044874880621,-30,0,0,0,0,0,4,3,0.623727645643086,1.12962754854761,-0.624482574818963,0,0,0
998,-30.1219611414855,0.0347855727024732,0.103824334736566,-0.00549365387281355,0.0020461040492508,-0.0016021470755606,-30.0232688932395,0.0268674708659301,0.0330217099874335,-0.0088340468180405,-0.00420360182717609,0.00894063390463916,-30,0,0,0,0,0,4,3,0.929942468283057,0.366625240985748,-0.960106810438783,0,0,0
999,-30.1275108597711,0.03701499751139,0.101550194917752,-0.00560611056705339,0.00241273997340357,-0.00294610284179081,-30.2710547004964,0.000685770392090362,0.0672439679960607,-0.002809719434397,0.0096934667497504,0.00625547862825637,-30,0,0,0,0,0,4,3,0.823081344432585,-0.97071821575922,-0.760035798817758,0,0,0
1000,-30.133134428934,0.0389423864122396,0.0980384590159072,-0.00564130150315085,0.00144203194598548,-0.00407735867780058,-30.1238960489066,0.0232652044451938,0.0664015500114917,-0.000497641272162356,0.00239783866388988,0.00611872002407753,-30,0,0,0,0,0,4,3,0.297556225029368,-0.286314275279376,-0.744675102430736,0,0,0
1001,-30.1389621604854,0.040241264212022,0.0935975719136072,-0.00601433714186362,0.0011557175088899,-0.00480432338693571,-30.0251191581888,0.177037879854717,0.0609509723167447,0.0015329016042545,0.00948998772505501,0.00548574674444573,-30,0,0,0,0,0,4,3,-0.103051844047891,-1.30307453221494,-0.670476619078062,0,0,0
1002,-30.1452681062604,0.0407454441086879,0.0886047633193013,-0.00659764134850026,-0.000147364570814428,-0.00518114977957921,-29.9578392314755,-0.0839130178809574,0.0653618008047961,-0.004865976683884,0.00231506093362466,-0.00145444956325268,-30,0,0,0,0,0,4,3,0.402276131339443,-0.0636800576005514,0.0147213547156759,0,0,0
1003,-30.151733544004,0.0405662469213043,0.0832724611942002,-0.00633330225713548,-0.000211036485528894,-0.00548351858373388,-30.2261434082339,-0.138190928971208,0.192981073103804,-0.00771023776082786,-0.000845058824788064,-0.00395808030973143,-30,0,0,0,0,0,4,3,1.22331059255063,0.360887740421222,0.00984588476553444,0,0,0
1004,-30.1576654630869,0.0405356692275782,0.0773278263057548,-0.0055307599069171,0.000149875735472815,-0.006405948358601,-30.2881625864467,-0.127646156082417,0.126347782997297,-0.015523790457237,-0.00050471615873271,0.000700387953660382,-30,0,0,0,0,0,4,3,2.12870421861703,0.305763928038104,-0.322734361360632,0,0,0
1005,-30.1626214695603,0.0408384488374786,0.0700103949945543,-0.00438169663759216,0.000455679475080778,-0.00822919882022543,-30.1692232625187,0.0202215536276178,-0.0109580721883565,-0.0115401265348749,0.00828642393482874,-0.00907204289731261,-30,0,0,0,0,0,4,3,1.49245917852498,-0.86908550073811,0.929120434107974,0,0,0
1006,-30.1661694077234,0.0408596065924961,0.0615209463645224,-0.00271430040753151,-0.000413368644011057,-0.00875011077476603,-30.107056328994,-0.0688957930479629,-0.0107158293041754,-0.00552175561710298,0.00751655280901288,-0.0127871355568489,-30,0,0,0,0,0,4,3,0.766288219698316,-0.613863694805362,1.30014521429324,0,0,0
1007,-30.168150360841,0.040139322090084,0.0529046253377758,-0.00124753390062648,-0.00102720641023375,-0.00848289201295033,-30.249958917286,-0.0564408534418666,0.0509571605934658,0.0214953839571973,0.0130503653615807,-0.00776813313430578,-30,0,0,0,0,0,4,3,-1.64962056114773,-1.19215482927433,0.674898992243646,0,0,0
1008,-30.1696956949817,0.03851602756411,0.0452566994481543,-0.00184271607638568,-0.00221938861091418,-0.00681281239902612,-30.277354582689,-0.128730764659929,0.0767498307920405,0.0087431887787947,-0.00883157921143933,-0.00973417413790161,-30,0,0,0,0,0,4,3,-0.319609712501442,1.14061945046379,0.81991775220608,0,0,0
1009,-30.1713423086978,0.0368669508394341,0.0388268025543018,-0.00145031595325548,-0.00107876881463256,-0.00604707724863231,-30.2483551857706,0.039543890046756,-0.0553202472168107,0.00130905517679741,-0.00270531328662422,-0.0123533270208616,-30,0,0,0,0,0,4,3,0.365804853861386,0.19144354856891,1.34597319651978,0,0,0
1010,-30.1721723134998,0.0358839182322229,0.0330776187145657,-0.000209541221321921,-0.000887306940671638,-0.00545159163461033,-30.2347760017736,0.0092323967155335,-0.00182761172446292,-0.00430978648680764,-0.0113944144696759,0.0211545422911333,-30,0,0,0,0,0,4,3,0.900530652227999,1.12097665353652,-2.1117990056644,0,0,0
1011,-30.172886888685,0.0355571024940954,0.0265839427168158,-0.00122011303339857,0.000233670376317063,-0.00753551259752624,-30.2097605482593,0.0230052047456774,-0.0895611766439679,-0.0123404136034401,0.0112606698482358,-0.00777256164599134,-30,0,0,0,0,0,4,3,1.65356245686265,-1.17207739431493,0.95637851788707,0,0,0
1012,-30.1732103183375,0.0352047577105057,0.0187324779549237,0.000573104885813044,-0.000938366202889624,-0.00816785493860957,-30.1853871108411,-0.080299923375678,0.00590246935264441,0.0085921531445466,-0.00131733377525661,-0.0338636661064024,-30,0,0,0,0,0,4,3,-0.488441092772506,0.292333224277017,3.37456167193495,0,0,0
1013,-30.171533873739,0.0344125691198073,0.0118492560993846,0.00278041994410897,-0.000646015076402109,-0.00559912645205409,-30.1077423318495,0.0139036364147145,0.106528579010457,0.00840269094415291,-0.0111904884664324,-0.00665870667933791,-30,0,0,0,0,0,4,3,-0.624784430716218,1.09124157381381,0.452813509912877,0,0,0
1014,-30.1687943628403,0.03431217322733,0.0066247738592118,0.00269879257724917,0.000445217743132617,-0.00484981773607492,-30.1327293859844,-0.045269694416651,-0.00261967235419583,0.00823929875511906,-0.00592810490732169,-0.00832585086671045,-30,0,0,0,0,0,4,3,-0.558471103543083,0.683349879565471,0.837824431379436,0,0,0
1015,-30.1659689457704,0.0350990665003433,0.00225106007329329,0.00295228106836725,0.00112856334452147,-0.00389766660949309,-30.387691641753,0.133474332360783,0.0933370965584995,-0.00267928772094258,-0.0239584871697105,-0.0046062670507371,-30,0,0,0,0,0,4,3,1.04331205560027,2.12890005224948,0.273952511956711,0,0,0
1016,-30.1625764858839,0.0372920948114044,-0.00195999734340917,0.0038324915087223,0.00325748644627303,-0.00452466126539183,-29.9955378580606,0.0301494689038706,0.0688373994807972,0.00446339873861115,-0.0113447101468288,-0.00363338546061414,-30,0,0,0,0,0,4,3,-0.455264157739864,1.07417207687514,0.22566374709982,0,0,0
1017,-30.1588139194803,0.0410866650568326,-0.0062489153953747,0.00369276249478949,0.00433165129633251,-0.0040531385890842,-30.1411628306649,-0.176212966393054,-0.046175574322511,0.0162656256705552,-0.00834122701081499,-0.00746661663044708,-30,0,0,0,0,0,4,3,-1.34423690572577,1.18654863386761,0.83901281168973,0,0,0
1018,-30.155250495131,0.0460115834141203,-0.00952950008814294,0.00343446696997056,0.00551817999186864,-0.00250796627737894,-30.2862658332671,-0.105345091339223,0.0636707303016357,-2.98532796095094E-05,-0.00282412757652169,0.00433451033409322,-30,0,0,0,0,0,4,3,0.575516994495183,0.493102940330615,-0.560792494012593,0,0,0
1019,-30.1518441298062,0.0517763215516602,-0.0124484445704601,0.00337806977829493,0.00601128982005112,-0.00332990742743752,-30.2629515544144,-0.0221718243758689,-0.0911293152819831,0.00860978349205966,0.00308968885812973,-0.00323558043877375,-30,0,0,0,0,0,4,3,-0.335075240377109,-0.264625237061235,0.505816674441341,0,0,0
1020,-30.1483897778815,0.0576553000203705,-0.0154959636697024,0.00353077860060825,0.00574666203848772,-0.0027651649108758,-30.2446185311589,0.0157407949503345,-0.0995843421986056,0.0115883994262723,0.00211860632611468,0.00473060256093667,-30,0,0,0,0,0,4,3,-0.669602880309472,-0.243342222512137,-0.273891571696455,0,0,0
1021,-30.1451865317998,0.0632802849351447,-0.018107494256734,0.0028757928266117,0.00550330421818555,-0.00245773415455041,-30.129718406081,0.0883045556927694,-0.0234179453890562,-0.00291873876586581,0.00173474703321791,-0.0155958880475856,-30,0,0,0,0,0,4,3,0.551310688748646,-0.35008381470733,1.60642469553668,0,0,0
1022,-30.1415275784444,0.0686085618331293,-0.0202579784454396,0.00444226698913921,0.00515324455450461,-0.00184361066430137,-29.972577172835,0.106866684761851,0.0865241081109647,-0.00555357604158502,-0.00742347956860265,-0.0138505552988756,-30,0,0,0,0,0,4,3,0.500511949828571,0.528614587336562,1.21200731366563,0,0,0
1023,-30.1364675437009,0.0740261266907185,-0.0219051515323191,0.00567790270103162,0.00568187905136299,-0.00145103253958954,-30.3001713045332,0.0878193131357377,-0.0868171016915284,0.00557569750088214,0.00203910582482363,0.00780743532673279,-30,0,0,0,0,0,4,3,0.0427728589780889,-0.379549208753838,-0.607109329290222,0,0,0
1024,-30.1310097014683,0.0795182311733399,-0.0235815937569485,0.00523767830409023,0.00530232572104368,-0.00190174115723144,-30.0559735897209,0.0597269889695374,0.0345088766436276,0.0010696730427862,0.00639577250370241,-0.00772773002926738,-30,0,0,0,0,0,4,3,0.00497987516324319,-0.759031228309316,0.703755249639483,0,0,0
1025,-30.1255083064618,0.0844410474488687,-0.0252661360684283,0.00576522258279293,0.00454330035508885,-0.00146746762480537,-30.2309774538384,0.0794328060812314,0.102219119353464,0.014380511296524,0.0190172784957786,0.0144460509765249,-30,0,0,0,0,0,4,3,-0.976096221975578,-2.06059346174032,-1.64904333635942,0,0,0
1026,-30.1206905180806,0.0879540374631262,-0.0269127967255934,0.00387027376646706,0.00248267391475434,-0.00182539303799486,-30.230456813155,0.270036725399007,0.139103398898515,-0.0136969672787565,-0.00371655676914073,0.00231983272557103,-30,0,0,0,0,0,4,3,1.83061035418564,-0.168417773883941,-0.510190070354132,0,0,0
1027,-30.1164210006659,0.090352521060229,-0.0296083795170133,0.00466834755181883,0.00231428847256301,-0.00356596255467181,-30.1356080253087,0.0461019298067038,-0.109064457824791,0.00477152668569592,0.0169907737179057,0.00888972677075379,-30,0,0,0,0,0,4,3,-0.205936617952103,-1.79128123140398,-0.670843761425796,0,0,0
1028,-30.1120793193153,0.091771165201231,-0.0333252695727047,0.00401494795965027,0.000522997632616644,-0.00386765303698534,-30.1278288565066,0.12359483990179,-0.0397637638332137,-0.00837417007946388,0.00597048247626033,0.00274294370244076,-30,0,0,0,0,0,4,3,1.09307472095969,-0.844237927429613,-0.194766842577649,0,0,0
1029,-30.1077875105297,0.0918720572119499,-0.0376810311689316,0.00456844038198314,-0.000321220085752096,-0.00484400091983963,-30.1418705959247,0.0159907093511577,0.166299019066705,0.00760120960430695,0.0117926002910701,0.00761965592578526,-30,0,0,0,0,0,4,3,-0.476379768581344,-1.21124144780933,-1.09456363071194,0,0,0
1030,-30.1037953115308,0.0909452101182425,-0.0427108896574249,0.00341587872633582,-0.0015324800008271,-0.00521543721127421,-30.0697002050264,0.155883465219119,-0.119892166728167,0.00292479053765877,0.0140137952697274,-0.00774686841371859,-30,0,0,0,0,0,4,3,-0.153078643713047,-1.71314645741098,1.01447117482819,0,0,0
1031,-30.100050047501,0.0885561625611147,-0.0475478429275669,0.00407483744649216,-0.00324562119994096,-0.00445862522760349,-30.1522893943569,0.094867991556883,-0.078379045674815,0.00728423815863368,-0.0135465461810324,-0.00547880815257153,-30,0,0,0,0,0,4,3,-0.423845027149663,1.16491863498947,0.704638906606783,0,0,0
1032,-30.0958510185695,0.0858930013076203,-0.0516263560074425,0.00432341002698102,-0.00208070524577398,-0.00369845745185101,-29.9889434415307,0.106465697816041,0.000612271520835365,0.0222189877402462,-0.00735158386145135,-0.00627205511681329,-30,0,0,0,0,0,4,3,-2.24401189096313,0.522226990513054,0.625980968639659,0,0,0
1033,-30.0920243219394,0.0840733921701254,-0.0542788630705947,0.00333048850210116,-0.00155851788176633,-0.00160631645788806,-29.91498939214,0.257838207152267,0.0300314427395658,-0.00290666270964018,0.00876384481817084,0.00844670261120685,-30,0,0,0,0,0,4,3,0.120645055244105,-1.39206089612162,-0.904733146599817,0,0,0
1034,-30.0890027200762,0.0818188444594147,-0.0562345699154172,0.00271255433576382,-0.00295058378136504,-0.00230494761842049,-29.9906332993165,0.175081138044175,0.0247987933085838,0.0152133893562994,-0.0202568896502846,0.013082942878519,-30,0,0,0,0,0,4,3,-1.54007233699699,1.67552668894011,-1.35789187446907,0,0,0
1035,-30.087311047637,0.0797060049355869,-0.0584040536754951,0.000670860915153687,-0.00127509893145107,-0.00203352997235638,-30.0798713370726,0.197273738384325,-0.102712580961096,0.0224764287676918,0.0160105087394443,-0.00654580351395795,-30,0,0,0,0,0,4,3,-2.08790020262407,-1.99559835071308,0.860005513317987,0,0,0
1036,-30.0869948570179,0.0774330924569281,-0.059372615251142,-3.79657297787596E-05,-0.00327073188495746,9.65788175443585E-05,-30.1196052992344,-0.0183067486574991,-0.117911059809216,-0.00911823160562821,-0.0110631148851033,-0.0376335370403542,-30,0,0,0,0,0,4,3,1.15103375903154,1.14292498582533,3.99917582365385,0,0,0
1037,-30.0851409491819,0.0747338545281026,-0.0584251728802658,0.00374619383082829,-0.00212775118335673,0.00179741150824099,-30.239124402816,-0.200822878104798,-0.103009099151616,-0.00287114250863759,-0.00199684719031725,0.0105097282045269,-30,0,0,0,0,0,4,3,0.76536305649573,0.601330475241321,-0.844954622149456,0,0,0
1038,-30.0814709328897,0.0729067750693494,-0.0572027956697373,0.00359357001285006,-0.00152641236061721,0.000647383409495115,-30.2484009944688,0.059917852171387,-0.0704271256822624,-0.000986597990554514,0.00359511305588984,-0.00387757115498146,-30,0,0,0,0,0,4,3,0.595461787993149,-0.479347009931758,0.528611366862671,0,0,0
1039,-30.0774862125674,0.0711406997233878,-0.0566206789329422,0.00437584531311989,-0.00200574316382389,0.000516668571102726,-30.051277828116,0.076632393124773,-0.00400564734577806,0.0225673698605702,-0.000344786938498053,-0.000630123182070024,-30,0,0,0,0,0,4,3,-2.154181329825,-0.118786092399741,0.0710236128985585,0,0,0
1040,-30.0737838531328,0.0690755434418532,-0.055270259297333,0.003029273170561,-0.0021245716386175,0.00218449281741652,-29.9985237396672,0.0756971712869202,-0.00711580163652498,-0.00310920673120727,-0.00641386093531689,-0.00243880351240457,-30,0,0,0,0,0,4,3,0.307968152455203,0.489991750957849,0.258111954513507,0,0,0
1041,-30.070558881411,0.0671959751437955,-0.0531290442498577,0.0034206521451893,-0.00163457163404009,0.00209784680375701,-30.0415942776385,0.107863415919278,0.119734795698058,-0.00513121226465721,-0.00245054089543882,0.0117297070908008,-30,0,0,0,0,0,4,3,0.596309781742719,0.029327257705325,-1.4124403004762,0,0,0
1042,-30.06748637974,0.06557607137417,-0.0517249372450387,0.00272402761271105,-0.00160524405170298,0.000710534110668857,-30.1489726465098,0.0200280583350563,-0.244276822124256,0.000276980348973992,-0.0141144959059509,0.0119768921888307,-30,0,0,0,0,0,4,3,0.270247258122146,1.37139347392497,-0.709135574634554,0,0,0
1043,-30.0649485702836,0.0646565279783385,-0.0513559246489139,0.00235143620852798,-0.000233850997766671,2.75787022046767E-05,-30.1668917585421,0.213860558877385,-0.0884099552646526,0.0187382144513525,0.00840228203487302,0.0093943342763775,-30,0,0,0,0,0,4,3,-1.54003792805115,-1.26794932124207,-0.762613517108445,0,0,0
1044,-30.0633889816336,0.0637886870189965,-0.0509959949285354,0.000767905150439004,-0.00150183727810054,0.000692656692723632,-29.8907500127355,-0.0860186247823138,0.0026903510563259,-0.00754521386748134,-0.00447034707709334,0.00317522213527896,-30,0,0,0,0,0,4,3,0.53602141221923,0.619071957273962,-0.322902915640547,0,0,0
1045,-30.0625743240164,0.0625963938599595,-0.0506205199163873,0.000861259135469542,-0.000882757277358672,5.82696956148814E-05,-30.2009900788309,0.0564727516899754,0.150926773529546,0.00789333401011165,-0.0115482196828498,-0.0100481504486108,-30,0,0,0,0,0,4,3,-0.387353243349319,1.04187646490502,0.70296149780199,0,0,0
1046,-30.061572872425,0.0622345758485263,-0.0501957914714136,0.00114182378483832,0.000159117219093465,0.00079112138162501,-29.9762712805657,-0.0246282264330202,-0.250253011461592,0.00324563470236617,-0.0048535938329784,-0.00420265952278849,-30,0,0,0,0,0,4,3,-0.372020909105314,0.53461583616388,0.920771975202034,0,0,0
1047,-30.0602021500425,0.0626610027692775,-0.0489740225637322,0.0015998267589751,0.000693733175492247,0.00165231370521147,-30.0039841863029,0.0141730776864502,-0.144034171305519,-0.00630418796937051,0.00498622591559566,0.00869819872939366,-30,0,0,0,0,0,4,3,0.638387169542889,-0.526968746932467,-0.581751530328328,0,0,0
1048,-30.0586214791138,0.0630912585249505,-0.0477618854864222,0.00156131194068856,0.00016677239185639,0.000771971480209362,-30.0058734173701,-0.000621709020740421,0.0968914278819306,0.00493535916143878,-0.0282289286724086,0.0228658394286255,-30,0,0,0,0,0,4,3,-0.481789081403762,2.82413628528235,-2.48036679862642,0,0,0
1049,-30.058166845361,0.0646700868445982,-0.047613272322687,-0.000652332978778947,0.0029908787487877,-0.000474223749468818,-30.006664489303,0.0808616419103985,-0.139087554815991,-0.010806210998534,-0.000661043273708704,0.000503707293955814,-30,0,0,0,0,0,4,3,1.09395007845949,-0.0956189564499266,0.2278043802364,0,0,0
1050,-30.058383360807,0.0676131709872357,-0.0484402190013162,0.000219141288849858,0.00289528347651349,-0.00117987061578079,-30.1199337638617,0.0221005867123308,-0.0376393724329142,0.00916548786526721,-0.0062716330870029,0.00631966436603472,-30,0,0,0,0,0,4,3,-0.676681258803223,0.582962135275629,-0.556687691737644,0,0,0
1051,-30.0585988573879,0.070799931097646,-0.0495482057898309,-0.00065009798279795,0.00347822755805346,-0.00103589642163182,-30.039955298216,0.0486341674384971,0.0356564865368312,0.00194412150978539,-0.00874641122639409,0.00764284010548355,-30,0,0,0,0,0,4,3,-0.114501554546517,0.777372787762415,-0.835596983622018,0,0,0
1052,-30.0596094763717,0.0746668449441112,-0.0508165268864714,-0.00137124000671574,0.00425559121767012,-0.00150057601542054,-30.0399262170119,0.0966337785010456,0.048892778232969,0.00203155657899328,0.00617713231210862,-0.00457533439469067,-30,0,0,0,0,0,4,3,-0.12330322387545,-0.810980788212953,0.359747883003129,0,0,0
1053,-30.0608865348944,0.0785169492697342,-0.0521614521260518,-0.00118280299331266,0.00344461091883448,-0.00118932218257103,-30.1649259758077,0.0469664031198894,0.0208141723035472,-0.00707116699490131,-0.00292537308481468,-0.0138757311442092,-30,0,0,0,0,0,4,3,1.03696865110545,0.198604502241689,1.34594476981383,0,0,0
1054,-30.0612243537086,0.0820608841703728,-0.0533230152856027,0.000507185440719131,0.00364324712697428,-0.00113420015402689,-30.2031078194449,0.00325142215615673,-0.0165874850987153,0.0118487710206967,0.00417900959723708,0.00349262011894129,-30,0,0,0,0,0,4,3,-0.778661463179861,-0.424403804036021,-0.316087041696699,0,0,0
1055,-30.0610921107458,0.0854919230833212,-0.0542682902753152,-0.000242605419731668,0.00321882520574087,-0.000756173113079203,-29.9065891322822,0.146861176088872,-0.199422475543959,0.00528968304755373,-0.0125886320836697,-0.00308773558081485,-30,0,0,0,0,0,4,3,-0.715790040190966,0.965140856189225,0.707618509169402,0,0,0
1056,-30.0612966740179,0.0891933175115111,-0.0545306277539713,-0.000166284356885702,0.00418395758440422,0.000231484130749972,-29.8952684643641,0.0928680758060998,-0.0416621279348024,0.0173309447996837,-0.00110250592452148,-0.00505689216752722,-30,0,0,0,0,0,4,3,-1.94255755124008,-0.0754855591600521,0.589013472622327,0,0,0
1057,-30.0618631198088,0.0933395176631047,-0.0533727967408676,-0.000966171898545574,0.00410843810229332,0.00208436665661529,-30.1903780279322,0.178994389883327,-0.112803410032332,-0.000753582025716145,0.00557778746121332,0.00785511835249586,-30,0,0,0,0,0,4,3,0.456114258435989,-0.915767525887986,-0.559905015184922,0,0,0
1058,-30.0629002317693,0.0969900771252174,-0.0516502752202029,-0.00110821842705088,0.00319267508322363,0.00136071326947469,-30.1892242651987,0.0975133127105157,-0.104511177131347,-0.0111061204157844,-0.00467254243118127,0.00831576885871392,-30,0,0,0,0,0,4,3,1.48906057197593,0.272227617697096,-0.622554531608697,0,0,0
1059,-30.0637730563356,0.100318880559126,-0.0510679159230178,-0.000637790580103539,0.00346492730018145,-0.000196101442703569,-30.0237176341755,0.081487939088534,-0.216749231749442,0.0108855801373992,0.015266449583987,-0.0198439173943951,-30,0,0,0,0,0,4,3,-1.04112274538883,-1.68962083657577,2.41789020293839,0,0,0
1060,-30.0638188768398,0.102939000958928,-0.0500975444328803,0.000546693987307973,0.001775305506184,0.00213657185764226,-30.1074694364282,0.148380665899782,0.0432892620685374,-0.008492314383095,0.0060034666935201,-0.00301506473060861,-30,0,0,0,0,0,4,3,1.06417031116588,-0.897108001151575,0.214927948923786,0,0,0
1061,-30.0628513152411,0.104265766876751,-0.0483090781956188,0.00138826900529466,0.000878220492218963,0.0014401674866082,-30.0895406800626,0.0129220186229656,-0.0873523622648762,0.00281632690986892,0.0125569739247474,-0.0134002142634189,-30,0,0,0,0,0,4,3,-0.10255133086164,-1.28154142972067,1.51472615087164,0,0,0
1062,-30.0609161941771,0.104503224754583,-0.046353483495002,0.00248221584976016,-0.000403310576335979,0.00247077264078389,-30.0547145866442,0.0430805352620476,-0.00647232090314165,-0.00496462699442791,-0.00349439448107125,0.00458486534258662,-30,0,0,0,0,0,4,3,0.605891872731175,0.26327837758303,-0.445541892452379,0,0,0
1063,-30.0584136996326,0.104231561416422,-0.0442669727891388,0.00252259918207439,-0.000140023758843165,0.00170224348716907,-30.1178910459678,0.144202613165511,-0.224700990703327,0.00407711015284192,-0.0157359045833217,0.00453210033927624,-30,0,0,0,0,0,4,3,-0.171928923348616,1.28518523200115,-0.00380805252096961,0,0,0
1064,-30.055949916157,0.104734132249671,-0.0425087046476026,0.0024049966695114,0.00114515800959068,0.00181432170208836,-30.1216905983387,0.169626407066658,-0.243621267630362,0.00248168422988182,0.00272561009547929,0.00182600248969387,-30,0,0,0,0,0,4,3,-0.00478722631074913,-0.611813823681245,0.304642286291337,0,0,0
1065,-30.053431577078,0.10557338819432,-0.0406041124101758,0.00263172806694252,0.000533346581935869,0.00199481386523129,-30.0569185351554,0.15316537830172,-0.149886959233901,0.0145446510403899,-0.0021695556861832,-0.00720271520152394,-30,0,0,0,0,0,4,3,-1.34062803372817,-0.0893751879851205,1.02004543862019,0,0,0
1066,-30.0508372457898,0.106062041830554,-0.0377766710691917,0.00255732289502228,0.000443953007585568,0.0036600894316295,-29.9406145233266,0.2364345914437,-0.255823759607793,0.0198789274781735,0.00398216950042654,-0.0022388881549651,-30,0,0,0,0,0,4,3,-2.10666370116425,-0.871086132930054,0.735536334712096,0,0,0
1067,-30.0486700139731,0.106070436035172,-0.0330796389393908,0.00177762319781345,-0.000427169119527127,0.00573415813728152,-30.1145374365748,0.197654025585082,0.00406256034230994,0.00698000454680268,-0.013532433656921,0.0154987745717179,-30,0,0,0,0,0,4,3,-0.468925581530676,0.957935314521937,-1.5580025778564,0,0,0
1068,-30.0476425983738,0.106122228907889,-0.0276699339220863,0.000277059097008495,0.000530744082005862,0.00508560485023818,-30.1046133533788,0.217555887991964,-0.0289700983505413,-0.0102854975787933,-0.0121118028851266,0.0137674065873325,-30,0,0,0,0,0,4,3,1.23777646463697,0.776068512528729,-1.31880046203217,0,0,0
1069,-30.0474803142012,0.107041017418334,-0.0234892654365343,4.70976829999223E-05,0.00130682648111742,0.00327578798654708,-29.9413658200939,0.00918729145901706,-0.0100097373012014,0.00381331884093479,-0.000510878277882852,0.000991989674702371,-30,0,0,0,0,0,4,3,-0.498600243905729,0.0327132448702511,-0.0791794928678343,0,0,0
1070,-30.0476241492045,0.108364195985709,-0.0200541532513328,-0.000334693130968715,0.00133952913300705,0.00359452917713371,-30.0100896214974,0.268741154640792,-0.0249576920739031,0.0101067724017475,-0.00738372731108235,0.0143753841373383,-30,0,0,0,0,0,4,3,-0.990497997179973,0.200890421826651,-1.38762302958602,0,0,0
1071,-30.0488107062455,0.109804157052006,-0.0165266685544272,-0.00203845151594503,0.00154038843339278,0.00346083008224123,-30.0643275273391,-0.118768059763779,-0.0772455795482356,0.000704712625970574,-0.013726180829119,-0.0165724376292877,-30,0,0,0,0,0,4,3,0.0581837920811976,1.61015420243946,1.81173492202524,0,0,0
1072,-30.0501332340575,0.112149634295551,-0.0125188043674807,-0.000606350120805322,0.00315055863622979,0.00455457101828595,-30.0604823244641,0.130245937901192,0.143605790953604,-0.00364944711142472,-0.00370736135798001,-0.00322938313204102,-30,0,0,0,0,0,4,3,0.485909360070737,0.110244259995616,0.0357267312968951,0,0,0
1073,-30.0505724104486,0.115355323008748,-0.00814778089421364,-0.000272083693254925,0.00326081288348982,0.0041874016843955,-29.8805510465691,0.0976687536718868,-0.179500698404789,0.0192623780679493,0.0263337792981774,0.00056943383295905,-30,0,0,0,0,0,4,3,-2.1651357136567,-2.82871543716152,0.302058013513674,0,0,0
1074,-30.0514168821449,0.117201759358921,-0.00303595895351601,-0.00141643389219106,0.000432056735642275,0.00603650583920982,-30.0627961784019,0.0251777643414054,-0.0367317670610786,0.00772868459902601,0.0202460676308922,0.0157753075610812,-30,0,0,0,0,0,4,3,-0.64727610309883,-2.07496229177203,-1.50406722198596,0,0,0
1075,-30.0536201401278,0.116596325520051,0.00276603616218172,-0.00299018650126532,-0.00164293078512489,0.0055678452611377,-30.024609817198,0.139720876644567,0.080267328415763,-0.0152454313259154,0.0023402638471627,0.0178967349584577,-30,0,0,0,0,0,4,3,1.57376276698744,-0.513468138005404,-1.9502081526773,0,0,0
1076,-30.0568650783995,0.114696672449956,0.00710068380900792,-0.00350024892363499,-0.00215638350448541,0.00310156735083976,-30.1317590513515,-0.0145190811608168,-0.0602231327400324,-0.012694580905266,-0.00503787054302692,0.0103424932244657,-30,0,0,0,0,0,4,3,1.53297619322963,0.532825216624325,-0.913803056966501,0,0,0
1077,-30.0602340876213,0.112806716818445,0.0093138763970343,-0.00323817051452267,-0.00162353519843504,0.00132475816820377,-30.0326160308021,0.082134401150086,-0.0632893342301789,0.00402993162618881,-0.00377671694126909,-0.0030394814450876,-30,0,0,0,0,0,4,3,-0.337761101014724,0.213402891826737,0.430526812969118,0,0,0
1078,-30.0634153566729,0.111289883335317,0.0108995935189806,-0.00312424648618175,-0.00141013551486751,0.00184665360360434,-30.1068995462013,0.307291225735196,-0.0971388373433047,-0.00387787271428523,0.0076118132732968,0.00158533241553412,-30,0,0,0,0,0,4,3,0.601586363831048,-1.37576377880007,0.0357444331331973,0,0,0
1079,-30.0663374526202,0.109191874976281,0.0125186926486829,-0.0027200502397989,-0.00278588700457974,0.00139145167894401,-29.9280411738135,-0.0419631148687118,0.109036210784894,0.00503408288164177,0.00132071930807337,-0.00073609874576834,-30,0,0,0,0,0,4,3,-0.647325940537154,-0.0481457010699136,-0.144462546992953,0,0,0
1080,-30.0693208368462,0.106381911271966,0.0141085689632269,-0.00324662654181711,-0.00283404680059581,0.00178842193661464,-30.0715396817633,0.0714508033041876,-0.0896247093008704,0.0100263273625323,-0.0154978478563187,0.00115243092363412,-30,0,0,0,0,0,4,3,-0.859553372726683,1.4068831790235,0.0640063262383288,0,0,0
1081,-30.0728169895337,0.104251301630142,0.0162439155932342,-0.00374551852985397,-0.00142718023947468,0.00248238373706013,-30.1650186423696,0.134321840967892,0.153011094011059,0.00786119108501472,-0.00312493508437908,-0.00237052440203806,-30,0,0,0,0,0,4,3,-0.456081823762352,0.0438498265021239,-0.0689697478183119,0,0,0
1082,-30.0767354319196,0.102846044857206,0.01887525551031,-0.00409129687442211,-0.00138334007760628,0.00278037516108269,-30.1974173990946,0.158881272151761,-0.000217657903347664,0.00217021588900949,0.00103052018653502,0.0113803423207048,-30,0,0,0,0,0,4,3,0.17781320928826,-0.420814562957023,-1.13759891626378,0,0,0
1083,-30.0812130622602,0.101252297509234,0.0212214616868588,-0.00486415650857161,-0.00180416041384811,0.0019122127653941,-30.0979401520533,0.450374606708241,0.0650525803849574,-0.00827632175515693,-0.00177668098391738,0.00824082946798236,-30,0,0,0,0,0,4,3,1.02351247962225,-0.723081115024744,-0.954188107568151,0,0,0
1084,-30.0861258764448,0.0990866062538156,0.0224302254843608,-0.00496178670739143,-0.0025272289293591,0.000505340518578576,-29.8076265115972,0.0176190075253841,-0.0718122191638227,-0.0106175972281806,-0.0108828088384976,-0.00603533706979369,-30,0,0,0,0,0,4,3,0.677012746012392,1.053042868799,0.747158145307015,0,0,0
1085,-30.0905870911795,0.0970859120888077,0.0229037265432806,-0.00396065246394783,-0.00147416643394786,0.000441435214419153,-30.0161153271358,0.159038922398835,0.0796168100380825,0.0142574739397448,0.00833197828783105,-0.0166570312860249,-30,0,0,0,0,0,4,3,-1.39351673970285,-1.15127567358077,1.50646950852632,0,0,0
1086,-30.094406095728,0.0950361031239269,0.0243552762616763,-0.00367689737140398,-0.00262545756289655,0.00246160140137026,-30.0785165942487,-0.0961319086739811,-0.0981660344416708,-0.000668872508311288,-0.00389664612144311,-0.00401879099261635,-30,0,0,0,0,0,4,3,0.22392043932858,0.581928429492274,0.598211168144977,0,0,0
1087,-30.0977822378317,0.0927016171060662,0.0269128264160421,-0.00307534150045901,-0.00204351976697267,0.00265336536071904,-30.13483030221,0.102758933013554,-0.0442292931383345,0.00492909557231796,0.00602433930240732,-0.00786965266235448,-30,0,0,0,0,0,4,3,-0.223248952811735,-0.80795179626784,0.875423852512117,0,0,0
1088,-30.1005900393539,0.0902541268569864,0.0299226710547661,-0.00254010047031627,-0.00285146884469099,0.00336620652064012,-30.0362639220816,0.0506687814227701,0.0793931782971718,-0.00565225957104547,0.0120792313298579,-0.002138299177159,-30,0,0,0,0,0,4,3,0.637753801267709,-1.30926069583133,0.0550435611215563,0,0,0
1089,-30.1029093735309,0.0867480375352715,0.0330522489499314,-0.00209867151234974,-0.00416071636974281,0.00289285430711684,-30.0550873782509,0.0511931513536418,0.0540799876426227,0.00155924006418013,0.00483655070155836,0.0165667989844422,-30,0,0,0,0,0,4,3,-0.045749249916115,-0.586041372863119,-1.76483987372947,0,0,0
1090,-30.1057096593134,0.0822942958491997,0.0354006337219208,-0.00350214069627345,-0.00474677311548455,0.00180423106801946,-30.0731810026434,0.0882714369996635,-0.0292626844556616,-0.00368260040499367,-0.00965235975732896,-0.00982267334499137,-30,0,0,0,0,0,4,3,0.514622045786256,0.788693101733569,1.04079270341046,0,0,0
1091,-30.1086476957362,0.0779418818352769,0.0373265517769537,-0.00237387581147384,-0.00395806122276227,0.00204735290135898,-30.1661058706215,-0.0484022741676146,-0.0926999802593971,-0.0207471784052009,-0.000676608541587877,-0.0106965274732717,-30,0,0,0,0,0,4,3,2.40692958176301,0.164465402494017,1.25505270784597,0,0,0
1092,-30.1097788364665,0.0740660857638075,0.0388267176511041,0.000111352327286761,-0.00379353752743726,0.000952422665289249,-30.1313593564364,-0.0540489335278224,-0.23736713292416,0.000313162415727258,-0.0161208496514658,-0.00473861151220518,-30,0,0,0,0,0,4,3,0.231402471300014,1.72018283220222,0.948595417068837,0,0,0
1093,-30.1092285256459,0.0711326485518894,0.0399798626401599,0.000989364034503756,-0.00207334231260657,0.00135367384399384,-29.9573898232871,-0.18074546717316,-0.0337762240269236,0.00938694839547877,-0.0151700326540826,-0.0202123584683659,-30,0,0,0,0,0,4,3,-1.0239151929736,1.87849419975458,2.08878829489044,0,0,0
1094,-30.1077508215895,0.0699985553734651,0.0423801760295565,0.00196651689636492,-0.000194851425560089,0.00344673553352662,-30.0009914393784,0.121356240778212,-0.123823780117642,0.00426857857104291,0.00307120843490693,0.0219626322372836,-30,0,0,0,0,0,4,3,-0.424874978347528,-0.549833325047117,-1.94861566349307,0,0,0
1095,-30.1066774049654,0.0695287774850823,0.0453720506501574,0.000180116814697378,-0.000744709190716613,0.00253741496384214,-30.1186427507545,-0.0162654083118853,0.0814883638750818,-0.00654473676384727,-0.010542144599179,0.00999723741230745,-30,0,0,0,0,0,4,3,0.891759177893627,1.08674527654167,-1.16270046898091,0,0,0
1096,-30.1066718928171,0.0693274474049023,0.0471899663155932,-0.000169410999856253,0.000342044347119818,0.00109849978195115,-30.3863429892405,0.148131720936046,0.0782731204368823,-0.00873100767536636,-0.0116518539103334,0.00584199284563552,-30,0,0,0,0,0,4,3,1.64578674601755,0.868921949161248,-0.740745525437317,0,0,0
1097,-30.1066160534636,0.070103968398873,0.0474079505088674,0.000280701884763092,0.00121099305799917,-0.000662628073865527,-30.2108762641362,-0.013896418040246,0.0572958248214547,-0.0094581182197478,-0.00737655669420682,-0.00754037516805687,-30,0,0,0,0,0,4,3,1.36756435024717,0.765448505501173,0.639445867162778,0,0,0
1098,-30.1056608657501,0.0716977047981384,0.0464055545494488,0.00162952680823629,0.00197647407566076,-0.00134246294921465,-30.1555039371862,0.0689924107279266,0.0594610446615615,-0.00115548033638984,0.0157466833875871,-0.00699749086420173,-30,0,0,0,0,0,4,3,0.426555908011406,-1.71265316021456,0.58082699709705,0,0,0
1099,-30.1036749406378,0.0728178611805039,0.0450707315420922,0.00234233287463802,0.000263834183718935,-0.00132734134026987,-30.0851387109707,0.00175887581525877,-0.0986210955582741,-0.00328546356446616,0.00160630125878576,-0.00580898207342308,-30,0,0,0,0,0,4,3,0.498823778388001,-0.164147877509093,0.778140398458856,0,0,0
1100,-30.1008766588451,0.072999632511085,0.0437841866207312,0.003254253184758,9.97026338223042E-05,-0.00124594781484981,-29.9395243466961,-0.000111196749145517,0.132147902073949,-0.00210788179903007,-0.00850745747306241,-0.0186631201067729,-30,0,0,0,0,0,4,3,0.0898368732952426,0.850968140804532,1.6020162065294,0,0,0
1101,-30.0969731344902,0.0735248300469866,0.0429957667625931,0.00455300297223112,0.000950685688788111,-0.000331177095002971,-29.9223109851605,0.0967054592151736,0.0948625717857852,0.0186507922870492,-0.0146665306013587,0.00733270572028879,-30,0,0,0,0,0,4,3,-2.02045725838387,1.27324214170552,-0.922995715600449,0,0,0
1102,-30.093415281054,0.0751121160760557,0.043154655599337,0.00256292702073356,0.00222387996802686,0.000649397149436381,-30.1094984165092,0.153111327043506,-0.0880375569450341,0.0111602285265233,0.00159664623728438,0.00859975851972446,-30,0,0,0,0,0,4,3,-0.897026019633904,-0.465887277815449,-0.683900738082378,0,0,0
1103,-30.0914023207109,0.0771030423734244,0.0439318008849056,0.00146305314231635,0.00175796919609909,0.000905142333834139,-29.9982234544031,0.0866474671531807,0.0246558789924031,-0.0190922017911632,0.0107733291095699,-0.00284082722318081,-30,0,0,0,0,0,4,3,1.90566708792259,-1.25062784526336,0.234770964333275,0,0,0
1104,-30.0892547530439,0.0782357202964319,0.0441584107084863,0.00283178659460421,0.000507381286488234,-0.000452223128287261,-30.0895418283166,0.0584494714947863,-0.0264427266976303,0.011121679665654,0.000880214875277639,-0.0038575276319162,-30,0,0,0,0,0,4,3,-0.933084309932122,-0.204920430517336,0.438638216586881,0,0,0
1105,-30.0865462022224,0.0786406392172651,0.0441989428682667,0.00258553431518015,0.000302445839183519,0.000533346556541477,-30.0448292161869,0.014632876432362,0.207737936517989,0.0154468988155165,-0.0102517614079904,0.000983341706303798,-30,0,0,0,0,0,4,3,-1.45503144917793,0.995910387934315,-0.513810043666357,0,0,0
1106,-30.0846182100945,0.0794410273604864,0.0451318564325317,0.00127062999418247,0.00129832300247235,0.00133277311138027,-30.0767324482049,-0.0387234830085204,0.166607360482723,-0.00255618188047157,-0.00375317339789297,-0.00315685587298749,-30,0,0,0,0,0,4,3,0.409083084456951,0.452764305806338,-0.0175291336666958,0,0,0
1107,-30.0832291787027,0.0809657401090012,0.0462914366303491,0.00150735952838212,0.00175109532231466,0.000986335694122153,-30.2467176625567,0.118987109789561,-0.0840922170543053,0.00809561982080044,0.0019908629376264,0.00157938197575836,-30,0,0,0,0,0,4,3,-0.316126656966648,-0.437060513341761,0.010246236532775,0,0,0
1108,-30.0818188603195,0.0824983052018404,0.04739657551426,0.00131333480629388,0.00131402858608857,0.00122398864415717,-30.1569389978743,0.095502084613556,0.180372566417128,0.0048052799710969,0.00318755447226514,-0.00331443724751399,-30,0,0,0,0,0,4,3,-0.166650001361021,-0.509759616453626,-0.0293014080828566,0,0,0
1109,-30.0805712891323,0.0835574554533225,0.0486687314654864,0.0011818315035167,0.000804265409589892,0.00132035323675444,-30.1387699427034,0.170075746005269,-0.0844001753071256,0.00974932538635992,-0.000494611061584421,0.00550064512927998,-30,0,0,0,0,0,4,3,-0.697392653229211,-0.290690385852096,-0.381264162313747,0,0,0
1110,-30.079758111861,0.0842163690621806,0.0501353595749696,0.000444591109326952,0.000513557995976565,0.00161306842986264,-30.1332390219552,0.0136009605575891,-0.039449407026172,0.0160672714504431,0.00433605167363415,0.0049576459848132,-30,0,0,0,0,0,4,3,-1.34024910113394,-0.460807088478593,-0.416865784428976,0,0,0
1111,-30.0798959867005,0.0844995115400973,0.052135677483372,-0.000720165275768563,5.27207567546861E-05,0.00238782589687966,-30.0159720142029,0.129567331275538,0.0469375205268365,-0.00603223568147952,0.0101552964338934,-0.0108539700684616,-30,0,0,0,0,0,4,3,0.635167596553692,-1.27466430594042,0.991521965792484,0,0,0
1112,-30.0800322819386,0.0839149128969222,0.0545763421234146,0.000447600115835114,-0.00122192275912549,0.00249324994361455,-30.0230005527011,0.0118591775840729,0.100643047557975,-0.00508854115477464,0.00103071708904231,0.0261642031905152,-30,0,0,0,0,0,4,3,0.554855220879648,-0.126790064072376,-2.81770641416747,0,0,0
1113,-30.0805173729765,0.0826295925352162,0.0559688516281566,-0.00141826147130932,-0.00134872483903577,0.000292179640834405,-29.9316263243636,0.289264054177718,-0.0280345941623085,-0.00825065750981885,-0.00461339281580108,0.00100577397358992,-30,0,0,0,0,0,4,3,0.688318399709139,-0.117188826775327,-0.0445082090343751,0,0,0
1114,-30.0817419562895,0.0812222827876343,0.0559709463528746,-0.00103102757738601,-0.00146590030001307,-0.000288073692658104,-30.1946974659964,0.0763032541900916,0.141849840250693,-0.00145814078329933,-0.0116416281154657,0.0163471271062318,-30,0,0,0,0,0,4,3,0.535209010322666,1.01155630316638,-1.91841239112457,0,0,0
1115,-30.0833615484659,0.0802621616312324,0.0548705961838913,-0.00220850743899698,-0.000454349038660417,-0.00191236855824282,-30.0962413541282,0.0306891915680268,0.0973987528756055,0.00467172806732184,0.000114471443286263,-0.013955413512571,-30,0,0,0,0,0,4,3,-0.274690098475827,-0.0728255274646799,1.20074384550589,0,0,0
1116,-30.0851883406913,0.0797714046192969,0.0534323358393066,-0.00144486589080175,-0.000527170212097885,-0.000964317888607668,-30.1249606742586,0.235782834942357,0.0521516023430154,-0.0053124892276775,-0.00568724121369808,0.00533565286747459,-30,0,0,0,0,0,4,3,0.781170271284876,0.0971584514850941,-0.63786849143349,0,0,0
1117,-30.0866443031006,0.0792928214955112,0.0519572356644881,-0.00146727652068181,-0.000430001406088782,-0.00198587614269854,-30.1275316110386,0.0191648510915002,0.193483413671253,-0.00317501509191765,-0.0179340969204786,-0.00842530291178758,-30,0,0,0,0,0,4,3,0.57256473126897,1.75507998986486,0.455563463836251,0,0,0
1118,-30.0877591078655,0.0797403696039566,0.0498814465044783,-0.000762365270785773,0.00132509373957154,-0.00216585482114043,-30.100426604055,0.180115915015605,0.134693902838791,-0.00879385124461165,0.00955614807874331,-0.00398661671032658,-30,0,0,0,0,0,4,3,1.08023833257125,-1.31584663790554,0.129273865355076,0,0,0
1119,-30.0881398016507,0.0804075550655874,0.0473248888133896,8.11754414618913E-07,9.26971025299447E-06,-0.00294742529464811,-30.1199071954329,-0.0860689183237191,0.13281209477412,0.0103218625439817,-0.00371131773506442,-0.00347197895202339,-30,0,0,0,0,0,4,3,-0.792371863532334,0.54326961015388,0.0815737056540988,0,0,0
1120,-30.088356506989,0.0806884531405707,0.0447065762724486,-0.000434074778428502,0.000552524188407466,-0.00228910235200708,-30.0032286135941,0.24914163920342,0.100717855016373,0.00322622666298124,0.00868332838969089,-0.0035332071598855,-30,0,0,0,0,0,4,3,-0.316165439109896,-1.36661611737593,0.151885005955804,0,0,0
1121,-30.0888326320502,0.0805576689689754,0.0425816388419744,-0.000518098473277466,-0.000814096987390793,-0.00196075399244593,-30.0821103866285,0.206056518816612,0.15460938298248,-0.0100469407882258,-0.0134350194798573,0.0102955727610065,-30,0,0,0,0,0,4,3,1.16891485207962,0.931388910352503,-1.33877604206561,0,0,0
1122,-30.0895186937565,0.080209275142045,0.0397406240019041,-0.000854402020558636,0.000117304268326827,-0.00372120109584635,-29.9669355041746,0.170491987198887,0.27894580632914,0.00439722782154835,-0.014239227888824,-0.0151678767705575,-30,0,0,0,0,0,4,3,-0.505851773805635,1.08293881448462,0.95889606439747,0,0,0
1123,-30.0901571669481,0.0808680501484759,0.0365078878193061,-0.000422327744099049,0.00120024084486518,-0.0027443634731992,-30.0067540944995,0.0618841142226204,-0.0603777379255694,0.00786218086884071,0.0113066106582737,0.00337754341159075,-30,0,0,0,0,0,4,3,-0.772709897885145,-1.25442929427261,-0.216998865307937,0,0,0
1124,-30.0909075756982,0.0814410711037802,0.0339932236893056,-0.00107838641404358,-5.42056372353654E-05,-0.00228482253657548,-30.0277579746025,0.026175723012469,0.174317759999533,0.000852266201692607,0.000718708998223316,-0.0137065083920006,-30,0,0,0,0,0,4,3,-0.0297106709642015,-0.12422234584727,1.022015319201,0,0,0
1125,-30.0915970804013,0.0813247607817239,0.0320290554915554,-0.000300480856997232,-0.000178420204806439,-0.00164368155245645,-29.9779770081905,0.143311927589563,0.224136424199552,0.00555300955169382,-0.0120212723742448,0.00844984066142078,-30,0,0,0,0,0,4,3,-0.599346938788397,0.915503382245351,-1.29325691454118,0,0,0
1126,-30.0925947885982,0.0816040838439124,0.0302149192146714,-0.00169500631286137,0.000737060628425972,-0.00198428939968917,-30.0738608524855,-0.0260174991733312,0.0177179151787549,-0.00345942447755642,0.00058617516825951,0.00103260257641185,-30,0,0,0,0,0,4,3,0.493664152726668,-0.00658251847928856,-0.138696087998695,0,0,0
1127,-30.0941957310584,0.0823378598677323,0.0279872006636831,-0.00150697692641746,0.000730486815259704,-0.00247118366373199,-30.2029134650129,0.126801351452481,-0.027060082093983,-0.00946998978916028,0.00476477768264488,0.0132259729898505,-30,0,0,0,0,0,4,3,1.35282590894179,-0.730080471169451,-1.26847713479709,0,0,0
1128,-30.0957887147441,0.0827033178985605,0.0245859416632965,-0.00167938577854263,4.22933374129684E-07,-0.00433129661991729,-30.1549160093979,0.11266551875727,-0.0441067708514657,0.00739170058968533,-0.00219515711120253,-0.011425909940151,-30,0,0,0,0,0,4,3,-0.429338040172738,-0.0058153263942865,1.23080453571803,0,0,0
1129,-30.0971204520282,0.0827008367493752,0.0207966062700066,-0.000983850261724632,-5.39086941156966E-06,-0.00324752345916499,-30.1682023831147,0.146135860884646,0.0506250081486783,-0.00774798144190477,0.00684635268751696,0.000936722542724937,-30,0,0,0,0,0,4,3,1.1112029104199,-0.976906990520989,-0.19492227056985,0,0,0
1130,-30.0978429964804,0.0822070051466116,0.0170446947698026,-0.00046145049059085,-0.000982277295016848,-0.00425641226200566,-30.0994286424672,0.0157510993815684,0.0559838867685497,-0.0117696856980427,0.0157020149839325,-0.00181051636056975,-30,0,0,0,0,0,4,3,1.37582585473871,-1.60170369715639,0.0690838625198757,0,0,0
1131,-30.0978582946414,0.0804238934562947,0.012260569692086,0.000430633065631847,-0.00258395298482267,-0.00531203114160207,-30.1433650938565,0.178318157854158,0.093538107915644,0.000728301268856077,-0.00650178889545993,0.0106841107994394,-30,0,0,0,0,0,4,3,0.213900060827305,0.293542573837678,-1.25548729577522,0,0,0
1132,-30.097861735328,0.0779867120813184,0.00647070113007325,-0.000437717387387454,-0.00229041643097032,-0.00626752124318356,-30.1729715135419,0.181452499714642,-0.121313968450944,0.00930333659263785,0.00207092593899266,-0.0129941651666302,-30,0,0,0,0,0,4,3,-0.584390632180057,-0.569997593328549,1.54204445356491,0,0,0
1133,-30.0978766184233,0.0754112985332648,0.000900869956798611,0.00040825751929349,-0.00286041304458804,-0.00487232167100177,-30.2246719635658,0.23192583399334,0.095891245504185,-0.000646012771919734,-0.0124009747355112,0.0105110447846267,-30,0,0,0,0,0,4,3,0.513945204323475,0.776245805564439,-1.24288696947104,0,0,0
1134,-30.0978054537273,0.0729390114114631,-0.00456335857842884,-0.000266176996459022,-0.00208416717411417,-0.0060559885183683,-30.0858604160878,-0.0954608094759758,-0.00493445293292436,0.00116667703338079,-0.0119852258706182,-0.0110492078583603,-30,0,0,0,0,0,4,3,0.0550531288374446,1.38944420601377,1.11478969170188,0,0,0
1135,-30.0976202546401,0.0715495739892531,-0.0103055844562573,0.000636714696925259,-0.000694712739885448,-0.00542865407058976,-30.1222822734633,-0.0693345787344885,0.0152631986241354,0.00546898791839237,-0.00936909607968066,-0.0117163070464891,-30,0,0,0,0,0,4,3,-0.30233424491259,1.07557876543704,1.14110430740064,0,0,0
1136,-30.096631073652,0.0713926549537657,-0.0152719237992496,0.0013418470853344,0.000380869342229661,-0.00450417366884372,-30.049876860315,0.10660487987029,0.00793513719604077,0.00167658073457464,0.00479142536262438,-0.00903942115648511,-30,0,0,0,0,0,4,3,-0.0679043528274444,-0.692352296003018,0.888071841256429,0,0,0
1137,-30.0949641083802,0.0714273540107706,-0.0194844230323413,0.00199221381703175,-0.000311477036399403,-0.0039209616224362,-30.1541725408995,0.270902525494264,-0.100013596965255,-0.000278018084538055,-0.0021285617735619,-0.00667588958892986,-30,0,0,0,0,0,4,3,0.336146890252845,-0.328948873632338,0.867616152823496,0,0,0
1138,-30.0925305698531,0.0709514131728919,-0.023279957551939,0.00287492337646163,-0.000640412101994975,-0.00367029355114123,-30.1696143859775,0.0887630869148389,-0.073877478140468,0.00732618151282251,-0.00223922486599573,-0.00981433992144873,-30,0,0,0,0,0,4,3,-0.393389379327351,0.046396312769895,1.12918894842581,0,0,0
1139,-30.0893344098875,0.0703342027960879,-0.0264570037931346,0.00351761241874103,-0.000594014384178523,-0.00268393249491786,-30.0889408765586,0.109221675281492,0.16286880475803,-0.00636615849053807,0.00731846667546497,0.00313683736382616,-30,0,0,0,0,0,4,3,0.814497602170956,-0.950290018109481,-0.639421345898676,0,0,0
1140,-30.0858238378849,0.0692650519241522,-0.029667186194797,0.00350331254473056,-0.00154429339425598,-0.0037364287288966,-30.0601545787486,0.129008062311463,-0.0296990183489549,0.0155645803714644,0.00351176180339634,0.00795770981248911,-30,0,0,0,0,0,4,3,-1.43614887964918,-0.609192304962559,-0.736372944551001,0,0,0
1141,-30.0830555886467,0.0674161481917023,-0.0330698171379875,0.00203333340262489,-0.0021535203753607,-0.00306851811024535,-30.2493288802597,0.124698622195272,-0.0396997931224786,0.00044774951053621,-0.00455211486550194,-0.00604502928113319,-30,0,0,0,0,0,4,3,0.453882809465815,0.20581424215965,0.683902514358276,0,0,0
1142,-30.0806169348572,0.0653655448235553,-0.0361164093532769,0.00284398770035689,-0.00194769147744746,-0.00302483575689971,-30.0969893003247,0.100591735514858,-0.0768379085243343,-0.000950879676567378,-0.00317089491083397,-0.0102876770186075,-30,0,0,0,0,0,4,3,0.289066568306175,0.115906020053682,1.18244351890941,0,0,0
1143,-30.0772207822828,0.0634758177172561,-0.0389021693601305,0.0039484260100409,-0.00183177000837485,-0.00254691336689042,-30.0510619757727,0.0476622820613177,-0.1674560717869,0.00364790351674717,0.000714419242540219,0.00547162900617621,-30,0,0,0,0,0,4,3,-0.262666400129387,-0.166766488376657,-0.212250757043821,0,0,0
1144,-30.0734403903835,0.061560663865943,-0.041418661354387,0.00361237402534329,-0.00199854347740028,-0.00248599703973763,-30.163763430416,0.136580798254018,-0.359459581381502,-0.00335129688187968,0.00647130301197512,0.00113872619206693,-30,0,0,0,0,0,4,3,0.662656549019899,-0.920291897705547,0.60504654355631,0,0,0
1145,-30.0693898155154,0.0591019865154906,-0.0439906208163918,0.0044887453669054,-0.00291881720014105,-0.0026581063500286,-30.0922212568424,0.0750330589129634,-0.223376917196434,0.009911442107178,-0.0176145548141787,-0.0189624975601332,-30,0,0,0,0,0,4,3,-0.806701697033028,1.61138936359195,2.34300359040619,0,0,0
1146,-30.0642234425312,0.0569888686786921,-0.0456227957272061,0.00584443937020968,-0.0013074247335776,-0.000606525018364709,-30.101554173226,-0.020677235366699,0.0219890100867707,0.0228668861352958,0.0115638387371365,0.0114384980000148,-30,0,0,0,0,0,4,3,-2.08358026707763,-1.11502940298026,-1.18782782017502,0,0,0
1147,-30.0594881975608,0.0551239058194856,-0.0457759132390838,0.00362624898074814,-0.0024225054263778,0.000300765914797399,-29.9739193541612,0.00406378208463886,-0.0348016815133278,-0.00408392446510343,0.00374760060721088,-0.0346537354337061,-30,0,0,0,0,0,4,3,0.356231154832772,-0.382887624890365,3.53497690639726,0,0,0
1148,-30.0543552170154,0.0525099776816903,-0.0445466607363561,0.00664010576576215,-0.00280535699292857,0.00215710770887491,-30.1001580100632,0.131809389007458,-0.0576887170021851,0.0228761866646116,-0.0150957765895893,-0.0136357218237806,-30,0,0,0,0,0,4,3,-2.08730264633478,1.24595888094401,1.47894961638243,0,0,0
1149,-30.0477669294064,0.0503275887887024,-0.0411211663978151,0.0065370061526238,-0.00155942762746012,0.00469390502530281,-30.0652529715581,-0.0542599203226432,-0.0319717067518889,0.006488947187444,-0.0088631648007496,0.00318526190035674,-30,0,0,0,0,0,4,3,-0.518388775628209,0.994836320720247,-0.254582776531897,0,0,0
1150,-30.0414894685535,0.0492655766418313,-0.0363089441529204,0.0060179680991964,-0.00056460373240261,0.00493065268238118,-30.0656962676479,0.0163614501915683,0.0385756360431689,0.0261802627438289,0.00841241687760334,0.0133787795496822,-30,0,0,0,0,0,4,3,-2.48663373908719,-0.873964588143471,-1.41502922705456,0,0,0
1151,-30.0367903942168,0.0482639617892038,-0.0308323643243478,0.00338040996603973,-0.00143862950530883,0.00602306088780877,-30.0733793065961,0.104403039330273,0.0278445857076673,-0.00597462175735456,0.00590907545355572,-0.00744567100163429,-30,0,0,0,0,0,4,3,0.74422078892771,-0.799713624016118,0.688877928748095,0,0,0
1152,-30.0329103165105,0.0464254895415844,-0.0249032328808871,0.00437971005305715,-0.00223832263689958,0.00583499292417458,-29.8540579941087,0.192463943274873,0.0186504627801487,-0.00154555863418222,-0.00190343162998049,0.0064941947077118,-30,0,0,0,0,0,4,3,-0.137328148364363,-0.194584723551697,-0.686720396331478,0,0,0
1153,-30.0288450910607,0.0440898754604613,-0.0192313183803597,0.00375067457011036,-0.00243291571989849,0.00550897224122679,-29.978328931241,-0.0503545337533446,-0.087293891150193,0.00397246178969895,-0.00670136407802964,0.0191044402604463,-30,0,0,0,0,0,4,3,-0.440588316487933,0.770845475309653,-1.73585624374425,0,0,0
1154,-30.0259177856659,0.0420423731953248,-0.0140835376386111,0.00210379058631928,-0.00166209325191996,0.00478693563802636,-30.1480724581175,-0.0322752620786112,-0.0566465284734634,-0.0155328200397072,-0.0209993031402118,0.00783561294765352,-30,0,0,0,0,0,4,3,1.84942692020571,2.1644808381784,-0.670268237818425,0,0,0
1155,-30.0235189284184,0.0414625385326948,-0.0102423910538217,0.00269353321320072,0.000502418979098904,0.00289523597561633,-29.8292325859172,0.182265544704653,-0.189042478405266,0.010473294838085,0.00478779060081649,-0.0116299217136566,-30,0,0,0,0,0,4,3,-1.38886431197404,-0.843310149490954,1.54107712817619,0,0,0
1156,-30.0206363486553,0.0415432972360419,-0.00633547717226635,0.0030720500720354,-0.000340906249024441,0.00491851536303497,-30.0242459406787,0.0286030992905191,0.0164984562597982,0.00650689679031981,-0.00243014748630905,0.00576309267258427,-30,0,0,0,0,0,4,3,-0.602197797674674,0.185808550049867,-0.609306179778024,0,0,0
1157,-30.0179897347626,0.0412952893705923,-0.00137070038851992,0.00222119770316545,-0.000155114704212571,0.00501121658249076,-29.9197743253678,0.0334453531505749,-0.0622169152066067,-0.00696621088348113,-0.00724068503387146,-0.00325834683992285,-30,0,0,0,0,0,4,3,0.536169739083657,0.657177797085996,0.450268514405498,0,0,0
1158,-30.0154274570858,0.0414687746062348,0.00355621761417494,0.00290332425558286,0.000502077474705065,0.00484248140100149,-29.9945614179433,0.0524143939873684,-0.104362842806513,0.0147411776318917,0.00778931615429449,0.0137648121920459,-30,0,0,0,0,0,4,3,-1.48499492730256,-0.883760403404185,-1.16775553359157,0,0,0
1159,-30.0134392113933,0.0415289545215028,0.00862712160602049,0.0010732653514082,-0.000381722113535156,0.00529970946820368,-30.0291822236713,0.042686877395395,0.0532778847919234,-0.00130883860571125,0.0128770514474009,-0.00239055833270996,-30,0,0,0,0,0,4,3,0.189248307913751,-1.37307889953088,0.132500063687149,0,0,0
1160,-30.0122562892554,0.0404606974409085,0.0138844435700207,0.00129256438432816,-0.00175479615175896,0.00521489089936512,-29.8775649272579,-0.100766019736466,-0.249247947616835,-0.00420141499906773,-0.00411857159226169,-0.00706844751008606,-30,0,0,0,0,0,4,3,0.175271354422588,0.613389198699101,1.20534064624228,0,0,0
1161,-30.0104315165691,0.0390126049484349,0.0193872687556544,0.00235710312178515,-0.0011413935846836,0.00579054393914015,-29.9718465662714,0.0242474906946637,-0.0357719553645683,0.00754794983743017,0.000347350042423481,-0.00330768115256773,-30,0,0,0,0,0,4,3,-0.811101851200255,-0.0832299856316755,0.40231202598591,0,0,0
1162,-30.0081599671928,0.0378295926328565,0.0256146234520051,0.00218617865275291,-0.00122463645303525,0.00666420165083661,-29.9436318096734,-0.17786205952799,0.143628933247702,0.00665966183240749,-0.0017616848523119,0.00603301441124536,-30,0,0,0,0,0,4,3,-0.778702563893974,0.531892604287169,-0.890559307619941,0,0,0
1163,-30.0065637171649,0.036870893704962,0.032311774711142,0.00100633665922747,-0.000692766677018611,0.00673034908379219,-30.1427007541206,0.0520057065457089,0.00998864906960437,-0.00410186513200792,0.00156212455475061,0.00468936113680537,-30,0,0,0,0,0,4,3,0.695588021441978,-0.260223868566478,-0.488913411819746,0,0,0
1164,-30.0055415875901,0.0360480241080865,0.0386101122575328,0.00103774692388118,-0.000952980677614432,0.00586632156352253,-30.0518390533376,-0.188023802612869,0.117429169959042,-0.0063120697837512,-3.34263019416481E-05,0.0056723556062466,-30,0,0,0,0,0,4,3,0.734885085050317,0.379390235419903,-0.802093900542745,0,0,0
1165,-30.0046014733831,0.0352847432549392,0.0439341321365671,0.000842261155927426,-0.000573582354136039,0.00478175812523643,-30.0916023948793,0.111317766836458,-0.0376292699905971,0.0037289729456078,-0.00760697909330348,-0.0058902607425003,-30,0,0,0,0,0,4,3,-0.18969250480226,0.538062375657433,0.664284614231225,0,0,0
1166,-30.0035523871855,0.0349801958707402,0.0489849988830537,0.00125602408179632,-3.55183158355288E-05,0.00531989385930988,-30.1375993983303,0.0150176178743097,0.108826120877207,0.0035712647937016,-0.00149932307705522,0.00514419769228381,-30,0,0,0,0,0,4,3,-0.0819276827095139,0.119897071956903,-0.732072010982795,0,0,0
1167,-30.002613283633,0.0350046247483291,0.0541093311837655,0.000622103453649652,8.43711215334884E-05,0.00492890407273732,-30.0781313392409,-0.0911343895500067,0.199024930725752,-0.00770099935575763,0.0081855968234427,0.00544829030529127,-30,0,0,0,0,0,4,3,0.92636261405753,-0.636290903244256,-0.94287889198063,0,0,0
1168,-30.0020882195166,0.0347708588856552,0.0583774283023502,0.000427753188012855,-0.00055190903429532,0.00360733259952222,-29.9904643282452,0.0327182059444171,0.207840766393141,0.0115534976490279,0.00626411775651353,0.00422204803274685,-30,0,0,0,0,0,4,3,-1.17442110841231,-0.691848187540187,-0.837886336060968,0,0,0
1169,-30.002349831768,0.0338730131592197,0.0621936745783876,-0.000950889694886175,-0.00124378750696472,0.00402544547571415,-29.8723176600958,-0.0253801688769678,0.171259092175803,0.00151301082198596,-0.016047252918655,-0.00130546775918828,-30,0,0,0,0,0,4,3,-0.406665762007048,1.65548562961943,-0.211971408432779,0,0,0
1170,-30.0035087543271,0.033456966543518,0.0663111902736418,-0.00136691671997089,0.000411688276292189,0.00420967346604618,-30.1909250705122,0.221114978969202,0.120217399489463,0.00150749403916417,0.0113148657477857,-0.00342717520443234,-30,0,0,0,0,0,4,3,0.231100737108006,-1.57371653271697,0.102282721464308,0,0,0
1171,-30.0047660518642,0.0330818017707958,0.0704532836712056,-0.00114770509446167,-0.00116202280940851,0.00407447021904202,-29.9965394483876,-0.0574592095214013,0.17734693859617,0.00156958930922534,-0.00651490856398708,0.000119183077519566,-30,0,0,0,0,0,4,3,-0.163880034147253,0.76640927544151,-0.366612184944297,0,0,0
1172,-30.0061103337631,0.0323029822543741,0.0744766091808715,-0.00154087640974319,-0.000395619803699114,0.00397226269171185,-30.0632917490961,0.115745553689904,0.0885975562968608,-0.0120047597615117,-0.00587699034079908,-0.0144460434443647,-30,0,0,0,0,0,4,3,1.32705947434337,0.3562079267001,1.26740923184275,0,0,0
1173,-30.0067467270237,0.0320854874730424,0.0782941400592836,0.00026802857960145,-3.93750219996386E-05,0.00366243096163171,-30.0461366116322,0.0758977486429761,0.273362907563122,-0.0358673209508641,0.0109554753306891,0.0175826767153108,-30,0,0,0,0,0,4,3,3.67900531835082,-1.24734303035486,-2.30499348665733,0,0,0
1174,-30.0062943177714,0.031422471187655,0.0797869931197607,0.000635905402668785,-0.00128666355429522,-0.00067679805510712,-30.0916189592996,-0.123576743477498,0.0680285838855545,-0.0048993626059622,-0.00361552733226144,-0.0143698640888993,-30,0,0,0,0,0,4,3,0.67317417919546,0.60870622018114,1.30092924111882,0,0,0
1175,-30.0049390607961,0.0304401750031298,0.0792252219727808,0.00207465942259014,-0.000677933249359343,-0.000447035747333744,-30.0885013810434,0.0537582578892524,-0.0440457394872019,0.00730182329766778,8.96515003905662E-05,-0.0199770149891787,-30,0,0,0,0,0,4,3,-0.553179567679999,-0.116481665817561,2.08579297789228,0,0,0
1176,-30.0021995029519,0.0297040064370422,0.0796182880604076,0.0034048029290349,-0.000794408862737118,0.00123289823668564,-29.9658109870911,0.120555145161335,0.244543343507846,-0.00757178179422692,-0.00242489567173542,0.00623617304891776,-30,0,0,0,0,0,4,3,0.688800153604892,0.00137927685087302,-1.11270399190747,0,0,0
1177,-29.9990348618927,0.0289102921238064,0.080233701833407,0.00292422898303438,-0.000793024963617807,-1.96971958391599E-06,-29.9701325855717,-0.048292571590914,0.13957238419035,-0.00128331523813373,0.0331574077254309,0.00852139452152265,-30,0,0,0,0,0,4,3,0.06859669495681,-3.21915562936127,-1.13128422053296,0,0,0
1178,-29.9965450243791,0.0265076889821303,0.0798570260308624,0.00205529620892522,-0.00401218849002267,-0.000751201452924255,-29.8631269904144,0.313815034884961,0.0641578871652283,0.0099002846523317,-0.0161224609049984,0.00322923411298876,-30,0,0,0,0,0,4,3,-1.26377448440435,0.984616020729918,-0.451239185629333,0,0,0
1179,-29.9950520578842,0.0229877971473187,0.0794686871885973,0.000930787276464416,-0.00302760137331981,-2.52461301146634E-05,-29.8166611615294,0.187259664332831,0.244632366632418,-0.0206622961258735,-0.0116142513815299,-0.0142484001630471,-30,0,0,0,0,0,4,3,1.69955193564608,0.786905809487324,0.935575283039871,0,0,0
1180,-29.9932399911619,0.0203536716783004,0.0790366471479497,0.0026931869209749,-0.00224065400204376,-0.000839188014371557,-30.0362517998077,0.0230304580330979,0.0560407425248053,0.0224266674130131,-0.00529208823865595,-0.00175103355093993,-30,0,0,0,0,0,4,3,-2.17016314168589,0.483147907799399,0.0630218700443828,0,0,0
1181,-29.991174474412,0.0183545723072324,0.0790774435890261,0.00143820885526077,-0.00175754886441308,0.00092103745641516,-29.765948532017,0.00404084922338299,0.222004643011184,0.00112614728166852,0.00292972200564001,0.00622133204341517,-30,0,0,0,0,0,4,3,-0.58071766413279,-0.301053899010767,-1.06614249036389,0,0,0
1182,-29.9903391874894,0.0164464893794278,0.0799046686976147,0.000232328992277175,-0.00205862307775453,0.000733659835151808,-30.0130066382947,-0.0247214135515642,-0.0465568077462988,0.0114980961222727,-0.00152281541378455,0.00242691901327673,-30,0,0,0,0,0,4,3,-1.1237963356379,0.201724368481583,-0.149578285835075,0,0,0
1183,-29.9905052282464,0.0144887196774068,0.0810370643859427,-0.000564245777816322,-0.00185692235094655,0.00153129243143445,-29.9380974663152,0.0287419561359268,0.101463896865778,-0.00715190300172035,-0.00573273615372585,0.00232546022839384,-30,0,0,0,0,0,4,3,0.591385232802404,0.515789703100731,-0.435473816570941,0,0,0
1184,-29.9910689795063,0.0128896982055451,0.0821948019407284,-0.000563406506571217,-0.00134112442101395,0.000784184113826072,-30.0955361498556,0.00748402547770093,0.0937443385601209,0.0155560599558676,0.0118687868316266,-0.0128873727295988,-30,0,0,0,0,0,4,3,-1.36453369587546,-1.20184673411806,1.10124859583963,0,0,0
1185,-29.9916009740182,0.0109476440651395,0.0838487320346779,-0.000500226001771909,-0.00254298934805879,0.00252366343355309,-29.8943625584405,-0.00507000505214603,0.0620326071599241,-0.000252998426360791,0.000651446666193576,-0.00230254737028104,-30,0,0,0,0,0,4,3,-0.185975040482917,-0.0550046565150655,0.106189522708256,0,0,0
1186,-29.9921156310703,0.00837715372954989,0.0864723184198837,-0.00052904479507399,-0.00259799684775442,0.00272351950416714,-29.9314870167467,-0.0390975551521042,0.026365427034108,0.00191956327455902,0.00282291876151519,0.00775020573161644,-30,0,0,0,0,0,4,3,-0.328982293962444,-0.204096765847311,-0.82775142722986,0,0,0
1187,-29.993076250608,0.00567710469600662,0.0890742966086968,-0.0013922405175056,-0.00280210695807625,0.00248061236223484,-30.0087236967512,-0.0902159201365289,0.238944249756554,-0.0132894056799538,-0.0126377076617647,-0.00297784453947789,-30,0,0,0,0,0,4,3,1.34638796149785,1.44420260644953,-0.180104045565319,0,0,0
1188,-29.9941404480122,0.00359711436809546,0.0909550297150208,-0.00073639635623451,-0.00135787897398508,0.0012807214661946,-30.013508205846,0.0412204586897336,0.067895145051239,0.00137713930715387,-0.00108465750975588,0.00658990380929239,-30,0,0,0,0,0,4,3,-0.11069751902347,0.0260248335961211,-0.794780671031717,0,0,0
1189,-29.9952307521539,0.00225224455349176,0.0920368905261285,-0.00144429286774647,-0.00133186285951181,0.000883147016664422,-29.9555447650211,-0.11624287601406,0.194606918657627,-0.0183329119769073,0.000652690010370078,0.00474581004906436,-30,0,0,0,0,0,4,3,1.74438072773284,0.167216750991112,-0.86379484222169,0,0,0
1190,-29.9965039231974,0.00100400638369285,0.0919563588569796,-0.00110243462488183,-0.00116461839617479,-0.00104427848358153,-29.892541234497,-0.145035838171875,0.181163619279693,0.00797314789650458,0.000557712080705646,0.0104275009239554,-30,0,0,0,0,0,4,3,-1.01223232065653,0.234300468273185,-1.40507733095492,0,0,0
1191,-29.9984750024157,-4.34751002684745E-05,0.0908938580082796,-0.00283972704614495,-0.000930349628581811,-0.00108037201165536,-29.9355715340436,-0.135347837599592,0.136714606325107,0.00108654189866267,-0.000626812340180449,-0.00165990016694429,-30,0,0,0,0,0,4,3,-0.237511121779074,0.333376909217229,-0.107439195955786,0,0,0
1192,-30.001431484957,-0.000807136258513004,0.0898715229683849,-0.00307321094383403,-0.000596978336260982,-0.000964250134083187,-30.0686799150079,-0.0531973742435673,0.0057947388093451,-0.00481568675683047,0.0136074402381445,0.000656941941441869,-30,0,0,0,0,0,4,3,0.6189285056988,-1.25434927532731,-0.0772836717628771,0,0,0
1193,-30.0043543652658,-0.00203127981553067,0.0886303139674499,-0.002772658387886,-0.00185131590399584,-0.00151822760120566,-30.0362645699845,-0.101599159962063,-0.147061314105078,-0.0083304516227515,0.00858041015095751,-0.00708273021257254,-30,0,0,0,0,0,4,3,0.905574302244228,-0.654842695171624,1.00239564946741,0,0,0
1194,-30.0064578335368,-0.00421000107132861,0.0870408890539437,-0.00143430231109461,-0.0025061323236362,-0.00166088828794428,-30.0421617012353,-0.0295516770075628,0.183106205882203,-0.00248046838019674,0.000273163412340597,-0.0149593267373196,-30,0,0,0,0,0,4,3,0.332370240490326,0.0317870127810658,1.12972026196756,0,0,0
1195,-30.0073422427802,-0.00670022873334153,0.0855763043151576,-0.000334433570119591,-0.00247432943006347,-0.00126850057482416,-29.8290225056221,-0.000995026726101642,-0.0532368369450802,0.00976819081040089,0.00467081501856571,0.000729600211037616,-30,0,0,0,0,0,4,3,-1.31877406979591,-0.465091448404367,0.0335136527863988,0,0,0
1196,-30.008057953158,-0.00940711412870623,0.0848417481565566,-0.00109677101121806,-0.0029394469080034,-0.000200456721971514,-30.1366472156014,0.0154401879593178,0.0542936538438918,-0.0186311091119331,0.00357947971912499,0.0078950250796667,-30,0,0,0,0,0,4,3,2.13640534239609,-0.388828347831134,-0.898089815654454,0,0,0
1197,-30.0088840652663,-0.0125409549563805,0.0835091593386357,-0.000555899826865593,-0.00332824000250937,-0.00246482741657498,-29.9626870678417,-0.00452660930750477,0.196570240062843,-0.0152386133181406,-0.000257452251605209,0.00106843512442828,-30,0,0,0,0,0,4,3,1.44923546749749,0.0347984437755305,-0.499983992568514,0,0,0
1198,-30.0092144146598,-0.0158517799776114,0.0803065471015002,-0.000105090522442671,-0.00329341675058625,-0.00394048538923662,-29.931459759625,-0.00477819658764974,0.141445762538696,0.0129337296930731,-0.00543567845390781,-0.00703813351196967,-30,0,0,0,0,0,4,3,-1.43045345005736,0.553124238566081,0.420921826119575,0,0,0
1199,-30.0095783878328,-0.0188686446724542,0.0770602682667482,-0.000622574534201384,-0.00274031759456619,-0.0025519673077678,-30.0071236002165,0.0330979738091291,0.242132091431078,-0.00270531190064411,-0.00227668598718449,-0.00300354273662214,-30,0,0,0,0,0,4,3,0.284778390497494,0.161472651100191,-0.183909909199942,0,0,0
1200,-30.010193994195,-0.0215282207860496,0.0743329181343976,-0.000608702807585401,-0.00257884076751416,-0.00290273426683697,-29.8964356402679,-0.00511814030048533,-0.00380889139620502,0.00445566753209348,-0.0234666031591451,0.0134367139448906,-30,0,0,0,0,0,4,3,-0.652695472673449,2.35689659651548,-1.33605361169665,0,0,0
