sys.exec.out.time {s},chaser.lvlh_rel_state.rel_state.trans.position[0] {m},chaser.lvlh_rel_state.rel_state.trans.position[1] {m},chaser.lvlh_rel_state.rel_state.trans.position[2] {m},chaser.lvlh_rel_state.rel_state.trans.velocity[0] {m/s},chaser.lvlh_rel_state.rel_state.trans.velocity[1] {m/s},chaser.lvlh_rel_state.rel_state.trans.velocity[2] {m/s},gnc.meas_rel_pos[0] {m},gnc.meas_rel_pos[1] {m},gnc.meas_rel_pos[2] {m},gnc.meas_rel_vel[0] {m/s},gnc.meas_rel_vel[1] {m/s},gnc.meas_rel_vel[2] {m/s},gnc.setpoint_pos[0] {m},gnc.setpoint_pos[1] {m},gnc.setpoint_pos[2] {m},gnc.setpoint_vel[0] {m/s},gnc.setpoint_vel[1] {m/s},gnc.setpoint_vel[2] {m/s},gnc.guidance.state_ {1},gnc.guidance.current_leg_ {--},gnc.cmd_force[0] {N},gnc.cmd_force[1] {N},gnc.cmd_force[2] {N},gnc.control.saturated_[0] {--},gnc.control.saturated_[1] {--},gnc.control.saturated_[2] {--}
0,-1075.68711243027,-81.3131942296727,15.3517298996449,0.900441687154539,0.161819583416886,1.83780423229875,-1075.82739970118,-81.4177089107169,15.1557904426702,0.897288766332416,0.162533013308037,1.82364870711988,-500,0,0,0,0,0,0,0,1061.92592276912,146.58211649063,-212.676451597328,0,0,0
1,-1074.25445674439,-81.0780736621469,17.0815000837782,1.96474802467828,0.308421551635233,1.62113441348987,-1074.19126655731,-81.1683859514258,17.100943175374,1.97252153669589,0.303993037603191,1.63037787228835,-500,0,0,0,0,0,0,0,951.130379445031,131.937468142533,-197.239673579583,0,0,0
2,-1071.81323982841,-80.7036745266893,18.600648158002,2.91757166931779,0.440376719281495,1.41662294975291,-1071.85129733083,-80.7473867032756,18.7387888893312,2.91387709451458,0.450526587414352,1.41375195053321,-500,0,0,0,0,0,0,0,852.314885210204,116.442114665116,-178.852772831983,0,0,0
3,-1068.46891751047,-80.2050688323637,19.9230376947733,3.77096820929888,0.556834669354414,1.22767346614819,-1068.54772802255,-80.3089594275806,19.9768627522864,3.79053497779202,0.558028121405965,1.2200539881248,-500,0,0,0,0,0,0,0,758.041958265906,104.815106714565,-161.959124317053,0,0,0
4,-1064.31861027373,-79.5958195850282,21.0636976160499,4.5295502217323,0.661663825295107,1.05321724904572,-1064.31385766779,-79.6490657439912,21.021146208378,4.54710419223096,0.670126770226327,1.05848203240912,-500,0,0,0,0,0,0,0,673.917296112489,92.2854544653497,-147.890495657668,0,0,0
5,-1059.45203070177,-78.8880068108587,22.0358930522804,5.20352014504561,0.753961723006026,0.890792271840271,-1059.64425070294,-78.8550005304937,22.1708829893981,5.19660823058732,0.746691079612302,0.890756815620863,-500,0,0,0,0,0,0,0,599.627678347151,83.0408930997573,-133.417447540883,0,0,0
6,-1053.94884194415,-78.0925191164943,22.8520141058259,5.80277621073426,0.837013665715963,0.741110666838989,-1053.96562803076,-78.1540683153936,22.9536077216021,5.80713880439753,0.837248593896771,0.759502228670746,-500,0,0,0,0,0,0,0,527.217375621771,72.58327724111,-121.857438310279,0,0,0
7,-1047.88279853333,-77.2192089818331,23.5235085847532,6.32923555606936,0.909606603630314,0.601580231754746,-1047.72538538622,-77.2719214081667,23.5325032479436,6.32732881112732,0.895875293662727,0.585876902183935,-500,0,0,0,0,0,0,0,462.717889659703,64.9563134500608,-105.652696714281,0,0,0
8,-1041.32269529219,-76.2771199743407,24.0629776949765,6.79090470141987,0.974571411423997,0.477096513461712,-1041.31524069259,-76.3004105368613,24.0653327122246,6.78326219217777,0.972842194148572,0.493176084299534,-500,0,0,0,0,0,0,0,404.304262167405,55.3166016588655,-97.4482738544026,0,0,0
9,-1034.33028490065,-75.2748865819049,24.4815828871429,7.19385425035877,1.02989537351745,0.359885554859117,-1034.37864333123,-75.3734733724861,24.6739690621273,7.20930949170226,1.01994618984267,0.360908576812867,-500,0,0,0,0,0,0,0,347.826337492242,48.7523277607049,-85.4387958055413,0,0,0
10,-1026.9632791188,-74.2206118880285,24.7886206627679,7.54010212745896,1.07865401428671,0.253993703235542,-1026.92715555619,-74.3591775183132,24.7706951166612,7.53762514162083,1.08439110647268,0.247478477905219,-500,0,0,0,0,0,0,0,300.091796950307,40.2792443893583,-74.2892380238443,0,0,0
11,-1019.27398648645,-73.121815531732,24.9950530359704,7.8384341566213,1.11893869840559,0.158701818370758,-1019.15054654183,-72.9653506335783,25.0030658645306,7.82668881000077,1.11781347688862,0.165439952663007,-500,0,0,0,0,0,0,0,255.632212083577,34.1493535782946,-66.5501269953619,0,0,0
12,-1011.30868363401,-71.9857998592221,25.1098604986678,8.09212691040529,1.15309264660306,0.0707690947513606,-1011.4110340081,-71.9140057354926,25.2170046773386,8.08305906528406,1.15473998856629,0.0617705517694985,-500,0,0,0,0,0,0,0,214.516161487785,28.3540126143564,-56.6110645316271,0,0,0
13,-1003.11030408602,-70.8185282830638,25.1415779254192,8.30459319174442,1.18145050565913,-0.00745496293583692,-1003.16255997405,-70.6753694229758,25.0895932805633,8.30040288355653,1.1930797729591,-0.00648078461567906,-500,0,0,0,0,0,0,0,176.284831592448,22.0427615500414,-49.5311080995586,0,0,0
14,-994.718632036452,-69.6260548342088,25.0985545621164,8.47871599326399,1.20349639202996,-0.0786908237143757,-994.74071462648,-69.6308933273833,24.892668829542,8.46898627440373,1.21356819814877,-0.092057014824763,-500,0,0,0,0,0,0,0,142.582801812588,17.9049668398901,-40.5796361766077,0,0,0
15,-986.169713994386,-68.4136046981422,24.9887619573053,8.61909034407255,1.22140388008076,-0.140974378066724,-986.130355821853,-68.4999865601872,25.0097997101135,8.62207613341363,1.21741827091537,-0.146650904807326,-500,0,0,0,0,0,0,0,110.053098302342,15.2581460288374,-35.3545089394944,0,0,0
16,-977.496725434031,-67.1845707962261,24.8193550023517,8.7268601424265,1.23666392373598,-0.197901099149468,-977.477381412338,-67.1735044469732,24.6331541480812,8.73106139076031,1.23486326124969,-0.20290669473592,-500,0,0,0,0,0,0,0,81.8486237486439,10.8606827689777,-28.9756388225703,0,0,0
17,-968.730084816961,-65.9424758415334,24.5962989760163,8.80639823723207,1.24752598563047,-0.248256567315794,-968.828251685974,-65.8344829811443,24.6090158521191,8.8013395976412,1.24845748951066,-0.24597799195004,-500,0,0,0,0,0,0,0,57.5225436078287,6.82321701122294,-24.6202325092342,0,0,0
18,-959.896090521521,-64.6915377882964,24.3251775455794,8.86157014363753,1.25435012082513,-0.294018138160875,-959.971148908313,-64.6902203365959,24.1402224312615,8.86474861304712,1.2539307263207,-0.287734638683282,-500,0,0,0,0,0,0,0,33.4674365119138,3.98736804112195,-19.5069809941949,0,0,0
19,-951.018954373961,-63.4351937474167,24.0110155054215,8.8926850574383,1.25833796090567,-0.334324192034522,-950.94015657793,-63.3809780193455,24.0160889232336,8.89182487225643,1.25972922335317,-0.311022770103418,-500,0,0,0,0,0,0,0,12.6978259302177,0.78903370337359,-16.9299008361253,0,0,0
20,-942.121107356796,-62.1764612372734,23.6580175097835,8.90299356881897,1.25912705939474,-0.371678287005674,-942.266713716111,-62.201006556855,23.6312428689754,8.90456628675017,1.24808474453603,-0.374932884103763,-500,0,0,0,0,0,0,0,-5.92320124279547,-0.406461339893028,-9.76919732757445,0,0,0
21,-933.222220296305,-60.9175375296095,23.2714479568669,8.89476943129169,1.25872035590391,-0.401456829847976,-933.156462668278,-61.0199141988096,23.149169014974,8.90595301632517,1.25683831558504,-0.396409828482837,-500,0,0,0,0,0,0,0,-24.2823762959604,-3.64400316088502,-6.65735518166424,0,0,0
22,-924.340728437995,-59.6606394713395,22.8568971785239,8.86820519458229,1.25507576060419,-0.427630367709024,-924.2361653325,-59.515499661439,23.0234403789695,8.86097392454071,1.26190481721491,-0.424990382157341,-500,0,0,0,0,0,0,0,-37.6250617890714,-7.15948239861245,-3.54784254220492,0,0,0
23,-915.49245638467,-58.4091438701591,22.4179448067917,8.82833181063263,1.24791544188091,-0.450252492026837,-915.551632275786,-58.3800904037498,22.548456420701,8.84194705207153,1.25790839290319,-0.448780651809957,-500,0,0,0,0,0,0,0,-53.09144065558,-9.03065848281956,-0.218847660406247,0,0,0
24,-906.691763811971,-57.1657443189254,21.9583109999523,8.77304840477155,1.23888366071991,-0.468984525615587,-906.784683560511,-57.0258433212042,21.9538218061864,8.77710503795394,1.23782716413591,-0.481124168134518,-500,0,0,0,0,0,0,0,-64.1411366743713,-9.73102977118292,4.20477320107906,0,0,0
25,-897.951829086432,-55.9317268245093,21.4824049701664,8.70681886436765,1.22915132822753,-0.482790746613511,-897.848173494252,-55.8239076841497,21.4770458495162,8.70697383418399,1.23130332868185,-0.474071454490585,-500,0,0,0,0,0,0,0,-75.0010364298945,-11.482517499886,4.45305375002604,0,0,0
26,-889.283554250039,-54.7083175195257,20.9930877104125,8.62972903312405,1.21766728187638,-0.495800839715327,-889.264935890504,-54.7299595748754,20.9988095425935,8.62314230774501,1.19523123175631,-0.493433660463246,-500,0,0,0,0,0,0,0,-83.7843589934928,-10.0632040258799,7.34574696113761,0,0,0
27,-880.6967196896,-53.4956826795353,20.4924696088208,8.54394019745489,1.20760239840597,-0.505387507629267,-880.754512107673,-53.3463707875963,20.6666198811873,8.55399910681679,1.20387138969669,-0.50253771158617,-500,0,0,0,0,0,0,0,-93.8908864663339,-13.6943973944758,8.92053139624232,0,0,0
28,-872.20069913583,-52.2949284167601,19.9833562227552,8.4481022006775,1.19390612724424,-0.512785723678311,-872.175305769963,-52.1368979643985,19.9270858814532,8.45055114245605,1.19480546345024,-0.519824941512005,-500,0,0,0,0,0,0,0,-100.704502705679,-15.2067504162266,12.128322388294,0,0,0
29,-863.80386467742,-51.1086266542108,19.4687205324991,8.34557006740862,1.1786973977934,-0.516428325982395,-863.717881972791,-51.0917452708812,19.5583200260157,8.36810897624552,1.18843948393509,-0.510081082361158,-500,0,0,0,0,0,0,0,-109.37513367897,-16.6604578517464,11.8914681840844,0,0,0
30,-855.513888984405,-49.9382605676825,18.9506436235782,8.23438483361949,1.16203477514957,-0.519663264317765,-855.512952256047,-49.8532853172195,18.9278931201143,8.2263520551584,1.16317281319433,-0.509203596280306,-500,0,0,0,0,0,0,0,-111.609301003747,-16.6107106849942,13.064573387802,0,0,0
31,-847.336183577231,-48.7845322468457,18.4301439727813,8.12103034401943,1.14542186660965,-0.52127257717615,-847.366752635781,-48.8350807550095,18.5542544788867,8.13276162760099,1.14880474796732,-0.532552483097315,-500,0,0,0,0,0,0,0,-118.542657488537,-17.2103132867129,16.1467393519581,0,0,0
32,-839.275227806619,-47.6477166904078,17.9098914224672,8.0008875871184,1.12820924617447,-0.519165222540005,-839.282188060903,-47.770543663142,17.8573791652155,7.99609542922598,1.11584711467385,-0.520812023963196,-500,0,0,0,0,0,0,0,-121.045166800793,-16.043624141101,16.3664440658886,0,0,0
33,-831.335641742533,-46.5275304349662,17.3921047697654,7.87829126053563,1.11216326472264,-0.516339386894931,-831.412756978319,-46.4408151610726,17.467434474337,7.87945949429986,1.10854228786055,-0.527234279202982,-500,0,0,0,0,0,0,0,-125.120435473348,-17.9725984639095,17.7885589716241,0,0,0
34,-823.520640341701,-45.4243546825259,16.8781392100842,7.75171930752041,1.09418824003819,-0.511520782689529,-823.562300429255,-45.5602101462298,16.7689378572902,7.74839630635864,1.08166862951689,-0.510455252280685,-500,0,0,0,0,0,0,0,-127.715029777353,-17.0464426592294,17.507649513488,0,0,0
35,-815.833489296149,-44.3386909059381,16.3691162716976,7.62259061004434,1.07713931304811,-0.506452690989167,-815.87139071258,-44.299841024613,16.2035189156142,7.6221484566333,1.0853106070362,-0.50420474296659,-500,0,0,0,0,0,0,0,-130.472064238171,-19.9313786543939,18.0134364654306,0,0,0
36,-808.276810308124,-43.2715185503952,15.8656876272795,7.49077570502438,1.05720539796385,-0.500330671244545,-808.466796201828,-43.051585036096,15.9386488714241,7.48744729648626,1.06026016992037,-0.514338077966866,-500,0,0,0,0,0,0,0,-131.81113724497,-19.9228469198448,19.5565100538383,0,0,0
37,-800.852557596292,-42.2242758489345,15.3694017239906,7.35773912681983,1.03728000487954,-0.492166510211773,-801.023356015448,-42.234600853424,15.4889089907671,7.35369580986444,1.04042113527566,-0.492667722141276,-500,0,0,0,0,0,0,0,-133.322868955549,-19.5729118207182,18.2889542325933,0,0,0
38,-793.562095558573,-41.1967835965879,14.880903222316,7.22319384659036,1.01770449979257,-0.484755009636125,-793.454373359275,-41.2880565734175,14.9902800779595,7.22351063958023,0.988774073966668,-0.482331117938732,-500,0,0,0,0,0,0,0,-135.442317239473,-16.3012942498318,18.2525516379542,0,0,0
39,-786.407211463496,-40.1872310631123,14.4000713237185,7.08658344392626,1.001400567123,-0.476832134906999,-786.466452496756,-40.2015204186648,14.5500657381668,7.07361130000209,0.995329490061498,-0.478882522729549,-500,0,0,0,0,0,0,0,-134.428225006696,-19.1299081688202,18.7881207966214,0,0,0
40,-779.388391593435,-39.195396755322,13.9276367575021,6.95106584521826,0.9822680483567,-0.467960954656218,-779.430718028018,-39.2574088327597,14.0919112572895,6.96835652995082,0.985719666973872,-0.463227757413321,-500,0,0,0,0,0,0,0,-137.974216939047,-20.0571490318679,18.1389532267532,0,0,0
41,-772.506846662889,-38.2231586280357,13.4640596788285,6.81203346301747,0.962208206132735,-0.459115170456335,-772.379929512555,-38.1757195294924,13.4876518704134,6.80439203621857,0.975608909798731,-0.475683348994651,-500,0,0,0,0,0,0,0,-135.679344596746,-21.2094519208883,20.5930311586383,0,0,0
42,-765.763101016483,-37.271556455491,13.0107334620189,6.67546877421171,0.940996138875876,-0.447460616923612,-765.74676806706,-37.1944642090347,12.9101576455161,6.68140576930499,0.939272658864008,-0.454995183409253,-500,0,0,0,0,0,0,0,-136.64704079638,-19.5383374683314,19.6792030498931,0,0,0
43,-759.156392617998,-36.3403308086666,12.5688589084838,6.53795865046692,0.921455154687525,-0.436211307132577,-759.02907496479,-36.3698777226771,12.7302654040586,6.53682188308733,0.935179456739626,-0.418461653494123,-500,0,0,0,0,0,0,0,-135.624038379154,-20.7781902286084,16.3856345412952,0,0,0
44,-752.686733543472,-35.4292660813857,12.1367949439157,6.40136841440357,0.900674299810077,-0.427839955420728,-752.760090148844,-35.4855261736461,12.0471732623679,6.40073389035654,0.916404257322857,-0.435914981972953,-500,0,0,0,0,0,0,0,-134.553208737966,-20.6693733849936,19.4971516725595,0,0,0
45,-746.353023718556,-34.5389277706214,11.7148587284926,6.26606204624942,0.880002321700622,-0.415956523884861,-746.381368012132,-34.6132146303728,11.9137714606328,6.26517686188002,0.885973237649859,-0.418110697480845,-500,0,0,0,0,0,0,0,-133.754950163737,-19.3708945042403,17.9835268268189,0,0,0
46,-740.154228539248,-33.6686121991805,11.3042571575507,6.13153841674959,0.860628821150523,-0.405171110422491,-740.144819955428,-33.5916230115182,11.1885171237322,6.13246828289173,0.858758417029435,-0.420584264287182,-500,0,0,0,0,0,0,0,-132.957188378317,-18.6925956799071,19.6813921812539,0,0,0
47,-734.089482987024,-32.8173309603681,10.9054939746001,5.9979638934174,0.841933656622569,-0.3922802790957,-733.988402213277,-32.8053279982349,11.022819788004,5.98567315654696,0.843594315411663,-0.41509063823347,-500,0,0,0,0,0,0,0,-130.590511228143,-18.7487755446966,19.463424247339,0,0,0
48,-728.157102510806,-31.9847729522385,10.5196733404844,5.86680823728604,0.823182359543436,-0.379287372254584,-728.301924641782,-32.0566825195195,10.4750313825022,5.87076672512967,0.822238856646415,-0.378709795994839,-500,0,0,0,0,0,0,0,-130.472823229403,-18.1105206256026,16.9209168344795,0,0,0
49,-722.355855811306,-31.1706471276855,10.1457938628345,5.73569506919642,0.805069289372244,-0.368397990639869,-722.465561225991,-31.1500661494511,9.97797245141553,5.72888081635232,0.789911714329137,-0.37372098016972,-500,0,0,0,0,0,0,0,-127.95695918325,-16.6910391340116,17.4161531141409,0,0,0
50,-716.684422470845,-30.3739246031167,9.78320048388183,5.60718188207997,0.788375759703813,-0.356716636772968,-716.843068343333,-30.1061602839799,9.77493273052883,5.60593571454914,0.77248382286633,-0.374975780650571,-500,0,0,0,0,0,0,0,-126.907434768249,-17.0360617186731,17.9477126039994,0,0,0
51,-711.140932102745,-29.5940681052814,9.43273984007516,5.47980955055587,0.771337235968199,-0.344133162750777,-711.120940443218,-29.4456247808914,9.31015271422809,5.45823656008971,0.772717759145528,-0.337455734285599,-500,0,0,0,0,0,0,0,-123.581775122535,-18.3805263527701,15.1252680001037,0,0,0
52,-705.72320496029,-28.8319223453779,9.09357041362494,5.35565389148483,0.752954283902372,-0.334136016433807,-705.831862115767,-28.830914418613,9.1180419879156,5.35082260180955,0.742338431374236,-0.329182220230208,-500,0,0,0,0,0,0,0,-123.41853594942,-16.5720143001976,14.6821380471896,0,0,0
53,-700.429537692648,-28.0872552823914,8.76438105216721,5.23168970187333,0.736379842012517,-0.324173139411269,-700.311970245366,-27.8813631000277,8.76817259888726,5.2348662936436,0.73750793260494,-0.342397236065692,-500,0,0,0,0,0,0,0,-122.862688873627,-17.9880670604387,16.7033784087947,0,0,0
54,-695.259468078241,-27.3598706696718,8.44635498141668,5.10845985815777,0.718389383343853,-0.311809849726795,-695.248005718528,-27.3414505726114,8.25253581471204,5.10015282575733,0.718193516370282,-0.309222062245275,-500,0,0,0,0,0,0,0,-119.519271138676,-17.1364504918054,14.4171345951034,0,0,0
55,-690.210999876533,-26.6500506857924,8.13965462772516,4.98848562751872,0.701250584349229,-0.301523537778042,-690.193532582316,-26.5304429062934,8.29489204139176,4.98848160456286,0.69045903188373,-0.307249989047525,-500,0,0,0,0,0,0,0,-118.461095291653,-15.9850173757861,14.135214821969,0,0,0
56,-685.281959431629,-25.9567937748429,7.84326828709126,4.86960429819947,0.685263237415006,-0.291182444082759,-685.260398572568,-25.8853311355327,7.56152426786573,4.87478168288226,0.682317903476099,-0.286437636547286,-500,0,0,0,0,0,0,0,-116.957371143091,-16.4611280765445,13.5207151189972,0,0,0
57,-680.471042578494,-25.2797622540443,7.55706800034373,4.75223819201676,0.668799804127828,-0.281152292811026,-680.532133319036,-25.2933097076107,7.48164906222063,4.7515325901341,0.652800265083922,-0.277186000241332,-500,0,0,0,0,0,0,0,-114.088992375338,-14.6934070931708,12.7553018996919,0,0,0
58,-675.776059372498,-24.6183102804016,7.28061933765221,4.63773661489555,0.65410414315699,-0.271680804263629,-675.735810999556,-24.5315918486424,7.16888524439846,4.63361354010256,0.647244305771834,-0.282326843737313,-500,0,0,0,0,0,0,0,-111.889732011143,-15.6612468798987,13.8949138849343,0,0,0
59,-671.19441718711,-23.9720378575851,7.01432994626457,4.52555685177061,0.638440702466006,-0.26083505895764,-671.104088738174,-24.0434112387891,7.04584860163692,4.54373721333009,0.620456222354002,-0.256910837445941,-500,0,0,0,0,0,0,0,-112.165543856661,-13.958799757822,11.5993865413202,0,0,0
60,-666.725142857347,-23.3405776685201,6.75793926092084,4.4129997642243,0.624479675536575,-0.251883184826034,-666.711091254073,-23.2513838015536,6.71474361540353,4.40696002800342,0.622677430238791,-0.266760961390311,-500,0,0,0,0,0,0,0,-107.273820292196,-15.7649754207719,13.2466089082241,0,0,0
61,-662.365904718155,-22.7239815327812,6.51134267903774,4.30548534654629,0.608712595912154,-0.241249692559472,-662.252544584534,-22.7254425239239,6.48252635443762,4.30172447452002,0.621245321563722,-0.243495416685449,-500,0,0,0,0,0,0,0,-105.667358282933,-16.6736471085244,11.3844889596697,0,0,0
62,-658.113418396968,-22.1236068067752,6.27457532190917,4.19949515272045,0.592036856147012,-0.232225597133531,-658.331846897807,-21.9419023151853,6.19248036236703,4.19840560016288,0.591607816049378,-0.234747366485904,-500,0,0,0,0,0,0,0,-103.176866220674,-15.2769769745671,11.0897759238564,0,0,0
63,-653.965666999356,-21.5392094608417,6.04677458833345,4.09601536641248,0.576757835522039,-0.223317863179441,-653.898394543713,-21.4993601760983,6.04917680918045,4.08331471317301,0.566541349461746,-0.216779298897637,-500,0,0,0,0,0,0,0,-100.534682229874,-13.655414593978,9.57957627140277,0,0,0
64,-649.920109127952,-20.969280335573,5.8272068387919,3.99510727421161,0.563100414904596,-0.215761077578241,-649.787576284554,-20.9189680263995,5.85732957403343,4.00498740381612,0.558407604202221,-0.217645654742285,-500,0,0,0,0,0,0,0,-100.923587812504,-14.0028243674232,10.0499063261617,0,0,0
65,-645.975615168091,-20.4131823371029,5.61561433949827,3.89388794889982,0.549095581950374,-0.207367192681935,-646.258170204989,-20.4857469839805,5.43000070086409,3.89297123504873,0.550162316123624,-0.22043939478467,-500,0,0,0,0,0,0,0,-96.7807830948955,-14.0447376444014,11.1839380767388,0,0,0
66,-642.130210557781,-19.8711100777642,5.41299674533949,3.79692916321152,0.535048936722056,-0.197813671229736,-642.140805492589,-19.88585864796,5.51424379907868,3.77982276971469,0.550955479840645,-0.197834476503962,-500,0,0,0,0,0,0,0,-93.7006659862913,-15.3238306881446,8.75496005223881,0,0,0
67,-638.380297276015,-19.3437239922412,5.21876797851046,3.70290391888058,0.519723234293045,-0.190591191296806,-638.401761858473,-19.1560551944448,5.35851137511455,3.70794372388836,0.520134958762308,-0.19879498872314,-500,0,0,0,0,0,0,0,-93.9908486718904,-13.7013854873413,9.16247612208488,0,0,0
68,-634.724518583463,-18.830852387112,5.03213397683609,3.60866034288181,0.506019975827788,-0.182624021923598,-634.720908406671,-18.9780198697684,5.05262147274232,3.60724863867917,0.506517970401829,-0.16726431658543,-500,0,0,0,0,0,0,0,-91.2830470545756,-12.6957573006461,6.62118871305835,0,0,0
69,-631.161712043267,-18.3311812130816,4.85225312071576,3.51695818793069,0.493322372188839,-0.17708633513712,-631.298810978537,-18.244603186451,4.93597375667203,3.51598150351247,0.497851117935647,-0.159333083988519,-500,0,0,0,0,0,0,0,-89.000528394173,-13.2959054206626,6.06136088550785,0,0,0
70,-627.6894756447,-17.844507696023,4.67769467631923,3.42751975855716,0.480024661868613,-0.171980480427011,-627.46757162253,-17.9107221083858,4.68848685575898,3.43977136890398,0.461725774954959,-0.182607536688551,-500,0,0,0,0,0,0,0,-89.0419936453378,-10.3511332787243,8.8837799573371,0,0,0
71,-624.306569596918,-17.3696594867286,4.50980059422579,3.33829918095331,0.469671756677296,-0.163757737104834,-624.187757136139,-17.4376660575683,4.46668773961592,3.35181501378375,0.468796380154658,-0.16151918192846,-500,0,0,0,0,0,0,0,-86.8059871060957,-12.0043059003292,7.21854271361416,0,0,0
72,-621.0118168976,-16.9059907553168,4.34935826901888,3.25121213738015,0.457665706061659,-0.157078171565333,-620.939567360329,-16.8291244536676,4.24339735042436,3.26249993396611,0.450114155588931,-0.15997626680266,-500,0,0,0,0,0,0,0,-84.3708586759541,-11.353166651558,7.51083197941732,0,0,0
73,-617.802907911969,-16.4540024774524,4.19578694235036,3.16661191233534,0.446310849573024,-0.150017144224752,-617.708429801557,-16.4901396885117,4.2294432636781,3.15945765157344,0.451945670378533,-0.142605377808907,-500,0,0,0,0,0,0,0,-80.5289055542289,-12.2142876608299,5.80165125353446,0,0,0
74,-614.676737978349,-16.0137995863712,4.04840646678555,3.08573300111098,0.434094932618858,-0.144698565739874,-614.624547003409,-16.2147815967549,4.00807201578811,3.09002823019619,0.450038053247067,-0.149168048249576,-500,0,0,0,0,0,0,0,-79.7537290128003,-12.5742421311968,6.90066079338135,0,0,0
75,-611.630998970621,-15.5859925747098,3.90699496894064,3.00575073899924,0.421519090736454,-0.138079699370482,-611.817249205593,-15.7980014284093,3.941608306131,3.00767435542269,0.428504882083405,-0.140397569955934,-500,0,0,0,0,0,0,0,-77.1329371310832,-11.2544853515219,6.15654038333145,0,0,0
76,-608.663951336607,-15.1701015033095,3.77185334477903,2.92834981028545,0.410263051997288,-0.132160272793152,-608.681214966746,-15.235543275328,3.91647992465211,2.94164993899041,0.416621777699321,-0.134131611758234,-500,0,0,0,0,0,0,0,-76.8025639655484,-11.191091219276,5.58020132651918,0,0,0
77,-605.774149185456,-14.7654347734852,3.64245950730242,2.85125953062461,0.399070407445258,-0.126584308508475,-605.77911357417,-14.6607541130975,3.68253178643573,2.85470285603318,0.400171407440715,-0.128788116499529,-500,0,0,0,0,0,0,0,-73.9120584549773,-10.6956325178765,5.51374807708144,0,0,0
78,-602.959985395793,-14.3717129288629,3.51861051991849,2.77707300241471,0.388373281776296,-0.121072210096381,-602.900408148766,-14.4224106644792,3.50311130258386,2.7845403618826,0.38041634602056,-0.103941251019014,-500,0,0,0,0,0,0,0,-72.6532198907292,-9.19681327309765,3.38790249673372,0,0,0
79,-600.219461076916,-13.9879387997334,3.39928315029157,2.70397942965036,0.379174976402721,-0.117541692171356,-600.228237102848,-14.1315124785947,3.3452698493102,2.68585199732583,0.383119134549532,-0.109117369265337,-500,0,0,0,0,0,0,0,-68.1287255268874,-10.0488884977638,4.22119722791326,0,0,0
80,-597.549728219241,-13.6137889608627,3.28381945966173,2.63549040716852,0.369124701251918,-0.113347443558086,-597.550174018411,-13.6408204580541,3.24037091869638,2.63418483377411,0.359178024696933,-0.105420718807456,-500,0,0,0,0,0,0,0,-68.3181353405897,-8.63616155358505,4.06133004335286,0,0,0
81,-594.948573565216,-13.2489830366374,3.17259378299109,2.5668230273186,0.360487147132918,-0.109065573635844,-595.003382626652,-13.1129442853195,3.10654554954005,2.5652883784984,0.354647634052594,-0.116198874790306,-500,0,0,0,0,0,0,0,-66.5220725965352,-9.2388748346205,5.40679637995046,0,0,0
82,-592.415117390956,-12.8931159961768,3.06635172066171,2.50009419071611,0.351246933764444,-0.103381308499634,-592.399013738038,-12.9800170927399,2.98928251443859,2.48193947512141,0.363985447196404,-0.106337440030479,-500,0,0,0,0,0,0,0,-63.3959200360646,-10.4385105341606,4.65517897417071,0,0,0
83,-589.946854335408,-12.5470889585024,2.96538509708048,2.43643628872285,0.340807141629839,-0.0985164196837176,-589.955873807694,-12.6167689317026,3.01001930357432,2.44418201174944,0.33574979693231,-0.0960033203885049,-500,0,0,0,0,0,0,0,-64.5064535595556,-8.34144182982584,3.58029343170184,0,0,0
84,-587.54283972044,-12.2104531967182,2.86890747296751,2.37159684673288,0.332464381880962,-0.0944026577553382,-587.26847112609,-12.3748263766978,2.88353010651327,2.3637539196471,0.340147432807294,-0.10664700538436,-500,0,0,0,0,0,0,0,-61.8384497125307,-9.2650905273338,4.8976403254094,0,0,0
85,-585.202261729689,-11.8826219828899,2.77717983925485,2.30956371183726,0.323198045522892,-0.0890180187317183,-585.228869905616,-11.8000160952072,2.77617740565312,2.29516196988971,0.337945850326442,-0.0903023573984847,-500,0,0,0,0,0,0,0,-59.0584571777377,-10.1945528422298,3.47788092854223,0,0,0
86,-582.922388469397,-11.5645218159037,2.69009924157291,2.25018651896174,0.313002288469608,-0.0851100816478754,-582.985863403912,-11.4680049605936,2.86758513407337,2.25551092937577,0.309842798209889,-0.0669462733654384,-500,0,0,0,0,0,0,0,-59.5793661297533,-8.04826989980162,0.959457068397105,0,0,0
87,-580.702263962813,-11.2555442850132,2.60579825362881,2.19006490197746,0.304952773151047,-0.0834583893893988,-580.562623116923,-11.2328298222938,2.76743641422925,2.18747944032645,0.300669259011283,-0.0760696413127017,-500,0,0,0,0,0,0,0,-57.6226977987992,-7.60126625654067,2.07209130281166,0,0,0
88,-578.541225071648,-10.954392740378,2.52370594767278,2.13201587402284,0.297350316104157,-0.0806938876799909,-578.457818021346,-10.9132153513635,2.48694230922181,2.11904086800449,0.300946733240252,-0.0990579845819384,-500,0,0,0,0,0,0,0,-54.9884507577575,-8.26824262129816,4.93191383975023,0,0,0
89,-576.436772191719,-10.6611770959775,2.44576566670356,2.07689439659983,0.289080972575954,-0.0751559851409451,-576.504021949243,-10.6174886720873,2.4150403767451,2.09576786224741,0.286603197492876,-0.0812916108997469,-500,0,0,0,0,0,0,0,-56.5687423262553,-7.42534240511292,3.29908033648449,0,0,0
90,-574.38829609677,-10.3758093714871,2.37272329119672,2.02006155155095,0.281654476337066,-0.0708971262551072,-574.345917490169,-10.2090020931747,2.52369525415533,2.02192335408617,0.268118493424516,-0.0732050718542534,-500,0,0,0,0,0,0,0,-53.5005004282793,-6.39384515610224,2.27311667711467,0,0,0
91,-572.395168099434,-10.0973523682633,2.30336704167062,1.96619752401674,0.275259529764475,-0.0677854016445567,-572.395134626886,-10.0217011219218,2.2754238924681,1.97389278020039,0.262677046723386,-0.0685679524755319,-500,0,0,0,0,0,0,0,-52.599008766267,-6.22430242849498,2.30594746261699,0,0,0
92,-570.455444804009,-9.82520553069553,2.23718200462128,1.91325217957077,0.269034145331204,-0.0645552220507337,-570.655249915889,-9.84510863681357,2.14712673312678,1.90303571553098,0.273244055665829,-0.0515120675164131,-500,0,0,0,0,0,0,0,-48.9930717213195,-7.63418829295575,0.856953285387758,0,0,0
93,-568.566940316492,-9.55998899120455,2.17340603535615,1.86375895545536,0.261398933730547,-0.062969206462803,-568.766856846069,-9.51908178787138,2.04752243536237,1.87828273763074,0.272843171025255,-0.0638555153044908,-500,0,0,0,0,0,0,0,-50.2945600709367,-8.2461535267827,2.29050665972434,0,0,0
94,-566.728493675719,-9.30271365102686,2.11208026610994,1.81313742160076,0.253151746634501,-0.0596541974129131,-566.695086632744,-9.1959848118103,2.06059596210186,1.80970920580228,0.239823779267115,-0.0719600630590639,-500,0,0,0,0,0,0,0,-47.5807473147405,-5.59040830309088,3.07481438170267,0,0,0
95,-564.939268166825,-9.05235759190173,2.05439856399506,1.76531702741687,0.247560371423061,-0.0556826457066312,-564.943979278758,-9.14820667111768,2.0042458210422,1.75450973776228,0.249423826473601,-0.0779916219608689,-500,0,0,0,0,0,0,0,-45.5630152187127,-6.64596930512475,3.79067055400249,0,0,0
96,-563.19681103323,-8.80812066297131,2.00101482360131,1.71960100482049,0.240913486363028,-0.0510594586211909,-563.226170434313,-8.64766721889927,1.83391670042259,1.73071473127564,0.240004308753982,-0.048181115552257,-500,0,0,0,0,0,0,0,-46.6191322589385,-6.70509643759967,1.15027815438051,0,0,0
97,-561.50072769055,-8.57056020963089,1.95107577979422,1.67256809848554,0.234207420216384,-0.0487925215732671,-561.562027265845,-8.67261419322642,1.99122930162433,1.67259889351269,0.234882382204016,-0.0505290483032149,-500,0,0,0,0,0,0,0,-44.1358348195784,-6.14300983394874,1.07044622707284,0,0,0
98,-559.850440287243,-8.33942475349786,1.90330528420202,1.62800898669542,0.228063492106536,-0.0467237494703562,-559.73002526916,-8.27858205016459,1.85970334738488,1.62601930163103,0.227142527198039,-0.058713301648462,-500,0,0,0,0,0,0,0,-43.1418796247833,-6.15708861947467,2.15192347007643,0,0,0
99,-558.244150950371,-8.11444024782944,1.85815967491632,1.58457255838051,0.221905519157374,-0.0435433850491255,-558.212912740538,-7.94645503619682,1.83370211798797,1.57986304035527,0.209890887927142,-0.0477734892177743,-500,0,0,0,0,0,0,0,-41.5604785544504,-5.09617872032062,1.10994468580148,0,0,0
100,-556.680562361873,-7.89508324977356,1.81565997010793,1.54260686537788,0.216808476963291,-0.041432768159326,-556.691711539785,-7.95911653331988,1.78332213634727,1.54104419869416,0.198768923742774,-0.0458147365657243,-500,0,0,0,0,0,0,0,-40.7209967898456,-3.95865930763761,1.01482938387789,0,0,0
101,-555.158521073833,-7.6802545258889,1.77524566235955,1.50147790273018,0.212848970753784,-0.0393730647367704,-555.105751809304,-7.68731864443876,1.87712005206791,1.50163940081444,0.215391404704545,-0.0380665348714821,-500,0,0,0,0,0,0,0,-39.9524364628366,-6.16450318157696,0.052413383012385,0,0,0
102,-553.677275597222,-7.47048822781548,1.73643725930395,1.46101470972468,0.2066836253401,-0.0382213371137627,-553.60893575653,-7.34521227270156,1.79978630993746,1.4694237728423,0.212303103597755,-0.0453311453039964,-500,0,0,0,0,0,0,0,-39.7245057711705,-6.53988581437235,0.933541910524732,0,0,0
103,-552.236324021142,-7.26707495873527,1.69927216844372,1.42089062499647,0.200142912672001,-0.0360866384475592,-552.300026129583,-7.15816567346062,1.84133272507394,1.42387341802328,0.216020866806276,-0.0465510557355676,-500,0,0,0,0,0,0,0,-37.7872895431622,-7.28575533370632,0.972440123408879,0,0,0
104,-550.834525693879,-7.07057531643887,1.66421436242076,1.38270815563785,0.192856371821271,-0.0340078587383286,-550.840815645173,-6.95421898291348,1.60477154858383,1.39148879918128,0.178196488515842,-0.0384658722187223,-500,0,0,0,0,0,0,0,-37.4672486277819,-3.91121088575727,0.637044124704575,0,0,0
105,-549.470764355405,-6.87967494147875,1.63111322854597,1.34481648742951,0.188944378141072,-0.032173460923351,-549.672957666646,-6.81377140359842,1.77879396417619,1.34942627915913,0.191848771637427,-0.034908026450816,-500,0,0,0,0,0,0,0,-35.5967125826199,-5.5573343565459,-0.0667852832707876,0,0,0
106,-548.144002082538,-6.69350960651166,1.59944841509881,1.30870955615425,0.18338629201235,-0.0311362211402618,-548.128985082818,-6.65720724281886,1.53282083741385,1.29792798000225,0.183196858859207,-0.0353685118551161,-500,0,0,0,0,0,0,0,-33.534827834589,-5.00527140028301,0.471209510683907,0,0,0
107,-546.852286387301,-6.51262630102541,1.56902364572965,1.27472353623563,0.178380318791556,-0.0296945607613984,-546.729064163879,-6.39154134898313,1.39176992671527,1.27198561553583,0.179671053646705,-0.0376922937680281,-500,0,0,0,0,0,0,0,-33.7404332258251,-5.18402266670424,0.985689523372277,0,0,0
108,-545.594622364733,-6.33683834353678,1.54036461394597,1.24060655041775,0.173195596138653,-0.0276046803922512,-545.67474561242,-6.29310970772084,1.39848412911752,1.26107521721986,0.16409538783481,-0.0246932437999139,-500,0,0,0,0,0,0,0,-34.7580304971467,-3.82331936803933,-0.327643878243647,0,0,0
109,-544.371654612874,-6.16555477569288,1.51326254536283,1.20533037940028,0.169371539558666,-0.0265799935025172,-544.35893601372,-6.25720868631244,1.47509824113065,1.2000120693805,0.17600935832153,-0.0263736013973919,-500,0,0,0,0,0,0,0,-31.2833349106113,-5.08651845952812,-0.312836342522115,0,0,0
110,-543.182233765688,-5.99872682720679,1.4870360629046,1.17351255283751,0.164284357372154,-0.0258554438160872,-543.191146798519,-5.83989039978604,1.52658387614534,1.17461086042154,0.170464645854102,-0.0179077996028099,-500,0,0,0,0,0,0,0,-31.0787924451156,-5.36668378583816,-1.26238779200969,0,0,0
111,-542.024584748739,-5.83712614764007,1.46110287864655,1.14178621922742,0.158917002783718,-0.0259934518022941,-542.017174175817,-5.82522911531301,1.36763087569176,1.14141506082846,0.150056840851708,-0.0242413588830069,-500,0,0,0,0,0,0,0,-30.1071577312116,-3.35522585454481,-0.311125863082828,0,0,0
112,-540.898118016285,-5.67988707765136,1.43549478149489,1.11114848068353,0.155561138035852,-0.0252058833943516,-541.019063386343,-5.48363288349033,1.663708983168,1.10660588764448,0.171160849315151,-0.0105174780994577,-500,0,0,0,0,0,0,0,-28.622461991762,-6.14881916453443,-2.27567015639023,0,0,0
113,-539.801673627629,-5.52740066525126,1.4096562507188,1.08174037941806,0.149411687732681,-0.0264550094914903,-539.938468948867,-5.47873089785186,1.20751583355981,1.08699960707597,0.149001932027272,-0.0202542963269662,-500,0,0,0,0,0,0,0,-28.8230228098618,-3.94273140702349,-0.389602034423002,0,0,0
114,-538.734615760363,-5.37996064997331,1.3835651873686,1.05237652901637,0.145468343582897,-0.0257109830661897,-538.759555828128,-5.37680572894919,1.29184568169458,1.03864355747335,0.128917423739989,-0.0267467569105905,-500,0,0,0,0,0,0,0,-26.3452440910798,-2.13813091610055,0.0909843276699025,0,0,0
115,-537.695658657627,-5.23556164960686,1.35834478205356,1.02553897328558,0.143329657960802,-0.0247151041743288,-537.651158910932,-5.20402948878894,1.38991722944777,1.03694242276351,0.135159596992785,-0.0151928365603231,-500,0,0,0,0,0,0,0,-28.3919244544865,-3.10790072170065,-1.26055080286324,0,0,0
116,-536.684637834722,-5.09378624953365,1.33362773051776,0.996503404917747,0.140221143142325,-0.0247030584949129,-536.675790938349,-4.97426815973786,1.37624167568719,0.981559631080899,0.145645057487045,-0.0173566472591571,-500,0,0,0,0,0,0,0,-24.804381231391,-4.61596942922876,-1.01681862545867,0,0,0
117,-535.700856097983,-4.95587335931595,1.30885568471934,0.971060708630378,0.13560463822184,-0.0248270975172319,-535.618148871441,-4.90639020386387,1.30698767244774,0.959549421530498,0.142252823756666,-0.0277900817637924,-500,0,0,0,0,0,0,0,-24.7186444101682,-4.41250196793888,0.165032831483752,0,0,0
118,-534.742394331917,-4.82247523217106,1.28458143438592,0.945864139486327,0.131191616750208,-0.0237076088926873,-534.569737237649,-4.93365899734734,1.30276599873129,0.937327951805386,0.124218561750256,-0.0393293805850651,-500,0,0,0,0,0,0,0,-24.5933207052402,-2.5545381803309,1.32740606104394,0,0,0
119,-533.80898544192,-4.69256113629954,1.26203564080262,0.920955617896661,0.128636575652493,-0.0213703483271505,-533.907126103512,-4.75808987697114,1.29594410189251,0.916671414493148,0.120394947706222,-0.0369351029524839,-500,0,0,0,0,0,0,0,-23.8528892422914,-2.52331501667993,1.10162209146337,0,0,0
120,-532.900127476928,-4.56518646356893,1.24170625630664,0.896762138481771,0.126112770637542,-0.0192751943402596,-532.892632405359,-4.58322758252918,1.07070614296258,0.889852778752569,0.107566599444436,-0.00714092576723246,-500,0,0,0,0,0,0,0,-23.2000130645394,-1.59020477938525,-1.42731970920192,0,0,0
121,-532.015305775826,-4.4398690492616,1.22221460903245,0.872881676931195,0.124522059290107,-0.019695060513967,-532.004293676374,-4.52654701597921,1.04557505857867,0.869715652671714,0.124735865633449,-0.0159756004691308,-500,0,0,0,0,0,0,0,-22.962977914423,-3.4204925313865,-0.493590070244251,0,0,0
122,-531.154181934726,-4.31705748186441,1.20278848195033,0.84936694489229,0.121101076392199,-0.0191443557590257,-531.08116293716,-4.29375658255966,1.1566459178859,0.847586070868987,0.121786815525136,0.000752355193211377,-500,0,0,0,0,0,0,0,-22.5962812125778,-3.59116838739425,-2.38852735509295,0,0,0
123,-530.316519120155,-4.19775224271614,1.18298786213257,0.825958582633256,0.117509402644983,-0.0204441093919245,-530.202358157649,-4.19789509736578,1.25782062380037,0.835225114256821,0.125326012052736,-0.00760777432515927,-500,0,0,0,0,0,0,0,-23.1177951103848,-4.13681101054199,-1.7548638150848,0,0,0
124,-529.502479095442,-4.08231150042412,1.16227582557101,0.802121782363108,0.113372082874895,-0.0209669589322072,-529.240438607342,-4.01150413201252,1.04846330466049,0.798557839160923,0.108853335551295,-0.0102779014688553,-500,0,0,0,0,0,0,0,-21.3749067014077,-2.86232529110447,-1.06913646243546,0,0,0
125,-528.711364008077,-3.97037081245815,1.14129725920697,0.780108977654797,0.11050929381915,-0.0209781899277312,-528.791456814105,-3.94086381851476,1.17933881737243,0.767483767450363,0.110069377772719,-0.036221878709374,-500,0,0,0,0,0,0,0,-19.1654631168267,-3.12521014024242,1.26351023619253,0,0,0
126,-527.941001520921,-3.86142431846378,1.12134196433124,0.760617716772584,0.107383694509143,-0.0189218166139355,-527.887356755191,-3.83983101695531,1.06869030048159,0.764187345744845,0.0971641831629686,-0.0301963622816477,-500,0,0,0,0,0,0,0,-20.6440210641025,-2.03675628238625,0.882255627201592,0,0,0
127,-527.190884015399,-3.75505921495646,1.1033913524841,0.739618944203199,0.105346513292652,-0.016967991235745,-527.011308251653,-3.65282190268385,1.06521248167247,0.753443911721669,0.104519503875431,0.00215102699212065,-500,0,0,0,0,0,0,0,-21.3217746688617,-3.14630658217541,-2.345527662557,0,0,0
128,-526.462327221177,-3.65128609421076,1.08588023575511,0.717494603245798,0.102199728752316,-0.0180422084457734,-526.600889830103,-3.63365967952783,1.11839549204856,0.707524509415692,0.109530376338445,-0.0209502504569254,-500,0,0,0,0,0,0,0,-17.5506712813627,-3.68571827478885,-0.141765938404582,0,0,0
129,-525.753869817273,-3.55092941103715,1.0681487092023,0.699421096063902,0.0985136385152255,-0.0174110597587163,-525.717653147605,-3.53077296741138,1.03001671999794,0.699776699824747,0.0907406451656921,-0.0336214998369667,-500,0,0,0,0,0,0,0,-18.5423636872654,-2.01251858174644,1.30211654370078,0,0,0
130,-525.063868639289,-3.45342222003603,1.0518641402751,0.680583043736135,0.0965007443763672,-0.0151478728591397,-524.922882981762,-3.28015812135942,0.901021995767309,0.681035375386987,0.0997482893311688,-0.0126627179445109,-500,0,0,0,0,0,0,0,-18.2577715751741,-3.41451269039804,-0.535772197083525,0,0,0
131,-524.392694237009,-3.35862892820642,1.03694349146912,0.66176653687143,0.0930858400853793,-0.0146832367031281,-524.368609678003,-3.38060422195673,0.954138815148007,0.670776536599145,0.0927254932543147,-0.0274607224249743,-500,0,0,0,0,0,0,0,-18.3404343039082,-2.511340881518,0.837794612201418,0,0,0
132,-523.74027333338,-3.26679894725208,1.0232033786177,0.643076827896112,0.0905741223327184,-0.0127868746613875,-523.896060907126,-3.13274376678453,1.10658609998716,0.640860381431994,0.0935007749808822,-0.0211526515405188,-500,0,0,0,0,0,0,0,-16.2939163289479,-3.08458996451916,-0.0979070459224349,0,0,0
133,-523.10559528334,-3.17776729278394,1.01077491575466,0.626280170864873,0.087489187446287,-0.0120609880010657,-523.049197011605,-3.20688920267958,1.03637906428093,0.629595638659034,0.0893886731689203,-0.000407435272258404,-500,0,0,0,0,0,0,0,-16.8611698426937,-2.52508891153288,-2.03201460133601,0,0,0
134,-522.488136700286,-3.09154084020217,0.998185969180498,0.608636903347885,0.0849637184441339,-0.0131073783907472,-522.393956364393,-3.2515232493259,0.832031717285598,0.609459718998477,0.0780557728014006,-0.0114300350547609,-500,0,0,0,0,0,0,0,-16.1580591710621,-1.30253078148827,-0.521059929095103,0,0,0
135,-521.88785995588,-3.00722856107391,0.985272865738557,0.591917281823335,0.0836608405328099,-0.0127098163415054,-522.011362688253,-3.04240268831783,0.98181435142297,0.593231360689252,0.0957768235966367,-0.0252572731551654,-500,0,0,0,0,0,0,0,-15.3004106924194,-3.49287698302802,0.562098612670599,0,0,0
136,-521.303794428423,-2.92531431744927,0.973254350385114,0.576215007489471,0.0801676475062239,-0.0113187763610754,-521.319710839994,-2.95333314341455,1.04527037386724,0.572587023500175,0.0876568654628505,-0.00551742176566661,-500,0,0,0,0,0,0,0,-14.6192806700298,-2.85902025945596,-1.53879857116782,0,0,0
137,-520.735251978749,-2.84657634396121,0.961561950984384,0.560869941124613,0.0773083003722268,-0.0120577797187255,-520.734160850223,-2.7114864083795,0.945809748600108,0.569062039163451,0.0690132648751146,-0.0195406649227076,-500,0,0,0,0,0,0,0,-15.4378822158995,-1.47835367075246,0.0624469950705449,0,0,0
138,-520.182335209341,-2.77000738316959,0.950009490771296,0.544964608228445,0.0758296217599072,-0.0110385951225688,-520.212700196945,-2.81286092996846,0.927590032643415,0.553068640899817,0.0739813201000616,-0.0143082169889751,-500,0,0,0,0,0,0,0,-14.8814636960911,-1.77241015006925,-0.424358366389316,0,0,0
139,-519.645083744175,-2.69506412651536,0.939218148077018,0.529539039076214,0.0740568925661067,-0.0105358089467248,-519.615444630052,-2.73485457180284,0.859318297131719,0.532755505053367,0.0708283273096495,-0.00580107269646263,-500,0,0,0,0,0,0,0,-14.0446612452324,-1.61312358735927,-1.13852932461717,0,0,0
140,-519.12289836157,-2.62181395130109,0.92853622457863,0.514831999646087,0.0724434590224766,-0.0108201585713609,-519.174022597717,-2.59473085361653,0.849369698357018,0.510837263916232,0.0833757132472268,-0.0101794396380553,-500,0,0,0,0,0,0,0,-12.7356811961902,-3.14810961748962,-0.680795432908506,0,0,0
141,-518.614736773623,-2.55094468590487,0.917716390237072,0.501491602701979,0.0692950725616718,-0.0108123889696398,-518.696540495321,-2.38020281943704,0.861830691559429,0.500934165075938,0.0867183568619606,-0.0324613644236639,-500,0,0,0,0,0,0,0,-12.7003355169514,-3.91143004732198,1.52247505924753,0,0,0
142,-518.11972192004,-2.48360545361876,0.908010542464424,0.488539743571541,0.0653833928441718,-0.00859240469858491,-518.085593468478,-2.64157333622592,1.03679728170578,0.484152056259472,0.0744794924990769,-0.0143735236685287,-500,0,0,0,0,0,0,0,-12.2440186889905,-2.16480257745586,-0.636242196558693,0,0,0
143,-517.637601341593,-2.41930459539066,0.899443422856936,0.475701851612202,0.0632183243287535,-0.00853499625492105,-517.542297950618,-2.54551872073228,0.740279425242078,0.47762542594479,0.0464693970213496,-0.00377260804982883,-500,0,0,0,0,0,0,0,-12.6779466932439,0.444097739329602,-1.10329804550127,0,0,0
144,-517.168569078111,-2.35586436275262,0.890758648312492,0.462362913280013,0.06366214136863,-0.00882744412918346,-517.184015340436,-2.21379299882956,0.87683408832059,0.46865314158189,0.0542184365105023,-0.00107762348856427,-500,0,0,0,0,0,0,0,-12.4972834773167,-0.994257653391116,-1.64590582778475,0,0,0
145,-516.712829832203,-2.29269949228886,0.881520402294766,0.449115521026534,0.0626676003148257,-0.00964199195912663,-516.761809031892,-2.39243241575516,0.930995560789644,0.436321979908053,0.0536212759405159,-0.000331539348016831,-500,0,0,0,0,0,0,0,-10.1085799270206,-0.577262762541277,-1.8288371867776,0,0,0
146,-516.269174707358,-2.23032064125576,0.871203700146593,0.438194373583257,0.062090102357667,-0.0109856404796586,-516.446415250817,-2.28751102342312,1.02764488876804,0.443211100939734,0.0560566806634952,-0.0224137619937131,-500,0,0,0,0,0,0,0,-11.4282795923391,-1.03064601950329,0.186086421835221,0,0,0
147,-515.83692723408,-2.16874598175992,0.860662801922699,0.426301444658396,0.0610592174740244,-0.0100898537263083,-515.890254987684,-2.03763937800073,0.890429548255917,0.438805572462686,0.0626431826188395,-0.0357386173151483,-500,0,0,0,0,0,0,0,-12.1000472709008,-2.18903950588249,1.793002635003,0,0,0
148,-515.416768503785,-2.10878140134834,0.85188452237608,0.41401783432586,0.0588699442122393,-0.00746018911336299,-515.430523791825,-1.99325912298392,0.919808269021578,0.413076995923696,0.0482056453182585,-0.00467605390821827,-500,0,0,0,0,0,0,0,-10.4466520087195,-0.834046285858006,-1.37201114722133,0,0,0
149,-515.008336059974,-2.0503285993914,0.844057440823474,0.402847018034956,0.0580356610764916,-0.00818807005446409,-515.083049458823,-2.03640900912072,0.654802587834601,0.396538013048221,0.0719458272262886,0.0146674423560092,-500,0,0,0,0,0,0,0,-9.48770238717661,-3.12176470438741,-2.77634941127013,0,0,0
150,-514.610719389833,-1.99385393767379,0.834747637152262,0.392385450338607,0.0549136629085709,-0.0104260314483635,-514.456566667733,-1.89079570192145,0.832737085802929,0.387394020389539,0.0446368541035909,-0.0010604460448008,-500,0,0,0,0,0,0,0,-9.82626870348748,-0.682094006516199,-1.55942956712578,0,0,0
151,-514.223631225556,-1.93928143525235,0.823844665229929,0.381790709330045,0.0542313428941331,-0.0113743362168952,-514.183297259336,-1.83234823412569,0.76924500800628,0.369739560339145,0.0568352135405865,-0.00157613543419529,-500,0,0,0,0,0,0,0,-8.60736151524322,-2.01882488580726,-1.38087647259303,0,0,0
152,-513.846522516796,-1.88605960418947,0.811994715972342,0.372426535339852,0.0522123198553924,-0.0123206673850448,-513.815951323659,-1.94236193629031,0.955745007957602,0.375722356498405,0.0509047866340325,-0.0115040837505906,-500,0,0,0,0,0,0,0,-9.94033300252229,-1.20575479082264,-0.76108164085614,0,0,0
153,-513.479382297937,-1.83445027182667,0.79963224161413,0.361854202369663,0.051006346225064,-0.0123987201708855,-513.385934175583,-1.70558636120819,0.859523117450586,0.3714582496227,0.0469702853772351,-0.00726652602115287,-500,0,0,0,0,0,0,0,-10.3739566111049,-1.28585581530712,-0.992393632785885,0,0,0
154,-513.123046961102,-1.78408696954156,0.78713169333214,0.350816698256114,0.0497202596474732,-0.0125965685264824,-513.238589229343,-1.59075926535228,0.675498631328807,0.346607842529753,0.0726201028663958,-0.0094628975553649,-500,0,0,0,0,0,0,0,-8.18360579428973,-4.08049175593503,-0.404707507121124,0,0,0
155,-512.776618919733,-1.73640704488628,0.774550811066513,0.342039735099557,0.0456395903933974,-0.0125606271071508,-512.800379669205,-1.85515412852929,0.742666380886085,0.337473781640098,0.0457214388168318,-0.0113364887668168,-500,0,0,0,0,0,0,0,-8.14661882559961,-0.861835624624599,-0.351683885090495,0,0,0
156,-512.438943996385,-1.69119846078598,0.762042439126088,0.333310496552038,0.0447775786828701,-0.0124515807421944,-512.254853039443,-1.61922964190369,0.817672177893474,0.307813412043779,0.0479262560400153,0.00471906762598316,-500,0,0,0,0,0,0,0,-6.27163512549167,-1.55416632019415,-2.10725111838526,0,0,0
157,-512.109227770161,-1.64719804456882,0.748628389544782,0.326121223293266,0.043223254773669,-0.0143728311340015,-512.031933556693,-1.45445549748375,0.748019212509739,0.333019205691019,0.0387449974015046,-0.0154628403943183,-500,0,0,0,0,0,0,0,-9.23805345571669,-0.965588745182961,0.0502456144123482,0,0,0
158,-511.787973049547,-1.60445768155529,0.734627260581979,0.316388944579706,0.0422574717393059,-0.0136243471524016,-511.764368977833,-1.65924227095951,0.497097040885435,0.314346239849155,0.0402278409278089,-0.0223682276034511,-500,0,0,0,0,0,0,0,-7.9058860292503,-0.704299550861859,1.24262867857424,0,0,0
159,-511.475687233045,-1.56255243588388,0.721858577080903,0.308183939593626,0.0415530203022745,-0.0119087792091862,-511.62849629718,-1.57703138821623,0.796003006293802,0.296990245127815,0.042481110066933,0.00449075682386885,-500,0,0,0,0,0,0,0,-6.44203191842152,-1.09404823026084,-2.04108169497449,0,0,0
160,-511.171175159581,-1.52154652027253,0.709072141593779,0.300839554499526,0.0404588116802527,-0.013660325143829,-511.107785946985,-1.50364933980504,0.752092401193331,0.297707187232595,0.0405966729500181,-0.0102840376312942,-500,0,0,0,0,0,0,0,-7.55514682928917,-1.05236861539173,-0.475781039257237,0,0,0
161,-510.874416581978,-1.48161397554745,0.695415240482599,0.292677909339923,0.0394062779739399,-0.0136492635507063,-510.888227710693,-1.50958117932522,0.902400128053875,0.299218523660414,0.0544642656912464,-0.0236621259586547,-500,0,0,0,0,0,0,0,-8.14539694465608,-2.42726421047419,0.561412339757722,0,0,0
162,-510.586015409141,-1.44342141280574,0.682345374881325,0.28412537164176,0.0369788486601273,-0.0124860422184313,-510.554594391869,-1.44365175563792,0.718138909659423,0.290159590311663,0.0147638155540501,-0.00230658462033278,-500,0,0,0,0,0,0,0,-7.90677024742922,1.41092195587083,-1.20561935728557,0,0,0
163,-510.306207039217,-1.40573719425184,0.669561485991698,0.275491338489159,0.0383895893466374,-0.0130772675666327,-510.324281694849,-1.43807553595612,0.549037907939101,0.278704771481908,0.0248861075200656,-0.0136627996435765,-500,0,0,0,0,0,0,0,-7.22191375849324,0.38754031990569,0.26820414847945,0,0,0
164,-510.034561551866,-1.36715390977526,0.656861774827235,0.26780034073932,0.0387769805229427,-0.0123182061108651,-510.133364484021,-1.23330801088631,0.783486889987019,0.266254150398315,0.0608815458398766,-0.0203486735295045,-500,0,0,0,0,0,0,0,-6.35868607178918,-3.62153856221505,0.467893572976413,0,0,0
165,-509.770162287527,-1.33018776356111,0.644951857090749,0.260998921801816,0.035155313425442,-0.0114981681404646,-509.679997744099,-1.19923350469073,0.8164106385357,0.281008308461632,0.0437741143636676,-0.0202664042201859,-500,0,0,0,0,0,0,0,-8.74083535796442,-1.97894442698529,0.393819144947191,0,0,0
166,-509.513739671589,-1.29602201260342,0.634055979826438,0.251847250914424,0.0331761893262373,-0.0102888457837935,-509.609679906942,-1.27752741492233,0.602282059170912,0.251790936271862,0.0437314465564931,-0.00963580416853464,-500,0,0,0,0,0,0,0,-5.95973381330301,-1.81808982580465,-0.240983701488361,0,0,0
167,-509.265158535594,-1.26375493293452,0.623813398310408,0.245315349267921,0.0313579708792309,-0.0101930085292787,-509.393488458619,-1.42373313271042,0.511755418628266,0.251340538101861,0.0386921138957832,-0.0103895426063247,-500,0,0,0,0,0,0,0,-6.34707689294869,-1.02174512415748,0.0154434233759355,0,0,0
168,-509.023274618856,-1.23290790192037,0.613838723431547,0.238452997056974,0.0303360920379707,-0.00975285225829581,-509.111502804131,-1.14399828347459,0.588430043233477,0.237620495805668,0.0229905470445002,-0.0116740831211616,-500,0,0,0,0,0,0,0,-5.53904397230437,-0.0110581375008305,-0.00945177435079891,0,0,0
169,-508.787857045104,-1.2025773977574,0.604226500898051,0.232382574294062,0.0303249169347025,-0.00946853944353832,-508.630261237613,-1.15320328373755,0.617951078022667,0.229817660160621,0.0319464149622578,-0.0297895420046769,-500,0,0,0,0,0,0,0,-5.72124354083711,-0.888234928750676,1.74305204442235,0,0,0
170,-508.558432431937,-1.17269664859911,0.595785428619833,0.226468040459971,0.0294365822182977,-0.00741063645050877,-508.538809462938,-1.16450634845571,0.751618994587932,0.215818558021493,0.0351482888030485,-0.00365625383093772,-500,0,0,0,0,0,0,0,-4.50423687627311,-1.18581618339343,-1.13761260608209,0,0,0
171,-508.334594572218,-1.1438530290933,0.587881418005513,0.221207404399587,0.0282506573650866,-0.00839477503300101,-508.134488353143,-1.09675023165427,0.427666171093318,0.218751721525311,0.00764760953481086,-0.00234840149142635,-500,0,0,0,0,0,0,0,-5.60619544624533,1.42873950982745,-0.620492193044001,0,0,0
172,-508.116509587356,-1.11488806522149,0.579360207671014,0.214962688832071,0.0296792711628042,-0.00864450028391817,-508.104691841258,-1.07437481197012,0.699385301221921,0.216994561383664,0.0377885183515406,0.00679910640996031,-500,0,0,0,0,0,0,0,-5.49007245585123,-1.63010221121382,-2.07868124343987,0,0,0
173,-507.904752085605,-1.08602391591124,0.569872059351122,0.208551653163254,0.0280490281924751,-0.0103285645666581,-507.933980337219,-0.923394496104812,0.617713879487262,0.208055218991811,0.0313061824493121,-0.0108727818265389,-500,0,0,0,0,0,0,0,-4.93756122474266,-1.28382925272158,-0.148149576320632,0,0,0
174,-507.698949966152,-1.05861685578383,0.559603201993382,0.20305290574119,0.0267650929957244,-0.0102064165871789,-507.768020196778,-1.06718735907248,0.487324352401957,0.205674600717706,0.015889460147898,-0.00571516745744219,-500,0,0,0,0,0,0,0,-5.03141967821544,0.545428703355155,-0.403131959059696,0,0,0
175,-507.49871646537,-1.03157910433035,0.549348746644427,0.197414295697057,0.0273104107146755,-0.0102996857386257,-507.239626137883,-1.1591547455847,0.58047299477108,0.18312890046726,0.0237194565398748,-0.0187488143661453,-500,0,0,0,0,0,0,0,-3.8336377709603,-0.0536361628180755,0.713935447072367,0,0,0
176,-507.303424461943,-1.00429554827806,0.539440162852933,0.193170386199906,0.0272567022388866,-0.00951543282282064,-507.367698770107,-0.879851759279159,0.67300588982705,0.19300626543975,0.0351527434999063,-0.0181356030344509,-500,0,0,0,0,0,0,0,-4.56522900376047,-1.75557083143232,0.46754852379099,0,0,0
177,-507.112757192802,-0.977916677079855,0.530273070433494,0.188164778188653,0.0255010407018703,-0.0088162900066252,-507.249287891319,-1.08126982034346,0.567384135282092,0.199724613205483,0.0317991954773929,-0.0173385767045744,-500,0,0,0,0,0,0,0,-5.47388553790944,-1.01737990705237,0.599089399893251,0,0,0
178,-506.927526037101,-0.952924381191699,0.521966737642174,0.182298332611237,0.0244835524976707,-0.00779344638969903,-506.98598968293,-0.787048184605589,0.409452857940168,0.175531065116528,0.00790867619076028,-0.00513772753144869,-500,0,0,0,0,0,0,0,-3.58112714579199,0.78322875013515,-0.305132962735467,0,0,0
179,-506.747321232603,-0.928049254282278,0.514060935500308,0.178111395784512,0.0252667020342125,-0.00801614158416319,-506.667823569707,-0.8948482229805,0.646863066441429,0.193393977925819,0.0153079896916844,-0.0109563722973633,-500,0,0,0,0,0,0,0,-6.00375065316832,0.258897476792561,-0.198088903146529,0,0,0
180,-506.572479221635,-0.902653168234924,0.506232830762865,0.171573069204098,0.0255254704808153,-0.00763677759018189,-506.467815760108,-0.910830393825217,0.562705995091936,0.156663105319888,0.0276290828868791,-0.00327061357986343,-500,0,0,0,0,0,0,0,-2.73067901177287,-0.941247501037475,-0.798350632197529,0,0,0
181,-506.40263122985,-0.877598355475459,0.498171382056276,0.168122688840267,0.0245841557894187,-0.00848450799833356,-506.394297827682,-0.726014385136049,0.595260414812988,0.165969630372304,0.0466069581018907,-0.0188905242492113,-500,0,0,0,0,0,0,0,-3.80836738186554,-3.20866703991697,0.698531595295153,0,0,0
182,-506.23661096308,-0.854618569731262,0.490108840741305,0.163918536598196,0.0213754167871187,-0.0076385526312216,-506.192176832885,-0.886715305879673,0.584108733958928,0.15477980109549,0.0225869569929132,-0.012849272471513,-500,0,0,0,0,0,0,0,-3.09362644377824,-0.485265087531976,0.11670977923344,0,0,0
183,-506.074501887008,-0.833485817786227,0.482540937397103,0.160299923608518,0.0208900878308424,-0.00749555376693212,-506.008606580685,-0.955321879381113,0.579597805787698,0.152876236664217,0.0164760338251859,-0.0392860238924274,-500,0,0,0,0,0,0,0,-3.27041050505122,0.263040376243636,2.76940677766735,0,0,0
184,-505.915826523787,-0.812464228185288,0.476437631885983,0.157052543179219,0.0211530924345078,-0.00470955709803822,-505.768730968245,-0.942108223939669,0.458645836659627,0.152893834659626,0.0238798430372625,-0.0183881816406051,-500,0,0,0,0,0,0,0,-3.7519215294725,-0.50376785584691,0.921526490741258,0,0,0
185,-505.760818375596,-0.791563054121864,0.472269868416492,0.15296456819634,0.0206492564808532,-0.00362401242239951,-505.886436006249,-0.677739475185764,0.50283564030193,0.165832747777231,0.0226477243222276,-0.00837653750923983,-500,0,0,0,0,0,0,0,-4.8104027652252,-0.90929348185123,-0.168017529679877,0,0,0
186,-505.610525895135,-0.771368496598185,0.468769505109886,0.147620752222925,0.0197398595055878,-0.00337407780294396,-505.673457299236,-0.811443515555353,0.358969919304117,0.138471387035517,0.00506291857335757,-0.00660457348230653,-500,0,0,0,0,0,0,0,-2.50022410508039,1.11659517377495,-0.057482490377581,0,0,0
187,-505.464434684781,-0.75107036683493,0.465341784483993,0.144561833297612,0.0208564012413519,-0.00347996559611008,-505.405351703693,-0.729581624666911,0.411512471351658,0.139750922707468,0.00969520901049049,-0.00866576990537134,-500,0,0,0,0,0,0,0,-3.1643888633609,0.489642348284773,0.0435520478338183,0,0,0
188,-505.321716177812,-0.729969177848299,0.46193091926208,0.140875477523994,0.0213459773560427,-0.00334002725557048,-505.353538337201,-0.754344446731971,0.499963639171296,0.149303463823673,0.0160350844012505,-0.00570642765395821,-500,0,0,0,0,0,0,0,-4.22326970796556,-0.094819546661105,-0.42928451294677,0,0,0
189,-505.183250318438,-0.708670657905111,0.458544806531439,0.136056411124743,0.0212510635604952,-0.00342984795159418,-505.163801883955,-0.804657468610775,0.487594323680826,0.129819086449704,0.0223294641263922,-0.0043532409608363,-500,0,0,0,0,0,0,0,-2.65430487706009,-0.623631475417668,-0.539864551278022,0,0,0
190,-505.048847696733,-0.687731441954283,0.454856881174801,0.132748771383572,0.0206273696130611,-0.00394447216759342,-505.094771509833,-0.884493542905412,0.440081424416382,0.141881923745176,0.0238987973872985,0.00160270520024848,-500,0,0,0,0,0,0,0,-3.99864935485179,-0.620892652919027,-1.04043336885761,0,0,0
191,-504.918462784505,-0.667414567557106,0.450556368035098,0.128020884554759,0.0200063801204486,-0.00465425907346551,-505.012715315702,-0.61136370763413,0.39218212545214,0.142950090325098,0.0248332857816328,-0.0075173727231023,-500,0,0,0,0,0,0,0,-4.26957840110628,-1.26060116289502,-0.0326269785940491,0,0,0
192,-504.792831584535,-0.64803853418195,0.446074136532718,0.123241913876481,0.0187456884908602,-0.00430788119545022,-504.872209859274,-0.69242158009538,0.569175531940396,0.119972548517645,0.0241107632710926,0.000890409806922232,-500,0,0,0,0,0,0,0,-2.25283513321684,-1.0262331669185,-1.22739204457302,0,0,0
193,-504.67112055828,-0.629805993201571,0.441146369337184,0.120179681052784,0.0177193930745186,-0.00554625970184974,-504.845827732962,-0.69078129135582,0.498903631004199,0.116817045471686,0.00525316118318668,-0.021385393242731,-500,0,0,0,0,0,0,0,-1.99004908124499,0.856246464392973,1.1407320622647,0,0,0
194,-504.552090802195,-0.611658491379714,0.436112702884057,0.117880594933201,0.0185756112363371,-0.00452009150512123,-504.496982441402,-0.595592409952358,0.564574114061659,0.107950613530243,0.016312920532931,-0.00490183404244414,-500,0,0,0,0,0,0,0,-1.80109647022122,-0.44010723338838,-0.638964823878904,0,0,0
195,-504.43545741117,-0.593302957073233,0.431218860365815,0.115385992829458,0.0181354583432865,-0.00526650727652245,-504.377356772148,-0.651870528719277,0.421987279810052,0.105400830465179,0.0215085662558994,-0.0144316427906084,-500,0,0,0,0,0,0,0,-1.78536950222197,-0.847115568151386,0.599189719440732,0,0,0
196,-504.321177403423,-0.575591072048201,0.426184534891057,0.11317448132398,0.0172883123034825,-0.00480121098887032,-504.377547108915,-0.49096841012716,0.4354471588406,0.128089755564406,0.0222712784563704,-0.0121683615037247,-500,0,0,0,0,0,0,0,-4.0538813386103,-1.24519102538272,0.345941832691268,0,0,0
197,-504.210242143927,-0.558925396351423,0.421741638571749,0.108696631385121,0.016043039904457,-0.00408242637466472,-504.182324849543,-0.517567085536585,0.355297477773102,0.106764498993898,0.0196785494566999,0.00488019468177776,-500,0,0,0,0,0,0,0,-2.31180020030462,-0.932720774596818,-1.19861442372398,0,0,0
198,-504.103101939208,-0.54334874892646,0.417079879377835,0.1055833577237,0.0151102559762382,-0.00523967817818061,-503.895575813288,-0.758488121402604,0.544070571287599,0.114277025007748,0.0110105383101169,-0.0164356488415945,-500,0,0,0,0,0,0,0,-3.63655087419924,0.415922411793522,0.555423741584252,0,0,0
199,-503.999529690649,-0.528030567337755,0.412266278791018,0.101561800989957,0.0155261083308166,-0.00438562141407539,-503.981534103149,-0.657108878225617,0.401717641724157,0.104661664046601,0.0177108985874254,-0.0117230847377972,-500,0,0,0,0,0,0,0,-2.50309819836136,-0.456872102291302,0.368873190331408,0,0,0
200,-503.899444864677,-0.512732919707858,0.408096320596175,0.0986082853415543,0.0150691878441205,-0.00395296263456435,-503.832138871217,-0.388346057821395,0.312342259132895,0.0997865956821381,0.0106594563042753,-0.0111226213883958,-500,0,0,0,0,0,0,0,-2.31438182578035,-0.289253514784737,0.487577620573791,0,0,0
201,-503.802207076584,-0.497808380742643,0.404399947144943,0.0958677673980664,0.014779891352533,-0.00343856720488722,-503.855997615231,-0.50800471577175,0.321443592441582,0.0916129323981813,0.0183398427409887,-0.0142111031150908,-500,0,0,0,0,0,0,0,-1.44929800935626,-0.817974842555367,0.778223126625919,0,0,0
202,-503.707254315206,-0.483437487819753,0.401266850858778,0.0940382831089344,0.0139618952694064,-0.00282689947435888,-503.541161656197,-0.434799977935217,0.338247917170786,0.0933168346397107,0.0155767346760408,0.00374570119809873,-500,0,0,0,0,0,0,0,-2.24936015157638,-0.688073511733644,-1.05106595415145,0,0,0
203,-503.614724195434,-0.469819659824454,0.397945798375505,0.0910216234386673,0.0132737616989367,-0.00381384281657393,-503.640283924344,-0.435177037375292,0.325432116894595,0.0728395971873922,0.0157424173596187,0.00692275737012907,-500,0,0,0,0,0,0,0,-0.00339187005127073,-0.703887661211282,-1.3431399708021,0,0,0
204,-503.524150415433,-0.45689785071329,0.393246888013432,0.0901251836704841,0.0125698578517375,-0.00558375486372498,-503.584365447749,-0.401354376410457,0.393531520549102,0.0806709096872034,0.0138758456497306,-0.0246642396693538,-500,0,0,0,0,0,0,0,-0.898360073221529,-0.584875812152149,1.67936092583718,0,0,0
205,-503.434569563092,-0.444620430652174,0.388352027435241,0.0890374581100161,0.0119849832341888,-0.00420563939509855,-503.317031819748,-0.612176860603839,0.395386337991354,0.106889736577432,0.00675955423068186,-0.00675554789837273,-500,0,0,0,0,0,0,0,-4.05491001824814,0.548398298139492,-0.115217886145435,0,0,0
206,-503.34781446589,-0.432361291917969,0.38432089158556,0.0844731207535211,0.0125332946049414,-0.00385443906517624,-503.389647028952,-0.396706251607799,0.220456048459422,0.0821699338539182,0.004649900769634,-0.00703438965709114,-500,0,0,0,0,0,0,0,-1.43769932748879,0.328422426252198,0.26252686879027,0,0,0
207,-503.264305366166,-0.419663800278404,0.380532831682652,0.0825453447047516,0.0128616898482557,-0.00372090234396383,-503.22536004144,-0.24847115262843,0.303268800780425,0.0907648524416718,0.00526017528227968,-0.00505337491455546,-500,0,0,0,0,0,0,0,-2.62576516128692,-0.0290752229711091,-0.101200110105304,0,0,0
208,-503.183343142677,-0.406816676866544,0.376839783982014,0.0793793258976264,0.0128325580126287,-0.00366375304952393,-503.389435546229,-0.5707662107985,0.526739500416306,0.0765238090718995,0.00894025523550858,-0.0329219645455558,-500,0,0,0,0,0,0,0,-0.873509814732328,0.247506898046142,2.23871745372296,0,0,0
209,-503.104424286236,-0.393860361606288,0.374144986847247,0.0784596186509388,0.013080073340394,-0.00172560206681083,-503.234901319902,-0.302355309846312,0.316497767049826,0.0621561107432451,0.0192214212433331,-0.00368216467362014,-500,0,0,0,0,0,0,0,0.254191565478941,-1.31743150464069,-0.264779066737637,0,0,0
210,-503.026162401303,-0.381439003431783,0.372040833062729,0.0780639376980082,0.0117626440231212,-0.00248274840109097,-503.183306536259,-0.452297464669907,0.411913098785705,0.0777877515323395,0.0173633155584736,-0.00287580889952572,-500,0,0,0,0,0,0,0,-1.41216208071592,-0.831736626507552,-0.536245307618839,0,0,0
211,-502.949138756526,-0.370092246137091,0.369240970015842,0.0759832054394439,0.0109308711766632,-0.00311611714067861,-502.982092352008,-0.387634427560226,0.426562204318748,0.082636085338577,0.0187472574962046,-0.0033983598402718,-500,0,0,0,0,0,0,0,-2.29942382984157,-1.09945689450001,-0.513288424610316,0,0,0
212,-502.874624981478,-0.359711131131389,0.365925015729352,0.0730443235512591,0.00983135961898675,-0.00351447144322403,-502.716128763824,-0.228332969213681,0.367690757491564,0.0796244911772022,0.0171601889719816,0.0067988055839567,-500,0,0,0,0,0,0,0,-2.53019159007125,-1.2593529587708,-1.4152620733788,0,0,0
213,-502.803268041411,-0.35050948353197,0.361803290945617,0.0696690981361611,0.00857193630385888,-0.00472742776565405,-502.713599112877,-0.276244671489533,0.385158976330546,0.0831741997701882,-0.00709113776112895,-0.0111910852569072,-500,0,0,0,0,0,0,0,-2.89022175126418,1.26160311909196,0.34879057302963,0,0,0
214,-502.735254996218,-0.341306774429424,0.357372865537823,0.066357498861726,0.0098334826287077,-0.00413190910051242,-502.719234773396,-0.386496379782658,0.466219261803639,0.0596325830228473,0.0125046627282824,-0.0225597056376415,-500,0,0,0,0,0,0,0,-0.52478875549237,-0.477473513262923,1.32353204015687,0,0,0
215,-502.669287579177,-0.331712026569873,0.353736335172999,0.0655780523109413,0.0093560139232139,-0.00314099013498548,-502.716666139654,-0.463477490502164,0.202436491930496,0.0739939326663657,-0.00603872237098207,-0.0144156508510238,-500,0,0,0,0,0,0,0,-1.96606098732796,1.53082721810253,1.03669210124139,0,0,0
216,-502.604831560009,-0.321590614144309,0.35112306706067,0.0633347367091915,0.0108868121013481,-0.00208460187064641,-502.70796936829,-0.116639531469333,0.457161739453431,0.0653015362817371,0.00476007604627693,0.000374128215556898,-500,0,0,0,0,0,0,0,-1.11421489159352,-0.242728541689027,-0.951736300462552,0,0,0
217,-502.542440155331,-0.310825184099489,0.348501904448471,0.0614476861864626,0.0106440486357598,-0.00315697064988618,-502.628204278224,-0.317147127365802,0.306177084999893,0.057985297026376,0.00971298211431715,0.0182276883055432,-500,0,0,0,0,0,0,0,-0.542121146189904,-0.33700395670011,-2.4351230005541,0,0,0
218,-502.481836963068,-0.300349658254958,0.34402200701714,0.0597574737944273,0.0103070040306236,-0.00580217474158662,-502.435956745896,-0.349042975455594,0.250803890007478,0.0386675036791424,0.0182137987770045,-0.00962163722817087,-500,0,0,0,0,0,1,0,1.00516312387871,-1.12329392678926,0.46055594280213,0,0,0
219,-502.421828320129,-0.290604288241226,0.338117970862306,0.0602598894627706,0.0091837368349429,-0.00600642060983991,-502.359157597966,-0.30917488762458,0.320285914068767,0.0540860715768516,0.008957933163006,-0.000708757105868414,-500,0,0,0,0,0,1,0,-0.690291961753208,-0.277443541051441,-0.569696117550692,0,0,0
220,-502.362264134317,-0.281559284582418,0.331713145984791,0.0588682443458352,0.00890627189731478,-0.00680274045518214,-502.48635943054,-0.131386937899548,0.211515391598489,0.0500709088473161,0.0209879922209654,-0.014031845704627,-500,0,0,0,0,0,1,0,-0.0343720236506861,-1.83602534629744,0.98015378726572,0,0,0
221,-502.303586048308,-0.273571020116279,0.325185622697057,0.0584884078902454,0.00707025758157951,-0.00625235603056051,-502.316008062463,-0.62540324336219,0.47656799639511,0.0779720985738406,0.00177296849589985,0.000980597941289046,-500,0,0,0,0,0,1,0,-3.1651937324571,1.07350963713439,-1.05119578691913,0,0,0
222,-502.247052158783,-0.265964047411181,0.318604846941151,0.0545792078502288,0.00814368783787217,-0.00690736626094612,-502.127857346574,-0.0819029489611216,0.388215414252984,0.0611669520831551,0.0263613959511193,-0.00709627013531799,-500,0,0,0,0,0,1,0,-1.86098051516674,-2.47233369718969,-0.0668038149741698,0,0,0
223,-502.193675164487,-0.259056546842827,0.311692156714047,0.0521749599116056,0.00567131408206854,-0.00691698929547202,-502.047432691833,-0.275000826896417,0.342098774156376,0.0457841937839264,0.00393692325658269,-0.0161044802045156,-500,0,0,0,0,0,1,0,-0.483553994727392,0.156309328134565,0.926250472138806,0,0,0
224,-502.141912275659,-0.253307078026841,0.305084910318317,0.0513513314009383,0.00582762431987558,-0.00629731620439766,-502.197228662345,-0.187464741164136,0.249752194820153,0.0556199254469285,-0.0104919118537938,0.0014611983010429,-500,0,0,0,0,0,1,0,-1.16753522000337,1.42412066770765,-0.645624219744595,0,0,0
225,-502.091496899944,-0.246767409887424,0.298420689978555,0.049479214269599,0.00725171261165297,-0.00703038255882504,-502.081003144637,-0.201103499372764,0.349463102295927,0.0337835542293264,0.00303278325830478,0.000786809503076528,-500,0,0,0,0,0,1,0,0.783650866342291,0.0989286729150506,-0.777607154899507,0,0,0
226,-502.04202545134,-0.239466230046256,0.290719883720279,0.0494631540085352,0.00735064849081599,-0.00837147345241629,-502.127089510654,-0.157674498610578,0.186761601375143,0.0409826710237879,0.00234325822544191,-0.00219614105204913,-500,0,0,0,0,0,1,0,0.155911918929673,0.0810231746769659,-0.153909097545372,0,0,0
227,-501.992798022095,-0.232075069713551,0.282057415103873,0.0489915796941279,0.00743167311353098,-0.00895346566808175,-502.002248993684,-0.1324277800721,0.232429414169123,0.0638381846043331,0.0144561166272101,-0.00939015118315136,-500,0,0,0,0,0,1,0,-2.37932047306515,-1.18075610257681,0.47415628997689,0,0,0
228,-501.94519143053,-0.225233797312304,0.273433830931801,0.0462221383792981,0.006250872509198,-0.00829248360827994,-501.838576865221,-0.278928758455978,0.167903040263408,0.0446935941263548,0.00502031269239186,-0.00329493768270113,-500,0,0,0,0,0,1,0,-0.792205682193822,0.0558262476727702,-0.00631231225670248,0,0,0
229,-501.899644814001,-0.218955020294093,0.265043185714961,0.0448711737963113,0.00630668197228972,-0.00848834156933242,-501.927953222036,-0.115663475433257,0.289458904033372,0.0250073566717774,0.0153790572964161,-0.0218990962873749,-500,0,0,0,0,0,1,0,1.35517077689409,-1.30657877877509,1.61099182067074,0,0,0
230,-501.854206102368,-0.213301604078579,0.256970096241323,0.0460068725401865,0.00500015110821565,-0.0076586897001899,-501.894989254492,-0.336613962254493,0.284792416688924,0.0461552422972481,0.000111935688843464,-0.00455888215458344,-500,0,0,0,0,0,1,0,-0.825545720740638,0.66203435562464,-0.113696617919505,0,0,0
231,-501.808902910197,-0.207970446165353,0.249165672300923,0.0445995430576919,0.00566216668362518,-0.00794966031378197,-501.829549129484,-0.175562660689053,0.259733609279214,0.0676914147240261,0.00765996275616218,-0.0064447978187912,-500,0,0,0,0,0,1,0,-3.11004321343392,-0.414870954238112,0.125012563320692,0,0,0
232,-501.766081406002,-0.202515748036701,0.241477374081367,0.0410439257856518,0.00524723161545329,-0.00742530486844994,-501.850744198156,-0.249036851854928,0.168982848331837,0.0480266348033299,0.015654281595025,0.00475365279576728,-500,0,0,0,0,0,1,0,-1.1011750840212,-1.06735445579265,-0.813330976240403,0,0,0
233,-501.725962576117,-0.197802210499442,0.233608494322768,0.0391934457697457,0.00417984417170791,-0.00831172593119056,-501.675321317663,-0.25998589390995,0.226426885687384,0.0237356332499805,0.00456030077083716,-0.0102993894811318,-500,0,0,0,0,0,1,0,0.9770793103289,0.063941710736184,0.577085176738412,0,0,0
234,-501.686512597337,-0.193590382235447,0.225261316040526,0.0397066554049323,0.00424381341819968,-0.00838315102540632,-501.623994996893,-0.221479363341023,0.144009315588154,0.0331997994884721,0.0209456771811302,-0.00830946091752682,-500,0,0,0,0,0,1,0,-0.071989955061603,-1.65160899143097,0.542927460576374,0,0,0
235,-501.647060253585,-0.190172371408634,0.216959509412836,0.0391983001299166,0.00259220942219894,-0.00822044120936904,-501.472655156789,-0.109252046956195,0.193194314858088,0.0449972233435592,0.00882502493437884,-0.016925284907338,-500,0,0,0,0,0,1,0,-1.55441202077868,-0.663998399525494,1.30613986101762,0,0,0
236,-501.608733069887,-0.187912170396044,0.209380465957902,0.0374569264538239,0.00192819389549605,-0.00693697271661142,-501.633289779158,-0.115364575221665,0.254021338522884,0.0328585600226666,-0.0136075462479233,-0.00936774168881894,-500,0,0,0,0,0,1,0,-0.0192764439501651,1.59148377523566,0.428731491836126,0,0,0
237,-501.57151704404,-0.185188232767865,0.202464279038114,0.0369753283553089,0.0035196824051813,-0.00689539275420259,-501.447996084111,-0.0206307614012372,0.110620995463737,0.0495770428768057,0.0111303155237314,0.00255195880984078,-500,0,0,0,0,0,1,0,-2.06171211945772,-1.07177002957067,-0.476437871911552,0,0,0
238,-501.535885773014,-0.182204460528908,0.195418379125094,0.034287235664074,0.00244786316434544,-0.00719523469631356,-501.466830092404,-0.25152945564052,0.181436328543385,0.0504601200404279,-0.00722901457475164,-0.0287469751166041,-500,0,0,0,0,0,1,0,-2.11235181923548,1.2259603687562,2.51182485457364,0,0,0
239,-501.502576768753,-0.179143624742254,0.189525033326488,0.0323323261054285,0.00367380910294,-0.00459067006902381,-501.277745493993,-0.222282756860352,0.206550918341866,0.0373352052569654,-0.00528520461978029,-0.0150968751544358,-500,0,0,0,0,0,1,0,-1.17802953771077,0.973085975698732,1.09658567875984,0,0,0
240,-501.470952726084,-0.174983278928617,0.185433258470557,0.0309164633653663,0.00464688338081705,-0.0035923762894845,-501.425411170231,-0.233095405306202,0.0585094438010053,0.0253418010803828,0.0128022522095792,-0.0038074468585091,-500,0,0,0,0,0,1,0,0.316642232423549,-0.814034410345521,0.2637257982489,0,0,0
241,-501.44013103539,-0.170743408275037,0.181742839959599,0.0307269928811635,0.00383285881941653,-0.0037886029644788,-501.442302689505,-0.0317449656223529,0.26298780563488,0.0183587661459589,-9.34874461927934E-05,-0.00563445807292145,-500,0,0,0,0,0,1,0,1.04872876441462,0.0728386758639852,0.037470196022384,0,0,0
242,-501.409175458442,-0.166874119196237,0.177649941561895,0.0311840182498506,0.00390572007118477,-0.00439767781950728,-501.343279311167,-0.0576079118826106,0.214421976774574,0.0241607233431551,0.00365469287956918,-0.00474947933038656,-500,0,0,0,0,0,1,0,0.270486288017826,-0.250253464191696,0.0461039794895073,0,0,0
243,-501.378137319685,-0.163093523103049,0.173053894416872,0.0308922292683093,0.00365547286617996,-0.00479450534784975,-501.393981922714,-0.138006124478066,0.0841457084291193,0.0164270606053759,-0.00268906431562218,-0.0205194193153838,-500,0,0,0,0,0,1,0,1.14525778488946,0.54491868051835,1.88365051468014,0,0,0
244,-501.346724848403,-0.15916556785995,0.168829908786755,0.0319334925464015,0.00420043830556383,-0.00365425180572532,-501.502519405248,-0.147295124424063,0.121698564473338,0.0384348584073822,0.0194866083943368,-0.000948485614114984,-500,0,0,0,0,0,1,0,-0.838447030243024,-1.65407059058555,-0.148548567535178,0,0,0
245,-501.315496092304,-0.155792174968345,0.165029769022331,0.0305240467781647,0.00254634824476916,-0.00394552700746342,-501.240551884366,-0.0244497132975424,0.390325059557948,0.0215842806635296,0.00924336956230734,0.010718607837,-500,0,0,0,0,0,1,0,0.322675702379779,-0.875437529635649,-1.85251090281589,0,0,0
246,-501.28534599615,-0.153683553667238,0.159963356936301,0.0297751477112833,0.00167089530209603,-0.0061871444349525,-501.326371394191,-0.191038167862523,0.322359736635253,0.0442846430013595,0.0174385284869129,-0.00824077931929932,-500,0,0,0,0,0,1,0,-1.77572151175367,-1.36177651296625,0.179358458659427,0,0,0
247,-501.256684649711,-0.152693564788601,0.153916733587057,0.0275478723293256,0.000309083479988585,-0.00590517331353368,-501.216951677933,-0.04716393264863,0.158929333771108,0.0466509327081772,-0.0254031140100411,-0.0152902059894608,-500,0,0,0,0,0,1,0,-2.23118991495121,2.63463926630137,1.21116193140386,0,0,0
248,-501.230329454226,-0.151067177852227,0.148713111351437,0.0251634351138805,0.002943690202124,-0.00450106013849949,-501.255101625414,0.0907566315600324,0.199060441328977,0.0414068627828067,0.00463302300595026,-0.010603227914286,-500,0,0,0,0,0,1,0,-1.63048302745347,-0.644815563715091,0.662201908770646,0,0,0
249,-501.20614129135,-0.148445909081837,0.144570971492002,0.0232134452734835,0.00229884818610382,-0.00378243460702166,-501.26326161687,-0.250011030917364,0.246396040199677,0.00129888078551854,-0.00583857066421667,-0.00297631503030954,-500,0,0,0,0,0,1,0,2.39663515518726,1.0838791282564,-0.1951605773684,0,0,0
250,-501.18208074813,-0.145605097666768,0.140189002901023,0.0249071900659551,0.00338277553851433,-0.0049826268418649,-501.244207771984,-0.427278036611857,0.134248231487448,0.0266439189699033,0.00804450155820412,-0.00510193296465195,-500,0,0,0,0,0,1,0,-0.175976353021971,0.0501059174033011,0.241696833490299,0,0,0
251,-501.157505429555,-0.142197269962301,0.135165160904029,0.0242435820493903,0.00343288064052887,-0.00506494874760866,-501.238364123567,-0.323850484174603,0.0916144826572772,0.0368221686607653,-0.000732164348354052,-0.000652630157028201,-500,0,0,0,0,0,1,0,-1.20548861894308,0.720917403184612,-0.117965949611734,0,0,0
252,-501.134137662807,-0.138403944566537,0.130027605663273,0.022492054319051,0.0041537711979214,-0.00520948160418044,-501.000306572924,-0.262320991044518,0.206956137356814,0.0361097672438175,0.00507612119617604,-0.00903435956140681,-500,0,0,0,0,0,1,0,-1.61036357853332,0.017029862471431,0.489523681427053,0,0,0
253,-501.112632088688,-0.134241672765291,0.12509530427884,0.0205195608905909,0.00417077295938308,-0.00465432978443614,-501.052241681389,-0.24798419493322,0.0594760654013134,0.0156550561033292,0.0143732536650681,-0.00462433349976367,-500,0,0,0,0,0,1,0,0.538977752444235,-0.941356976640372,0.34348121917374,0,0,0
254,-501.09208494849,-0.130541570849645,0.120353390198032,0.020574804891121,0.00322943147835539,-0.00482976252507139,-501.064252605182,-0.102040272844351,0.136485715124576,0.0198394242265194,-0.010586599369258,-0.0133071584495379,-500,0,0,0,0,0,1,0,0.144562787712612,1.2627404826145,1.05774441470464,0,0,0
255,-501.071572758473,-0.12668076201286,0.115833062588678,0.0204500748829247,0.0044921877028732,-0.00421106558506201,-501.085969870606,-0.0736805279947475,0.104025037535384,0.0118304095274108,0.0193816274845665,0.00272525515501899,-500,0,0,0,0,0,1,0,0.988898788470455,-1.79080169246716,-0.480575590572666,0,0,0
256,-501.050992370507,-0.12308396839634,0.111074658576674,0.0207103076450485,0.00270140110868396,-0.00530611215127008,-500.870819830947,-0.113482803179719,0.200404911167947,0.0239418782979672,-0.00545964324506259,-0.0073553848491618,-500,0,0,0,0,0,1,0,-0.652548167902208,0.772929930865697,0.334728662580286,0,0,0
257,-501.030827136699,-0.119996107672811,0.105840783435603,0.0196204143143715,0.00347432128344991,-0.00516130118747948,-500.906992097581,-0.029596647880792,0.137933142350446,0.019138879482316,0.00410456517831882,-0.00760881207839475,-500,0,0,0,0,0,1,0,-0.0999037530704028,-0.351263222070298,0.485014923138583,0,0,0
258,-501.011464714674,-0.116697416109322,0.100747392446051,0.0191046790076981,0.00312306177150259,-0.00502544503625235,-501.193290872097,-0.14275359416339,-0.0306474191588311,0.0154895007081337,0.00744836381088007,-0.00621868845999281,-500,0,0,0,0,0,1,0,0.837631673380531,-0.459329192761228,0.683163684316943,0,0,0
259,-500.992139574921,-0.113804006459776,0.0957531496285332,0.0195458120630676,0.00266375844491054,-0.00496349813397046,-501.088274324586,-0.136391051855953,-0.0215819983906764,0.0246070026653123,-0.011161293863942,-0.0161645173930819,-500,0,0,0,0,0,1,0,-0.28415161735867,1.38891149010611,1.65961573608954,0,0,0
260,-500.972772914392,-0.1104457858201,0.0914461940501248,0.0191883715176417,0.00405268384703558,-0.00365045705240341,-500.968540538255,0.0765482097541956,0.12680292723043,0.0281348481284484,0.0311368961488829,0.0103009058713511,-500,0,0,0,0,0,1,0,-0.876403736335836,-3.26678603439668,-1.28369644159597,0,0,0
261,-500.954462033078,-0.108026512284186,0.0871247210872349,0.0174328708276154,0.000785863930079707,-0.00499180644003139,-500.775286813678,-0.296971315345733,-0.213403945908079,0.0316266863580995,0.00721264294208892,-0.0113804270481219,-500,0,0,0,0,0,1,0,-1.61209500845451,-0.127321663517426,1.56485059662834,0,0,0
262,-500.937855926449,-0.107304316593497,0.0829340180532039,0.0157803533678664,0.000658527028959582,-0.00338896832221325,-500.917821293162,-0.178092518891106,-0.0295097574706184,0.0236511267972869,-0.0123357052159031,-0.0084876685051305,-500,0,0,0,0,0,1,0,-0.52947009340428,1.58975555937252,0.907786365454286,0,0,0
263,-500.92247426038,-0.105850912098999,0.0798787056870985,0.0149835027008688,0.00224828231001,-0.00272147360415431,-500.903089557409,-0.0840163020529652,-0.0882441787025156,0.0105977061402698,0.0110592568548281,0.0027335870085654,-500,0,0,0,0,0,1,0,0.74640850079188,-0.937893081376879,-0.0968703434515092,0,0,0
264,-500.907420451358,-0.104071569577362,0.0768274898698931,0.0151239496498848,0.00131040381515599,-0.00338126063639232,-500.846356599884,-0.259795433441013,-0.110392816824761,0.0181457402467131,0.0109995140029996,-0.000771862521344526,-500,0,0,0,0,0,1,0,-0.121860824902591,-0.58036053341793,0.297971885783975,0,0,0
265,-500.892585800986,-0.103051345966393,0.0734294201603908,0.0145455111918231,0.000730044283543526,-0.00341480538076211,-500.858515121501,-0.049005731328888,0.0266773547811821,0.00284759742147105,-0.0145509942304363,-0.00168624985533641,-500,0,0,0,0,0,1,0,1.43227050085455,1.55311088570141,0.115270275971276,0,0,0
266,-500.877611408455,-0.101544730721986,0.0696865005658621,0.0154031106873549,0.00228318676731962,-0.00407170532640311,-500.933268516182,-0.0787440516618826,0.20397028305678,0.0291067521530099,0.00286187045422416,0.00132757783500601,-500,0,0,0,0,0,1,0,-1.04413818293617,-0.128698942098651,-0.540698349614161,0,0,0
267,-500.863060029819,-0.0993259081306408,0.0653289496362573,0.0136995286167613,0.00215445931347884,-0.00464273978193053,-500.913158664365,-0.121525604629208,-0.0298495389075377,-0.0090478985008868,0.000238196816612585,-0.012396229327749,-500,0,0,0,0,0,1,0,2.73110717881919,0.219231527597158,1.29932201058998,0,0,0
268,-500.848139175199,-0.0970617969362118,0.0607347269057616,0.0161424089945803,0.00237376404498155,-0.00454719617074228,-500.587375796953,-0.0674941058592571,0.0646864318955025,0.0251432336125078,-0.00142633290312075,-0.0159290590137719,-500,0,0,0,0,0,1,0,-1.33957176734561,0.27762150203059,1.46353303758619,0,0,0
269,-500.832697913287,-0.0945492280386868,0.0569030161117804,0.0147410352439696,0.00265137484183917,-0.00311572329970744,-500.823759577554,-0.121708440572889,-0.000773258941299197,0.00637071209591145,-0.00257360591411408,-0.00230394823374394,-500,0,0,0,0,0,1,0,1.01044794551612,0.500777472557186,0.231941341256992,0,0,0
270,-500.817711562633,-0.0916474526964802,0.0535719327155194,0.015231621794254,0.00315217641714605,-0.0035469202702797,-500.745969804183,-0.0732697788915795,-0.0172327373299494,0.0218910522630756,0.00207241569809885,-0.00691792345007922,-500,0,0,0,0,0,1,0,-0.69716561794223,-0.0607020120267265,0.726257819667821,0,0,0
271,-500.802978528694,-0.0885256306315602,0.0502949184759423,0.0142349037304865,0.00309146840525893,-0.00300681506603984,-500.694427438366,-0.238026141202204,-0.22238544444302,0.0111881412291408,0.0225934319683871,-0.00295208998817474,-500,0,0,0,0,0,1,0,0.270040753817018,-1.7832909144343,0.739979887703513,0,0,0
272,-500.788776609528,-0.0863258006536613,0.0474231399487575,0.0141692541564365,0.00130819206722508,-0.00273692697509009,-500.651508223398,-0.170504010477773,0.0932050227654902,0.0309203868579018,0.00574177949967783,-0.00287502556714961,-500,0,0,0,0,0,1,0,-1.78902223899504,-0.233169929012238,0.10109251118398,0,0,0
273,-500.775717355079,-0.0851342123013763,0.0448194564798592,0.0119495713928735,0.00107498560802393,-0.00246951382710892,-500.799435831692,-0.00382687379352036,0.0902322383868885,0.0356411545674003,0.00617337740427306,0.0222541560498279,-500,0,0,0,0,0,1,0,-1.96524379335626,-0.609683992840265,-2.40588008175657,0,0,0
274,-500.765332319009,-0.084364104342635,0.0413148443827491,0.00881961034775889,0.000465231291192981,-0.00453831572993924,-500.741619492169,-0.148791022405791,-0.00384850035608233,0.00703494742608665,0.00580904776599896,-7.39451858883236E-05,-500,0,0,0,0,0,1,0,0.779744241729294,-0.283322731788314,0.015091519300997,0,0,0
275,-500.756409659817,-0.0840405262730963,0.036493452479086,0.0090255925382129,0.000181925192429514,-0.00510479772631722,-500.895451492483,-0.208796548595067,0.0127268447647853,0.0111573856235021,-0.00515314141434057,-0.00433932457675334,-500,0,0,0,0,0,1,0,0.675164422616136,0.932907238624191,0.408478768145763,0,0,0
276,-500.747272633268,-0.0833921382427694,0.031307928990568,0.00924855537923324,0.00111485157865249,-0.00526658440431493,-500.779185824169,-0.129577440602526,0.128830399388899,-0.00616956522026871,0.00272782627701654,-0.0100969737364489,-500,0,0,0,0,0,1,0,2.1753281703648,-0.0136277464966031,0.752036574867088,0,0,0
277,-500.73714523295,-0.0822840740265143,0.0258991045358093,0.0110062774759262,0.00110127874255239,-0.005552191099784,-500.767133193972,-0.12825330107302,0.0798612092689758,0.0122927351065417,0.0087548880517903,-0.0209566741998488,-500,0,0,0,0,0,1,0,0.304992877290572,-0.61898220303299,1.93594500144693,0,0,0
278,-500.725974360407,-0.0814922719653629,0.0210466714472813,0.0113363672271319,0.000482326196312322,-0.00415306452238284,-500.694688684691,-0.126510687356561,-0.0242881230078736,0.00619424394265348,-0.00713181689988899,-0.0239437180905228,-500,0,0,0,0,0,2,0,0.769952975117025,0.966203064702021,2.44294805506803,0,0,0
279,-500.714172688971,-0.0805268228712193,0.0177639135290222,0.0122680513566838,0.00144857480995217,-0.00241314780546098,-500.721087620632,0.127882017851473,0.165007477042734,0.0172575787620463,0.00172589717949204,0.017346191747895,-200,0,0,0,0,0,0,1,599.716417365059,-0.428353753652149,-2.06463412887497,0,0,0
280,-500.416640084893,-0.0792861116583416,-0.0764121584086587,0.582702987777138,0.00103284832532657,-0.186232513245848,-500.536124291625,0.125480098939217,-0.0420162600266412,0.601322283631783,0.00866451551292133,-0.177222055931823,-200,0,0,0,0,0,0,1,540.940020220072,-1.11741174917057,17.8062381132356,0,0,0
281,-499.57394946506,-0.0788061568439069,-0.336911442900982,1.10260248605503,-7.2937759683477E-05,-0.335033313767811,-499.672916811414,-0.153747487208767,-0.479935126934415,1.09840646311825,-0.0162884130865179,-0.322152536334771,-200,0,0,0,0,0,0,1,489.505187311004,1.93633628306932,33.1751238873459,0,0,0
282,-498.233749770825,-0.0779055644817715,-0.731871680027318,1.57773623437974,0.00187412345543037,-0.455131155830167,-498.137182072898,-0.084279555663834,-0.713724393965741,1.57374162158628,-0.0106804558065903,-0.474582293761073,-200,0,0,0,0,0,0,1,438.900201987168,1.2366046919867,48.8856781640388,0,0,0
283,-496.440298568693,-0.075408216179754,-1.2324613228013,2.00912067981263,0.00312057394425731,-0.546269409026872,-496.35614803026,-0.0797788670885054,-1.36837675724133,2.00806025055712,0.0140569664339624,-0.56203922279627,-200,0,0,0,0,0,0,1,391.906271004808,-1.24613890921923,58.9406757941096,0,0,0
284,-494.23643053653,-0.0729062245970982,-1.81287511598063,2.39858178530075,0.00188341003975241,-0.614757705825318,-494.13250440414,-0.00604240955005486,-1.86721742071361,2.43739757321372,-0.00845245937166393,-0.627395436928589,-200,0,0,0,0,0,0,1,344.525251486907,0.857330756266503,66.4739785342861,0,0,0
285,-491.664592390519,-0.0705901168291942,-2.45151709581521,2.74507167072808,0.00274880658878022,-0.66270352962218,-491.557689765458,-0.0763129288071178,-2.496657623017,2.7414696327594,0.00720309303100763,-0.65590877464286,-200,0,0,0,0,0,0,1,308.968416254975,-0.567683445486527,70.58419271032,0,0,0
286,-488.762614331662,-0.0681214700951209,-3.1312054374377,3.05886888953363,0.00218848811652168,-0.696833472843312,-488.661338447715,-0.038056106155079,-3.18106655409537,3.07022703076118,-0.0060652371676144,-0.720579714197649,-200,0,0,0,0,0,0,1,270.299973819312,0.682635929071598,78.4201045279557,0,0,0
287,-485.564063681018,-0.0655883427368921,-3.83580435774413,3.33822647506337,0.00287776723997613,-0.712506858873668,-485.788283334251,-0.006703253282375,-3.84241955851764,3.33805428230165,0.0121471630412545,-0.71299824264408,-200,0,0,0,0,0,0,1,237.771138438336,-1.2013097975607,78.9846633814433,0,0,0
288,-482.101549466103,-0.0633082487061202,-4.55119439605185,3.58680116693108,0.00168242116528106,-0.718399773225066,-482.019369582064,0.0759837317978377,-4.69085009814888,3.60048740458791,0.00752643486766823,-0.720070816051798,-200,0,0,0,0,0,0,1,203.989998705338,-0.904610950362498,81.3887818014775,0,0,0
289,-478.406142836982,-0.0620754933125929,-5.26646272502144,3.80401758184154,0.000783090108711871,-0.712247242285593,-478.357468224403,-0.00575956993490357,-5.2044377264635,3.80337991892914,0.0176172811837801,-0.70335107199989,-200,0,0,0,0,0,0,1,176.376944555892,-1.7502089785082,80.7439826529159,0,0,0
290,-474.506721919054,-0.0621651633316279,-5.97190961755003,3.99483359856384,-0.000962429261552605,-0.698743257744803,-474.33914949104,-0.0393807542601638,-5.91395005989827,3.99507649212558,0.00259306103238562,-0.701129961710365,-200,0,0,0,0,0,0,1,149.170649769522,-0.180544594718234,81.940896290833,0,0,0
291,-470.429190192099,-0.0632158004864206,-6.65931823080384,4.16024391395525,-0.00113884385176792,-0.67615757408897,-470.482445322504,-0.137225021803869,-6.63335524342404,4.14133019320374,0.00736178139782767,-0.671451476171365,-200,0,0,0,0,0,0,1,126.831871324635,-0.46172809617503,80.4118581039846,0,0,0
292,-466.1970511843,-0.064583688606006,-7.32161247151437,4.30405080907149,-0.00159693155358231,-0.64850335758133,-466.101018325089,0.017242137078641,-7.23179029139708,4.30731876749407,-0.0174333893914786,-0.641865187599384,-200,0,0,0,0,0,0,1,101.470159900771,1.70885466499057,78.6500993427326,0,0,0
293,-461.833368795331,-0.0653246510715032,-7.9533139550256,4.42333372270067,0.000115007317727488,-0.614959442222901,-461.90459702051,-0.0410781551772519,-8.0313802155938,4.43649082498951,-0.0028014650061737,-0.613924691657109,-200,0,0,0,0,0,0,1,80.1601115420688,0.362302810971874,77.4552295968985,0,0,0
294,-457.360642892814,-0.06502718275995,-8.54885333874075,4.52214053869022,0.000479930425358055,-0.576168622250744,-457.323519694423,-0.066843514236142,-8.4223660434521,4.53125388071886,-0.0018834603927766,-0.572952697537596,-200,0,0,0,0,0,0,1,61.5216513169606,0.322033067749944,74.1400018406638,0,0,0
295,-452.79840738427,-0.0643851426331451,-9.10437033230872,4.60235420983128,0.000804150811994729,-0.534905100850529,-452.795574181771,-0.0236886956586682,-8.84111626130398,4.60435773084808,0.00257773406676187,-0.538961264194919,-200,0,0,0,0,0,0,1,45.1553752787331,-0.210396015358851,71.5783589420999,0,0,0
296,-448.164053219406,-0.0636852848091219,-9.6173577035548,4.66637914796947,0.000595566108112722,-0.491101060392236,-448.220644843255,-0.0837113261642861,-9.55346953326112,4.67030890763959,-0.00403088690530411,-0.490149712861297,-200,0,0,0,0,0,0,1,29.4103989225513,0.570511342858983,68.1219103526519,0,0,0
297,-443.473611943444,-0.0628037447692013,-10.0857647645239,4.71452922057576,0.00116751513766175,-0.445736336528085,-443.483730339093,0.0100276363709419,-10.1143170667055,4.69398773679358,0.0167001272090775,-0.448070997699075,-200,0,0,0,0,0,0,1,17.5686869988283,-1.69006799364963,65.0357339033185,0,0,0
298,-438.741046685102,-0.0624806885622035,-10.5084466300905,4.7506274661936,-0.000521402018244647,-0.399644486804576,-438.788806407797,0.0696690142434805,-10.5006730485656,4.76411339126298,-0.00689722093949769,-0.39292400990117,-200,0,0,0,0,0,0,1,1.16627368929699,0.550384065462808,60.2937470872481,0,0,0
299,-433.980833215676,-0.0627265251254941,-10.8847045997395,4.76982596284812,2.97299624875227E-05,-0.352879909416127,-433.919839965992,0.070697755868668,-10.9054926078672,4.760320400789,0.00773477898558758,-0.366997720289139,-200,0,0,0,0,0,0,1,-8.19236014691563,-0.914873410296094,58.5107572446482,0,0,0
300,-429.206059288297,-0.0631539676674502,-11.2135629231349,4.77974899995603,-0.000884614357263931,-0.304840444051043,-429.131224289132,-0.0734873529471908,-11.1214604122103,4.78207221172526,0.00202434742551645,-0.316423700798715,-200,0,0,0,0,0,0,1,-19.9447725942615,-0.0554600366572638,53.885290904292,0,0,0
301,-424.427589153858,-0.0640661997266932,-11.4946869830224,4.77721803406749,-0.000939848732222255,-0.257405034267386,-424.431872127415,-0.150061164541467,-11.4315677887478,4.76882450516316,0.000563830615818796,-0.248206903243039,-200,0,0,0,0,0,0,1,-28.0187062614866,0.243739267501055,47.6838259017995,0,0,0
302,-419.656392648684,-0.0648841886648475,-11.7299959679584,4.76520006033474,-0.000696128531701688,-0.21320546047133,-419.570518932708,-0.0702157555917874,-11.7496660454962,4.77050816207153,0.0155336380038594,-0.216544524372976,-200,0,0,0,0,0,0,1,-37.9097783417372,-1.41293228920236,45.15378452829,0,0,0
303,-414.902227308196,-0.0662869125417931,-11.9206751434812,4.74315609771848,-0.00210931891133017,-0.168140320246371,-414.941957283824,-0.0519104433744143,-11.9128616393588,4.7432452628235,-0.00346737050982971,-0.174893258124555,-200,0,0,0,0,0,0,1,-44.4406117147028,0.4505579377318,41.3150490911732,0,0,0
304,-410.173741779353,-0.0681711737236543,-12.0670039437964,4.71383966693389,-0.00165920289018547,-0.124501017333923,-410.245810815365,-0.0862573449931397,-12.1447041687334,4.72791654416525,-0.000447837970930095,-0.116626712917332,-200,0,0,0,0,0,0,1,-52.3000327857951,0.217298487079289,35.9520796292,0,0,0
305,-405.479088202152,-0.0697220639039836,-12.1708969834683,4.67549092772549,-0.00144257646490284,-0.083264225561419,-405.479548221322,-0.172112235410995,-12.1484097387047,4.67227071329897,-0.00097429893301975,-0.100714304422714,-200,0,0,0,0,0,0,1,-56.2679748872527,0.441654364123964,34.3682499196808,0,0,0
306,-400.824846926413,-0.0709442012153569,-12.2335897520782,4.6330149732273,-0.00100169687684988,-0.0420983907658484,-400.973871636589,-0.102949205634383,-12.2235255714269,4.63469150708962,-0.000260253431834295,-0.0452588428915504,-200,0,0,0,0,0,0,1,-61.5214074357847,0.231923754452195,28.9729354320088,0,0,0
307,-396.216378216123,-0.071830411956543,-12.2567339693614,4.58394410939067,-0.000770723448962586,-0.00416379648013387,-396.136280808405,-0.0610815745350743,-12.2033025565912,4.57930072933679,-0.000598889080113288,0.00770253890196847,-200,0,0,0,0,0,0,1,-65.6575113168689,0.182052057081477,23.6363512229855,0,0,0
308,-391.659746545722,-0.0725106605192675,-12.2437036872659,4.52933905963007,-0.000589772995764587,0.0302533863276934,-391.680964581592,0.133101489197124,-12.0760536890251,4.5368331838059,0.011361936662713,0.0482616952528944,-200,0,0,0,0,0,0,1,-70.3213892174065,-1.40239664466555,19.3259378527608,0,0,0
309,-387.160573118936,-0.0738022580468576,-12.1974336780597,4.46902637824438,-0.00199342134691725,0.0623185172667067,-387.214125920258,-0.3549211020228,-12.1730245013813,4.46582929701236,-0.00374182006429745,0.0433916338469705,-200,0,0,0,0,0,0,1,-72.1546778607203,1.08402421047535,20.0068856180655,0,0,0
310,-382.72240881966,-0.0752543088793879,-12.1183781877532,4.40732147266941,-0.000910679351956983,0.0958250301352137,-382.869453136565,-0.0433739719089993,-12.0068541259784,4.402060701409,0.00977036255748443,0.0927405533917667,-200,0,0,0,0,0,0,1,-74.46716386777,-0.890288311930444,14.7396529127802,0,0,0
311,-378.347856749254,-0.0766108298353279,-12.0078188097407,4.34179984428351,-0.00180236185294708,0.12532819057773,-378.292090275591,0.0154901037099898,-12.0766605596168,4.34847793069429,0.0107691282232172,0.126749525832485,-200,0,0,0,0,0,0,1,-78.2636125182471,-1.1078930297417,11.4783685359851,0,0,0
312,-374.041107625373,-0.0789678955303799,-11.8685584136647,4.27171471448928,-0.00291176829080054,0.153229335508351,-374.025983185469,-0.152423813923507,-12.1502042020232,4.27156612087626,0.00501241480151357,0.159122750047274,-200,0,0,0,0,0,0,1,-79.1046457166869,-0.196393852304344,8.38813339931907,0,0,0
313,-369.805307029918,-0.0819786452065868,-11.7026027356802,4.19990151507843,-0.00310973035949754,0.178719591823424,-369.870000092168,-0.118921630625487,-11.8079843791373,4.19538017962105,-0.0182155772178977,0.166589204129643,-200,0,0,0,0,0,0,1,-79.7980177777685,2.05940098304074,6.95704834531033,0,0,0
314,-365.64184079347,-0.084059475505427,-11.5116022922689,4.12704548968387,-0.00105192939208552,0.203319354870048,-365.56365875618,-0.0347474676355466,-11.6030468888764,4.11022205555409,-0.0156088634978755,0.186678169527723,-200,0,0,0,0,0,0,1,-79.8948880430489,1.63038128505864,4.53827682498039,0,0,0
315,-361.551638715527,-0.084297030340581,-11.297010858765,4.05337212656339,0.000576820812315333,0.225901946310633,-361.517139326564,-0.112315469261782,-11.2619552442012,4.05543366523118,-0.00574774159221966,0.219840951457001,-200,0,0,0,0,0,0,1,-82.5090878699908,0.79940509774553,0.539815342702372,0,0,0
316,-357.536973613205,-0.0833213742875031,-11.0611638246476,3.97597014918408,0.00137449171674249,0.245832389252035,-357.517853551526,-0.100276020542511,-10.9201165028263,3.96156963581652,0.00344427030422458,0.270806885712165,-200,0,0,0,0,0,0,1,-81.1212564785995,-0.143874989337436,-5.24045556556383,0,0,0
317,-353.599997155371,-0.0820197077123772,-10.8082202970224,3.8979919389694,0.0012288424731241,0.260095178092341,-353.624201184002,0.0781368045674098,-10.8035870462889,3.89757020852785,-0.00905256718219281,0.260905350924118,-200,0,0,0,0,0,0,1,-82.5086184847815,0.748983109084462,-4.48336099983389,0,0,0
318,-349.741495815619,-0.0804172715695803,-10.540301407049,3.81902057286027,0.00197603113706492,0.275783567699661,-349.844195515106,-0.0713754104641978,-10.625788964465,3.80761858619633,0.0104173984446838,0.28880134989677,-200,0,0,0,0,0,0,1,-81.0734675894199,-0.898989023539986,-7.62855706074699,0,0,0
319,-345.961795417089,-0.0788916364094783,-10.2582941313983,3.74038839965395,0.00107524021070655,0.288271733772308,-345.863586402431,0.0560656850115176,-10.2200985568747,3.74621757241826,0.00714151247226545,0.290173480673341,-200,0,0,0,0,0,0,1,-82.8945844369651,-0.82628261724958,-8.57715095358464,0,0,0
320,-342.261720252094,-0.0782304638755495,-9.96381235653953,3.65977003981758,0.000247105894388706,0.300733513217377,-342.343633119994,-0.219706954236921,-9.91184662743434,3.68166640829454,0.00286304237302737,0.293718531560836,-200,0,0,0,0,0,0,1,-83.4793745894665,0.153109671171106,-9.54815990121491,0,0,0
321,-338.642679677228,-0.0779077414374477,-9.65710025048529,3.57831893451637,0.000398339888642608,0.312732763057942,-338.659840735753,-0.194022553011794,-9.51200892370455,3.58913248178454,-0.00328119132449437,0.335163046545117,-200,0,0,0,0,0,0,1,-81.593566706948,0.716164238473024,-14.4922868071026,0,0,0
322,-335.105027303129,-0.0771522674273237,-9.340908264764,3.49699106744292,0.00111260891992114,0.319693159645818,-335.038469313783,-0.0503800660204286,-9.36899058046842,3.5023674108388,0.0157689253421389,0.322395855288657,-200,0,0,0,0,0,0,1,-80.1598024563134,-1.47613240217303,-13.5016043679289,0,0,0
323,-331.64784354961,-0.0767786515716124,-9.01741102693034,3.41738198875853,-0.000365376564195475,0.327342358967112,-331.786530689891,0.00834421431549855,-8.99341861898748,3.43296092535884,0.00299298426678631,0.328535762099047,-200,0,0,0,0,0,0,1,-79.7230311561017,-0.315986855309628,-14.8667389719297,0,0,0
324,-328.270282154722,-0.0773029516224501,-8.68685755674747,3.33774571119634,-0.000683223658647145,0.333805587586068,-328.318271382772,0.0703858133265198,-8.68831387617293,3.32832505789946,-0.00559705164944681,0.318544366954505,-200,0,0,0,0,0,0,1,-76.1959630244022,0.418933538291642,-14.4778089431046,0,0,0
325,-324.970620011952,-0.0777775994096855,-8.35014426131236,3.26158313237239,-0.000266071285681849,0.339660227158166,-324.90089623561,-0.0445165123190694,-8.38953541159201,3.2451504052409,-0.001620396576257,0.345779267671996,-200,0,0,0,0,0,0,1,-74.7132480528689,0.251072682263839,-17.7988559440156,0,0,0
326,-321.746986032218,-0.0779190297121442,-8.00927321543124,3.18568764931077,-1.67883307919267E-05,0.342120905327317,-321.668166678984,-0.0348743195031607,-7.96394979643185,3.18632457148262,0.00150077827212262,0.346853408663645,-200,0,0,0,0,0,0,1,-75.2961237902948,-0.0803291882059406,-18.7574412735008,0,0,0
327,-318.599678681151,-0.0779768897873279,-7.6661727590084,3.10892960164575,-9.89310436507745E-05,0.344119423305075,-318.708741843608,-0.20944406269483,-7.75339934196497,3.10716221671618,0.00314112426680202,0.350968815635171,-200,0,0,0,0,0,0,1,-73.2987379844013,0.104775698709458,-19.5900828795872,0,0,0
328,-315.528330311164,-0.078024324008934,-7.32169348083444,3.03376902810918,4.06328022706806E-06,0.344877704592039,-315.56184754689,0.136640332219898,-7.3283050495178,3.04904235694633,0.00161201294816149,0.346943231698901,-200,0,0,0,0,0,0,1,-73.7805406008534,-0.434481959255945,-20.0377130708545,0,0,0
329,-312.532440630557,-0.0782384008138209,-6.97646593917421,2.95801217049719,-0.000432215585561467,0.345616192772657,-312.617647183865,-0.111545532071491,-6.96381708018119,2.95293359644254,0.00707350484082764,0.345930994329572,-200,0,0,0,0,0,0,1,-70.0580652765233,-0.484259419939783,-20.6654652725948,0,0,0
330,-309.610668475273,-0.0789136090745429,-6.63132882718827,2.88553311381656,-0.000918200906826934,0.344695164674302,-309.587604757904,-0.228977283441313,-6.53553160650698,2.8882563815996,0.00517111399774984,0.332690211678274,-200,0,0,0,0,0,0,1,-69.6504286441526,-0.0591568328923584,-20.1979579548135,0,0,0
331,-306.761099517258,-0.0798622451906432,-6.2868540072425,2.81360599431973,-0.00097906943623665,0.344291283635215,-306.681923846035,-0.177398308980477,-6.24185693991485,2.81720001769827,0.0137848367199607,0.344829906459181,-200,0,0,0,0,0,0,1,-68.3561540777579,-1.02368705403511,-21.9992767660884,0,0,0
332,-303.983165071293,-0.0813540117184203,-5.94374342986173,2.74226309773186,-0.00200446248999818,0.341966338900945,-304.075707648041,-0.0600648644265827,-5.97810410112916,2.75774692073783,-0.020426596759714,0.32973770178619,-200,0,0,0,0,0,0,1,-67.6232767777016,2.16278940482456,-21.0175619763606,0,0,0
333,-301.276056871794,-0.0822779194414907,-5.60251837731718,2.67195390120498,0.000156648149293917,0.340519672808069,-301.213651918673,-0.0605908837530932,-5.59809674836754,2.67656985932829,0.00376558879056385,0.341940337095733,-200,0,0,0,0,0,0,1,-65.2296820954826,-0.255377111550198,-22.9978402128382,0,0,0
334,-298.638486640914,-0.0822497860045754,-5.263981701075,2.6031858946764,-0.000100380989107301,0.336588772935366,-298.71227889679,-0.0610328143242375,-5.1952773469492,2.60131250467712,0.00422945748570215,0.347061409494204,-200,0,0,0,0,0,0,1,-62.706692674133,-0.30088011992174,-24.315586255522,0,0,0
335,-296.068740405266,-0.0825014149544218,-4.93033402975487,2.53630492907542,-0.000402875715939604,0.330740678404088,-296.217182407823,-0.035109661024801,-4.92086686284379,2.51509651976629,-0.0148373519791441,0.324246133324145,-200,0,0,0,0,0,0,1,-59.0752871609837,1.55395451996401,-22.582879606727,0,0,0
336,-293.563874954039,-0.0821280728710667,-4.60226784614805,2.47342455851867,0.0011495615978668,0.325423770255612,-293.575122377929,-0.0185828946756877,-4.59972909420085,2.47341794933529,0.0103818505589907,0.314271357803759,-200,0,0,0,0,0,0,1,-60.1915501776718,-1.00101926654769,-22.2276775919742,0,0,0
337,-291.12235220989,-0.081479789749934,-4.27905750959772,2.40961994018562,0.000147005838262721,0.321029393641982,-291.038523490417,-0.142697196339501,-4.1899952786732,2.40197822479895,-0.00055174175004826,0.334665597112512,-200,0,0,0,0,0,0,1,-58.1207754990607,0.340568567683828,-25.0865691539048,0,0,0
338,-288.744180743604,-0.0811632629381641,-3.96184916563113,2.34672038401608,0.000486047301845927,0.31341928908998,-288.813118890913,-0.153480053104922,-3.95967017714828,2.321549560877,-0.0137910896215576,0.300869309595314,-200,0,0,0,0,0,0,1,-54.5287183058731,1.6860690683656,-22.1675906052348,0,0,0
339,-286.426716932619,-0.0798348898229985,-3.6514357753219,2.28820540735471,0.00217070005986763,0.30743727817667,-286.426720782507,-0.111996282869265,-3.79222589173511,2.29857429097951,-0.00179126998422664,0.309852034754735,-200,0,0,0,0,0,0,1,-57.0039875329365,0.403119564161194,-23.4007516920033,0,0,0
340,-284.169150022527,-0.0774633723700333,-3.3470460017932,2.22692651377065,0.00257233630268019,0.30137337154106,-284.276440231178,-0.0404358557133466,-3.3803603716127,2.23618419396644,0.000962063885790369,0.29325216584946,-200,0,0,0,0,0,0,1,-55.0655389342886,-0.0153346771523437,-22.5644958417206,0,0,0
341,-281.971812865483,-0.0748994199010074,-3.04858578564303,2.16774600514431,0.0025555692320192,0.295577083665656,-282.069359772275,-0.00764604488601026,-3.14537049367183,2.16912326240298,0.0238640661796775,0.291563175340091,-200,0,0,0,0,0,0,1,-52.7736066957477,-2.37111452819573,-22.8655765466655,0,0,0
342,-279.832647168787,-0.0735301021689185,-2.75638590488035,2.11058310966914,0.000183067046764439,0.288851661339797,-280.054198979654,-0.108900891203093,-2.75672474209038,2.08441023772918,-0.00612576473184514,0.284554428022035,-200,0,0,0,0,0,0,1,-48.3326258136098,0.830378255590699,-22.9419933180227,0,0,0
343,-277.748595046649,-0.0729324937289316,-2.47166378728146,2.05751809208778,0.00101215041917544,0.280619501393339,-277.682544747685,-0.214503761404351,-2.30709751006252,2.05603590559031,-0.00616068513441623,0.282173653479066,-200,0,0,0,0,0,0,1,-50.2385010636607,1.04507603625033,-23.6031703277815,0,0,0
344,-275.718624965287,-0.0713984771101258,-2.19505538641799,2.0024191222052,0.00205588343066987,0.272625183741107,-275.582726332763,0.154698860010008,-2.03164459784982,2.00081546607695,0.00227292487933685,0.276708599201738,-200,0,0,0,0,0,0,1,-48.9160939421695,-0.536690207953702,-23.6075707244742,0,0,0
345,-273.743147513983,-0.0696115962215724,-1.92660024561952,1.94853265219449,0.00151787805406833,0.264312341966148,-274.015547930641,-0.0681633149071811,-2.0796716536209,1.95329002312563,0.0189480168250952,0.257402937975801,-200,0,0,0,0,0,0,1,-47.2979064512819,-1.75847505269516,-21.5809504903383,0,0,0
346,-271.820442949075,-0.0689735843312186,-1.66572775646308,1.89687404356492,-0.000241853720282518,0.257458745422728,-271.938742925051,-0.103401185071199,-1.68162061582154,1.8989747279365,-0.0111116718685742,0.249051808743325,-200,0,0,0,0,0,0,1,-46.0199869435478,1.31796955699982,-21.5419396426894,0,0,0
347,-269.948802415213,-0.0685570688983238,-1.41184600656541,1.84640443590608,0.00107488653858501,0.250330240454037,-269.815911033251,0.123940967413062,-1.36453627430848,1.8758520540919,0.009951950490763,0.247569309050584,-200,0,0,0,0,0,0,1,-47.9533833426883,-1.24307698390242,-22.0278583564414,0,0,0
348,-268.128627654413,-0.0681043594910975,-1.16488810275832,1.79394267477521,-0.000169466359348436,0.243611988592844,-268.093033897028,-0.039033284415841,-1.23844410594325,1.78793231593165,-0.000347490441547638,0.248168199645725,-200,0,0,0,0,0,0,1,-42.6071637991096,0.112815612986446,-22.339931752686,0,0,0
349,-266.358493013729,-0.0682180019193468,-0.925696439731195,1.74632314758359,-5.78176173792979E-05,0.234795346584273,-266.335246291154,-0.0299300089886914,-0.967973617683538,1.73403915250122,0.00311861114714929,0.236168903782751,-200,0,0,0,0,0,0,1,-40.7334226678145,-0.252001096737547,-21.680943142908,0,0,0
350,-264.634995855028,-0.0684023794357347,-0.695288139811413,1.70066772898858,-0.000310938150107685,0.226044265134726,-264.472823061407,-0.029461493813563,-0.770607039550362,1.69700065744557,-0.00472893990970203,0.214370340552525,-200,0,0,0,0,0,0,1,-40.7544196217438,0.531816978597329,-19.8958199761517,0,0,0
351,-262.956844615314,-0.0684479580501511,-0.472728542259433,1.65563217220798,0.000219780363734063,0.219097602242105,-262.965576461696,-0.044980484082201,-0.651861769734791,1.65084539527866,-0.00106654628124222,0.220149329608774,-200,0,0,0,0,0,0,1,-39.1533866044735,0.196615596288624,-20.7112094214078,0,0,0
352,-261.323143853427,-0.068130406012386,-0.25772264962684,1.61176616414243,0.000415321497191823,0.210936245186051,-261.242433258575,-0.174776108517026,0.0528620666193427,1.6128672704857,0.0091193872196174,0.212241920719706,-200,0,0,0,0,0,0,1,-38.8018605314209,-0.562386504927688,-21.3299162052092,0,0,0
353,-259.733270178298,-0.0679968137874412,-0.0511644303502776,1.56797770267642,-0.000148139484399854,0.202202182005104,-259.628064325609,-0.169389237460156,-0.00174105307680279,1.54692985779375,0.0043518391165528,0.214607221337334,-200,0,0,0,0,0,0,1,-35.4368571281563,-0.0964054367349678,-21.4572400275798,0,0,0
354,-258.185657265428,-0.0681936576745228,0.146040792788863,1.52724401999456,-0.000245549932027964,0.192228729882662,-258.076296886973,-0.0857848458236003,0.14896389232124,1.54056321359395,0.00480433382904052,0.185113363949699,-200,0,0,0,0,0,0,1,-37.9037275854502,-0.308863691256852,-18.8092641796124,0,0,0
355,-256.679441168563,-0.068594150945475,0.335022336369915,1.485185762625,-0.000555438909643735,0.185755433751087,-256.734390006493,-0.217621008961806,0.298692689940562,1.46802463465058,-0.00890616316204049,0.175720304766967,-200,0,0,0,0,0,0,1,-33.3336834520718,1.32585833412766,-18.1694158565778,0,0,0
356,-255.213051549072,-0.0684871202281244,0.517036514009996,1.44759056503405,0.000769498226576514,0.178291787829171,-255.350136410944,-0.113879649106878,0.549453795863414,1.4618535674122,0.0118518938943277,0.174205784582421,-200,0,0,0,0,0,0,1,-35.4850839193317,-0.957430091219013,-18.5194860499689,0,0,0
357,-253.785328730122,-0.0681968214602274,0.691884359115709,1.40785243874837,-0.000188902648711521,0.171423783608704,-253.90886475923,-0.0823825930125171,0.736809871036562,1.39373219414235,0.00455822212322122,0.172943601924063,-200,0,0,0,0,0,0,1,-31.5554898957759,-0.291057026297087,-18.7679799344794,0,0,0
358,-252.395577596973,-0.0685316974829022,0.859070793989184,1.37164640565467,-0.000480850541614723,0.16296721756029,-252.57020744987,-0.0651025014464612,0.885448460893301,1.34887037174089,-0.00462508334129884,0.145144541707987,-200,0,0,0,0,0,0,1,-29.7466222743484,0.592713337022806,-16.2853510925853,0,0,0
359,-251.040737547263,-0.0687166016137107,1.0186645711597,1.33803109771622,0.000111039870860748,0.156237175586704,-251.022704750598,-0.0445264308139077,1.08599126239189,1.33284593286172,0.00117343365954422,0.16017850667511,-200,0,0,0,0,0,0,1,-31.2391837849757,-0.028290504326607,-18.1898331922948,0,0,0
360,-249.720570990263,-0.0686201441714792,1.17097858419692,1.30229887644297,8.18721085434164E-05,0.148408693814199,-249.646127827712,-0.128180009540877,1.15403499415072,1.31794011301326,-0.0109706088770995,0.147877772649328,-200,0,0,0,0,0,0,1,-32.5017556459017,1.3534209067917,-17.0958472532343,0,0,0
361,-248.43652354977,-0.067862005671741,1.31626275989768,1.26579362906356,0.00143440224641857,0.142177849428662,-248.282608588258,0.0755508447392968,1.36163572263608,1.26262438993166,-0.0065684186340387,0.158942983243638,-200,0,0,0,0,0,0,1,-29.6972218166508,0.505740173925276,-18.617569769636,0,0,0
362,-247.187979354075,-0.0661751571200796,1.45413492753979,1.2312912266732,0.00193929255915302,0.133583673806031,-247.21348031971,-0.409550925214998,1.39014629987493,1.232948867724,-0.00164023047417742,0.139980902993142,-200,0,0,0,0,0,0,1,-28.8679261329802,0.983124897847738,-16.7783828990641,0,0,0
363,-245.973215127946,-0.0637447064283218,1.58415748197459,1.19823439927043,0.00292160715737548,0.126477894623686,-246.116591562962,-0.0331780188243994,1.74737511911217,1.20288155858521,0.0193308656558667,0.12906267970559,-200,0,0,0,0,0,0,1,-28.0549727325969,-1.86673052793787,-16.4010182087834,0,0,0
364,-244.791068443125,-0.0617568577645246,1.70714323965885,1.16605619934304,0.00105408800783629,0.11950962674056,-244.720167478602,0.0214538838712824,1.50450406900309,1.15802823357738,-0.0193594061451093,0.111597033388378,-200,0,0,0,0,0,0,1,-26.3624884005345,1.89303284676837,-14.168711476844,0,0,0
365,-243.639899988165,-0.059756615276225,1.82391719692039,1.13627865957832,0.00294639471999052,0.114053106710604,-243.853162998962,-0.0865288377246784,1.81709730782838,1.13109202337167,-0.0130390590912912,0.11896588645512,-200,0,0,0,0,0,0,1,-25.4028763392432,1.47696358457848,-15.5307832611688,0,0,0
366,-242.518332569915,-0.0560720993489275,1.93446626357174,1.10685337336169,0.00442263607510093,0.107059650737699,-242.648729313055,0.162963578541226,1.97999013451197,1.10628265852642,0.0176216958863486,0.0909977292871507,-200,0,0,0,0,0,0,1,-25.3308072265314,-2.08809674571731,-13.059753197739,0,0,0
367,-241.425691548923,-0.0526938560684196,2.03919290933652,1.0784269857394,0.00233384826659323,0.102407759154298,-241.394287123421,-0.148055766842347,2.09471424767748,1.07456598381096,0.0100552977289175,0.0954558645882062,-200,0,0,0,0,0,0,1,-24.6680241342542,-0.709418239207052,-13.7350149541756,0,0,0
368,-240.361305867715,-0.0507150582198764,2.13887090749118,1.05034230017167,0.00162374484747509,0.0969621666586609,-240.286070837343,-0.196104262048846,2.33350778643957,1.04216142981864,0.0100381219862031,0.0995029940291732,-200,0,0,0,0,0,0,1,-23.6440013071787,-0.611603674522622,-14.6173149757965,0,0,0
369,-239.324708639927,-0.0493974513365949,2.23254069410951,1.02284952616856,0.00101146700501619,0.0903910271368295,-239.3562222811,0.0743442293266103,2.17008370112351,1.01448762004172,0.00140331626618387,0.0995822692467331,-200,0,0,0,0,0,0,1,-22.7363174419723,-0.289020085271607,-14.2983943269203,0,0,0
370,-238.315131846648,-0.0485308185015594,2.31965196671234,0.996301436376215,0.000721795727317743,0.0838446626761276,-238.276187167654,-0.195395319893037,2.34541261526856,0.990882259900949,-0.00417550135183762,0.0850080206731035,-200,0,0,0,0,0,0,1,-22.5358516547874,0.808340774969837,-13.1916272978475,0,0,0
371,-237.331804345735,-0.0474051675719579,2.40072771203785,0.970351422167992,0.00152950281820438,0.0783196616919715,-237.432128832537,-0.109324709621156,2.42010689876846,0.978647452818678,-0.000389580543207591,0.0652730483879816,-200,0,0,0,0,0,0,1,-23.0004876167933,0.257607473563072,-11.3675186363351,0,0,0
372,-236.374293449631,-0.0457471708412461,2.47724768176172,0.944669149748954,0.00178648868585492,0.0747329613643674,-236.153648969358,0.028921712019523,2.44177366194538,0.945807939527926,0.00612700210595021,0.0776867366848904,-200,0,0,0,0,0,0,1,-22.2734960140759,-0.670543634634067,-12.6522209923798,0,0,0
373,-235.442383420265,-0.04429626357556,2.54948583800764,0.919149012073227,0.00111532337646967,0.0697559368591374,-235.220103001429,0.0451751383797289,2.49928208463461,0.927962796889247,0.00149960827012137,0.0666605962459708,-200,0,0,0,0,0,0,1,-22.3560736860676,-0.240311103771595,-11.6646237938663,0,0,0
374,-234.535844738042,-0.0433014007535115,2.61725554261254,0.893926933297574,0.000874400698553461,0.0657958923602946,-234.696057886743,0.0053794624837679,2.82334514765069,0.882335939482442,-0.0166199658956571,0.0658364342033064,-200,0,0,0,0,0,0,1,-18.8414781747579,1.65123766459818,-12.230333715632,0,0,0
375,-233.653025293619,-0.0416016513232294,2.68015549027541,0.871709657491968,0.00252509414668765,0.060014961426924,-233.699110545177,-0.0793833376532425,2.72584783429484,0.857474444840982,0.00801514626860413,0.0474809934173422,-200,0,0,0,0,0,0,1,-18.3492233937434,-0.642747951553927,-10.1997950103239,0,0,0
376,-232.791805943452,-0.0393981846633264,2.73814518960202,0.850727569155347,0.00188183672216423,0.0559747860062149,-232.920685249812,-0.0153981840029593,2.63785461608748,0.856639695004217,0.0081089782198068,0.0437828113842534,-200,0,0,0,0,0,0,1,-19.8225990007978,-0.780101453974761,-9.6539903706003,0,0,0
377,-231.952143561837,-0.0379066645168257,2.7926658852964,0.828596260485081,0.00110120126278966,0.0530774882121738,-231.930807415754,0.0514670298147547,2.79227579101332,0.836280456792741,-0.0128563366319994,0.0459508279850284,-200,0,0,0,0,0,0,1,-19.7664308477669,1.18269960357043,-10.1796343805295,0,0,0
378,-231.134692863247,-0.0362143808064933,2.8440692340247,0.806303984124496,0.00228336174261163,0.0497401497858079,-231.027234364134,0.00429963541073444,2.95020745461836,0.814485020206735,-0.01573481637582,0.0600173595753844,-200,0,0,0,0,0,0,1,-19.394033292406,1.56488236676053,-11.9021508667752,0,0,0
379,-230.339706306156,-0.0331488527769701,2.89130314391868,0.78366717349666,0.00384769218026179,0.044738758409197,-230.436354249797,-0.0192781801090644,2.87819420907019,0.789976883973369,-0.0109618938588252,0.0398132302652076,-200,0,0,0,0,0,0,1,-18.1249798977434,1.13474574610065,-9.73771144466115,0,0,0
380,-229.566351920911,-0.0287340360896129,2.93431237677312,0.763040374859944,0.0049819387300923,0.041289814803822,-229.568486535175,-0.151889508222593,2.95690886569271,0.773060946689032,0.00491684109467875,0.0164632225793536,-200,0,0,0,0,0,0,1,-18.1691215985524,-0.18790509302269,-7.56013998932077,0,0,0
381,-228.813217101429,-0.0238462856543516,2.97491151072613,0.743229025379845,0.00479355963388433,0.039918155323083,-228.917760647932,0.137515349970701,3.09565687909435,0.730994715422386,0.000431104353846292,0.0423337837402408,-200,0,0,0,0,0,0,1,-15.2639502463748,-0.318141135326032,-10.4246921322128,0,0,0
382,-228.079129449748,-0.0192120187210572,3.01227695608021,0.724944255204342,0.00447497142005474,0.0348216952477163,-228.013700744813,0.119301122504652,2.85367746766739,0.710072979004003,0.00697496261026868,0.0206918691307513,-200,0,0,0,0,0,0,1,-14.9798964107747,-0.936098506036172,-7.7765418484099,0,0,0
383,-227.362675681105,-0.0152053000815915,3.04573116757061,0.707962382594028,0.00353846359699167,0.0320950497785612,-227.398840458985,0.0524598204618529,3.05564757357976,0.709982913787404,-0.00385238586099197,0.0272257495639697,-200,0,0,0,0,0,0,1,-16.2006104607699,0.280318945175492,-8.83387010355648,0,0,0
384,-226.663976991332,-0.0115268993759938,3.0762421375771,0.689433886205882,0.00381833478517877,0.0289359357171244,-226.499913782538,-0.0591345945467331,3.10326690805657,0.685057635960502,0.0210479305137441,0.0280762829211415,-200,0,0,0,0,0,0,1,-15.505936030974,-1.98652386228095,-9.01416210822729,0,0,0
385,-225.983527688672,-0.0087020431621468,3.10339973069491,0.671463415940052,0.00183137566217459,0.0253880162123729,-225.935315862012,0.207151620367151,3.0343027719209,0.661821790888879,0.0275263420214058,0.0231724629186143,-200,0,0,0,0,0,0,1,-14.3115473648634,-3.16693744287488,-8.38585183570324,0,0,0
386,-225.320379724701,-0.00845433630447517,3.12708448688653,0.654831275167263,-0.00133596430683811,0.0219896114845639,-225.461264151648,0.158268653039292,3.13282934656588,0.648993120590701,-0.00729522401160381,0.0103168789994481,-200,0,0,0,0,0,0,1,-13.9767837557742,0.412985095081796,-7.29734659307657,0,0,0
387,-224.673495966734,-0.00958399829269009,3.14782653966759,0.638935430099305,-0.000923361618687839,0.0195022445276013,-224.892516901213,-0.00619901450968689,3.17201600402658,0.637013649281454,0.0024371191398565,0.00905487350454895,-200,0,0,0,0,0,0,1,-13.916331125719,-0.231313884966276,-7.24951935850806,0,0,0
388,-224.042473182,-0.0106232061127485,3.16611421429562,0.623109354510427,-0.00115505606620689,0.0170808095136682,-224.098601544102,0.0462605193976335,3.20122317535066,0.626064203940648,-0.0109921155129559,0.0215791786845478,-200,0,0,0,0,0,0,1,-14.40921730586,1.00669051250032,-8.5603642191561,0,0,0
389,-223.42776849462,-0.0112751191773019,3.18150301186196,0.606298777115228,-0.000148772236593644,0.0137049435338916,-223.372601484441,0.0428670166884904,3.14058415158087,0.625435683060068,-0.00826179215863996,0.00768493450039402,-200,0,0,0,0,0,0,1,-15.7983653371249,0.740445182487016,-7.04966175320115,0,0,0
390,-222.8302084983,-0.0110538766102264,3.1945119213927,0.588820909466105,0.000591255082146027,0.0123213353703631,-222.840985921765,0.0253183988181059,3.37766525964363,0.587405601376621,0.00927325295104749,0.00567953041185626,-200,0,0,0,0,0,0,1,-13.0585882941318,-0.977962092740961,-7.32328356047288,0,0,0
391,-222.248929926842,-0.0109517832726662,3.20548311137744,0.573735301143187,-0.000387070361550184,0.00962835861227399,-222.345855290405,-0.273252155740603,3.1403955534871,0.584041742780908,-0.000385241763612831,0.00543368427612841,-200,0,0,0,0,0,0,1,-13.7124636972812,0.585028487842489,-6.82415953458705,0,0,0
392,-221.68293740829,-0.0110465237560855,3.21414396916415,0.558249160281412,0.000197586973963808,0.00770084972503332,-221.574728954923,-0.0762666055728966,3.08089681922293,0.570798059776683,-0.0139839488611864,0.0140487646159457,-200,0,0,0,0,0,0,1,-13.9303480678214,1.55092809726443,-7.56667010004043,0,0,0
393,-221.132683190366,-0.0100736643643812,3.22060484842713,0.542258438680168,0.00174813041035633,0.00522863185318986,-221.062915028434,-0.0398506264411043,3.13357497541264,0.545137554867385,0.00837411650562168,0.0112013672147983,-200,0,0,0,0,0,0,1,-12.3879254298697,-0.757710397679959,-7.3872866723051,0,0,0
394,-220.597681298141,-0.00870456328910151,3.22438447786589,0.52774430366192,0.000990070050514215,0.00233763473758763,-220.512962358079,-0.145585195892547,2.98253925541579,0.508804668441209,0.00909868214026223,0.0194835383826949,-200,0,0,0,0,0,0,1,-9.85454212796216,-0.618697822241128,-7.91343234910108,0,0,0
395,-220.076147649654,-0.00802399280755504,3.22453697441554,0.51532125138692,0.000371069400450895,-0.00202663389056026,-220.00196839295,0.0893177563295763,3.24694783708735,0.495224930938743,-0.000435386256008055,0.0331919805793646,-200,0,0,0,0,0,0,1,-9.51855630797454,-0.135096887058347,-9.81309373211116,0,0,0
396,-219.567277463083,-0.00772063016590014,3.21940776579242,0.502416512346197,0.00023565398077689,-0.00822556137848435,-219.657488086114,-0.209060403991666,3.25941815504066,0.496953544531418,-0.00938144512654627,-7.7397503641408E-05,-200,0,0,0,0,0,0,1,-10.3803782809143,1.35626532063796,-6.51109655971717,0,0,0
397,-219.071036227378,-0.00680699101101941,3.20978086832738,0.490064950801845,0.00159162220247728,-0.011022282503289,-219.075274325393,0.129266735273513,3.17577167882545,0.476444560259514,0.00669323628404369,-0.0180438416560535,-200,0,0,0,0,0,0,1,-9.49390737516631,-0.927857098951395,-4.54715919204555,0,0,0
398,-218.586342109068,-0.00567942409851035,3.19808838130224,0.479322962101339,0.000663510261440193,-0.0123575063147932,-218.65163884747,0.230233957241048,3.10806181878552,0.480815921102938,0.00158351771377139,-0.0281950861415597,-200,0,0,0,0,0,0,1,-10.7783144153532,-0.618819685859236,-3.39661502341508,0,0,0
399,-218.112739475626,-0.00532545671570195,3.18586482714108,0.467882732354285,4.44224457299308E-05,-0.0120840968724835,-217.987565158446,0.101594384629002,3.16254166031197,0.468758102683667,-0.00664761556200808,-0.0184456960231362,-200,0,0,0,0,0,0,1,-10.9006799514756,0.461572786942804,-4.48051371831031,0,0,0
400,-217.650855058347,-0.00505038866640048,3.17346271590343,0.455886099581375,0.000505711515487157,-0.0127143681271266,-217.504803444715,-0.125936388623807,3.10592376576093,0.470146345535246,-0.0160736860938748,-0.0317455879160316,-200,0,0,0,0,0,0,1,-12.0050276640948,1.8592413866351,-3.0372887399187,0,0,0
401,-217.201171874913,-0.00361519952737541,3.16133290720004,0.443481105400941,0.00236466319695874,-0.0115393082340046,-217.15107586433,0.0676411269251095,3.1934845930743,0.440053317990179,-0.0073669494016083,-0.0161255066141386,-200,0,0,0,0,0,0,1,-9.70318007035746,0.601412686310611,-4.77441852473473,0,0,0
402,-216.763203279668,-0.000949959672519517,3.14912875248817,0.432455746773589,0.00296581390292681,-0.012863720270878,-216.69802160678,0.00876313993431468,3.11841959079433,0.430777276988626,0.0045425627455971,-0.00951829049595972,-200,0,0,0,0,0,0,1,-9.68168448530345,-0.471782554428339,-5.28501013199269,0,0,0
403,-216.336357216414,0.00177983009982201,3.13537930000918,0.421235830578881,0.00249376369707634,-0.0146298171891744,-216.288217755956,-0.0313391188236036,3.07445476415633,0.419096249513534,-0.00631333196683407,-0.0211917149539975,-200,0,0,0,0,0,0,1,-9.33318943944154,0.694011434330614,-4.02973803291292,0,0,0
404,-215.920313267155,0.00462047789981162,3.12037818132655,0.410851994062861,0.0031875298937003,-0.0153674551818378,-215.804145858496,0.0155681177866817,3.06475411685313,0.398161169550729,0.0116982790385372,-0.00726252263065601,-200,0,0,0,0,0,0,1,-8.20782523808047,-1.20096413942708,-5.40325597064066,0,0,0
405,-215.514428019638,0.00720740792465355,3.10379555837454,0.400917636011701,0.00198632777724351,-0.0177930418157717,-215.388642317479,0.145138733678888,2.92996582003716,0.398538573330834,0.0151497416677731,-0.0204429387062281,-200,0,0,0,0,0,0,1,-9.07657269812482,-1.80525163413509,-3.8156377694515,0,0,0
406,-215.118542967089,0.00829099234059973,3.08570426222109,0.390852456966763,0.000180838884331136,-0.0183847497933659,-215.200500200009,0.078074424409677,3.06086960718206,0.3843964755549,-0.0147137505045899,-0.00522744022381895,-200,0,0,0,0,0,0,1,-8.03864715547138,1.31522620163964,-5.59899519198223,0,0,0
407,-214.732624888251,0.00912932693951146,3.06600864205233,0.380982738044927,0.00149582832655161,-0.0210017891065543,-214.661858191335,-0.0570375619683939,3.18549000040925,0.379129214749358,0.00169224913330405,-0.0291746217558769,-200,0,0,0,0,0,0,1,-8.58920509226599,-0.0551497893936171,-3.45351782523082,0,0,0
408,-214.356379581429,0.0105974697577322,3.04479940784022,0.371507939200508,0.00144045590641792,-0.021412170511096,-214.249682898946,0.00811620697449902,3.17263579939797,0.373148334968005,-0.000965680403948574,-0.0342590478722816,-200,0,0,0,0,0,0,1,-8.81546769890848,0.0803356264458594,-2.91936681156777,0,0,0
409,-213.989599354637,0.0120779835397634,3.02348320791803,0.362052855833664,0.00152057053501436,-0.0212157357115076,-213.890399205849,-0.0241480167430905,3.01446305942073,0.362432989784352,-0.000796042894141114,-0.0270787236229882,-200,0,0,0,0,0,0,1,-8.4625005667378,0.127900322900292,-3.32105375654264,0,0,0
410,-213.632197642729,0.0136623961014272,3.00212044674852,0.352750680545656,0.00164825248431901,-0.0215053711350824,-213.856276145246,0.104535438712434,3.10767553707516,0.340992145523626,-0.00270514663151184,-0.00450188537801006,-200,0,0,0,0,0,0,1,-6.38666226187109,0.0614437857263168,-5.76516253634931,0,0,0
411,-213.283672126224,0.0153412695434231,2.97893548501759,0.344299035685037,0.00170949236852757,-0.02486054085056,-213.374055238862,-0.0370203102288937,3.14394888399007,0.339327059453807,0.00204012705501343,-0.0459104692767221,-200,0,0,0,0,0,0,1,-7.18459546765722,-0.129972085043556,-1.69685084030793,0,0,0
412,-212.943104119302,0.0169856908940354,2.95441956906395,0.336837540355232,0.00157934835067281,-0.0241677464020958,-212.841104649694,0.0416618346712409,3.01682057569688,0.315860094459024,-0.00541968752573494,-0.0238544142654874,-200,0,0,0,0,0,0,1,-5.9038001465146,0.458645083231012,-3.64819972484502,0,0,0
413,-212.60982894977,0.0187942786699938,2.92945201683262,0.329712294602058,0.00203782511831602,-0.0257639757143591,-212.676922008919,0.000795018154801808,2.91732717503807,0.33487922833648,0.00483741082193639,-0.0265931058900108,-200,0,0,0,0,0,0,1,-8.13407881581089,-0.485331118503243,-3.17534376107506,0,0,0
414,-212.284589998436,0.0205893344914301,2.90358562879996,0.3207657495788,0.00155228430480159,-0.0259645764968666,-212.336653163634,-0.109542704470094,2.87622208719902,0.313527134631714,0.00782050759090765,-0.0463431596492199,-200,0,0,0,0,0,0,1,-6.67940713590341,-0.562965350150577,-1.11812820947605,0,0,0
415,-211.967201538667,0.0218600599117421,2.87815310321193,0.314011893908735,0.000989164627959635,-0.0248972755806128,-212.017309785271,0.0912350425047203,2.72950569928889,0.302379637451662,0.00842114890615666,-0.026174587183674,-200,0,0,0,0,0,0,1,-6.20334417462514,-1.02458497562511,-2.84155268021038,0,0,0
416,-211.656716480918,0.0223368506578121,2.85291645758346,0.306958134829424,-3.55853048778409E-05,-0.0255726820191023,-211.801753310554,-0.065288102513772,2.99962790977721,0.28425460993921,0.00781529855338231,-0.0357477932388291,-200,0,0,0,0,0,0,1,-4.82195437281371,-0.650953650310687,-2.42447649567152,0,0,0
417,-211.352571823677,0.0219757243448571,2.82690819188627,0.301331000889705,-0.000686669766685339,-0.0264411827139453,-211.387148489308,0.0531450117870166,2.72027552489493,0.301859220165254,-0.0075793212074643,-0.0294845418103369,-200,0,0,0,0,0,0,1,-7.41162503790952,0.651642097172397,-2.49209686875616,0,0,0
418,-211.055239774979,0.0216147838936915,2.80056260553845,0.293333407233635,-3.52139304917559E-05,-0.0262462316501239,-210.906923825329,0.107184735764667,2.6865496723269,0.299188902057367,0.00100750986745814,-0.0164213883411699,-200,0,0,0,0,0,0,1,-8.10504255507866,-0.315120458275148,-3.73096051053681,0,0,0
419,-210.766483070434,0.0214219027365889,2.77401211936777,0.284179939890411,-0.00035055013452592,-0.0268504519012737,-210.911131171772,-0.0828669923806097,2.80877067683589,0.284008007874268,-0.00809239485114043,-0.0264377238126394,-200,0,0,0,0,0,0,1,-6.57853844388196,0.974973469875263,-2.97376897240783,0,0,0
420,-210.486028168976,0.0215587531153521,2.74688451861541,0.276729820735047,0.000624248870909541,-0.0274012582001069,-210.609704880004,-0.00493368675978982,2.64404978520309,0.289396626343194,0.00612510190463982,-0.0170098596426977,-200,0,0,0,0,0,0,1,-7.72025287431154,-0.602642816944402,-3.5871136061364,0,0,0
421,-210.213670759186,0.0218815786865927,2.71918529927488,0.267984935001305,2.14001476176336E-05,-0.0279930963570599,-210.163252564498,0.0736686502753827,2.90963451551317,0.269721538147321,0.00741795917940319,-0.0323824103942268,-200,0,0,0,0,0,0,1,-6.64564868573511,-0.889133218491085,-2.58102799160365,0,0,0
422,-209.949356783324,0.0214583274584239,2.69112884730576,0.260643165178725,-0.00086790423649883,-0.0281163768058905,-210.008597772304,-0.00310018652905098,2.6593353680915,0.265036269234021,0.000827141575054963,-0.0274468103724426,-200,0,0,0,0,0,0,1,-6.48643137879439,-0.0765137844473943,-2.57398969893873,0,0,0
423,-209.692310822908,0.0205520832150512,2.66292820537564,0.253448880659721,-0.000944585744292874,-0.0282815512142434,-209.636200270112,-0.0584415600445529,2.65118212831058,0.229944421723381,0.00161429149604278,-0.0174726823974579,-200,0,0,0,0,0,0,1,-3.72204163211322,-0.0445460295151726,-3.55509601687538,0,0,0
424,-209.441424877218,0.0195851649049123,2.63353219172522,0.24832218552092,-0.000989252944177508,-0.0305080756158028,-209.406498458634,-0.047784996953826,2.69545304713292,0.253314238635763,0.00402193267477086,-0.0368548355986958,-200,0,0,0,0,0,0,1,-6.51842694630818,-0.306623273569434,-1.70542253439625,0,0,0
425,-209.196527208471,0.0184425220779383,2.60335637418164,0.241473654799011,-0.00129603419786665,-0.0298403707591886,-209.116970460908,0.0180130983823591,2.48694286602512,0.248963045715244,-0.0248419111454352,-0.0457341827970024,-200,0,0,0,0,0,0,1,-6.66236364970863,2.4481649177788,-0.400467452350009,0,0,0
426,-208.958258051787,0.0183704984828032,2.57447680765202,0.23506573727263,0.00115198536249102,-0.0279157792287189,-208.766365594545,-0.00152408393173039,2.55413701267845,0.242974621793001,0.00559634262287522,-0.0515885447040468,-200,0,0,0,0,0,0,1,-6.76473099021094,-0.556586094424061,0.0505804450477738,0,0,0
427,-208.726341502567,0.0192441205672299,2.54775610403491,0.228768648467055,0.000595257160048247,-0.0255227015324379,-208.61947236852,0.215278154954493,2.36618112199171,0.226237733836737,-0.0016176388001274,-0.0149033577764869,-200,0,0,0,0,0,0,1,-5.38482864663465,-0.268792429896246,-3.24202646633472,0,0,0
428,-208.500814974027,0.0197049060245341,2.52165484690238,0.222284065521264,0.00032631223514733,-0.0266768048408137,-208.312383603907,-0.00940445918508332,2.55169092060731,0.222637870451946,0.018131112171828,-0.0159430996426402,-200,0,0,0,0,0,0,1,-5.63901983738055,-1.79430229881263,-3.50907187695061,0,0,0
429,-208.281946695,0.0191339876399571,2.49434391182542,0.215452097883688,-0.00146815112104387,-0.0279419018225656,-208.047099383557,-0.0110402488619729,2.26768413050373,0.217498902292161,-0.00207999451576624,-0.0329133152907308,-200,0,0,0,0,0,0,1,-5.65569146210151,0.230079949300569,-1.24403673193437,0,0,0
430,-208.069423500583,0.017780811188651,2.46679933640073,0.20959483788666,-0.00123820541236492,-0.027144539406803,-208.016490048335,0.191045925091732,2.38318508256155,0.206419726345643,0.00524566014903449,-0.0340446895098909,-200,0,0,0,0,0,0,1,-4.60899253789417,-0.906657865086912,-1.36190121413402,0,0,0
431,-207.862311389117,0.0160892210123476,2.43977783931275,0.204629676368362,-0.00214497684807665,-0.0268961569458778,-207.858633637747,-0.181618485172854,2.45496313689159,0.19736957082624,-0.0132585684938934,-0.0101483782576187,-200,0,0,0,0,0,0,1,-4.01968980712905,1.68909381973504,-3.89508844802131,0,0,0
432,-207.660455245417,0.0147887261804181,2.4117443299099,0.199081749271792,-0.000456014557127794,-0.0291683015219682,-208.017834447373,0.00431059685673633,2.41674589620383,0.201291648933746,0.00532272356740537,-0.022682695176223,-200,0,0,0,0,0,0,1,-4.09349599862948,-0.540893550454009,-2.56522227478536,0,0,0
433,-207.463890114604,0.0140622075041583,2.38205968908612,0.19404821707909,-0.00099702524032107,-0.0301986595560503,-207.473496646384,0.0638941289001419,2.44701653350126,0.183018059872401,-0.00474483013045183,-0.0228880277746448,-200,0,0,0,0,0,0,1,-3.35481269447305,0.346694755244899,-2.60523028953805,0,0,0
434,-207.272036732145,0.0132384796828378,2.35117086270385,0.189658092223181,-0.000650432517904958,-0.0315769692749067,-207.103787439021,0.138045689373298,2.39031079101063,0.182596771245609,-0.000684404834114078,-0.0332379608949269,-200,0,0,0,0,0,0,1,-4.05210224651851,-0.207650895335189,-1.45682549252857,0,0,0
435,-207.084634005617,0.0124841716811517,2.31957895060981,0.185147520568565,-0.000858186379580637,-0.0316047789693389,-207.104763645238,-0.00668639011845401,2.23865756836693,0.193060491537492,-0.0123954194859457,-0.0365116479664229,-200,0,0,0,0,0,0,1,-5.096521863274,1.25291472883147,-0.826150340091562,0,0,0
436,-206.90207015361,0.0122523855061166,2.28847932629064,0.179980813494566,0.000394610914414527,-0.030592101090578,-206.970812577269,-0.0821550479993171,2.2934768519873,0.181323024086321,0.0181569715155126,-0.0429873512910985,-200,0,0,0,0,0,0,1,-4.19067725409433,-1.65138705555262,-0.288218574864744,0,0,0
437,-206.724145870479,0.011821257991674,2.25843978564741,0.175868421300937,-0.00125686800288251,-0.0294850923165494,-206.711370034558,-0.0620226370182844,2.21678709951538,0.172050916982846,0.0057592145150369,-0.040790048412085,-200,0,0,0,0,0,0,1,-3.78235162916902,-0.451876177467121,-0.354569357822262,0,0,0
438,-206.550163809841,0.0103384109922718,2.22939251602312,0.172096262638742,-0.00170882822758881,-0.0286077173099212,-206.455498050531,0.142495235107516,2.05845535535991,0.166982578891014,0.0104387745205454,-0.0295223291098733,-200,0,0,0,0,0,0,1,-3.78726178803896,-1.32886792226957,-1.16467779973248,0,0,0
439,-206.38013465053,0.00796510280557991,2.20086616328342,0.167962290212456,-0.00303779002369811,-0.0284430981179609,-206.298061188295,0.0111251908099204,2.15810813340897,0.171919048436831,-0.0162333521111233,-0.0212927481975088,-200,0,0,0,0,0,0,1,-4.59578246709344,1.60108482949249,-2.18694144706706,0,0,0
440,-206.21482851984,0.00572779409892454,2.17223277892837,0.162649957948238,-0.00143682838947442,-0.0288212485202427,-206.138912556962,0.253859555664566,1.96467386477403,0.167082233345888,-0.00686743883530938,-0.0282324683411,-200,0,0,0,0,0,0,1,-4.43039822066541,0.179024772201805,-1.10610089543807,0,0,0
441,-206.054519414461,0.00438042717329386,2.14367512439969,0.15796864887414,-0.00125791035434174,-0.0282919284121251,-206.183072614591,-0.0235213197229441,2.15966812746404,0.146064996889048,0.00681105211523011,-0.00747371579408406,-200,0,0,0,0,0,0,1,-2.24035445972216,-0.634062572077123,-3.57196467551967,0,0,0
442,-205.898462715813,0.00280544276512974,2.1140606282912,0.154143705317319,-0.00189206304273617,-0.0309353205010135,-205.891457556383,-0.0225226916750437,2.22569721472656,0.161320856362433,0.0052107738112688,-0.0101713846201937,-200,0,0,0,0,0,0,1,-4.34917052347753,-0.476031997776793,-3.43425596743375,0,0,0
443,-205.747145797376,0.000675301472389298,2.08234211385251,0.148489574509856,-0.00236822799305008,-0.032499141580818,-205.818826132581,-0.158556550505878,2.116979245059,0.129485156905876,0.00838835356541122,-0.0288846865202939,-200,0,0,0,0,0,0,1,-1.31086342542638,-0.521722255529365,-1.3454898380886,0,0,0
444,-205.599658329462,-0.00195380722239708,2.04931854012046,0.14648503666885,-0.00288999404159018,-0.0335470898120482,-205.595034876667,-0.0613533295237004,1.96752076199389,0.140114018778693,0.0024975106894093,-0.0216969461827276,-200,0,0,0,0,0,0,1,-2.8213321245344,-0.12704440989353,-1.76534690571502,0,0,0
445,-205.454945318834,-0.00490736062513388,2.01540198981889,0.142940800782455,-0.0030171191499164,-0.0342844051832721,-205.446652117243,0.0353722629825119,2.08668847130078,0.125315271216796,-0.00868790500899679,-0.0567991457430617,-200,0,0,0,0,0,0,1,-1.63822288719383,0.798045974934655,1.50653763170462,0,0,0
446,-205.312511819071,-0.00752546248857292,1.98194680245438,0.141927093824127,-0.00221908966312583,-0.0326255078517897,-205.422872857404,0.144939913985755,2.08535975557275,0.154269512607098,0.00379324884881118,-0.0204579089658188,-200,0,0,0,0,0,0,1,-4.58120554590099,-0.669204712852629,-2.12492861456362,0,0,0
447,-205.173222020511,-0.0100792125393445,1.94919598582422,0.136652538667706,-0.00288841651754044,-0.0328737415720316,-205.000946222778,-0.147953331090386,1.86102392582834,0.139782623741529,0.00758800033687282,-0.0244808914662333,-200,0,0,0,0,0,0,1,-3.97636992859767,-0.46289337150651,-1.27395870503335,0,0,0
448,-205.038744529109,-0.0131991222761779,1.91644680841197,0.132302701628262,-0.00335140905536791,-0.0326226498595444,-204.941222077819,-0.0672517640333085,1.76742617188113,0.130591281787681,-0.00955282724937496,-0.0486867998477071,-200,0,0,0,0,0,0,1,-3.17668402313011,1.08978625300411,1.33382764100846,0,0,0
449,-204.90766895388,-0.0160056604874979,1.88493587773921,0.129849590817917,-0.00226167381683532,-0.0303981066525088,-204.885402280236,-0.000663711384536244,1.98124220767167,0.123023101339513,-0.00401416996468811,-0.0245618954593389,-200,0,0,0,0,0,0,1,-2.53150557347967,0.402744419237883,-1.50629486940945,0,0,0
450,-204.779400076351,-0.0180659946722717,1.85424101108579,0.126688039278493,-0.00185900087195612,-0.0309902033765397,-204.804566683744,-0.0380961195013228,1.88286658169988,0.117623398114426,-0.00221502212249551,-0.0389700958097167,-200,0,0,0,0,0,0,1,-2.1532064439545,0.297694451252197,0.131276417571916,0,0,0
451,-204.653752404429,-0.0197761672285433,1.82360159873371,0.124607760034996,-0.00156135027129314,-0.0302876851552087,-204.625067060655,-0.0297464514544615,1.77217430949789,0.133001073437994,-0.0104101072011139,-0.0239200485584388,-200,0,0,0,0,0,0,1,-4.04997322248991,1.10050362302031,-1.1523437631519,0,0,0
452,-204.531320275806,-0.0207873135091609,1.79352805671507,0.12025682450825,-0.000460945910926292,-0.0298574453308148,-204.483277998763,-0.125623727258924,1.74610511517533,0.119799832125926,0.000347708162780807,-0.0442344034574516,-200,0,0,0,0,0,0,1,-3.01342721506667,0.216476638239767,0.9312301153945,0,0,0
453,-204.412301592048,-0.0211400456007504,1.76458120455061,0.117781493762611,-0.000244521673718784,-0.0280351476039884,-204.494498069756,-0.0701508640199034,1.86173797068848,0.102806536883481,-0.0198804685581034,-0.0292268878343102,-200,0,0,0,0,0,0,1,-1.29165754883559,2.12834858385014,-0.800787157945939,0,0,0
454,-204.295385486639,-0.0203204086321671,1.73629625693222,0.116050632050163,0.00188379005645627,-0.028533972264759,-204.382525542176,0.0351991795390752,1.65100219763121,0.109885544512587,0.00136892941000597,-0.0266242968687883,-200,0,0,0,0,0,0,1,-2.22350336690681,-0.207291300078747,-0.639574708383595,0,0,0
455,-204.180577802824,-0.0185402882494899,1.70779978757635,0.113564904912006,0.00167644417709401,-0.0284578541067053,-204.228340418503,0.039825788687688,1.56113806961864,0.128643383970042,-0.00232386775612673,-0.0165269923714553,-200,0,0,0,0,0,0,1,-4.40765755999739,0.152735198237297,-1.46957690209174,0,0,0
456,-204.069416131043,-0.0167875291036226,1.67951483720684,0.108758726540206,0.00182906876200179,-0.0281098981723651,-203.939437770443,-0.0415180555064507,1.62715461864343,0.111252350309238,0.00581268793171966,-0.0336735166633917,-200,0,0,0,0,0,0,1,-3.24635949003811,-0.498232682159065,0.113042429052308,0,0,0
457,-203.962180482604,-0.0152076075233934,1.65202038379814,0.105713250113123,0.00133076894935886,-0.0268776500952339,-204.070486472587,0.0691259586006185,1.66706622682787,0.0922362664108189,0.0110293481717276,-0.0239925307115457,-200,0,0,0,0,0,0,1,-1.08265369590876,-1.241186734374,-0.934879382501167,0,0,0
458,-203.857268910437,-0.0144974462993402,1.6247991975009,0.104109715850394,8.95481614311792E-05,-0.0275640094638579,-203.80795546062,-0.0451383110089894,1.78323502590563,0.118855413953461,-0.00759699797439358,-0.0164418410200094,-200,0,0,0,0,0,0,1,-4.26963047410605,0.849976419457337,-1.92228594981033,0,0,0
459,-203.755603091727,-0.0139829644227902,1.59719027103641,0.0992220091208568,0.000939411440873481,-0.0276516671397285,-203.723604954238,-0.0438610195439554,1.47880702734642,0.0823408325589134,-0.00681263735551506,-0.0108261655201268,-200,0,0,0,0,0,0,1,-0.786873347416085,0.768985774639416,-1.87499750268017,0,0,0
460,-203.657269207805,-0.0126590769658629,1.56871703582397,0.0974451526223017,0.00170835811914372,-0.0292940168637514,-203.590807355714,-0.171452338845101,1.50184700399432,0.0990170313205889,0.00167331082054483,-0.025808768300928,-200,0,0,0,0,0,0,1,-2.72008842063011,0.175573595635719,-0.422817177895834,0,0,0
461,-203.561235091227,-0.0108629605620946,1.539694678555,0.0946234481943342,0.0018838692549256,-0.0287494487201085,-203.550358058503,0.0607818848373047,1.34479573902939,0.105012254134784,0.00277046983266791,-0.0297887892638257,-200,0,0,0,0,0,0,1,-3.40050929647146,-0.398610752941401,0.289287448323791,0,0,0
462,-203.468158071934,-0.0091784285737414,1.51169379933077,0.0915313806201642,0.00148519023050228,-0.0272509389595696,-203.477240606235,0.0319131953906619,1.63414311241849,0.0879431422032504,0.00351717784344143,-0.0294760199398801,-200,0,0,0,0,0,0,1,-1.83983300785578,-0.415544175125466,-0.320684230848974,0,0,0
463,-203.377621122965,-0.00790102835631866,1.48456319548159,0.0895427471704535,0.00106960339784862,-0.027009392345027,-203.297921356704,0.246300549448004,1.50283593269903,0.0710905135351994,-0.0269168737918647,-0.0132027322878426,-200,0,0,0,0,0,0,1,-0.513208640112461,2.19908628029046,-1.68539863661381,0,0,0
464,-203.288802145493,-0.00573189352058909,1.45676424621941,0.0880946275763261,0.00326865863387552,-0.0285878690786465,-203.296137415185,-0.185582035867305,1.37519057848089,0.0852047166418757,0.0161566350404843,-0.0450758035701948,-200,0,0,0,0,0,0,1,-1.92819683381842,-1.24449943231382,1.75719920005771,0,0,0
465,-203.201257420277,-0.00308549077266296,1.42924145631176,0.0869958886668365,0.00202413959950316,-0.0264572313097123,-203.214008058349,0.20069053573718,1.50510070730552,0.0919559762352542,0.00339862270966971,-0.0207608696339884,-200,0,0,0,0,0,0,1,-2.76758150682695,-0.741243342441331,-0.9341144512122,0,0,0
466,-203.115807229771,-0.00143200482861817,1.40285627239781,0.083904676548649,0.00128282666273319,-0.0263117749336295,-203.253550860095,0.0115912975404577,1.42258984961919,0.0759359912192382,-0.0106641110964458,-0.0327286855230188,-200,0,0,0,0,0,0,1,-1.08649740173467,1.04322851456367,0.427688853063505,0,0,0
467,-203.032386418454,0.000372430720193114,1.37682983899466,0.0829373198183662,0.00232603738915481,-0.0257406681056604,-203.149138377968,0.00148750599728115,1.47827449374633,0.100062849121713,0.00212930435558893,-0.0163944456650882,-200,0,0,0,0,0,0,1,-3.70800815623574,-0.215905447553455,-1.31710442098384,0,0,0
468,-202.9514984836,0.00259047162329937,1.35121836943832,0.0788387840904691,0.00211003791050153,-0.0254804663266301,-202.87868689813,0.0675566994247923,1.35395003708799,0.0860969047089422,0.00494216452571561,-0.0211514309355337,-200,0,0,0,0,0,0,1,-2.85231667463323,-0.629329851421146,-0.592756980622613,0,0,0
469,-202.87416066985,0.00438581400770584,1.32599181488008,0.0758371828236646,0.00148064077541028,-0.0249713271107218,-202.892253396233,-0.149106873174538,1.57234055257108,0.0729598735810202,0.00701341133866163,-0.0161811850548424,-200,0,0,0,0,0,0,1,-1.51148056563595,-0.403127387517088,-1.52656259965793,0,0,0
470,-202.79945082451,0.00566486863602902,1.30055128589147,0.0735822097089042,0.00107746318393306,-0.0259087447183815,-202.841479090109,-0.117700360826099,1.42184869681256,0.0858266996917796,-0.00595809758552307,-0.02507068107641,-200,0,0,0,0,0,0,1,-2.89971178895898,0.831210480204505,-0.33662928598413,0,0,0
471,-202.727329510403,0.00715790709625218,1.27502783912318,0.0706608723053219,0.00190860844767414,-0.0251368732935733,-202.626689080555,0.130700613407239,1.0640485909014,0.0608515042322074,-0.0199203900336115,-0.00537708921642844,-200,0,0,0,0,0,0,1,-0.831772262110635,1.73063777654668,-1.59038826015996,0,0,0
472,-202.657511563426,0.00993181859949317,1.24923997193056,0.0689745607249196,0.00363920959419846,-0.0264381315725506,-202.663838790811,-0.115140293598193,1.29781130830631,0.0662118437845593,-0.000302396448845014,-0.0311360799899819,-200,0,0,0,0,0,0,1,-1.29350679683436,0.260520232080887,0.517985382385566,0,0,0
473,-202.589087298918,0.0137012795857279,1.22319138831484,0.0678744288760864,0.00389970875132897,-0.0256585570423965,-202.700210175687,-0.107018338554003,1.19378430855487,0.0748572070976786,0.00998464939296178,-0.0382951155296723,-200,0,0,0,0,0,0,1,-2.0853003583947,-0.784428262188173,1.44194293585748,0,0,0
474,-202.521892262235,0.0172087642000732,1.19851805002135,0.0665166225905776,0.00311525379273803,-0.0236875342932999,-202.486364656721,-0.0714425123725841,1.07751641769652,0.0576376950129374,-0.010628539160841,-0.0290565645210254,-200,0,0,0,0,0,0,1,-0.791040187851891,1.20573894082927,0.750623616709492,0,0,0
475,-202.455645814785,0.0209268868914506,1.17520661416448,0.0659767106399733,0.00432098505161177,-0.0229351151620727,-202.501108688892,0.00998189375199096,1.23917173154693,0.0573633914233424,0.0040388875943433,-0.0292467443801065,-200,0,0,0,0,0,0,1,-0.73412176454995,-0.423852546938312,0.4463309749168,0,0,0
476,-202.389985048422,0.0250359436941353,1.15250083088553,0.0653451314636977,0.00389712237066196,-0.0224761871201763,-202.381510417878,-0.020403098239007,1.029637990808,0.0588560988424155,0.0233313408964252,-0.0107632562406224,-200,0,0,0,0,0,0,1,-1.12258904848603,-2.29232789316451,-0.982950357553756,0,0,0
477,-202.325465320556,0.0277868870983911,1.12971819120793,0.0636941650806703,0.00160475900014226,-0.0230883796588516,-202.44079726978,0.25950119838806,1.26599681069986,0.0773483911959329,0.00169101693891044,-0.028160751000328,-200,0,0,0,0,0,0,1,-2.85324458003396,-0.688104090667164,0.284081478633074,0,0,0
478,-202.263056708887,0.0290475683521562,1.10729444235561,0.0611237490654604,0.000916598126711127,-0.0217580050126961,-202.101812126122,0.116806999652565,1.13316794696984,0.0367768562495916,0.00964918065919612,-0.0240593125013668,-200,0,0,0,0,0,1,1,0.52593862728549,-1.19853206522474,0.139595356196998,0,0,0
479,-202.201765508324,0.0293649094127908,1.08533565051287,0.0614585828738313,-0.000281921167310259,-0.0221597388327943,-202.234066658472,0.0908787082908923,1.24335524796457,0.0593027356533726,0.0105247342571945,-0.023874673673717,-200,0,0,0,0,0,1,1,-1.46214024839254,-1.23423084230123,-0.0992431285574296,0,0,0
480,-202.141070158289,0.0284658594914582,1.06334423382035,0.0599323685455533,-0.00151618404417977,-0.0218224433863429,-202.322427120199,0.00872526212246032,1.11735205040222,0.0694342438797789,-0.00913519863218788,-0.0363610609995031,-200,0,0,0,0,0,1,1,-2.29857014757984,0.896069338973868,1.40140199914587,0,0,0
481,-202.081908854058,0.0273976972301282,1.04255103627877,0.0583912438814936,-0.000620146386148126,-0.0197632897521415,-202.164622023949,-0.158715903983644,1.19790339676198,0.0512148089314648,-0.0097923021623097,-0.0254362230295679,-200,0,0,0,0,0,1,1,-0.792236845248381,1.29666202419826,0.147815509432832,0,0,0
482,-202.023924653788,0.027425877539676,1.02290804275329,0.0575773665479047,0.000676500692855803,-0.0195223534781661,-201.952489879162,0.137550919951691,1.04680687045751,0.0587334439458049,0.00294706454262039,-0.0151965028649487,-200,0,0,0,0,0,1,1,-1.96836463625663,-0.56980829416542,-0.573963454420151,0,0,0
483,-201.967442785902,0.0278174532487371,1.00347242346163,0.0553865478415244,0.00010664398135858,-0.0193479429568802,-201.973361706468,0.0142362334650344,0.866659451073821,0.0722068767873006,-0.00592037998435969,-0.000965643177934315,-200,0,0,0,0,0,1,1,-3.27396426579364,0.563565531505901,-1.63675458435421,0,0,0
484,-201.913979039555,0.0282058392942514,0.984061608634878,0.0515409951317538,0.000670120811177366,-0.0194720243979696,-201.791504434342,0.0236168580325982,1.06730543296649,0.0474860543481494,-0.00453991305487752,-0.0206514775865397,-200,0,0,0,0,0,1,1,-1.16559656613193,0.406757589422555,-0.0694631072790068,0,0,0
485,-201.863059502058,0.029079328765692,0.964711396432245,0.0502982865644464,0.00107685297690813,-0.0192278742290287,-201.848949039862,-0.114412617247872,0.649657557506716,0.0517800550494278,-0.00316229549759813,-0.0354865896768529,-200,0,0,0,0,0,1,1,-1.48010742521874,0.545054784255557,2.24934385267185,0,0,0
486,-201.812961071496,0.0304287098817072,0.946698573241288,0.0498997311407406,0.00162190351727644,-0.0167976120333487,-201.806857702089,0.0353617077048141,0.840656530743979,0.0520887909967741,0.0126599957587331,-0.00555588285046516,-200,0,0,0,0,0,1,1,-1.59516369549925,-1.33672299128294,-1.12572477644144,0,0,0
487,-201.764122678069,0.0313822308767425,0.929666351775446,0.0477769508073571,0.000285133369583341,-0.017265924844616,-201.721700639422,0.0782925669265302,0.914297245848738,0.0391577492656505,-0.0077188444880428,-0.0197996741539773,-200,0,0,0,0,0,1,1,-0.47237364772137,0.61529931495122,0.151372923700251,0,0,0
488,-201.716607260967,0.0319750130020545,0.912456087584099,0.0472540299342677,0.000900424532033815,-0.0171543914248867,-201.686518484351,0.0259416953139534,0.766739973968263,0.0575531821654598,-0.00641565299817725,-0.00626855400647716,-200,0,0,0,0,0,1,1,-2.38228124784322,0.589681909189818,-0.906624547288809,0,0,0
489,-201.670706011967,0.0331702510372424,0.895357567422127,0.0445486151723285,0.00149004530963875,-0.0170414902906833,-201.605753688755,0.00823220967560685,1.09760848314849,0.0481953851475208,0.00444979445863717,-0.0159222610490866,-200,0,0,0,0,0,1,1,-1.60803113724256,-0.461443865214931,-0.602990861388321,0,0,0
490,-201.627097547172,0.034429556190178,0.878320441793717,0.0426684150080202,0.00102856028983127,-0.0170319619129067,-201.659041474959,0.0128955767345187,0.828800927762183,0.0485033050188758,-0.00294851022903823,-0.0211038884085975,-200,0,0,0,0,0,1,1,-1.53224755196924,0.269059869434786,0.452786985335387,0,0,0
491,-201.585079451468,0.0355926362637685,0.861738267893197,0.0413682594186141,0.00129759326593881,-0.0161318404394817,-201.474504683866,0.0962904048444553,0.863667481287476,0.0394948027275894,-0.0154365031865616,-0.0326039369004708,-200,0,0,0,0,0,1,1,-1.00047090502762,1.35106950896725,1.53305872747213,0,0,0
492,-201.543864997059,0.0375657665168039,0.846400411783797,0.0410614300701154,0.00264866005987067,-0.0145437541719372,-201.670804609478,0.150792388572326,0.701728361055059,0.0249736899921233,0.00644575968705116,-0.021720490486,-200,0,0,0,0,0,1,1,0.844240219743298,-0.946160745849768,0.768592326489886,0,0,0
493,-201.502335787789,0.0397413622792876,0.831867789553947,0.0419970903722434,0.0017025263439668,-0.0145219071028614,-201.366442880409,0.17818089677724,0.852902979494563,0.0476663178990125,0.00291972034918415,-0.0254542861869784,-200,0,0,0,0,0,1,1,-2.03374602908345,-0.648333828472894,0.839622659708712,0,0,0
494,-201.461109296297,0.0411197085885684,0.818088995737102,0.0404566258792454,0.00105415967976262,-0.0130350299639961,-201.567952327063,0.112906882795392,0.752943254957997,0.0421555044157349,0.00654237273826368,0.00523903416298916,-200,0,0,0,0,0,1,1,-1.07964578744735,-0.880051039417152,-2.02978992621491,0,0,0
495,-201.42170609522,0.04173382050208,0.804314202875098,0.0383492344185191,0.000174061511811478,-0.014513662288429,-201.270008279494,0.114982338253203,0.82333244901593,0.0408470717549032,0.00199956143671402,-0.0133480892670658,-200,0,0,0,0,0,1,1,-1.54469061650319,-0.429920820177809,-0.311855971325282,0,0,0
496,-201.384194212411,0.0416929067555965,0.789926301787703,0.0366747318398333,-0.00025589563139945,-0.0142614340522035,-201.335412195183,-0.0967988357114853,0.827542619474633,0.0315533770099051,0.00137877309164462,-0.00840126014527516,-200,0,0,0,0,0,1,1,-0.484513310624657,0.0557203622585089,-0.814959224421749,0,0,0
497,-201.348017546165,0.041464864505952,0.775313622299964,0.0356783904243451,-0.000200195268532392,-0.0149635118152369,-201.463437097702,0.00198257267582959,0.785549624796969,0.0269024603652015,0.0105542323506259,-0.0117929532337584,-200,0,0,0,0,0,1,1,0.236628158883246,-1.05938838041425,-0.391803926218099,0,0,0
498,-201.312419838834,0.0407349791468042,0.760007382622341,0.0355168209121834,-0.00125958335550438,-0.0156489122065825,-201.174970170958,-0.0295156467902564,0.918426423575561,0.031650209481495,-0.0100044009937194,-0.0115211648062684,-200,0,0,0,0,0,1,1,-0.815080606232924,1.05947139295245,-0.684736366524282,0,0,0
499,-201.277514240464,0.0400051218596654,0.744146966248888,0.0342942846740544,-0.000200137369593171,-0.0160714158715391,-201.30411251125,0.0228099798556799,0.752810640542003,0.0581744688254442,-0.00806874522869982,-0.00648823749506195,-200,0,0,0,0,0,1,1,-3.20922186004363,0.761254563158622,-0.85679753157781,0,0,0
500,-201.244915641489,0.0401855754666743,0.728380253140906,0.0309032648121151,0.000561039210509294,-0.0154605721169691,-201.108979940344,0.209023733234365,0.819180372794026,0.00836691812924542,0.00202966791501025,-0.00905976804481117,-200,0,0,0,0,0,1,1,1.38126806776272,-0.621014257969756,-0.732383941106935,0,0,0
501,-201.213679690632,0.0404361209230884,0.71215069631649,0.0315680688771494,-5.99546916639284E-05,-0.016998842224923,-201.124380291929,-0.0344114533127779,0.824268676081481,0.0224069726209464,-0.00320025537660519,-0.0236746305941572,-200,0,0,0,0,0,1,1,0.00806332176395319,0.388848444286075,0.718925707252756,0,0,0
502,-201.182019169822,0.0405705981748184,0.695352077224027,0.0317532341000076,0.000328902547635713,-0.0165984928663903,-201.175826736785,0.0154886602608305,0.608970278915644,0.0309140438089026,0.00701609375427543,-0.0125361781865727,-200,0,0,0,0,0,1,1,-0.739750907320742,-0.732586695949204,0.0356772608259779,0,0,0
503,-201.15066664188,0.0405332024494732,0.678841617688751,0.0309519882896082,-0.000403699327158919,-0.0164220999004559,-201.096298634663,0.130205323293567,0.587765428785695,0.0360689126665286,-0.00151140970476172,-0.0187780561907821,-200,0,0,0,0,0,1,1,-1.41429399732779,-0.109269676110963,0.702274761506818,0,0,0
504,-201.120242694305,0.0400748606400738,0.662965149936004,0.0298964654292817,-0.000512990416576778,-0.015330397921803,-201.018870741668,0.110577961864467,0.634295850224467,0.0440967169655443,-0.00817810763215601,-0.0101716232100948,-200,0,0,0,0,0,1,1,-2.37193021321872,0.596654839486668,-0.25142937943945,0,0,0
505,-201.091524941805,0.0398601741030735,0.648005282644329,0.0275394447655748,8.36113646860263E-05,-0.0145883465400111,-201.142871664533,-0.0929461848938705,0.580664507549099,0.0173311623586607,0.00767062051522412,-0.00850967341685963,-200,0,0,0,0,0,1,1,0.552627093199659,-0.581169681734671,-0.310361673412236,0,0,0
506,-201.063908693168,0.0396532082853882,0.633038181272225,0.0276928195340832,-0.000497550377343616,-0.0153459392091957,-200.93104754989,-0.0269231659697233,0.630888728486895,0.0277325071342113,-0.0154925504723689,-0.00550691650630517,-200,0,0,0,0,0,1,1,-0.911155613641195,1.60310137917634,-0.711085806343273,0,0,0
507,-201.036874329086,0.0399571976401121,0.617503715687451,0.0263758370171683,0.00110552324754623,-0.0157224471501548,-201.012314236725,0.0268541198347831,0.596590062346834,0.0108765298137054,-0.0155349460667899,-0.0222597321875164,-200,0,0,0,0,0,1,1,0.936975492079552,1.49978636700942,1.03279309405797,0,0,0
508,-201.00992146331,0.0418126327924194,0.601889704341549,0.0275300756060771,0.00260534177168885,-0.0155060824302738,-201.140688519049,-0.0083663015745515,0.551699788786383,0.0184926392853173,-0.0113176668067118,-0.0335475370085738,-200,0,0,0,0,0,1,1,0.432113109566507,1.14849928382028,2.25135412328462,0,0,0
509,-200.981728418127,0.0449922448563495,0.587144489071716,0.0288567498264496,0.00375387718098217,-0.0139849277836966,-200.805750937609,0.0419671135405467,0.525932997652935,0.0228037231000984,0.00683944866525912,-0.00214454624506733,-200,0,0,0,0,0,1,1,-0.668870434791228,-0.767879093607006,-0.837411370799138,0,0,0
510,-200.953455287813,0.048362173314157,0.57285632369502,0.0276893412604031,0.00298597392610642,-0.014590923555856,-200.858297515856,-0.0160243187305017,0.646980165166552,0.0211886388168521,-0.0120234393312772,0.00802098551551882,-200,0,0,0,0,0,1,1,-0.402268849973594,1.23439257058873,-2.09605888188499,0,0,0
511,-200.926549769554,0.0519653293890787,0.557352091767149,0.0261210075014705,0.00422033286409972,-0.0164168906359235,-201.025122779348,0.138216255506568,0.757132028916141,0.0229521820575821,0.00409218908465206,-0.0109740435745101,-200,0,0,0,0,0,1,1,-0.244972647061562,-0.685651419478341,-0.416859700381267,0,0,0
512,-200.900725623459,0.0558428336658767,0.540710860148781,0.0255271829855674,0.00353467127501909,-0.0168653364838984,-200.89268761558,-0.0433965719244689,0.446308704077588,0.0127194919103049,0.00989779577257002,-0.0170699223044837,-200,0,0,0,0,0,1,1,0.513426040129802,-0.902986433408065,0.814374822293196,0,0,0
513,-200.874858570456,0.0589260253956347,0.52396388463734,0.0262071120800526,0.00263170544522145,-0.0166289188183124,-200.863956066156,0.0111739463475416,0.647479392804143,0.0164504423625778,0.0219870275853667,-0.00594952516730488,-200,0,0,0,0,0,1,1,0.0828678960543778,-2.22105065123175,-0.700006268877798,0,0,0
514,-200.84887783711,0.0604472051254402,0.506906163922363,0.025754080901948,0.000410648144387093,-0.0174863462104776,-200.959331536902,0.121619174443127,0.52412206120101,0.0187217594033393,0.00392239356489807,-0.0398218697576585,-200,0,0,0,0,0,1,1,0.0464871334699009,-0.635477705376061,2.93394285336383,0,0,0
515,-200.822451730819,0.0605401351219758,0.490570495901294,0.0270991899554051,-0.000224793379331766,-0.0151855756795863,-200.761313116501,-0.0348075952004837,0.490822768083787,0.0286926001720374,0.0102909580473894,-0.0212136855521119,-200,0,0,0,0,0,1,1,-1.34663378420166,-0.959480614337972,1.13972301904362,0,0,0
516,-200.795731248111,0.0598355970414122,0.47611043555649,0.0263424750620291,-0.00118428872888905,-0.013734239296619,-200.847000521759,-0.0430256713689598,0.434640649066304,0.0366951412242799,-0.00207509217973633,-0.014248215745231,-200,0,0,0,0,0,1,1,-1.97551307891031,0.293560560711553,0.555540276390495,0,0,0
517,-200.77018430739,0.058798073814942,0.463009321492791,0.0247520251837467,-0.000890763182065226,-0.0124673332593136,-200.834556812245,0.0133624472804516,0.464785049285721,0.0243790689761493,0.00911162365789721,-0.00544128812415435,-200,0,0,0,0,0,1,1,-0.76879327312411,-0.937887260350624,-0.385441286156007,0,0,0
518,-200.745943388254,0.0574383593836862,0.450466050426707,0.0237298345153135,-0.00182867128623602,-0.0126187918064842,-200.858671847848,-0.0357754280220529,0.494491305836813,0.0272570373615299,0.0011737510857721,-0.00458248117218202,-200,0,0,0,0,0,1,1,-1.0083600404567,-0.0458242525331041,-0.530734494455425,0,0,0
519,-200.722864687903,0.0555867651415175,0.437770597193338,0.0224275893828457,-0.00187452317711324,-0.0127715763744895,-200.697997922931,0.210169815898754,0.591823163812328,0.0272261619332536,-0.0235920683600586,-0.0201627356096092,-200,0,0,0,0,0,1,1,-1.32662034746257,1.93886720420835,0.832627233336268,0,0,0
520,-200.700879591334,0.0546816688718761,0.425592166989501,0.0215431872092291,6.43260287619619E-05,-0.0115849267691502,-200.668040313956,0.126497324421032,0.477052638246561,0.0107713882867992,0.000197796061923263,-0.0256495039820996,-200,0,0,0,0,0,1,1,0.258941799232649,-0.272774255034391,1.61084512171684,0,0,0
521,-200.678896584231,0.0546096234536632,0.414533965398257,0.0224233534922135,-0.000208423437855043,-0.010531859194942,-200.814115058259,0.0206030587684288,0.534817529838267,0.00420483595247226,-0.0115287566243634,-0.022456787505228,-200,0,0,0,0,0,1,1,1.20774652127084,1.11166954489949,1.17604369084627,0,0,0
522,-200.655733985954,0.0549570573451354,0.404099203072807,0.0239020076850682,0.000903285696845127,-0.0103382972421676,-200.76403700641,0.043520426380351,0.374844449519617,0.0069100375418431,-0.0151661712114741,-0.0135512543833827,-200,0,0,0,0,0,1,1,0.837070258635022,1.42957626838671,0.605436539299034,0,0,0
523,-200.631397064834,0.0565751466902055,0.393704994299956,0.0247718714878381,0.00233288688946772,-0.0104504971753712,-200.566459872528,0.0194517980311215,0.407713286527563,0.0196645163833334,0.0185076364060921,-0.0143939210151944,-200,0,0,0,0,0,1,1,-0.833531893278167,-1.88966723667146,0.623965528464316,0,0,0
524,-200.606903867808,0.0579631973979563,0.383631503173044,0.0242149212529992,0.000443209555613165,-0.00969626340327309,-200.658545434378,-0.0784398151159026,0.429213234035169,0.0315056665544648,-0.00688298530539058,-0.0118359324628065,-200,0,0,0,0,0,1,1,-1.83347578669122,0.845178160770864,0.325166778210312,0,0,0
525,-200.583472597466,0.0588289815002439,0.37443986453,0.0226481248030262,0.00128835293615665,-0.00868637151675544,-200.65476096807,0.0524831197017994,0.397634840969743,0.0315965428999827,0.0163647001504309,-6.24748528816194E-05,-200,0,0,0,0,0,1,1,-1.85013235385894,-1.74143625444669,-0.789022196651324,0,0,0
526,-200.56189870459,0.0592465956518914,0.365785615658887,0.0204997709494943,-0.000453131810723776,-0.00862124203174602,-200.410857509174,-0.0334739727902884,0.286356015515065,0.0288777092944368,-0.0128154138072361,-0.00228215263101793,-200,0,0,0,0,0,1,1,-2.06605591109521,1.34848932630419,-0.344496767928337,0,0,0
527,-200.542451746731,0.0594676874255343,0.357445344638706,0.0183944609137652,0.000895309792554608,-0.00805843301964218,-200.377546489211,0.0493540049801329,0.255288123764516,0.0210525477590733,-0.00538836339025558,-0.000767022463849049,-200,0,0,0,0,0,1,1,-1.35016179748619,0.440128329065292,-0.433874001144127,0,0,0
528,-200.524824800543,0.0605830480254336,0.349448508264613,0.016859564564231,0.00133540443274349,-0.0079346128123654,-200.509051124894,-0.0422488845022349,0.281062736780051,0.0226656519745874,-0.00702599307519195,-0.0160159972659108,-200,0,0,0,0,0,1,1,-1.2484629476704,0.787097076523665,1.03947425303098,0,0,0
529,-200.50831032234,0.0623119968624971,0.342183309490178,0.0161700289774967,0.00212248764135682,-0.00659551053190688,-200.430707077771,0.0362400754331296,0.319501657930358,0.0145941669876844,0.00103057918161085,-0.00955124910124075,-200,0,0,0,0,0,1,1,-0.598002543226516,-0.175538069027344,0.316121594263359,0,0,0
530,-200.492390599648,0.0643467141072196,0.335780583004631,0.0156696556807043,0.00194694075082904,-0.00620974636144314,-200.422138509692,-0.0122858162347469,0.146497812472967,0.00526049505500683,0.0024927594600684,-0.00437733608945322,-200,0,0,0,0,0,1,1,0.318227513883582,-0.224704313537346,0.144737983999387,0,0,0
531,-200.476622012914,0.0661813095470214,0.329454783538449,0.0158675012256984,0.00172224488397416,-0.00644194667563244,-200.359305725112,0.105393730157656,0.22825451593245,0.0308674032102378,0.00272086776274922,-0.00987995458098319,-200,0,0,0,0,0,1,1,-2.36812887079991,-0.482874236590234,0.531486426233419,0,0,0
532,-200.461706590287,0.0676620981685205,0.323754996121046,0.0139640383307678,0.00123932706451833,-0.00495684913667738,-200.492457129543,0.112822614754644,0.410652905141605,0.0175187013127986,0.0123271350261463,-0.00164798758328338,-200,0,0,0,0,0,1,1,-0.766955872193981,-1.45835873212391,-0.656507051954872,0,0,0
533,-200.448313832504,0.0681722365099063,0.318620494625205,0.0128214061459353,-0.000219055725798297,-0.00531169216409827,-200.520221748394,0.124724082845053,0.509392598869922,0.0102638877307085,0.00248271891160601,-0.00675561920558455,-200,0,0,0,0,0,1,1,0.0140547237161717,-0.497720056850707,-0.343223277181389,0,0,0
534,-200.435648700578,0.0677043214101139,0.313064613755197,0.0125087323910035,-0.000716779601089796,-0.00579995205124642,-200.450348378826,0.0240391322220226,0.0586463682217228,0.00430718860709925,0.0052041275475203,-0.0059512688025114,-200,0,0,0,0,0,1,1,0.4699778969428,-0.568491019196075,0.477834143807694,0,0,0
535,-200.422888990429,0.0667033069058519,0.307253923319237,0.0130107591020536,-0.00128525497256883,-0.0058216433932228,-200.491650862574,-0.038319143583786,0.212966843897309,0.0134412088071884,-0.0214918431953912,-0.0247486417821046,-200,0,0,0,0,0,1,1,-0.360819155571342,2.2258226067067,2.04893049041584,0,0,0
536,-200.409574819766,0.0665309742606045,0.302307966235884,0.0136183833302543,0.000940584599152882,-0.00407053595378939,-200.479449035862,0.00391124261962339,0.0529981972312348,0.0095233874037438,0.00645424744773635,0.00873854583993704,-200,0,0,0,0,0,1,1,0.00655933134880327,-0.653247230012881,-0.979850978456173,0,0,0
537,-200.396280132171,0.0671449324560216,0.297722790250945,0.0129706451252849,0.000287325755915568,-0.00509955497225881,-200.414307351788,-0.0300470017516331,0.42995417537801,0.0196893631282339,-0.028739239970933,-0.00302449392898419,-200,0,0,0,0,0,1,1,-1.14032160924799,2.93401800059657,-0.557458957857601,0,0,0
538,-200.384014230524,0.0688992552358435,0.292587983836235,0.0115612061104491,0.00322131300787569,-0.00516948863954722,-200.362324838186,-0.010633563845252,0.193840473117816,0.0132783766293073,0.00388424394796234,-0.00667876017864018,-200,0,0,0,0,0,2,1,-0.603187986557771,-0.36715726710573,0.280195071628386,0,0,0
539,-200.372710201817,0.0719369874367724,0.287602643513376,0.0110470796662204,0.00285414637452875,-0.00480099264283732,-200.392927574169,0.192983160093206,0.451752556461797,0.0162678983690628,0.00503209104182688,-0.018014099943922,-30,0,0,0,0,0,0,2,339.159065311432,-0.889175424369101,0.897904881468603,0,0,0
540,-200.216804391388,0.0743501316056898,0.194661630058517,0.300692001791107,0.00197213686187009,-0.181200389065788,-200.325355055579,-0.0199240454436085,0.192401087379289,0.307225129416548,0.00939168648806595,-0.199195935792261,-30,0,0,0,0,0,0,2,309.928197169503,-0.899320557919378,19.5347914044675,0,0,0
541,-199.779070080262,0.075875997966327,-0.0594575458537139,0.57471685319452,0.00107958911172271,-0.327150702980642,-199.789462708626,0.215989123809111,-0.0165446170518004,0.569672488958917,0.0205710547075866,-0.308392850578695,-30,0,0,0,0,0,0,2,282.61167652136,-2.48908371837688,30.8723742919731,0,0,0
542,-199.076168613652,0.0757142144768712,-0.447891227495022,0.83103609317786,-0.00140316207209465,-0.449821939168066,-199.11523011722,0.17675165498414,-0.58397035697542,0.827351076397505,-0.0137332272156752,-0.457250330870811,-30,0,0,0,0,0,0,2,255.49535259469,1.01981941159924,46.892973801032,0,0,0
543,-198.124455248273,0.0748239412772444,-0.945388348637885,1.07235201545016,-0.00037739000550333,-0.545271244691703,-198.088094259165,0.00119365934167115,-0.99786108182755,1.06546230364005,0.00878822246883432,-0.561737998068021,-30,0,0,0,0,0,0,2,229.629958154324,-0.881209565566774,58.1695219704573,0,0,0
544,-196.939598702754,0.0740087203000671,-1.52704977378032,1.2973318707615,-0.0012530573159452,-0.618143673768147,-196.8080197644,0.0933481916209871,-1.57694096848767,1.29243735894053,0.012965996614571,-0.608469420855608,-30,0,0,0,0,0,0,2,204.372303634747,-1.48329604469908,64.0008240225362,0,0,0
545,-195.539067986301,0.0720165578109073,-2.17274822721724,1.50370773454223,-0.00273127399602345,-0.673337508760778,-195.559670310386,0.0367213242372951,-2.07585597981391,1.50980661197729,0.00251326062572915,-0.666162030120623,-30,0,0,0,0,0,0,2,180.138679423042,-0.324768711047506,70.7679149716901,0,0,0
546,-193.940755990698,0.0691252273151509,-2.86464533822344,1.69290190960859,-0.00305139341630155,-0.710533799102945,-193.943427226705,0.164710377283564,-2.94108709428757,1.71337301830111,0.00742860362102486,-0.710824841203032,-30,0,0,0,0,0,0,2,156.5495526233,-1.07228111666961,76.9646583088784,0,0,0
547,-192.161690485599,0.0655398083892919,-3.58512713005337,1.86522189098579,-0.00411944855746266,-0.730499822651647,-192.210592330738,-0.0369131411314291,-3.47238502506985,1.8777904421509,-0.00571384548601961,-0.741538404158886,-30,0,0,0,0,0,0,2,136.642140446386,0.645210830864819,81.0986104660283,0,0,0
548,-190.217696251848,0.0617448961296196,-4.31878210304411,2.02276498943989,-0.00347038213675683,-0.736873982287187,-190.215442688173,-0.0268455274103497,-4.39181488557116,2.01782503141897,-0.0114057930837359,-0.726898582827154,-30,0,0,0,0,0,0,2,118.648382234448,1.19427036319429,81.4734880538578,0,0,0
549,-188.123706779674,0.0588733918938156,-5.05409530858959,2.16521627465167,-0.00227263129204093,-0.733809995503668,-188.002570358328,-0.0823395943670109,-5.05375620916004,2.16273204158375,-0.00394679824356143,-0.719394944874167,-30,0,0,0,0,0,0,2,99.7319365582821,0.559359013090165,82.0470069057368,0,0,0
550,-185.89513731689,0.0568819873981363,-5.78127547344749,2.29192914259328,-0.00171018399240481,-0.720601366032067,-185.873822185323,0.166995159629753,-5.88762786191061,2.29058094162687,-0.0211692849259451,-0.723958525163822,-30,0,0,0,0,0,0,2,82.6895502079591,1.782938173335,84.1711082402034,0,0,0
551,-183.546504159791,0.0560646531274487,-6.48998989873765,2.40534797948909,7.55084106960927E-05,-0.696872986482061,-183.18246902953,-0.0347000660948602,-6.65989981975145,2.41372911484346,-0.000771433637321276,-0.715547136901018,-30,0,0,0,0,0,0,2,64.9920265747137,0.146543495921848,84.8745133296047,0,0,0
552,-181.091738136104,0.0562146306692515,-7.17012573389793,2.50419884054692,0.00022444121411443,-0.663438152388427,-181.148259969461,0.021912209303434,-7.103834858716,2.50569148572448,0.0024321249968571,-0.653878221332394,-30,0,0,0,0,0,0,2,51.7273713664737,-0.287036918292578,79.5954918506714,0,0,0
553,-178.545099380023,0.0562965790351292,-7.81566392621489,2.58909439225921,-6.05495639094512E-05,-0.627671929402521,-178.41525447591,0.0700941575014918,-7.75258839557904,2.58724435081349,0.00903211118002613,-0.63118337969446,-30,0,0,0,0,0,0,2,38.10607387047,-1.0433994330056,78.6235147606041,0,0,0
554,-175.919546409782,0.05571520567284,-8.42233081195124,2.66202978642283,-0.00110220188375695,-0.58569060018074,-175.82448362386,0.0434826846914059,-8.64768459945431,2.66805648597317,-0.0041332544403566,-0.599516366320943,-30,0,0,0,0,0,0,2,24.8433186504034,0.326360074652849,77.2470058310029,0,0,0
555,-173.226985023942,0.0547769119001298,-8.98415821734553,2.72311352953823,-0.000774391011694583,-0.537988083136525,-173.31520921773,-0.158284880956254,-8.93001867886286,2.73134113106973,0.0110124215532775,-0.549041914364742,-30,0,0,0,0,0,0,2,13.4963053284876,-0.784672393415241,72.7642287941999,0,0,0
556,-170.479273987904,0.0536107663464004,-9.49723014859499,2.77232991776958,-0.0015579057658142,-0.488174777483186,-170.46308725539,0.188053112734299,-9.59265396013219,2.76036285540069,-0.00874068914904668,-0.481823422922472,-30,0,0,0,0,0,0,2,4.88988897071056,0.49796268943607,67.3676502125115,0,0,0
557,-167.687361726103,0.0523022998827234,-9.96053359235697,2.81151591588627,-0.00105903174695294,-0.438446988653934,-167.691325752625,0.0421023029248508,-9.97960031862255,2.82051029858333,0.00708660293708349,-0.434658886172091,-30,0,0,0,0,0,0,2,-6.66837835308286,-0.792864899558051,63.4250892544542,0,0,0
558,-164.862138497735,0.0508471487942117,-10.3727348352886,2.83895293309983,-0.00185127645481459,-0.385965573080152,-165.003446290188,0.103684756442993,-10.4250542540197,2.8260751451597,0.00918695027938392,-0.396557244437831,-30,0,0,0,0,0,0,2,-12.6006219355933,-1.12606454082438,60.5058329518225,0,0,0
559,-162.012698125067,0.0484330729245543,-10.7321326093418,2.85995042655872,-0.00297688096858216,-0.33283740914324,-162.003024749094,0.0240110128016798,-10.720856242387,2.87810046232785,0.00665381779805714,-0.329891110050692,-30,0,0,0,0,0,0,2,-23.8039967345968,-0.713403805409074,54.4308234898432,0,0,0
560,-159.148549980346,0.0450995686732222,-11.0379914693034,2.86836876814545,-0.00369013398576336,-0.278882633130959,-159.154639982344,0.215278941114304,-10.9562753684569,2.85649030038819,0.00404410595441023,-0.293532985189416,-30,0,0,0,0,0,0,2,-27.3397500741308,-0.834968477669632,51.2658492558555,0,0,0
561,-156.278255516099,0.0409919723888977,-11.2902909265505,2.87224270282482,-0.00452506423610999,-0.225716745189092,-156.175475722053,0.00607604906410471,-11.1809968736023,2.86656101637856,-0.0159442721537133,-0.235046204260608,-30,0,0,0,0,0,0,2,-34.3051501937502,1.58227511724312,45.8666141732654,0,0,0
562,-153.408407054409,0.0372579614266861,-11.4898347130344,2.86747638692941,-0.00294296260953216,-0.173367792747752,-153.426345457167,0.0465042553224632,-11.4221256262461,2.84884033877707,-0.000584375754826117,-0.181989832367867,-30,0,0,0,0,0,0,2,-38.0313429633729,-0.0345709351623147,41.0432344892789,0,0,0
563,-150.546125629009,0.0342975608674807,-11.6380532265691,2.85710775817804,-0.00297784351151339,-0.12306393094325,-150.62933469974,-0.128053917481605,-11.7314808804811,2.83665246834348,-0.00741616996751419,-0.127003701861535,-30,0,0,0,0,0,0,2,-42.406577434869,0.997724831714629,36.1633319471158,0,0,0
564,-147.697305774987,0.0318183522062213,-11.736831666674,2.8405525017715,-0.00198057949216603,-0.0744851524934442,-147.586608139097,0.205294387012077,-11.7533064743778,2.84262127003417,0.00123895561269296,-0.0798430448970664,-30,0,0,0,0,0,0,2,-49.0889107252232,-0.534484335293449,31.4909174384623,0,0,0
565,-144.869052978479,0.0295702042526951,-11.787176263029,2.81597347961372,-0.00251572165998795,-0.0261930184535608,-144.929723495106,0.101230198943277,-11.8007720778698,2.83035520568973,0.0176341235565381,-0.0419488101022332,-30,0,0,0,0,0,0,2,-53.1760735787615,-1.96587275354037,27.7964251659629,0,0,0
566,-142.068035249029,0.0260711546625326,-11.789648900333,2.78608197962329,-0.00448238279589675,0.0212608932965763,-142.221770723234,-0.196952052036703,-11.7511676944041,2.78811758955197,-0.0103814219381211,0.0163556076795796,-30,0,0,0,0,0,0,2,-54.3682175087291,1.43204629788552,21.8667746208503,0,0,0
567,-139.298951958366,0.022304355108029,-11.746801574209,2.75210283931334,-0.00305122116658269,0.0644485355487364,-139.298425503463,0.0559127791989332,-11.7083705297213,2.73701664688678,-0.00694287647832953,0.0608315578095036,-30,0,0,0,0,0,0,2,-55.1048136817518,0.582462089435086,17.3335852784923,0,0,0
568,-136.565328552529,0.0195438910985959,-11.6624298119133,2.71516082888628,-0.00246971366550537,0.104310937029511,-136.668516042644,0.0893161948421241,-11.6092954960627,2.70775070989022,0.00680007247792783,0.125771753288853,-30,0,0,0,0,0,0,2,-57.4380389037339,-0.858639637477032,10.6414156632402,0,0,0
569,-133.871389039339,0.0166443180106594,-11.5403294791835,2.67273330138382,-0.00332943739612399,0.139907852207056,-133.799757481603,0.224956545935063,-11.4584009068857,2.65711687602093,0.00885747527275073,0.120326386871718,-30,0,0,0,0,0,0,2,-58.1121726388859,-1.3356606191452,10.8841631265996,0,0,0
570,-131.220049192334,0.0126465054911058,-11.3822932038794,2.62996171579102,-0.00466619342288781,0.176182929070341,-131.292217482216,0.0397634483147987,-11.3358438328885,2.65337534081293,-0.00152614248349162,0.183702636035162,-30,0,0,0,0,0,0,2,-62.7530991168622,0.073087351719564,4.30142406226087,0,0,0
571,-128.615170321362,0.0080162220155654,-11.1894321367887,2.57981014943955,-0.0045943783469666,0.20956036310649,-128.509294710619,-0.011311107578241,-10.9377949117641,2.5808302767021,0.0252524783766188,0.20584225855104,-30,0,0,0,0,0,0,2,-61.0644382489725,-2.5026256225054,1.29136396842423,0,0,0
572,-126.060509710338,0.0021698980503267,-10.9648524648326,2.52952382847421,-0.00709827673116409,0.239620160680853,-126.107169850038,0.112275009767716,-10.993230315641,2.52460166544098,-0.00250460415427802,0.232868018834491,-30,0,0,0,0,0,0,2,-60.2458268440218,0.0259103958923693,-1.300341252167,0,0,0
573,-123.556458834282,-0.00491606419502529,-10.7114594657118,2.47858964385466,-0.00707365292153373,0.267187245025414,-123.564342214307,-0.124103235674983,-10.5678307663132,2.4781588579203,-0.00571921973706387,0.255547389588752,-30,0,0,0,0,0,0,2,-60.6872013634166,0.820128445056353,-4.41907742624873,0,0,0
574,-121.104341543551,-0.0115803177843803,-10.4316226688319,2.42565572247928,-0.00625485778946795,0.292508515258546,-121.086121351612,-0.0489944709039771,-10.5325287222353,2.41349920306508,0.00903248307287343,0.294000832293267,-30,0,0,0,0,0,0,2,-59.1776776032838,-0.805259365479388,-8.33502578485611,0,0,0
575,-118.705561125825,-0.0182384769772363,-10.1284509188065,2.37191427718218,-0.00706146560118077,0.313857438194623,-118.862155114105,0.0598460502538929,-10.0629307075004,2.3749348045549,-0.0146411442875117,0.303727445971422,-30,0,0,0,0,0,0,2,-59.7691702272803,1.34442232824338,-10.2468831821414,0,0,0
576,-116.361264454373,-0.0246284212232948,-9.80450224126807,2.31668773742335,-0.00571842713299511,0.334062919873871,-116.381223239123,0.135111317621751,-9.83485123083564,2.32632905235208,-0.0189025844346259,0.321741156140543,-30,0,0,0,0,0,0,2,-59.8704587569631,1.62003580821909,-12.504413152383,0,0,0
577,-114.072827859625,-0.0295375334426705,-9.46119654090525,2.2601934142201,-0.00409980440404012,0.352571947784947,-114.055661329047,-0.019821651319565,-9.53600314196339,2.26277614648746,-0.00981004313477173,0.369629470931362,-30,0,0,0,0,0,0,2,-58.1662919906522,1.0206476161163,-17.8909408092094,0,0,0
578,-111.8416229645,-0.0331277321838771,-9.10203179280404,2.2022222056108,-0.00308059853085154,0.365781558443803,-111.872129488151,-0.119355782420556,-9.00050729949288,2.20965170372267,-0.000468868875181654,0.356103197113848,-30,0,0,0,0,0,0,2,-57.2209113959656,0.285598452359277,-17.6093051123991,0,0,0
579,-109.667899211632,-0.0360662379095875,-8.72972675423928,2.14523104405618,-0.00279641849365806,0.378852097797895,-109.759794717276,-0.0422939877087352,-8.69384086038706,2.14919526088456,-0.012701205134539,0.368550179770659,-30,0,0,0,0,0,0,2,-55.3999366539035,1.35470848887137,-19.4673362562917,0,0,0
580,-107.550898024247,-0.0381860002818617,-8.3455567700172,2.08877608880892,-0.00144311229859558,0.389511192779717,-107.72783809933,-0.0423517753749937,-8.38966502450116,2.09085370867811,0.00632932045207091,0.381571236520441,-30,0,0,0,0,0,0,2,-53.6296946691498,-0.548228494457104,-21.3777936030417,0,0,0
581,-105.490122718282,-0.039903917426572,-7.95194221744279,2.03277829520362,-0.00199272865986984,0.397741011975686,-105.549055007605,0.220185536437881,-7.94843227963669,2.04456872302471,-0.010454969886472,0.401892547943574,-30,0,0,0,0,0,0,2,-53.358762287261,0.605125915771439,-24.292390235084,0,0,0
582,-103.486022368081,-0.0415947887363201,-7.55132013400981,1.97542518517754,-0.00138901986438617,0.403526744206618,-103.496105251322,-0.069030847085703,-7.3439742525743,1.97554744368232,-0.000596229600862586,0.391842436038848,-30,0,0,0,0,0,0,2,-50.5625338655882,0.197684654257665,-24.4962950987362,0,0,0
583,-101.538155919446,-0.0428856432152515,-7.14569668303955,1.92030984865775,-0.00119269577949719,0.407742817962819,-101.587124799243,0.098185871036687,-7.18326226693392,1.91392099037571,-0.00108314083140166,0.398795693833751,-30,0,0,0,0,0,0,2,-48.2178494390851,-0.0880576589332082,-25.5130448495073,0,0,0
584,-99.6447006496918,-0.0441230271255539,-6.73685975019371,1.86660201531778,-0.00128207674594892,0.409953108833622,-99.7562035387949,-0.252324437884635,-6.86459091357665,1.86673911921491,-0.00856391018151663,0.412380161593655,-30,0,0,0,0,0,0,2,-47.1615048439016,1.36103989392093,-27.5088343322122,0,0,0
585,-97.8050597103999,-0.0447252437387107,-6.326870021187,1.81268033632344,7.76381877210683E-05,0.410048451859369,-97.7020262545256,0.0319653708165884,-6.1999793015076,1.81497515699709,-0.00525708523092966,0.426075499263125,-30,0,0,0,0,0,0,2,-46.0934631906582,0.46177778145979,-30.2075913232973,0,0,0
586,-96.0196397459625,-0.0444173812267903,-5.91813838686669,1.75815898075988,0.0005380811679029,0.407437105121461,-96.0809747886621,0.0830318348306284,-5.7111897896577,1.76761894805996,0.00450424182354572,0.408946943955528,-30,0,0,0,0,0,0,2,-44.5999452286717,-0.616487852015829,-29.4723148162374,0,0,0
587,-94.2879174774976,-0.0441881884107075,-5.51205826750196,1.70528489980285,-7.97011624767769E-05,0.40474473372265,-94.3888929440408,0.0515724763276916,-5.69794625256224,1.72203640575057,-0.00564655982537816,0.389064595360662,-30,0,0,0,0,0,0,2,-43.425854686975,0.461511029882433,-27.5105670309418,0,0,0
588,-92.6080391106198,-0.0440377538523083,-5.10811439904941,1.65447159675885,0.000380563700216479,0.403163750558046,-92.5588111074643,-0.128591473939026,-5.04034630580273,1.64850781453689,0.0166946106310718,0.4117571688692,-30,0,0,0,0,0,0,2,-39.7331592387609,-1.41227811522913,-31.0950242753145,0,0,0
589,-90.9784324755425,-0.0443639319056409,-4.70820468197478,1.60473949805466,-0.00103292568242964,0.396675963206355,-90.9638237448829,-0.144395052829624,-4.72305896221816,1.58471001468803,-0.0114273185997319,0.390735875687435,-30,0,0,0,0,0,0,2,-36.5433539790372,1.43152196563244,-29.6274696443072,0,0,0
590,-89.3968306015715,-0.0446816573505656,-4.31499737063689,1.55846189464664,0.000397469911995205,0.389757543101647,-89.4445670469934,-0.128591392949644,-4.29039912248928,1.55927278192876,-0.00428177064556265,0.373330566815043,-30,0,0,0,0,0,0,2,-37.038144098889,0.685359850455552,-28.7522584365258,0,0,0
591,-87.8614756985926,-0.0439420676638957,-3.92815057368107,1.51224597896993,0.00108170345798403,0.383954865845981,-87.8515757321887,0.00575917044147151,-4.01762979772035,1.51756383436428,0.0104623133491565,0.38856619250235,-30,0,0,0,0,0,0,2,-36.0532319720509,-1.05774967579859,-30.8213596547943,0,0,0
592,-86.3725091687112,-0.0433898007539653,-3.54818361372166,1.46568430074457,2.2823432333412E-05,0.375997966672825,-86.168996458226,-0.119001576027009,-3.7850826402018,1.46026366798957,0.00265219870374748,0.398864578767916,-30,0,0,0,0,0,0,2,-33.6883738825049,-0.0272167183207292,-32.3162925963881,0,0,0
593,-84.9295473529244,-0.0433811322741342,-3.17739640992011,1.42023558667368,-5.4916839099295E-06,0.365594879903793,-84.9769375241248,-0.130805606874333,-3.19907020746831,1.41662622369738,0.0041492484791646,0.369098936360004,-30,0,0,0,0,0,0,2,-31.7087473214888,-0.153313634167794,-30.5117532210638,0,0,0
594,-83.5307206155201,-0.0434637952573986,-2.81676042999941,1.37741433287235,-0.000159840300923907,0.355694455393354,-83.5918300152319,-0.0796955706018662,-2.68498525068679,1.38916049250763,0.00050519980207186,0.356239326612856,-30,0,0,0,0,0,0,2,-31.7323892202994,0.108871160996546,-30.253962159912,0,0,0
595,-82.1746635774771,-0.0435697129157096,-2.4658592600802,1.33469631254635,-5.20015303006075E-05,0.346125179920835,-82.0895373640542,-0.10586046204523,-2.49384290825479,1.33777909981723,-0.0213099721527574,0.342014947831301,-30,0,0,0,0,0,0,2,-29.5988352536143,2.3427181393662,-29.2138089666206,0,0,0
596,-80.8601596285416,-0.0424508394411321,-2.12464088045783,1.29430805767829,0.0022897417096377,0.336327931224569,-80.6745528310547,-0.0356803785229279,-2.02015722554708,1.29173269937345,-0.0199571823532946,0.340268449427186,-30,0,0,0,0,0,0,2,-27.8241642752356,2.06707899237531,-29.9865304916245,0,0,0
597,-79.5855355350978,-0.0391280281966501,-1.79398762560059,1.2549360007227,0.00435587397465662,0.324994498902441,-79.6592076871252,0.00184138130082418,-1.93613800548915,1.24842834161419,-0.0195751749861654,0.335195965652785,-30,0,0,0,0,0,0,2,-25.5244187871683,1.95383473601489,-29.6473205543002,0,0,0
598,-78.3492485061683,-0.033795681387775,-1.4751240907474,1.21763357031957,0.0063088145701899,0.312747651999863,-78.260610508833,0.119941244480988,-1.31612389714063,1.23594502608015,0.0187558443708754,0.329498750689745,-30,0,0,0,0,0,0,2,-27.0732815903494,-2.11546692604952,-30.3176272746932,0,0,0
599,-77.1511063714609,-0.02854506425923,-1.16830504737647,1.17864636808863,0.00419241278205083,0.300906135074875,-77.2177778097569,0.0372883504072774,-1.15684763784223,1.17434316824347,-0.0107400733693721,0.285228201336711,-30,0,0,0,0,0,0,2,-22.9987612048328,0.999430636122654,-26.2091248579867,0,0,0
600,-75.9891250139121,-0.0238533334481982,-0.872725437516622,1.14531247869995,0.00519104380406955,0.290266560090224,-75.9445819806199,0.133407893301542,-0.847638826258625,1.14410643423907,0.0183718154716325,0.2781845569128,-30,0,0,0,0,0,0,2,-22.521479462667,-2.10399733376633,-26.1231780387627,0,0,0
601,-74.8602675955406,-0.0197146814312732,-0.58784368092572,1.11239843938929,0.00308625795805299,0.279510236571918,-74.9958487680809,0.0105101153797174,-0.448976004784549,1.11656120193031,-0.00484432908713449,0.283630655235594,-30,0,0,0,0,0,0,2,-21.6644226568687,0.463412677954014,-27.4651135139903,0,0,0
602,-73.7643596114404,-0.0163971077298309,-0.314474204507788,1.07941302602313,0.0035488841028044,0.267241996685075,-73.8029091146973,0.0623002345640904,-0.172673077780392,1.07952007377367,0.00233079982472519,0.270346481507131,-30,0,0,0,0,0,0,2,-20.346189147972,-0.3576804516007,-26.6893019951523,0,0,0
603,-72.7006874322809,-0.0130274362981033,-0.0533842773630308,1.04792682250079,0.00319045423449087,0.254950525761918,-72.6578319114781,-0.0722489414694533,-0.201095746800569,1.06506801495532,0.0178223242363663,0.254319539410118,-30,0,0,0,0,0,0,2,-21.1911376725754,-1.63773454069773,-25.0297624474106,0,0,0
604,-71.6683954681641,-0.0106562214673479,0.196375599927763,1.01665333533613,0.00155197235932784,0.24458178664359,-71.786447406419,0.134695840368193,0.379495366296426,1.00768663700118,0.00198528205187444,0.244324082097182,-30,0,0,0,0,0,0,2,-17.1957688872799,-0.46791988592383,-25.1913989423111,0,0,0
605,-70.6657856252532,-0.00933853884410107,0.434609100866915,0.988561685393384,0.001083387492428,0.231896518436819,-70.706871373898,0.0134193042895669,0.446325769134354,0.986548908715696,0.00525096629935753,0.245678241579877,-30,0,0,0,0,0,0,2,-17.2411481237737,-0.551935238514886,-25.4604756962564,0,0,0
606,-69.6913762076086,-0.00853145033052368,0.660093109797294,0.960252437438674,0.000530783086428867,0.219082860646455,-69.7050114982423,0.0342514388398382,0.736096925410357,0.97077235138898,0.000167587830857986,0.219314839350686,-30,0,0,0,0,0,0,2,-17.6672121424135,-0.085261660765475,-23.4036777858893,0,0,0
607,-68.7448834413986,-0.00804362223617516,0.873765808189784,0.932729154574921,0.000444867945656314,0.208273568277355,-68.8785252740983,-0.115370009149974,0.904756993217243,0.952352332183942,-0.00553758297161214,0.220251905501737,-30,0,0,0,0,0,0,2,-17.4781826701977,0.784498315461162,-23.8347045366082,0,0,0
608,-67.8259700725237,-0.00720682888959527,1.07643117520605,0.905093486992271,0.00122871159288614,0.197068212677787,-67.8009640685675,0.0409017920154593,1.14003751120259,0.887112295334013,0.0146505697650306,0.20456180922026,-30,0,0,0,0,0,0,2,-13.1093013962664,-1.54686056053398,-22.7362559444312,0,0,0
609,-66.9325943016697,-0.00675181930028722,1.26713687680755,0.881653382405953,-0.000318698287282429,0.18435260309301,-66.8327716335477,0.0335487830774845,1.3580832035884,0.87855114663527,-0.0038412614466836,0.196952457037961,-30,0,0,0,0,0,0,2,-14.1895713964316,0.317028578513391,-22.4114121109729,0,0,0
610,-66.0630248775927,-0.00691228433442983,1.44559572606823,0.857481155113272,-2.23791743324951E-06,0.172574766653849,-66.0632547571341,-0.0818738776207947,1.42454168148026,0.847278657736183,0.00111331277626465,0.189516341149484,-30,0,0,0,0,0,0,2,-12.6013562593501,0.0524164776151249,-21.800717477909,0,0,0
611,-65.2168137601719,-0.00688857458363799,1.61210523713082,0.83493663714449,4.96511862728457E-05,0.160453277827625,-65.0566410239108,-0.0670190599636225,1.72318259580718,0.843793762074099,-0.0026072877088033,0.160526595307765,-30,0,0,0,0,0,0,2,-14.2660941595884,0.394766890807575,-19.4990247223909,0,0,0
612,-64.3931894594758,-0.0066418049587681,1.76794033676987,0.812308633062584,0.000443883195199826,0.151225955379623,-64.540315725884,-0.0622492224161481,1.7193743268344,0.804268339133535,-0.00529249781868925,0.159262924532969,-30,0,0,0,0,0,0,2,-11.3462024615855,0.653748226701221,-19.3650411069657,0,0,0
613,-63.5909654110351,-0.00587128061138471,1.91379806081036,0.792135559981479,0.00109715974708338,0.140497567855346,-63.8291572458085,-0.0936125855338056,2.04137124759151,0.776267489569121,0.00377760928555278,0.139846463080558,-30,0,0,0,0,0,0,2,-9.96843446529503,-0.190535757487666,-18.0673888032388,0,0,0
614,-62.8079901626161,-0.00486959849104281,2.04909132579786,0.773811161488779,0.000906196944511846,0.130096310259587,-62.8377729439527,-0.0657858963973525,2.07714414067163,0.751274893701177,0.00345225314150965,0.134277920766237,-30,0,0,0,0,0,0,2,-9.45194348221229,-0.21365352135626,-17.582080357967,0,0,0
615,-62.0430000464436,-0.00407043049944349,2.17405701080417,0.75616535145316,0.000692133093546275,0.119842131758435,-61.9845814775016,0.00225376420888687,2.30693423301327,0.756735535039608,-0.00890535643364379,0.0968806671616935,-30,0,0,0,0,0,0,2,-11.7043905489576,0.886028114946605,-14.3019351821959,0,0,0
616,-61.295652824107,-0.00293548976580734,2.29077921036482,0.738526905532187,0.00157774271271464,0.113609316314284,-61.4071534319498,-0.0674314270546195,2.4258554315814,0.723799412032977,-0.0010908257143628,0.12759469515057,-30,0,0,0,0,0,0,2,-9.5656343393981,0.243945425545519,-17.6111803782198,0,0,0
617,-60.5660211030025,-0.0012359777652413,2.39932089194645,0.720732870645949,0.00182127506016986,0.103481143792553,-60.646465981091,-0.0480340020445566,2.37600100100665,0.718947397947924,-0.0124320000473026,0.103996135771016,-30,0,0,0,0,0,0,2,-10.6018078326105,1.33926800881937,-15.1516155791149,0,0,0
618,-59.8539141308446,0.00125473014142706,2.49906037495951,0.703478417048795,0.00316013764064106,0.096004695558179,-59.8664517627582,-0.0582020677905065,2.35742788455969,0.700029863527925,0.00109638869757546,0.0890770639760762,-30,0,0,0,0,0,0,2,-10.2700828272762,0.00676526582346695,-13.622562166727,0,0,0
619,-59.1584950545309,0.00441806346273826,2.59187502066782,0.687357498903314,0.00316652282017277,0.0896310240695897,-59.1216375090888,-0.0340406789194837,2.5169189051883,0.678035869228389,0.00956423731975037,0.0929786311709938,-30,0,0,0,0,0,0,2,-9.56031190466118,-0.88834237413607,-14.331700927476,0,0,0
620,-58.4791167401162,0.00714023124921373,2.67784118319382,0.671396530569501,0.00227780682371624,0.0823076522363846,-58.6075248849826,-0.131613979949298,2.58400084265123,0.674878349663998,0.0409060868963869,0.0910511285258891,-30,0,0,0,0,0,0,2,-10.2727851964346,-3.82738072974009,-14.2731145378914,0,0,0
621,-57.8159817530237,0.00750415666865945,2.75673182126021,0.654871032491815,-0.00154996185529696,0.075480174011515,-57.819835387447,-0.216992583965883,2.69542493551223,0.659440528542392,0.00579692868557629,0.0803961081512016,-30,0,0,0,0,0,0,2,-10.3043820793452,-0.145707700625863,-13.4304606861446,0,0,0
622,-57.1691499202129,0.00588115411229641,2.82916824861251,0.638790505475778,-0.0016960480593005,0.0693990471375161,-57.1556098463075,0.0114536284177041,2.99417304583549,0.625481468727182,-0.0100354443927373,0.0708918031680947,-30,0,0,0,0,0,0,2,-8.23692718010315,0.980637182438327,-13.0775264084805,0,0,0
623,-56.5374584659885,0.00467526264446937,2.89509119157702,0.624589949575994,-0.000715741534547145,0.0624524795951901,-56.4902865833601,0.0348794455994777,2.80098698952256,0.626872825633056,-0.00945487834423882,0.0590026516905882,-30,0,0,0,0,0,0,2,-9.70670939658534,0.875728943224926,-11.5022391481039,0,0,0
624,-55.920120853181,0.00439721693471063,2.95515179435591,0.610083641303359,0.000159644644581931,0.0576744693351289,-55.8108493962809,-0.039769813557196,2.91038688218054,0.610512716958816,0.00170980425468835,0.0456477911132604,-30,0,0,0,0,0,0,2,-9.42957290331986,-0.0914407983544434,-10.3855528756871,0,0,0
625,-55.3168588769371,0.0045109827231877,3.01082742518644,0.596438974994555,6.78803255833636E-05,0.0536821994083197,-55.0702671494762,0.0321379586586784,3.14918903541237,0.5901178848552,-0.00221894759999833,0.0616970767315406,-30,0,0,0,0,0,0,2,-8.87125418656763,0.157618842682477,-12.4680857439788,0,0,0
626,-54.7276197330317,0.00465750729492133,3.06151597216259,0.582037219573147,0.000225162438077936,0.0477005700332794,-54.7632027539151,-0.0238116090370691,3.10942243281953,0.571744150386294,-0.001776969384225,0.0652194014630627,-30,0,0,0,0,0,0,2,-7.64800953079916,0.225320156496638,-12.7407850119453,0,0,0
627,-54.152368710287,0.00499517572259619,3.10577477062576,0.568462397965638,0.000450168404842898,0.0408223799340293,-54.1984891764602,-0.024016191253333,3.00092061535606,0.561239965537457,-0.0104024133022031,0.0398869976357108,-30,0,0,0,0,0,0,2,-7.72701820082523,1.08827371272698,-9.99054099428319,0,0,0
628,-53.5899353609611,0.00598934226272064,3.14431518690697,0.556402746524501,0.00153815924939069,0.0362632228508735,-53.6846518911023,0.0801842675058731,3.11128437958179,0.546252413610131,0.00707180647088185,0.0302855287661471,-30,0,0,0,0,0,0,2,-7.25593757880859,-0.867549182099931,-9.25112163577828,0,0,0
629,-53.0391600022227,0.00709359782861287,3.17847534474834,0.545146552465413,0.00067034601414449,0.0320615521787069,-53.154901516605,-0.128178433785873,3.04550971685344,0.526959810534032,0.00904264573830663,0.0352723192937019,-30,0,0,0,0,0,0,2,-6.38617802019316,-0.647907706258917,-9.61825136307708,0,0,0
630,-52.4993975656747,0.00743986777332318,3.2080452740555,0.534376609167509,2.21881969306501E-05,0.0270825708419302,-52.3182336894258,-0.0213332291152384,3.11725944297274,0.518886753563143,0.0199149079937477,0.0303527987638325,-30,0,0,0,0,0,0,2,-7.25220797746273,-1.9488243411443,-9.26979876232874,0,0,0
631,-51.9706613186268,0.00648751471892766,3.23304244365436,0.523094477657503,-0.00192690034664499,0.022916215517909,-51.9672677204762,-0.0696709420048321,3.35470796288762,0.505893712975006,0.00333933460105182,0.0245047304869415,-30,0,0,0,0,0,0,2,-6.65483585654818,-0.194591576095518,-9.1598889744694,0,0,0
632,-51.4529365273647,0.00446319630785959,3.25375753255114,0.512353610363467,-0.00212174220623023,0.0185181956828135,-51.3925058052033,-0.0151699728580245,3.33257933171563,0.514507393860212,-0.00511270142352117,-0.000658777479289861,-30,0,0,0,0,0,0,2,-8.66572777561468,0.541610088068166,-6.59928091550228,0,0,0
633,-50.9460288321262,0.00261213076869056,3.27171363223186,0.501461511656678,-0.00158039410261144,0.0173982846056298,-51.0217072327558,-0.0947660086628468,3.32917168720166,0.500268456279035,-0.00566841217239294,0.0200532667289857,-30,0,0,0,0,0,0,2,-7.98343116239182,0.756373234564988,-8.6636700473019,0,0,0
634,-50.4503386014925,0.00140979004369697,3.28752513144939,0.489917912277319,-0.000824293223738985,0.0142292266697082,-50.5724527484605,0.0815611945687639,3.27450052054753,0.476624588266886,-0.00180329787652022,0.0105556202491739,-30,0,0,0,0,0,0,2,-6.51755332976759,0.0172073985144945,-7.60456306601244,0,0,0
635,-49.9652908404798,0.000593988557809568,3.3001834082969,0.480176585412845,-0.000807314552796919,0.0110911589447944,-50.1950556936707,0.0234613746443331,3.23405174367186,0.492819260943339,-0.00139316658951368,0.0322130913350612,-30,0,0,0,0,0,0,2,-8.89181470699251,0.0923939096627022,-9.68941262084984,0,0,0
636,-49.4915599465216,-0.000167277110575347,3.30956256436949,0.467284071012014,-0.000715224470880769,0.00767215364517403,-49.6121483140656,0.157431635186083,3.16515223504175,0.49290447847748,5.39422309120196E-05,0.00113370809926396,-30,0,0,0,0,0,0,2,-10.0661512196167,-0.320257493463368,-6.4436752800099,0,0,0
637,-49.0302522106065,-0.00104277241689896,3.31719751898546,0.455331516075313,-0.00103577162611364,0.00760239499545184,-48.8499153072238,0.259054652067291,3.21431162145111,0.461873593075523,-0.00164158879272986,0.0083384391410123,-30,0,0,0,0,0,0,2,-8.48752869310463,-0.353950424861595,-7.26246715700344,0,0,0
638,-48.5804964067224,-0.00225564925230176,3.32398264497693,0.444179622302589,-0.00138998822754389,0.00597218708290079,-48.5177951991203,-0.170324025186549,3.43117505474768,0.448894800530189,-0.00667669216689824,0.0142503109591649,-30,0,0,0,0,0,0,2,-7.85388965477841,1.00831726706292,-8.28738120541185,0,0,0
639,-48.1419374921589,-0.00314160794316264,3.32854964283527,0.432937298868112,-0.000381936071966151,0.00316616222924039,-48.1712745996458,0.0278534179045574,3.59987627232351,0.438985472973628,0.0198983675497327,0.00184908657034321,-30,0,0,0,0,0,0,2,-7.55599809807114,-2.04554359078239,-7.38466120168135,0,0,0
640,-47.7142381888836,-0.00454643658615538,3.33060184088847,0.422460615557848,-0.0024277276628519,0.000942297570210221,-47.8065323145815,0.148077739722431,3.50966878990669,0.416093407208827,-0.00544714828633419,0.000129265078076477,-30,0,0,0,0,0,0,2,-5.99627609171961,0.248559349188557,-7.03226408762102,0,0,0
641,-47.296282955937,-0.00684998666046289,3.33012704215038,0.413448931417876,-0.00217937917727847,-0.00188838660883763,-47.493970542115,0.0148315698149729,3.21198451437869,0.417729897204408,-0.0158324097859974,-0.016944885328533,-30,0,0,0,0,0,0,2,-6.78504863621073,1.5535778389698,-4.72948049590408,0,0,0
642,-46.8869844510744,-0.00825267401548312,3.32799538547983,0.405148027482165,-0.000626001218870952,-0.0023716912128036,-46.6944526232938,0.0603580942253702,3.32656097232225,0.425605701253312,-0.00154492335884098,-0.00167486441593785,-30,0,0,0,0,0,0,2,-9.17166487874365,0.0337761474333581,-6.48563550305072,0,0,0
643,-46.4874685161299,-0.00886191954526758,3.32538227904731,0.393883789863581,-0.00059249636894833,-0.00285019424028152,-46.3609590960113,0.083388167804818,3.52355860811837,0.411033335602152,-0.0161137305169997,-0.00638475774522031,-30,0,0,0,0,0,0,2,-8.38141536819259,1.44459671609033,-6.4086414417147,0,0,0
644,-46.0988749987745,-0.00873224164145183,3.32210202788982,0.383303050293038,0.000851846640850418,-0.00370624303659497,-46.1260629283753,-0.275539194119009,3.41286796972143,0.386728345332265,-0.00632676994210073,-0.0101052752946074,-30,0,0,0,0,0,0,2,-6.42070867647593,1.18375538244809,-5.81520840998211,0,0,0
645,-45.7198960232775,-0.00728861684471824,3.31763956432062,0.374654462870442,0.00203539680148393,-0.00521534134825778,-45.7065287319467,0.00936629352195678,3.34686015384774,0.380527538659691,-0.00286458431161853,-0.00479728280209808,-30,0,0,0,0,0,0,2,-6.63969640207561,0.26772584411794,-6.21399202748567,0,0,0
646,-45.349773004728,-0.00511946140299184,3.31158168330449,0.365591073538452,0.00230290802343747,-0.0068969301386382,-45.3123670862324,0.0443076475335447,3.30510352095155,0.380219893665732,-0.00850672108550615,-0.00314246119528933,-30,0,0,0,0,0,0,2,-7.39725519410839,0.762056813483525,-6.29596092237417,0,0,0
647,-44.9890447085192,-0.00243563865539431,3.30404338224367,0.35586516132675,0.00306473324693411,-0.00817594344310364,-44.7886182444988,0.138136915177879,3.171902138798,0.35069126213957,0.0215205872882983,-0.0141047294991357,-30,0,0,0,0,0,0,2,-5.49188972495946,-2.42833255918559,-4.93333132768243,0,0,0
648,-44.6368721989846,-0.000585155945166398,3.29522324788575,0.348479497334762,0.000636225641990629,-0.00946146998511273,-44.6006507009992,-0.0743039905042099,3.33450277949466,0.351579258155532,0.00608579325077747,-0.00184786306567573,-30,0,0,0,0,0,0,2,-5.95662441355468,-0.459971344069327,-6.48421925242175,0,0,0
649,-44.2927327739719,-0.000179014696360053,3.28463872967523,0.339798639089336,0.000176050845455511,-0.011704240874209,-44.2325235676318,0.0623704434543659,3.21314253135416,0.340027240809318,-0.00855241021551648,-0.00329010983865409,-30,0,0,0,0,0,0,2,-5.5376769456682,0.730500134642917,-6.09727407884291,0,0,0
650,-43.9569929788817,0.000362195078680146,3.27185313511409,0.331680269748671,0.000906361006262441,-0.0138638388766636,-43.9384841191762,0.0954307864381847,3.14925888791043,0.354049336155418,-0.00603815504713111,-0.0201270435383396,-30,0,0,0,0,0,0,2,-7.52796537718941,0.412953931836742,-4.28581342198691,0,0,0
651,-43.6296375397105,0.00147493097344398,3.25823673803161,0.323030898046206,0.00131910470876073,-0.0133656573423841,-43.774040784124,0.0969318736950085,3.20475257540603,0.32996356460994,0.0135273771309234,-0.00582463291580779,-30,0,0,0,0,0,0,2,-5.44827489274599,-1.54660146048236,-5.82704185923128,0,0,0
652,-43.3105514080759,0.00202064592732688,3.24389093120051,0.315140753696196,-0.000227681597656737,-0.0153229421012433,-43.2936239590513,0.0985334974597806,3.38937262526799,0.328567267865321,0.00347408729069702,-0.0239217715234452,-30,0,0,0,0,0,0,2,-6.26947886842955,-0.544475723989263,-4.38656809819146,0,0,0
653,-42.9992594211409,0.00152063735420013,3.2284201414171,0.307443216316986,-0.000772342213785279,-0.0156157003080779,-43.1786674699779,-0.151206080417089,3.12407746590149,0.30655595313436,-0.00206790299306422,-0.0170861010986428,-30,0,0,0,0,0,0,2,-4.29826037348025,0.5092024601406,-4.5395448219387,0,0,0
654,-42.6949182824649,0.00100282676843443,3.21201756184202,0.301238589146446,-0.000263284895867485,-0.0171870740836166,-42.5113478874611,-0.0951083665783729,3.16162335863823,0.306312134966535,0.0112319625747655,-0.0169739089254419,-30,0,0,0,0,0,0,2,-5.60851772173125,-0.932979524319801,-4.62585582473228,0,0,0
655,-42.3973351681574,0.000272968349549896,3.19440622327224,0.293927429859913,-0.00119643823980556,-0.0180328207952311,-42.5258151118685,0.149992506548893,3.08968319153184,0.304653586689656,0.00352401179020919,-0.030242268034973,-30,0,0,0,0,0,0,2,-5.4137284452286,-0.652386192118704,-3.15513957956637,0,0,0
656,-42.1065473009027,-0.00124973591847507,3.17648985824513,0.287648488084829,-0.00184897648827327,-0.0177975088793325,-41.8958474992676,0.109198287746349,3.11459225577532,0.298968995518342,-0.00896379118677664,-0.0199993647495809,-30,0,0,0,0,0,0,2,-6.10520455329898,0.677982543184966,-4.22924803659256,0,0,0
657,-41.822635736817,-0.00275980816739387,3.15859132502898,0.280174662272121,-0.00117117347935691,-0.017996725388353,-41.7631452767536,-0.156016693017161,3.21369398127787,0.30251802576731,-0.0191665864866517,-0.00397391221997719,-30,0,0,0,0,0,0,2,-6.72551202322382,2.22869203469949,-6.02999674055803,0,0,0
658,-41.5469844657716,-0.00281673980904634,3.13996517003686,0.271127517286767,0.00105730432872355,-0.0192521863778304,-41.4772036541835,0.0371474844153285,3.31769316484363,0.272222060892992,0.00722013050098748,-0.0172330281601716,-30,0,0,0,0,0,0,2,-4.26779878093219,-0.796308018929405,-4.91208351367009,0,0,0
659,-41.2790621565861,-0.00215766086246675,3.11980713602271,0.264716535318003,0.000260847347389978,-0.0210614492843449,-41.0670325608333,0.111486077272738,3.22671578952207,0.283522705557262,-0.00424864154159823,-0.0141831381024592,-30,0,0,0,0,0,0,2,-6.21820543405965,0.201891999614346,-5.03511776879822,0,0,0
660,-41.0183706619046,-0.00179596032271484,3.0983814373055,0.256666281571406,0.000462547758470906,-0.0217869254776912,-41.0427162877472,-0.00964667666507164,3.0300545446042,0.256336759925018,0.0193021114011912,-0.0165451980330036,-30,0,0,0,0,0,0,2,-3.54824341700737,-1.91091778678898,-4.40558928590804,0,0,0
661,-40.7644723924952,-0.00228893236533945,3.07569169805479,0.25112969158838,-0.00144849773097954,-0.023590450439936,-40.6917051003862,-0.033168085626974,3.24637587943449,0.257521094734513,-0.00327020860160213,-0.0222594207675319,-30,0,0,0,0,0,0,2,-4.36869927267878,0.393357031414161,-4.26680968211579,0,0,0
662,-40.5163991399316,-0.00354082054236222,3.05150624605156,0.245016469965725,-0.00105528405004023,-0.0247781447968297,-40.7644898259916,0.0989778509623949,3.00364178401009,0.240036184828637,0.00322430258045465,-0.0318276077922874,-30,0,0,0,0,0,0,2,-2.47463883088058,-0.520385959970255,-2.82452278879145,0,0,0
663,-40.2732498145684,-0.00485633773101892,3.02614846202472,0.241281847525474,-0.00157575610010255,-0.0259359835797553,-40.4524729916593,0.0140709447269096,3.07538891638651,0.257787757102377,-0.0129831681815777,-0.00349708685954448,-30,0,0,0,0,0,0,2,-4.87382972691914,1.27017492870395,-5.80106914681856,0,0,0
664,-40.0356892131427,-0.00579709031826441,2.99916803818895,0.233838685965514,-0.000305753587928028,-0.0280220848559606,-40.2667786721101,0.158719763866701,3.03786197200255,0.222824523534252,0.00427484079515303,-0.0339590923927963,-30,0,0,0,0,0,0,2,-1.74889500920494,-0.744923607248705,-2.67981470472547,0,0,0
665,-39.8033868916448,-0.00647533719576907,2.97041723555442,0.230765515388991,-0.00105074623590864,-0.0294783259290926,-40.0426229413183,-0.0234239779775912,2.87917632458052,0.221326150625578,-0.00310698377152142,-0.0145316935097143,-30,0,0,0,0,0,0,2,-2.04736917992118,0.357546333107324,-4.3051832981896,0,0,0
666,-39.574767413687,-0.00734735482103593,2.93965461771288,0.226472597979565,-0.000693294744254194,-0.0320452786458169,-39.4383986896784,0.0537045910793625,2.83917225429,0.220211097580845,-0.00678891483106894,-0.0331630791073349,-30,0,0,0,0,0,0,2,-3.14431237872762,0.571482300948169,-2.3620365978465,0,0,0
667,-39.3502957837132,-0.00775495268855503,2.9074358293553,0.222470620694642,-0.000121907117848009,-0.0323907755511404,-39.3156201789338,-0.125425994115474,2.82762191408851,0.221114430727343,-0.01530183976019,-0.0372792566630694,-30,0,0,0,0,0,0,2,-3.48020271486668,1.78103596424995,-1.92731816187009,0,0,0
668,-39.1298291613265,-0.00698638728865407,2.87515077950159,0.218462784073505,0.00165903230437036,-0.0321778024285493,-39.1907125638677,-0.0556304713277902,2.78154236886315,0.234829733054029,-0.00323072649430897,-0.0411736257684081,-30,0,0,0,0,0,0,2,-5.10154817766746,0.434333592086478,-1.4457221608855,0,0,0
669,-38.9138708524713,-0.00511024728636097,2.84376458902355,0.213454483547472,0.0020932409294983,-0.0305927014118017,-39.0665850345251,0.00937521260896468,2.93906958588545,0.224828786549954,-0.0147726096228461,-0.0251506773810761,-30,0,0,0,0,0,0,2,-4.34970858594525,1.45851053706668,-3.36307143366329,0,0,0
670,-38.7031985937583,-0.00228781446229271,2.8129780998172,0.207889973164577,0.00355161936141176,-0.0309782046468579,-38.775337652604,-0.00379207732638304,2.8407755395889,0.204610850350092,-0.00152129096196589,-0.0293857101596456,-30,0,0,0,0,0,0,2,-2.91040972980122,0.159713250849355,-2.74298006321323,0,0,0
671,-38.4973303756047,0.00134361753901238,2.78162401994727,0.203846270733693,0.00371123830858243,-0.0317284314980997,-38.5834682579472,0.00653293672836916,2.79359625202966,0.202123091276672,0.000891042143125386,-0.0163137139116197,-30,0,0,0,0,0,0,2,-3.04537261177281,-0.102170087769277,-3.95582111289736,0,0,0
672,-38.2959272401787,0.0050037179678588,2.74908244451293,0.198959494908058,0.0036089565162618,-0.0333528966140554,-38.3072100476719,0.0531124614046364,2.72915198979975,0.205517983303479,0.0102061211964608,-0.0321652984327786,-30,0,0,0,0,0,0,2,-3.93737823500415,-1.12683704245536,-2.24177413632164,0,0,0
673,-38.0992479116215,0.00804920384212668,2.71587389627283,0.19439934244002,0.00248200951946826,-0.0330624973344875,-38.1531673761785,-0.0340579856624132,2.71650946346257,0.199544084269741,-0.0046395784957863,-0.0305431553033454,-30,0,0,0,0,0,0,2,-3.6480736746172,0.532073820903456,-2.37870339659061,0,0,0
674,-37.907054726234,0.0107972007739087,2.68281869195668,0.189987103695733,0.00301397784282231,-0.0330462725386233,-38.0555759585062,-0.116205167512755,2.62996331364121,0.204397203897462,0.020022562971955,-0.0249650457059634,-30,0,0,0,0,0,0,2,-4.3285684727338,-1.76984596216999,-2.76342205668607,0,0,0
675,-37.7196606689995,0.0129261952087234,2.64983832676359,0.184801129493806,0.00124400740590838,-0.0329125387246384,-37.6108526536624,0.0351163004379797,2.52296759237026,0.198503369528741,-0.0050396023287647,-0.041540576594268,-30,0,0,0,0,0,0,2,-4.62863164554922,0.433727632000511,-0.891877525313722,0,0,0
676,-37.5370028186299,0.014387015275501,2.61783183140713,0.180515289270006,0.00167762668966794,-0.03109885938861,-37.6419355412389,0.0430797953692004,2.62976215163234,0.174586965869393,-0.00345615844134116,-0.0179274115066633,-30,0,0,0,0,0,0,2,-2.17482550446156,0.259456253395715,-3.46678315259835,0,0,0
677,-37.3584377556321,0.0161943294882771,2.58587563394976,0.176614294183109,0.00193699546935488,-0.0328120828508043,-37.3705930882116,0.0236167966718936,2.44176409697849,0.182244498172287,0.00137522806745069,-0.0300776687026798,-30,0,0,0,0,0,0,2,-3.4832636408056,-0.184756400088856,-1.87576132368899,0,0,0
678,-37.1838100709684,0.0180389012806927,2.55323995485626,0.172641269944862,0.00175214308323873,-0.0324578011135127,-37.305345195257,-0.0537884422930618,2.553785296689,0.183077978372677,0.00828749671742005,-0.0344845937101666,-30,0,0,0,0,0,0,2,-3.69710744675368,-0.721172787155882,-1.65911122236134,0,0,0
679,-37.0131735982894,0.019430412173169,2.52111402343316,0.168631979282316,0.00103087240000192,-0.0317925765999151,-36.9856806906904,0.138625310518078,2.49569059121167,0.171589943069834,-0.00313456935885112,-0.031855735821019,-30,0,0,0,0,0,0,2,-3.18763292560254,0.0362063148489568,-1.80580760032144,0,0,0
680,-36.8463883711974,0.0204793459118567,2.48944428338565,0.164938628498798,0.00106698980152369,-0.0315455315309369,-36.8088498351773,0.136477716699597,2.4853909918062,0.162403700253726,-0.00788746082309203,-0.0237314029055707,-30,0,0,0,0,0,0,2,-2.62267035501791,0.515790648910008,-2.59764169305533,0,0,0
681,-36.6833139840406,0.0218041906466565,2.45753966942392,0.16120995670758,0.00158269396407661,-0.0322623161197639,-36.7137569136949,-0.140565687424185,2.46634304897119,0.159163026682853,-0.012446244277314,-0.0356772018806751,-30,0,0,0,0,0,0,2,-2.48878884089539,1.52575580257977,-1.36496590987486,0,0,0
682,-36.5235392732965,0.0241497312363559,2.4253694192187,0.158339594789081,0.00310838088406064,-0.032077111987131,-36.3340770723845,-0.0165427451372504,2.48626957083087,0.153703896428166,-0.00734083143783836,-0.039107385508801,-30,0,0,0,0,0,0,2,-2.70223549804759,0.767168634058337,-1.06180059078163,0,0,0
683,-36.3666262633698,0.0276416643629639,2.39357278869227,0.15548668533196,0.00387547977151448,-0.0315150876494858,-36.2623218885123,-0.0651755923188418,2.46180925282731,0.157301697141254,0.00786625102590638,-0.0328541251448695,-30,0,0,0,0,0,0,2,-3.20552593710092,-0.656273917952954,-1.63820599116766,0,0,0
684,-36.2129407702732,0.0311889674315961,2.36226750899715,0.151884512074665,0.00321911858028628,-0.0310941451694653,-36.1146829449964,0.0330592485627607,2.43011918115364,0.139906293543252,0.00218651253249217,-0.0345431934211047,-30,0,0,0,0,0,0,2,-1.76126346433245,-0.284769750374739,-1.40591902019681,0,0,0
685,-36.0622149443978,0.0342656765649577,2.33103650396333,0.149567103539279,0.00293429480968347,-0.0313669942362561,-36.024467604823,-0.164060044091909,2.28098165217664,0.159410659498526,0.0165714662080355,-0.0329367178333326,-30,0,0,0,0,0,0,2,-3.89213074020671,-1.32902653261974,-1.26829152102002,0,0,0
686,-35.9146060035959,0.0365354124480021,2.30024298409668,0.145651242387584,0.00160517095365922,-0.0302186135907498,-35.8701214915225,-0.00310402817179216,2.2702488240437,0.141971872341755,-0.0194862251874846,-0.0322141319405462,-30,0,0,0,0,0,0,2,-2.45694425113045,1.95483057509204,-1.31908445403277,0,0,0
687,-35.7703606463801,0.0391179681515775,2.2701416389471,0.142839614250161,0.00355993387058841,-0.029983038253434,-35.8449721508438,0.101686025838091,2.25250624395243,0.149018250040457,0.0361182020668566,-0.0393719010785058,-30,0,0,0,0,0,0,2,-3.21188070235807,-3.81519225836184,-0.567822380054278,0,0,0
688,-35.6289934862715,0.0407702717449304,2.24080726320011,0.139895219867946,-0.000255332964002236,-0.0286846296854759,-35.6631018295653,0.0601582402950014,2.26066504248757,0.137583854803766,0.00120742400227508,-0.037681271193834,-30,0,0,0,0,0,0,2,-2.43218182124607,-0.241058880817511,-0.753202965591737,0,0,0
689,-35.4903187848059,0.0403943808160369,2.21246173789851,0.137454478687563,-0.00049645219334984,-0.0280055155566344,-35.3101009618163,0.019553263933446,2.34474196966221,0.143068873841372,-0.00170296664061128,-0.0274765663976913,-30,0,0,0,0,0,0,2,-3.68668546050465,0.131190136194236,-1.9418272995553,0,0,0
690,-35.3549441014485,0.0399634764152253,2.18471568224217,0.133295125772031,-0.000365363131264028,-0.0274850882769243,-35.3387324886647,-0.0363033857922345,2.04929799660191,0.138791268747979,-0.00071347770815033,-0.0358077882266156,-30,0,0,0,0,0,0,2,-3.20166189746856,0.143954542399502,-0.517817170542255,0,0,0
691,-35.2230984155906,0.039670056441709,2.15790605231981,0.130396774366145,-0.000221482348111632,-0.0261331085535735,-35.182020918869,0.0447061381141572,2.19048541836441,0.134212833271754,0.00318044844821655,-0.0339966183186127,-30,0,0,0,0,0,0,2,-3.0572414894374,-0.40745712104997,-0.981309004867559,0,0,0
692,-35.094235528871,0.0392448095055566,2.13222461183831,0.127329368317108,-0.000629015734226712,-0.0252286524381786,-35.1533655225096,0.0847407507990059,2.1164014777834,0.11532952138741,-0.017305191387345,-0.0357850748278881,-30,0,0,0,0,0,0,2,-1.22622109372179,1.56103763713649,-0.654295472777993,0,0,0
693,-34.967617678018,0.039396298506795,2.10701466376157,0.125906398180039,0.000931988183602103,-0.0251907022963925,-34.9441060192233,-0.183523118111526,2.2323924862907,0.135234065524316,0.00853723932015327,-0.0184148232333581,-30,0,0,0,0,0,0,2,-3.6351945139851,-0.486677695792274,-2.62330264924559,0,0,0
694,-34.8439779336618,0.0400848977172701,2.08181402296914,0.121373136037786,0.000445202329483159,-0.0252089510311069,-34.8606147841399,-0.150404176684742,2.08052523624994,0.104981364717964,0.00264784871037985,-0.0407071213306054,-30,0,0,0,0,0,0,2,-0.776906903516604,0.0360234823314988,-0.0903383394393487,0,0,0
695,-34.7229650460592,0.0405481055076866,2.05671194113959,0.120652764207332,0.000481208339293902,-0.0249949177656124,-34.5074758253292,-0.0587198112328793,2.19741466646625,0.122152934616272,0.00361656673533163,-0.00731513961730983,-30,0,0,0,0,0,0,2,-3.20034181096889,-0.244217051067404,-3.66331537120151,0,0,0
696,-34.60472947773,0.0409071523659227,2.03117114073912,0.115818043107354,0.000236879826787313,-0.0260849519631073,-34.5953696410242,-0.0226420568131649,2.07828955814893,0.110826826993449,-0.00377627731146961,-0.024425577664704,-30,0,0,0,0,0,0,2,-1.8919434172965,0.42291184477329,-1.71402134982746,0,0,0
697,-34.4902123750271,0.0413554611411907,2.00490556427795,0.113216083315835,0.000659731196782028,-0.0264452563248434,-34.6639289402865,-0.0207952873404771,1.82977985372514,0.114839823784547,0.00248381099589387,-0.0193530619836798,-30,0,0,0,0,0,0,2,-2.15612449788169,-0.206790524908433,-1.72425350908229,0,0,0
698,-34.378404282189,0.0419117663233458,1.97836038361133,0.110400080106897,0.000452874500893643,-0.0266440867925288,-34.2516147054953,-0.0847862111595581,2.02476934016255,0.0980775511140825,-0.0132311637677801,-0.0396817929849053,-30,0,0,0,0,0,0,2,-1.30452570041765,1.49268879909712,-0.0813593818345706,0,0,0
699,-34.2685686989378,0.0431109741965953,1.95199949668239,0.109271332874094,0.00194553479652667,-0.0260772590127045,-34.3781461214371,0.0469033187954852,2.14619515463948,0.110637166359588,0.00618502588553212,-0.0325922809563796,-30,0,0,0,0,0,0,2,-2.3074243930846,-0.712309226144182,-1.033162213641,0,0,0
700,-34.160549678335,0.0447003265939281,1.92614507070502,0.106766909973288,0.00123316449273817,-0.0256306869585448,-34.195859756642,0.13638422082914,1.96578458967646,0.119719767733738,-0.00284249144747337,-0.0278587261312283,-30,0,0,0,0,0,0,2,-3.58025726008977,0.0114807030890564,-1.14569656623009,0,0,0
701,-34.0555680315743,0.0459391896358511,1.9010913934039,0.103196829767528,0.0012445559256529,-0.0244753924177037,-33.8177144718948,0.070308743357267,2.00490502630547,0.0989068484656337,0.0100181060903295,-0.0146118351427848,-30,0,0,0,0,0,0,2,-2.25525590277368,-1.14242809574749,-2.54862653833247,0,0,0
702,-33.9540727360648,0.0466124952831551,1.87623549145549,0.0997935401006674,0.00010204967886683,-0.025235196080143,-33.9428538523201,-0.169810628603149,1.83994861092341,0.103557959534464,-0.0119993636205902,-0.0213149287592797,-30,0,0,0,0,0,0,2,-2.47008824880615,1.53955761926532,-1.54840434591885,0,0,0
703,-33.8557541161685,0.0474842919829203,1.85108167063829,0.0968438009254731,0.00164153661176084,-0.0250713912023873,-34.0563315650466,0.0937056641080212,1.81916775259057,0.102140594593429,-0.0173992682871876,-0.0252626288267057,-30,0,0,0,0,0,0,2,-2.10139632924964,1.55251550050272,-1.11207262251057,0,0,0
704,-33.7601048099003,0.0499020607037928,1.8261505768784,0.0944549510826614,0.00319399443351697,-0.0247899396064972,-33.9607719389708,0.193008458804727,1.84808998424212,0.0945758036538414,0.00532813857732918,-0.00945848768061226,-30,0,0,0,0,0,0,2,-1.53603648744249,-0.918830775342371,-2.75033120042302,0,0,0
705,-33.6671338114461,0.0526366088347528,1.80068690411946,0.0914866233827159,0.00227509825675309,-0.0261363508515394,-33.6990448258809,0.0848037915437618,1.91598864108313,0.0791819201394468,0.00246558830880999,-0.0243275232211554,-30,0,0,0,0,0,0,2,-0.520102362182786,-0.416166413968523,-1.39922496005072,0,0,0
706,-33.5763138777563,0.054703613470978,1.77409068677904,0.0901529696641414,0.00185890408058703,-0.0270555940454932,-33.5303109698127,0.0879453002960205,1.79753921600082,0.0731947626268758,-0.00539920538147559,-0.0503851615399945,-30,0,0,0,0,0,0,2,-0.258854323062175,0.364029937555518,1.44343772199782,0,0,0
707,-33.4858384583835,0.0567445410280585,1.74760489546889,0.0907983035504052,0.00222294587794385,-0.025916182744606,-33.4996108959241,0.267133823840485,1.7887960202497,0.0853476453450051,-0.00512027681475908,-0.0238472955063479,-30,0,0,0,0,0,0,2,-1.53554274265235,-0.0222399662050623,-1.19286248986461,0,0,0
708,-33.3960387875904,0.0589563466838906,1.72162841543873,0.0888010375287559,0.00220065920685058,-0.0260360621492713,-33.3536008896242,0.00545321657625886,1.59434261124808,0.0810243745709366,-0.00650501490528686,-0.0346777912893667,-30,0,0,0,0,0,0,2,-1.39523567784535,0.639595057376169,0.279093906440512,0,0,0
709,-33.3077210790757,0.0614767935587473,1.69606433768354,0.0878347446371606,0.00284022817920677,-0.0250917343181239,-33.3092226714086,0.073497418674411,1.83510313424076,0.105035591742113,0.0120782212826203,-0.0242795512971309,-30,0,0,0,0,0,0,2,-3.88511383139415,-1.35481696561085,-1.24225113876843,0,0,0
710,-33.2218154714201,0.0636395677436419,1.67163248886095,0.0839769643742191,0.00148531434776305,-0.0237706099232077,-33.0918609724627,0.20968945914783,1.61531722806069,0.086349259230509,-0.0122094207090368,-0.018823323144388,-30,0,0,0,0,0,0,2,-2.4512039781255,0.80156315260802,-1.34830214168257,0,0,0
711,-33.1392408548468,0.065525632776313,1.64803505738859,0.0811724276153029,0.00228680960956189,-0.0234232634908796,-33.3238064157145,-0.0494867143059783,1.63800030207749,0.0852790040249996,-0.00370590817222501,-0.0323224470224017,-30,0,0,0,0,0,0,2,-1.88028757107102,0.469564245834457,-0.0437559019148033,0,0,0
712,-33.0588387625938,0.0680472081963591,1.62511673722374,0.0796321413289613,0.0027563336646115,-0.0224128212083316,-32.958246662305,0.0205695917316465,1.54187994651355,0.0927162755229036,-0.0111555588898133,-0.0235410772666765,-30,0,0,0,0,0,0,2,-3.3551342276804,1.07441670551804,-0.729652166359459,0,0,0
713,-32.980765068212,0.0713407129551544,1.60340670645004,0.0765157709645806,0.00383067083316455,-0.0210061400974726,-32.9849767581723,0.127011265999047,1.68515965162349,0.0701326615202719,0.00480533996104698,-0.0165642226328552,-30,0,0,0,0,0,0,2,-1.0433126356825,-0.734556528102791,-1.71389703996146,0,0,0
714,-32.9052163905936,0.0748040884097796,1.58199736700624,0.074581339508026,0.00309607173828769,-0.021811854519004,-32.9786088754592,0.0896257680825955,1.74524542745279,0.0800375423887397,0.0264324281773267,-0.0129432621609277,-30,0,0,0,0,0,0,2,-2.04653648795567,-2.82249435389786,-2.19616463881281,0,0,0
715,-32.8321444687872,0.0764888817950648,1.55991244930207,0.0715623550268301,0.000273507866851924,-0.0223569260088223,-32.9668323320257,0.0128336669349376,1.68766618091147,0.0778584109139536,0.0050014218888536,-0.0137773681379591,-30,0,0,0,0,0,0,2,-1.85217642734391,-0.525809522755236,-1.99759554802702,0,0,0
716,-32.7619540038422,0.0764994563734021,1.53730158920903,0.0688184371162902,-0.00025236470005839,-0.0228638347701686,-32.7467991582627,0.133781290357144,1.5591667835693,0.0839046019098747,-0.00245199039736562,-0.0295320460975655,-30,0,0,0,0,0,0,2,-2.8968618744621,-0.0223635409777253,-0.165128957382054,0,0,0
717,-32.6943361703988,0.0762358806279759,1.51522729642537,0.0664178006729954,-0.00027479133661614,-0.0212839096909183,-32.6236395347038,0.242056581009374,1.65319946117122,0.0683253544833042,-0.0155140826215673,-0.0221223607681911,-30,0,0,0,0,0,0,2,-1.58525637892281,1.06729510013798,-1.09416284552332,0,0,0
718,-32.6289012487023,0.0764947164183421,1.49396138035905,0.0644520874628978,0.000792457192776963,-0.0212472323764536,-32.6450588648327,-0.0490110017200936,1.38617200201352,0.0712506191662554,0.00354624058038038,-0.00489194065474399,-30,0,0,0,0,0,0,2,-1.83494418696022,-0.25660205459785,-2.28314993855264,0,0,0
719,-32.565903946307,0.0771588418908426,1.47235188197764,0.061542306228659,0.00053578903773091,-0.0219707497155115,-32.3463238587398,0.0657203525347845,1.52389976591745,0.061613117816663,-0.0137127275817522,-0.0149446216338992,-30,0,0,0,0,0,0,2,-1.4686640641868,1.23983205310565,-1.55333736844498,0,0,0
720,-32.5054446047399,0.0783145247920107,1.45018910181099,0.0593762774857741,0.00177557147170843,-0.0223540558592376,-32.6959221766075,-0.00309792223257661,1.52635152663195,0.0540607489920985,-0.00829781940235552,-0.0108783404462655,-30,0,0,0,0,0,0,2,-0.0142305459949048,0.835977784700705,-1.96486900863735,0,0,0
721,-32.44671822757,0.0805080766185404,1.42702610126235,0.0580759606428949,0.00261152538438051,-0.0239714876859209,-32.3628518768348,-0.124430404445051,1.36453010077688,0.0604703795851712,0.00161850495708491,-0.000456019582034197,-30,0,0,0,0,0,0,2,-1.32133420484761,0.0870103131816118,-2.68345824335034,0,0,0
722,-32.390027140304,0.0831630805842224,1.40238234624461,0.0553057886498595,0.00269847562510833,-0.0253150672056711,-32.5570118209134,0.147917015527975,1.56749815021528,0.0470398235412171,0.00523882439976509,-0.0289271414076631,-30,0,0,0,0,0,0,2,0.410041287705009,-0.819716471032458,-0.242282159664255,0,0,0
723,-32.334664549033,0.0854517030798125,1.37679433333196,0.055419240330177,0.00187876489743819,-0.0258609801252345,-32.3802658955635,0.137421337528971,1.42525231897502,0.0422178616495161,0.00127537995096679,-0.0151944042774817,-30,0,0,0,0,0,1,2,0.538745626175354,-0.40238067015462,-1.33106421020187,0,0,0
724,-32.2794842254941,0.0871292782660935,1.35019846502346,0.0549409441378537,0.00147637962380921,-0.0273305778003988,-32.2484489177957,0.00805669049692842,1.17967078989302,0.0611996712746264,0.0104777977434194,-0.0328009921041001,-30,0,0,0,0,0,1,2,-1.62306929187118,-1.0638931553358,0.920757630623976,0,0,0
725,-32.2249050426573,0.0880737027039901,1.32368958027978,0.054218011050702,0.00041246327027114,-0.0256869313304389,-32.0083042462488,-0.0143003923998627,1.34019242432058,0.0513593947878262,0.00448275633864714,-0.0139500069955344,-30,0,0,0,0,0,1,2,-1.11933098628505,-0.419674849064989,-1.28538414908772,0,0,0
726,-32.1715526965542,0.0882763119526038,1.2978129394979,0.0524865850223027,-7.250609814043E-06,-0.0260657492517883,-32.0769215735209,-0.0340864714710461,1.21933542031257,0.0510419217605186,0.00534392144146322,-0.0242800998849779,-30,0,0,0,0,0,1,2,-0.950349029010034,-0.466219201204229,-0.0106608521273412,0,0,0
727,-32.1194618731088,0.0880359443686203,1.27199778558624,0.0516952614650946,-0.000473489989705502,-0.025564277011059,-32.1055319928584,-0.0325117177800916,1.36037356409427,0.0608438747159319,-0.0093016215861464,-0.0121166903743789,-30,0,0,0,0,0,1,2,-1.8733234858763,0.995185594174823,-1.50907809075066,0,0,0
728,-32.0689943677736,0.0880600214741504,1.24640016555365,0.0492397563862712,0.000521637974573848,-0.0256301218766808,-32.1777422101188,-0.136977949561541,1.0440884473195,0.0474491090386848,0.0154652586658311,-0.0305016090429809,-30,0,0,0,0,0,1,2,-0.389426483630875,-1.27256996746003,0.961984009659083,0,0,0
729,-32.0196237230722,0.0879453784231191,1.22122009713552,0.0495018671636411,-0.000750928667391216,-0.0247300904899607,-31.9779852014693,0.0926015370741768,1.26588780212477,0.0389979180549545,0.0101609303650894,-0.0204276462392972,-30,0,0,0,0,0,1,2,0.0561785974431848,-1.20129611065729,-0.489010980319812,0,0,0
730,-31.9702802836993,0.0865938015364726,1.19623861907395,0.0491848717952955,-0.00195222945587508,-0.0252327454722763,-32.0422143477158,0.0435114748059083,1.07476401688043,0.0537200626384085,-0.00362751894688477,-0.0153528543660948,-30,0,0,0,0,0,1,2,-1.28757756840915,0.27572894507666,-0.614242597151377,0,0,0
731,-31.9218118790225,0.0847794221423419,1.17113488031467,0.0477520528347571,-0.00167653504444537,-0.0249742363823446,-31.9813392266784,0.0944351585689033,1.08962443412582,0.0426216653477967,-0.00769442923304738,-0.0346192423354386,-30,0,0,0,0,0,1,2,-0.299488081422861,0.580572606166932,1.28267536529222,0,0,0
732,-31.8737904296554,0.0833931810269857,1.14670635423817,0.0482912394466061,-0.00109595336461587,-0.0238829873404515,-31.9068615700419,0.169872439777059,0.861846728173327,0.0420219969611357,-0.00317785705962605,-0.0385677967137006,-30,0,0,0,0,0,1,2,-0.388476556029812,-0.021959173591513,2.13308621502341,0,0,0
733,-31.824991372956,0.0822862597256627,1.1237242402371,0.0493075076497504,-0.00111789514260592,-0.0220815664035621,-31.6866337908634,0.0525550884910259,1.2525557114776,0.0489373701991256,0.00998681690586089,-0.0195429051097275,-30,0,0,0,0,0,1,2,-1.52046943818575,-1.10379186756814,-0.550820911982447,0,0,0
734,-31.7764670002054,0.0806164529089402,1.10187196228071,0.0477414212877088,-0.0022217256992781,-0.021622449919049,-31.5659431375715,0.0565251983037928,1.23119225977396,0.0362610829368124,0.00969538411355787,-0.00115700741403707,-30,0,0,0,0,0,1,2,-0.494222018538213,-1.08258880796337,-2.34668377814421,0,0,0
735,-31.7296879040022,0.077853416010099,1.07946195126745,0.0458162723584778,-0.0033043530843924,-0.0231969131907157,-31.869082523371,0.102401152303796,1.11936370619541,0.0413543078504203,-0.00433546313386638,-0.0319665691262923,-30,0,0,0,0,0,1,2,-0.397265738300034,0.228744008779045,0.957929500238422,0,0,0
736,-31.6837407328638,0.0746634395674784,1.05671800808373,0.0460783995718002,-0.00307560596263922,-0.0222910462855047,-31.8900475887059,0.0813809919714567,0.99725179277583,0.0540992345146546,-0.0110827998911705,-0.043246001557863,-30,0,0,0,0,0,1,2,-1.62982827405367,0.945518005174132,2.33009657023464,0,0,0
737,-31.637564272554,0.072060591106522,1.03580132327249,0.0462754636525345,-0.00213009439021696,-0.0195423738161479,-31.5897486143118,0.1109985618478,1.04588049263589,0.0583904628494773,0.00313146326767152,-0.0347273958387862,-30,0,0,0,0,0,1,2,-2.65954905632405,-0.535143450462752,1.38097859860683,0,0,0
738,-31.5918872721401,0.0696629074051077,1.0175989642401,0.0450794556588256,-0.00266527738220279,-0.0168619325009577,-31.4519644926511,0.0732813343817206,1.07715557477385,0.0355527458284582,0.00510046150696858,-0.00963194011325117,-30,0,0,0,0,0,1,2,-0.651345597543666,-0.656608819460299,-1.19111713822258,0,0,0
739,-31.5474583467162,0.0666693146891767,1.00044759877238,0.0437782280016114,-0.0033219142309969,-0.0174403516063622,-31.5398793899743,-0.0335546361716602,1.11523278758275,0.0421026549507071,0.000179821428156641,-0.0179770406884924,-30,0,0,0,0,0,1,2,-1.13050671512207,0.0491271295276563,-0.43276150631627,0,0,0
740,-31.5042713858686,0.0633719522569837,0.983163682253885,0.0425958220436743,-0.00327281613821948,-0.0171270753148888,-31.6365786307875,0.023792418527385,1.01401906740075,0.0467467628190079,0.0164986329997888,-0.035922442882038,-30,0,0,0,0,0,1,2,-1.40151902032581,-1.69744813703365,1.56420615340231,0,0,0
741,-31.4617286667016,0.0592504099399696,0.967046401641784,0.0424903125754067,-0.0049702750823652,-0.015107439274385,-31.3734525772233,0.132806258676706,0.97705913973237,0.0372118876374249,-0.00411630314489503,-0.00573470567981874,-30,0,0,0,0,0,1,2,-0.974283609295812,0.146017797136091,-1.38064771148287,0,0,0
742,-31.4200726818849,0.0543531276683213,0.951683942255354,0.0408215085771833,-0.00482429439929279,-0.0156169142544462,-31.4237492364142,0.147528365208081,1.05220618709561,0.0358634925672022,-0.0108315526100985,-0.0139341629344704,-30,0,0,0,0,0,1,2,-0.738850783891765,0.788098530593691,-0.710996080744171,0,0,0
743,-31.3797803634445,0.0499228737560395,0.935994219607672,0.0397631027030577,-0.00403621999019813,-0.015762168165957,-31.3606597771202,0.0213884589277147,0.854863741647918,0.0627060335992246,0.00380828939190713,-0.00274443867047153,-30,0,0,0,0,0,1,2,-3.54928380568203,-0.423605857046142,-1.43528361624868,0,0,0
744,-31.3418546890309,0.0456748074786774,0.920788390593073,0.0360886370084335,-0.00445991794003571,-0.0146482618132462,-31.1479530613293,0.157373808039918,1.0125700574917,0.038984529424129,-0.0144410184759145,-0.0309720443915932,-30,0,0,0,0,0,1,2,-1.60254681975432,1.12935423151161,1.07206432417593,0,0,0
745,-31.3060500510182,0.0417795596010679,0.907031196229843,0.035521249235295,-0.00333058465192239,-0.0128659272175591,-31.3311087724542,0.0700073496400209,0.887957271775961,0.0434518497604566,-0.000845694379692142,-0.0144910380555071,-30,0,0,0,0,0,1,2,-1.68296743113716,-0.0554452613108276,-0.326810738001208,0,0,0
746,-31.271292887395,0.0384212356903695,0.894548431380898,0.0339933519613996,-0.00338606933743471,-0.0120990863183385,-31.2834322850306,0.192068138724532,0.814413481717952,0.0476404877453642,-0.0183722830618065,-0.00547424443746957,-30,0,0,0,0,0,1,2,-2.19718420447532,1.45309202873158,-1.08140251968895,0,0,0
747,-31.2385027492644,0.0357616846896237,0.882711917808775,0.0315871182833414,-0.00193303663781573,-0.0115731341571272,-31.3052487894534,0.11785598394063,0.958366364405749,0.0299941577770924,-0.00584544810858756,-0.0158415523096203,-30,0,0,0,0,0,1,2,-0.388918198802443,0.348832842977496,-0.332577497849472,0,0,0
748,-31.2071862641811,0.0340030604666771,0.871105373034576,0.0310458481652958,-0.00158421598381433,-0.0116397662210222,-31.3535039122346,-0.091553205975524,0.991704901070966,0.0405727375770107,-0.00953408912776322,-0.0094627887321774,-30,0,0,0,0,0,1,2,-1.3502659332318,1.13651532472737,-1.03713092892419,0,0,0
749,-31.1770055212697,0.0329870848934163,0.85947485082647,0.0293156607742996,-0.00044774158458355,-0.0116207018457655,-31.1034037913421,-0.0697932942691689,0.77959518520167,0.040482252022671,-0.000825806467180805,-0.0149759105542844,-30,0,0,0,0,0,1,2,-1.84141761958286,0.222167235256418,-0.0615993149749039,0,0,0
750,-31.1484264686023,0.0326504098614607,0.848395914559604,0.027842819669137,-0.000225613935232496,-0.0105366773296492,-31.0387750825548,-0.0897691898917796,0.849622365146066,0.0271951355597619,0.014469066884453,-0.0181467802044883,-30,0,0,0,0,0,1,2,-0.641963390866534,-1.26736830866174,0.115433290156697,0,0,0
751,-31.1208048169317,0.0317911080493513,0.838081537295637,0.0274006471135822,-0.00149299440524271,-0.0100919223042533,-31.1479624742348,-0.0166852134900548,0.824783688471663,0.0199796785980956,0.0184603902839461,-0.00521443485800194,-30,0,0,0,0,0,1,2,0.297957088660123,-1.8126686014145,-1.12812389114313,0,0,0
752,-31.0936699277015,0.0293917791807558,0.827434279361878,0.026868784839636,-0.00330567025466656,-0.0112024103189684,-30.9861844542728,0.0733052350049338,0.805144127345002,0.0172340163162027,-0.00644748867045941,0.000490552693472724,-30,0,0,0,0,0,1,2,0.248967276925378,0.498138397036073,-1.65934352403728,0,0,0
753,-31.0672588908345,0.0263351738636421,0.815490817235494,0.0259528223005677,-0.00280754651108909,-0.0126842045636004,-31.1045065383388,0.0706180766348536,0.935224827287111,0.034239585346678,0.000949769149103527,-0.00897320424486815,-30,0,0,0,0,0,1,2,-1.21494545799017,-0.23621306818006,-0.973129230087407,0,0,0
754,-31.0420992925011,0.023409505027354,0.80280260743578,0.0243663913020189,-0.0030437968830066,-0.0126916880053086,-31.0503178048886,0.0391379543196593,0.863610758976634,0.0349915263075889,-0.0127033501219199,0.00552569398099251,-30,0,0,0,0,0,1,2,-1.39851702098171,1.19205910355267,-2.27979091605252,0,0,0
755,-31.0190202865122,0.0209617119795858,0.789671416669518,0.021791351541618,-0.00185179463553174,-0.0135698428861477,-31.1050109738162,0.00786091999023347,0.884444353978505,0.00805706489516112,-0.0167433834097238,-0.0103556675914063,-30,0,0,0,0,0,1,2,1.40431545811629,1.65861650099192,-0.733321948816384,0,0,0
756,-30.9969495922938,0.0199392392015846,0.775341092241248,0.0223495576568174,-0.000193157307077869,-0.0150909818560856,-30.8534419302722,0.111030083312612,0.652534554896434,0.0150973335483659,0.00434408204066537,-0.00299223529934843,-30,0,0,0,0,0,1,2,0.197150505707895,-0.656468370691761,-1.00584557985802,0,0,0
757,-30.9748691293486,0.0194178487940216,0.759778310662263,0.0218110820514418,-0.000849633583696703,-0.0160344029621951,-31.0992358563186,0.07909757915997,0.912590705784015,0.0343569402483384,-0.002125337502219,-0.0169904505099304,-30,0,0,0,0,0,1,2,-1.23722231219666,0.0543385919019605,-0.126136360574985,0,0,0
758,-30.9535859723908,0.0185953736409455,0.744073459760384,0.0207554654503173,-0.000795322606716963,-0.0153749488261022,-31.0159373724259,0.0547944469291435,0.726614994856775,0.0279989014376089,0.00701414674879823,-0.00464043443975935,-30,0,0,0,0,0,1,2,-0.768015398909177,-0.81100356873811,-0.989186545737615,0,0,0
759,-30.9334609379664,0.01739453835703,0.728548903595584,0.0194945248010351,-0.00160635424520902,-0.0156737471095418,-30.7172689067426,0.103447544651205,0.576234641684005,0.0263425293576265,0.00783185251979244,-0.0223624683267475,-30,0,0,0,0,0,1,2,-1.19971512227736,-0.990080341281654,1.08377754930674,0,0,0
760,-30.9140848561779,0.0152931429200813,0.713653358247959,0.0192581676447782,-0.00259644689327508,-0.0141172661234193,-30.940099985012,0.131096528337633,0.599347066218994,0.0244145908134666,-0.0100443593886318,-0.0143754020952174,-30,0,0,0,0,0,1,2,-0.561259111322623,0.742242882187916,0.238846077083754,0,0,0
761,-30.8949773844562,0.0130678154758932,0.699786108541876,0.0189569533526316,-0.00185421299110941,-0.0136171268414065,-30.5362631961295,0.111418694298898,0.786463035927153,0.0176128418739575,0.0157789639153039,-0.0239138364377794,-30,0,0,0,0,0,1,2,-0.68875779513671,-1.80073378012818,0.818457571923632,0,0,0
762,-30.8760295757175,0.0103132362747691,0.68668040669883,0.0189390136614945,-0.00365495148036104,-0.0125942650479106,-30.9040205167741,0.0867911823470578,0.595949742201374,0.036500469290176,-0.00199902647521221,-0.0220576257681491,-30,0,0,0,0,0,1,2,-1.8420058954695,0.0263202828271059,1.01386309241216,0,0,0
763,-30.8574712624321,0.00667143430597041,0.675048413276986,0.0181782539701353,-0.00362865789599891,-0.0106694696665038,-30.8720782302835,0.119974001916978,0.643330375341896,0.020161793410655,0.0140863254591181,-0.00422808848419274,-30,0,0,0,0,0,1,2,-0.272022880498599,-1.64858054974576,-0.863851902264518,0,0,0
764,-30.8396920219618,0.00221848129871929,0.664118344295822,0.0173800736194827,-0.00527725455083699,-0.01119040311973,-30.8705460378516,0.0255184460163487,0.597833412484003,0.0106724605531983,0.000179235375555095,-0.00664394493030355,-30,0,0,0,0,0,1,2,0.673846020383277,-0.0689604295882069,-0.53127233193765,0,0,0
765,-30.8222450465494,-0.00309324722483559,0.652484304640391,0.0175136059963123,-0.00534620713829306,-0.0120777128484327,-30.8399368327269,-0.0767184921502178,0.435770620281324,0.0280677528402759,0.000988239867291042,0.00536617470389757,-30,0,0,0,0,0,1,2,-1.12690161857382,0.0546129975713315,-1.4081587109524,0,0,0
766,-30.8056328753997,-0.00841216530599253,0.640221324878752,0.0157106337352205,-0.00529163480313508,-0.0124476596852196,-30.890522884868,-0.133113954008056,0.550993064865379,0.0228148145538227,-0.000128878094457122,0.00244308879585795,-30,0,0,0,0,0,1,2,-0.500435685646273,0.279115717461825,-1.34629500931655,0,0,0
767,-30.7905671665977,-0.0135642527246388,0.62740819225371,0.0144205633722939,-0.00501254579256367,-0.0131781855844375,-30.8365705065409,0.0821353508778008,0.693441756046102,-0.0143147611967555,-0.0210086813494921,0.000402970332109148,-30,0,0,0,0,0,1,2,3.10461713275741,1.9365974331936,-1.42718054530312,0,0,0
768,-30.7754582674854,-0.0176084732877562,0.612652814781353,0.0157962332333008,-0.00307589998439234,-0.0163330109622549,-30.8366057088046,-0.0886099146601171,0.570768956987359,0.0331131842310761,-0.00287037880206503,-0.0151407745260182,-30,0,0,0,0,0,1,2,-1.63810700549851,0.464257709526737,0.372539538627102,0,0,0
769,-30.7601747400157,-0.0204522575697983,0.5969768612214,0.0147712613372649,-0.00261167236445588,-0.0150185627162799,-30.7658773103086,-0.0372948823762356,0.428090735058128,0.0227418401797903,-0.0035877999227822,-0.0160616179926445,-30,0,0,0,0,0,1,2,-0.742429397361791,0.433369757030691,0.749980329148195,0,0,0
770,-30.7454532507679,-0.0228472453064532,0.582464418215557,0.0146720596232023,-0.00217830927483318,-0.0140062882957866,-30.7095298163784,-0.0626819235948441,0.516591603561535,0.0179401715591304,-0.00285653821181987,-0.0102096100730806,-30,0,0,0,0,0,1,2,-0.374957523156265,0.411017668371675,-0.0122221998150103,0,0,0
771,-30.7309420560944,-0.0248200456853562,0.568556403992251,0.0143504114036966,-0.00176729966396363,-0.0138096362879375,-30.7602941981558,-0.230231913923076,0.441817668637241,0.013157657652536,-0.000391884270003117,-0.00583769045674083,-30,0,0,0,0,0,1,2,0.20482263105796,0.499652254846463,-0.299866291600399,0,0,0
772,-30.7166285933266,-0.0263375160492533,0.554546323972475,0.0142764001745946,-0.00126764668078966,-0.0142104953847099,-30.711984901113,-0.180563514724067,0.48405134785124,0.0330095785041619,0.00178831436971881,-0.0183016485295764,-30,0,0,0,0,0,1,2,-1.87698804819016,0.182295592476252,0.862062157255159,0,0,0
773,-30.7027903897717,-0.027514026208575,0.541258089444846,0.013400611819148,-0.00108538034519426,-0.0123656929513258,-30.6689537655535,-0.132149344875011,0.422159674445879,0.00819616091539347,0.00264811381439082,-0.0148874901161045,-30,0,0,0,0,0,1,2,0.518291439567745,-0.000512691689059763,0.644429662718692,0,0,0
774,-30.6889969616276,-0.0285996508882272,0.528944521346884,0.0141862928894311,-0.0010858743686397,-0.0122616913779528,-30.5565569591108,0.143821906763873,0.602058895583252,0.00901363120206805,0.00107091526105192,-0.0102063951747306,-30,0,0,0,0,0,1,2,0.211750798014888,-0.394735339632938,-0.183478273693448,0,0,0
775,-30.6748058907547,-0.0298828884811799,0.516524066233224,0.0141957627123101,-0.00148060744227827,-0.012579219082208,-30.5476544625011,-0.196498049430167,0.654985502131008,0.014776173910031,0.012924313345976,-0.0148688758088174,-30,0,0,0,0,0,1,2,-0.382308466000888,-0.89943523573727,0.176916576619727,0,0,0
776,-30.66070988095,-0.0318132136261316,0.504117484378375,0.0139963827055065,-0.00238004862002597,-0.0122338779392185,-30.5566475363118,-0.0699086174042929,0.433876541957242,-0.000133295727833696,-0.00165004419781194,-0.0155037079730982,-30,0,0,0,0,0,1,2,1.12662464540695,0.30482165458978,0.68261771339534,0,0,0
777,-30.6460793488068,-0.0340408321977265,0.491748120678065,0.0152646115629938,-0.00207519501210424,-0.0125052512981025,-30.6125346762428,-0.10304909463931,0.571945547635009,0.0187317597541048,0.00817859936989098,-0.0164645519822397,-30,0,0,0,0,0,1,2,-0.648106622924949,-0.611761747710478,0.502564102953956,0,0,0
778,-30.6309062868383,-0.036421909487974,0.479625008773756,0.0150817715878557,-0.00268696440532332,-0.0117409102416869,-30.7275899954482,0.092344933554725,0.626522982253144,0.00484647159060789,-0.00436345625630381,-0.0294281448071408,-30,0,0,0,0,0,1,2,0.970532831835516,0.251655758520931,1.68976851620779,0,0,0
779,-30.6149156648802,-0.0389830223431111,0.468176492745801,0.0168996748722984,-0.00243526789817846,-0.0111566963815773,-30.5233530891963,-0.148234962158983,0.363553698014978,0.0361399676688333,-0.00667263791726798,-0.000291059132072016,-30,0,0,0,0,0,1,2,-2.56729058849076,0.963733716044765,-0.698001482822754,0,0,0
780,-30.5992227852586,-0.0409364513253359,0.457586058240863,0.0144864599250658,-0.00147159672042956,-0.0100234014208821,-30.6308244421475,-0.195524065251131,0.467172157838266,0.0172842796731256,-0.0104403029327562,-0.00520174639512526,-30,0,0,0,0,0,1,2,-0.466779083017479,1.43507842377788,-0.414169676164006,0,0,0
781,-30.5850610868837,-0.0416905144264119,0.447542029259758,0.0138369377456915,-3.65331159732319E-05,-0.0100644450157341,-30.4125527192459,0.165409825035108,0.337788232474793,0.0255898111862062,0.00500055670195737,-0.0262482509825156,-30,0,0,0,0,0,1,2,-1.73387568012872,-0.830875320265953,1.94924863330198,0,0,0
782,-30.5712401564399,-0.0421424889886531,0.43876238913771,0.0138057498866923,-0.000867421630011009,-0.00749482327245288,-30.5514590990534,0.164966206849372,0.365240178387335,0.000171216841095298,0.000740998027610371,-0.00690974322203977,-30,0,0,0,0,0,1,2,1.08579651399726,-0.404032216459781,-0.0395060345706938,0,0,0
783,-30.5570522484005,-0.0432119131035835,0.43087317101413,0.0145698298827741,-0.00127143141603392,-0.0082838473336928,-30.6484065102459,-0.204670396642553,0.477195113502353,0.00896014524026516,0.0130960566497767,-9.9227112577099E-05,-30,0,0,0,0,0,2,2,0.400798496465316,-0.900264871692566,-0.944467515746997,0,0,0
784,-30.5426574652166,-0.0449334750522142,0.422083069121355,0.0142194303816519,-0.002171699162146,-0.0092962404768971,-30.5093513198454,-0.00820013593152167,0.432054739994636,0.00838885961552775,-1.37302587562959E-05,0.0100181423899202,-30,0,0,0,0,0,4,3,0.179816678138111,0.0177732977386729,-1.8659237189813,0,0,0
785,-30.5290026128306,-0.0470962941321217,0.412009872140806,0.0130897974673553,-0.00215394445786644,-0.0108497915630851,-30.3111634791972,0.00732724708518404,0.367742895500691,0.0219735357252878,-0.0110520587095976,-0.00990095494096476,-30,0,0,0,0,0,4,3,-1.57502661413437,1.09055137678939,0.254609703095094,0,0,0
786,-30.516429740614,-0.0487049751466579,0.4017595776518,0.0120563397777161,-0.00106342325503274,-0.00965046824597749,-30.4710991491958,-0.0771099164606306,0.428395734687139,0.00601452507355424,-0.0152573956463765,-0.00426593010237676,-30,0,0,0,0,0,4,3,0.340745791036185,1.67995939755892,-0.430198459136603,0,0,0
787,-30.5044015848377,-0.0489284148822166,0.391816818277873,0.0119997985799109,0.000616538169688113,-0.0102350312541591,-30.370419486356,-0.0496076180174774,0.499215878459493,0.0108469268510792,0.000548080313412813,-0.0142543247039115,-30,0,0,0,0,0,4,3,-0.34385371239589,0.0444072046936735,0.427000713472165,0,0,0
788,-30.4924006728099,-0.0482896716444847,0.381837260233977,0.0120022002123376,0.000660943241586217,-0.00972408027101778,-30.2584127701881,-0.267658790690406,0.392053102042659,0.00299711036424657,-0.00847640365858654,0.000873282498062098,-30,0,0,0,0,0,4,3,0.217114503951461,1.38295794723947,-0.871434453891528,0,0,0
789,-30.480620042135,-0.0469372497020411,0.371697594359391,0.0115588115589684,0.00204389531682005,-0.0105551101794971,-30.5820776010876,-0.0204435707445632,0.237221387572277,0.0220567707734322,-0.0131432353855494,0.00143511171706163,-30,0,0,0,0,0,4,3,-1.04152187516793,1.35521068004406,-0.617953946850717,0,0,0
790,-30.4696682264921,-0.0442157611808974,0.361241261390176,0.0103448955172202,0.0033990766137266,-0.0103571704869792,-30.4872693037614,0.06752685697738,0.342645621578458,0.00497436574449692,-0.00217124103423446,-0.0109994239906272,-30,0,0,0,0,0,4,3,0.477102033073175,0.0820703894686857,0.414651155905804,0,0,0
791,-30.4590199771415,-0.0407756398785961,0.350862260177898,0.0109516005708391,0.00348116204323915,-0.0104010186897025,-30.4635921062274,-0.133520053386398,0.272407716278388,0.0128146214619538,-0.00306100441179706,-0.00298581719173462,-30,0,0,0,0,0,4,3,-0.354277933740557,0.573140547952502,-0.246233713383315,0,0,0
792,-30.4482951329469,-0.037007909699258,0.34047023720156,0.0104981069406603,0.0040542921644914,-0.0103828811014787,-30.3389199027025,0.0670525041553995,0.256592769091052,0.0158750667652078,-0.00392158223527052,0.00586068450065672,-30,0,0,0,0,0,4,3,-0.909666871115848,0.258053215216253,-1.09925398824778,0,0,0
793,-30.4385152673405,-0.0328246033860045,0.329964840910259,0.00906156190692941,0.00431231300131383,-0.010627458171756,-30.5257648869159,-0.192697039937416,0.283843791670342,0.0080225190533597,0.00572604832129194,-0.0039185083115755,-30,0,0,0,0,0,4,3,0.249277868495847,-0.187210752254361,-0.175836752183134,0,0,0
794,-30.4294325131005,-0.0286058916935481,0.319172347331823,0.00910385607714492,0.00412510539260348,-0.0109575392423759,-30.500652644959,-0.0560758854405375,0.334294417830252,0.023441781076303,0.00167381319016492,0.00259845817598098,-30,0,0,0,0,0,4,3,-1.34287281771233,-0.0552295481354173,-0.928434653258602,0,0,0
795,-30.4211512297805,-0.0245084170717218,0.308302455570973,0.00745878074805778,0.00406983637317156,-0.0107817301804027,-30.5412151778278,-0.145663950308809,0.474653621107941,-4.6086549727228E-05,0.0171032634359345,-0.00244286201227877,-30,0,0,0,0,0,4,3,1.08703901062841,-1.41899844297583,-0.705021040988005,0,0,0
796,-30.4135373447408,-0.0211480698017004,0.296879733662939,0.00776860225182568,0.00265085240741302,-0.0120638088364322,-30.3161091009428,-0.124708707446704,0.348536143411048,-0.00366593728748577,-0.00258110702580717,-0.0284238317705163,-30,0,0,0,0,0,4,3,0.998811930634105,0.507528117474125,2.14531089022954,0,0,0
797,-30.4046930441779,-0.0182434265328024,0.285262480172515,0.00992029252682085,0.00315842733023914,-0.0111713666958284,-30.3488612729469,-0.0365889116169536,0.249580579487718,0.00376359040368389,-0.00302190135426829,0.0072021296652491,-30,0,0,0,0,0,4,3,0.32136350552545,0.375367958660736,-1.21937412550035,0,0,0
798,-30.3950751311203,-0.0148973163956825,0.273514142992421,0.00931518832517904,0.00353378744444055,-0.0123251140518884,-30.6167504563088,-0.138473790902898,0.465446630969416,0.00634648624645945,0.000773679442754596,-0.00057642815506859,-30,0,0,0,0,0,4,3,0.598852287971748,0.199579637530336,-0.873250446431972,0,0,0
799,-30.3858443769197,-0.0112637345321968,0.260647944819645,0.00914599721526463,0.0037333692428365,-0.0134072278634569,-30.5430243842958,-0.034483731170792,0.174989715753638,0.00563413933539619,0.0163093107125097,-0.0199994104103291,-30,0,0,0,0,0,4,3,0.522634835052055,-1.56196360890939,1.64996160952564,0,0,0
800,-30.3759652738124,-0.00831132961353521,0.247660614526117,0.0106124830650472,0.00217143645196681,-0.0125678836426622,-30.3727874173704,-0.00415925621772724,0.213318485151941,-0.00657576585588935,-0.00245914191658911,-0.0123948052669244,-30,0,0,0,0,0,4,3,1.40315142032981,0.254232704094366,0.812843556388552,0,0,0
801,-30.3645738140786,-0.00601275417019896,0.234905481088112,0.0121703351456847,0.00242570850790722,-0.0129428639682838,-30.4841712109096,-0.0531898775581436,0.0815836267868337,0.00409658098711788,0.00611700348314963,-0.00864112931344365,-30,0,0,0,0,0,4,3,0.558684323107321,-0.505320593198676,0.700945677770698,0,0,0
802,-30.3519750588906,-0.00383969343907385,0.222016272205204,0.0130272217150471,0.00192040810889475,-0.0128358167807842,-30.1973307921658,-0.106566612803461,0.196466191873003,0.0120804188788544,0.00605765141209864,-0.00133962947824765,-30,0,0,0,0,0,4,3,-0.8133803035538,-0.392631915602941,-0.258969435921241,0,0,0
803,-30.339349774883,-0.00211560755564196,0.209339511930204,0.0122234583283029,0.00152775592715148,-0.0125174499214615,-30.2016511158501,-0.115181153114534,0.187557221380025,0.026118399851327,-0.0042871777010103,-0.0111537750262701,-30,0,0,0,0,0,4,3,-2.20853775343242,0.659080076330098,0.740263059866961,0,0,0
804,-30.327707650783,-0.000258326514582496,0.197820889993034,0.0110614251791862,0.00218679829004154,-0.0105194322050216,-30.261916439555,-0.0204212097272191,0.164547122886102,0.0348318246672212,0.00685732288363809,-0.00589865014283504,-30,0,0,0,0,0,4,3,-2.9593495876122,-0.64488986890937,0.260770768511301,0,0,0
805,-30.3176646178466,0.00160600017284143,0.188376965351009,0.00902531919138895,0.00154184911290781,-0.00836778523528764,-30.2776847582623,0.107719086613074,0.23568832726076,0.0138836208085116,-0.00132244186637346,0.00067576594872726,-30,0,0,0,0,0,4,3,-0.832992564326525,-0.0831939865888022,-0.538953249394246,0,0,0
806,-30.3091396491982,0.00310624270163511,0.180074676018741,0.00802466856189088,0.00145863108754044,-0.00823648125987429,-30.2523376383166,0.126361235333873,0.123765889259409,0.00894536096798171,-0.00533018344666588,-0.0178012250913533,-30,0,0,0,0,0,4,3,-0.389860820165006,0.280295873998841,1.53259073061651,0,0,0
807,-30.300753085976,0.00470502917764833,0.172520020828537,0.00874889052300802,0.00173893712306999,-0.0068730491896199,-30.2093284840957,0.178776706660308,0.0258385650284032,0.00747727364499096,0.0155493428151193,-0.00888263823319481,-30,0,0,0,0,0,4,3,-0.329070396307669,-1.91248769483255,0.836586693262675,0,0,0
808,-30.2918533910564,0.00548772717257441,0.166050804721415,0.00905076117165865,-0.000173547477054286,-0.00606547552698827,-30.2986403722235,0.0317174858453756,0.130269601105019,0.00298542682688931,-0.0250484481178792,-0.0134040223096121,-30,0,0,0,0,0,4,3,0.298738061758138,2.44140984009717,1.07986302875117,0,0,0
809,-30.2823374351872,0.00653489684410774,0.16026664829496,0.00998133561972596,0.00226788161755179,-0.00550311900807569,-30.3291104635047,-0.0634374721708205,0.108520822962901,0.0112374159986153,-0.00802657348176386,0.0153036220553517,-30,0,0,0,0,0,4,3,-0.465520672852174,0.929532292518027,-1.74740385146098,0,0,0
810,-30.2731272606223,0.00926753231355088,0.154260160832721,0.00843871605202447,0.00319738312363431,-0.00650937866666721,-30.2554582340535,0.0230392608323085,0.0872258454749959,0.018077438524289,0.00582354201849027,0.00146354546646364,-30,0,0,0,0,0,4,3,-1.29682738432197,-0.628432723513644,-0.320806237596355,0,0,0
811,-30.2652844861117,0.0121506863068194,0.14805541319064,0.00724703100531561,0.00256891919416275,-0.00589974615530305,-30.394635186484,0.0359407844338827,0.273556195173029,0.0166978630527345,-0.00428213832117034,-0.00217703455824019,-30,0,0,0,0,0,4,3,-0.880515932305445,0.356332263249269,-0.329408934522039,0,0,0
812,-30.2584824583126,0.0148977627757215,0.142317397664232,0.00635713497055381,0.0029252289318132,-0.00557600924579611,-30.290680236316,0.0363417831557853,0.0410330625866166,0.0371849781081294,-0.00420000927340067,-0.0235115273970752,-30,0,0,0,0,0,4,3,-3.13713733818094,0.347317361028496,2.26908661453428,0,0,0
813,-30.2525206181641,0.017996634320054,0.138624033846598,0.00556770906820278,0.00327250732938632,-0.00181047470875608,-30.2885426971852,0.185882118330048,0.255101941597568,0.00307041489458598,0.00691642306141184,-0.0155248289716665,-30,0,0,0,0,0,4,3,0.270043904911759,-1.06340654280128,1.04227901397151,0,0,0
814,-30.2465073379052,0.020737450209883,0.137091533879465,0.00645903255333801,0.0022091189906316,-0.00125479142979899,-30.2018279122206,0.217312753942374,0.246524428009956,-0.00225642841358762,-0.00356903321760367,0.00514698671265053,-30,0,0,0,0,0,4,3,0.629298665800028,-0.0777221861243813,-1.00774752728497,0,0,0
815,-30.2401651188794,0.0229077115474398,0.135238672600881,0.00622504713933989,0.00213139799428251,-0.00245085788404278,-30.2298241688962,-0.133757892562209,0.12981478160944,0.0242629232623998,-0.000260542309835473,-0.0218587332339043,-30,0,0,0,0,0,4,3,-1.96664398844761,0.293570016107966,1.92624376017155,0,0,0
816,-30.2340162606063,0.0251858877957195,0.134148304913947,0.00607350921369597,0.00242494962835504,0.000270173212981163,-30.2665008749378,0.106375466569765,0.396760239092759,0.0103743299283235,-0.0153171306306263,0.00112019981925902,-30,0,0,0,0,0,4,3,-0.504431242956659,1.31896212992311,-0.905540460111421,0,0,0
817,-30.2284408562794,0.0282703104800393,0.1342431754934,0.00507719991937862,0.0037438902501763,-8.01255301003702E-05,-30.0502141097715,-0.0489542714038002,0.243651405481824,-0.00442800321491905,0.0173010934704865,-0.0166663838962006,-30,0,0,0,0,0,4,3,0.543228541035002,-1.63220080424105,1.17933557865641,0,0,0
818,-30.2227694588191,0.0311981155568127,0.134397778987337,0.00626574494865935,0.00211171505318215,0.000388973917544031,-30.1733838695855,0.0256775820078549,0.0682273135162813,0.00856422355950109,-0.00609759730634564,-0.0100596678311015,-30,0,0,0,0,0,4,3,-0.509654616779166,0.558404566618854,0.869512156077584,0,0,0
819,-30.2164004991216,0.0335890356240144,0.135264665016104,0.00647247427610711,0.00267011929988314,0.00134473950800837,-30.2691892935967,0.00732395032308351,0.207312551876768,0.00891336528212635,0.00128200424553375,-0.00322742426519862,-30,0,0,0,0,0,4,3,-0.352957941019151,-0.142848325199542,-0.0918826772336751,0,0,0
820,-30.2100934606258,0.0361877296450985,0.136681494305797,0.006141653057372,0.00252726242623244,0.00148902214837375,-30.257953399938,0.00797827571531926,0.133582776520636,0.0179619385316133,-0.0125643737453605,-0.00195667536213078,-30,0,0,0,0,0,4,3,-1.28028705328524,1.24048082310542,-0.0714980168281946,0,0,0
821,-30.2044498448328,0.0393352215009078,0.138565996130714,0.005145825946765,0.00376771537747527,0.0022802875051271,-30.2018497293369,0.117579289210268,0.228192095544284,-0.00293895022246528,0.0079948929944143,-0.0168160529415736,-30,0,0,0,0,0,4,3,0.697594480920299,-1.03464787786197,1.22522110306879,0,0,0
822,-30.1986356017855,0.0425856302516382,0.141043806028733,0.00648278616891814,0.00273309691595702,0.00267492980663154,-30.1612845842789,-0.117925799632352,0.132496886357212,-0.000293588739106375,0.0135726156928927,-0.00999452599707917,-30,0,0,0,0,0,4,3,0.351928042468436,-1.12140997002457,0.734458826993493,0,0,0
823,-30.1917777356118,0.0447580342675324,0.143853292426738,0.00723303671772697,0.00161170317806954,0.00294381825026055,-30.2920392805099,0.229857224619491,0.14060813435491,0.00426024977822364,0.000986649649750905,0.0013594337918695,-30,0,0,0,0,0,4,3,0.158053583197423,-0.558379414214073,-0.417159647896769,0,0,0
824,-30.184632960169,0.0460905496992948,0.146575996470328,0.00705638818133722,0.00105332209405559,0.00250164737311098,-30.2158212476315,-0.0678811442523089,-0.00107738365366292,0.0193632499204657,-0.0120165329710175,-0.00878024419476185,-30,0,0,0,0,0,4,3,-1.50468249678358,1.33741558560637,0.88017918678351,0,0,0
825,-30.1778302314994,0.047812571941313,0.149898211740734,0.00654957266751513,0.00239071649488162,0.00414293961483896,-30.1292346693047,0.0745994902310332,0.0534397506858033,0.000567831329976523,-0.0116087623205894,0.00249337957756165,-30,0,0,0,0,0,4,3,0.201686205611835,1.01167725159688,-0.356217459127772,0,0,0
826,-30.17133169763,0.0507091307179047,0.15382795533954,0.00644737630649866,0.00340239372570614,0.00371658287330402,-29.9835911954188,-0.0214741188876953,0.0879119571876742,0.0130472105994987,0.0101547086975647,0.00203300803994749,-30,0,0,0,0,0,4,3,-1.33753866911232,-0.972522631981083,-0.379124718370097,0,0,0
827,-30.1655054321956,0.0536252499530498,0.157848981419771,0.00520534529756014,0.00242983832804492,0.00432584785432148,-30.0816380926941,0.192749746438722,0.102049817941146,0.00559784690042322,0.00141562641507231,0.000728154243390658,-30,0,0,0,0,0,4,3,-0.39650850465408,-0.527062134384674,-0.276915060221357,0,0,0
828,-30.1605423554106,0.0557915544073934,0.162195979426989,0.00472082758764438,0.00190276450763283,0.00436829962449962,-30.171653020574,0.0621031914523099,0.174478148558657,0.00376954322243706,-0.00146741980472536,0.0186805788740254,-30,0,0,0,0,0,4,3,-0.0336482810957231,0.0225355975679164,-2.21701418451986,0,0,0
829,-30.1565951474511,0.0577055758970404,0.165754304811074,0.00317310528338027,0.00192527279944776,0.00274881846551438,-30.088121654023,0.0785159455151914,0.3366470536975,0.00594704329456649,-0.00335905992649513,0.00737023585603569,-30,0,0,0,0,0,4,3,-0.418461021410702,0.178874101619131,-1.41031769299857,0,0,0
830,-30.1540611975014,0.0597202753633002,0.168120280127063,0.00189456992762324,0.00210412115282749,0.00198351985102137,-30.2348321894255,0.000513784277749084,0.0852314246023611,0.00421511349056792,-0.00676792542419279,0.024135509048077,-30,0,0,0,0,0,4,3,0.0481530297941299,0.675764973863781,-2.58401375401243,0,0,0
831,-30.153038547458,0.062162268052094,0.169134790934816,0.000150157457957992,0.00277985614304076,4.60265358082773E-05,-30.1051728259333,0.129341559542714,0.286480257386399,0.0043520079173457,0.00500845809784781,0.0164936015316422,-30,0,0,0,0,0,4,3,-0.224855139867966,-0.759528928870209,-2.22232066793701,0,0,0
832,-30.1537374263931,0.0645623471684481,0.168438627194433,-0.00154835270001236,0.0020202958123416,-0.00143784421050923,-30.2051197545155,0.164558073946612,0.172334160619077,-0.00880852264744141,0.00430840699646247,-0.00892250392967878,-30,0,0,0,0,0,4,3,1.29109177377511,-0.75995684753947,0.547582071729724,0,0,0
833,-30.1546345793532,0.0662026842848628,0.166747936255764,-0.000246097972792431,0.00126037277136294,-0.00194392568115777,-30.0788608243706,0.23716875763475,-0.0152775602391551,-0.000876449743589238,0.00727920886584188,0.0117144621520878,-30,0,0,0,0,0,4,3,0.245366623100196,-1.20225840185369,-1.14089109473047,0,0,0
834,-30.155189629539,0.0668619266294008,0.164294932837692,-0.000864296888565802,5.81058580387597E-05,-0.00296189307966498,-30.3537662396096,0.209561840898008,0.342243583134489,0.0124314207774568,0.0183462823748625,-0.00459599227106967,-30,0,0,0,0,0,4,3,-0.535609598526499,-2.25375191928227,-0.224887939162011,0,0,0
835,-30.1563330047114,0.0657931519508025,0.161425602309744,-0.00142238859121316,-0.00219566005831794,-0.00277659762945428,-30.2296910570301,-0.0339476847332906,0.138761650185101,-0.0136651942825889,-0.00444978128201292,0.0108216784747107,-30,0,0,0,0,0,4,3,1.82590154231915,0.512873497667873,-1.35969114784127,0,0,0
836,-30.1575665597051,0.0638539426707074,0.15751842594185,-0.00104538674020194,-0.00168276435215579,-0.00503786527453068,-30.2526500491091,-0.178906643865622,0.200175108032692,-0.00101012356802762,0.00296573558604171,-0.00740529883778381,-30,0,0,0,0,0,4,3,0.606312455020933,0.0612397291270724,0.340179667712996,0,0,0
837,-30.1582833227354,0.0622018092574253,0.152386054417248,-0.000388188044704197,-0.0016215077470198,-0.00522707373394144,-30.1464750636242,-0.039552840462364,0.0662327713477321,0.0200976022025452,0.0143473389590795,0.00695208048326791,-30,0,0,0,0,0,4,3,-1.71681009300606,-1.35562821498322,-0.827673591022255,0,0,0
838,-30.1595876509889,0.0599024663171123,0.147439496485512,-0.00222028999315018,-0.00297718210584054,-0.00466549000721586,-30.2141825981707,-0.0923665009024416,0.232118759137944,-4.30778869421229E-05,0.00464543448965677,-0.0077637669266914,-30,0,0,0,0,0,4,3,0.432672985035558,-0.279810447160793,0.312139174393253,0,0,0
839,-30.16155177228,0.0567853881649767,0.142729428079392,-0.00170797183282334,-0.00325697967882303,-0.0047547991110368,-30.2419723104712,0.266876662633289,0.169077857317818,-0.00881929788024575,-0.0120747719609818,0.0106087827497352,-30,0,0,0,0,0,4,3,1.36587440896689,0.673723870831599,-1.39903398960915,0,0,0
840,-30.1632549597211,0.0538652791382058,0.136988011739214,-0.00169898071896925,-0.00258324377611799,-0.00672803485033567,-30.1403146135007,0.118295182152662,0.000789225070116084,-0.0129735280157036,-0.0138632490820066,0.00108691809839154,-30,0,0,0,0,0,4,3,1.57798202857171,1.14973454389534,-0.110270259979386,0,0,0
841,-30.1644298258187,0.0518569203260283,0.129667006579219,-0.000651093568086254,-0.00143347726533309,-0.00791428878466855,-29.9079513576186,0.142053531963392,0.0748260153325038,0.00745170810505111,0.000808604681836179,0.00794887287114049,-30,0,0,0,0,0,4,3,-0.929268095267854,-0.364967532110401,-0.944539317779056,0,0,0
842,-30.1657531416157,0.0502409471635022,0.121721643073004,-0.00199554733214472,-0.00179847573131885,-0.00797603981617876,-30.1122835181887,0.0343693154379508,0.346575344191811,-0.0116527194404982,0.010536805670019,0.0073834193583748,-30,0,0,0,0,0,4,3,1.3898389804273,-1.1224191978778,-1.4314926242211,0,0,0
843,-30.1677500141275,0.0478812716803985,0.112739141482805,-0.00199878442748424,-0.00292088277634945,-0.00998896417081092,-30.2792041888648,-0.041173265774663,-0.253170491670949,0.0101343901781072,0.00587311571206205,-0.00849447217371418,-30,0,0,0,0,0,4,3,-0.455030640081119,-0.504965039656879,1.35578820071332,0,0,0
844,-30.1694563347793,0.0447079120603735,0.103388642855358,-0.00141347059719469,-0.00342584115097807,-0.00871220814477136,-30.3149404236486,0.097186372593545,0.141889296461431,0.000321815340654512,-0.00558394596828797,-0.00713797168218814,-30,0,0,0,0,0,4,3,0.597699313231651,0.364021851641708,0.430018575295953,0,0,0
845,-30.1705156942654,0.0414640932518591,0.0946160553423568,-0.000705272920464862,-0.00306180153111747,-0.00883317692391817,-30.0223563654087,0.0202516703310199,-0.00140240946081387,-0.00333928551104162,0.0147492598637535,-0.0150945229557141,-30,0,0,0,0,0,4,3,0.378641281921614,-1.51542932703739,1.51225711449304,0,0,0
846,-30.1705718101571,0.0376445935984973,0.0861884722816891,0.000593289614518854,-0.00457720472381474,-0.0080223719865066,-30.2215854260222,0.0299677992300812,0.243315283004171,0.0145113217317435,-0.0187067733215081,-0.00608029516082807,-30,0,0,0,0,0,4,3,-1.00796132112998,1.81074173369065,0.121398950074464,0,0,0
847,-30.1703103864651,0.0339727534848751,0.078548280351031,-7.02108489700114E-05,-0.00276648279881008,-0.0072578170550211,-30.1402092514938,0.188818357209382,0.0485056709214932,-0.0109499633497828,-0.0052205973673934,-0.0136488737987586,-30,0,0,0,0,0,4,3,1.37541483796583,0.144423022320577,1.26787603803287,0,0,0
848,-30.1694550225418,0.0312785071962731,0.0712616758740973,0.00178093148671201,-0.00262201554965759,-0.00731593589015171,-30.2393450991433,-0.099622387040513,0.227531805464395,0.0145740066598387,-0.0121145786310566,-0.0221509792340123,-30,0,0,0,0,0,4,3,-0.978710467697368,1.41070263718668,1.76003431247244,0,0,0
849,-30.1674268338641,0.029361846041464,0.0649082883517509,0.00227602233235162,-0.00121131244720568,-0.00539098491289328,-30.1857204744204,0.0236974215584103,0.200720680689894,-0.00760166883710238,-0.00638514334774948,0.00386688695886522,-30,0,0,0,0,0,4,3,1.13160783255109,0.591119491658127,-0.788130057266311,0,0,0
850,-30.1650246620167,0.0284461041402685,0.0588297029989819,0.00252793034250915,-0.00062017853944632,-0.00676625753137976,-30.2663348890726,-0.0687570631874401,-0.0441834945417703,0.0166263412757403,-0.0124528154306255,-0.00309666932775879,-30,0,0,0,0,0,4,3,-1.12996434942879,1.38279566943743,0.398033921859419,0,0,0
851,-30.1627748429172,0.0285173165421209,0.0525872293451366,0.00197202691728343,0.000762598064621667,-0.00571852768798393,-29.9729268986284,0.0586640725313324,-0.00697144486260547,-0.00186844562166599,0.00762995480021308,-0.016174915716129,-30,0,0,0,0,0,4,3,0.132698359423323,-0.880323625083973,1.63143446133811,0,0,0
852,-30.1601974178156,0.028839767524939,0.0473987032377275,0.00318314241558026,-0.000117703193488596,-0.00465887741962632,-30.1744264117275,0.0658464725603419,-0.0216797024097259,-0.012893881288073,-0.00106169195361481,0.000184673816759676,-30,0,0,0,0,0,4,3,1.63824095226232,-0.0255237497592027,0.0248920231434842,0,0,0
853,-30.1564242401736,0.0287093241134262,0.0421680265822344,0.00436288981061877,-0.00014319208646371,-0.00580282126408099,-30.2180136120555,0.125433246604643,0.0395295011175726,-0.00244581574276552,-0.00258516298523494,-0.0229514181302663,-30,0,0,0,0,0,4,3,0.680608798387532,0.00764980531420706,2.21608281079149,0,0,0
854,-30.1510552042168,0.0285699807094736,0.0369129260761743,0.00637551432313546,-0.000135501338270826,-0.00470796540720386,-30.2626941904637,0.118794940760692,-0.0554049301095784,0.00144627238770631,0.00680168910481941,-0.0168103887473578,-30,0,0,0,0,0,4,3,0.380761142156779,-0.917758792003324,1.79184873495493,0,0,0
855,-30.143927789161,0.0279756175955003,0.0327027376515236,0.00787961603476309,-0.00105323059946525,-0.00371284657406419,-30.2035800888967,0.0510645369848862,-0.0134629071234325,0.0244623776011398,0.00834146266096105,0.0133608773377915,-30,0,0,0,0,0,4,3,-2.03907758232063,-0.936275340065877,-1.30916191953228,0,0,0
856,-30.1372432199102,0.0264542216824738,0.0292145752534274,0.00548966045886628,-0.00198956466547772,-0.00326277389613118,-29.9195507986318,-0.201884913642134,-0.120904677741731,0.0166995376049403,0.00369066208108668,0.00649964828172229,-30,0,0,0,0,0,4,3,-1.83085216323034,0.034703619175601,-0.408155472688768,0,0,0
857,-30.1325598173342,0.0244819894471199,0.0264294973943845,0.00387743032022426,-0.00195490456525793,-0.00230690705803018,-30.1658299877863,-0.0827027216614163,0.213667458877241,-0.00850001944555553,0.0186988227304974,-0.00894736481158109,-30,0,0,0,0,0,4,3,1.1816619201282,-1.70447682972691,0.467401563403628,0,0,0
858,-30.1281021629597,0.0216748666442233,0.0238664763968012,0.00503773994008999,-0.00365935086207113,-0.0028194739325815,-30.1302841186943,-0.0984495273757904,0.15167836453801,0.00153047355812235,0.00802367092220117,-0.00809941806123298,-30,0,0,0,0,0,4,3,0.107520881576369,-0.605468037468536,0.506585077047279,0,0,0
859,-30.1228560727991,0.0177127883333575,0.0211782990826553,0.00545452451409839,-0.00426481055657049,-0.00255699911688971,-30.1227607839327,0.150179494310405,-0.0372634398975436,0.00657119512482255,-0.00672430427072308,0.00251135695683501,-30,0,0,0,0,0,4,3,-0.411597944616951,0.372071438451499,-0.176608815888413,0,0,0
860,-30.1176172148721,0.013634011096677,0.0186884856552603,0.00502323775939957,-0.00389274992058374,-0.00242249891584414,-30.2828349710582,0.194610881464404,0.0381018293272541,0.0113180025170974,0.0141795208064409,-0.0064638510305805,-30,0,0,0,0,0,4,3,-0.566130309593319,-1.80717384357289,0.570181444403541,0,0,0
861,-30.1126042330067,0.00883767431319503,0.0166549072412728,0.00500296034606003,-0.00569992886138726,-0.00164464929974915,-30.1438896572101,-0.15944198082287,-0.0397345459536007,-0.0244689684862909,-0.0109927467625565,0.00735298744832769,-30,0,0,0,0,0,4,3,2.73467616304934,1.41815863790139,-0.655829652925567,0,0,0
862,-30.1068575530867,0.00384685275376216,0.0138079520946877,0.00648971120577967,-0.00428172040345106,-0.00404968816576491,-30.2662269639661,0.18422541468561,0.0728249894956999,0.0282407251289794,-0.0109949880396841,-0.00433455554841601,-30,0,0,0,0,0,4,3,-2.29161858496567,0.731047974597191,0.287805575850202,0,0,0
863,-30.1010944356549,-6.93629748889492E-05,0.0106481799605402,0.00503704805620197,-0.00355071732112703,-0.00226943277245091,-30.1936239085852,0.0804759480605741,-0.0665910275128886,-0.00946564268491825,-0.0223943970497259,-0.00596187798138264,-30,0,0,0,0,0,4,3,1.3338120856622,2.07848780885144,0.729369853164042,0,0,0
864,-30.0953319813417,-0.002580814831678,0.00816048630153835,0.00648774162336333,-0.00147219262371218,-0.00270637270220836,-30.0922466513627,0.176889019865967,-0.0523594274419477,0.0268986258565134,0.00627387075385083,0.0106902358895015,-30,0,0,0,0,0,4,3,-2.505369282926,-0.981165115117017,-0.964304734066256,0,0,0
865,-30.0900832813153,-0.00454361996616879,0.00597227574163623,0.0040099675514329,-0.00245342216282684,-0.00166932703504282,-30.0494449042392,-0.054005617724153,-0.155188999578811,0.000136619649787387,-0.0129940897854437,-0.000223768814000096,-30,0,0,0,0,0,4,3,0.0852278434996298,1.40742021399268,0.332754880557631,0,0,0
866,-30.0859324330402,-0.00629332560511741,0.00437980802302279,0.00429178405922614,-0.00104599615849479,-0.00151568751588648,-30.0724084404106,-1.9996812008951E-07,0.0628655707743923,-0.0133865001071938,-0.000112204381260769,-0.00168637479625384,-30,0,0,0,0,0,4,3,1.4834668915405,0.0112208380623171,0.0429063380765998,0,0,0
867,-30.0811020734763,-0.00733369265895936,0.00234766046667157,0.00536864462800915,-0.00103474350982234,-0.00254891570472895,-30.1151921042115,-0.0607047114899169,0.0595591313136639,0.0265187182827534,-0.0126084900041648,-0.0181538633823009,-30,0,0,0,0,0,4,3,-2.42148761985241,1.38225842339632,1.69626807560276,0,0,0
868,-30.0760092913051,-0.00767731962433668,0.00123935527620649,0.00481775780181225,0.000347484176488452,0.000332466529609627,-30.0206003198448,0.00280119884296815,0.0871357674315776,0.00590033205780739,-0.000669461396120236,0.00131600713908265,-30,0,0,0,0,0,4,3,-0.548832566091133,0.0613437419260873,-0.30587224877142,0,0,0
869,-30.0714992224014,-0.00729916703497763,0.00164263298998144,0.00420242776283418,0.000408812668494359,0.000474271052683058,-29.8969835109595,0.12622007377998,0.0367255675989638,-0.0113241062558878,-0.00677385727895156,-0.0158542890131355,-30,0,0,0,0,0,4,3,0.926377647507702,0.424945580335196,1.51197776611563,0,0,0
870,-30.0664410500175,-0.00667786070630058,0.00231844009186921,0.00591404011739243,0.00083379592799675,0.000876855054801222,-30.1581535985443,-0.0338565391965006,0.148469327582753,0.00115344133424283,-0.00535002272267056,-0.00171066018342094,-30,0,0,0,0,0,4,3,0.200963063664351,0.602715350660057,-0.125872636823413,0,0,0
871,-30.0605041002463,-0.00554270311625507,0.00306677516728145,0.00595979160696651,0.00143651400843815,0.000619804669458095,-30.1661462730931,-0.255571678985021,0.0998775711844872,0.0166653550537617,0.00115805975347486,-0.0023009719581649,-30,0,0,0,0,0,4,3,-1.33424295919005,0.395337382622557,0.030342053447516,0,0,0
872,-30.0550130947163,-0.00390853157816188,0.00415280036033269,0.00502249645226179,0.00183182360729416,0.0015525202138388,-29.9523275871742,-0.0668379484834371,0.0237592399622058,-0.00659649232209531,0.0131001315796924,0.00868370421475256,-30,0,0,0,0,0,4,3,0.564304406557909,-1.17633726100237,-0.915888901399667,0,0,0
873,-30.0501157756789,-0.00266487266076029,0.00516862973239459,0.00477184166297735,0.000655487267488106,0.000479213116230594,-29.8499511255463,-0.152734661268614,0.123008512023039,-0.00526448911814823,-0.0154683960006817,0.00719311389308576,-30,0,0,0,0,0,4,3,0.226351162907461,1.85230892260539,-0.965328413354655,0,0,0
874,-30.045607570953,-0.00108323101545797,0.00521264404190325,0.00424432696522929,0.00250778938010361,-0.000391030326687834,-30.1556715232501,0.0716624840786719,0.0202665334526172,0.0131904089338198,0.0164677357140272,0.0129743505246788,-30,0,0,0,0,0,4,3,-1.00769784688184,-1.79009853956006,-1.33796811937311,0,0,0
875,-30.0421971014991,0.000529493307588522,0.00468863578424276,0.00257654357700354,0.000717653530844207,-0.000656507888019693,-29.9358417229027,-0.155107180414244,0.0151150414333041,-0.00621562047340658,0.0100037199596106,-0.0100449123607306,-30,0,0,0,0,0,4,3,0.493245493145976,-0.690157635132577,0.974261153206452,0,0,0
876,-30.039107731081,0.000902082021120498,0.00419326149725202,0.00360229692324457,2.75179883464451E-05,-0.000334532109671836,-30.0801801987615,0.12355252695987,0.180950279644583,0.000788523664994568,-0.00771402189801299,0.00829609489150842,-30,0,0,0,0,0,4,3,0.0815080310236002,0.52429713588156,-1.19151004844001,0,0,0
877,-30.0359012782276,0.00119174575093321,0.00339543159156223,0.00281035546305353,0.000551802547113657,-0.00126089688440588,-29.9544166374195,0.0105837043345162,0.104601097777884,0.00548558468397867,-0.012823803681592,-0.0019965298888114,-30,0,0,0,0,0,4,3,-0.639725193558934,1.26121295949016,-0.00954920667462861,0,0,0
878,-30.0333268029663,0.00237414993701763,0.00234532586901808,0.00233872465235787,0.00181300189617602,-0.000839178573731055,-29.8936642254582,-0.00517162492229531,-0.0116101181493375,0.00805422157097086,0.00685511094447286,-0.00945096458501108,-30,0,0,0,0,0,4,3,-1.01809370618063,-0.675167844602696,0.968316694799783,0,0,0
879,-30.0310128593281,0.00384956512534714,0.0021973986016685,0.00228956440400918,0.00113782418426678,0.000543342673064193,-29.8919565616666,0.00146375290589827,-0.00839131370959273,-0.00329914022022891,0.00705566995870998,-0.00593886876748073,-30,0,0,0,0,0,4,3,0.113827145356119,-0.708494501682794,0.610669504167259,0,0,0
880,-30.0284720494529,0.00463314944781827,0.0029059665884998,0.00279215394620949,0.000429339411479475,0.000873652640006207,-30.0038716035343,-0.0594573406503887,-0.159638589100328,-0.00527181896617659,-0.000808911169820953,0.0214759478761682,-30,0,0,0,0,0,4,3,0.534925103686238,0.199805798282873,-1.82831760941617,0,0,0
881,-30.0261402933644,0.00516239077462605,0.00293217898448424,0.00187088418882711,0.000629134564064305,-0.000820963415737352,-29.9035363932768,-0.0512542694163532,0.100207191898192,0.0206578659803698,0.00761222482310322,0.020626329101746,-30,0,0,0,0,0,4,3,-2.25871381148339,-0.658713943477616,-2.26304729397098,0,0,0
882,-30.0258733862039,0.00546213317771986,0.00209752053173977,-0.0013370709741169,-2.9654179205635E-05,-0.000847440883813656,-29.9810394928141,0.10350728449669,-0.0214464541343387,-0.00296699583823583,-0.00141569302547936,-0.0128732821973052,-30,0,0,0,0,0,4,3,0.258778569451694,-0.0654452664454439,1.33022112799919,0,0,0
883,-30.026654098968,0.0053997699312066,0.00162022391904826,-0.000224137969139568,-9.5078026456773E-05,-0.000107466379834179,-30.1528646653871,0.0140884084999662,-0.0565941869596369,-0.00561899849157191,-0.00665239445698164,-0.00209415344509883,-30,0,0,0,0,0,4,3,0.867629179931347,0.637062628698232,0.322603718429157,0,0,0
884,-30.0264623508606,0.0056232368084408,0.00131048851724831,0.000607526501766281,0.000542006781319905,-0.000512238192084347,-29.7364507995084,0.0157263393274382,0.0262332440350489,0.0122748482698128,0.00044728060370395,-0.00745755933671306,-30,0,0,0,0,0,4,3,-1.75458322796445,-0.0761807390252714,0.693289445601208,0,0,0
885,-30.0262344655704,0.00612714135638032,0.00165405193987206,-0.000151265016327596,0.000465797341814796,0.00119958192170228,-30.1563514845695,0.0725639569254406,0.0669132213370336,-0.00249791710448241,0.00318848983155375,-0.00419749748593239,-30,0,0,0,0,0,4,3,0.562494679587209,-0.463976897006256,0.285923305919172,0,0,0
886,-30.02609001163,0.00636096184012841,0.00274594094572488,0.000440118062350537,1.83574329507024E-06,0.000984032108300198,-30.1725682101239,-0.00718538114063138,-0.0434788186816726,-0.00205346026314563,-0.0153744562321511,-0.00949509579140288,-30,0,0,0,0,0,4,3,0.550482446562289,1.55181638549637,1.03646721650363,0,0,0
887,-30.0250927414,0.00713872172823952,0.00389090195280954,0.00155452030267841,0.00155367617475322,0.00130557559467106,-30.0371761112585,0.00239992069819844,0.0205134556165986,0.00859989340326013,-0.00398875811065078,-0.00695344495815111,-30,0,0,0,0,0,4,3,-0.785637117808928,0.394075969668681,0.654317584581914,0,0,0
888,-30.0235874303178,0.00888943431519367,0.00569525166853064,0.00145638586617323,0.00194774342069313,0.00230314966370468,-29.9804758587455,0.09589693389855,-0.13004309391454,-0.0085862664911141,0.00649742472240055,-0.000564042724041383,-30,0,0,0,0,0,4,3,0.819578366602509,-0.841536340037155,0.316490460233217,0,0,0
889,-30.0217333785602,0.0104164223666096,0.00780893897975025,0.00225161187086001,0.00110622816392325,0.00192399785890552,-30.108756181165,-0.184333631842787,0.206885834721911,0.00199259136553193,0.00240870189386089,0.00997531976075103,-30,0,0,0,0,0,4,3,0.0182532257767274,0.127797074299485,-1.41130364551893,0,0,0
890,-30.0199797701452,0.0115865417782857,0.00921847729936267,0.00125532022133033,0.00123400869139889,0.000895362229044051,-30.1990539581993,-0.0973410633177232,-0.101299423182391,-0.01164904063468,-0.00684279528484659,-0.00486230293880626,-30,0,0,0,0,0,4,3,1.56301197986667,0.878961655120105,0.688829140245408,0,0,0
891,-30.017933843973,0.0132600548189886,0.00979122703284463,0.00283635619249986,0.00211301158771982,0.000249694133470535,-30.0291907518017,0.0683942162954158,0.20181762786793,0.0100906143397277,0.00159032733238089,0.0019075872508347,-30,0,0,0,0,0,4,3,-0.950679930369465,-0.295821165828921,-0.59439398081933,0,0,0
892,-30.0156477400039,0.0152251455183123,0.0101583510802015,0.00173592432931142,0.0018171632346899,0.00048486623659412,-30.0832735052113,0.08242153427379,-0.0187341619587344,0.0108913959836661,-0.00189337102381744,0.00787525109007587,-30,0,0,0,0,0,4,3,-0.922592587944051,0.0244940338341637,-0.750056785090118,0,0,0
893,-30.0145073037829,0.0170545453139946,0.0106968573570452,0.000544984233346916,0.00184162880830477,0.000592483287755095,-30.1429903886333,-0.00515567708618393,0.107287334436265,-0.00912905535726193,-0.0275865265948964,-0.0197382237321885,-30,0,0,0,0,0,4,3,1.19888631299274,2.76896401366201,1.75924770434632,0,0,0
894,-30.0129197309207,0.0202806823245843,0.0114715533546649,0.00263026907301765,0.00461063921519355,0.000956328274842363,-29.9633440648468,0.0853145764420916,-0.0194108275708082,0.0166957989976053,0.00821075997484935,-0.008596089943314,-30,0,0,0,0,0,4,3,-1.74289177006685,-0.991705150369119,0.898430649473016,0,0,0
895,-30.0105861948196,0.0243954586371284,0.013352660421095,0.0020373270734212,0.00361890807798667,0.0028060563701131,-30.0934424088578,0.0279491905393084,-0.061429548673769,0.00817960084263256,0.0136300619989126,-0.00773569566335509,-30,0,0,0,0,0,4,3,-0.631075266547577,-1.41890458096988,0.896428663683047,0,0,0
896,-30.008454400029,0.0273049158085078,0.0166874880544705,0.00222656212644621,0.0022000009410438,0.00386354925749734,-30.03835911218,0.000478021000298718,0.0710236123747907,0.00733939851726289,0.00669888763976337,-0.01945689213339,-30,0,0,0,0,0,4,3,-0.657221627366345,-0.670844805976934,1.80364198858942,0,0,0
897,-30.0058185069467,0.0291695010525056,0.0214073062022012,0.00304570905417113,0.00152916391132907,0.00557586285909234,-29.8038998541031,0.00943450081574199,0.0514557069438128,-0.00147230672424616,-0.0025601453160823,0.00978744845538779,-30,0,0,0,0,0,4,3,-0.244969619369233,0.237145529976746,-1.0816562594264,0,0,0
898,-30.0032457683115,0.0308172305247122,0.0266800042370249,0.00209960420331406,0.00176629129470687,0.0049698004249763,-29.8662320562218,-0.0916862038536231,-0.0260755595987631,-0.00604579156269849,0.00652159486320534,-0.00858320319564601,-30,0,0,0,0,0,4,3,0.337043268713357,-0.468787078613288,0.910471438762128,0,0,0
899,-30.0007052561293,0.0323491406688679,0.0318381213248666,0.00298152938447159,0.00129752225292124,0.00534619103795239,-29.9909100477009,0.0827804569482616,0.0612079342007873,0.00787778938943885,-0.0127185261114913,0.0211605078893183,-30,0,0,0,0,0,4,3,-0.805958843542006,1.10629169725261,-2.23846665733341,0,0,0
900,-29.998806391141,0.0341997895274394,0.036676671150194,0.000815924236968343,0.00240377009808102,0.0043315139341756,-29.8878091971711,0.00506641777360122,-0.0786043499101661,-0.000498612814559677,-0.00622995575156841,-0.00158734117500165,-30,0,0,0,0,0,4,3,-0.174520324201758,0.612862739609638,0.315942817320497,0,0,0
901,-29.9979410230083,0.0369099939079398,0.0411712309086841,0.000914908106939382,0.00301663294456194,0.00465757951446814,-29.8613839555697,0.0293589254286133,-0.0539554219031457,0.0148241721267301,-0.00216324856122796,-0.0136738067498596,-30,0,0,0,0,0,4,3,-1.75964930153367,0.157607005265569,1.47529151879225,0,0,0
902,-29.9971169218795,0.0400054235926895,0.0469636006902744,0.000733926670530044,0.00317422052490659,0.00692721225739274,-30.0246234326779,-0.0335802389622115,-0.00888987783345652,-0.0124473603828587,0.000134348480375322,0.00633140374699644,-30,0,0,0,0,0,4,3,1.2939829036416,0.0537256298868908,-0.615360619032731,0,0,0
903,-29.9961511886797,0.0432065192309565,0.0532033984792671,0.00119716404116526,0.00322796606953725,0.00555225831459748,-29.9670751621515,0.00385812353222876,-0.0642037616484229,0.0132237102397725,0.00351173924863173,-0.00404356494450179,-30,0,0,0,0,0,4,3,-1.38822069967421,-0.358890171927631,0.532764017747025,0,0,0
904,-29.995250250005,0.0462550308996909,0.0594281897369036,0.000605091364649947,0.0028690530041399,0.00689749115383998,-29.967284488402,0.00512809131942234,0.154528588815513,0.0127395871548729,-0.00445950146208055,0.0158904613973791,-30,0,0,0,0,0,4,3,-1.33938973868322,0.43569396356921,-1.89810331736894,0,0,0
905,-29.9957928624214,0.0493419080797565,0.0661321427857939,-0.0016904196077235,0.00330469594085276,0.00651105146453419,-29.9182755178406,0.0893089352436631,0.235859954054094,0.0142951828730754,0.012616314211876,-0.0129767353529777,-30,0,0,0,0,0,4,3,-1.5929672516264,-1.44024929167492,0.82595362718958,0,0,0
906,-29.9977447323012,0.0519264702045489,0.0734933105645621,-0.00221284642084515,0.00186442295141357,0.00821142955588403,-30.0673954124643,-0.0178875538477905,0.156077332977703,-0.00236699566401277,-0.00143054505345899,0.00402633629156143,-30,0,0,0,0,0,4,3,0.371490391329842,0.17882961304148,-0.71478829511155,0,0,0
907,-30.0000840185835,0.0538803097322413,0.0813141768975725,-0.00246594033719957,0.0020432518244602,0.00743037624047998,-30.1055922773879,0.0205265733453639,0.0200510773409254,0.0170707254225097,-0.012539811308008,0.0135587532272321,-30,0,0,0,0,0,4,3,-1.49588798747509,1.21292798411007,-1.39597747740506,0,0,0
908,-30.0035723142848,0.056530005776023,0.088785815831847,-0.00451062633856543,0.00325613150207688,0.00751346714173765,-29.990578886067,0.0316942058182379,0.0637846894834535,-0.00701882486479149,0.000609966055990714,0.00103901177899716,-30,0,0,0,0,0,4,3,0.683040258613118,-0.124385017235547,-0.231470556866623,0,0,0
909,-30.007928317207,0.0597239532686302,0.0959668865219332,-0.00420156103202796,0.00313175812194771,0.00684859111388805,-29.9353642066634,0.280152342747532,0.0557375532069251,-0.0093618636348711,0.0207602114339034,-0.00210322590957555,-30,0,0,0,0,0,4,3,0.806914776813968,-2.63632582888541,0.0988474845437048,0,0,0
910,-30.0118141294596,0.0615375609971652,0.102553445323237,-0.00357020654838937,0.000495450498629451,0.00632435392004819,-29.9735354917508,0.147662043490337,0.35403655931561,0.0199798196391875,-0.000494950874996609,0.00841701572006965,-30,0,0,0,0,0,4,3,-2.05091098041705,-0.245828999481013,-1.54977469063819,0,0,0
911,-30.0166556042425,0.0619100691338465,0.109067035475995,-0.00611263384472115,0.000249559638421729,0.00670352824113895,-30.0440211787963,-0.0260293573851738,0.231456633594096,-0.00892565489831414,0.001970847163332,-0.00852777797064537,-30,0,0,0,0,0,4,3,0.980607847424056,-0.145026001562852,0.389864529876345,0,0,0
912,-30.0222879369368,0.0620871319533055,0.115548134819342,-0.00515215109717867,0.000104559004600095,0.00625840737918179,-29.9185428038462,0.220771847891788,-0.0526351362187639,0.00997160986127553,0.00442721900572968,0.00822491238076078,-30,0,0,0,0,0,4,3,-1.16007537843519,-0.884265596356545,-0.71722096563855,0,0,0
913,-30.0281022672831,0.0617495441681954,0.121967486686376,-0.00647642120552535,-0.000779739668644892,0.0065806582641421,-30.0908171357028,0.0407219047229001,0.0297715520817557,-0.00608508400924342,-0.00328002615331843,0.00205648354206472,-30,0,0,0,0,0,4,3,0.790142672330027,0.246558805886043,-0.265191458369983,0,0,0
914,-30.034400359945,0.0610930943133567,0.128166218715578,-0.00611997024661898,-0.000533167373387834,0.00581670990753448,-30.1515977503201,0.197180293722366,0.0358997834821015,-0.00978959635678899,0.00895653168528541,0.00357888298809553,-30,0,0,0,0,0,4,3,1.28215513631906,-1.29001375597327,-0.429687865773756,0,0,0
915,-30.0402308755184,0.0599149327941397,0.133366614819484,-0.00554139521141278,-0.00182315923978541,0.00458392565476174,-29.9266746296229,0.124995002055134,0.0987594466049656,0.0117386470425368,-0.0131608520701017,-0.00456825381580626,-30,0,0,0,0,0,4,3,-1.32051544500797,1.0660952028999,0.259306488370695,0,0,0
916,-30.0461393858111,0.0586248107301404,0.138509529463622,-0.00627531797889156,-0.000757088789441522,0.00570210534942277,-30.0563270875747,0.118016436032356,0.170710678384458,-0.00474641463919839,0.00537787418372351,-0.0100725560332801,-30,0,0,0,0,0,4,3,0.587295639069148,-0.773820290437062,0.665834246559094,0,0,0
917,-30.0519726108568,0.0574808262938086,0.144225362278784,-0.00539112329543498,-0.00153088870340419,0.00572932344488451,-29.7840460389332,-0.0655840233630028,0.260281437131286,-0.0157326874748372,-0.0039599726675624,0.0285896708041522,-30,0,0,0,0,0,4,3,1.14136082535021,0.527165313482245,-3.37952995467779,0,0,0
918,-30.058186790738,0.0562135143834427,0.148365406652015,-0.00703809796526799,-0.00100373984910289,0.00255121287879422,-30.155018076255,0.176065181612737,0.255137626530231,-0.00334886226434478,-0.00148707653147644,-0.00476023839653024,-30,0,0,0,0,0,4,3,0.64492237894445,-0.20342271007783,-0.0342514134074383,0,0,0
919,-30.0650168445682,0.0551080730470844,0.150666912856401,-0.00662214146565421,-0.00120714935996241,0.00205168485237207,-30.1028257671409,0.0401437680143095,0.153472333336338,0.0034488817026931,-0.0019204125156039,0.00344502747981458,-30,0,0,0,0,0,4,3,-0.139236635987512,0.111753715531771,-0.651447414654135,0,0,0
920,-30.0719255068058,0.0539567958441908,0.152537566616398,-0.00719527469329636,-0.00109540639882277,0.00168977624126095,-30.0948133902453,0.145458736623909,-0.0694980464114982,-0.0150418814942721,-0.0116701790302194,-0.00414953767553849,-30,0,0,0,0,0,4,3,1.69381492991773,0.876100429774118,0.553949860376845,0,0,0
921,-30.0783381654752,0.0532994656038678,0.153802675969483,-0.00563027060445973,-0.000219263593184523,0.000840013640004064,-29.945145708284,-0.0131770118193812,0.123580355034598,-0.0197597227852119,-0.00717571522151136,0.00102834558461648,-30,0,0,0,0,0,4,3,1.86626369508916,0.743925545789898,-0.349995268530844,0,0,0
922,-30.0834531513204,0.0534521873303658,0.153841769673411,-0.00460013231795474,0.000524697120777998,-0.000762105091791219,-29.8297582194904,0.0397854116970268,0.206675385941673,-0.0073771205232363,0.00350680000835591,-0.00226180460534005,-30,0,0,0,0,0,4,3,0.397228491304489,-0.430250824229645,-0.187170311349342,0,0,0
923,-30.0879884067714,0.0537617661276742,0.152864782858864,-0.00447049101007235,9.44524365241314E-05,-0.00119189958211785,-29.9695741317382,0.0443444550756846,0.0628840330556933,0.00840299421472358,-0.0114251288188839,-0.00835886411409598,-30,0,0,0,0,0,4,3,-0.901151157995968,1.05382397173702,0.710118345298211,0,0,0
924,-30.09251880713,0.0543831284001154,0.152237166532622,-0.0045900012420436,0.00114826591162865,-6.33000447569539E-05,-30.207752839126,0.0279298771628629,0.257964061736118,-0.00884535670095619,0.0093504965092792,-0.0170735385541358,-30,0,0,0,0,0,4,3,1.30004134834767,-0.990909405253645,1.19142573194135,0,0,0
925,-30.0962335169577,0.0550359640839283,0.152108638193126,-0.00283944786145215,0.000157398222142295,-0.000194230554195055,-30.2715651193173,-0.0966158052035294,0.118101039605133,-0.00250161650931851,0.0146037341684453,0.00367871714121608,-30,0,0,0,0,0,4,3,0.793291889566397,-1.26714180643747,-0.604073793331874,0,0,0
926,-30.0990221755871,0.0545597986939838,0.151411305290969,-0.00273813610299141,-0.00110973409810727,-0.00120046098731902,-30.178912839765,0.00558901461489297,0.231919580288964,-0.0117640313884226,0.000577086543681771,0.00945194661708043,-30,0,0,0,0,0,4,3,1.53422881837232,-0.0688866835979631,-1.40903382228597,0,0,0
927,-30.1017460546995,0.0534156311210162,0.149161814875202,-0.00271018594437421,-0.00117860531964781,-0.00329853194990364,-30.2911493815773,0.107459592511306,0.140773760122335,-0.00150115235939108,0.00663852360590427,-0.00958514136971434,-30,0,0,0,0,0,4,3,0.732413999093677,-0.878771545613039,0.676966616726765,0,0,0
928,-30.1039647596208,0.0517976551208173,0.145823803140822,-0.00172723749924007,-0.00205735329249609,-0.00337775749519511,-30.0546214846445,0.000380325549776482,0.0788182552815364,-0.00639614104322029,-0.00448579013173838,0.0227699542932222,-30,0,0,0,0,0,4,3,0.748857073611021,0.447818362074285,-2.43463193988529,0,0,0
929,-30.106322216031,0.0499642063042396,0.141327590168492,-0.00298827349688285,-0.001609548338587,-0.00561433615761948,-30.1805361812781,0.00410509692538052,0.330639524689798,-0.0143743327045615,0.0017863746706888,0.00046591484904441,-30,0,0,0,0,0,4,3,1.79850563301232,-0.186847660919641,-0.707870534284036,0,0,0
930,-30.1089550785459,0.0482612525611233,0.134810036902223,-0.00227793051772757,-0.00179636654753874,-0.00742096250983641,-29.9932057622386,0.168211925447934,0.0929020687776947,-0.0139577181409874,0.0149321836122207,-0.00306059263630814,-30,0,0,0,0,0,4,3,1.38218333857591,-1.82964221211794,0.120255126075425,0,0,0
931,-30.1107219860312,0.0455500835001314,0.126921310723366,-0.00125612721314251,-0.00362597815882865,-0.00835676313716715,-29.9431534176618,-0.0710247391216815,0.184775268848566,-0.0107557907070254,0.00723057916231533,-0.0106713342651945,-30,0,0,0,0,0,4,3,0.961885906026209,-0.581008437988169,0.697582888822319,0,0,0
932,-30.1114029417469,0.0416336177743423,0.11844708042176,-0.000105839448239891,-0.00420695793953106,-0.00859200581389497,-30.0120279705343,-0.115069653649642,0.176442299516173,-0.00104674295478583,0.0116037776698701,0.00265202731676448,-30,0,0,0,0,0,4,3,0.128730236547193,-0.930238459687727,-0.618087330708793,0,0,0
933,-30.1116978531146,0.0369615420093403,0.109586798240692,-0.000484117913782037,-0.00513720109801525,-0.00912845654397044,-30.188078317994,0.0529523013888316,0.0436721591137933,-0.00627306417256027,0.00611248129265268,-0.0320290862452543,-30,0,0,0,0,0,4,3,1.00346305324398,-0.717152732042931,3.11556430629785,0,0,0
934,-30.1107147619039,0.0314657975181159,0.101155623096755,0.00245068083484036,-0.00585429528404429,-0.00773467911609128,-30.1864152397968,-0.0116781385827536,0.269119883664451,0.00372021270818298,0.00450190662879393,-0.0155888104904679,-30,0,0,0,0,0,4,3,0.000809208775261527,-0.426834385713886,1.02064128171789,0,0,0
935,-30.1079013651928,0.0253980936055593,0.0937607859391581,0.00317630340993866,-0.00628111740715711,-0.00705518722914236,-30.2411715623531,0.0381080182642559,0.0832837455341257,-0.00230158155113507,-0.00936343772636905,-0.00116037804504874,-30,0,0,0,0,0,4,3,0.712501279819612,0.860127736108393,-0.0505296865633776,0,0,0
936,-30.1045069743556,0.0195470500162102,0.0864184520955534,0.00361233344276034,-0.00542097524556396,-0.00762959348324074,-30.1578595578977,0.0707464028407564,0.15030698502873,0.00371212753033098,-0.0230704451232497,-0.00762788438927413,-30,0,0,0,0,0,4,3,-0.0554936372377874,2.16555170664346,0.462174468869953,0,0,0
937,-30.1007539547648,0.0152088565392799,0.078956622720703,0.00389380270553576,-0.0032554191648832,-0.0072941368365318,-30.0949699440689,0.103010129326869,-0.0236970489611361,0.0157833450654509,-0.0184922681534553,-0.0117222965942175,-30,0,0,0,0,0,4,3,-1.38839461840729,1.64320655669179,1.21962375734402,0,0,0
938,-30.096900477773,0.0127750357204036,0.0725748251418887,0.00381364357685095,-0.00161222726430096,-0.00546943524919324,-30.0314975465892,-0.0162739780380761,0.0817766568200209,0.00142811794361524,0.00239698103798877,-0.00508470396215748,-30,0,0,0,0,0,4,3,-0.0798167011830803,-0.207150147722725,0.344917082575706,0,0,0
939,-30.0929957801649,0.0110592376418846,0.0672415846427729,0.00399583340539445,-0.00181937496204821,-0.00519709206261397,-30.0748776600861,0.0816231510582787,0.207471510518086,0.00859830236172334,-0.0129661785356232,-0.0207199420971178,-30,0,0,0,0,0,4,3,-0.710074916000101,1.13337155144577,1.65705118867561,0,0,0
940,-30.0886464826766,0.00980655410936469,0.0628595181849788,0.00470320101484229,-0.000685998512855117,-0.00356722672008716,-30.0499280212199,0.0403331569666774,0.221088635110133,0.0180027468983968,-0.00785348531087057,-0.0128789361985008,-30,0,0,0,0,0,4,3,-1.70041864739992,0.704682217153702,0.845716349629812,0,0,0
941,-30.0842231807453,0.00947288708832222,0.0601900423265086,0.00414388604849095,1.86579761600154E-05,-0.00177157348284906,-29.964320556983,-0.0905884636222347,0.040542060073429,0.00361173528440659,-0.0100728954239279,0.00242168284027814,-30,0,0,0,0,0,4,3,-0.432532414474593,1.18846646963726,-0.323252404174672,0,0,0
942,-30.0803503347828,0.0100857750327703,0.0584544414971654,0.00360183011818463,0.00120711144113241,-0.00169948214400539,-30.1913977734408,0.044782803396949,0.292712633874488,-0.00850705183035924,-0.00701258078052655,0.00219386780552338,-30,0,0,0,0,0,4,3,1.23350072991753,0.611692471258757,-0.804812048301314,0,0,0
943,-30.0766255800997,0.0115987435503246,0.0560188768063161,0.00384729453362727,0.0018188202776542,-0.0031717091377623,-30.2392272226797,-0.0799012170245463,0.0667472829418222,0.000598367101509292,-0.012917326444684,-0.00362011900064267,-30,0,0,0,0,0,4,3,0.418617735208382,1.45153507851749,0.228517334180623,0,0,0
944,-30.0725577552294,0.0141433399442383,0.05276143978852,0.00428831793675308,0.00327036692528575,-0.00334327849158485,-30.0917275713671,-0.0947220299683215,0.103869368788885,0.00737395490587008,0.014655038440803,-0.0122120000584371,-30,0,0,0,0,0,4,3,-0.553940347852826,-1.27605978414366,1.01346126826594,0,0,0
945,-30.0680944402219,0.0167756804823406,0.0499553309280154,0.00463860227003773,0.00199430761111483,-0.00226902806812864,-29.8797722424397,-0.0612429876278742,-0.0521010343092698,0.0238765187718204,0.0027430996565307,0.00941615297753962,-30,0,0,0,0,0,4,3,-2.62810739230264,-0.151823990397321,-0.837413229135422,0,0,0
946,-30.0646642012253,0.0186940468817641,0.048349397416053,0.00222223293756062,0.00184241813366275,-0.000942198231882074,-30.0458250877082,-0.0997751930506715,0.0122140709753658,-0.00252695690912568,0.00173375125281863,-0.0123984921453707,-30,0,0,0,0,0,4,3,0.344345866328944,0.02617526081948,1.21542107258634,0,0,0
947,-30.06188487362,0.0205495659827462,0.047685798471517,0.00333657608255978,0.00186861523644622,-0.000385290925365746,-30.0510399327282,-0.0960513450236486,0.151552597307131,0.00720316420336928,0.00768824007523355,-0.0152597172651908,-30,0,0,0,0,0,4,3,-0.61823655488061,-0.576721317476058,1.22286653190482,0,0,0
948,-30.0583161766051,0.0221298235472974,0.0479328419926997,0.0038011581889024,0.00129189554607411,0.000879259385991966,-30.0590472969273,0.0560171114453283,0.169798087355507,-0.0038958545039137,0.0187154084709609,-0.00184014921750946,-30,0,0,0,0,0,4,3,0.507680044245878,-1.98357506998675,-0.155581252960068,0,0,0
949,-30.0544026641115,0.0224299368132943,0.0485623968499786,0.00402574392411235,-0.000691670681299909,0.000379792059994508,-30.2066464679438,0.00254908821830244,0.0718524387582206,0.0117387935812,-0.00115375765944361,-0.00999845427751045,-30,0,0,0,0,0,4,3,-0.760586422232361,0.110277589507756,0.856140550234604,0,0,0
950,-30.0503264445397,0.0217934051978332,0.0495011785075282,0.00412699042826186,-0.000581398865688253,0.00149774599145893,-30.1053856133384,0.0564270681439915,0.120475057276483,0.0166993720423285,-0.000765931158352229,0.0131191335707791,-30,0,0,0,0,0,4,3,-1.45916597755608,-0.0362610204527601,-1.55286347163087,0,0,0
951,-30.0472682365298,0.0211938541726566,0.0509938513459564,0.00198943038335994,-0.000617709297876289,0.00148816431440848,-29.9447922096204,0.0519963087870877,0.0892901142575581,0.00303460530298679,0.0211084095085411,0.00978917915332325,-30,0,0,0,0,0,4,3,-0.413876111057839,-2.21483356842829,-1.15749814384744,0,0,0
952,-30.0458471148109,0.0194687204445028,0.0522300436707048,0.000852687897918237,-0.00283256548343361,0.000984518598920393,-30.0291953749184,-0.169337273161925,-0.162371104629757,0.00972192019147576,-0.00945642174248493,0.00523567663119168,-30,0,0,0,0,0,4,3,-0.913801269310801,1.28431672057234,-0.198825453859654,0,0,0
953,-30.0453816131689,0.017278305743273,0.0534727077468686,7.84547255531588E-05,-0.00154827042166663,0.00150101347641795,-29.9240631293747,0.112133157401052,-0.0370912372221574,-0.00256373686623327,-0.00602978844682331,0.0105967502852449,-30,0,0,0,0,0,4,3,0.104499945372708,0.378712529880228,-0.985492554080175,0,0,0
954,-30.0456325059,0.0159193885236992,0.0545916605243096,-0.00058043272595206,-0.00116956751300256,0.000737065776363427,-30.0345269174993,-0.0466756972405605,0.226253663987214,0.00281765268873471,-0.0198803724849432,-0.0146747904578881,-30,0,0,0,0,0,4,3,-0.212711433874943,2.08138864297544,1.01497171781439,0,0,0
955,-30.045916429821,0.0157905215361738,0.05574291563214,1.28063511524439E-05,0.00091182881806042,0.00156529003542593,-30.042873386623,0.0406500339334185,0.0402373952941029,0.00219112437975826,0.000493069503000343,-0.000581787998449355,-30,0,0,0,0,0,4,3,-0.133365664729739,-0.130607018166871,-0.0222959907432703,0,0,0
956,-30.0459603646796,0.0166370483396091,0.0573407675419727,-0.000100652536800972,0.000781218717698309,0.00163044694856635,-30.0919364087594,0.0269645633308235,-0.104444832177551,-0.0189387053822482,0.00627832662436227,-0.00908729342723167,-30,0,0,0,0,0,4,3,2.0777433557437,-0.681761789097874,1.11761900707827,0,0,0
957,-30.0449489488087,0.0170774184351904,0.0585782521925582,0.0021232833726805,9.95141698090206E-05,0.000843945925273652,-30.1717969662355,0.00645679615767993,0.196531472758658,-0.00013701625204185,-0.000728667405873729,-0.0109236549394794,-30,0,0,0,0,0,4,3,0.357295557675265,0.0599531482720131,0.699302548430629,0,0,0
958,-30.0424511809576,0.0172069202627871,0.0595180272766053,0.002872308938196,0.000159483249452628,0.00103540964827179,-30.0277811739532,0.0676819278470516,0.174278688474212,0.0164733977674998,-0.0177562301844244,0.00902860851457885,-30,0,0,0,0,0,4,3,-1.59177742884355,1.64025916274834,-1.25141822840631,0,0,0
959,-30.0405819005821,0.0181865113760769,0.0607044736198929,0.0008663393872112,0.00179969381359413,0.00133800879337535,-30.1085386500716,0.0519793913820696,-0.0152730789872527,-0.00192556525528939,-0.00161678416068872,0.00685445680718664,-30,0,0,0,0,0,4,3,0.409633825672205,0.0577196333047326,-0.654899522744159,0,0,0
960,-30.0398211613005,0.0200150675373072,0.0616607874338019,0.000654946377772784,0.00185741423034061,0.00057467650687679,-29.9623210395458,-0.00563192852848955,-0.00584791965093571,0.00938761166934292,0.00472237512153116,0.000947610081682676,-30,0,0,0,0,0,4,3,-1.01411908784279,-0.460973655096137,-0.0830651688663962,0,0,0
961,-30.0395437524274,0.0216419877115211,0.0625714932810778,-9.99486828371018E-05,0.00139641818203134,0.00124693154145306,-30.1116567130061,0.0738992144712187,-0.0971110018309527,-0.00760165626088421,0.00769798869657145,-0.000357646242877649,-30,0,0,0,0,0,4,3,0.983479052100661,-0.917597298599582,0.22998662794967,0,0,0
962,-30.0392297649895,0.0225796210312939,0.0635253428185779,0.000727775363108833,0.000478844393578939,0.000660556570454817,-29.9708766858891,0.00102039498201296,0.0755175526228565,0.00923468289967202,0.00719247042803648,0.00446524685474562,-30,0,0,0,0,0,4,3,-0.981714918188905,-0.721287832767674,-0.597559790720275,0,0,0
963,-30.0390576962208,0.0226978113097843,0.0643364405669184,-0.000383555135142077,-0.000242471323364276,0.000961926360906041,-29.9273817242548,0.132106451491451,0.159495343571539,0.0017653158560202,-0.00625657176209353,-0.0097757282336527,-30,0,0,0,0,0,4,3,-0.321768137092475,0.361444273226451,0.658582136222191,0,0,0
964,-30.0393107607801,0.0226360653464571,0.0656309268192178,-0.00012240031621662,0.000118974060959314,0.00162697724300788,-29.946351112626,0.154065563093863,0.119031248613876,0.00397935511402297,0.00888269302676056,0.013799165352422,-30,0,0,0,0,0,4,3,-0.505233286150367,-1.19640042886378,-1.61797903246995,0,0,0
965,-30.0402035821023,0.0221568265860659,0.0668892096427129,-0.00166342766375132,-0.00107745643819319,0.000889988185337224,-30.1215832278531,0.162561980665663,0.15281517593663,-0.00305524900605671,0.00420029952091523,0.00227170836552937,-30,0,0,0,0,0,4,3,0.548691356311816,-0.745153913422848,-0.532801188426196,0,0,0
966,-30.0418819647801,0.020706797900833,0.0673890932661818,-0.00169353309339508,-0.00182260516956016,0.000109788837480531,-29.8381737343021,0.117576424322396,0.0652444533905339,-0.00167401220909716,0.00574441031972773,-0.00517566268153402,-30,0,0,0,0,0,4,3,-0.156251310486142,-0.809593880617565,0.387077361372334,0,0,0
967,-30.0434892719862,0.018479398754106,0.0676792670916795,-0.00152098215894037,-0.00263219770179026,0.000470515148776053,-29.9363723118071,0.0200665051175159,0.0762854566948306,-0.013605198540216,-0.0278694134766558,-0.00436171075738847,-30,0,0,0,0,0,4,3,1.23326447763585,2.74680833743054,0.283600162349186,0,0,0
968,-30.0444935964569,0.0172206224743352,0.0677820494096732,-0.000487850136415752,0.000114640058658744,-0.00026521501099582,-29.9332843084013,0.150159438168205,0.292817248278807,0.0150135781332374,-0.0232564671280455,0.00798913601076282,-30,0,0,0,0,0,4,3,-1.63478919652117,2.02532783646814,-1.3845480976339,0,0,0
969,-30.0460478936219,0.0183479036877001,0.0676459270067685,-0.00262067168732652,0.00213991679665675,-6.48157552251248E-06,-29.9876577926955,-0.0727040407419902,0.0679602278735152,0.0030536024152696,0.0197469151641425,-0.00485280961895804,-30,0,0,0,0,0,4,3,-0.330044656135866,-1.82928343493027,0.349360506148773,0,0,0
970,-30.0486545314387,0.0195731798266934,0.0678717278974594,-0.00259247644082988,0.000310630593149827,0.00045808152527118,-30.0033555044868,-0.0497118896819363,0.169083558373638,0.0104454165696053,-0.00406660499291115,-0.00308077902896314,-30,0,0,0,0,0,4,3,-1.03783064798693,0.506084278654988,-0.0300892138509609,0,0,0
971,-30.0516111358058,0.0201368454545949,0.0686961333870956,-0.00332054022540268,0.000816692615880793,0.00119091900937422,-30.1299549827468,-0.111187877675329,-0.0896660919846441,0.000996559857392141,0.0100760172389006,-0.00683561184478803,-30,0,0,0,0,0,4,3,0.160253979754434,-0.785225968539407,0.862893368448091,0,0,0
972,-30.0545618787065,0.0205609342101295,0.0701110179323212,-0.00258082783386129,3.14803821492343E-05,0.00163866138836813,-30.1078097888039,0.06290734757823,0.0488684770928259,0.00254199593672171,0.00190567062862389,-0.0113412617370279,-30,0,0,0,0,0,4,3,-0.0385800160643533,-0.316381758018849,1.03638921951713,0,0,0
973,-30.0567751789028,0.0204342328854459,0.0721050025947323,-0.00184558589564774,-0.000284889756416437,0.00234911959851787,-30.044667906564,-0.0370375311319679,0.0136285302638181,-0.00720646323578725,-0.0165229317988394,-0.0172983916184152,-30,0,0,0,0,0,4,3,0.809982136706627,1.72636824214788,1.70258210131389,0,0,0
974,-30.0577209246872,0.0210125498498112,0.0747184689491042,-4.57656321040879E-05,0.00144151599706724,0.00287735368646756,-30.0141581453697,-0.0562398637081931,-0.17346653819308,0.00293854486315062,-0.000760439856769578,-0.00645171875992655,-30,0,0,0,0,0,4,3,-0.26553819557575,0.188523713093344,0.992104952378815,0,0,0
975,-30.0574907631987,0.0225483338075276,0.0780187063305269,0.000506309407313413,0.00163004601067253,0.00372298503477533,-30.1932324286314,-0.0351805315726691,0.121737919364744,0.00429086937690332,0.00323455407210013,0.00167474113644888,-30,0,0,0,0,0,4,3,-0.0426220804274599,-0.253094344064675,-0.410949952374375,0,0,0
976,-30.0571531147957,0.0240518318424794,0.0816107043988627,0.000168924451592093,0.00137694583325321,0.00346110009722606,-30.0297168974958,0.0434176933704485,0.0655307565709876,-0.00695769017511217,0.010433793039925,0.0151518531275394,-30,0,0,0,0,0,4,3,0.755202812502786,-1.1302146907334,-1.64624682589592,0,0,0
977,-30.0573435380464,0.0248636711872226,0.0842309222360887,-0.000550194456106408,0.000246727323151053,0.00177952078984464,-30.1699843751054,-0.0110459169379889,0.0688787912307592,0.0145829949641742,0.00611700930199793,-0.000112389880942276,-30,0,0,0,0,0,4,3,-1.11833074620665,-0.589609096323815,-0.126518594367291,0,0,0
978,-30.0583185415738,0.0248155846140193,0.0863746164429258,-0.00139962429591659,-0.000342906881681148,0.00250808447933239,-30.0553759979045,0.0573172579105721,0.133209082552167,0.00945745950217864,-0.00170946086894051,-0.00428034133326937,-30,0,0,0,0,0,4,3,-0.834993954408889,0.0563115710729072,0.161615968222603,0,0,0
979,-30.0599405473974,0.0245008295305474,0.0892388932698975,-0.00184420377838053,-0.000286610989077962,0.00322058466426529,-29.9608084257708,0.0235915998834011,-0.0193342153470152,0.00811882559894849,-0.00523049153421378,-0.00399975365276946,-30,0,0,0,0,0,4,3,-0.890265708353341,0.475865953654575,0.438643795970976,0,0,0
980,-30.0619222197564,0.0244521470910369,0.092929298744282,-0.00211889767335398,0.000189241444249311,0.00416029733488857,-30.0549058460916,0.193230887334232,0.0454137566445586,-0.00899703211315062,-0.0101348100366991,0.00891595649800996,-30,0,0,0,0,0,4,3,1.00951490349835,0.627019229001447,-0.982423163090113,0,0,0
981,-30.0640700784019,0.024954909213152,0.096378307852997,-0.00217717540213287,0.000816270182022211,0.0027377377562943,-30.0321777951786,-0.125037790582544,0.215033775078151,0.019965805456502,0.00591851779343438,-0.0019684006391907,-30,0,0,0,0,0,4,3,-1.93222495529297,-0.34177619817835,-0.233227486237232,0,0,0
982,-30.0669826619722,0.0256002703143154,0.0997487618988004,-0.00364766544964511,0.000474450422828864,0.00400354198861826,-30.1055090925176,-0.0857290258377361,0.178869629478983,-0.00943260897994225,0.00183415851870571,0.000615256150555256,-30,0,0,0,0,0,4,3,1.15427908302945,-0.0119578001950993,-0.419264874013491,0,0,0
983,-30.0704022633573,0.0260687536851466,0.103176241268082,-0.00319182480680946,0.000462511940319577,0.00285130315099788,-30.0128628516966,-0.0996960414271398,-0.0493259731609758,-0.00673059955860062,0.0038687590094904,0.00164871695377557,-30,0,0,0,0,0,4,3,0.698785659253311,-0.187483818094761,-0.0662197490556054,0,0,0
984,-30.0733877137853,0.0264375337855138,0.105738536627661,-0.00277921736033961,0.000275042071250911,0.00227318407470093,-30.0153811942593,-0.0517834954659519,0.109471516552556,-0.0124608344460918,-0.0039717374792061,0.0140242718116659,-30,0,0,0,0,0,4,3,1.27684583312776,0.500740738852513,-1.6213702142717,0,0,0
985,-30.0763467976898,0.0269629528875171,0.106988028037244,-0.00313946461220088,0.000775790296833472,0.000225892252766955,-30.1347726812397,0.032056369133889,0.0787092670672748,0.00414802746079608,-0.0118093867476742,-0.0147391419979268,-30,0,0,0,0,0,4,3,-0.145257383600302,1.11682593649964,1.31649566565813,0,0,0
986,-30.079048286962,0.0282971658574472,0.107700382333811,-0.00226326402906358,0.00189262896006172,0.00119859853247662,-30.0124142374555,0.162228755231209,0.17513083268395,0.00908039165005376,0.00347070777350269,0.00296433214470438,-30,0,0,0,0,0,4,3,-0.883210690094343,-0.671528287812688,-0.646694879838338,0,0,0
987,-30.0818502561002,0.0298540204633048,0.109004952903044,-0.00334061685338265,0.00122107428157819,0.00141081581278582,-30.1191622842385,-0.00180917399225636,0.0860844968268673,-0.00440538652800087,0.0133663809224341,0.0100417054940609,-30,0,0,0,0,0,4,3,0.67886322127717,-1.3330197442589,-1.17633954305982,0,0,0
988,-30.0854061271549,0.0304085876185058,0.109763846381582,-0.0037714500158005,-0.000111945256450992,0.000107079574904086,-30.0996438794107,0.166072842721204,0.0592805045983456,-0.0113896469201519,0.000589881503603993,0.0061761432246398,-30,0,0,0,0,0,4,3,1.33825245083654,-0.391133835802808,-0.736175331660671,0,0,0
989,-30.0890100320878,0.0301010881917408,0.109120108788512,-0.00343673500404003,-0.000503059693458416,-0.0013946356902964,-29.9455923888004,-0.0519509347868597,0.253052016869263,-0.00442556577260559,0.00149080596354046,-0.0175588353508806,-30,0,0,0,0,0,4,3,0.333741354861315,-0.0451787267803261,1.24977950134953,0,0,0
990,-30.0918739758307,0.0295754532910345,0.108010331096111,-0.00229100560916045,-0.000548216388271746,-0.000825207003841193,-30.1474659725132,-0.136875431388711,-0.00631977758850048,0.000975581732837683,0.00797925268016333,0.0042874732356519,-30,0,0,0,0,0,4,3,0.197373771742694,-0.524174405238912,-0.416107768388189,0,0,0
991,-30.0942588205361,0.0287651526841296,0.106965681865208,-0.00247878877241414,-0.00107239161604493,-0.0012640437258126,-30.0950825197095,0.0703547109618163,0.117964865715289,0.0120980709450829,-0.0117723266685206,-0.0106955938509183,-30,0,0,0,0,0,4,3,-1.01964205508921,1.03652324492842,0.833629653661253,0,0,0
992,-30.0967699220863,0.0282110198189335,0.10635235878928,-0.00254308269348743,-3.58798809374518E-05,3.74138630011168E-05,-30.2323767010654,-0.0589494300813786,0.198373405951454,0.00903852973096187,-0.0174083852821334,-0.00488183730180073,-30,0,0,0,0,0,4,3,-0.439099570965313,1.85873738837609,0.0914369182771649,0,0,0
993,-30.0994286037287,0.029104506468914,0.106577009943732,-0.00277418365921649,0.001822849341194,0.000411948854854264,-30.1693638090763,0.146858766833561,0.202774180131435,0.0128158662079582,-0.00230927925701807,0.0145506784227046,-30,0,0,0,0,0,4,3,-0.942859002643179,-0.0627896079653157,-1.86061620253333,0,0,0
994,-30.1032148871136,0.0308959424594813,0.106716158878959,-0.00479851584207567,0.00176001752116487,-0.000133145216349053,-30.0646135034578,0.0932839656151833,0.166701320199345,-0.00584029150362518,0.00656667258097123,-0.0143537378703329,-30,0,0,0,0,0,4,3,0.713256157278074,-0.843235189327489,1.10197114663461,0,0,0
995,-30.1073684565674,0.0322343590255326,0.106676181370958,-0.00350857341788558,0.00091681060164313,5.2870836559046E-05,-29.8617058129577,-0.0780416257348089,0.0722485327217348,0.000972451501448866,0.00919695282572186,0.00968342042120993,-30,0,0,0,0,0,4,3,-0.373833524229497,-0.763612031102568,-1.11283910756446,0,0,0
996,-30.1114210481151,0.0327693553386616,0.106492936595232,-0.00459672341544146,0.000153177336008748,-0.000419087893940379,-30.0347174050574,-0.139845620401721,0.244734815757673,0.00391662303354969,-0.00483607653114263,0.00325435223370642,-30,0,0,0,0,0,4,3,-0.322227493240134,0.763298893917705,-0.814904854885988,0,0,0
997,-30.1164335499753,0.0333041772706516,0.105918053113172,-0.00542835421120102,0.000916459654980464,-0.00073047172719512,-30.2585136690286,-0.0144003222483405,0.0696565799484288,-0.00106293735955372,-0.0110082807029804,0.00484979006638128,-30,0,0,0,0,0,4,3,0.623321074012668,1.12962871479472,-0.624292166534986,0,0,0
998,-30.1218931496106,0.0347854566898007,0.104741621136977,-0.00549106377230194,0.00204609402990253,-0.00162237837677622,-30.0232009013646,0.0268673548532575,0.0339389963878448,-0.00883145671752889,-0.00420361184652436,0.00892040260342354,-30,0,0,0,0,0,4,3,0.929547474482096,0.366626474945921,-0.959918253118043,0,0,0
999,-30.1274403622818,0.0370148706595447,0.102447459939075,-0.00560368887839305,0.00241272860479309,-0.00296591420810802,-30.2709842030071,0.000685643540245064,0.0681412330173837,-0.00280729774573665,0.00969345538113992,0.00623566726193916,-30,0,0,0,0,0,4,3,0.822698180587914,-0.970716825194483,-0.759849192228683,0,0,0
1000,-30.1330615850704,0.0389422481747151,0.0989161191058305,-0.00563903219648017,0.00144202001883033,-0.00409675936646888,-30.1238232050429,0.0232650662076693,0.067279210101415,-0.000495371965491674,0.00239782673673473,0.00609931933540922,-30,0,0,0,0,0,4,3,0.297183606635024,-0.286312806088812,-0.744490353743752,0,0,0
1001,-30.1388871178773,0.0402411129399466,0.0944560355601628,-0.00601220853548281,0.00115570454932489,-0.00482331685638918,-30.0250441155807,0.177037728582642,0.0618094359633003,0.00153503021063531,0.00948997476548999,0.00546675327499226,-30,0,0,0,0,0,4,3,-0.103414789902177,-1.30307293371428,-0.670294199425826,0,0,0
1002,-30.1451909977201,0.0407452782077432,0.0894444358193162,-0.00659563761928258,-0.000147378601670312,-0.00519973884967598,-29.9577621229352,-0.0839131837819022,0.066201473304811,-0.00486397295466632,0.00231504690276878,-0.00147303863334945,-30,0,0,0,0,0,4,3,0.401921541337047,-0.0636783227130736,0.0149009167253231,0,0,0
1003,-30.15165449374,0.0405660673442802,0.0840937333542278,-0.00633142243272547,-0.000211048265937998,-0.00550172992044215,-30.22606435797,-0.138191108548232,0.193802345263832,-0.00770835793641785,-0.000845070605197167,-0.0039762916464397,-30,0,0,0,0,0,4,3,1.2229645095817,0.360889277616181,0.0100244741163062,0,0,0
1004,-30.1575846006125,0.0405354803284211,0.0781310676384825,-0.0055290121952476,0.000149866927786949,-0.00642380008048751,-30.2880817239723,-0.127646344981574,0.127151024330025,-0.0155220427455675,-0.000504724966418576,0.000682536231773863,-30,0,0,0,0,0,4,3,2.12836772250132,0.305765186605005,-0.322555671837436,0,0,0
1005,-30.1625389295491,0.0408382547218225,0.0707959577465266,-0.00438009152277708,0.000455673145851723,-0.00824670460100955,-30.1691407225076,0.0202213595119618,-0.0101725094363842,-0.0115385214200599,0.00828641760559969,-0.00908954867809674,-30,0,0,0,0,0,4,3,1.49213358702109,-0.869084479583892,0.929299886682442,0,0,0
1006,-30.1660853138872,0.0408594114478023,0.0622891683017129,-0.00271279974796584,-0.000413368705746282,-0.00876728639752492,-30.1069722351578,-0.0688959881926567,-0.00994760736698495,-0.00552025495753731,0.00751655274727765,-0.0128043111796078,-30,0,0,0,0,0,4,3,0.765969966069377,-0.613863298342452,1.30032633269475,0,0,0
1007,-30.1680648082456,0.0401391296344741,0.0536558363669166,-0.00124611650479962,-0.00102720024263956,-0.00849973825320288,-30.2498733646907,-0.0564410458974765,0.0517083716226065,0.0214968013530241,0.0130503715291749,-0.00778497937455833,-30,0,0,0,0,0,4,3,-1.64993340592109,-1.19215506112253,0.67508119421062,0,0,0
1008,-30.1696087498982,0.0385158413915362,0.0459912482104855,-0.00184134740383218,-0.00221938201197465,-0.00682929109961226,-30.2772676376055,-0.128730950832502,0.0774843795543717,0.00874455745134821,-0.0088315726124998,-0.00975065283848774,-30,0,0,0,0,0,4,3,-0.319920469923769,1.14061916291498,0.820096524740031,0,0,0
1009,-30.1712540320115,0.0368667730840669,0.0395450435577382,-0.00144902283935957,-0.00107875976422901,-0.00606321532198715,-30.2482669090843,0.0395437122913889,-0.0546020062133743,0.00131034829069332,-0.00270530423622068,-0.0123694650942165,-30,0,0,0,0,0,4,3,0.36549898909919,0.19144299903929,1.34615052184839,0,0,0
1010,-30.1720827802799,0.035883749898587,0.0337798837866044,-0.000208320890682458,-0.000887292904072176,-0.0054674086797434,-30.2346864685537,0.00923222838189757,-0.00112534665242422,-0.00430856615616817,-0.0113944004330764,0.0211387252460002,-30,0,0,0,0,0,4,3,0.900229552724205,1.12097558654385,-2.11162183129517,0,0,0
1011,-30.1727961981999,0.0355569442020195,0.0272705694154141,-0.00121901784709524,0.000233676344866019,-0.00755096955308774,-30.2096698577742,0.0230050464536014,-0.0888745499453696,-0.0123393184171368,0.0112606758167847,-0.00778801860155285,-30,0,0,0,0,0,4,3,1.65327155726211,-1.17207767458568,0.956550960046024,0,0,0
1012,-30.1731185757667,0.035204608192997,0.0194037971834158,0.000574115378833977,-0.000938354975925509,-0.00818301373244597,-30.1852953682702,-0.0803000728931867,0.00657378858113648,0.00859316363756754,-0.00131732254829249,-0.0338788249002388,-30,0,0,0,0,0,4,3,-0.488725627216332,0.292332400615623,3.3747349128616,0,0,0
1013,-30.1714411322959,0.0344124378767654,0.0125055583520981,0.00278140850768238,-0.000645992405466773,-0.00561400176583143,-30.1076495904064,0.0139035051716725,0.107184881263171,0.00840367950772632,-0.0111904657954971,-0.00667358199311525,-30,0,0,0,0,0,4,3,-0.625068769959811,1.09123956920636,0.452988436785183,0,0,0
1014,-30.1687006618647,0.0343120642223663,0.00726636406568748,0.00269972253837191,0.000445239412638529,-0.004864364926855,-30.1326356850089,-0.0452698034216147,-0.00197808214772014,0.00824022871624181,-0.00592808323781577,-0.00834039805749053,-30,0,0,0,0,0,4,3,-0.558751501606452,0.683347930624807,0.837995970044493,0,0,0
1015,-30.1658743408352,0.0350989800899168,0.00287826239382658,0.00295315842265332,0.00112858561131846,-0.00391189668833832,-30.3875970368178,0.133474245950356,0.0939642988790328,-0.00267841036665651,-0.0239584649029135,-0.00462049712958232,-30,0,0,0,0,0,4,3,1.04303511030128,2.12889799839064,0.274121115200167,0,0,0
1016,-30.1624810494723,0.0372920315034207,-0.0013468755572253,0.00383328058522258,0.00325750890285917,-0.00453859330608227,-29.995442421649,0.0301494055958869,0.069450521266981,0.00446418781511143,-0.0113446876902426,-0.00364731750130459,-30,0,0,0,0,0,4,3,-0.455533938213152,1.07416995783249,0.225830707596497,0,0,0
1017,-30.1587177239252,0.0410866260890812,-0.00564956774303063,0.00369349260425098,0.0043316719611593,-0.00406675725853939,-30.1410666351098,-0.176213005360805,-0.0455762266701669,0.0162663557800166,-0.0083412063459882,-0.00748023529990228,-30,0,0,0,0,0,4,3,-1.34450230778205,1.18654664532043,0.839175983330562,0,0,0
1018,-30.1551535893099,0.0460115648455297,-0.00894361671341047,0.00343515924161325,0.00551820030866233,-0.00252127513004114,-30.2861689274461,-0.105345109907814,0.0642566136763682,-2.91610079668184E-05,-0.002824107259728,0.00432120148143103,-30,0,0,0,0,0,4,3,0.575253955688794,0.493100945788427,-0.560633375495839,0,0,0
1019,-30.1517465730097,0.0517763208736739,-0.011875718637046,0.0033786792613592,0.00601130666643383,-0.00334291365112824,-30.2628539976179,-0.0221718250538552,-0.090556589348569,0.00861039297512393,0.00308970570451244,-0.00324858666246447,-30,0,0,0,0,0,4,3,-0.335331302276553,-0.264626920343533,0.505971844943585,0,0,0
1020,-30.1482916364657,0.0576553163356514,-0.0149360980559098,0.00353133728622745,0.00574667874483193,-0.00277787915233984,-30.2445203897431,0.0157408112656155,-0.099024476584813,0.0115889581118916,0.00211862303245889,0.00471788831947263,-30,0,0,0,0,0,4,3,-0.669855031703038,-0.24334392577712,-0.273739878777637,0,0,0
1021,-30.1450878602443,0.0632803167951733,-0.0175601907178414,0.00287629596689734,0.00550331739860334,-0.00247014575420242,-30.1296197345255,0.088304587552798,-0.0228706418501636,-0.00291823562558017,0.00173476021363569,-0.0156082996472377,-30,0,0,0,0,0,4,3,0.551063031609099,-0.350085196469165,1.60657124842409,0,0,0
1022,-30.1414284289328,0.0686086078712219,-0.0197229607267427,0.00444272047889765,0.00515326310304247,-0.0018557696984091,-29.9724780233235,0.106866730799944,0.0870591258296617,-0.00555312255182657,-0.00742346102006479,-0.0138627143329833,-30,0,0,0,0,0,4,3,0.500268301829665,0.528612640406591,1.21215318163901,0,0,0
1023,-30.1363679685463,0.0740261927422503,-0.0213821654658321,0.00567830153667558,0.00568190083988172,-0.00146293733916305,-30.3000717293785,0.0878193791872695,-0.0862941156250415,0.0055760963365261,0.00203912761334236,0.00779553052715928,-30,0,0,0,0,0,4,3,0.0425338251044355,-0.379551519708775,-0.606964821465845,0,0,0
1024,-30.1309097609694,0.0795183164500889,-0.0230703697036904,0.0052380116533956,0.00530234293778624,-0.00191336168935111,-30.055873649222,0.0597270742462864,0.0350201006968856,0.00107000639209157,0.00639578972044496,-0.00773935056138705,-30,0,0,0,0,0,4,3,0.00474665923483045,-0.759033120537069,0.703894854744934,0,0,0
1025,-30.1254080551725,0.084441150157122,-0.0247664033657002,0.00576550968224962,0.0045433183634152,-0.0014788297920546,-30.2308772025491,0.0794329087894847,0.102718852056192,0.0143807983959807,0.0190172965041049,0.0144346888092757,-30,0,0,0,0,0,4,3,-0.976325434499797,-2.06059546798946,-1.64890658503995,0,0,0
1026,-30.1205900077352,0.087954154322103,-0.0264242731668416,0.00387050466901333,0.00248268251492194,-0.00183645206145443,-30.2303563028097,0.270036842257984,0.139591922457267,-0.0136967363762102,-0.00371654816897313,0.00230877370211145,-30,0,0,0,0,0,4,3,1.83038624324033,-0.168418867618654,-0.510061215125678,0,0,0
1027,-30.1163203063576,0.0903526468750619,-0.0291307965954634,0.00466848600637804,0.00231429614201325,-0.00357678324669896,-30.1355073310005,0.0461020556215367,-0.108586874903241,0.00477166514025513,0.016990781387356,0.00887890607872663,-30,0,0,0,0,0,4,3,-0.206151852024498,-1.79128224997867,-0.67071685806618,0,0,0
1028,-30.1119785137543,0.0917712989081015,-0.0328583738367588,0.00401503277309127,0.000523001495684527,-0.00387821225063143,-30.1277280509456,0.12359497360866,-0.0392968680972678,-0.00837408526602288,0.00597048633932821,0.00273238448879467,-30,0,0,0,0,0,4,3,1.09286462849359,-0.844238581150142,-0.194644712684932,0,0,0
1029,-30.1076866547112,0.0918721943308362,-0.0372245808322724,0.00456845498049399,-0.000321216362849141,-0.00485433079435967,-30.1417697401062,0.015990846470044,0.166755469403364,0.0076012242028178,0.0117926040139731,0.00760932605126521,-30,0,0,0,0,0,4,3,-0.476582940069411,-1.2112420943374,-1.09444354393325,0,0,0
1030,-30.103694467887,0.0909453471746065,-0.0422646407529465,0.00341583962564344,-0.0015324816368969,-0.0052255102176447,-30.0695993613827,0.155883602275483,-0.119445917823689,0.00292475143696639,0.0140137936336576,-0.00775694142008908,-30,0,0,0,0,0,4,3,-0.153276420931289,-1.71314656791673,1.01458597765629,0,0,0
1031,-30.0999492574006,0.0885562985033699,-0.0471115612369016,0.00407476844094568,-0.00324561926717109,-0.00446848355560556,-30.1521886042565,0.0948681274991382,-0.0779427639841496,0.00728416915308721,-0.0135465442482625,-0.0054886664805736,-30,0,0,0,0,0,4,3,-0.424039706795803,1.16491816982797,0.704752176025659,0,0,0
1032,-30.0957503171121,0.0858931396695323,-0.0511998241891696,0.00432330190229415,-0.00208070159248875,-0.00370810094956815,-29.9888427400733,0.106465836177953,0.00103880333910832,0.0222188796155593,-0.00735158020816612,-0.00628169861453043,-30,0,0,0,0,0,4,3,-2.24420248140926,0.522226348460706,0.626092254774826,0,0,0
1033,-30.0919237355479,0.0840735363340304,-0.0538618548748195,0.0033303712070338,-0.00155851507800504,-0.00161572408358632,-29.9148888057486,0.257838351316172,0.0304484509353411,-0.00290678000470755,0.00876384762193213,0.00843729498550859,-30,0,0,0,0,0,4,3,0.120455611967869,-1.39206146482556,-0.904626400421541,0,0,0
1034,-30.0889022807598,0.0818189890489115,-0.055826854995572,0.00271237772388877,-0.00295058485673314,-0.00231412742459681,-29.99053286,0.175081282633672,0.025206508228429,0.0152132127444243,-0.0202568907256527,0.0130737630723427,-30,0,0,0,0,0,4,3,-1.54025555444243,1.67552650729793,-1.35778932369113,0,0,0
1035,-30.0872108097745,0.0797061450709053,-0.0580053965594587,0.000670634010491886,-0.00127510713434902,-0.00204246632451854,-30.0797710992101,0.197273878519644,-0.102313923845059,0.02247620186303,0.0160105005365463,-0.00655473986612011,-30,0,0,0,0,0,4,3,-2.08807798788287,-1.99559781069392,0.86010183430213,0,0,0
1036,-30.0868948470161,0.0774332237944336,-0.0589827855065415,-3.81940136838368E-05,-0.00327073867988108,8.78575207942951E-05,-30.1195052892325,-0.0183066173199936,-0.117521230064615,-0.00911845988953329,-0.0110631216800269,-0.0376422583371043,-30,0,0,0,0,0,4,3,1.15085656741831,1.14292540264268,3.99926829383966,0,0,0
1037,-30.0850411774729,0.0747339873888276,-0.0580440028884462,0.00374594206914818,-0.00212774102325133,0.00178880926627787,-30.239024631107,-0.200822745244073,-0.102627929159797,-0.0028713942703177,-0.00199683703021185,0.0105011259625638,-30,0,0,0,0,0,4,3,0.765188689245721,0.601329193509331,-0.844856737936784,0,0,0
1038,-30.0813714505016,0.0729069163458963,-0.0568301287293848,0.00359324708461863,-0.00152640582405639,0.000638979718320614,-30.2483015120808,0.059917993447934,-0.07005445874191,-0.000986920918785945,0.00359511959245065,-0.00388597484615596,-30,0,0,0,0,0,4,3,0.595295116040146,-0.479347946140933,0.528706402099416,0,0,0
1039,-30.0773870720555,0.0711408476192252,-0.0562563288939919,0.00437547824350098,-0.00200573486960019,0.000508439173085641,-30.0511786876041,0.0766325410206104,-0.00364129730682777,0.0225670027909513,-0.000344778644274356,-0.000638352580087108,-30,0,0,0,0,0,4,3,-2.15434290388688,-0.118787217613785,0.0711178526223664,0,0,0
1040,-30.0736850842443,0.0690756992587459,-0.0549140333734361,0.00302889890131384,-0.00212456668422671,0.00217647453581796,-29.9984249707787,0.0756973271038129,-0.00675957571262814,-0.00310958100045443,-0.00641385598092611,-0.00244682179400313,-30,0,0,0,0,0,4,3,0.307808041602865,0.489990943884985,0.258201330825569,0,0,0
1041,-30.0704605112824,0.0671961358314107,-0.0527807509161488,0.00342023156061814,-0.00163456615421765,0.002090000381359,-30.0414959075099,0.107863576606894,0.120083089031766,-0.00513163284922838,-0.00245053541561638,0.0117218606684028,-30,0,0,0,0,0,4,3,0.596155099942583,0.0293263883478508,-1.41235224490381,0,0,0
1042,-30.0673884627899,0.0655762335520324,-0.0513843970776933,0.00272353965432317,-0.00160524413334286,0.000702876674869863,-30.1488747295596,0.0200282205129186,-0.243936281956911,0.00027649239058611,-0.0141144959875907,0.0119692347530317,-30,0,0,0,0,0,4,3,0.270100220060663,1.37139315773324,-0.709050911389345,0,0,0
1043,-30.0648511660805,0.0646566863518826,-0.0510229560825571,0.0023508924079331,-0.000233853781496969,2.00937996810077E-05,-30.166794354339,0.213860717250929,-0.0880769866982958,0.0187376706507576,0.00840227925114272,0.00938684937385383,-30,0,0,0,0,0,4,3,-1.54017835639784,-1.26794935961613,-0.762530963988792,0,0,0
1044,-30.0632921287978,0.063788839694813,-0.0506704148002407,0.000767344475993333,-0.00150184477847285,0.000685365885664577,-29.8906531598998,-0.0860184721064973,0.00301593118462061,-0.00754577454192701,-0.00447035457746566,0.0031679313282199,-30,0,0,0,0,0,4,3,0.535883773992234,0.619072401959561,-0.322824995191231,0,0,0
1045,-30.0624780597644,0.0625965373879711,-0.0503021564487254,0.000860647718820129,-0.00088276494946166,5.11320415497538E-05,-30.2008938145789,0.0564728952179871,0.151245136997208,0.00789272259346224,-0.0115482273549527,-0.010055288102676,-30,0,0,0,0,0,4,3,-0.387484630188478,1.0418769450593,0.703038536273179,0,0,0
1046,-30.0614772306902,0.0622347142835867,-0.0498844951822991,0.00114119048658981,0.000159112254941032,0.00078412724400218,-29.9761756388309,-0.0246280879979598,-0.249941715172478,0.00324500140411766,-0.00485359879713083,-0.00420965366041132,-30,0,0,0,0,0,4,3,-0.372148862749989,0.534616055709003,0.920848796386088,0,0,0
1047,-30.0601071503055,0.0626611403722332,-0.0486696492360207,0.0015991782230392,0.000693731504098081,0.0016454576780596,-30.0038891865659,0.0141732152894059,-0.143729797977808,-0.00630483650530641,0.0049862242442015,0.00869134270224179,-30,0,0,0,0,0,4,3,0.638262023662483,-0.526968854998962,-0.581674674268564,0,0,0
1048,-30.0585271498999,0.0630913938689239,-0.0474642943485798,0.00156061993618894,0.000166769138451002,0.000765262891854548,-30.0057790881561,-0.000621573676767032,0.0971890190197729,0.00493466715693915,-0.028228931925814,0.0228591308402707,-30,0,0,0,0,0,4,3,-0.481908539381652,2.82413633993494,-2.48029112206662,0,0,0
1049,-30.058073238814,0.0646702134085018,-0.0473223000720103,-0.000653084886806122,0.00299086555567915,-0.000480752581638162,-30.006570882756,0.0808617684743021,-0.138796582565314,-0.0108069629065611,-0.000661056466817253,0.000497178461786469,-30,0,0,0,0,0,4,3,1.09383805616814,-0.095617890266879,0.227875318951981,0,0,0
1050,-30.0582905249868,0.067613285954007,-0.0481557184025543,0.000218352106008884,0.00289527347650177,-0.00118628431393254,-30.1198409280415,0.0221007016791021,-0.0373548718341523,0.00916469868242623,-0.00627164308701462,0.00631325066788298,-30,0,0,0,0,0,4,3,-0.676788012159556,0.582962905343258,-0.556615323119993,0,0,0
1051,-30.0585068204758,0.0708000332191192,-0.0492700456896458,-0.00065090557787825,0.00347821542449405,-0.00104216499565551,-30.0398632613039,0.0486342695599703,0.0359346466370163,0.00194331391470509,-0.00874642335995351,0.00763657153145986,-30,0,0,0,0,0,4,3,-0.114604868862717,0.77737379687541,-0.835526446420019,0,0,0
1052,-30.0595182584452,0.0746669302039791,-0.0505445681386062,-0.00137207766597785,0.00425557677972352,-0.0015067064608149,-30.0398349990854,0.0966338637609136,0.0491647369808342,0.00203071891973117,0.00617711787416202,-0.00458146484008503,-30,0,0,0,0,0,4,3,-0.123401893802231,-0.810979514938029,0.359817010046834,0,0,0
1053,-30.0607961591126,0.0785170211020679,-0.0518955675809818,-0.00118364760708076,0.0034445989793855,-0.00119533429406952,-30.1648356000258,0.0469664749522231,0.0210800568486172,-0.00707201160866941,-0.00292538502426366,-0.0138817432557077,-30,0,0,0,0,0,4,3,1.03687236091854,0.19860555252192,1.34601421187354,0,0,0
1054,-30.0611348283222,0.0820609445344054,-0.0530631011180461,0.000506327109557722,0.00364324255119333,-0.00114012656582238,-30.2030182940585,0.00325148252018931,-0.0163275709311586,0.0118479126895353,0.00417900502145614,0.0034866937071458,-30,0,0,0,0,0,4,3,-0.778754680836556,-0.424403467185992,-0.316014228852263,0,0,0
1055,-30.061003444306,0.085491976527719,-0.0540142348602824,-0.00024346412228453,0.0032188188664751,-0.000761965184467498,-29.9065004658424,0.14686122953327,-0.199168420128926,0.00528882434500086,-0.0125886384229355,-0.00309352765220315,-30,0,0,0,0,0,4,3,-0.715881502815339,0.965141383227007,0.707689605478166,0,0,0
1056,-30.0612088616442,0.0891933650869013,-0.0542823062899418,-0.000167136576211317,0.00418395363510212,0.000225805596443659,-29.8951806519905,0.09286812338149,-0.041413806470773,0.0173300925803581,-0.00110250987382358,-0.00506257070183353,-30,0,0,0,0,0,4,3,-1.94264795405488,-0.0754852593806221,0.589084683124899,0,0,0
1057,-30.0617761448194,0.0933395629399453,-0.0531300881697084,-0.000966995923731378,0.00410843445750975,0.0020788197349777,-30.1902910529428,0.178994435160167,-0.112560701461173,-0.000754406050901949,0.00557778381642976,0.00784957143085827,-30,0,0,0,0,0,4,3,0.456022710975739,-0.915767251963311,-0.559835740163481,0,0,0
1058,-30.0628140926733,0.0969901180831255,-0.0514130531903292,-0.00110906375835718,0.00319267010504328,0.0013552860066151,-30.1891381261027,0.0975133536684238,-0.104273955101474,-0.0111069657470907,-0.00467254740936162,0.00831034159585433,-30,0,0,0,0,0,4,3,1.48897282691448,0.272228033599315,-0.622486249382486,0,0,0
1059,-30.0636877843195,0.10031891746428,-0.0508360699480236,-0.000638676058063245,0.00346492208641642,-0.000201426457025426,-30.0236323621594,0.0814879759936874,-0.216517385774448,0.0108846946594395,0.015266444370222,-0.0198492424087169,-30,0,0,0,0,0,4,3,-1.04120474162507,-1.68962038900957,2.41795901242059,0,0,0
1060,-30.0637344682934,0.102939036555011,-0.0498709778929506,0.000545856062987101,0.00177530873949879,0.00213133406847362,-30.1073850278819,0.148380701495865,0.0435158286084671,-0.00849315230741587,0.00600346992683489,-0.00302030251977724,-30,0,0,0,0,0,4,3,1.06408528650529,-0.89710839567522,0.21499859476079,0,0,0
1061,-30.0627677533741,0.104265806151682,-0.0480877014010994,0.00138741596926065,0.0008782253762376,0.00143502590765371,-30.0894571181957,0.0129220578978969,-0.0871309854703567,0.00281547387383491,0.012556978808766,-0.0134053558423734,-30,0,0,0,0,0,4,3,-0.10263315099217,-1.2815419966724,1.51479755517805,0,0,0
1062,-30.0608334733064,0.104503270906354,-0.0461372034710863,0.00248138576771782,-0.000403300611597717,0.0024657209433533,-30.0546318657735,0.0430805814138181,-0.00625604087922593,-0.00496545707647026,-0.00349438451633299,0.00457981364515603,-30,0,0,0,0,0,4,3,0.605809439194114,0.263277288805663,-0.445469282757152,0,0,0
1063,-30.0583318167125,0.104231615426053,-0.044055688867855,0.0025217518116736,-0.000140015887161563,0.00169730117742106,-30.1178091630477,0.144202667175142,-0.224489706782044,0.00407626278244113,-0.0157358967116401,0.00452715802952823,-30,0,0,0,0,0,4,3,-0.172007952148693,1.28518433681373,-0.00373638938873633,0,0,0
1064,-30.055868885441,0.104734192702517,-0.0423023112010535,0.0024041471412912,0.00114516477692412,0.00180948707738269,-30.1216095676227,0.169626467519504,-0.243414874183813,0.00248083470166163,0.00272561686281274,0.00182116786498821,-30,0,0,0,0,0,4,3,-0.00486433492068747,-0.611814621320283,0.304712961868806,0,0,0
1065,-30.0533513929629,0.105573455038645,-0.0404025027450609,0.00263088529751278,0.000533353706136028,0.00199008098355447,-30.0568383510402,0.153165445146046,-0.149685349568786,0.0145438082709601,-0.00216954856198304,-0.00720744808320076,-30,0,0,0,0,0,4,3,-1.34070412501552,-0.0893760340937871,1.02011550745765,0,0,0
1066,-30.0507578870186,0.106062115069177,-0.0375797411466502,0.0025565144192466,0.000443961622857988,0.00365546221968664,-29.9405351645554,0.236434664682323,-0.255626829685252,0.0198781190023978,0.00398217811569896,-0.00224351536690796,-30,0,0,0,0,0,4,3,-2.10674157112901,-0.871087140934542,0.735605196061299,0,0,0
1067,-30.048591442039,0.106070516703673,-0.0328872747384218,0.00177685798484165,-0.000427161139227481,0.00572965222313695,-30.1144588646407,0.197654106253582,0.00425492454327892,0.00697923933383088,-0.0135324256766214,0.0154942686575733,-30,0,0,0,0,0,4,3,-0.469006204101781,0.957934355154971,-1.55793671484389,0,0,0
1068,-30.0475648035469,0.106122310633795,-0.0274820069600358,0.000276273138401558,0.000530744635650323,0.00508123176011713,-30.1045355585519,0.21755596971787,-0.0287821713884908,-0.0102862835374002,-0.0121118023314821,0.0137630334972115,-30,0,0,0,0,0,4,3,1.23769947084373,0.77606829371247,-1.31873900694416,0,0,0
1069,-30.0474033266388,0.107041096666917,-0.0233056601699887,4.62679314574455E-05,0.00130682321657517,0.0032715174832851,-29.9412888325314,0.00918737070760056,-0.00982613203465578,0.00381248908939231,-0.000510881542425108,0.000987719171440395,-30,0,0,0,0,0,4,3,-0.498671243876441,0.0327134128273097,-0.0791196530747279,0,0,0
1070,-30.0475479905282,0.108364273656164,-0.0198747671566934,-0.000335519496595309,0.0013395251586303,0.00359035973836352,-30.010013462821,0.268741232311247,-0.0247783059792638,0.0101059460361209,-0.0073837312854591,0.0143712146985681,-30,0,0,0,0,0,4,3,-0.990567677970078,0.200890663923415,-1.38756485789828,0,0,0
1071,-30.048735378314,0.109804228107492,-0.0163513906610585,-0.0020392842975504,0.00154037827493585,0.00345678529499608,-30.0642521994077,-0.118767988708293,-0.0770703016548669,0.000703879844365202,-0.0137261909875759,-0.0165764824165329,-30,0,0,0,0,0,4,3,0.0581164143788956,1.61015507617418,1.81178884496302,0,0,0
1072,-30.0500587335785,0.112149698436018,-0.0123475429374028,-0.00060717210347769,0.00315055631484069,0.00455058275148905,-30.0604078239851,0.13024600204166,0.143777052383681,-0.00365026909409709,-0.00370736367936911,-0.00323337139883792,-30,0,0,0,0,0,4,3,0.485842557379935,0.110244363853591,0.0357830351164296,0,0,0
1073,-30.0504987360434,0.115355386557748,-0.00798046808047532,-0.000272915697985152,0.003260811358572,0.00418349484039366,-29.8804773721639,0.0976688172208866,-0.179333385591051,0.0192615460632191,0.0263337777732596,0.000565526988957206,-30,0,0,0,0,0,4,3,-2.16519986199408,-2.82871541176773,0.302114072286382,0,0,0
1074,-30.051344012731,0.117201820735326,-0.00287249651030318,-0.0014172200420043,0.000432053894075724,0.0060327116933038,-30.062723308988,0.0251778257178105,-0.0365683046178658,0.00772789844921278,0.0202460647893257,0.0157715134151751,-30,0,0,0,0,0,4,3,-0.647343226945367,-2.07496213036819,-1.50401473228178,0,0,0
1075,-30.0535480598972,0.116596380444192,0.00292576476445515,-0.00299097953555559,-0.00164293993530715,0.00556417110352983,-30.0245377369674,0.139720931568707,0.0804270570180365,-0.0152462243602057,0.00234025469698045,0.0178930608008498,-30,0,0,0,0,0,4,3,1.57369790995528,-0.51346733283546,-1.95016019412106,0,0,0
1076,-30.0567938186014,0.114696714067778,0.00725678506758225,-0.00350109569084892,-0.00215639746291235,0.00309798531089649,-30.1316877915534,-0.0145190395429948,-0.060067031481458,-0.0126954276724799,-0.00503788450145385,0.0103389111845224,-30,0,0,0,0,0,4,3,1.53291835035477,0.532826529231375,-0.913757055489322,0,0,0
1077,-30.0601636941223,0.112806744293765,0.00946642933402509,-0.00323905828302011,-0.00162354955450318,0.00132124484653648,-30.0325456373031,0.0821344286254056,-0.0631367812931882,0.00402904385769137,-0.00377673129733723,-0.00304299476675488,-30,0,0,0,0,0,4,3,-0.337813111163005,0.213404272482912,0.430573039261864,0,0,0
1078,-30.0633458472219,0.1112898987092,0.011048668031107,-0.00312512502539097,-0.00141014724326978,0.00184320802763412,-30.1068300367502,0.307291241109079,-0.0969897628311783,-0.00387875125349446,0.00761180154489453,0.0015818868395639,-30,0,0,0,0,0,4,3,0.601535198849895,-1.37576263670761,0.035790841705967,0,0,0
1079,-30.0662688252501,0.10919187964173,0.0126643523435916,-0.00272093209645128,-0.00278589675630449,0.00138807002715669,-29.9279725464434,-0.0419631102032621,0.109181870479802,0.0050332010249894,0.00132070955634863,-0.000739480397555657,-30,0,0,0,0,0,4,3,-0.647375009612169,-0.0481447352283384,-0.144415701204039,0,0,0
1080,-30.069253086693,0.106381905286356,0.0142508872485249,-0.00324749812082476,-0.00283405688179526,0.00178511910054769,-30.0714719316101,0.0714507973185776,-0.0894823910155724,0.0100254557835246,-0.0154978579375182,0.00114912808756717,-30,0,0,0,0,0,4,3,-0.859601715132246,1.40688419911466,0.0640519732744276,0,0,0
1081,-30.0727501053878,0.104251285932173,0.0163829685323076,-0.00374637971984414,-0.00142719004628174,0.00247915563344718,-30.1649517582236,0.134321825269923,0.153150146950132,0.00786032989502456,-0.00312494489118613,-0.00237375250565101,-30,0,0,0,0,0,4,3,-0.456129473055189,0.0438508385787676,-0.0689250433351639,0,0,0
1082,-30.0766694064355,0.102846019655684,0.0190111166497448,-0.00409215063365,-0.00138334965707779,0.00277721972366683,-30.1973513736105,0.158881246950238,-8.17967639128794E-05,0.00216936212978159,0.0010305106070635,0.0113771868832889,-30,0,0,0,0,0,4,3,0.177766534242816,-0.420813554606826,-1.13755509480106,0,0,0
1083,-30.081147896368,0.101252259487652,0.0213542074624732,-0.00486502396940275,-0.0018041731104923,0.00190913774813499,-30.097874986161,0.450374568686659,0.0651853261605718,-0.00827718921598808,-0.00177669368056156,0.00823775445072326,-30,0,0,0,0,0,4,3,1.02346889392081,-0.723079769317161,-0.954146097393469,0,0,0
1084,-30.0860615896771,0.0990865542307923,0.0225599302228455,-0.0049626766828272,-0.00252724273806592,0.000502329589913602,-29.8075622248295,0.0176189555023608,-0.0716825144253381,-0.0106184872036164,-0.0108828226472045,-0.00603834799845867,-30,0,0,0,0,0,4,3,0.67697317002057,1.05304435371573,0.747199828696543,0,0,0
1085,-30.0905236943797,0.0970858479116519,0.0230304378367583,-0.00396154278959928,-0.0014741751365358,0.000438460826215532,-30.016051930336,0.159038858221679,0.0797435213315601,0.0142565836140933,0.00833196958524311,-0.0166600056742285,-30,0,0,0,0,0,4,3,-1.39355450073728,-1.15127467496767,1.50651352475973,0,0,0
1086,-30.0943435631274,0.0950360328255527,0.0244790396000926,-0.00367773602893505,-0.00262546113803582,0.00245868100005622,-30.0784540616481,-0.0961319789723553,-0.0980422711032545,-0.000669711165842356,-0.00389664969658239,-0.0040217113939304,-30,0,0,0,0,0,4,3,0.223879239880512,0.58192892760295,0.598255681599549,0,0,0
1087,-30.0977205405539,0.0927015456866225,0.0270336938432254,-0.00307617242540986,-0.00204352031104057,0.00265049307226412,-30.1347686049322,0.102758861594111,-0.0441084257111513,0.00492826464736711,0.00602433875833942,-0.0078725249508094,-30,0,0,0,0,0,4,3,-0.223289254872244,-0.807951599022163,0.875469346503243,0,0,0
1088,-30.1005291617859,0.0902540544829565,0.0300406932656522,-0.00254090691432653,-0.00285146611824186,0.00336338564522998,-30.0362030445136,0.0506687090487402,0.0795112005080579,-0.00565306601505573,0.012079234056307,-0.00214112005256915,-30,0,0,0,0,0,4,3,0.63771269053272,-1.30926082372818,0.0550896042407987,0,0,0
1089,-30.1028493011997,0.0867479679953313,0.0331674795866132,-0.00209947488882399,-0.00416071282519814,0.00289008839439638,-30.0550273059197,0.0511930818137016,0.0541952182793045,0.00155843668770588,0.00483655424610303,0.0165640330717218,-30,0,0,0,0,0,4,3,-0.0457890569311009,-0.586041588237706,-1.76479374373079,0,0,0
1090,-30.1056503953796,0.0822942242428947,0.0355131423282836,-0.00350295475579248,-0.00474677655145741,0.00180155423432586,-30.0731217387096,0.0882713653933585,-0.0291501758492988,-0.0036834144645127,-0.00965236319330182,-0.00982535017868497,-30,0,0,0,0,0,4,3,0.514584923870475,0.788693588543465,1.04083536956709,0,0,0
1091,-30.108589241233,0.0779418101340724,0.0374363994746947,-0.0023746804174259,-0.00395805962158889,0.00204470915407119,-30.1660474161183,-0.048402345868819,-0.0925901325616562,-0.0207479830111529,-0.000676606940414499,-0.0106991712205595,-30,0,0,0,0,0,4,3,2.40689313335184,0.164465385779088,1.25509738717927,0,0,0
1092,-30.1097211921309,0.0740660195735901,0.0389339253328079,0.000110535299371582,-0.00379352840339976,0.000949787059512139,-30.1313017121008,-0.0540489997180398,-0.237259925242456,0.00031234538781208,-0.0161208405274283,-0.00474124711798229,-30,0,0,0,0,0,4,3,0.231368885420471,1.72018205217891,0.948644562283141,0,0,0
1093,-30.1091716892868,0.0711325934785508,0.0400844535389671,0.000988563549823798,-0.00207333008868896,0.0013510761376208,-29.9573329869281,-0.180745522246498,-0.0336716331281164,0.00938614791079881,-0.015170020430165,-0.020214956174739,-30,0,0,0,0,0,4,3,-1.02394881722369,1.87849308750949,2.08883888373013,0,0,0
1094,-30.1076947600438,0.0699985147363292,0.04248218694873,0.0019657667299354,-0.000194833544562587,0.00344417446366781,-30.0009353778327,0.121356200141076,-0.123721769198468,0.00426782840461339,0.00307122631590443,0.0219600711674248,-30,0,0,0,0,0,4,3,-0.424912084795882,-0.549835031872595,-1.94856357834554,0,0,0
1095,-30.1066220928752,0.0695287544670857,0.0454715503212131,0.000179366086450676,-0.000744700918052428,0.00253495199171335,-30.1185874386643,-0.0162654313298819,0.0815878635461375,-0.00654548749209397,-0.0105421363265148,0.00999477444017867,-30,0,0,0,0,0,4,3,0.891723626537903,1.08674449531125,-1.16265317111014,0,0,0
1096,-30.1066173424553,0.0693274313633169,0.0472870360905581,-0.000170181367523421,0.000342048441063871,0.00109610004443875,-30.3862884388787,0.148131704894461,0.0783701902118472,-0.00873177804303353,-0.0116518498163893,0.00583959310812311,-30,0,0,0,0,0,4,3,1.64575468206066,0.868921571850013,-0.740699691236006,0,0,0
1097,-30.106562285192,0.0701039566229292,0.0475026433378372,0.000279907483071909,0.00121099585191138,-0.000664983579516023,-30.2108224958646,-0.0138964298161897,0.0573905176504245,-0.00945891262143898,-0.00737655390029461,-0.00754273067370737,-30,0,0,0,0,0,4,3,1.3675362538731,0.76544824966184,0.639492032069888,0,0,0
1098,-30.1056078902621,0.0716976971514509,0.0464979025773005,0.00162873277820009,0.00197648061956851,-0.00134479459739137,-30.1554509616982,0.0689924030812391,0.0595533926894131,-0.00115627436642603,0.0157466899314948,-0.00699982251237845,-30,0,0,0,0,0,4,3,0.426529360039082,-1.71265379931196,0.580875465859019,0,0,0
1099,-30.103622744779,0.0728178612307103,0.0451607670514499,0.00234156481830072,0.000263842789455263,-0.0013296327602084,-30.085086515112,0.00175887586546515,-0.0985310600489164,-0.00328623162080346,0.00160630986452208,-0.00581127349336161,-30,0,0,0,0,0,4,3,0.498796192304253,-0.164148738183139,0.778189469433994,0,0,0
1100,-30.1008252195202,0.0729996432473666,0.0438719488887519,0.00325350658804424,9.97139084414975E-05,-0.00124820406152165,-29.9394729073712,-0.000111186012863973,0.13223566434197,-0.00210862839574383,-0.00850744619844322,-0.0186653763534448,-30,0,0,0,0,0,4,3,0.0898086543168267,0.85096699187005,1.60206630666054,0,0,0
1101,-30.0969224253559,0.0735248547886672,0.0430812865932915,0.00455229091361144,0.000950702018898105,-0.000333406149195857,-29.9222602760262,0.0967054839568542,0.0949480916164836,0.0186500802284295,-0.0146665142712487,0.00733047666609591,-30,0,0,0,0,0,4,3,-2.02048747079052,1.27324045921116,-0.922943849842558,0,0,0
1102,-30.0933652646506,0.0751121529786474,0.0432379931202803,0.0025622494356837,0.00222388878382028,0.00064726179685981,-30.1094484001057,0.153111363946098,-0.0879542194240908,0.0111595509414735,0.0015966550530778,0.00859762316714789,-30,0,0,0,0,0,4,3,-0.897058293935866,-0.465888233199975,-0.683853877866607,0,0,0
1103,-30.0913529705929,0.0771030869907739,0.0440130434230334,0.00146239711247484,0.00175797342205299,0.000903084256780878,-29.9981741042852,0.0866475117705303,0.0247371215305308,-0.0190928578210047,0.0107733333355238,-0.00284288530023407,-30,0,0,0,0,0,4,3,1.90563399067083,-1.25062835709344,0.234814286962345,0,0,0
1104,-30.0892060651943,0.0782357723134421,0.0442376111292178,0.00283112017522079,0.000507388084620066,-0.000454252767620858,-30.0894931404671,0.0584495235117965,-0.0263635262768988,0.0111210132462706,0.000880221673409471,-0.0038595572712498,-30,0,0,0,0,0,4,3,-0.933115043692951,-0.20492121436454,0.438682779678778,0,0,0
1105,-30.0864981637289,0.0786406951782248,0.0442761444911265,0.00258490211757399,0.00030245244771797,0.000531374384784582,-30.0447811776934,0.0146329323933218,0.207815138140848,0.0154462666179104,-0.0102517547994559,0.000981369534546903,-30,0,0,0,0,0,4,3,-1.4550643064043,0.99590961515895,-0.513767229736387,0,0,0
1106,-30.0845707924375,0.0794410875560323,0.0452071248731325,0.00127002131519209,0.00129832519649835,0.00133087813959182,-30.0766850305478,-0.0387234228129745,0.166682628923323,-0.00255679055946195,-0.00375317120386697,-0.00315875084477594,-30,0,0,0,0,0,4,3,0.40904911704186,0.452763966012646,-0.0174901733690528,0,0,0
1107,-30.0831823699052,0.0809658021857873,0.0463648314277748,0.00150675026264147,0.00175109758285906,0.000984486748449129,-30.2466708537592,0.118987171866347,-0.0840188222568795,0.00809501055505979,0.0019908651981708,0.00157753303008533,-30,0,0,0,0,0,4,3,-0.316159347987675,-0.437060863549774,0.0102843415052259,0,0,0
1108,-30.0817726516095,0.082498368996202,0.0474681513483142,0.0013127398934512,0.00131403017479199,0.00122219393816111,-30.1568927891643,0.0955021484079176,0.180444142251182,0.00480468505825422,0.00318755606096856,-0.00331623195351005,-30,0,0,0,0,0,4,3,-0.16668292749676,-0.509759902912691,-0.0292650891513595,0,0,0
1109,-30.080525670947,0.0835575206774399,0.0487385376207335,0.00118124696424338,0.00080426640033048,0.001318610709356,-30.138724324518,0.170075811229387,-0.0843303691518785,0.0097487408470866,-0.000494610070843832,0.00549890260188155,-30,0,0,0,0,0,4,3,-0.697425435672629,-0.29069061537439,-0.381229521884398,0,0,0
1110,-30.0797130712811,0.0842164362822816,0.0502034531515034,0.000444018830262368,0.00051355650307292,0.00161138846528351,-30.1331939813752,0.0136010277776901,-0.0393813134496382,0.0160666991713785,0.0043360501807305,0.00495596602023407,-30,0,0,0,0,0,4,3,-1.34028195438737,-0.46080707362843,-0.41683397512413,0,0,0
1111,-30.0798515087577,0.0844995735691649,0.0522021295387455,-0.000720717407642666,5.27161568576419E-05,0.00238621541558036,-30.01592753626,0.129567393304606,0.04700397258221,-0.00603278781335363,0.0101552918339964,-0.0108555805497609,-30,0,0,0,0,0,4,3,0.635133853855365,-1.27466397000885,0.991550109811668,0,0,0
1112,-30.0799883528755,0.0839149729724533,0.0546411954030829,0.000447054650192917,-0.0012219225187192,0.00249166280192658,-30.022956623638,0.011859237659604,0.100707900837643,-0.00508908662041684,0.00103071732944859,0.0261626160488273,-30,0,0,0,0,0,4,3,0.554821909317617,-0.126790208264067,-2.81767740655801,0,0,0
1113,-30.0804740103683,0.0826296467895176,0.0560321584339452,-0.00141884873908341,-0.00134873482662949,0.000290673844507323,-29.9315829617555,0.289264108432019,-0.0279712873565199,-0.00825124477759294,-0.0046134028033948,0.00100426817726284,-30,0,0,0,0,0,4,3,0.688290401270277,-0.117187936524558,-0.0444842430132443,0,0,0
1114,-30.0816991862623,0.0812223277527647,0.0560327623816658,-0.001031625487977,-0.00146590877139228,-0.000289549641005835,-30.1946546959691,0.076303299155222,0.141911656279484,-0.00145873869389032,-0.0116416365868449,0.0163456511578841,-30,0,0,0,0,0,4,3,0.535183261327273,1.01155706037404,-1.91838842834738,0,0,0
1115,-30.0833193933106,0.0802621938938033,0.0549309649260915,-0.00220913919195912,-0.000454363438561326,-0.00191378739257389,-30.0961991989729,0.0306892238305978,0.0974591216178057,0.0046710963143597,0.000114457043385354,-0.0139568323469021,-30,0,0,0,0,0,4,3,-0.274711233490204,-0.0728241519997309,1.20076499145459,0,0,0
1116,-30.0851468056034,0.079771424042923,0.0534912928023461,-0.00144547633012726,-0.000527178981428153,-0.000965721460046816,-30.1249191391707,0.235782854365983,0.0522105593060549,-0.00531309966700301,-0.00568724998302834,0.00533424929603544,-30,0,0,0,0,0,4,3,0.781148245041623,0.0971592895708686,-0.637846048215654,0,0,0
1117,-30.0866033874875,0.0792928320748559,0.0520148046047102,-0.00146790439210273,-0.000430010863683713,-0.00198724778821859,-30.1274906954255,0.0191648616708449,0.193540982611475,-0.00317564296333858,-0.0179341063780736,-0.00842667455730762,-30,0,0,0,0,0,4,3,0.572545687184865,1.75508091446567,0.455585490507811,0,0,0
1118,-30.0877188216533,0.0797403747279493,0.049937649505049,-0.000762998640526789,0.0013250875914496,-0.00216721381883753,-30.1003863178429,0.180115920139598,0.134750105839362,-0.00879448461435267,0.00955614193062138,-0.00398797570802368,-30,0,0,0,0,0,4,3,1.0802210971211,-1.31584603334133,0.129297359123645,0,0,0
1119,-30.088100151408,0.0804075543768027,0.0473797407513998,1.74755231960891E-07,9.26590088122214E-06,-0.00294876882737576,-30.1198675451902,-0.0860689190125037,0.13286694671213,0.0103212255447991,-0.00371132154443619,-0.00347332248475104,-30,0,0,0,0,0,4,3,-0.792387464099528,0.543269992468627,0.0815983550508435,0,0,0
1120,-30.0883174833957,0.0806884518178731,0.0447601019924933,-0.000434692088848674,0.000552520155893692,-0.00229041020759975,-30.0031895900008,0.249141637880723,0.100771380736418,0.00322560935256107,0.00868332435717712,-0.00353451501547817,-30,0,0,0,0,0,4,3,-0.316181755254463,-1.36661571147916,0.151908740074982,0,0,0
1121,-30.088794218021,0.0805576670819668,0.042633874427506,-0.000518696617812913,-0.000814100406090666,-0.00196203029999031,-30.0820719725993,0.206056516929604,0.154661618568012,-0.0100475389327613,-0.0134350228985572,0.0102942964534622,-30,0,0,0,0,0,4,3,1.16889783847481,0.931389255996508,-1.33875288248224,0,0,0
1122,-30.0894808925492,0.0802092685051181,0.0397915997924875,-0.000855031315195944,0.000117297452301028,-0.00372244406108021,-29.9668977029673,0.170491980561961,0.278996782119723,0.00439659852691104,-0.0142392347048498,-0.0151691197357914,-30,0,0,0,0,0,4,3,-0.50586444675648,1.08293950936106,0.95891840933969,0,0,0
1123,-30.0901199832147,0.0808680391068242,0.0365576269456062,-0.000422932991297767,0.00120023779254095,-0.00274559230319349,-30.0067169107661,0.0618841031809687,-0.0603279987992692,0.00786157562164199,0.0113066076059494,0.00337631458159646,-30,0,0,0,0,0,4,3,-0.772723740632088,-1.25442896695688,-0.216975460561107,0,0,0
1124,-30.0908709863929,0.0814410556301262,0.0340417532772285,-0.00107896895497643,-5.42100781275195E-05,-0.00228601095445927,-30.0277213852972,0.0261757075388149,0.174366289587456,0.000851683660759761,0.000718704557331161,-0.0137076968098844,-30,0,0,0,0,0,4,3,-0.0297255954816436,-0.124221870810746,1.02203710181353,0,0,0
1125,-30.0915610640934,0.0813247434654988,0.0320764017228953,-0.000301043227069385,-0.000178420313512295,-0.00164485947717907,-29.9779409918825,0.143311910273338,0.224183770430892,0.00555244718162167,-0.0120212724829506,0.00844866273669817,-30,0,0,0,0,0,4,3,-0.599362734397114,0.915503427748387,-1.2932338145316,0,0,0
1126,-30.0925593368596,0.0816040646032857,0.0302611127845724,-0.00169557108460472,0.000737054954675538,-0.00198541423724856,-30.0738254007469,-0.0260175184139579,0.0177641087486559,-0.00345998924929977,0.000586169494509076,0.00103147773885246,-30,0,0,0,0,0,4,3,0.493649726423801,-0.00658191262299168,-0.138675991382558,0,0,0
1127,-30.0941608455993,0.0823378357981737,0.0280322807063809,-0.00150754503524251,0.000730481793221798,-0.00247228806122619,-30.2028785795538,0.126801327382923,-0.0270150020512851,-0.00947055789798534,0.00476477266060698,0.0132248685923563,-30,0,0,0,0,0,4,3,1.35281294890616,-0.730079920826543,-1.26845685513306,0,0,0
1128,-30.0957544116625,0.0827032865498427,0.0246299310122792,-0.00167998039942981,4.15195292253655E-07,-0.00433237351092586,-30.1548817063163,0.112665487408552,-0.044062781502483,0.00739110596879815,-0.0021951648492844,-0.0114269868311596,-30,0,0,0,0,0,4,3,-0.42934718424723,-0.00581448988866334,1.23082424612092,0,0,0
1129,-30.0970867285564,0.0827007982183759,0.0208395218497352,-0.000984414408501837,-5.39358875260824E-06,-0.00324859427997626,-30.1681686596429,0.146135822353647,0.0506679237284069,-0.00774854558868197,0.00684634996817592,0.000935651721913676,-30,0,0,0,0,0,4,3,1.11119187815398,-0.976906641524886,-0.194901019648181,0,0,0
1130,-30.0978098397526,0.0822069636612645,0.0170865451543081,-0.000462021526040136,-0.000982279124072616,-0.00425746980023257,-30.0993954857394,0.0157510578962213,0.0560257371530552,-0.011770256733492,0.0157020131548767,-0.00181157389879666,-30,0,0,0,0,0,4,3,1.37581664482808,-1.60170343128012,0.0691059155735556,0,0,0
1131,-30.0978257099444,0.080423850573268,0.0123013639936718,0.00043005832938106,-0.00258395269938028,-0.00531308271535491,-30.1433325091595,0.178318114971131,0.0935789022172298,0.00072772653260529,-0.00650178861001753,0.0106830592256865,-30,0,0,0,0,0,4,3,0.213892365058427,0.293542631059492,-1.25546372700311,0,0,0
1132,-30.0978297311343,0.0779866672644766,0.00651046164240371,-0.000438298730117418,-0.00229042061716884,-0.00626853532624561,-30.1729395093481,0.1814524548978,-0.121274207938613,0.00930275524990788,0.00207092175279413,-0.0129951792496923,-30,0,0,0,0,0,4,3,-0.584396506294529,-0.569997085075013,1.54206634084646,0,0,0
1133,-30.0978451723906,0.0754112542478823,0.000939617374776419,0.000407718695250833,-0.00286041152980831,-0.00487333313905614,-30.224640517533,0.231925789707957,0.0959299929221628,-0.000646551595962391,-0.0124009732207315,0.0105100333165723,-30,0,0,0,0,0,4,3,0.51393619466229,0.776245742657231,-1.24286331750156,0,0,0
1134,-30.0977745534135,0.0729389663219082,-0.00452560600233195,-0.000266729381246433,-0.0020841698529057,-0.00605696593678889,-30.085829515774,-0.0954608545655307,-0.00489670035682747,0.00116612464859338,-0.0119852285494098,-0.0110501852767809,-30,0,0,0,0,0,4,3,0.0550465666886013,1.38944456407204,1.11481192839174,0,0,0
1135,-30.0975898965032,0.0715495295007595,-0.0102688091531467,0.000636182401039032,-0.00069471075816702,-0.00542963205615284,-30.1222519153264,-0.0693346232229821,0.0152999739272459,0.00546845562250614,-0.00936909409796223,-0.0117172850320522,-30,0,0,0,0,0,4,3,-0.302341731597811,1.07557865624219,1.14112855535073,0,0,0
1136,-30.0966012348058,0.0713926146189259,-0.0152361239375081,0.00134134291281052,0.000380875208704687,-0.00450514594091689,-30.0498470214688,0.10660483953545,0.00797093705778227,0.00167607656205076,0.0047914312290994,-0.00904039342855827,-30,0,0,0,0,0,4,3,-0.0679136132673908,-0.692352801980841,0.888097468740263,0,0,0
1137,-30.0949347596476,0.0714273191924937,-0.0194495897248571,0.00199173766867457,-0.000311468371930073,-0.00392192236181556,-30.1541431921669,0.270902490675987,-0.099978763657771,-0.000278494232895241,-0.00212855310909257,-0.00667685032830922,-30,0,0,0,0,0,4,3,0.336135807623293,-0.328949670442717,0.867642560146464,0,0,0
1138,-30.0925016868444,0.0709513873964929,-0.0232460803250075,0.00287446691039057,-0.000640400538005235,-0.00367124593327613,-30.1695855029688,0.0887630611384399,-0.0738436009135365,0.00732572504675145,-0.00223921330200599,-0.00981529230358364,-30,0,0,0,0,0,4,3,-0.393401498737636,0.046395207923719,1.12921643218544,0,0,0
1139,-30.0893059662797,0.0703341890084217,-0.0264240716401087,0.00351718891901819,-0.000594000085720671,-0.00268487088794363,-30.0889124329507,0.109221661493826,0.162901736911056,-0.00636658199026092,0.00731848097392282,0.00313589897080039,-30,0,0,0,0,0,4,3,0.814483064927591,-0.950291420379934,-0.639393370902151,0,0,0
1140,-30.0857958202585,0.0692650505249671,-0.029635177561703,0.00350288466853402,-0.00154428199295918,-0.00373733663731415,-30.0601265611222,0.129008060912277,-0.0296670097158609,0.0155641524952679,0.00351177320469313,0.00795680190407156,-30,0,0,0,0,0,4,3,-1.43616212728235,-0.609193442293868,-0.736346170975434,0,0,0
1141,-30.083027983924,0.0674161555738509,-0.0330386887206176,0.00203293350287977,-0.00215351456319161,-0.00306936924914305,-30.249301275537,0.12469862957742,-0.0396686647051086,0.000447349610791088,-0.00455210905333285,-0.0060458804200309,-30,0,0,0,0,0,4,3,0.453867589994913,0.205813646178444,0.683925371413307,0,0,0
1142,-30.0805897257073,0.0653655585913653,-0.0360861278524994,0.00284359624352657,-0.00194768313631612,-0.00302567686841101,-30.0969620911748,0.100591749282668,-0.0768076270235567,-0.0009512711333977,-0.00317088656970263,-0.0102885181301188,-30,0,0,0,0,0,4,3,0.289051295689432,0.115905158404927,1.18246706705899,0,0,0
1143,-30.0771939540193,0.063475840790305,-0.0388727254278326,0.00394805239146003,-0.00183175769709058,-0.00254774962729298,-30.0510351475092,0.0476623051343666,-0.167426627854602,0.00364752989816631,0.000714431553824486,0.00547079274577365,-30,0,0,0,0,0,4,3,-0.262682694798301,-0.166767765651182,-0.21222601886816,0,0,0
1144,-30.0734139310514,0.061560699412122,-0.0413900360173761,0.00361201146767851,-0.00199853354990442,-0.00248679827195994,-30.1637369710838,0.136580833800197,-0.359430956044491,-0.00335165943954446,0.00647131293947098,0.00113792495984462,-30,0,0,0,0,0,4,3,0.662639886122089,-0.920292961547492,0.605069416104519,0,0,0
1145,-30.0693637145183,0.059102033323325,-0.043962791801176,0.00448839043463676,-0.00291880527700602,-0.00265889612952174,-30.0921951558452,0.0750331057207978,-0.223349088181219,0.00991108717490937,-0.0176145428910437,-0.0189632873396263,-30,0,0,0,0,0,4,3,-0.806718405800515,1.61138807766277,2.34302691032507,0,0,0
1146,-30.0641976742771,0.0569889294194454,-0.0455957571292183,0.0058441266281107,-0.00130740611149748,-0.000607316023352596,-30.1015284049718,-0.0206771746259458,0.0220160486847584,0.0228665733931969,0.0115638573592167,0.0114377069950269,-30,0,0,0,0,0,4,3,-2.08360052937602,-1.11503138666978,-1.18780279687221,0,0,0
1147,-30.0594627263588,0.0551239807414734,-0.0457496249828,0.00362596533670139,-0.00242249570328597,0.000300051468794669,-29.9738938829592,0.00406385700662665,-0.0347753932570439,-0.00408420810915018,0.0037476103303027,-0.0346544498797088,-30,0,0,0,0,0,4,3,0.356208576833452,-0.382888747043523,3.53499577448497,0,0,0
1148,-30.0543300110084,0.052510068396134,-0.04452110064489,0.00663986085900731,-0.00280533452457009,0.0021563642526304,-30.1001328040562,0.131809479721902,-0.0576631569107191,0.0228759417578568,-0.0150957541212308,-0.0136364652800251,-30,0,0,0,0,0,4,3,-2.08732856767319,1.24595645267928,1.47897284182395,0,0,0
1149,-30.0477419450414,0.0503277016708922,-0.0410963336114257,0.00653680872256214,-0.00155940436607042,0.00469319670450736,-30.0652279871931,-0.0542598074404533,-0.0319468739654994,0.00648874975738234,-0.0088631415393599,0.00318455357956129,-30,0,0,0,0,0,4,3,-0.518419001352076,0.994833768816897,-0.25456161002513,0,0,0
1150,-30.0414646825203,0.0492657088417919,-0.036284796245208,0.00601776976484745,-0.000564584588905762,0.00492999016414332,-30.0656714816147,0.0163615823915289,0.0385997839508813,0.02618006440948,0.00841243602110019,0.0133781170314444,-30,0,0,0,0,0,4,3,-2.48666347771866,-0.873966766893077,-1.4150112710462,0,0,0
1151,-30.0367657969067,0.0482641088880612,-0.0308088379285157,0.00338023225451822,-0.00143862078881168,0.00602248600431077,-30.073354709286,0.10440318642913,0.0278681121034994,-0.00597479946887607,0.00590908417005287,-0.00744624588513229,-30,0,0,0,0,0,4,3,0.74418936545953,-0.799714789863548,0.68888836430623,0,0,0
1152,-30.0328859014908,0.0464256467207183,-0.0248802772273507,0.00437952062462365,-0.0022383116147016,0.00583443101273082,-29.8540335790891,0.192464100454007,0.0186734184336852,-0.00154574806261572,-0.00190342060778251,0.00649363279626805,-30,0,0,0,0,0,4,3,-0.137358035560268,-0.194586140129763,-0.686710116494175,0,0,0
1153,-30.0288208739866,0.0440900395124726,-0.0192089027965689,0.00375046932215298,-0.00243290889343093,0.00550845308378331,-29.9783047141669,-0.0503543697013333,-0.0872714755664023,0.00397225654174156,-0.00670135725156207,0.0191039211030028,-30,0,0,0,0,0,4,3,-0.440616225840286,0.770844464558874,-1.73584915916748,0,0,0
1154,-30.0258937869133,0.0420425427177965,-0.0140616114339636,0.00210355686529993,-0.00166209454641989,0.00478647434176344,-30.1480484593649,-0.0322750925561395,-0.0566246022688158,-0.0155330537607266,-0.0209993044347117,0.0078351516513906,-30,0,0,0,0,0,4,3,1.84940229480242,2.16448062858345,-0.670265960601429,0,0,0
1155,-30.0234951918938,0.0414627063113342,-0.0102209232514441,0.00269324110085757,0.000502417057242358,0.00289478121975994,-29.8292088493927,0.182265712483292,-0.189021010602888,0.0104730027257419,0.00478778867895994,-0.011630376469513,-30,0,0,0,0,0,4,3,-1.38888257378879,-0.843310292862578,1.54107966815707,0,0,0
1156,-30.0206128882041,0.0415434655301323,-0.00631445913872528,0.00307179163649067,-0.000340904045081044,0.00491807061700016,-30.0242224802275,0.0286032675846095,0.0165194742933393,0.00650663835477508,-0.00243014528236565,0.00576264792654947,-30,0,0,0,0,0,4,3,-0.602218875022429,0.185807993067346,-0.609303741241626,0,0,0
1157,-30.017966539396,0.0412954584284493,-0.00135011147695944,0.00222092948358493,-0.000155116062711206,0.00501080670683091,-29.9197511300011,0.0334455222084319,-0.0621963262950462,-0.00696647910306164,-0.00724068639237009,-0.0032587567155827,-30,0,0,0,0,0,4,3,0.536150170308419,0.657177594820145,0.450268324148362,0,0,0
1158,-30.0154045396777,0.0414689422805018,0.00357639863464208,0.00290303822160027,0.000502078249644536,0.00484207289106295,-29.9945385005352,0.0524145616616354,-0.104342661786045,0.0147408915979091,0.00778931692923396,0.0137644036821074,-30,0,0,0,0,0,4,3,-1.48501215872048,-0.883760816246666,-1.16775504463865,0,0,0
1159,-30.0134165766839,0.0415291201246081,0.00864692070948082,0.00107298148843973,-0.000381727905078819,0.00529935230954296,-30.0291595889619,0.0426870429985003,0.0532976838953838,-0.00130912246867971,0.0128770456558572,-0.00239091549137069,-30,0,0,0,0,0,4,3,0.189231424791764,-1.37307865158273,0.132496181346301,0,0,0
1160,-30.0122339431478,0.0404608592525193,0.0139038898417522,0.00129227063784722,-0.00175480097303996,0.00521454266224288,-29.8775425811503,-0.100765857924855,-0.249228501345104,-0.00420170874554868,-0.0041185764135427,-0.0070687957472083,-30,0,0,0,0,0,4,3,0.175256036855378,0.61338935720398,1.20533657741104,0,0,0
1161,-30.0104094656275,0.0390127651309587,0.0194063629923667,0.00235680585990915,-0.00114139345938479,0.0057901839435719,-29.9718245153297,0.0242476508771874,-0.0357528611278561,0.00754765257555417,0.000347350167722286,-0.00330804114813598,-30,0,0,0,0,0,4,3,-0.811116226895952,-0.0832303185266034,0.40230983706931,0,0,0
1162,-30.0081382098714,0.0378297535274088,0.0256333634896351,0.00218588838953206,-0.00122463606438213,0.00666385550053463,-29.943610052352,-0.177861898633437,0.143647673285332,0.00665937156918665,-0.00176168446365877,0.00603266826094339,-30,0,0,0,0,0,4,3,-0.77871705221463,0.531892243632752,-0.890562172665004,0,0,0
1163,-30.0065422553068,0.0368710528885931,0.0323301859258881,0.00100603467762603,-0.00069277093148872,0.0067300354011669,-30.1426792922625,0.05200586572934,0.0100070602843505,-0.00410216711360936,0.0015621203002805,0.00468904745418009,-30,0,0,0,0,0,4,3,0.695575295885964,-0.26022376148673,-0.48891886598671,0,0,0
1164,-30.0055204409141,0.0360481772437566,0.0386282128100202,0.00103741694712931,-0.000952985887882474,0.00586601473663063,-30.0518179066616,-0.188023649477199,0.11744727051153,-0.00631239976050307,-3.34315122096905E-05,0.00567204877935471,-30,0,0,0,0,0,4,3,0.73487578937348,0.379390450175367,-0.80209941895853,0,0,0
1165,-30.004580672633,0.0352848922717872,0.0439519285787314,0.000841898505987299,-0.000573589560081919,0.00478145896012019,-30.0915815941292,0.111317915853306,-0.0376114735484329,0.00372861029566767,-0.00760698629924936,-0.00589055990761654,-30,0,0,0,0,0,4,3,-0.189697841308426,0.538062798218324,0.66427893785852,0,0,0
1166,-30.0035319502606,0.0349803405627751,0.0490024947464009,0.00125566226038298,-3.55227935044511E-05,0.00531958695265434,-30.1375789614055,0.0150177625663446,0.108843616740554,0.00357090297228826,-0.00149932755472415,0.00514389078562826,-30,0,0,0,0,0,4,3,-0.0819323744178781,0.119897230339725,-0.732076312043934,0,0,0
1167,-30.0025932161729,0.0350047645098153,0.0541265292659225,0.000621727282022798,8.43639240649396E-05,0.00492861087811414,-30.0781112717808,-0.0911342497885206,0.199042128807909,-0.00770137552738448,0.00818558962597415,0.00544799711066809,-30,0,0,0,0,0,4,3,0.926360096299996,-0.636290463020374,-0.942883968682626,0,0,0
1168,-30.0020685431299,0.0347709902881589,0.0583943355373301,0.000427347929965581,-0.00055191830742787,0.00360704334245262,-29.9904446518585,0.0327183373469208,0.207857673628121,0.0115530923909806,0.00626410848338098,0.00422175877567725,-30,0,0,0,0,0,4,3,-1.17441993538096,-0.691847523031939,-0.837891224823967,0,0,0
1169,-30.0023305569566,0.0338731342340925,0.0622103048671709,-0.000951287338310165,-0.00124380066145532,0.00402518062820362,-29.8722983852844,-0.025380047802095,0.171275722464586,0.00151261317856197,-0.0160472660731456,-0.00130573260669881,-30,0,0,0,0,0,4,3,-0.406664547287307,1.65548670291875,-0.211978184259291,0,0,0
1170,-30.0034898815051,0.0334570734625762,0.0663275565592538,-0.00136732157691699,0.000411674916378875,0.00420940975654604,-30.1909061976901,0.22111508588826,0.120233765775075,0.00150708918221806,0.0113148523878724,-0.00342743891393247,-30,0,0,0,0,0,4,3,0.231103477158481,-1.57371541056376,0.102276359843098,0,0,0
1171,-30.0047475843171,0.0330818958423957,0.0704693841719739,-0.00114811013807815,-0.00116203439363567,0.00407419866104912,-29.9965209808404,-0.0574591154498015,0.177363039096939,0.00156918426560887,-0.00651492014821424,0.000118911519526663,-30,0,0,0,0,0,4,3,-0.163876464879999,0.766410245721027,-0.366617230146543,0,0,0
1172,-30.0060922740376,0.0323030663980913,0.0744924395894273,-0.00154128817866683,-0.000395631999398975,0.00397199221295263,-30.0632736893706,0.115745637833621,0.0886133867054167,-0.0120051715304353,-0.00587700253649894,-0.0144463139231239,-30,0,0,0,0,0,4,3,1.32706453178469,0.356208977982652,1.26740461890156,0,0,0
1173,-30.0067290823474,0.0320855632032222,0.0783096790624197,0.00026760877506937,-3.93798216371628E-05,0.0036621180153096,-30.0461189669559,0.0758978243731559,0.273378446566258,-0.0358677407553961,0.0109554705310516,0.0175823637689887,-30,0,0,0,0,0,4,3,3.67901200945143,-1.24734270185147,-2.30499327003139,0,0,0
1174,-30.0062771310161,0.031422539358347,0.0798022140755808,0.000635409355988949,-0.0012866725561201,-0.000677121410877187,-30.0916017725443,-0.123576675306806,0.0680438048413746,-0.00489985865264204,-0.00361553633408633,-0.0143701874446694,-30,0,0,0,0,0,4,3,0.673189410352849,0.608706984022244,1.30093113478419,0,0,0
1175,-30.0049223643197,0.0304402369226884,0.0792401013131765,0.00207417628305366,-0.000677935764228267,-0.000447398887481699,-30.088484684567,0.0537583198088109,-0.0440308601468061,0.0073013401581313,8.96489855216419E-05,-0.0199773781293267,-30,0,0,0,0,0,4,3,-0.553164646679053,-0.116481538169786,2.08579953322628,0,0,0
1176,-30.0021832647253,0.0297040713580106,0.0796327863061209,0.00340436736533299,-0.000794403948566359,0.00123250147345138,-29.9657947488645,0.120555210082303,0.244557841753559,-0.00757221735792883,-0.00242489075756467,0.0062357762856835,-30,0,0,0,0,0,4,3,0.688811233521883,0.00137865559186037,-1.11269331207547,0,0,0
1177,-29.9990190647035,0.0289103604308856,0.0802478068856877,0.00292378437347357,-0.000793024109846766,-2.35922060432339E-06,-29.9701167883825,-0.0482925032838347,0.13958648924263,-0.00128375984769454,0.033157408579202,0.00852100502050224,-30,0,0,0,0,0,4,3,0.0686095615345063,-3.21915585135253,-1.13127348053548,0,0,0
1178,-29.9965296648364,0.026507755690215,0.0798707519287174,0.00205486522653594,-0.00401219207937927,-0.000751573108283924,-29.8631116308717,0.313815101593046,0.0641716130630834,0.00989985366994242,-0.016122464494355,0.00322886245762909,-30,0,0,0,0,0,4,3,-1.26376210525085,0.984616246249408,-0.451229471889076,0,0,0
1179,-29.9950371204587,0.0229878580284788,0.079482048877098,0.000930382035396201,-0.0030276079089867,-2.5600902674873E-05,-29.8166462241039,0.187259725213991,0.244645728320919,-0.0206627013669417,-0.0116142579171967,-0.0142487549356073,-30,0,0,0,0,0,4,3,1.6995625849019,0.786906341291692,0.935584036918891,0,0,0
1180,-29.9932254608295,0.0203537300095369,0.0790496353963731,0.00269277614735208,-0.00224065449041488,-0.000839581456326958,-30.0362372694753,0.0230305163643344,0.0560537307732286,0.0224262566393903,-0.00529208872702706,-0.00175142699289533,-30,0,0,0,0,0,4,3,-2.17015112498852,0.483147839974037,0.0630352377430762,0,0,0
1181,-29.9911603301178,0.0183546316684151,0.0790900504009092,0.00143784868304527,-0.00175755167523948,0.000920666578743653,-29.7659343877228,0.0040409085845657,0.222017249823068,0.00112578710945301,0.00292971919481361,0.00622096116574366,-30,0,0,0,0,0,4,3,-0.580709935499735,-0.301053736650492,-1.0661306162205,0,0,0
1182,-29.9903253982045,0.0164465438072431,0.0799169177983696,0.000231980387408994,-0.00205863044852902,0.000733314147934799,-30.0129928490098,-0.0247213591237488,-0.0465445586455439,0.0114977475174045,-0.00152282278455904,0.00242657332605972,-30,0,0,0,0,0,4,3,-1.12378905372085,0.201724996703402,-0.149568215314884,0,0,0
1183,-29.9904917740131,0.0144887662522773,0.0810489740912332,-0.000564567091481951,-0.00185693095426432,0.0015309624902938,-29.9380840120818,0.0287420027107973,0.101475806571069,-0.00715222431538598,-0.00573274475704362,0.0023251302872532,-30,0,0,0,0,0,4,3,0.591390455702266,0.515790470282767,-0.435464641867457,0,0,0
1184,-29.9910558500637,0.01288973561912,0.0822063802087246,-0.000563733945280176,-0.00134113323114136,0.000783854954096289,-30.0955230204131,0.00748406289127574,0.0937559168281171,0.0155557325171586,0.0118687780214992,-0.0128877018893285,-30,0,0,0,0,0,4,3,-1.36452721088962,-1.20184592793247,1.10125835527662,0,0,0
1185,-29.9915881462644,0.0109476749886787,0.0838599820692726,-0.000500503151630705,-0.00254299473370001,0.00252333547608864,-29.8943497306867,-0.00506997412860682,0.0620438571945188,-0.000253275576219587,0.000651441280552352,-0.00230287532774549,-30,0,0,0,0,0,4,3,-0.185972981004644,-0.0550041797980215,0.106199818385512,0,0,0
1186,-29.9921030717444,0.00837717766642583,0.0864832422390706,-0.000529308350360374,-0.00259800156501939,0.00272319685685144,-29.9314744574207,-0.0390975312152283,0.0263763508532949,0.00191929971927263,0.00282291404425023,0.00774988308430074,-30,0,0,0,0,0,4,3,-0.328981057085796,-0.204096341994566,-0.827741010136663,0,0,0
1187,-29.9930639523675,0.00567712146750927,0.0890849091687563,-0.00139249899131167,-0.00280211477541631,0.00248031231080018,-30.0087113985107,-0.0902159033650262,0.238954862316614,-0.0132896641537599,-0.0126377154791048,-0.00297814459091255,-30,0,0,0,0,0,4,3,1.34638921239745,1.44420335464053,-0.180095265541972,0,0,0
1188,-29.9941284200928,0.00359712480099688,0.0909653370650606,-0.00073667598086518,-0.00135788518301613,0.00128041100227851,-30.0134961779265,0.041220469122635,0.0679054524012788,0.0013768596825232,-0.00108466371878693,0.0065895933453763,-30,0,0,0,0,0,4,3,-0.110693612399245,0.0260254336334234,-0.794770239340188,0,0,0
1189,-29.9952190041858,0.00225225020446194,0.0920468977060484,-0.00144456969335029,-0.00133187162204024,0.000882853646558004,-29.955533017053,-0.11624287036309,0.194616925837547,-0.0183331888025111,0.000652681247841648,0.00474551667895795,-30,0,0,0,0,0,4,3,1.74438491435716,0.167217615942015,-0.863785519570888,0,0,0
1190,-29.9964924663741,0.00100400415444073,0.0919660699068033,-0.0011027399012394,-0.00116462757021021,-0.00104457643855607,-29.8925297776736,-0.145035840401127,0.181173330329517,0.00797284262014702,0.000557702906670228,0.0104272029689808,-30,0,0,0,0,0,4,3,-1.01222470666751,0.234301390135231,-1.40506695755712,0,0,0
1191,-29.9984638447801,-4.34884867421975E-05,0.0909032883705598,-0.00284002104225891,-0.000930364384919735,-0.00108063600756208,-29.935560376408,-0.135347850986066,0.136724036687387,0.00108624790254871,-0.000626827096518373,-0.00166016416285101,-30,0,0,0,0,0,4,3,-0.237504037438945,0.333378411623969,-0.107431657089674,0,0,0
1192,-30.0014206159571,-0.000807163749063241,0.0898806911879844,-0.00307349363677188,-0.000596992269035209,-0.000964511074386894,-30.068669046008,-0.0531974017341176,0.00580390702894464,-0.00481596944976832,0.0136074263053702,0.000656681001138162,-30,0,0,0,0,0,4,3,0.61893503699289,-1.25434782706879,-0.0772759141717055,0,0,0
1193,-30.0043437762956,-0.00203132123144561,0.0886392177661906,-0.00277293713506014,-0.0018513279692207,-0.00151849326653518,-30.0362539810143,-0.101599201377978,-0.147052410306337,-0.00833073036992565,0.00858039808573265,-0.00708299587790206,-30,0,0,0,0,0,4,3,0.905580999021089,-0.654841405817309,1.00240440840288,0,0,0
1194,-30.0064475179846,-0.0042100506703328,0.0870495147464439,-0.00143457038477513,-0.00250613824092086,-0.00166117938855494,-30.0421513856831,-0.029551726606567,0.183114831574703,-0.00248073645387726,0.000273157495055932,-0.0149596178379303,-30,0,0,0,0,0,4,3,0.332376416754008,0.0317877037075407,1.12973212064362,0,0,0
1195,-30.0073321853709,-0.00670028202695898,0.0855846296048443,-0.000334680858211835,-0.0024743299737375,-0.00126881111327559,-29.8290124482128,-0.000995080019719096,-0.0532285116553935,0.00976794352230864,0.00467081447489168,0.000729289672586193,-30,0,0,0,0,0,4,3,-1.31876945580532,-0.46509128744973,0.0335280560521677,0,0,0
1196,-30.0080481265118,-0.00940716872126815,0.0848497750547134,-0.00109698128463552,-0.00293944868214468,-0.000200746755746039,-30.1366373889552,0.0154401333667559,0.0543016807420485,-0.0186313193853505,0.0035794779449837,0.00789473504589218,-30,0,0,0,0,0,4,3,2.13640671644544,-0.388828061231882,-0.898076866073315,0,0,0
1197,-30.0088744632524,-0.0125410117292121,0.083516895085475,-0.000556141817271244,-0.00332824244692905,-0.00246512087425843,-29.9626774658278,-0.00452666608033634,0.196577975809683,-0.0152388553085462,-0.000257454696024892,0.00106814166674483,-30,0,0,0,0,0,4,3,1.44924046251021,0.0347988017631618,-0.499970118293848,0,0,0
1198,-30.0092050628954,-0.0158518395637275,0.0803139870683832,-0.000105347441847503,-0.00329341906379275,-0.00394078345641858,-29.9314504078606,-0.00477825617376584,0.141453202505579,0.0129334727736683,-0.00543568076711431,-0.00703843157915163,-30,0,0,0,0,0,4,3,-1.4304464616457,0.553124589058962,0.420936752904005,0,0,0
1199,-30.0095692718622,-0.0188687057362266,0.0770674162699702,-0.000622790114315501,-0.00274031960084142,-0.0025522526890045,-30.0071144842459,0.0330979127453568,0.2421392394343,-0.00270552748075823,-0.00227668799345972,-0.00300382811785884,-30,0,0,0,0,0,4,3,0.284781716567651,0.161472973855259,-0.183895667082716,0,0,0
1200,-30.0101850907865,-0.0215282838786572,0.0743397833385747,-0.000608912416667537,-0.002578842821379,-0.00290301432652015,-29.8964267368594,-0.00511820339309299,-0.00380202619202785,0.00445545792301134,-0.0234666052130099,0.0134364338852075,-30,0,0,0,0,0,4,3,-0.65269231858227,2.35689692808718,-1.33603933613669,0,0,0
