sys.exec.out.time {s},chaser.lvlh_rel_state.rel_state.trans.position[0] {m},chaser.lvlh_rel_state.rel_state.trans.position[1] {m},chaser.lvlh_rel_state.rel_state.trans.position[2] {m},chaser.lvlh_rel_state.rel_state.trans.velocity[0] {m/s},chaser.lvlh_rel_state.rel_state.trans.velocity[1] {m/s},chaser.lvlh_rel_state.rel_state.trans.velocity[2] {m/s},gnc.meas_rel_pos[0] {m},gnc.meas_rel_pos[1] {m},gnc.meas_rel_pos[2] {m},gnc.meas_rel_vel[0] {m/s},gnc.meas_rel_vel[1] {m/s},gnc.meas_rel_vel[2] {m/s},gnc.setpoint_pos[0] {m},gnc.setpoint_pos[1] {m},gnc.setpoint_pos[2] {m},gnc.setpoint_vel[0] {m/s},gnc.setpoint_vel[1] {m/s},gnc.setpoint_vel[2] {m/s},gnc.guidance.state_ {1},gnc.guidance.current_leg_ {--},gnc.cmd_force[0] {N},gnc.cmd_force[1] {N},gnc.cmd_force[2] {N},gnc.control.saturated_[0] {--},gnc.control.saturated_[1] {--},gnc.control.saturated_[2] {--}
0,-1037.17052886655,-58.5703401497487,30.2314339801669,-0.635375489826392,-0.124654629500843,1.72472073136994,-1037.31081613746,-58.6748548307929,30.0354945231922,-0.638528410648515,-0.123941199609693,1.71056520619106,-500,0,0,0,0,0,0,0,1138.47447333978,129.743829622555,-231.127509665491,0,0,0
1,-1037.23552705776,-58.6301331182119,31.8405964557929,0.505247941402326,0.00506869257489183,1.49295927695987,-1037.17233687067,-58.7204454074908,31.8600395473886,0.513021453419938,0.00064017854284964,1.50220273575835,-500,0,0,0,0,0,0,0,1023.04252839935,117.376872960697,-213.940352670612,0,0,0
2,-1036.21799192058,-58.5663852302733,33.2247959805224,1.52969958737847,0.122427083301333,1.27486040467462,-1036.25604942301,-58.6100974068596,33.3629367118516,1.52600501257526,0.132576951434191,1.27198940545492,-500,0,0,0,0,0,0,0,919.911597588487,103.9624996703,-193.924813969195,0,0,0
3,-1034.22790443659,-58.3919852133694,34.399349485154,2.45036285379265,0.226372950491893,1.0737258224333,-1034.30671494867,-58.4958758085863,34.4531745426671,2.46992962228578,0.227566402543443,1.06610634440991,-500,0,0,0,0,0,0,0,821.620467668766,94.2351113628284,-175.516983526326,0,0,0
4,-1031.36659449064,-58.1185021448328,35.3806401042896,3.27215400697767,0.320593186542813,0.888390449343194,-1031.36184188471,-58.1717483037958,35.3380886966178,3.28970797747633,0.329056131474032,0.893655232706586,-500,0,0,0,0,0,0,0,733.75288602178,83.4378834601883,-160.041700663894,0,0,0
5,-1027.72769171903,-57.7561966730233,36.1831935012562,4.00555649737101,0.404017757047956,0.716301279483075,-1027.9199117202,-57.7231903926583,36.3181834383739,3.99864458291271,0.396747113654231,0.716265823263667,-500,0,0,0,0,0,0,0,655.975365149124,75.7716694198935,-144.262949203115,0,0,0
6,-1023.39450563645,-57.3142990372803,36.8205719091112,4.66072892268273,0.479777514429186,0.558084635594183,-1023.41129172307,-57.3758482361795,36.9221655248874,4.665091516346,0.480012442609995,0.57647619742594,-500,0,0,0,0,0,0,0,580.313431811533,66.7504522113595,-131.491950792369,0,0,0
7,-1018.44418646229,-56.8011515825022,37.3053118960542,5.23982941335167,0.546517395141883,0.411067390272204,-1018.28677331518,-56.8538640088357,37.3143065592445,5.23792266840963,0.532786085174296,0.395364060701393,-500,0,0,0,0,0,0,0,512.781279789394,60.4291195002419,-114.165019188628,0,0,0
8,-1012.94869253651,-56.2244242895373,37.6510248866133,5.75108783907005,0.606937190864213,0.280068949221105,-1012.94123793692,-56.2477148520579,37.6533799038613,5.74344532982795,0.605207973588788,0.296148520058927,-500,0,0,0,0,0,0,0,451.537942891039,51.974632345237,-104.921611813615,0,0,0
9,-1006.97272497231,-55.5915039066071,37.8698086520025,6.20078162444507,0.658903575056867,0.157243708531886,-1007.0210834029,-55.6900906971884,38.0621948269869,6.21623686578855,0.648954391382087,0.158266730485637,-500,0,0,0,0,0,0,0,392.418480226944,46.484742256168,-91.9510627025375,0,0,0
10,-1000.57674466439,-54.9093615478912,37.9718265187666,6.59112047280216,0.705381142453218,0.046570674548142,-1000.54062110179,-55.0479271781759,37.9539009726599,6.58864348696403,0.711118234639193,0.0400554492178187,-500,0,0,0,0,0,0,0,342.216893507179,38.9840308924324,-79.9133468671018,0,0,0
11,-993.815624604452,-54.1844915173295,37.968842052446,6.93106779714279,0.744358918730862,-0.052732501432138,-993.692184659828,-54.0280266191758,37.9768548810062,6.91932245052227,0.743233697213895,-0.0459943671398889,-500,0,0,0,0,0,0,0,295.452124267429,33.7326835169621,-71.3542730480235,0,0,0
12,-986.738034676958,-53.4232689669854,37.8705760154476,7.22406497903109,0.778086181939128,-0.143965947294431,-986.840385051041,-53.3514748432559,37.9777201941184,7.21499713390987,0.779733523902354,-0.152964490276293,-500,0,0,0,0,0,0,0,252.181056711096,28.7295972962764,-60.6589913606076,0,0,0
13,-979.389142901994,-52.6308202985603,37.6862460901187,7.47367753144232,0.806811154885614,-0.224835774909618,-979.441398790025,-52.4876614384723,37.6342614452628,7.46948722325443,0.818440422185588,-0.22386159658946,-500,0,0,0,0,0,0,0,211.934075254607,23.1312806583858,-52.8823632315795,0,0,0
14,-971.810820799614,-51.8124454547145,37.4248304586331,7.68293007832184,0.829938532763393,-0.298114554432968,-971.832903389643,-51.817283947889,37.2189447260586,7.67320035946158,0.840010338882199,-0.311480745543355,-500,0,0,0,0,0,0,0,176.345770833127,19.633534007558,-43.2898148977817,0,0,0
15,-964.041065657372,-50.9726917755659,37.0948791867111,7.85654911430081,0.849568825511249,-0.361886923734653,-964.001707484839,-51.0590736376108,37.1159169395193,7.85953490364188,0.845583216345862,-0.367563450475256,-500,0,0,0,0,0,0,0,142.049924605489,17.5598256406355,-37.475488831513,0,0,0
16,-956.114876998204,-50.1143443539215,36.704078493594,7.99580053370392,0.867126017748685,-0.419793968681456,-956.09553297651,-50.1032780046686,36.5178776393235,8.00000178203773,0.865325355262389,-0.424799564267908,-500,0,0,0,0,0,0,0,112.190887749248,13.6740204830984,-30.5557988518561,0,0,0
17,-948.064379792563,-49.2403823699785,36.2588808810327,8.10517027036699,0.880797950092312,-0.470663885816325,-948.162546661576,-49.1323895095894,36.2715977571355,8.10011163077612,0.881729453972497,-0.468385310450571,-500,0,0,0,0,0,0,0,86.3139302455396,10.0918336219292,-25.7046644692139,0,0,0
18,-939.91746983961,-48.3545393158074,35.7653160178493,8.18862893292096,0.890888158230347,-0.516513823796663,-939.992528226402,-48.3532218641069,35.5803609035314,8.19180740233054,0.890468763725917,-0.510230324319071,-500,0,0,0,0,0,0,0,60.8043162197491,7.6595673556221,-20.1376893751557,0,0,0
19,-931.699855031278,-47.4598219551843,35.2288162338499,8.24658333517812,0.898546562961592,-0.556519312706911,-931.621057235247,-47.4056062271131,35.233889651662,8.24572314999625,0.899937825409102,-0.533217890775807,-500,0,0,0,0,0,0,0,38.6697994708693,4.81742991331613,-17.1459902257432,0,0,0
20,-923.435368283372,-46.5588670657007,34.6539578295307,8.28237471554519,0.903363215991811,-0.593218536358096,-923.580974642687,-46.5834123852823,34.6271831887226,8.28394743347639,0.8923209011331,-0.596473133456185,-500,0,0,0,0,0,0,0,18.7672059377346,3.93473465725465,-9.60705303182657,0,0,0
21,-915.14499488765,-45.6535366764462,34.0463434029761,8.29836111639889,0.907297562496018,-0.622020162319361,-915.079237259623,-45.7559133456463,33.9240644610832,8.30954470143237,0.905415522177145,-0.616973160954223,-500,0,0,0,0,0,0,0,-0.795995623989825,0.970274473578101,-6.15081282674416,0,0,0
22,-906.848403284699,-44.7457539968212,33.4118703246654,8.29481334076034,0.908267796765322,-0.646924794431919,-906.743840179204,-44.6006141869207,33.578413525111,8.28758207071876,0.915096853376042,-0.644284808880237,-500,0,0,0,0,0,0,0,-15.2705267134679,-2.30845696376275,-2.72834616219841,0,0,0
23,-898.562575737659,-43.8386403162646,32.7543962707742,8.27683515793836,0.905959564509169,-0.668013952930249,-898.621751628776,-43.8095868498553,32.8849078846834,8.29045039937726,0.915952515531455,-0.666542112713369,-500,0,0,0,0,0,0,0,-31.801536680174,-3.97607785343483,0.884395501970005,0,0,0
24,-890.302959268773,-42.9346685284556,32.0778924795564,8.24239350444833,0.901984011354864,-0.684974958753835,-890.395879017313,-42.7947675307344,32.0734032857905,8.24645013763072,0.900927514770867,-0.697114601272766,-500,0,0,0,0,0,0,0,-43.8532557284458,-4.50321641561794,5.56465355569563,0,0,0
25,-882.083754144116,-42.0349357448796,31.3869941891834,8.19601535185815,0.897481556030445,-0.696796201251589,-881.980098551936,-41.92711660452,31.3816350685332,8.19617032167449,0.899633556484773,-0.688076909128663,-500,0,0,0,0,0,0,0,-55.6568350635774,-6.10912243943733,6.04442077579996,0,0,0
26,-873.916823425466,-41.140508271579,30.6847651526792,8.13784522026702,0.891373390740393,-0.707629772805918,-873.898205065932,-41.1621503269287,30.6904869848601,8.13125849488799,0.868937340620319,-0.705262593553837,-500,0,0,0,0,0,0,0,-65.3294393569357,-4.56943340817463,9.14528538566341,0,0,0
27,-865.812851796566,-40.251419027023,29.9734969402551,8.07009916615293,0.886805098546179,-0.714869133655455,-865.870644214638,-40.102107135084,30.1476472126217,8.08015807551483,0.883074089836898,-0.712019337612357,-500,0,0,0,0,0,0,0,-76.2745191222064,-8.10319471352182,10.9066393359924,0,0,0
28,-857.782064528563,-39.3686648586438,29.2561562743887,7.99147777633672,0.878703238220816,-0.719768527917308,-857.756671162696,-39.2106344062822,29.1998859330867,7.99392671811527,0.879602574426807,-0.726807745751002,-500,0,0,0,0,0,0,0,-83.8793294861357,-9.53898863011628,14.2810027089268,0,0,0
29,-849.833636099586,-38.4947303711123,28.5358587635314,7.90538363545054,0.869165736780256,-0.72077859023201,-849.747653394958,-38.4778489877827,28.625458257048,7.92792254428744,0.878907822921943,-0.714431346610773,-500,0,0,0,0,0,0,0,-93.2969476388294,-10.935084316629,14.1922181469814,0,0,0
30,-841.975995638455,-37.6310313567766,27.8148109788874,7.80990208111612,0.858232292007583,-0.721263765384397,-841.975058910096,-37.5460561063137,27.7920604754235,7.80186930265503,0.859370330052344,-0.710804097346938,-500,0,0,0,0,0,0,0,-96.2368124453104,-10.8449207926071,15.4962887838468,0,0,0
31,-834.215268293524,-36.778220675851,27.0941410341377,7.71155831907892,0.847389069826463,-0.720021282368686,-834.245837352074,-36.8287691840149,27.2182515402432,7.72328960266048,0.850771951184133,-0.731301188289851,-500,0,0,0,0,0,0,0,-103.8372855619,-11.4196567503835,18.6936157484988,0,0,0
32,-826.556607102819,-35.9365405094597,26.3766137699658,7.60577185848001,0.835971262892156,-0.714974190280792,-826.563567357103,-36.0593674821939,26.3241015127141,7.60097970058759,0.823609131391538,-0.716620991703982,-500,0,0,0,0,0,0,0,-106.970835344553,-10.2421781747661,19.01389614497,0,0,0
33,-819.00526851624,-35.1056893838572,25.6645294665699,7.49691349184544,0.825730988247167,-0.709133613980504,-819.082383752026,-35.0189741099637,25.7398591711415,7.49808172560967,0.822110011385076,-0.720028506288555,-500,0,0,0,0,0,0,0,-111.643405056915,-12.1730529185803,20.5231322865725,0,0,0
34,-811.565069065296,-34.2860439257877,24.9593123534225,7.38349467837516,0.813559927874267,-0.701237227859872,-811.60672915285,-34.4218993894916,24.8501110006286,7.3801716772134,0.801040317352972,-0.700171697451028,-500,0,0,0,0,0,0,0,-114.803709415639,-11.260232956314,20.3169477438456,0,0,0
35,-804.239843471105,-33.4781130932928,24.2621415159102,7.26696587628087,0.802301737060881,-0.693039291737137,-804.277744887536,-33.4392632119677,24.0965441598267,7.26652372286983,0.810473031048968,-0.690791343714559,-500,0,0,0,0,0,0,0,-118.096882511912,-14.1687766809614,20.8860460518025,0,0,0
36,-797.032752044427,-32.682894694231,23.5737156431369,7.14722688755246,0.788135060987622,-0.683745476526082,-797.222737938131,-32.4629611799318,23.6466768872815,7.14389847901434,0.79118983294414,-0.697752883248403,-500,0,0,0,0,0,0,0,-119.944372025171,-14.1930609345504,22.4819345502772,0,0,0
37,-789.946259159126,-31.901855091444,22.895620511724,7.02576988872942,0.773944144485528,-0.672376829209927,-790.117057578282,-31.9121800959336,23.0151277785005,7.02172657177403,0.777085274881648,-0.672878041139431,-500,0,0,0,0,0,0,0,-121.93854202084,-13.8841672962976,21.257548556942,0,0,0
38,-782.982212645704,-31.1348519474615,22.2285292265881,6.90233365469911,0.760062143469379,-0.661736654964405,-782.874490446406,-31.226124924291,22.3379060822315,6.90265044768897,0.731131717643473,-0.659312763267012,-500,0,0,0,0,0,0,0,-124.516063876086,-10.6609219157653,21.2554641622382,0,0,0
39,-776.142858180274,-30.3801191608374,21.5723412928228,6.77638601144394,0.749403429720663,-0.650568700045867,-776.202099213534,-30.3944085163899,21.722335707271,6.76341386751977,0.743332352659162,-0.652619087868417,-500,0,0,0,0,0,0,0,-123.937188324908,-13.5444182331363,21.8172373722996,0,0,0
40,-769.429117134563,-29.6374868383801,20.9278003028486,6.65110727586768,0.735861215094207,-0.638443138276869,-769.471443569145,-29.6994989158177,21.092074802636,6.66839796060024,0.73931283371138,-0.633709941033972,-500,0,0,0,0,0,0,0,-127.896908921734,-14.5322855395025,21.1868444981252,0,0,0
41,-762.842613458728,-28.9088906347738,20.2953724614716,6.52191117764689,0.721331192099392,-0.626340185560869,-762.715696308395,-28.8614515362305,20.3189646530565,6.51426975084799,0.734731895765388,-0.642908364099185,-500,0,0,0,0,0,0,0,-125.99558246801,-15.7502865040777,23.6529071038054,0,0,0
42,-756.384264124563,-28.1954334594466,19.6764509964803,6.39480009426489,0.705583158534591,-0.611431552675693,-756.36793117514,-28.1183412129903,19.5758751799775,6.40073708935817,0.703859678522723,-0.618966119161334,-500,0,0,0,0,0,0,0,-127.337846585537,-14.1492854262916,22.7448615561784,0,0,0
43,-750.053680354799,-27.4969238101872,19.0722309287528,6.26637973354929,0.691436140029015,-0.596936643441911,-749.926362701591,-27.5264707241977,19.2336374243275,6.2652429661697,0.705160442081117,-0.579186989803457,-500,0,0,0,0,0,0,0,-126.671571213788,-15.4631027597162,19.4514241316906,0,0,0
44,-743.851229329289,-26.8132181076893,18.4810602762858,6.13853289190494,0.675975264889782,-0.58533304034028,-743.924585934662,-26.8694781999497,18.391438594738,6.13789836785791,0.691705222402562,-0.593408066892505,-500,0,0,0,0,0,0,0,-125.940664916468,-15.4315658403568,22.5579294997745,0,0,0
45,-737.776149070228,-26.1449575044452,17.903240654767,6.01164009069567,0.660545941630471,-0.570235113302912,-737.804493363804,-26.2192443641966,18.1021533869072,6.01075490632628,0.666516857579708,-0.572389286898895,-500,0,0,0,0,0,0,0,-125.46650390502,-14.2131970295775,21.0346219160751,0,0,0
46,-731.827726991866,-25.4915170504136,17.3399592128652,5.88521581717702,0.646334966313663,-0.556256944196607,-731.818318408046,-25.4145278627514,17.2242191790466,5.88614568331916,0.644464562192574,-0.571670098061299,-500,0,0,0,0,0,0,0,-124.977931515824,-13.6174004937547,22.7185714480366,0,0,0
47,-726.00540499321,-24.8519896701701,16.7916961655063,5.75944102357971,0.632719794141526,-0.540198681269202,-725.904324219463,-24.8399867080369,16.9090219789102,5.74715028670927,0.63438045293062,-0.563009040406972,-500,0,0,0,0,0,0,0,-122.906380232001,-13.7580718769881,22.4828600828769,0,0,0
48,-720.307791265999,-24.2261478156179,16.2595287498948,5.63579923548077,0.618963914862129,-0.524066875225788,-720.452613396975,-24.2980573828989,16.2148867919127,5.6397577233244,0.618020411965109,-0.523489298966043,-500,0,0,0,0,0,0,0,-123.07054553849,-13.205926430713,19.9191563127789,0,0,0
49,-714.733933857476,-23.6137857773283,15.7424256008308,5.5119271021529,0.605760161543266,-0.510070014726274,-714.843639272161,-23.5932047990938,15.5746041894118,5.50511284930881,0.590602586500159,-0.515393004256125,-500,0,0,0,0,0,0,0,-120.824006386559,-11.8738490518282,20.3900920467888,0,0,0
50,-709.28277905268,-23.0139614699807,15.2396989742772,5.3903943762469,0.593888453149786,-0.495315145161955,-709.441424925167,-22.746197150844,15.2314312209242,5.38914820871608,0.577996516312303,-0.513574289039558,-500,0,0,0,0,0,0,0,-120.031971021273,-12.3072573295424,20.8945664621074,0,0,0
51,-703.952711293156,-22.4262255794393,14.7521604050406,5.26975342170161,0.58158332796256,-0.479694397479513,-703.932719633629,-22.2777822550492,14.6295732791936,5.24818043123545,0.582963851139889,-0.473016969014334,-500,0,0,0,0,0,0,0,-116.952603856287,-13.7408206038905,18.0425503430463,0,0,0
52,-698.74179446476,-21.8515116330669,14.2789311432826,5.15209095715807,0.567844564785649,-0.466698207149469,-698.850451620237,-21.850503706302,14.3034027175733,5.14725966748279,0.557228712257513,-0.461744410945869,-500,0,0,0,0,0,0,0,-117.025063507804,-12.0218638131473,17.5676356594404,0,0,0
53,-693.648558186903,-21.289676972904,13.8186609289797,5.03439220295405,0.555824755477621,-0.453776280474605,-693.530990739621,-21.0837847905402,13.8224524756997,5.03756879472432,0.556952846070044,-0.472000377129028,-500,0,0,0,0,0,0,0,-116.694897993189,-13.5277150259239,19.5551327615034,0,0,0
54,-688.67276319047,-20.7406150417373,13.3724922343982,4.91720964781516,0.542299106763094,-0.438495456218356,-688.661300830757,-20.7221949446769,13.1786730676935,4.90890261541471,0.542103239789522,-0.435907668736837,-500,0,0,0,0,0,0,0,-113.567659879956,-12.7659340895985,17.2334207382966,0,0,0
55,-683.812626708003,-20.2046979042678,12.9405453292347,4.80307390519663,0.529535168075455,-0.425334418090748,-683.795159413785,-20.0850901247688,13.0957827429013,4.80306988224077,0.518743615609956,-0.43106086936023,-500,0,0,0,0,0,0,0,-112.716669396506,-11.7041813114579,16.9145214502204,0,0,0
56,-679.066179518344,-19.6810138373953,12.5217651347101,4.6898309950363,0.517832965576236,-0.412162535876377,-679.044618659283,-19.6095511980851,12.2400211154845,4.6950083797191,0.514887631637329,-0.407417728340904,-500,0,0,0,0,0,0,0,-111.411600653345,-12.2696607675628,16.2617306031213,0,0,0
57,-674.432313417876,-19.1693147262137,12.1159792864822,4.57791145340633,0.505565256758425,-0.399346470507415,-674.493404158418,-19.1828621797801,12.0405603483591,4.57720585152367,0.48956571771452,-0.39538017793772,-500,0,0,0,0,0,0,0,-108.73377683553,-10.5908474118918,15.4568970970539,0,0,0
58,-669.9090263487,-18.6690439424002,11.7227081073293,4.46867252059099,0.494976310808006,-0.387134706769492,-669.868777975758,-18.582325510641,11.6109740140756,4.46454944579799,0.488116473422851,-0.397780746243175,-500,0,0,0,0,0,0,0,-106.717388628284,-11.6469963210031,16.5561265961663,0,0,0
59,-665.493905942714,-18.1798901905711,11.3423132911507,4.36157880442237,0.483331192661933,-0.373594955211428,-665.403577493778,-18.2512635717751,11.373831946523,4.37975916598185,0.465346712549928,-0.369670733699729,-500,0,0,0,0,0,0,0,-107.168761610629,-10.0321441114426,14.2194094769268,0,0,0
60,-661.186152038194,-17.7015741372439,10.9744877524134,4.25393835539125,0.473300913869276,-0.361995843743265,-661.17210043492,-17.6123802702774,10.9312921068961,4.24789861917037,0.471498668571492,-0.376873620307542,-500,0,0,0,0,0,0,0,-102.445661047197,-11.9251063165944,15.8247778169621,0,0,0
61,-656.983599102369,-17.2342348752952,10.6190799586579,4.15117771902151,0.461377609954215,-0.348762213930081,-656.870238968749,-17.2356958664379,10.5902636340577,4.14741684699524,0.473910335605783,-0.351007938056057,-500,0,0,0,0,0,0,0,-101.001206762026,-12.9196418277025,13.9202665374902,0,0,0
62,-652.883122401009,-16.7793162049937,10.2760777979714,4.04978488746394,0.4484597305783,-0.337185347521963,-653.101550901848,-16.5976117134039,10.1939828384293,4.04869533490637,0.448030690480666,-0.339707116874336,-500,0,0,0,0,0,0,0,-98.66643168694,-11.6078456212589,13.582746010575,0,0,0
63,-648.882858385709,-16.3366595363915,9.94457123832787,3.95075218961517,0.436853606539951,-0.325772342067649,-648.815585930066,-16.2968102516481,9.94697345917487,3.93805153637569,0.426637120479658,-0.319233777785845,-500,0,0,0,0,0,0,0,-96.1739817774366,-10.0700915446695,12.0294308602348,0,0,0
64,-644.98041304269,-15.9048401418009,9.62377911977888,3.85414669286251,0.426785182624403,-0.315757828916662,-644.847880199292,-15.8545278326273,9.65390185502041,3.86402682246703,0.422092371922028,-0.317642406080706,-500,0,0,0,0,0,0,0,-96.7069218481194,-10.5001815269481,12.4564368980298,0,0,0
65,-641.174798549214,-15.4833042098793,9.31339618193121,3.75709087165613,0.4162866810844,-0.304953735869032,-641.457353586112,-15.5558688567569,9.12778254329703,3.75617415780505,0.41735341525765,-0.318025937971767,-500,0,0,0,0,0,0,0,-92.7027086082807,-10.6236038122512,13.5470287105827,0,0,0
66,-637.464176811361,-15.0723285185116,9.01437463078553,3.6641617457377,0.405664701578316,-0.293037377047767,-637.474771746169,-15.0870770887073,9.11562168452473,3.64705535224087,0.421571244696905,-0.293058182321993,-500,0,0,0,0,0,0,0,-89.7559917317487,-11.9829702922759,11.0745748631498,0,0,0
67,-633.845081169719,-14.6726545245559,8.72608111518629,3.57403728166796,0.39368328631837,-0.283499247398816,-633.866545752176,-14.4849857267596,8.86582451179039,3.57907708667574,0.394095010787633,-0.291703044825151,-500,0,0,0,0,0,0,0,-90.1746171632209,-10.4395296252442,11.4386554589343,0,0,0
68,-630.316281337386,-14.2841902205462,8.44767450382406,3.48357046127833,0.383245321671143,-0.27326337571639,-630.312671160594,-14.4313577032026,8.46816199973029,3.48215875707568,0.383743316245184,-0.257903670378221,-500,0,0,0,0,0,0,0,-87.590533386381,-9.51161621811318,8.85404303836153,0,0,0
69,-626.876736636095,-13.9056999566159,8.1782663996766,3.39552556915407,0.373735206091098,-0.265503601552158,-627.013835571366,-13.8191219299854,8.26198703563287,3.39454888473585,0.378263951837905,-0.247750350403557,-500,0,0,0,0,0,0,0,-85.4272173308541,-10.1881513238198,8.25106096908993,0,0,0
70,-623.524162417511,-13.5370580959619,7.91637963575901,3.30962917118021,0.363548515019195,-0.258221908782366,-623.302258395341,-13.6032725083247,7.92717181519877,3.32188078152703,0.345249628105541,-0.268848965043906,-500,0,0,0,0,0,0,0,-85.5835613620217,-7.31841779390459,11.030552873993,0,0,0
71,-620.257431992134,-13.1771680463238,7.66331011625243,3.22383965355478,0.356231584036008,-0.247869172579247,-620.138619531355,-13.2451746171635,7.62019726164256,3.23735548638522,0.35535620751337,-0.245630617402873,-500,0,0,0,0,0,0,0,-83.4583095758115,-9.04527151700995,9.32266721700216,0,0,0
72,-617.075477425484,-12.8254583793125,7.4197996270644,3.14007650575125,0.34718775001817,-0.239104991859333,-617.003227888213,-12.7485920776633,7.31383870846988,3.15136430233721,0.339636199545442,-0.242003087096661,-500,0,0,0,0,0,0,0,-81.1299744572946,-8.46643579921758,9.57263129272633,0,0,0
73,-613.976094311394,-12.4825031462547,7.18522228215022,3.05869688374149,0.338722716019377,-0.230004230859952,-613.881616200982,-12.518640357314,7.21887860347796,3.05154262297958,0.344357536824886,-0.222592464444107,-500,0,0,0,0,0,0,0,-77.391029895994,-9.39847296786057,7.82148923745477,0,0,0
74,-610.956279490985,-12.1484790037338,6.95885331865633,2.98093886289938,0.329325568933611,-0.222690266924671,-610.904088516045,-12.3494610141176,6.91851886765889,2.98523409198459,0.345268689561819,-0.227159749434373,-500,0,0,0,0,0,0,0,-76.7152321663682,-9.82794692794683,8.87893720811953,0,0,0
75,-608.013822812737,-11.8240667462485,6.74042678621432,2.90398125501577,0.319498946036491,-0.214119824456622,-608.200073047709,-12.0360755999481,6.77504012340468,2.90590487143922,0.326484737383443,-0.216437695042075,-500,0,0,0,0,0,0,0,-74.1903410485037,-8.57632253844818,8.09368925739813,0,0,0
76,-605.147079258796,-11.5088553233629,6.53020007154653,2.82951214738656,0.310923899693994,-0.20629203953491,-605.164342888935,-11.5742970953814,6.67482665141961,2.84281227609153,0.317282625396027,-0.208263378499992,-500,0,0,0,0,0,0,0,-73.9525418312822,-8.57966834883996,7.47668454715999,0,0,0
77,-602.354694205703,-11.2022206243039,6.32760815829492,2.75526398899067,0.302345498337403,-0.198850344451526,-602.359658594417,-11.0975399639162,6.36768043742823,2.75870731439924,0.303446498332861,-0.20105415244258,-500,0,0,0,0,0,0,0,-71.1514142510904,-8.14956990545368,7.3700543694015,0,0,0
78,-599.635148696321,-10.9039493005886,6.13240580373029,2.68383295362233,0.294197148959535,-0.19151450479335,-599.575571449294,-10.9546470362048,6.11690658639567,2.69130031309022,0.286240213203799,-0.174383545715983,-500,0,0,0,0,0,0,0,-69.9788884104339,-6.71472724797026,5.20454139880695,0,0,0
79,-596.986528978274,-10.6131089238523,5.94352810598266,2.61341122452492,0.287483604460613,-0.186201607614216,-596.995305004207,-10.7566826027136,5.8895148050013,2.5952837922004,0.291427762607424,-0.177777284708197,-500,0,0,0,0,0,0,0,-65.5377692116267,-7.62941105531511,5.99869886081709,0,0,0
80,-594.406069339436,-10.3294394662037,5.76027609740866,2.5475131012748,0.279855310813742,-0.180265668931096,-594.406515138606,-10.3564709633952,5.71682755644331,2.54620752788038,0.269908634258757,-0.172338944180467,-500,0,0,0,0,0,0,0,-65.8077225108261,-6.27792149908537,5.80023930516008,0,0,0
81,-591.891636069381,-10.0527225560819,5.58298374196817,2.48135847091024,0.273578509395213,-0.174282164295711,-591.946445130817,-9.91668380476391,5.51693550851714,2.47982382209004,0.267738996314888,-0.181415465450172,-500,0,0,0,0,0,0,0,-64.0894919473701,-6.94053202196101,7.10767552798295,0,0,0
82,-589.442426340187,-9.78261376093155,5.4123569287586,2.41706674190265,0.266639080814269,-0.166935633945465,-589.426322687269,-9.86951485749467,5.33528772253548,2.39891202630795,0.279377594246229,-0.16989176547631,-500,0,0,0,0,0,0,0,-61.0385572562569,-8.1987297096335,6.31860110255999,0,0,0
83,-587.056009188659,-9.52007352135907,5.24864845691256,2.35577279402252,0.258441398124432,-0.160447164170982,-587.065028660944,-9.58975349455921,5.2932826634064,2.36351851704912,0.253384053426903,-0.15793406487577,-500,0,0,0,0,0,0,0,-62.2217943830228,-6.15889835357183,5.20684116076416,0,0,0
84,-584.731511827342,-9.26471104400589,5.09103353270922,2.29322667825896,0.252283556423063,-0.154747847193198,-584.457143232991,-9.42908422398551,5.10565616625498,2.28538375117317,0.259966607349395,-0.166992194822219,-500,0,0,0,0,0,0,0,-59.6240886513354,-7.13849228696846,6.48790714971194,0,0,0
85,-582.468191981589,-9.01599622101651,4.9397354764947,2.23341841496169,0.245146089619772,-0.147814965612237,-582.494800157517,-8.93339033333375,4.93873304289296,2.21901667301414,0.259893894423322,-0.149099304279004,-500,0,0,0,0,0,0,0,-56.9120669863795,-8.12260877566473,5.03246434211442,0,0,0
86,-580.263385092699,-8.77491095130684,4.79461436909256,2.17619987798291,0.237024449659348,-0.142395410667804,-580.326860027214,-8.67839409599675,4.97210026159302,2.18152428839694,0.233864959399629,-0.124231602385367,-500,0,0,0,0,0,0,0,-57.4987087852659,-6.0297077479694,2.47895971535069,0,0,0
87,-578.116200271126,-8.54090087734256,4.65376649166835,2.11817295922498,0.230995698201341,-0.139268056063868,-577.976559425236,-8.51818641462318,4.81540465226879,2.11558749757397,0.226712184061577,-0.131879307987171,-500,0,0,0,0,0,0,0,-55.6056309069253,-5.63484557691138,3.55712149417947,0,0,0
88,-576.026037354144,-8.31272213465042,4.51658531656466,2.06215663565135,0.225361787447402,-0.135063139139473,-575.942630303841,-8.27154474563595,4.47982167811369,2.049181629633,0.228958204583497,-0.153427236041421,-500,0,0,0,0,0,0,0,-53.0329023556178,-6.35273096707776,6.3830802479147,0,0,0
89,-573.990457767678,-8.09053625393572,4.38497928793211,2.00900779730078,0.2190099738924,-0.128119375702118,-574.057707525203,-8.04684783004558,4.35425399797364,2.02788126294836,0.216532198809322,-0.134255001460919,-500,0,0,0,0,0,0,0,-54.6727112444308,-5.55952422084101,4.71699215014464,0,0,0
90,-572.008911354862,-7.87430557724466,4.25966005801662,1.95408951812553,0.213451379353733,-0.122488553516946,-571.966532748261,-7.70749829893221,4.41063202097524,1.95595132066075,0.199915396441183,-0.124796499116092,-500,0,0,0,0,0,0,0,-51.6620665695527,-4.57654304625388,3.65838586965872,0,0,0
91,-570.08082658052,-7.66314203356255,4.13938230923835,1.90208382476788,0.20887570789116,-0.118038053254034,-570.080793107972,-7.58749078722105,4.11143916003583,1.90977908095153,0.196293224850071,-0.118820604085009,-500,0,0,0,0,0,0,0,-50.8163218792096,-4.45434091056504,3.65918208842926,0,0,0
92,-568.204315416919,-7.45649306718378,4.02359826994667,1.85094231170052,0.204422224813203,-0.113501620792288,-568.4041205288,-7.47639617330183,3.93354299845216,1.84072584766073,0.208632135147827,-0.100458466257968,-500,0,0,0,0,0,0,0,-47.2643437084734,-5.91042116817907,2.17876062889246,0,0,0
93,-566.377245642636,-7.25502565920722,3.91151361831863,1.8032000765677,0.198512590938137,-0.110641188205801,-566.577162172212,-7.21411845587405,3.78563001832486,1.81772385874308,0.209956828232844,-0.111527497047489,-500,0,0,0,0,0,0,0,-48.6180615298834,-6.56744591153634,3.5814896680992,0,0,0
94,-564.598508306423,-7.05979638054328,3.8031379702683,1.75427835394298,0.191945966447902,-0.106082960838501,-564.565101263448,-6.95306754132672,3.75165366626022,1.7508501381445,0.178617999080516,-0.118388826484652,-500,0,0,0,0,0,0,0,-45.9548112875546,-3.95566482539813,4.33557531594478,0,0,0
95,-562.867317010124,-6.86982785415868,3.69963433309261,1.70810831665095,0.187991086265336,-0.100898709488323,-562.872028122056,-6.96567693337463,3.64948159013974,1.69730102699635,0.189854541315876,-0.123207685742561,-500,0,0,0,0,0,0,0,-43.9860464555235,-5.05410026483833,5.02180539397657,0,0,0
96,-561.181267758374,-6.68436343866841,3.6016264071693,1.66399458334806,0.182937744557932,-0.0950926911753155,-561.210627159457,-6.52390999459637,3.43452828399059,1.67510830980322,0.182028566948886,-0.0922143481063816,-500,0,0,0,0,0,0,0,-45.0895766614074,-5.15503670569588,2.35237824265699,0,0,0
97,-559.540013262804,-6.50400283572641,3.50823137736319,1.61851744067731,0.177783461288284,-0.0916721684446443,-559.6013128381,-6.60605681932194,3.5483848991933,1.61854823570447,0.178458423275916,-0.0934086951745921,-500,0,0,0,0,0,0,0,-42.6521978942463,-4.63372868894767,2.24409971907261,0,0,0
98,-557.943021477181,-6.32853588229438,3.41814417369498,1.57546900887338,0.173150445471871,-0.0884783975700769,-557.822606459097,-6.26769317896112,3.37454223687784,1.57347932380898,0.172229480563374,-0.100467949748183,-500,0,0,0,0,0,0,0,-41.7027194627038,-4.68756169841512,3.2977105010626,0,0,0
99,-556.388538936935,-6.15772886428233,3.33179285716022,1.53349952859178,0.168463590313322,-0.0842010014958604,-556.357300727103,-5.9897436526497,3.30733530023187,1.52879001056653,0.15644895908309,-0.0884311056645092,-500,0,0,0,0,0,0,0,-40.1643996024476,-3.66540860300963,2.22843996598717,0,0,0
100,-554.875311360937,-5.99109764202257,3.2491707886554,1.49295844142314,0.16479885400005,-0.0810207002618153,-554.88646053885,-6.05513092556889,3.21683295489474,1.49139577473943,0.146759300779533,-0.0854026686682136,-500,0,0,0,0,0,0,0,-39.3666563962438,-2.56566822681555,2.10660095703188,0,0,0
101,-553.402227001185,-5.82758129295218,3.16969042230923,1.45321302616634,0.162233844033425,-0.0779180533327655,-553.349457736656,-5.83464541150204,3.27156481201759,1.4533745242506,0.164776277984186,-0.0766115234674772,-500,0,0,0,0,0,0,0,-38.6385369517483,-4.80833697541456,1.11802272271254,0,0,0
102,-551.968574866109,-5.66775129826523,3.09284582410766,1.41409344572815,0.157426144940979,-0.0757495195447989,-551.900235025417,-5.54247534315131,3.15619487474116,1.42250250884577,0.163045623198634,-0.0828593277350326,-500,0,0,0,0,0,0,0,-38.449780833743,-5.21961163356075,1.97354302402093,0,0,0
103,-550.573892343107,-5.51293463797587,3.01864855687306,1.37527431161164,0.152207175509745,-0.0726235651208004,-550.637594451548,-5.40402535270122,3.16070911350329,1.37825710463845,0.16808512964402,-0.0830879824088088,-500,0,0,0,0,0,0,0,-36.55052156075,-6.00046225899953,1.98738001387431,0,0,0
104,-549.217076862565,-5.36372738783777,2.94753733865128,1.33835929152412,0.146207324701069,-0.0695784886159657,-549.223366813859,-5.24737105431238,2.88809452481435,1.34713993506755,0.13154744139564,-0.0740365020963595,-500,0,0,0,0,0,0,0,-36.2672598790369,-2.66000203093928,1.62746116000725,0,0,0
105,-547.897049022318,-5.21884976222498,2.87933687975773,1.30169885755075,0.143547926402081,-0.0668021956229439,-548.09924233356,-5.15294622434465,3.02701761538795,1.30630864928037,0.146452319898436,-0.0695367611504088,-500,0,0,0,0,0,0,0,-34.4323802609166,-4.33933954115434,0.899640884264981,0,0,0
106,-546.612806668108,-5.07747122176073,2.81350271403769,1.26678783857287,0.139209154473382,-0.0648468839130791,-546.597789668388,-5.04116885806792,2.74687513635273,1.25600626242087,0.139019721320239,-0.0690791746279334,-500,0,0,0,0,0,0,0,-32.4050469053114,-3.81963441588806,1.41416719008788,0,0,0
107,-545.362432064922,-4.94017161492812,2.749815018801,1.233963546717,0.135390059150242,-0.0625104243454353,-545.2392098415,-4.81908666288585,2.57256129978662,1.2312256260172,0.136680794005391,-0.070508157352065,-500,0,0,0,0,0,0,0,-32.6441429187197,-4.02990607476743,1.90569313563327,0,0,0
108,-544.144963996987,-4.80679623515264,2.68877647900782,1.2009750958157,0.131360700304461,-0.059548487364918,-544.225087244674,-4.7630675993367,2.54689599417936,1.22144376261781,0.122260492000618,-0.0566370507725807,-500,0,0,0,0,0,0,0,-33.694201772434,-2.69991400138842,0.569913088899345,0,0,0
109,-542.961079726867,-4.67678521548966,2.63015583899352,1.16679532412328,0.128661339057263,-0.0576739611261089,-542.948361127713,-4.76843912610923,2.59199153476135,1.1614770141035,0.135299157820127,-0.0574675690209837,-500,0,0,0,0,0,0,0,-30.2509791549231,-3.99303752979428,0.562773832575674,0,0,0
110,-541.809661599417,-4.55012014679408,2.57324978578482,1.13604261024785,0.124668798238497,-0.0561212351737956,-541.818574632248,-4.39128371937333,2.61279759902555,1.13714091783188,0.130849086720445,-0.0481735909605184,-500,0,0,0,0,0,0,0,-30.0769425186917,-4.30234123329788,-0.408236101999268,0,0,0
111,-540.688965341616,-4.42760227689418,2.5174546130091,1.10535107417616,0.120366942497639,-0.0554522398975261,-540.681554768694,-4.41570524456711,2.42398261005431,1.1049799157772,0.11150678056563,-0.0537001469782389,-500,0,0,0,0,0,0,0,-29.1348820403323,-2.31926756742875,0.522049477715271,0,0,0
112,-539.598431235668,-4.30839472943616,2.46278118787646,1.07571879162887,0.118048153142917,-0.0538783355258778,-539.719376605727,-4.11214053527512,2.69099538954957,1.07117619858981,0.133647864422215,-0.0391899302309839,-500,0,0,0,0,0,0,0,-27.678866647528,-5.1405053716713,-1.46299775600076,0,0,0
113,-538.536928333786,-4.19291661073816,2.40865357415437,1.04728750334985,0.112908085156203,-0.0543612915729238,-538.673723655023,-4.14424684333876,2.20651315699537,1.05254673100776,0.112498329450794,-0.0481605784083997,-500,0,0,0,0,0,0,0,-27.9072257907287,-2.96133925840189,0.40303152684922,0,0,0
114,-537.503848948665,-4.08148896707786,2.35502974004087,1.0188728386828,0.109947203120476,-0.0528707934627973,-537.52878901643,-4.07833404605374,2.26331023436684,1.00513986713978,0.0933962832775681,-0.0539065673071982,-500,0,0,0,0,0,0,0,-25.4564086811181,-1.18296023564933,0.864036261986134,0,0,0
115,-536.497934549544,-3.97213303375686,2.30301342295323,0.992957644047462,0.108764664240909,-0.0511476516956039,-536.453434802849,-3.94060087293893,2.33458587034745,1.0043610935254,0.100594603272892,-0.0416253840815982,-500,0,0,0,0,0,0,0,-27.5292397468417,-2.17825858141137,-0.506633332535077,0,0,0
116,-535.519047133192,-3.86445727749998,2.25221833250686,0.964818298370539,0.106586848877107,-0.0504271109361074,-535.51020023682,-3.7449391877042,2.29483227767629,0.949874524533691,0.112010763221827,-0.0430806997003516,-500,0,0,0,0,0,0,0,-23.9670519797294,-3.71119794677431,-0.281594585317415,0,0,0
117,-534.566515272795,-3.75972583427678,2.20206759485429,0.940246430509921,0.102876038172929,-0.0498609335672917,-534.483808046253,-3.7102426788247,2.20019958258269,0.928735143410041,0.109524223707755,-0.0528239178138522,-500,0,0,0,0,0,0,0,-23.9058982484986,-3.53193701312613,0.881992616219847,0,0,0
118,-533.638444844795,-3.65861556676872,2.15309593444484,0.915896098954658,0.0993444974656299,-0.0480690869212844,-533.465787750526,-3.76979933194501,2.1712804987902,0.907359911273717,0.0923714424656782,-0.0636908586136623,-500,0,0,0,0,0,0,0,-23.8044156263187,-1.69754558267781,2.02652486378583,0,0,0
119,-532.734592955661,-3.56011964019915,2.10651636848974,0.891810004630337,0.0976473564319656,-0.0450768935911739,-532.832733617252,-3.62564838087075,2.14042482957962,0.887525801226824,0.0894057284856945,-0.0606416482165074,-500,0,0,0,0,0,0,0,-23.0871128881778,-1.68927608682795,1.78331516249149,0,0,0
120,-531.854481150646,-3.46331672677029,2.06279964033351,0.868415772068168,0.095958471131304,-0.042343799332648,-531.846986079077,-3.48135784573054,1.89179952698945,0.861506412338966,0.0774122999381983,-0.0302095307596208,-500,0,0,0,0,0,0,0,-22.456669075743,-0.778514302358748,-0.762645978016823,0,0,0
121,-530.997617588318,-3.36774733401392,2.02055028911734,0.8453120987666,0.0951803153612493,-0.0421423048144381,-530.986605488867,-3.45442530073152,1.84391073866356,0.842146074507119,0.0953941217045914,-0.038422844769602,-500,0,0,0,0,0,0,0,-22.2413964729786,-2.63056156899609,0.15446299963308,0,0,0
122,-530.163686058202,-3.27388211833355,1.97897973391316,0.822552222857773,0.092550116751101,-0.0409864050065799,-530.090667060637,-3.25058121902879,1.93283716984874,0.82077134883447,0.0932358558840382,-0.0210896940543428,-500,0,0,0,0,0,0,0,-21.8958007621733,-2.82242315034623,-1.75670493426321,0,0,0
123,-529.352471300053,-3.18274304317799,1.93763198936509,0.799877505266831,0.0897280344217028,-0.0416967359706629,-529.238310337547,-3.18288589782763,2.01246475103288,0.809144036890395,0.0975446438294551,-0.0288604009038977,-500,0,0,0,0,0,0,0,-22.4377830139458,-3.38869258729024,-1.13888941167599,0,0,0
124,-528.564155995989,-3.09470917795121,1.89595455168169,0.776753723942365,0.0863396968079088,-0.0416455471112005,-528.302115507889,-3.02390180953961,1.78214203077118,0.773189780740181,0.0818209494843089,-0.0309564896478485,-500,0,0,0,0,0,0,0,-20.7147470582404,-2.13429132935167,-0.468635096757501,0,0,0
125,-527.798062584934,-3.00943646080981,1.85457711901251,0.755433981165722,0.0842057382249018,-0.0410977330690245,-527.878155390962,-2.97992946686642,1.89261867717798,0.742808770961288,0.0837658221784711,-0.0563414218506674,-500,0,0,0,0,0,0,0,-18.5245663142048,-2.41672328411428,1.84890483071078,0,0,0
126,-527.052038432635,-2.92643892599652,1.81477469223133,0.736616332406066,0.0817893321071343,-0.0384969282045938,-526.998393666904,-2.90484562448804,1.76212302838168,0.740185961378328,0.0715698207609601,-0.049771473872306,-500,0,0,0,0,0,0,0,-20.0218088040241,-1.34729082711993,1.45290133046725,0,0,0
127,-526.325595058273,-2.84532307061374,1.77751423522802,0.716272348157248,0.0804423793703327,-0.0360129473482369,-526.146019294527,-2.74308575834113,1.73933536441639,0.730097315675718,0.0796153699531123,-0.0168939291203713,-500,0,0,0,0,0,0,0,-20.7176929785173,-2.47536547862897,-1.78927781679565,0,0,0
128,-525.620066777393,-2.76611821360389,1.74121647060305,0.694784446131494,0.0779673352770126,-0.0365709202856387,-525.758629386319,-2.74849179892096,1.77373172689649,0.684814352301389,0.0852979828631414,-0.0394789622967906,-500,0,0,0,0,0,0,0,-16.9641764575005,-3.03281468847222,0.400432775886082,0,0,0
129,-524.934010356968,-2.68966714644968,1.70520776599894,0.677329553458218,0.0749347998664452,-0.0354370617187705,-524.897793687299,-2.66951070282391,1.66707577679458,0.677685157219063,0.0671618065169117,-0.0516475017970209,-500,0,0,0,0,0,0,0,-17.9729283473081,-1.37715924604336,1.83059862611292,0,0,0
130,-524.265800157985,-2.61542077304863,1.67114210941998,0.659092889085718,0.0735579486576581,-0.0326843938208928,-524.124814500459,-2.44215667437202,1.52029996491219,0.65954522073657,0.0768054936124597,-0.0301992389062641,-500,0,0,0,0,0,0,0,-17.7048930727392,-2.79623601250193,-0.0206760391979581,0,0,0
131,-523.615823758575,-2.54326079897777,1.63892340745708,0.640860939199463,0.070762000330654,-0.0317431602829835,-523.591739199569,-2.56523609272808,1.55611873113597,0.649870938927177,0.0704016534995895,-0.0445206460048297,-500,0,0,0,0,0,0,0,-17.8036154935795,-1.90969316450278,1.33982713821104,0,0,0
132,-522.984024435521,-2.47345349507692,1.60835555269969,0.622739510386375,0.0688526082163673,-0.0293827648421352,-523.139812009267,-2.33939831460936,1.69173827406915,0.620523063922257,0.0717792608645312,-0.0377485417212665,-500,0,0,0,0,0,0,0,-15.7726823736909,-2.49912945723439,0.391377623988355,0,0,0
133,-522.369407609013,-2.40585032206299,1.57955726013192,0.606495281003667,0.066353738589142,-0.0282050776009187,-522.313009337278,-2.43497223195863,1.60516140865818,0.609810748797828,0.0682532243117753,-0.0165515248721114,-500,0,0,0,0,0,0,0,-16.355056205227,-1.95537796726027,-1.55517033010523,0,0,0
134,-521.771465494702,-2.340474146675,1.55104430829322,0.589389089356557,0.0643986130975726,-0.0288116098186298,-521.677285158808,-2.50045655579872,1.38489005639832,0.590211905007149,0.0574906674548392,-0.0271342664826436,-500,0,0,0,0,0,0,0,-15.6666201830985,-0.748153633886485,-0.0563534645322696,0,0,0
135,-521.190175594232,-2.27644948377615,1.52264123890935,0.573191635550314,0.0636507136992768,-0.0279858197590689,-521.313678326605,-2.31162361102006,1.51918272459376,0.574505714416231,0.0757666967631036,-0.0405332765727289,-500,0,0,0,0,0,0,0,-14.8232147884138,-2.95342245427023,1.01496220808536,0,0,0
136,-520.624582045452,-2.21427535690035,1.49555531437155,0.557996919039848,0.0606975410256255,-0.0261778776078864,-520.640498457023,-2.24229418286562,1.56757133785368,0.554368935050552,0.0681867589822521,-0.0203765230124776,-500,0,0,0,0,0,0,0,-14.1558965910097,-2.33408753249396,-1.09749037445959,0,0,0
137,-520.074011044577,-2.15474474979098,1.46920688163048,0.543145347583125,0.0583636741698992,-0.026511028917682,-520.072919916051,-2.01965481420926,1.45345467924621,0.551337445621964,0.050068638672787,-0.0339939141216641,-500,0,0,0,0,0,0,0,-14.9879047300942,-0.967554238860171,0.492482053674002,0,0,0
138,-519.53857905602,-2.09686472919514,1.44339884734092,0.527719850908583,0.0573963678720119,-0.0250967672131653,-519.568944043624,-2.13971827599401,1.42097938921304,0.535823883579955,0.0555480662121664,-0.0283663890795717,-500,0,0,0,0,0,0,0,-14.4445002707482,-1.27537006922863,-0.00531987046891658,0,0,0
139,-519.018339193002,-2.04010592938869,1.41874176216325,0.512760795901366,0.0561212326043951,-0.0242093926352956,-518.98870007888,-2.07989637467616,1.33884191121795,0.51597726187852,0.0528926673479379,-0.0194746563850335,-500,0,0,0,0,0,0,0,-13.6203260300928,-1.12947398544146,-0.730218183932543,0,0,0
140,-518.512705357838,-1.98454932656448,1.39457356933096,0.498507347029212,0.0549919737591501,-0.0241193745036481,-518.563829593984,-1.95746622887993,1.31540704310934,0.494512611299358,0.0659242279839004,-0.0234786555703425,-500,0,0,0,0,0,0,0,-12.3236019419669,-2.67749034063018,-0.282948529184436,0,0,0
141,-518.020648037081,-1.93089599941995,1.37063685484363,0.485607914462178,0.0523146813380865,-0.0237471880434913,-518.102451758779,-1.76015413295211,1.31475115616599,0.485050476836137,0.0697379656383753,-0.0453961634975154,-500,0,0,0,0,0,0,0,-12.3001441660548,-3.45348829793331,1.91011403741956,0,0,0
142,-517.541302605918,-1.88030795447332,1.34817368665107,0.473084774509666,0.0488614095357608,-0.0211724916976678,-517.507174154356,-2.03827583708047,1.47696042589243,0.468697087197597,0.0579575091906659,-0.0269536106676116,-500,0,0,0,0,0,0,0,-11.8553604110468,-1.71919924490564,-0.258559785023701,0,0,0
143,-517.07442861631,-1.83230604954956,1.32719922425209,0.460663825709602,0.0471424008061013,-0.0207698355916194,-516.979125225334,-1.95852017489118,1.16803522663723,0.46258740004219,0.0303934734986974,-0.0160074473865272,-500,0,0,0,0,0,0,0,-12.3004895535503,0.877692999912624,-0.735325714621744,0,0,0
144,-516.620231709055,-1.78472470584261,1.30644773754421,0.447730404731878,0.0480202874404296,-0.0207262610113451,-516.63567797138,-1.64265334191955,1.2925231775523,0.454020633033756,0.0385765825823019,-0.0129764403707259,-500,0,0,0,0,0,0,0,-12.1307073606153,-0.572351574391096,-1.28740231803202,0,0,0
145,-516.178927929441,-1.7369905015422,1.28547431418463,0.434877270584512,0.0474481219737657,-0.0212137573348652,-516.22790712913,-1.8367234250085,1.33494947267951,0.422083729466031,0.0384017975994558,-0.0119033047237554,-500,0,0,0,0,0,0,0,-9.75255868834347,-0.166732909928582,-1.47956847298347,0,0,0
146,-515.74931944359,-1.68962567344523,1.26374511711739,0.424339514398403,0.047281534843076,-0.0222390874357036,-515.92655998705,-1.74681605561259,1.42018630573884,0.42935624175488,0.0412481131489041,-0.0336672089497581,-500,0,0,0,0,0,0,0,-11.0825042013889,-0.631179203665227,0.526348283498127,0,0,0
147,-515.330740520134,-1.64265963621765,1.24210577625444,0.412819367816084,0.0466505403773718,-0.0210335066548785,-515.384068273737,-1.51155303245846,1.27187252258766,0.425323495620374,0.0482345055221869,-0.0466822702437184,-500,0,0,0,0,0,0,0,-11.764213014563,-1.80034448730177,2.12448197919652,0,0,0
148,-514.923882720034,-1.59690916366156,1.22253469758815,0.40089820991824,0.04485040551951,-0.018102346633427,-514.937638008075,-1.48138688529714,1.29045844423365,0.399957371516077,0.0341861066255292,-0.0153182114282823,-500,0,0,0,0,0,0,0,-10.1204611354582,-0.455836891958646,-1.04909574563907,0,0,0
149,-514.528393706907,-1.55228659907772,1.20421226838664,0.390079934829091,0.0443947241139499,-0.0185368153602395,-514.603107105756,-1.53836700880704,1.01495741539777,0.383770929842357,0.0583048902637468,0.00431869705023379,-500,0,0,0,0,0,0,0,-9.17087877272331,-2.7537550087606,-2.46178453581892,0,0,0
150,-514.143372816154,-1.50926868899431,1.18469659220757,0.379961125039446,0.0416410969438164,-0.0204892286013595,-513.989220094055,-1.40621045324197,1.18268604085824,0.374969695090378,0.0313642881388364,-0.0111236431977968,-500,0,0,0,0,0,0,0,-9.51852932092856,-0.324007907399693,-1.2530077619368,0,0,0
151,-513.768542342168,-1.467789524526,1.16386945373045,0.36969980100009,0.0413172329701362,-0.0211596657602577,-513.728208375947,-1.36085632339935,1.1092697965068,0.35764865200919,0.0439211036165896,-0.0113614649775578,-500,0,0,0,0,0,0,0,-8.30844844902473,-1.67039771486027,-1.08239309525782,0,0,0
152,-513.403362513511,-1.42730742807939,1.14236947132412,0.360659826428955,0.039646960987313,-0.0218355890077201,-513.372791320374,-1.48360976018023,1.28611976330938,0.363955647587508,0.0383394277659531,-0.0210190053732659,-500,0,0,0,0,0,0,0,-9.64998211800265,-0.866723256234847,-0.470338989292157,0,0,0
153,-513.0478314122,-1.38809375276432,1.1206237288092,0.350402814018265,0.0387803905670394,-0.0216505213004151,-512.954383289846,-1.25922984214584,1.18051460464565,0.360006861271302,0.0347443297192104,-0.0165183271506825,-500,0,0,0,0,0,0,0,-10.0919195474381,-0.955973287629366,-0.709196494223057,0,0,0
154,-512.702794200236,-1.34979127028718,1.0989994829746,0.339671972046084,0.0378245752356801,-0.0215923384535045,-512.818336468477,-1.15646356609789,0.987366420971268,0.335463116319723,0.0607244184546027,-0.018458667482387,-500,0,0,0,0,0,0,0,-7.9096386950178,-3.75951471326449,-0.128866093703836,0,0,0
155,-512.367361878629,-1.3138463889713,1.0775474941739,0.331193152975305,0.0340651880119084,-0.0213072457978224,-512.391122628101,-1.43259347261431,1.04566306399348,0.326627199515845,0.0341470364353428,-0.0200831074574884,-500,0,0,0,0,0,0,0,-7.88047469538274,-0.549516698305664,-0.0830153822381146,0,0,0
156,-512.040388552269,-1.28005589606353,1.05641379566992,0.322754012712096,0.0335157987192979,-0.0209557832628368,-511.856297595327,-1.20808707718124,1.1120435344373,0.297256928203837,0.0366644760764431,-0.00378513489465917,-500,0,0,0,0,0,0,0,-6.01309762973054,-1.25027345328184,-1.84557357940869,0,0,0
157,-511.721087804447,-1.24716519373466,1.03461356489408,0.315846874857102,0.0322656070792133,-0.0226411524552566,-511.643793590978,-1.05442264664959,1.03400438785904,0.322744857254855,0.0277873497070489,-0.0237311617155734,-500,0,0,0,0,0,0,0,-8.98689854352855,-0.66988967740571,0.305107395839266,0,0,0
158,-511.409970283777,-1.21523445749487,1.01245893815739,0.306389014293917,0.0315958661519478,-0.0216631794425344,-511.386366212062,-1.2700190468991,0.774928718460842,0.304346309563366,0.0295662353404507,-0.0304070598935839,-500,0,0,0,0,0,0,0,-7.66189853221196,-0.416585440246873,1.49084855243671,0,0,0
159,-511.107550999178,-1.18384681583085,0.991763144974209,0.298450923961659,0.0311794181657793,-0.0197243214851957,-511.260360063312,-1.1983257681632,1.06590757418711,0.287257229495849,0.0321075079304378,-0.0033247854521406,-500,0,0,0,0,0,0,0,-6.20500282296025,-0.814099256717376,-1.79933660316016,0,0,0
160,-510.812642188043,-1.15307440503646,0.971269865923045,0.29136616080933,0.0303654042522417,-0.0212586158323598,-510.749252975446,-1.13517722456897,1.0142901255226,0.288233793542399,0.0305032655220071,-0.017882328319825,-500,0,0,0,0,0,0,0,-7.32487340334729,-0.779972103062771,-0.24034741906269,0,0,0
161,-510.525230800201,-1.12309892860721,0.95012042819531,0.283457035154405,0.0295855491615149,-0.0210361936765509,-510.539041928916,-1.15106613238498,1.15710531576659,0.289997649474896,0.0446435368788213,-0.0310490560844993,-500,0,0,0,0,0,0,0,-7.92168108965823,-2.16222142311218,0.790694976916757,0,0,0
162,-510.245927772041,-1.09459442275402,0.92976651863486,0.275150064663882,0.0274234633689669,-0.0196673402876578,-510.214506754769,-1.0948247655862,0.965560053412957,0.281184283333785,0.00520843026288971,-0.0094878826895593,-500,0,0,0,0,0,0,0,-7.68941482384098,1.66880650488343,-0.982331837869985,0,0,0
163,-509.974975249289,-1.06633649824427,0.909901419040218,0.266755056214709,0.0290923864047343,-0.0200585287123098,-509.99304990492,-1.09867483994856,0.789377840987622,0.269968489207457,0.0155889045781625,-0.0206440607892536,-500,0,0,0,0,0,0,0,-7.01074911090485,0.638459222080863,0.485650396950119,0,0,0
164,-509.711949868221,-1.03692482388929,0.890317821038455,0.259296513371986,0.0297309638099542,-0.0191048515389081,-509.810752800376,-0.903078925000337,1.01694293619824,0.257750323030981,0.0518355291268881,-0.0271353189575475,-500,0,0,0,0,0,0,0,-6.15352670234586,-3.37739506268814,0.67964602335827,0,0,0
165,-509.455941496675,-1.00888250499095,0.871715996897283,0.252721062528316,0.0263536746678863,-0.018095467200319,-509.365776953247,-0.877928246120573,1.04317477834223,0.272730449188133,0.034972475606112,-0.0268637032800403,-500,0,0,0,0,0,0,0,-8.54149101231868,-1.74139106837005,0.600020771319564,0,0,0
166,-509.207686847673,-0.983399454257564,0.854314969912446,0.243789273728914,0.0246124276630844,-0.0167019711688439,-509.303627083026,-0.964904856576474,0.82254104925692,0.243732959086352,0.0351676848933403,-0.016048929553585,-500,0,0,0,0,0,0,0,-5.76604174258337,-1.58695877618108,-0.0401891431553416,0,0,0
167,-508.967056778686,-0.959580459714917,0.837748910510014,0.237471286822913,0.0230255622900583,-0.0164269598836441,-509.095386701712,-1.11955865949082,0.725690930827873,0.243496475656854,0.0303597053066106,-0.01662349396069,-500,0,0,0,0,0,0,0,-6.15887416226226,-0.79685321167941,0.210967534413255,0,0,0
168,-508.732912905692,-0.936953273788023,0.82162748844896,0.230817062418788,0.0222288110333787,-0.0158125167525174,-508.821141090968,-0.848043655342241,0.79621880825089,0.229984561167482,0.0148832660399081,-0.0177337476153831,-500,0,0,0,0,0,0,0,-5.35617393481289,0.20776070669367,0.180937145036532,0,0,0
169,-508.505030055723,-0.914620538510904,0.80604042675036,0.224949150580544,0.0224366603841259,-0.0153586683225708,-508.347434248231,-0.865246424491053,0.819765003874976,0.222384236447104,0.0240581584116813,-0.0356796708837094,-500,0,0,0,0,0,0,0,-5.54355514824864,-0.67532299218602,1.92843708062099,0,0,0
170,-508.28294042629,-0.892521486624674,0.791791740107274,0.219231582986518,0.0217614441860459,-0.0131358508709952,-508.263317457291,-0.88433118648128,0.947625306075373,0.20858210054804,0.0274731507707968,-0.00938146825142418,-500,0,0,0,0,0,0,0,-4.33157514022217,-0.978652704117118,-0.957103787008328,0,0,0
171,-508.066243252698,-0.871249338420539,0.778242776715853,0.214162574911398,0.0207828536339543,-0.0139595739175741,-507.866137033622,-0.824146540981509,0.618027529803658,0.211706892037123,0.000179805803678622,-0.00791320037599941,-500,0,0,0,0,0,0,0,-5.43841513646781,1.63031250159516,-0.444735022007375,0,0,0
172,-507.85510987587,-0.849651286633901,0.764234829827803,0.208104384148595,0.0224132507150814,-0.0140532837067346,-507.843292129771,-0.809138033382526,0.88425992337871,0.210136256700188,0.0305224979038178,0.00139032298714384,-500,0,0,0,0,0,0,0,-5.32704141047681,-1.43397372361673,-1.9075521454718,0,0,0
173,-507.650120039953,-0.8279549881006,0.749413830334098,0.201874706194299,0.0209793471208923,-0.0155855861628379,-507.679348291567,-0.665325568294173,0.797255650470238,0.201378272022856,0.0242365013777292,-0.0161298034227187,-500,0,0,0,0,0,0,0,-4.77913061915179,-1.09299900118458,0.0184690413313953,0,0,0
174,-507.450906681049,-0.807522102032804,0.733961806405226,0.196552409296175,0.019886425985625,-0.0153158266826044,-507.519976911675,-0.816092605321451,0.661682956813801,0.19917410427269,0.0090107931377987,-0.0108245775528677,-500,0,0,0,0,0,0,0,-4.8774566039193,0.731105896863033,-0.240908158340829,0,0,0
175,-507.25708784158,-0.787270084691305,0.7186697698873,0.191085545177903,0.0206176091009515,-0.0152655361604931,-506.997997514093,-0.914845725945651,0.749794018013952,0.176800149948106,0.0170266549261508,-0.0237146647880126,-500,0,0,0,0,0,0,0,-3.68401996662501,0.127025959276226,0.871878442773358,0,0,0
176,-507.068041090297,-0.76658892929606,0.703865201061881,0.18700870580755,0.0207447024892798,-0.0143416470777403,-507.132315398462,-0.642145140297163,0.837430928035998,0.186844585047395,0.0286407437502996,-0.0229618172893706,-500,0,0,0,0,0,0,0,-4.41982770781587,-1.57978409443563,0.621319872865063,0,0,0
177,-506.883454291915,-0.746634080691444,0.689939844875734,0.182165588064385,0.0191649956234952,-0.0135066959490936,-507.019984990433,-0.849987223955046,0.727050909724332,0.193725423081215,0.0254631503990177,-0.0220289826470427,-500,0,0,0,0,0,0,0,-5.33257232725519,-0.846340591991677,0.74879644525561,0,0,0
178,-506.704143296103,-0.727892209232606,0.677009183051189,0.176457272961855,0.0183187482017799,-0.0123517813638638,-506.762606941932,-0.562016012646497,0.564495303349183,0.169690005467145,0.00174387189486951,-0.00969606250561349,-500,0,0,0,0,0,0,0,-3.44378666284991,0.949644835806043,-0.159384356137018,0,0,0
179,-506.529702615877,-0.709098611809471,0.664609312193871,0.172424274120995,0.0192684476558377,-0.0124460318216477,-506.450204952981,-0.675897580507693,0.797411443134992,0.187706856262302,0.00930973531330959,-0.0153862625348478,-500,0,0,0,0,0,0,0,-5.87027572026876,0.420821629684427,-0.0561966327852024,0,0,0
180,-506.360472879983,-0.689619706344607,0.652413810854227,0.166035706398988,0.0196893642405109,-0.0119417643227328,-506.255809418456,-0.697796931934899,0.708886975183298,0.151125742514778,0.0217929766465746,-0.00757560031241429,-500,0,0,0,0,0,0,0,-2.60095541456567,-0.783703800787665,-0.660213919125166,0,0,0
181,-506.196089441502,-0.670322176025095,0.640108162236628,0.162731008636789,0.0189056970211215,-0.0126680035216928,-506.187756039334,-0.518738205685685,0.73719719499334,0.160577950168826,0.0409284993335934,-0.0230740197725706,-500,0,0,0,0,0,0,0,-3.68228293821381,-3.05537352198797,0.833007587270376,0,0,0
182,-506.035390053154,-0.652944133101103,0.627921241806607,0.158668521351814,0.0158503905702576,-0.0117038973450138,-505.99095592296,-0.685040869249513,0.72192113502423,0.149529785849107,0.0170619307760522,-0.0169146171853051,-500,0,0,0,0,0,0,0,-2.97106673899087,-0.33611133910619,0.247619448482051,0,0,0
183,-505.878462040619,-0.637261773396275,0.616345473756036,0.155187872765864,0.0155143296791693,-0.0114460142104846,-505.812566734295,-0.759097834991161,0.713402342146631,0.147764185821563,0.0111002756735128,-0.04323648433598,-500,0,0,0,0,0,0,0,-3.15128511356555,0.408168102631044,2.89684374930473,0,0,0
184,-505.724831624438,-0.621543322055613,0.60634760340865,0.152074757828516,0.0159225740439153,-0.00854830200207701,-505.577736068896,-0.751187317809993,0.588555808182294,0.147916049308924,0.0186493246466699,-0.0222269265446439,-500,0,0,0,0,0,0,0,-3.63613279310023,-0.362557829047006,1.0455810380998,0,0,0
185,-505.57473597221,-0.605801993299752,0.598395447922805,0.148117418792961,0.015560084373182,-0.00735412533020208,-505.700353602863,-0.491978414363652,0.628961219808243,0.160985598373852,0.0175585522145564,-0.0121066504170424,-500,0,0,0,0,0,0,0,-4.69785263165968,-0.771898392728331,-0.0472573979122464,0,0,0
186,-505.429227110848,-0.590627820522434,0.591217821080236,0.142900719251219,0.014788261956246,-0.00699856345648431,-505.492158514949,-0.630702839479602,0.481418235274467,0.133751354063811,0.000111321024015832,-0.0102290591358469,-500,0,0,0,0,0,0,0,-2.39081837648318,1.25027357655762,0.0600694430357538,0,0,0
187,-505.287794069148,-0.575214402412398,0.584217006569608,0.139965582813247,0.0160385749216106,-0.00700173834587081,-505.22871108806,-0.553725660244379,0.530387693437272,0.135154672223103,0.00487738269074918,-0.0121875426551321,-500,0,0,0,0,0,0,0,-3.0580450461909,0.61971305141384,0.157978878638662,0,0,0
188,-505.14961162209,-0.558865945886634,0.577334340267023,0.136399659405465,0.0166583390558267,-0.00676192645113927,-505.181433781478,-0.583241214770306,0.615367060176239,0.144827645705144,0.0113474461010345,-0.009128326849527,-500,0,0,0,0,0,0,0,-4.11989700755748,0.0317378194371609,-0.317901435399778,0,0,0
189,-505.015563016466,-0.542191706053958,0.570574914677049,0.131697773761173,0.0166901411144092,-0.00675463997041537,-504.996114581983,-0.638178516759622,0.599624431826435,0.125460449086134,0.0177685416803061,-0.00767803297965748,-500,0,0,0,0,0,0,0,-2.55381574464797,-0.50049713451137,-0.431445565687122,0,0,0
190,-504.885462044751,-0.525751795055992,0.563609444777345,0.128504157420985,0.0161896817723053,-0.00717483411297593,-504.93138585785,-0.722513896007121,0.548833988018926,0.137637309782589,0.0194611095465427,-0.00162765674513403,-500,0,0,0,0,0,0,0,-3.90095926255857,-0.501083162640029,-0.93490230152445,0,0,0
191,-504.759266284418,-0.50981262768971,0.556124501376215,0.123887242853473,0.0156886539563524,-0.00779281597604642,-504.853518815615,-0.453761767766734,0.497750258793257,0.138816448623813,0.0205155596175366,-0.0106559296256832,-500,0,0,0,0,0,0,0,-4.17460723115159,-1.14403242622019,0.070092444981808,0,0,0
192,-504.637714762852,-0.49469595591182,0.548548375307994,0.119216246096319,0.0145446900055142,-0.00735717567624738,-504.717093037591,-0.539079001825251,0.671649770715673,0.115946880737483,0.0199097647857466,-0.00215888467387493,-500,0,0,0,0,0,0,0,-2.16050199856563,-0.912818474924158,-1.12741107404385,0,0,0
193,-504.519976873383,-0.480607662812066,0.540614739345216,0.116259120646808,0.0136318969117334,-0.00850876040238635,-504.694684048065,-0.541582960966315,0.598372001012232,0.112896485065711,0.0011656650204015,-0.0243478939432676,-500,0,0,0,0,0,0,0,-1.90028041044184,0.966599419892481,1.2380453923023,0,0,0
194,-504.404816520872,-0.466492445805478,0.532660791037078,0.1140623917414,0.0145985379214554,-0.00739821365686544,-504.349708160079,-0.450426364378123,0.66112220221468,0.104132410338442,0.0123358472180492,-0.00777995619418835,-500,0,0,0,0,0,0,0,-1.71382471368555,-0.332731993048674,-0.544248785010525,0,0,0
195,-504.29195156235,-0.452060262847343,0.524929877303908,0.111667372644891,0.01426582908728,-0.00806258951238537,-504.233850923329,-0.510627834493387,0.515698296748145,0.101682210280612,0.0176389369998929,-0.0172277250264713,-500,0,0,0,0,0,0,0,-1.70051918140357,-0.742638031002514,0.691375909150838,0,0,0
196,-504.181341743944,-0.438165736303154,0.517139377184099,0.109552764831353,0.0135232246796775,-0.00751753120100673,-504.237711449436,-0.353543074382113,0.526402001133643,0.12446803907178,0.0185061908325654,-0.0148846817158611,-500,0,0,0,0,0,0,0,-3.97138100830606,-1.14353293449232,0.435664169318824,0,0,0
197,-504.073981068231,-0.425214244411726,0.510018953536092,0.105169219856025,0.0123797600820308,-0.00672121579994733,-504.046063773847,-0.383855933596889,0.443574792737445,0.103237087464802,0.0160152696342737,0.00224140525649514,-500,0,0,0,0,0,0,0,-2.23158119878632,-0.83381509623359,-1.1112901111244,0,0,0
198,-503.970322386712,-0.413251378878472,0.502756118419429,0.102147763291768,0.0115459716670743,-0.00780308971750598,-503.762796260792,-0.628390751354615,0.629746810329193,0.110841430575815,0.00744625400095291,-0.0189990603809199,-500,0,0,0,0,0,0,0,-3.55855053599729,0.51215610261394,0.640412417433602,0,0,0
199,-503.870141046242,-0.401449297999557,0.495415761135844,0.0982156182908527,0.0120581911599457,-0.00687576741218965,-503.852145458742,-0.530527608887419,0.484867124068983,0.101315481347497,0.0142429814165545,-0.0142132307359115,-500,0,0,0,0,0,0,0,-2.42725721726546,-0.363242923880612,0.451588825453183,0,0,0
200,-503.773358920918,-0.38957270682594,0.4887912999783,0.0953491033424646,0.0116949915994719,-0.00637187409797646,-503.706052927458,-0.265185844939477,0.39303723851502,0.0965274136830485,0.00728526005962665,-0.0135415328518079,-500,0,0,0,0,0,0,0,-2.24063551338926,-0.198154316083711,0.568078808150753,0,0,0
201,-503.679337985845,-0.377976772238158,0.482710663628434,0.0926932786664567,0.0114968786222898,-0.00578823135465323,-503.733128524492,-0.388173107267265,0.399754308925073,0.0884384436665716,0.0150568300107455,-0.0165607672648568,-500,0,0,0,0,0,0,0,-1.37758731767355,-0.729336786540017,0.856568108635538,0,0,0
202,-503.587518519904,-0.366844547433893,0.477261586018445,0.090946216710091,0.010767571632204,-0.00510924179109373,-503.421425860895,-0.318207037549357,0.414242652330454,0.0902247682408673,0.0123824110388384,0.00146335888136388,-500,0,0,0,0,0,0,0,-2.1796251022973,-0.601827028785121,-0.974821192797296,0,0,0
203,-503.498040359151,-0.356377876151519,0.471690930335927,0.0880098056779747,0.0101657716167466,-0.00603075249864926,-503.523600088062,-0.321735253702356,0.399177248855016,0.0698277794266997,0.0126344272774286,0.00470584768805374,-500,0,0,0,0,0,0,0,0.0644222334535449,-0.619972220338151,-1.26893926651541,0,0,0
204,-503.410439351855,-0.346522096961855,0.464806938952807,0.0871914890955516,0.0095457873830299,-0.00773704910402373,-503.470654384171,-0.290978622659021,0.465091571488478,0.0777372151122709,0.010851775181023,-0.0268175339096526,-500,0,0,0,0,0,0,0,-0.832412742884437,-0.503220272784258,1.7515702479883,0,0,0
205,-503.323754191361,-0.337227905846905,0.457789722595628,0.0861798011837884,0.00904259577953247,-0.00629710036018927,-503.206216448017,-0.50478433579857,0.46482403315174,0.104032079651204,0.00381716677602552,-0.00884700886346345,-500,0,0,0,0,0,0,0,-3.99077506908705,0.627851993994588,-0.0449471799571358,0,0,0
206,-503.23981973093,-0.327871352243514,0.451697185052558,0.0816895350619071,0.00967051226609361,-0.00588582436382612,-503.281652293991,-0.292216311933343,0.28783234192642,0.0793863481623041,0.00178711843078626,-0.00906577495574102,-500,0,0,0,0,0,0,0,-1.37533022824741,0.405720780788061,0.330912811721261,0,0,0
207,-503.159058181888,-0.317997967191608,0.445906965790905,0.079833859512508,0.0100762582674195,-0.00569387680834965,-503.120112857163,-0.146805319541633,0.368642934888677,0.0880533672494282,0.0024747437014435,-0.00702634937894128,-500,0,0,0,0,0,0,0,-2.56511101061771,0.0461362689389164,-0.0346509318832264,0,0,0
208,-503.080772369518,-0.307898620508907,0.44026934792475,0.0767380183040932,0.0101224359427525,-0.00557995869326533,-503.28686477307,-0.471848154440863,0.590169064359041,0.0738825014783663,0.00623013316563239,-0.0348381701892971,-500,0,0,0,0,0,0,0,-0.81452060169727,0.320682992318488,2.30347889021163,0,0,0
209,-503.004460674482,-0.297615826777916,0.435685959461962,0.0758866314957328,0.0104431520819795,-0.0035866194816131,-503.134937708148,-0.20611077501794,0.37803873966454,0.059583123588039,0.0165844999849185,-0.00554318208842241,-500,0,0,0,0,0,0,0,0.311563057491904,-1.24622844845598,-0.201759270486839,0,0,0
210,-502.928738555066,-0.287795792790856,0.431747632155788,0.0755574216124504,0.00919691681951684,-0.004290115619631,-503.085882690022,-0.358654254028979,0.471619897878765,0.0752812354467817,0.0147975883548693,-0.00468317611806574,-500,0,0,0,0,0,0,0,-1.35635816463359,-0.762450327428969,-0.474922183950955,0,0,0
211,-502.85418907222,-0.278980092492369,0.427166485864459,0.0735414241138787,0.00843448444270935,-0.00487135527421434,-502.887142667701,-0.296522273915505,0.484487720167365,0.0801943040130119,0.0162508707622508,-0.00515359797380753,-500,0,0,0,0,0,0,0,-2.24514506589822,-1.03204252839407,-0.453615642953977,0,0,0
212,-502.782085583435,-0.271061613282208,0.4221206416661,0.0706655580255881,0.00740247449432561,-0.00521904966051179,-502.623589365781,-0.139683451364499,0.423886383428312,0.0772457256515313,0.0147313038473204,0.00509422736666894,-500,0,0,0,0,0,0,0,-2.47739383359098,-1.19376348200305,-1.35719550352352,0,0,0
213,-502.713076744314,-0.264256006646112,0.416318972523305,0.067351686758422,0.0062087395623872,-0.00638277301334644,-502.62340781578,-0.189991194603675,0.439674657908234,0.080856788392449,-0.00945433450260063,-0.0128464305045996,-500,0,0,0,0,0,0,0,-2.8388632076842,1.32541583946741,0.405293734643493,0,0,0
214,-502.647351212128,-0.25738453485097,0.410257134198117,0.0640999094433249,0.00753420506034954,-0.00573942098089031,-502.631330989306,-0.302574140204204,0.519103530463934,0.0573749936044462,0.0102053851599242,-0.0241672175180194,-500,0,0,0,0,0,0,0,-0.474837381832089,-0.415390235584015,1.37851469087407,0,0,0
215,-502.58361230857,-0.250058015570402,0.405036364744291,0.063378638318807,0.0071188344548209,-0.0047019892855058,-502.630990869047,-0.381823479502693,0.253736521501788,0.0717945186742315,-0.00827590183937507,-0.0159766500015441,-500,0,0,0,0,0,0,0,-1.91747012933012,1.59123714294289,1.09019195715084,0,0,0
216,-502.521327356043,-0.242143542639453,0.400884703580153,0.061192041313505,0.00871011219293621,-0.00360041968870284,-502.624465164324,-0.0371924599644764,0.506923375972914,0.0631588408860506,0.00258337613786504,-0.00114168960249953,-500,0,0,0,0,0,0,0,-1.06695375995702,-0.183952693857552,-0.899677791695875,0,0,0
217,-502.461051073986,-0.233525402542256,0.396769698090255,0.0593601592663182,0.00852616907028756,-0.00462886714049704,-502.546815196879,-0.239847345808569,0.354444878641677,0.0558977701062316,0.00759510254884494,0.0167557918149323,-500,0,0,0,0,0,0,0,-0.496146616865196,-0.279815563267356,-2.38446893877659,0,0,0
218,-502.402508557586,-0.225139148253772,0.390839262371846,0.0577236699393676,0.00824634097225932,-0.00723138779810417,-502.356628340415,-0.273832465454408,0.297621145362184,0.0366336998240828,0.0161531357186402,-0.0110508502846884,-500,0,0,0,0,0,1,0,1.04988669842093,-1.06764864095521,0.509842737744473,0,0,0
219,-502.344507595334,-0.217426638304038,0.383526774814226,0.0582783533389766,0.00717867966457016,-0.00739413864361493,-502.281836873171,-0.235997237687392,0.365694718020687,0.0521045354530575,0.00695287599263326,-0.00209647513964343,-500,0,0,0,0,0,1,0,-0.646779798963492,-0.223293123888543,-0.52174192207703,0,0,0
220,-502.286899490085,-0.210359602619991,0.375754399375384,0.0569376402511,0.00695539254448452,-0.00815015389808516,-502.410994786308,-0.0601872559371203,0.255556644989082,0.0481403047525809,0.0190371128681351,-0.01537925914753,-500,0,0,0,0,0,1,0,0.00795909735877842,-1.78333677493927,1.02681262477484,0,0,0
221,-502.230127253289,-0.204295874636523,0.367899065829835,0.0566073337670334,0.00517206451259917,-0.00756058989755937,-502.242549267444,-0.556128097882434,0.519281439527888,0.0760910244506286,-0.000125224573080488,-0.000327635925709808,-500,0,0,0,0,0,1,0,-3.12400391017471,1.12477865307292,-1.0057992864848,0,0,0
222,-502.175450273651,-0.198561400653802,0.360029084764377,0.0527464836840639,0.00629688526959342,-0.0081775689175243,-502.056255461442,-0.0145003022037422,0.429639652076211,0.0593342279169902,0.0245145933828405,-0.00836647279189617,-500,0,0,0,0,0,1,0,-1.82091186881504,-2.42245873387657,-0.0226320249628043,0,0,0
223,-502.123882541047,-0.193475730574888,0.351864697941182,0.0503891802585011,0.00387445594530022,-0.00815020533742949,-501.977640068392,-0.209420010628478,0.382271315383511,0.043998414130822,0.00214006511981436,-0.0173376962464731,-500,0,0,0,0,0,1,0,-0.444561276297476,0.20483350927552,0.969226993880284,0,0,0
224,-502.07388253388,-0.189498850446157,0.344042213471045,0.0496113664138478,0.0040793050587749,-0.00749460277099145,-502.129198920566,-0.123656513583452,0.28870949797288,0.053879960459838,-0.0122402311148945,0.000263911734449106,-500,0,0,0,0,0,1,0,-1.12959820485109,1.47133613865635,-0.60381016939067,0,0,0
225,-502.025184797339,-0.184683871171303,0.336198167528637,0.0477839183897509,0.00555065434849492,-0.0081927716214375,-502.014691042033,-0.139019960656643,0.387240579846009,0.0320882583494783,0.00133172499514673,-0.000375579559535929,-500,0,0,0,0,0,1,0,0.820556249118075,0.144867421798613,-0.736923203738424,0,0,0
226,-501.977386928215,-0.17906079363438,0.327351947607146,0.0478113086611688,0.00569550206363601,-0.00949993417582706,-502.06245098753,-0.0972690621987022,0.22339366526201,0.0393308256764214,0.000688111798261924,-0.00332460177545991,-500,0,0,0,0,0,1,0,0.19181940741794,0.125726944571212,-0.114327152978029,0,0,0
227,-501.929790199019,-0.173302430422184,0.317577511224115,0.0473820426613819,0.00582122489860472,-0.0100489639299944,-501.939241170608,-0.0736551407807329,0.267949510289365,0.0622286475715871,0.0128456684122839,-0.010485649445064,-500,0,0,0,0,0,1,0,-2.34438241594305,-1.13725655966692,0.512665923927674,0,0,0
228,-501.88377257825,-0.168049813195266,0.307874451148056,0.0446537497656171,0.00468401088495678,-0.00935596134031069,-501.777158012941,-0.22174477433894,0.202343660479663,0.0431252055126739,0.00345345106815064,-0.00435841541473188,-500,0,0,0,0,0,1,0,-0.758204525386037,0.0981444418628161,0.0311542205138627,0,0,0
229,-501.839774294414,-0.163316724279345,0.298435894329227,0.0433429131748249,0.00478216792179975,-0.00952070960313001,-501.868082702449,-0.0600251794185083,0.322851612647638,0.023479096050291,0.0138545432459261,-0.0229314643211724,-500,0,0,0,0,0,1,0,1.38825579986796,-1.26540396575559,1.64744320682197,0,0,0
230,-501.795844339561,-0.159167263498948,0.289345570734948,0.0445176361044277,0.00351675562113577,-0.00866081022484189,-501.836627491685,-0.282479621674863,0.317167891182549,0.0446660058614894,-0.00137145979823641,-0.00556100267923542,-500,0,0,0,0,0,1,0,-0.793345602779233,0.702105223173367,-0.0782355144415554,0,0,0
231,-501.752011345711,-0.155299449540241,0.280553716733002,0.0431483953731125,0.00421887306692351,-0.00892242370606555,-501.772657564998,-0.122891664063941,0.291121653711294,0.0662402670394467,0.00621666913946052,-0.00741756121107478,-500,0,0,0,0,0,1,0,-3.07871157394881,-0.375883585818169,0.159512813684891,0,0,0
232,-501.710622471395,-0.151268493010141,0.271906922349434,0.0396298276365743,0.00384304091640504,-0.00836955158569586,-501.795285263549,-0.197789596828367,0.199412396599904,0.0466125366542524,0.0142500908959768,0.00380940607852137,-500,0,0,0,0,0,1,0,-1.07068313832751,-1.02942989594094,-0.779765401051945,0,0,0
233,-501.671899712091,-0.147940162401065,0.263107664064934,0.0378154174868501,0.00281362168979161,-0.00922825455922238,-501.621258453638,-0.210123845811573,0.25592605542955,0.0223576049670848,0.00319407828892087,-0.0112159181091636,-500,0,0,0,0,0,1,0,1.00675641056674,0.100839862731059,0.609739700057262,0,0,0
234,-501.633810183211,-0.145076126575756,0.253857433182728,0.0383637974473291,0.00291445045347323,-0.00927274677561996,-501.571292582767,-0.172965107681331,0.172605432730356,0.0318569415308689,0.0196163142164037,-0.00919905666774046,-500,0,0,0,0,0,1,0,-0.0431089875537944,-1.61570120627771,0.574694801313334,0,0,0
235,-501.595683609056,-0.142969524253756,0.244679124597662,0.0378896320575975,0.00129875491694706,-0.00908386803357597,-501.42127851226,-0.0620491998013174,0.220913930042914,0.0436885552712401,0.00753157042912696,-0.0177887117315449,-500,0,0,0,0,0,1,0,-1.52629850260444,-0.629058643310061,1.33704331306866,0,0,0
236,-501.558648432146,-0.141985280776263,0.236249368264748,0.0361815933665368,0.000669732645861536,-0.00777499360495448,-501.583205141418,-0.069437685601884,0.28089024082973,0.0315832269353795,-0.0148660074975578,-0.010205762577162,-500,0,0,0,0,0,1,0,0.00808758929743192,1.62547612095955,0.45879577605674,0,0,0
237,-501.522691464878,-0.140502808614955,0.228507505489895,0.035732556361177,0.00229521259722059,-0.00770874164347413,-501.39917050495,0.024054662751673,0.136664221915518,0.0483342708826738,0.00990584571577071,0.00173860992056925,-500,0,0,0,0,0,1,0,-2.03508607836827,-1.03869389708042,-0.447189435887961,0,0,0
238,-501.4882871649,-0.138726928762449,0.22066025218918,0.033076078248223,0.00125654792282624,-0.00798461016159435,-501.41923148429,-0.208051923874062,0.20667820160747,0.0492489626245769,-0.00842032981627085,-0.0295363505818849,-500,0,0,0,0,0,1,0,-2.08643329387784,1.25813682937521,2.54027865497355,0,0,0
239,-501.456173890786,-0.136841285212852,0.213989178580166,0.0311520337731377,0.00251474062999203,-0.0053567696445459,-501.231342616026,-0.17998041733095,0.231015063595544,0.0361549129246746,-0.00644427309272826,-0.0158629747299579,-500,0,0,0,0,0,1,0,-1.15280606041515,1.00438814393473,1.1242673458047,0,0,0
240,-501.42571511542,-0.133824337098656,0.209142620909609,0.0297662331854009,0.00351915723621752,-0.00433586004345643,-501.380173559567,-0.191936463476241,0.0822188062400569,0.0241915709004174,0.0116745260649797,-0.00455093061248103,-500,0,0,0,0,0,1,0,0.341190029092199,-0.783579679545491,0.290655448767989,0,0,0
241,-501.396029049673,-0.130696971542743,0.204719720567767,0.0296059842841776,0.00273557451619119,-0.00451009893775722,-501.398200703788,0.00830147110994134,0.285964686243049,0.0172377575489731,-0.00119077174941813,-0.00635595404619987,-500,0,0,0,0,0,1,0,1.07262565267802,0.10247423272193,0.0636660321338893,0,0,0
242,-501.366180236405,-0.127910168613063,0.199916009807997,0.0300915110943546,0.00283803186108801,-0.00509782032391937,-501.300284089129,-0.018643961299436,0.236688045020677,0.0230682161876591,0.00258700466947241,-0.00544962183479864,-500,0,0,0,0,0,1,0,0.293746559492047,-0.221412544348369,0.0715860934385102,0,0,0
243,-501.336220735491,-0.125182845641181,0.194630195930159,0.0298274717687683,0.00261661515900645,-0.00547390966902173,-501.352065338519,-0.100095447016197,0.105722009942406,0.0153623031058349,-0.00372792202279569,-0.0211988236365558,-500,0,0,0,0,0,1,0,1.16790036645422,0.572983096311963,1.90843834377076,0,0,0
244,-501.305859500553,-0.122279740519578,0.189736886197716,0.0308957876447027,0.00318959575573946,-0.00431351184905393,-501.461654057397,-0.110409297083692,0.142605541884299,0.0373971535056834,0.0184757658445124,-0.0016077456574436,-500,0,0,0,0,0,1,0,-0.816407235774403,-1.62675799028386,-0.124436518024239,0,0,0
245,-501.275655314592,-0.119903518176085,0.18528727631052,0.0295126207368977,0.00156284996722047,-0.00458522094574121,-501.200711106654,0.0114389434947173,0.410582566846137,0.0205728546222625,0.00825987128475864,0.0100789138987222,-500,0,0,0,0,0,1,0,0.344136751082341,-0.848865015465299,-1.82905652356449,0,0,0
246,-501.246503827836,-0.118765112023792,0.179590676027955,0.0287893653477931,0.000713963546949277,-0.0068078385435677,-501.287529225877,-0.156119726219076,0.341987055726906,0.0432988606378693,0.0164815967317662,-0.00886147342791452,-500,0,0,0,0,0,1,0,-1.7548276120326,-1.33592022073846,0.202173231337641,0,0,0
247,-501.218815793707,-0.118719093543072,0.172932588426377,0.0265870401602,-0.000621926396565271,-0.00650742016457284,-501.179082821929,-0.013189461403101,0.177945188610428,0.0456901005390517,-0.026334123886595,-0.0158924528404999,-500,0,0,0,0,0,1,0,-2.2108444100466,2.6597913114657,1.23335490682914,0,0,0
248,-501.193409208875,-0.118011101499295,0.167135668548079,0.0242270535924734,0.00203791151496114,-0.0050854205341383,-501.218181380062,0.123812707912964,0.217482998525618,0.0404704812613997,0.0037272443187874,-0.0111875883099248,-500,0,0,0,0,0,1,0,-1.61068536601576,-0.620349847704668,0.683792833941244,0,0,0
249,-501.17014558324,-0.116283349499929,0.162417875836785,0.0223007605971335,0.00141759376451599,-0.00434939447701965,-501.227265908759,-0.217848471335456,0.264242944544459,0.000386196109168548,-0.0067198250858045,-0.00354327490030753,-500,0,0,0,0,0,1,0,2.41591220660187,1.10767945125136,-0.174158399058165,0,0,0
250,-501.146986147583,-0.114311936790386,0.157477407225917,0.0240176679005279,0.00252523243359298,-0.00553268000407758,-501.209113171437,-0.395984875735475,0.151536635812342,0.0257543968044761,0.00718695845328277,-0.00565198612686463,-500,0,0,0,0,0,1,0,-0.157213337574129,0.0732739061426733,0.26212534106178,0,0,0
251,-501.123289096804,-0.111750065678456,0.151911723790697,0.0233765774304696,0.00259851116145659,-0.00559858860266937,-501.204147790816,-0.293403279890758,0.108361045543945,0.0359551640418445,-0.00156653382742633,-0.00118627001208892,-500,0,0,0,0,0,1,0,-1.18722082255309,0.743459942524149,-0.0980950898789974,0,0,0
252,-501.100777357301,-0.108779815810411,0.146248498136198,0.0216470123577308,0.0033419895549001,-0.00572719323584092,-500.966946267418,-0.232696862288392,0.223177029829739,0.0352647252824973,0.00426433955315475,-0.00955207119306729,-500,0,0,0,0,0,1,0,-1.59257999341374,0.0389597692613082,0.508853059647251,0,0,0
253,-501.080106146312,-0.105418331499944,0.140806225770747,0.0196958848851995,0.00338097961652479,-0.00515656861014424,-501.019715739013,-0.219160853667872,0.0751869868932207,0.0148313800979379,0.0135834603222098,-0.00512657232547177,-500,0,0,0,0,0,1,0,0.556293468231432,-0.920024324885238,0.362283258760735,0,0,0
254,-501.060372293105,-0.102497367489015,0.135569600085346,0.0197719147110173,0.00246094937793231,-0.00531695764613582,-501.032539949797,-0.0739960694837219,0.151701925011889,0.0190365340464157,-0.0113550814696811,-0.0137943535706023,-500,0,0,0,0,0,1,0,0.161426494951999,1.28350028593555,1.07603150703645,0,0,0
255,-501.040652832247,-0.0993946649905484,0.130569375797135,0.0196675151004238,0.0037444563411902,-0.00468367116375534,-501.05504994438,-0.0463944309724357,0.118761350743841,0.0110478497449099,0.0186338961228835,0.00225264957632566,-500,0,0,0,0,0,1,0,1.00531491426859,-1.77060075034348,-0.462787659120247,0,0,0
256,-501.020845156382,-0.0965355200284785,0.125345467490387,0.0199474504100303,0.00197383524281795,-0.00576452533686622,-500.840672616822,-0.0869343548118574,0.21467572008166,0.0231790210629489,-0.0061872091109286,-0.00781379803475794,-500,0,0,0,0,0,1,0,-0.636556872650854,0.792589620716574,0.352028363312473,0,0,0
257,-501.001433139178,-0.0941653837412925,0.119660061041532,0.0188768450401097,0.00276643825217463,-0.00560596265929758,-500.87759810006,-0.00376592394927396,0.151752419956376,0.0183953102080542,0.00339668214704355,-0.00805347355021285,-500,0,0,0,0,0,1,0,-0.0843348206853707,-0.332136366805807,0.501842515108534,0,0,0
258,-500.982804914545,-0.0915650112584681,0.11412869649641,0.0183798596867889,0.00243430759422394,-0.00545674108316851,-501.164631071968,-0.117621189312536,-0.0172661151084727,0.0147646813872246,0.00675960963360142,-0.00664998450690898,-500,0,0,0,0,0,1,0,0.852794005212666,-0.44071858473507,0.699530680907843,0,0,0
259,-500.964195463496,-0.0893510673612064,0.108709656660313,0.0188392592720696,0.00199358119087123,-0.0053818112926336,-501.060330213161,-0.111938112757383,-0.00862549135889711,0.0239004498743143,-0.0118314711179813,-0.016582830551745,-500,0,0,0,0,0,1,0,-0.269384561108814,1.4070233373129,1.67553403789229,0,0,0
260,-500.945526428617,-0.0866539653354249,0.103990686020449,0.0184996789481995,0.00340062338720242,-0.00405618382791462,-500.94129405248,0.100340030238871,0.139347419200754,0.0274461555590062,0.0304848356890497,0.00989517909583992,-500,0,0,0,0,0,1,0,-0.862027450941468,-3.24916362938272,-1.2682127479855,0,0,0
261,-500.927895621253,-0.0848779228020353,0.0992696150662947,0.016761421974453,0.000151462809800163,-0.00538528466819965,-500.748720401853,-0.273822725863583,-0.20125905192902,0.0309552375049372,0.00657824182180938,-0.0117739052762901,-500,0,0,0,0,0,1,0,-1.59808294678725,-0.110178730453772,1.57990863148705,0,0,0
262,-500.91195251237,-0.0847815296523622,0.0946913720151999,0.0151258131888173,4.13237159231489E-05,-0.00377058138711828,-500.891917879084,-0.155569731949971,-0.0177524035086223,0.0229965866182378,-0.0129529085289396,-0.00886928157003552,-500,0,0,0,0,0,1,0,-0.515822903656315,1.6064303167939,0.922432964020797,0,0,0
263,-500.897217116009,-0.083936983220619,0.0912602056442038,0.0143455078450569,0.00164777039271411,-0.00309157472273047,-500.877832413039,-0.0621023731745855,-0.0768626787454103,0.00995971128445799,0.0104587449375322,0.00236348588998924,-500,0,0,0,0,0,1,0,0.759693697631437,-0.921669747404049,-0.0826232315081037,0,0,0
264,-500.882793288226,-0.0827500547508704,0.0878444928995097,0.0145019877897521,0.000726087577802957,-0.00374015843414777,-500.821729436752,-0.238473918614521,-0.0993758137951445,0.0175237783865803,0.0104151977656465,-0.00113076031909997,-500,0,0,0,0,0,1,0,-0.108918965154072,-0.56457193933561,0.311827659500286,0,0,0
265,-500.868572784881,-0.0823062513554816,0.0840929642726686,0.0139391838704973,0.000161520103129393,-0.00376283491371843,-500.834502105396,-0.0282606367179767,0.0373408988934599,0.0022412701001453,-0.0151195184108505,-0.00203427938829272,-500,0,0,0,0,0,1,0,1.44487720077687,1.568473114521,0.128746141042352,0,0,0
266,-500.854197063176,-0.0813605064719245,0.0800072909964779,0.0148121016169211,0.00172997084112555,-0.00440919251243599,-500.909854170904,-0.0585598274118214,0.214291073487396,0.028515743082576,0.0023086545280301,0.000990090648973133,-500,0,0,0,0,0,1,0,-1.03186596644972,-0.113745797979367,-0.527591211872104,0,0,0
267,-500.84022926572,-0.0796874027984171,0.0753173745237937,0.0131233799292909,0.00161623725759788,-0.0049699922415064,-500.890327900266,-0.101887099296984,-0.0198611140200013,-0.0096240471883572,-0.000300025239268373,-0.0127234817873249,-500,0,0,0,0,0,1,0,2.74306051936786,0.233776722520806,1.31207040677249,0,0,0
268,-500.825877316218,-0.0779542949424386,0.0704008824095601,0.0155807507405191,0.00184998072049476,-0.00486449190654903,-500.565113937972,-0.0483866038654839,0.074352587399301,0.0245815753584466,-0.00195011622760754,-0.0162463547495787,-500,0,0,0,0,0,1,0,-1.32792965990066,0.291784830491722,1.47593030015927,0,0,0
269,-500.810990657354,-0.0759584048274501,0.066256701690179,0.014193491396446,0.00214179989647387,-0.00342337681347371,-500.802052321621,-0.103117617361652,0.00858042663709946,0.00582316824838781,-0.00308318085947938,-0.00261160174751021,-500,0,0,0,0,0,1,0,1.02178781840295,0.514553320671242,0.243999321476822,0,0,0
270,-500.79654496627,-0.0735593359366244,0.0626226526033265,0.0146978514543151,0.00265633871309087,-0.00384520439499703,-500.72480320782,-0.0551816621317238,-0.00818201744214231,0.0213572819231367,0.00157657799404367,-0.00721620757479655,-500,0,0,0,0,0,1,0,-0.686121776674011,-0.0472944751409199,0.73798479236394,0,0,0
271,-500.782339007812,-0.0709266361686299,0.0590519036292193,0.0137145283700408,0.00260906176798471,-0.00329600809293729,-500.673787917484,-0.220427146739273,-0.213628459289743,0.0106677658686951,0.0221110253311128,-0.00324128301507219,-500,0,0,0,0,0,1,0,0.280799248098698,-1.77024823963274,0.751385220086704,0,0,0
272,-500.768650969456,-0.0692026980299253,0.0558953575802659,0.0136618716161417,0.000838815453952799,-0.00301727693534459,-500.631382583325,-0.153380907854037,0.101677240396999,0.0304130043176069,0.00527240288640555,-0.00315537552740411,-500,0,0,0,0,0,1,0,-1.77853526510994,-0.220478472932481,0.112183071946414,0,0,0
273,-500.756092737543,-0.0684741072058381,0.0530156077565034,0.0114549122856132,0.000618366869662383,-0.00274130770300074,-500.779811214157,0.0128332313020178,0.0984283896635327,0.03514649546014,0.00571675866591151,0.0219823621739361,-500,0,0,0,0,0,1,0,-1.95502711770055,-0.597342329195187,-2.39509299672067,0,0,0
274,-500.746196163002,-0.068154406496319,0.0492433563920106,0.00833735132521605,2.10356277931949E-05,-0.00480180660723883,-500.722483336163,-0.132581324559475,0.00408001165317916,0.00655268840354381,0.00536485210259918,-0.000337436063187923,-500,0,0,0,0,0,1,0,0.789697831971523,-0.271322561140967,0.025583583012434,0,0,0
275,-500.737749720854,-0.0682690387879951,0.0441625135017675,0.00855542265696439,-0.000250299550461749,-0.00536021271680398,-500.87679155352,-0.193025061109966,0.0203959057874668,0.0106872157422536,-0.00558536615723183,-0.00459473956724009,-500,0,0,0,0,0,1,0,0.684861532815504,0.944586737943115,0.418682145149076,0,0,0
276,-500.729076953672,-0.0680470488743674,0.0387254930222609,0.00879020977922495,0.000694279667487617,-0.00551417113965846,-500.760990144572,-0.114232351234124,0.136247963420592,-0.00662791082027699,0.00230725436585167,-0.0103445604717924,-500,0,0,0,0,0,1,0,2.18477137117265,-0.00226073411691943,0.761960120338055,0,0,0
277,-500.719402156722,-0.0673539144353669,0.0330728920613444,0.0105594191843909,0.00069198999371352,-0.00579216244189595,-500.749390117744,-0.113323141481873,0.0870349967945109,0.0118458768150064,0.00834559930295143,-0.0211966455419608,-500,0,0,0,0,0,1,0,0.31419255398733,-0.607913647331397,1.94559456060705,0,0,0
278,-500.708672562756,-0.0669658760793312,0.027984183685044,0.0109006722954308,8.40880481638083E-05,-0.00438564896919047,-500.67738688704,-0.111984291470529,-0.017350610770111,0.00575854901095236,-0.0075300550480375,-0.0241763025373305,-500,0,0,0,0,0,2,0,0.77891887298414,0.976974087744809,2.45233147527327,0,0,0
279,-500.697301118634,-0.066393297016396,0.0244724232254905,0.0118432945075159,0.00106107066148339,-0.0026385740723357,-500.704216050295,0.142015543706296,0.171715986739203,0.0168328219128784,0.00133839303102327,0.0171207654810203,-200,0,0,0,0,0,0,1,599.725149909301,-0.417870390514919,-2.05550852158043,0,0,0
280,-500.400187443084,-0.0655460463061727,-0.0699239745217078,0.582289893063758,0.000633431641334707,-0.186447744281957,-500.519671649816,0.139220164291386,-0.0355280761396903,0.600909188918404,0.00826509882892947,-0.177437286967933,-200,0,0,0,0,0,0,1,540.948424407792,-1.10495021147572,17.8147848490726,0,0,0
281,-499.557904434939,-0.065469410539443,-0.330633773255006,1.10220036114244,-0.00048015985445175,-0.335239117299401,-499.656871781293,-0.140410740904303,-0.473657457288438,1.09800433820566,-0.0166956351812861,-0.322358339866361,-200,0,0,0,0,0,0,1,489.513309742021,1.95038499993722,33.183148901213,0,0,0
282,-498.218101612784,-0.0649782144985277,-0.72579545922726,1.57734461967544,0.00146255294121033,-0.455328255061453,-498.121533914857,-0.0713522056805903,-0.707648173165684,1.57335000688198,-0.0110920263208103,-0.47477939299236,-200,0,0,0,0,0,0,1,438.908067141517,1.25190704344222,48.8932356455674,0,0,0
283,-496.425037052308,-0.0628930653722348,-1.22657816585077,2.00873901490107,0.00270774631824287,-0.546458445117977,-496.340886513876,-0.0672637162809862,-1.3624936002908,2.00767858564556,0.0136441388079479,-0.562228258887374,-200,0,0,0,0,0,0,1,391.913914463195,-1.22988644823282,58.947813089319,0,0,0
284,-494.22154598305,-0.0608031938371831,-1.80717724854586,2.39820952718294,0.00147199716136045,-0.61493925896913,-494.11761985066,0.00606062120986019,-1.86151955327884,2.43702531509591,-0.00886387225005589,-0.627576990072402,-200,0,0,0,0,0,0,1,344.532708191728,0.874265982585869,66.4807381137979,0,0,0
285,-491.650075552859,-0.0588965776858074,-2.44599733460377,2.74470850109162,0.00234123589160676,-0.662878192569883,-491.543172927798,-0.0646193896637309,-2.49113786180556,2.74110646312295,0.00679552233383417,-0.656083437590563,-200,0,0,0,0,0,0,1,308.975699543301,-0.550313454055955,70.5906194826674,0,0,0
286,-488.748456313194,-0.056832705743898,-3.12585712533718,3.05851442440733,0.00178650881988103,-0.697001711037035,-488.647180429247,-0.0267673418038561,-3.17571824199485,3.06987256563489,-0.00646721646425506,-0.720747952391372,-200,0,0,0,0,0,0,1,270.307104295005,0.700256330033218,78.4262317231269,0,0,0
287,-485.550255919081,-0.0546979278008842,-3.83062130567941,3.33788043067996,0.00248304794513259,-0.712669143530707,-485.774475572313,0.00418716165363289,-3.83723650645293,3.33770823791824,0.0117524437464109,-0.713160527301119,-200,0,0,0,0,0,0,1,237.778127352803,-1.18361869794836,78.9905257430178,0,0,0
288,-482.088083703965,-0.0528082809512201,-4.54617084525308,3.58646321464958,0.00129624580350249,-0.718556498101602,-482.005903819927,0.0864836995527378,-4.68582654735011,3.60014945230641,0.00714025950588965,-0.720227540928334,-200,0,0,0,0,0,0,1,203.996862409213,-0.886993349694441,81.3944071875336,0,0,0
289,-478.393011101507,-0.0519568391079121,-5.26159331339465,3.80368748320389,0.00040663902719527,-0.71239880026621,-478.344336488928,0.00435908426977722,-5.1995683148367,3.80304982029149,0.0172408301022635,-0.703502629980507,-200,0,0,0,0,0,0,1,176.383690948708,-1.7328011787659,80.7493996277241,0,0,0
290,-474.493916475445,-0.052417686143378,-5.9671893428489,3.99451111563998,-0.00132833219395218,-0.698889978431128,-474.326344047431,-0.0296332770719139,-5.90922978519714,3.99475400920172,0.00222715809998604,-0.701276682396689,-200,0,0,0,0,0,0,1,149.17728717469,-0.163449255854777,81.9461278100632,0,0,0
291,-470.416703497893,-0.0538286020530415,-6.65474241912789,4.1599289015999,-0.00149349880371887,-0.67629978195467,-470.469958628298,-0.12783782337049,-6.62877943174809,4.14101518084838,0.00700712644587672,-0.671593684037065,-200,0,0,0,0,0,0,1,126.838399171759,-0.445036997846693,80.4169272672027,0,0,0
292,-466.184875859803,-0.0555453035760309,-7.31717674056248,4.30374308337039,-0.00193990316730845,-0.648641317111845,-466.088843000592,0.0262805221086162,-7.2273545604452,4.30701104179297,-0.0177763610052047,-0.642003147129899,-200,0,0,0,0,0,0,1,101.476581821887,1.72507505630324,78.6550238338803,0,0,0
293,-461.821497599859,-0.0566231547642577,-7.94901420102816,4.42303319306589,-0.000215798338914787,-0.615093439246186,-461.892725825038,-0.0323766588700064,-8.02708046159636,4.43619029535472,-0.00313227066281598,-0.614058688680395,-200,0,0,0,0,0,0,1,80.1664221146026,0.37798038402161,77.4600297912322,0,0,0
294,-457.349068737034,-0.0566502804213899,-8.54468570363541,4.52184699056026,0.00016154796881967,-0.57629886791304,-457.311945538644,-0.0584666118975818,-8.41819840834676,4.5309603325889,-0.00220184284931499,-0.573082943199892,-200,0,0,0,0,0,0,1,61.5278578183973,0.337117508726662,74.1446911366827,0,0,0
295,-452.787123356676,-0.056320353449979,-9.10033116510344,4.602067502861,0.000498305798172311,-0.535031795714258,-452.784290154177,-0.0156239064755021,-8.8370770940987,4.60407102387779,0.00227188905293946,-0.539087959058648,-200,0,0,0,0,0,0,1,45.1614779205742,-0.195941092342941,71.5829500940622,0,0,0
296,-448.153052556618,-0.0559200762012066,-9.61344353932179,4.66609912740045,0.000302248989395789,-0.491224374492044,-448.209644180466,-0.0759461175563708,-9.54955536902811,4.67002888707057,-0.00432420402402104,-0.490273026961104,-200,0,0,0,0,0,0,1,29.4163996538761,0.584312637514846,68.1264134341666,0,0,0
297,-443.462888006816,-0.0553256158699578,-10.0819723072882,4.71425578988545,0.00088667203639287,-0.445856440049231,-443.473006402465,0.0175057652701853,-10.1105246094699,4.69371430610327,0.0164192841078086,-0.448191101220221,-200,0,0,0,0,0,0,1,17.5745821946039,-1.67693994132123,65.0401593409618,0,0,0
298,-438.730592987005,-0.0552772759659397,-10.5047727249625,4.75036042230509,-0.000789991625155753,-0.399761490065894,-438.778352709701,0.0768724268397443,-10.4969991434376,4.76384634737447,-0.00716581054640879,-0.393041013162487,-200,0,0,0,0,0,0,1,1.17207068195376,0.562836200961391,60.2980996031239,0,0,0
299,-433.970643383786,-0.0557855987298413,-10.8811462327198,4.76956527542288,-0.000226653436868581,-0.352993987001278,-433.909650134102,0.0776386822643208,-10.9019342408475,4.76005971336376,0.00747839558623148,-0.36711179787429,-200,0,0,0,0,0,0,1,-8.18667106817213,-0.903116923151789,58.5150482691241,0,0,0
300,-429.196127052909,-0.0564634917563483,-11.2101172103375,4.77949449435053,-0.00112913162048273,-0.304951680303264,-429.121292053745,-0.0667968770360889,-11.1180146994129,4.78181770611975,0.00177983016229766,-0.316534937050936,-200,0,0,0,0,0,0,1,-19.9391865044855,-0.0443892621575883,53.8895231039194,0,0,0
301,-424.417908370679,-0.0576144238648667,-11.4913511449145,4.77696963646368,-0.00117273103296357,-0.257513550607468,-424.422191344236,-0.143609388679641,-11.4282319506399,4.76857610755936,0.000330948315077476,-0.248315419583121,-200,0,0,0,0,0,0,1,-28.0132280674636,0.254123945851534,47.6880058595919,0,0,0
302,-419.646957251047,-0.0586596595575698,-11.7267673314902,4.76495768876908,-0.000917739546820644,-0.213311348282557,-419.561083535071,-0.0639912264845097,-11.746437409028,4.77026579050586,0.0153120269887404,-0.216650412184203,-200,0,0,0,0,0,0,1,-37.9044119804439,-1.40322024590502,45.1579160364764,0,0,0
303,-414.893031359497,-0.0602785065516774,-11.9175511160174,4.74291957308197,-0.00231995328895713,-0.168243651130474,-414.932761335125,-0.0459020373842986,-11.909737611895,4.74300873818699,-0.00367800488745667,-0.174996589008658,-200,0,0,0,0,0,0,1,-44.4353511484485,0.459604563514264,41.3191341246559,0,0,0
304,-410.164779448527,-0.0623681184009339,-12.0639820112365,4.71360895763387,-0.00185926921513952,-0.124601878282498,-410.236848484539,-0.0804542896704192,-12.1416822361734,4.72768583486523,-0.000647904295884137,-0.116727573865907,-200,0,0,0,0,0,0,1,-52.2948865174444,0.225699008929252,35.9561218589376,0,0,0
305,-405.470353727913,-0.0641139576820393,-12.1679747113811,4.67526592439707,-0.00163240925027074,-0.0833626881665981,-405.470813747084,-0.16650412918905,-12.1454874666175,4.67204570997055,-0.00116413171838765,-0.100812767027893,-200,0,0,0,0,0,0,1,-56.2629435028874,0.449421430216866,34.3722516360242,0,0,0
306,-400.816334656153,-0.0655210505900125,-12.2307647641333,4.63279557006682,-0.00118177603274915,-0.0421945000082182,-400.965359366328,-0.0975260550090384,-12.220700583482,4.63447210392914,-0.000440332587733567,-0.0453549521339202,-200,0,0,0,0,0,0,1,-61.5164916602569,0.239085368791434,28.976896380356,0,0,0
307,-396.208082601289,-0.066582659112906,-12.2540039386688,4.58373020192551,-0.000941440080015815,-0.0042576069401456,-396.127985193571,-0.0558338216914373,-12.2005725258985,4.57908682187164,-0.000769605711166517,0.00760872844195674,-200,0,0,0,0,0,0,1,-65.6527118000209,0.188628214499526,23.6402722076014,0,0,0
308,-391.651662140478,-0.0674291496453853,-12.2410663413776,4.52913055044026,-0.000751540151765682,0.0301618261438047,-391.672880176348,0.138183000071007,-12.0734163431369,4.53662467461609,0.0112001695067119,0.0481701350690057,-200,0,0,0,0,0,0,1,-70.3167071089139,-1.39638295081321,19.3298191793731,0,0,0
309,-387.152694604671,-0.0688782265183442,-12.1948867821251,4.46882310645614,-0.00214661280498942,0.0622291731417597,-387.206247405992,-0.349997070494287,-12.1704776054466,4.46562602522411,-0.00389501152236962,0.0433022897220235,-200,0,0,0,0,0,0,1,-72.1501077104267,1.08949529322554,20.0107262386909,0,0,0
310,-382.714730973069,-0.0704794188574044,-12.1159195492867,4.40712340867517,-0.00105577151932183,0.0957378527784065,-382.861775289974,-0.0385990818870158,-12.0043954875119,4.40186263741477,0.00962527039011958,0.0926533760349595,-200,0,0,0,0,0,0,1,-74.4627131615288,-0.885328875237926,14.7434533715278,0,0,0
311,-378.340374447722,-0.0719771862216014,-12.0054462743853,4.34160682025062,-0.00193976231090111,0.125243161347318,-378.28460797406,0.0201237473237162,-12.0742880242614,4.3482849066614,0.0106317277652631,0.126664496602074,-200,0,0,0,0,0,0,1,-78.2592747180204,-1.10342027117375,11.4821263883154,0,0,0
312,-374.03381588442,-0.0744679732387181,-11.8662698535561,4.27152661817181,-0.00304181095591165,0.153146411506344,-374.018691444517,-0.147923891631845,-12.1479156419147,4.2713780245588,0.00488237213640246,0.159039826045267,-200,0,0,0,0,0,0,1,-79.1004195668459,-0.192389430376556,8.39184867930261,0,0,0
313,-369.798200954586,-0.0776053001654555,-11.7003960641236,4.19971828098588,-0.0032328417848198,0.178638735869257,-369.862894016836,-0.114548285584356,-11.8057777075806,4.1951969455285,-0.01833868864322,0.166508348175476,-200,0,0,0,0,0,0,1,-79.7939065191773,2.06296543549071,6.96072059761364,0,0,0
314,-365.634915535634,-0.0798059809079311,-11.509475463736,4.12686708922656,-0.00116851884153392,0.203240522092834,-365.556733498344,-0.0304939730380507,-11.6009200603435,4.11004365509678,-0.0157254529473239,0.186599336750509,-200,0,0,0,0,0,0,1,-79.8908985129897,1.63353324080849,4.54190644563605,0,0,0
315,-361.544889505024,-0.080157064502974,-11.2949618586199,4.05319843361959,0.000466352580264554,0.225825121215233,-361.51039011606,-0.108175503424175,-11.2599062440561,4.05525997228739,-0.00585820982427044,0.2197641263616,-200,0,0,0,0,0,0,1,-82.5052169966178,0.802171989275394,0.543399851952227,0,0,0
316,-357.530395809912,-0.0792889533976662,-11.0591906601094,3.97580102868765,0.0012698707113025,0.245757540809578,-357.511275748233,-0.096243599652674,-10.9181433382881,3.96140051532009,0.00333964929878459,0.270732037269708,-200,0,0,0,0,0,0,1,-81.1175000355428,-0.141477730573111,-5.23691705039473,0,0,0
317,-353.593586246198,-0.0780891854134713,-10.806320998703,3.89782727258463,0.00112966661369994,0.260022292624854,-353.617790274829,0.0820673268663157,-10.8016877479696,3.89740554214307,-0.00915174304161697,0.260832465456631,-200,0,0,0,0,0,0,1,-82.5049736646492,0.751039650429066,-4.47987104972399,0,0,0
318,-349.735247392081,-0.0765833477338292,-10.53847402958,3.8188602703005,0.00188200899171785,0.275712608962922,-349.837947091569,-0.0675414866284468,-10.623961586996,3.80745828363656,0.0103233762993367,0.288730391160032,-200,0,0,0,0,0,0,1,-81.0699341805185,-0.897254656676781,-7.6251159420112,0,0,0
319,-345.955705192963,-0.0751493404180645,-10.2565367505957,3.74023230476731,0.000986006552299759,0.288202697393751,-345.857496178305,0.0598079810029314,-10.2183411760721,3.74606147753162,0.00705227881385866,0.290104444294783,-200,0,0,0,0,0,0,1,-82.8911553965527,-0.824843843391728,-8.5737620773342,0,0,0
320,-342.25578407263,-0.0745751194581193,-9.96212306953531,3.6596180462679,0.000162436338356649,0.300666360237218,-342.33769694053,-0.216051609819491,-9.91015734043012,3.68151441474487,0.00277837281699531,0.293651378580677,-200,0,0,0,0,0,0,1,-83.4760475934261,0.154265937939451,-9.54482317720744,0,0,0
321,-338.636893475706,-0.0743349129286821,-9.65547719493702,3.57817097342261,0.000317977027275665,0.312667452100493,-338.654054534232,-0.190449724503028,-9.51038586815628,3.58898452069078,-0.00336155418586131,0.335097735587668,-200,0,0,0,0,0,0,1,-81.5903430006148,0.717054867592187,-14.4890018224542,0,0,0
322,-335.099387077117,-0.073657808176806,-9.33934961528056,3.49684707969348,0.00103623326329677,0.319629659916652,-335.032829087771,-0.0468856067699108,-9.36743193098498,3.50222342308936,0.0156925496855145,0.322332355559491,-200,0,0,0,0,0,0,1,-80.156684133394,-1.47548375501163,-13.4983716939791,0,0,0
323,-331.642345421909,-0.0733587240652625,-9.01591496760559,3.41724178059319,-0.000438063877178933,0.327280676011973,-331.78103256219,0.0117641418218484,-8.99192255966274,3.43282071719351,0.00292029695380285,0.328474079143908,-200,0,0,0,0,0,0,1,-79.720006594971,-0.315557979023982,-14.8635627950654,0,0,0
324,-328.264922370784,-0.0739539836359313,-8.68542229249768,3.33760923039811,-0.000752454133665191,0.333745677263658,-328.312911598833,0.0737347813130386,-8.68687861192315,3.32818857710122,-0.00566628212446486,0.318484456632094,-200,0,0,0,0,0,0,1,-76.1930345124566,0.419158649820408,-14.4746884393631,0,0,0
325,-324.965394881877,-0.0744963021041956,-8.3487680287883,3.26145030602269,-0.00033218174819004,0.339602071204477,-324.895671105536,-0.0412352150135796,-8.38815917906795,3.2450175788912,-0.00168650703876519,0.345721111718307,-200,0,0,0,0,0,0,1,-74.710415678048,0.251121133903679,-17.7957928136948,0,0,0
326,-321.741891946514,-0.074702393677518,-8.00795427497821,3.18555838684679,-7.99996839021235E-05,0.342064474865956,-321.66307259328,-0.0316576834685345,-7.96263085597882,3.18619530901864,0.00143756691901242,0.346796978202283,-200,0,0,0,0,0,0,1,-75.2933857153048,-0.0804413249641733,-18.7544361082707,0,0,0
327,-318.594712132406,-0.0748220838165027,-7.66490940221774,3.10880379131598,-0.000159378880929115,0.344064683930222,-318.703775294864,-0.206289256724005,-7.75213598517431,3.10703640638641,0.00308067642952368,0.350914076260319,-200,0,0,0,0,0,0,1,-73.2960900489136,0.104510870495642,-19.5871356556833,0,0,0
328,-315.523487889157,-0.0749286964236344,-7.3204840289872,3.03364658508876,-5.38455504474029E-05,0.344824629827158,-315.557005124883,0.139735959805198,-7.32709559767056,3.04891991392591,0.00155410411748702,0.346890156934021,-200,0,0,0,0,0,0,1,-73.7779811428251,-0.434882331359097,-20.0348244980609,0,0,0
329,-312.527719026149,-0.0751994705712474,-6.975308743407,2.95789297799899,-0.000487701454966507,0.345564750002299,-312.612925579457,-0.108506601828917,-6.96265988441398,2.95281440394434,0.0070180189714226,0.345879551559215,-200,0,0,0,0,0,0,1,-70.055589235519,-0.484788693484426,-20.6626353870935,0,0,0
330,-309.606064480725,-0.0759290864252303,-6.63022226599915,2.88541708669117,-0.000971529671354091,0.344645337114804,-309.583000763356,-0.225992760792,-6.53442504531786,2.88814035447422,0.00511778523322269,0.332640384118777,-200,0,0,0,0,0,0,1,-69.6480339207105,-0.0597930017382678,-20.195188321242,0,0,0
331,-306.756610007308,-0.0769300342514095,-6.28579648622481,2.81349305351597,-0.00103036478534825,0.344243032468323,-306.677434336085,-0.174466098041243,-6.24079941889715,2.81708707689451,0.0137335413708491,0.34478165529229,-200,0,0,0,0,0,0,1,-68.3538390172818,-1.02442194100242,-21.9965666914347,0,0,0
332,-303.978787016458,-0.0784721498366737,-5.94273338335715,2.74215312946864,-0.00205386544399709,0.341919639804775,-304.071329593205,-0.0571830025448362,-5.97709405462458,2.7576369524746,-0.0204759997137129,0.329691002690019,-200,0,0,0,0,0,0,1,-67.6210360610493,2.16196597646096,-21.0149121597528,0,0,0
333,-301.271787286197,-0.079444573709981,-5.60155428372536,2.67184693040609,0.000109018384045317,0.340474460273251,-301.209382333076,-0.0577575380215835,-5.59713265477572,2.6764628885294,0.00371795902531525,0.341895124560914,-200,0,0,0,0,0,0,1,-65.2275241867878,-0.256280826488358,-22.99524714654,0,0,0
334,-298.634322610187,-0.0794632653553701,-5.26306207516343,2.60308175596238,-0.000146400617500414,0.336545047066962,-298.708114866063,-0.0582462936750322,-5.19435772103763,2.6012083659631,0.00418343785730903,0.3470176836258,-200,0,0,0,0,0,0,1,-62.7046068641853,-0.301851198380839,-24.3130529205047,0,0,0
335,-296.064679134159,-0.0797601873441604,-4.92945739938023,2.53620354847299,-0.000447442400427903,0.330698411390082,-296.213121136715,-0.0323684334145395,-4.91999023246914,2.51499513916386,-0.0148819186636324,0.324203866310139,-200,0,0,0,0,0,0,1,-59.073271642955,1.55292873319232,-22.5804061660756,0,0,0
336,-293.559913693226,-0.0794307829745039,-4.60143276963884,2.47332591822134,0.00110625167920016,0.325382926556137,-293.571161117116,-0.015885604779125,-4.59889401769164,2.47331930903797,0.010338540640324,0.314230514104284,-200,0,0,0,0,0,0,1,-60.1896086695652,-1.00208285447415,-22.2252633750451,0,0,0
337,-291.118488310739,-0.0788251796373716,-4.27826257265316,2.40952385756873,0.00010495538819384,0.320989956718787,-291.034659591266,-0.140042586226939,-4.18920034172864,2.40188214218205,-0.000593792200117141,0.334626160189317,-200,0,0,0,0,0,0,1,-58.1188950356734,0.339464392465592,-25.0842153354744,0,0,0
338,-288.74041165225,-0.0785501284044734,-3.96109298719471,2.34662685220201,0.000445147976100323,0.313381207926599,-288.809349799559,-0.150866918571232,-3.95891399871186,2.32145602906292,-0.0138319889473032,0.300831228431932,-200,0,0,0,0,0,0,1,-54.5269033071744,1.68493273187278,-22.1652948457695,0,0,0
339,-286.423040116921,-0.0772621668622339,-3.65071701330374,2.28811438859026,0.00213077572317132,0.307400525375183,-286.423043966809,-0.1094235599085,-3.79150712971695,2.29848327221505,-0.00183119432092295,0.309815281953248,-200,0,0,0,0,0,0,1,-57.0022392878868,0.401966551909296,-23.3985139358909,0,0,0
340,-284.165563032374,-0.0749300457332055,-3.34636334878262,2.22683788384235,0.00253346688162378,0.301337906814264,-284.272853241025,-0.0379025290765187,-3.37967771860212,2.23609556403813,0.000923194464733966,0.293216701122663,-200,0,0,0,0,0,0,1,-55.0638499217629,-0.0165143883203591,-22.5623146750621,0,0,0
341,-281.968313354573,-0.0724044865439074,-3.04793796320788,2.16765967647084,0.00251765280332533,0.295542884531489,-282.065860261366,-0.00515111152891028,-3.14472267123667,2.16903693372951,0.0238261497509836,0.291528976205924,-200,0,0,0,0,0,0,1,-52.7719728502189,-2.37231275204054,-22.863452278119,0,0,0
342,-279.829232910171,-0.0710726603876607,-2.75577165217365,2.11049893518149,0.000146000503694378,0.288818723561389,-280.050784721038,-0.106443449421835,-2.75611048938368,2.08432606324153,-0.0061628312749152,0.284521490243627,-200,0,0,0,0,0,0,1,-48.3310368820759,0.82917002633519,-22.9399280455954,0,0,0
343,-277.745263853076,-0.070511781460127,-2.4710818685099,2.05743613698109,0.000975758112572255,0.280587769656812,-277.679213554112,-0.212083049135547,-2.30651559129095,2.05595395048363,-0.00619707744101941,0.282141921742538,-200,0,0,0,0,0,0,1,-50.2369679401382,1.04387384237304,-23.6011609916719,0,0,0
344,-275.715374647988,-0.0690137806517687,-2.19450462173579,2.00233932484398,0.00202024480844034,0.272594605682115,-275.579476015464,0.157083556468365,-2.03109383316762,2.00073566871572,0.00223728625710733,0.276678021142746,-200,0,0,0,0,0,0,1,-48.9146148406438,-0.537895738647464,-23.6056144479394,0,0,0
345,-273.739975975283,-0.0672621884506676,-1.92607948705022,1.94845489196342,0.00148294038617631,0.264282904781455,-274.01237639194,-0.0658139071362763,-2.0791508950516,1.95321226289456,0.0189130791572032,0.257373500791108,-200,0,0,0,0,0,0,1,-47.2964735055751,-1.75968010144777,-21.5790482890076,0,0,0
346,-271.817348208128,-0.0666587974190671,-1.66523587149505,1.89679820958259,-0.000276157195423599,0.257430434976745,-271.935648184104,-0.101086398159048,-1.68112873085351,1.89889889395418,-0.0111459753437153,0.249023498297341,-200,0,0,0,0,0,0,1,-46.0185930272099,1.31677033068962,-21.5400923680271,0,0,0
347,-269.94578251515,-0.0662762888163107,-1.41138190414584,1.84633058806724,0.0010411752187815,0.250302988375129,-269.812891133188,0.126221747495075,-1.36407217188891,1.87577820625306,0.00991823917095949,0.247542056971675,-200,0,0,0,0,0,0,1,-47.9520383589297,-1.2442674120861,-22.0260613533897,0,0,0
348,-268.12568068665,-0.0658569531002352,-1.16445073168222,1.79387065844465,-0.000202502877188795,0.243585775864961,-268.090086929265,-0.0367858780249786,-1.23800673486715,1.78786029960109,-0.000380526959387998,0.248141986917843,-200,0,0,0,0,0,0,1,-42.6058561015794,0.111624451988757,-22.33818522205,0,0,0
349,-266.355617141547,-0.066003394471516,-0.925284775180569,1.74625297401512,-9.03787289023254E-05,0.23477014756373,-266.332370418971,-0.0277154015408605,-0.967561953132911,1.73396897893274,0.00308605003562626,0.236143704762208,-200,0,0,0,0,0,0,1,-40.7321570553314,-0.253174200480905,-21.679246569955,0,0,0
350,-264.632189268774,-0.0662201217728275,-0.6949011767956,1.70059933077982,-0.000343077999117714,0.226020058429195,-264.470016475153,-0.0272792361506558,-0.770220076534549,1.69693225923681,-0.00476107975871206,0.214346133846993,-200,0,0,0,0,0,0,1,-40.7531929733748,0.530666448172517,-19.8941732316302,0,0,0
351,-262.95410555706,-0.0662976205789646,-0.47236530978263,1.65556551621254,0.000188079144797101,0.219074345777081,-262.962837403443,-0.0428301466110146,-0.651498537257988,1.65077873928322,-0.00109824750017919,0.220126073143749,-200,0,0,0,0,0,0,1,-39.1521991214366,0.195485043239948,-20.709610239859,0,0,0
352,-261.320470608501,-0.0660115688131623,-0.257382210886827,1.6117011946082,0.000384021802210479,0.210913914305186,-261.239760013648,-0.172657271317802,0.0532025053593552,1.61280230095147,0.00908808752463605,0.212219589838841,-200,0,0,0,0,0,0,1,-38.8007100678505,-0.563494209828001,-21.3283639946028,0,0,0
353,-259.730661096052,-0.06590907038985,-0.0508458733093012,1.56791434709243,-0.000179025852111197,0.202180750410882,-259.625455243363,-0.167301494062565,-0.00142249603582639,1.54686650220976,0.00432095274884146,0.214585789743112,-200,0,0,0,0,0,0,1,-35.4357397342502,-0.0974922867590157,-21.4557339822396,0,0,0
354,-258.183110742454,-0.0661366461143961,0.146338356933496,1.52718225748949,-0.000276127393888,0.192208174563524,-258.073750363998,-0.0837278342634736,0.149261456465873,1.54050145108888,0.00477375636718049,0.185092808630562,-200,0,0,0,0,0,0,1,-37.9026443808911,-0.309919968191101,-18.8078037759879,0,0,0
355,-256.676955647303,-0.0665675059999766,0.335299764761192,1.48512552005124,-0.000585593627306314,0.185735715177316,-256.731904485233,-0.215594364016307,0.298970118331839,1.46796439207682,-0.00893631787970307,0.175700586193195,-200,0,0,0,0,0,0,1,-33.3326302372161,1.32482051600292,-18.1679988559832,0,0,0
356,-255.210625499389,-0.066490496092361,0.517294627865046,1.44753186566034,0.000739611849654951,0.178272880022344,-255.347710361262,-0.111883024971114,0.549711909718464,1.4617948680385,0.0118220075174061,0.174186876775595,-200,0,0,0,0,0,0,1,-35.484066081326,-0.958434701798383,-18.5181114969964,0,0,0
357,-253.78296067409,-0.0662298923552904,0.692123961836448,1.40779515142189,-0.00021840593758065,0.171405668603216,-253.906496703198,-0.0804156639075801,0.737049473757301,1.39367490681588,0.00452871883435209,0.172925486918576,-200,0,0,0,0,0,0,1,-31.5544972751925,-0.292040555620049,-18.7666476393722,0,0,0
358,-252.393266125181,-0.0665941422994285,0.859292666903928,1.37159052690442,-0.000510095618257614,0.162949874254143,-252.567895978079,-0.0631649462629875,0.885670333808045,1.34881449299063,-0.00465432841794173,0.14512719840184,-200,0,0,0,0,0,0,1,-29.7456573429062,0.591762734320148,-16.2840605078001,0,0,0
359,-251.038481259453,-0.0668081844156488,1.0188694707647,1.3379766108002,8.20100316269522E-05,0.156220576637674,-251.020448462788,-0.0426180136158458,1.08619616199689,1.33279144594569,0.00114440382031043,0.160161907726081,-200,0,0,0,0,0,0,1,-31.2382476689924,-0.029204354799351,-18.1885830966018,0,0,0
360,-249.718368521753,-0.0667405999074163,1.17116723985537,1.30224572598196,5.31564072922151E-05,0.14839280328454,-249.643925359202,-0.126300465276814,1.15422364980917,1.31788696255225,-0.0109993245783507,0.147861882119669,-200,0,0,0,0,0,0,1,-32.5008455368217,1.3525333883887,-17.0946355115853,0,0,0
361,-248.434373561245,-0.0660109851906497,1.31643585468872,1.26574181945273,0.00140607050242351,0.142162618071341,-248.280458599733,0.0774018652203881,1.36180881742712,1.26257258032083,-0.00659675037803376,0.158927751886318,-200,0,0,0,0,0,0,1,-29.6963408326161,0.5048713073626,-18.616392823486,0,0,0
362,-247.185880532419,-0.0643523174228144,1.4542931177553,1.23124070322745,0.00191126377380277,0.133569097274269,-247.211381498054,-0.407728085517733,1.39030449009044,1.23289834427825,-0.00166825925952767,0.139966326461381,-200,0,0,0,0,0,0,1,-28.8670714317169,0.982282096988232,-16.7772416263189,0,0,0
363,-245.971166200879,-0.0619497498449423,1.58430141226484,1.19818513512223,0.00289387024028449,0.126463949064504,-246.114542635895,-0.03138306224102,1.74751904940243,1.20283229443701,0.0193031287387757,0.129048734146409,-200,0,0,0,0,0,0,1,-28.0541441719118,-1.86754674939553,-16.3999115134457,0,0,0
364,-244.789068219739,-0.0599894949675661,1.70727354577463,1.16600805658274,0.00102663790957642,0.119496323196217,-244.718167255215,0.0232212466682409,1.50463437511887,1.15798009081708,-0.0193868562433692,0.111583729844034,-200,0,0,0,0,0,0,1,-26.3616745712783,1.89224313100044,-14.1676417346412,0,0,0
365,-243.637947296225,-0.0580165809528301,1.82403449121837,1.13623173877248,0.00291918722753256,0.114040384968247,-243.851210307022,-0.0847888034012835,1.81721460212636,1.13104510256583,-0.0130662665837492,0.118953164712763,-200,0,0,0,0,0,0,1,-25.4020896425398,1.47620426517748,-15.529745675529,0,0,0
366,-242.516426208569,-0.0543591509187384,1.934571119509,1.10680763304681,0.00439567030988637,0.107047494542731,-242.646822951709,0.164676526971415,1.98009499044923,1.10623691821155,0.017594730121134,0.090985573092182,-200,0,0,0,0,0,0,1,-25.3300459177363,-2.08882606605623,-13.0587472901167,0,0,0
367,-241.423830424612,-0.0510077431686975,2.03928590362153,1.07838225148073,0.00230714324383142,0.102396191318676,-241.392425999109,-0.146369653942625,2.09480724196248,1.07452124955228,0.0100285927061556,0.0954442967525838,-200,0,0,0,0,0,0,1,-24.6672729570098,-0.710119962730314,-13.7340441591833,0,0,0
368,-240.359488957449,-0.0490555182692262,2.13895260522423,1.05029860500057,0.00159730566296515,0.0969511420710201,-240.284253927076,-0.194444722098196,2.33358948417262,1.04211773464754,0.0100116828016932,0.0994919694415324,-200,0,0,0,0,0,0,1,-23.6432656106021,-0.612278835972929,-14.6163759124985,0,0,0
369,-239.322934912724,-0.0477642216717607,2.23261162634096,1.02280685539361,0.000985284938942809,0.0903805216861862,-239.354448553896,0.0759774589914446,2.17015463335495,1.01444494926678,0.00137713420011049,0.0995717637960898,-200,0,0,0,0,0,0,1,-22.7355978188849,-0.289668337993938,-14.2974856463189,0,0,0
370,-238.313400284071,-0.0469236470291308,2.31971264199218,0.996259776679161,0.00069586271063297,0.0838346532653505,-238.274455605076,-0.193788148420609,2.3454732905484,0.990840600203895,-0.0042014343685224,0.0849980112623264,-200,0,0,0,0,0,0,1,-22.5351488102369,0.807719733693457,-13.1907477073294,0,0,0
371,-237.330113933374,-0.0458237970135488,2.40077861084152,0.970310781995857,0.00150383485705601,0.0783101159591031,-237.430438420177,-0.107743339062747,2.42015779757214,0.978606812646543,-0.000415248504355958,0.0652635026551133,-200,0,0,0,0,0,0,1,-22.9998044243001,0.25701152856109,-11.3666658606556,0,0,0
372,-236.372643196148,-0.0441913174409745,2.47728926145135,0.944629471565968,0.00176112211578132,0.0747238670551088,-236.151998715875,0.0304775654197947,2.44181524163501,0.945768261344939,0.00610163553587661,0.0776776423756318,-200,0,0,0,0,0,0,1,-22.2728287027435,-0.67111868442725,-12.6513947208332,0,0,0
373,-235.440772387539,-0.0427656277926634,2.54951854460494,0.919110247317738,0.00109025623970912,0.069747284449467,-235.218491968702,0.0467057741626255,2.49931479123192,0.927924032133758,0.00147454113336082,0.0666519438363003,-200,0,0,0,0,0,0,1,-22.3554192759717,-0.240865661661333,-11.6638239660939,0,0,0
374,-234.534272019474,-0.0417956719595904,2.61727980484636,0.893889070961561,0.000849653267340173,0.0657876566084931,-234.694485168175,0.006885191277689,2.82336940988451,0.882298077146429,-0.0166447133268704,0.0658281984515048,-200,0,0,0,0,0,0,1,-18.8408373782922,1.65070095013167,-12.2295586649195,0,0,0
375,-233.651489956185,-0.0401205669627328,2.68017171330736,0.871672754746924,0.00250055486945559,0.0600071174702387,-233.697575207743,-0.0779022532927459,2.72586405732679,0.857437542095938,0.00799060699137207,0.0474731494606569,-200,0,0,0,0,0,0,1,-18.3486037941071,-0.643256192551715,-10.1990430607193,0,0,0
376,-232.790307088813,-0.0379415339623192,2.73815377380665,0.85069150711096,0.00185750887239094,0.0559673516468141,-232.919186395172,-0.013941533301952,2.63786320029211,0.85660363295983,0.0080846503700335,0.0437753770248526,-200,0,0,0,0,0,0,1,-19.8219905056383,-0.780581970399446,-9.65326410306949,0,0,0
377,-231.950680364498,-0.0364741955920937,2.79266722647029,0.828561008890919,0.0010771657677757,0.0530704367855668,-231.929344218415,0.0528994987394867,2.79227713218721,0.83624520519858,-0.0128803721270134,0.0459437765584215,-200,0,0,0,0,0,0,1,-19.765832083028,1.18223821522236,-10.1789319202166,0,0,0
378,-231.133264484291,-0.0348057932293765,2.84406369284934,0.806269598532755,0.00225963739772956,0.0497334371098632,-231.025805985178,0.00570822298785125,2.95020191344299,0.814450634614995,-0.015758540720702,0.0600106468994397,-200,0,0,0,0,0,0,1,-19.3934514911435,1.5644376260945,-11.90146851683,0,0,0
379,-230.338311879406,-0.031763829920972,2.89129105005996,0.783633654726759,0.00382428749214303,0.0447323637420639,-230.434959823046,-0.0178931572530663,2.87818211521147,0.789943365203467,-0.010985298546944,0.0398068355980745,-200,0,0,0,0,0,0,1,-18.1244168742542,1.13431616920053,-9.73704779023038,0,0,0
380,-229.564990603752,-0.0273722777781181,2.93429404855541,0.76300767532838,0.00495881420174112,0.0412837423387408,-229.567125218016,-0.150527749911098,2.956890537475,0.773028247157468,0.00489371656632757,0.0164571501142724,-200,0,0,0,0,0,0,1,-18.1685742797143,-0.188316156810562,-7.55949608637724,0,0,0
381,-228.811888114162,-0.0225075057038371,2.97488727318725,0.743197065104614,0.00477072812064617,0.0399124108980302,-228.916431660665,0.138854129921216,3.09563264155547,0.730962755147155,0.000408272840608134,0.0423280393151881,-200,0,0,0,0,0,0,1,-15.2634121933852,-0.318535543903245,-10.4240692146298,0,0,0
382,-228.0778320524,-0.017895965125133,3.01224713628019,0.724913035059892,0.00445235066459061,0.0348162712964893,-228.012403347465,0.120617176100576,2.85364764786737,0.710041758859553,0.00695234185480454,0.0206864451795243,-200,0,0,0,0,0,0,1,-14.9793691910261,-0.936468537681607,-7.77593981368716,0,0,0
383,-227.361409160774,-0.0139117595530686,3.04569608216579,0.707931849999544,0.0035160584774005,0.0320899440177256,-227.397573938655,0.0537533609903758,3.05561248817494,0.70995238119292,-0.00387479098058314,0.027220643803134,-200,0,0,0,0,0,0,1,-16.2000902419829,0.279972376077562,-8.83328935666328,0,0,0
384,-226.662740643675,-0.0102556200933112,3.07620208486844,0.689404073114358,0.00379621792419474,0.028931106222745,-226.498677434881,-0.0578633152640505,3.10322685534791,0.685027822868977,0.0210258136527601,0.0280714534267621,-200,0,0,0,0,0,0,1,-15.5054274171365,-1.98685473474791,-9.01359905337202,0,0,0
385,-225.982320842308,-0.00745274120671713,3.10335499517238,0.671434227223112,0.00180953740706083,0.0253834793715663,-225.934109015648,0.208400922322581,3.03425803639837,0.661792602171939,0.027504503766292,0.0231679260778077,-200,0,0,0,0,0,0,1,-14.3110421858978,-3.16725222127436,-8.3853086805775,0,0,0
386,-225.319201780553,-0.00722674884987471,3.12703536363052,0.654802657922746,-0.00135755458940999,0.0219853702747205,-225.4600862075,0.159496240493893,3.13278022330987,0.648964503346184,-0.0073168142941757,0.0103126377896047,-200,0,0,0,0,0,0,1,-13.9762779196181,0.412688948429784,-7.29682422558021,0,0,0
387,-224.672346296569,-0.00837787590410704,3.1477732932746,0.638907499738574,-0.000944701456016811,0.0194982394562782,-224.891367231048,-0.00499289212110384,3.17196275763359,0.636985718920724,0.00241577930252752,0.00905086843322592,-200,0,0,0,0,0,0,1,-13.9158374299764,-0.231592146010545,-7.24901235858978,0,0,0
388,-224.041351118704,-0.00943829052607656,3.16605707953964,0.623082071326528,-0.00117612998647301,0.0170770374986284,-224.097479480807,0.0474454349843054,3.20116604059468,0.626036920756749,-0.011013189433222,0.021575406669508,-200,0,0,0,0,0,0,1,-14.4087331140618,1.00642807335359,-8.55987274814015,0,0,0
389,-223.426673373178,-0.0101111253109205,3.18144220543134,0.606272176423817,-0.00016954160853486,0.0137013718597682,-223.371506362999,0.0440310105548718,3.14052334515025,0.625409082368657,-0.00828256153058118,0.00768136282627061,-200,0,0,0,0,0,0,1,-15.7978955108676,0.740194131948374,-7.04918297292756,0,0,0
390,-222.829139655948,-0.00991047088782932,3.1944476388872,0.58879495299765,0.000570848465464123,0.0123179556788218,-222.839917079413,0.026461804540503,3.37760097713813,0.587379644908166,0.00925284633436559,0.00567615072031499,-200,0,0,0,0,0,0,1,-13.0581303319903,-0.978208242517565,-7.32281702630776,0,0,0
391,-222.247886753277,-0.00982865072507368,3.20541555866331,0.573709920269327,-0.00040721073811349,0.00962519695332709,-222.34481211684,-0.27212902319301,3.14032800077298,0.584016361907048,-0.000405382140176137,0.00543052261718151,-200,0,0,0,0,0,0,1,-13.7120119570244,0.584796260403635,-6.82370826326411,0,0,0
392,-221.681919307661,-0.0099433803800682,3.21407334777527,0.558224395056871,0.000177749505088835,0.00769787182038942,-221.573710854294,-0.0751634621968793,3.08082619783405,0.570773294552142,-0.0140037863300614,0.0140457867113018,-200,0,0,0,0,0,0,1,-13.9299077466253,1.5507055573999,-7.56623106679829,0,0,0
393,-221.131689535181,-0.00899019616285065,3.22053133308654,0.542234311782473,0.00172861616667165,0.00522581479036272,-221.06192137325,-0.0387671582395738,3.13350146007205,0.54511342796969,0.00835460226193699,0.0111985501519711,-200,0,0,0,0,0,0,1,-12.3875000504684,-0.757925909714552,-7.38685793534121,0,0,0
394,-220.596711499203,-0.00764047311697069,3.22430824138011,0.527720718382122,0.000970827834716034,0.00233500983904719,-220.511992559142,-0.144521105720416,2.98246301893002,0.508781083161411,0.00907943992446405,0.0194809134841544,-200,0,0,0,0,0,0,1,-9.85412319785739,-0.618901781005572,-7.91301738627548,0,0,0
395,-220.075201163853,-0.00697904953049644,3.22445820762601,0.515298210234654,0.000352017892230797,-0.00202906793605492,-220.001021907149,0.0903626996066349,3.24686907029781,0.495201889786477,-0.000454437764228153,0.0331895465338699,-200,0,0,0,0,0,0,1,-9.51814516435058,-0.135281622790454,-9.81269279398262,0,0,0
396,-219.5663537391,-0.00669463656381067,3.21932664937699,0.502394030736297,0.000216806230658468,-0.00822782437396496,-219.65656436213,-0.208034410389576,3.25933703862523,0.496931062921519,-0.00940029287666469,-7.96604991220255E-05,-200,0,0,0,0,0,0,1,-10.3799775678916,1.35609810844562,-6.51070802733825,0,0,0
397,-219.070134695521,-0.0057997245173761,3.20969756206571,0.490043048293588,0.00157301684748973,-0.0110243981844239,-219.074372793536,0.130274001767156,3.17568837256378,0.476422657751258,0.00667463092905614,-0.0180459573371884,-200,0,0,0,0,0,0,1,-9.49352018805454,-0.928011096439927,-4.54678101140873,0,0,0
398,-218.585462242601,-0.00469065430510321,3.19800305056842,0.479301533434234,0.000645120810584063,-0.0123594429732667,-218.650758981003,0.231222727034456,3.1079764880517,0.480794492435833,0.00156512826291526,-0.0281970228000332,-200,0,0,0,0,0,0,1,-10.7779312815764,-0.618958280360437,-3.39625069610008,0,0,0
399,-218.111880804429,-0.004354938551565,3.18577764004976,0.467861770558254,2.63084212459237E-05,-0.0120858746223249,-217.986706487248,0.102564902793139,3.16245447322065,0.468737140887635,-0.00666572958649209,-0.0184474737729776,-200,0,0,0,0,0,0,1,-10.9003011142681,0.461443153062931,-4.48016156914353,0,0,0
400,-217.65001709734,-0.00409783823459019,3.17337381829786,0.455865639690362,0.000487890085799825,-0.012716014195965,-217.503965483708,-0.124983838191997,3.10583486815535,0.470125885644233,-0.0160915075235621,-0.0317472339848701,-200,0,0,0,0,0,0,1,-12.0046575970071,1.85911842874021,-3.0369463378237,0,0,0
401,-217.20035410935,-0.00268030337777126,3.16124241690965,0.443461175117271,0.00234717745217297,-0.0115408489803477,-217.150258098767,0.0685760230747136,3.19339410278391,0.440033387706509,-0.00738443514639406,-0.0161270473604817,-200,0,0,0,0,0,0,1,-9.70282257311756,0.601291468489979,-4.77408346951965,0,0,0
402,-216.762405200882,-3.24209948819919E-05,3.14903678361836,0.43243630176124,0.00294858542241615,-0.0128651352668312,-216.697223527993,0.0096806786119522,3.11832762192453,0.430757831976277,0.00452533426508645,-0.00951970549191291,-200,0,0,0,0,0,0,1,-9.68133614164155,-0.471894783732549,-5.28468469465777,0,0,0
403,-216.335578363247,0.00268027377728148,3.13528598185001,0.42121682354246,0.00247680238213464,-0.0146311005088574,-216.28743890279,-0.0304386751461441,3.07436144599716,0.419077242477113,-0.00633029328177578,-0.0211929982736805,-200,0,0,0,0,0,0,1,-9.33284644213207,0.693906678469866,-4.02942306462628,0,0,0
404,-215.919553189863,0.0055040889769573,3.12028363489313,0.410833451667918,0.00317082598480023,-0.0153686251989276,-215.803385781204,0.0164517288638274,3.06465957041971,0.398142627155785,0.0116815751296371,-0.00726369264774578,-200,0,0,0,0,0,0,1,-8.20749115317154,-1.20106097069137,-5.40294987606484,0,0,0
405,-215.513686286462,0.00807442900484056,3.10369990969842,0.400899489494425,0.00196985176890364,-0.0177940779226473,-215.387900584304,0.146005754759075,2.92987017136104,0.398520426813558,0.0151332656594333,-0.0204439748131037,-200,0,0,0,0,0,0,1,-9.07624151274827,-1.80533807546148,-3.81534286141171,0,0,0
406,-215.117819201945,0.00914166978245052,3.08560764231454,0.390834667740394,0.000164628296521222,-0.018385655222143,-215.199776434865,0.0789251018515278,3.06077298727551,0.384378686328531,-0.0147299610923998,-0.00522834565259605,-200,0,0,0,0,0,0,1,-8.03831576312313,1.31514590553693,-5.59871140929142,0,0,0
407,-214.73191867456,0.0099639131317597,3.06591115720378,0.380965423863328,0.00147985651766558,-0.0210026132924364,-214.661151977644,-0.0562029757761457,3.1853925155607,0.379111900567759,0.00167627732441802,-0.029175445941759,-200,0,0,0,0,0,0,1,-8.58888610148854,-0.0552217808895106,-3.45324043694551,0,0,0
408,-214.355690481787,0.0114162146572245,3.04470114850156,0.37149102552411,0.00142474454464613,-0.0214128958373107,-214.248993799304,0.00893495187399129,3.17253754005931,0.373131421291608,-0.000981391765720366,-0.0342597731984963,-200,0,0,0,0,0,0,1,-8.81515453055194,0.080269272824054,-2.919097760269,0,0,0
409,-213.98892697289,0.0128811540103509,3.02338426911629,0.362036335598075,0.00150513192219475,-0.0212163700633036,-213.889726824101,-0.023344846272503,3.01436412061899,0.362416469548763,-0.000811481506960716,-0.0270793579747842,-200,0,0,0,0,0,0,1,-8.46219330667368,0.127837843241078,-3.32079244375955,0,0,0
410,-213.631541585643,0.0144502599504128,3.00202091663298,0.352734549930307,0.00163307865626457,-0.0215059199274012,-213.855620088159,0.105323302561419,3.10757600695962,0.340976014908277,-0.00272032045956628,-0.0045024341703289,-200,0,0,0,0,0,0,1,-6.38636131450888,0.0613854408337898,-5.76490859688635,0,0,0
411,-213.283032001724,0.0161140590874188,2.9788354481501,0.344283301280455,0.00169451811353989,-0.0248610035566007,-213.373415114361,-0.036247520684898,3.14384884712258,0.339311325049225,0.00202515280002575,-0.0459109319827628,-200,0,0,0,0,0,0,1,-7.18430227619958,-0.130020238632779,-1.69660449596887,0,0,0
412,-212.942479550725,0.0177436187735807,2.95431911511869,0.336822162500462,0.00156460002515705,-0.0241681196515034,-212.840480081116,0.0424197625507862,3.01672012175162,0.315844716604254,-0.00543443585125071,-0.0238547875148949,-200,0,0,0,0,0,0,1,-5.9035114981933,0.458604060023498,-3.64796149201375,0,0,0
413,-212.609219567598,0.0195375542721173,2.92935122755224,0.329697299833951,0.0020232685471396,-0.0257642716008173,-212.676312626747,0.00153829375692534,2.91722638575768,0.334864233568373,0.00482285425075997,-0.0265934017764691,-200,0,0,0,0,0,0,1,-8.13379810334381,-0.485362012589847,-3.17511259386846,0,0,0
414,-212.283995444607,0.0213181951230257,2.90348458208499,0.320751086797216,0.0015380113445447,-0.0259647973709233,-212.336058609805,-0.108813843838498,2.87612104048404,0.31351247185013,0.00780623463065077,-0.0463433805232766,-200,0,0,0,0,0,0,1,-6.67912996540295,-0.56299577538808,-1.11790402864043,0,0,0
415,-211.966621490043,0.0225747592045386,2.87805187697775,0.313997547320145,0.000975114507440968,-0.0248974137679591,-212.016729736646,0.0919497417975169,2.7294044730547,0.302365290863072,0.008407098785638,-0.0261747253710203,-200,0,0,0,0,0,0,1,-6.20306961301442,-1.02460936215883,-2.84133640900738,0,0,0
416,-211.656150625753,0.0230376071700189,2.85281513322724,0.306944092631918,-4.94185491636218E-05,-0.0255727402474901,-211.801187455388,-0.0645873460015652,2.99952658542099,0.284240567741705,0.00780146530909653,-0.0357478514672169,-200,0,0,0,0,0,0,1,-4.82168186339399,-0.650971838906522,-2.4242680241203,0,0,0
417,-211.352019854161,0.0226627326610556,2.82680684670149,0.301317272450465,-0.000700332944635166,-0.0264411647591843,-211.386596519792,0.0538320201032152,2.72017417971015,0.301845491726014,-0.00759298438541413,-0.029484523855576,-200,0,0,0,0,0,0,1,-7.4113561330182,0.651634398334982,-2.49189597386271,0,0,0
418,-211.054701359337,0.0222882666956109,2.80046129746937,0.293320026117074,-4.85995779367514E-05,-0.0262461740635998,-210.906385409687,0.107858218566586,2.68644836425782,0.299175520940806,0.000994124220013141,-0.0164213307546458,-200,0,0,0,0,0,0,1,-8.10478127470729,-0.315128859134487,-3.73076365305106,0,0,0
419,-210.765957881267,0.0220821539454552,2.7739108931096,0.284166868207916,-0.000363628899020647,-0.0268503500740587,-210.910605982605,-0.0822067411717435,2.80866945057771,0.283994936191773,-0.00810547361563516,-0.0264376219854244,-200,0,0,0,0,0,0,1,-6.57828165396778,0.974960843907003,-2.97357670261299,0,0,0
420,-210.485515877041,0.0222060469649776,2.74678341090361,0.276717097771472,0.000611413204447061,-0.027401122357099,-210.609192588069,-0.00428639291016427,2.64394867749129,0.289383903379619,0.00611226623817734,-0.0170097237996899,-200,0,0,0,0,0,0,1,-7.72000516182465,-0.602653837997405,-3.5869249750136,0,0,0
421,-210.213171047493,0.022516181750685,2.71908435073844,0.267972495928227,8.85388894460296E-06,-0.027992913623978,-210.162752852806,0.074303253339475,2.90953356697673,0.269709099074243,0.00740541292073016,-0.0323822276611449,-200,0,0,0,0,0,0,1,-6.64540420181311,-0.889147798751966,-2.58084436783896,0,0,0
422,-209.948869378191,0.0220805052383838,2.69102810806022,0.260630992427679,-0.000880208161462691,-0.0281161393965869,-210.008110367171,-0.0024780087490911,2.65923462884595,0.265024096482975,0.000814837650091101,-0.027446572963139,-200,0,0,0,0,0,0,1,-6.48618891395542,-0.0765277475109279,-2.573811961378,0,0,0
423,-209.691835446511,0.0211620768699655,2.66282772281937,0.253436998890665,-0.000956652690306025,-0.0282812741564416,-209.635724893716,-0.0578315663896385,2.65108164575432,0.229932539954325,0.00160222455002963,-0.0174724053396561,-200,0,0,0,0,0,0,1,-3.72180420799968,-0.0445593222236861,-3.55492275754302,0,0,0
424,-209.440961233913,0.0201831605460941,2.63343201015611,0.248310601279456,-0.00100118221675467,-0.0305077502713447,-209.406034815329,-0.0471870013126442,2.6953528655638,0.253302654394299,0.00401000340219369,-0.0368545102542377,-200,0,0,0,0,0,0,1,-6.51819580877265,-0.306626337594081,-1.70525470570383,0,0,0
425,-209.196075017813,0.01902871178752,2.60325653820694,0.24146233460417,-0.00130771730720138,-0.0298400064434039,-209.11651827025,0.0185992880919408,2.48684303005042,0.248951725520403,-0.0248535942547699,-0.0457338184812176,-200,0,0,0,0,0,0,1,-6.66213601154112,2.44816084929311,-0.400304211979083,0,0,0
426,-208.957817006192,0.0189451283899174,2.57437733770432,0.235054765712277,0.00114054840112025,-0.0279154132310126,-208.76592454895,-0.000949454024616127,2.55403754273075,0.242963650232647,0.00558490566150445,-0.0515881787063405,-200,0,0,0,0,0,0,1,-6.76451592536558,-0.556591658101213,0.0507427851725533,0,0,0
427,-208.725911314671,0.0198074373286664,2.54765702324779,0.228757905809531,0.000584067165888516,-0.0255222897644595,-208.619042180623,0.215841471715929,2.36608204120458,0.226226991179213,-0.00162882879428713,-0.0149029460085085,-200,0,0,0,0,0,0,1,-5.38461475667438,-0.268800064003146,-3.24186948155832,0,0,0
428,-208.500395401236,0.0202571354965248,2.52155619514923,0.22227357882351,0.000315326640177985,-0.0266763571969179,-208.311964031116,-0.00885222971309262,2.55159226885417,0.222627383754192,0.0181201265768587,-0.0159426519987444,-200,0,0,0,0,0,0,1,-5.63881031318748,-1.79430819825968,-3.5089193378339,0,0,0
429,-208.281537509636,0.019675339714139,2.49424573453142,0.215441808589275,-0.00147892019606055,-0.027941402772473,-208.046690198193,-0.0104988967877911,2.26758595320973,0.217488612997747,-0.00209076359078291,-0.0329128162406382,-200,0,0,0,0,0,0,1,-5.65548090338811,0.230074152653874,-1.24389028235563,0,0,0
430,-208.069024475406,0.0183114971543979,2.46670166928019,0.209584803716135,-0.00124876484018342,-0.0271440169100403,-208.016091023158,0.191576611057479,2.38308741544101,0.206409692175118,0.00523510072121598,-0.0340441670131282,-200,0,0,0,0,0,0,1,-4.60878717119536,-0.906663294236556,-1.3617581295692,0,0,0
431,-207.861922292232,0.0166094338556968,2.4396807151971,0.204619854592128,-0.002155364968791,-0.0268955922081683,-207.858244540862,-0.181098272329505,2.45486601277594,0.197359749050006,-0.0132689566146077,-0.0101478135199092,-200,0,0,0,0,0,0,1,-4.01948582327602,1.68909220611978,-3.89495067356096,0,0,0
432,-207.660075812997,0.0152986316240817,2.4116477695428,0.19907224173286,-0.000466241066145943,-0.0291677374442938,-208.017455014953,0.00482050230040002,2.41664933583674,0.201282141394814,0.00531249705838722,-0.0226821310985485,-200,0,0,0,0,0,0,1,-4.0933041095761,-0.540890710439522,-2.56508556181862,0,0,0
433,-207.463520080514,0.0145619683028155,2.38196371031252,0.194038927364814,-0.00100708739139751,-0.0301980597151944,-207.473126612293,0.0643938896987992,2.44692055472765,0.183008770158125,-0.00475489228152827,-0.0228874279337889,-200,0,0,0,0,0,0,1,-3.35462379122683,0.346701448755229,-2.60509831607642,0,0,0
434,-207.271675864186,0.013728248570186,2.35107549618138,0.189649048761392,-0.000660353905559424,-0.0315763455173146,-207.103426571062,0.138535458260647,2.39021542448816,0.18258772778382,-0.000694326221768544,-0.0332373371373347,-200,0,0,0,0,0,0,1,-4.05191963625759,-0.207638294344439,-1.45669713524285,0,0,0
435,-207.084282074184,0.0129641028060086,2.31948422245433,0.185138689150995,-0.000867938909556687,-0.0316041256312762,-207.104411713804,-0.00620645899359711,2.23856284021145,0.193051660119922,-0.0124051720159217,-0.0365109946283602,-200,0,0,0,0,0,0,1,-5.09634258438352,1.25293011957937,-0.826026217586884,0,0,0
436,-206.901726927033,0.0127226680634715,2.28838525162894,0.179972234559249,0.000385066933163587,-0.0305914445979245,-206.970469350691,-0.0816847654419621,2.2933827773256,0.181314445151005,0.0181474275342616,-0.0429866947984449,-200,0,0,0,0,0,0,1,-4.19050581371825,-1.65137322254224,-0.288096074806707,0,0,0
437,-206.723811151974,0.0122820823522816,2.25834639205533,0.175859985079566,-0.00126624064507772,-0.0294843859715773,-206.711035316053,-0.0615618126576767,2.2166937059233,0.172042480761475,0.00574984187284168,-0.0407893420671128,-200,0,0,0,0,0,0,1,-3.7821774440421,-0.451860561968815,-0.35445320513531,0,0,0
438,-206.549837434358,0.0107899415921275,2.22929984211298,0.172088012177746,-0.00171804277693313,-0.0286069828318023,-206.455171675048,0.142946765707372,2.05836268144977,0.166974328430018,0.010429559971201,-0.0295215946317544,-200,0,0,0,0,0,0,1,-3.7870894929049,-1.32884952853485,-1.1645658997241,0,0,0
439,-206.379816448329,0.00840750091273758,2.20077424075099,0.167954195449951,-0.00304684079678859,-0.0284423291173292,-206.297742986094,0.0115675889170781,2.15801621087654,0.171910953674326,-0.0162424028842138,-0.0212919791968771,-200,0,0,0,0,0,0,1,-4.59560939524533,1.60110511058723,-2.18683450206537,0,0,0
440,-206.214518283083,0.00616124169273108,2.17214161589498,0.162642122924093,-0.00144567986666453,-0.0288204969585859,-206.138602320205,0.254293003258373,1.96458270174064,0.167074398321743,-0.00687629031249948,-0.0282317167794432,-200,0,0,0,0,0,0,1,-4.43023519176516,0.179043024733202,-1.10599372553696,0,0,0
441,-206.054216913997,0.00480511721860821,2.14358471568826,0.157961009907388,-0.00126657437073619,-0.0282911672608746,-206.182770114127,-0.0230966296776297,2.15957771875261,0.146057357922295,0.00680238809883567,-0.00747295464283348,-200,0,0,0,0,0,0,1,-2.24019556397459,-0.634045550528307,-3.57185997322187,0,0,0
442,-205.898167763939,0.00322152469888182,2.11397099295808,0.154136247335831,-0.00190061436286524,-0.0309345346498191,-205.891162604509,-0.0221066097412916,2.22560757939344,0.161313398380945,0.00520222249113973,-0.0101705987689993,-200,0,0,0,0,0,0,1,-4.34901462907648,-0.47600902963139,-3.43415528188695,0,0,0
443,-205.746858215966,0.00108292894959323,2.08225326899286,0.148482292511228,-0.00237658235864423,-0.0324983463123426,-205.818538551171,-0.158148923028674,2.11689040019934,0.129477874907248,0.00837999919981707,-0.0288838912518185,-200,0,0,0,0,0,0,1,-1.31071038838246,-0.521702073924358,-1.34539167521683,0,0,0
444,-205.599377946158,-0.00155449665288028,2.04923050732403,0.146477922532078,-0.00289827474955169,-0.0335462651991027,-205.594754493363,-0.0609540189541836,1.96743272919747,0.140106904641921,0.0024892299814478,-0.0216961215697821,-200,0,0,0,0,0,0,1,-2.82118147746523,-0.127014960236413,-1.76525330141672,0,0,0
445,-205.454671962331,-0.00451626082856554,2.01531478657195,0.142933862414754,-0.00302525909241159,-0.0342835688889123,-205.44637876074,0.0357633627790803,2.08660126805383,0.125308332849094,-0.00869604495149198,-0.0567983094487019,-200,0,0,0,0,0,0,1,-1.63807576342974,0.798077769591038,1.50662840876253,0,0,0
446,-205.3122453071,-0.00714245861993769,1.98186044024558,0.141920345495782,-0.00222714167210392,-0.0326246597287863,-205.422606345434,0.14532291785439,2.08527339336395,0.154262764278752,0.0037851968398331,-0.0204570608428154,-200,0,0,0,0,0,0,1,-4.58106373700811,-0.669165519692091,-2.12484070244635,0,0,0
447,-205.172962184632,-0.00970415177652259,1.94911047637146,0.136645934086595,-0.00289625106778295,-0.0328728861733951,-205.000686386898,-0.147578270327564,1.86093841637558,0.139776019160418,0.00758016578663031,-0.0244800360675968,-200,0,0,0,0,0,0,1,-3.97622914224493,-0.462860038007903,-1.27387322599147,0,0,0
448,-205.038491225059,-0.0128318030155096,1.91636215851885,0.132296243211967,-0.00335905746122402,-0.0326217869118556,-204.940968773769,-0.0668844447726402,1.767341521988,0.130584823371387,-0.00956047565523108,-0.0486859369000183,-200,0,0,0,0,0,0,1,-3.17654478959977,1.08981645506839,1.33391064602582,0,0,0
449,-204.907422015656,-0.0156459179666009,1.88485208693953,0.129843318972154,-0.00226917783391253,-0.0303972489514019,-204.885155342012,-0.000303968863639269,1.98115841687199,0.12301682949375,-0.00402167398176532,-0.0245610377582321,-200,0,0,0,0,0,0,1,-2.53137226535194,0.40277533590381,-1.50621305792077,0,0,0
450,-204.77915932278,-0.0177136910469417,1.85415807803594,0.126681940284005,-0.00186637435597012,-0.0309893442730345,-204.804325930174,-0.0377438158759928,1.88278364865002,0.117617299119938,-0.00222239560650952,-0.0389692367062115,-200,0,0,0,0,0,0,1,-2.15307805164615,0.297727192402937,0.131356373321114,0,0,0
451,-204.653517671336,-0.0194311804502638,1.82351953024893,0.124601817694502,-0.00156861102197976,-0.030286816922591,-204.624832327562,-0.0294014646761821,1.77209224101312,0.132995131097499,-0.0104173679518005,-0.0239191803258212,-200,0,0,0,0,0,0,1,-4.04984845462613,1.10053972453241,-1.15226644944412,0,0,0
452,-204.531091395961,-0.0204494908042964,1.79344684818122,0.120251063898886,-0.000468015406207376,-0.0298565932928591,-204.483049118919,-0.12528590455406,1.74602390664148,0.119794071516562,0.000340638667499724,-0.0442335514194959,-200,0,0,0,0,0,0,1,-3.01330891381906,0.216507942358147,0.931307328666631,0,0,0
453,-204.412078405074,-0.0208092207744143,1.76450085334125,0.117775870445067,-0.000251450422283265,-0.0280342863098022,-204.494274882783,-0.0698200391935673,1.86165761947912,0.102800913565938,-0.0198873973066678,-0.029226026540124,-200,0,0,0,0,0,0,1,-1.29154159102741,2.12837980905392,-0.800712584945829,0,0,0
454,-204.295167814191,-0.0199964712671449,1.73621675911252,0.116045222406557,0.00187694347011094,-0.0285331261369348,-204.382307869728,0.0355231169040975,1.65092269981152,0.109880134868981,0.00136208282366063,-0.0266234507409641,-200,0,0,0,0,0,0,1,-2.22339774744115,-0.207254516174258,-0.639500325526624,0,0,0
455,-204.180365478808,-0.0182231364253323,1.70772114396656,0.113559615229294,0.00166971958087655,-0.0284569904355657,-204.228128094488,0.0401429405118456,1.56105942600884,0.12863809428733,-0.0023305923523442,-0.0165261287003157,-200,0,0,0,0,0,0,1,-4.40755323975775,0.152773354210728,-1.46950598198612,0,0,0
456,-204.069209032194,-0.0164769977461768,1.67943705558762,0.108753565098153,0.00182255190061086,-0.0281090380590895,-203.939230671594,-0.041207524149005,1.62707683702422,0.111247188867184,0.00580617107032873,-0.0336726565501161,-200,0,0,0,0,0,0,1,-3.2462575435301,-0.498202058734863,0.113111980963176,0,0,0
457,-203.961978496586,-0.0149035173452992,1.65194346992288,0.105708186604862,0.00132440360323725,-0.0268767747824354,-204.070284486568,0.0694300487787128,1.6669893129526,0.092231202902558,0.011022982825606,-0.0239916553987472,-200,0,0,0,0,0,0,1,-1.08255131711901,-1.24115838011803,-0.934813086030484,0,0,0
458,-203.857071947614,-0.0141996855571643,1.62472317381938,0.104104734351848,8.32547454562509E-05,-0.0275631035710454,-203.807758497797,-0.0448405502668136,1.78315900222411,0.118850432454914,-0.00760329139036851,-0.0164409351271969,-200,0,0,0,0,0,0,1,-4.26952624989742,0.850010239570478,-1.92222449172852,0,0,0
459,-203.755411035667,-0.0136913965021292,1.5971151427085,0.0992171782641405,0.000933317789606334,-0.0276507845109422,-203.723412898178,-0.0435694516232943,1.4787318990185,0.0823360017021972,-0.0068187310067822,-0.0108252828913404,-200,0,0,0,0,0,0,1,-0.786774373864288,0.769012003924809,-1.87493550890296,0,0,0
460,-203.657081906697,-0.0123735719060081,1.56864278927633,0.0974404740206593,0.0017023263827865,-0.029293136177389,-203.590620054607,-0.171166833785246,1.50177275744668,0.0990123527189464,0.00166727908418761,-0.0258078876145657,-200,0,0,0,0,0,0,1,-2.71999516268041,0.175605759151732,-0.422756753436803,0,0,0
461,-203.561052412457,-0.0105834212339699,1.53962131293543,0.0946188830687543,0.00187797271318417,-0.0287485665578354,-203.550175379734,0.0610614241654293,1.34472237340982,0.105007689009204,0.00276457329092649,-0.0297879071015526,-200,0,0,0,0,0,0,1,-3.40041814145339,-0.398580177423507,0.289345963335632,0,0,0
462,-203.467979914898,-0.0089047071586638,1.51162132068991,0.0915269009438209,0.00147945032319353,-0.0272500496617072,-203.477062449199,0.0321869168057395,1.63407063377764,0.087938662526907,0.00351143793613268,-0.0294751306420177,-200,0,0,0,0,0,0,1,-1.83974135429334,-0.415517627224747,-0.320628203353499,0,0,0
463,-203.377447399712,-0.0076329993458762,1.48449161201612,0.0895383588312501,0.00106395983539258,-0.0270084920921336,-203.29774763345,0.246568578458446,1.50276434923356,0.0710861251959959,-0.0269225173543207,-0.0132018320349492,-200,0,0,0,0,0,0,1,-0.513117252699024,2.19911457851518,-1.68534549497219,0,0,0
464,-203.28863271641,-0.0054694822896578,1.45669355033897,0.0880904299244985,0.00326306819709405,-0.0285869951745475,-203.295967986102,-0.185319624636374,1.37511988260045,0.0852005189900481,0.0161510446037028,-0.0450749296660957,-200,0,0,0,0,0,0,1,-1.92811592680115,-1.24446521109754,1.75725320140868,0,0,0
465,-203.201092168399,-0.00282862084272019,1.42917164878488,0.0869917324925031,0.00201864952256644,-0.0264563268811114,-203.213842806471,0.200947405667123,1.50503089977864,0.0919518200609208,0.00339313263273299,-0.0207599652053875,-200,0,0,0,0,0,0,1,-2.76749639315041,-0.741208074607545,-0.934065279018527,0,0,0
466,-203.11564609732,-0.00118055374717405,1.40278737224004,0.0839005920950958,0.00127747837085494,-0.0263108649761265,-203.253389727644,0.0118427486219018,1.42252094946142,0.0759319067656851,-0.0106694593883241,-0.0327277755655158,-200,0,0,0,0,0,0,1,-1.08641122127973,1.0432604415886,0.427735657628735,0,0,0
467,-203.032229303982,0.000618568463785469,1.37676184411271,0.0829333662778192,0.00232076017051169,-0.0257397692320064,-203.148981263497,0.0017336437408735,1.47820649886438,0.100058895581166,0.00212402713694581,-0.0163935467914342,-200,0,0,0,0,0,0,1,-3.70792703112342,-0.215870001176328,-1.31705831858534,0,0,0
468,-202.951345279787,0.00283142143306482,1.35115127012872,0.0788349148712197,0.00210493907138709,-0.0254795766467567,-202.878533694318,0.0677976492345577,1.3538829377784,0.0860930354896928,0.00493706568660117,-0.0211505412556603,-200,0,0,0,0,0,0,1,-2.85223616033349,-0.629301867129233,-0.592711749990757,0,0,0
469,-202.87401130203,0.00462173277895802,1.3259256068569,0.075833381303502,0.00147567845794269,-0.0249704350928544,-202.892104028414,-0.148870954403285,1.5722743445479,0.0729560720608575,0.00700844902119405,-0.016180293036975,-200,0,0,0,0,0,0,1,-1.51139914925856,-0.403102993312834,-1.52651938539831,0,0,0
470,-202.7993052157,0.00589586875273419,1.30048597080234,0.0735784918062337,0.0010725868517245,-0.0259078518217385,-202.841333481299,-0.117469360709394,1.42178338172343,0.0858229817891091,-0.00596297391773163,-0.025069788179767,-200,0,0,0,0,0,0,1,-2.89963121631231,0.83123611319195,-0.33658794547016,0,0,0
471,-202.727187561845,0.00738409822128787,1.27496340574397,0.0706572693277218,0.00190386720130856,-0.0251360028286721,-202.626547131998,0.130926804532274,1.06398415752219,0.0608479012546073,-0.0199251312799771,-0.00537621875152725,-200,0,0,0,0,0,0,1,-0.831695861465588,1.73065951893316,-1.59034643989165,0,0,0
472,-202.6573731396,0.0101532993005671,1.24917639545001,0.0689711120257957,0.00363452649977718,-0.0264372876410077,-202.663700366985,-0.114918812897119,1.29774773182576,0.0662083950854353,-0.0003070795432663,-0.0311352360584389,-200,0,0,0,0,0,0,1,-1.29343877457328,0.260545580120868,0.518028142192371,0,0,0
473,-202.58895227824,0.0139181139392968,1.22312866048073,0.0678710649096792,0.00389509758766148,-0.0256577103393839,-202.700075155008,-0.106801504200434,1.19372158072076,0.0748538431312713,0.00998003822929429,-0.0382942688266596,-200,0,0,0,0,0,0,1,-2.08523400311018,-0.784400814528561,1.44198372122444,0,0,0
474,-202.521760585069,0.0174210373084098,1.19845617749218,0.0665132981416738,0.00311074313840804,-0.0236866720953987,-202.486232979555,-0.0712302392642475,1.07745454516735,0.0576343705640335,-0.010633049815171,-0.0290557023231242,-200,0,0,0,0,0,0,1,-0.790971097293669,1.2057654600456,0.750661141977714,0,0,0
475,-202.455517405064,0.0211346760128643,1.17514559566676,0.0659735021794351,0.00431652794638951,-0.0229342664829949,-202.500980279172,0.0101896828734047,1.23911071304921,0.0573601829628042,0.00403443048912104,-0.0292458957010287,-200,0,0,0,0,0,0,1,-0.734057737936967,-0.423822414658913,0.446368144004447,0,0,0
476,-202.389859819165,0.025239303582927,1.15244066645827,0.0653419798224864,0.0038927213204686,-0.0224753266360606,-202.381385188621,-0.0201997383502153,1.02957782638074,0.0588529472012043,0.0233269398462319,-0.0107623957565067,-200,0,0,0,0,0,0,1,-1.12252434287881,-2.29229450792276,-0.982916077110817,0,0,0
477,-202.325343243291,0.0279858851681858,1.12965890375983,0.063691011208173,0.00160043656890232,-0.0230874885203985,-202.440675192515,0.259700196457855,1.26593752325176,0.0773452373234356,0.0016866945076705,-0.0281598598618749,-200,0,0,0,0,0,0,1,-2.85317334731279,-0.688069843682759,0.284110939683962,0,0,0
478,-202.262937762229,0.0292423140490451,1.10723604269118,0.0611206407233275,0.000912415567805646,-0.0217571195907561,-202.101693179464,0.117001745349454,1.13310954730541,0.0367737479074587,0.00964499810029064,-0.0240584270794268,-200,0,0,0,0,0,1,1,0.526011568181575,-1.19850330072797,0.13962361333186,0,0,0
479,-202.201649650031,0.029555478171701,1.08527814338101,0.0614555132704181,-0.000286095079946465,-0.0221588370509869,-202.23395080018,0.0910692770498026,1.24329774083271,0.0592996660499593,0.0105205603445582,-0.0238737718919096,-200,0,0,0,0,0,1,1,-1.46206500463662,-1.23419458855543,-0.0992182924744611,0,0,0
480,-202.140957354063,0.0286523002364728,1.06328762710738,0.0599293326677581,-0.00152026675012573,-0.0218215394967592,-202.322314315973,0.00891170286747491,1.11729544368925,0.0694312080019837,-0.00913928133813385,-0.0363601571099194,-200,0,0,0,0,0,1,1,-2.29849216825273,0.896104728078436,1.40142482361344,0,0,0
481,-202.08179903678,0.0275801140407948,1.04249531780182,0.058388306705797,-0.000624112544447024,-0.0197624188222273,-202.164512206671,-0.158533487172978,1.19784767828503,0.0512118717557683,-0.0097962683206086,-0.0254353520996537,-200,0,0,0,0,0,1,1,-0.792162762234842,1.29669380640682,0.14783985339531,0,0,0
482,-202.023817713667,0.0276043581321876,1.02285317897743,0.0575745494182922,0.000672595420130904,-0.0195215144643712,-201.952382939041,0.137729400544202,1.04675200668164,0.0587306268161924,0.00294315926989549,-0.0151956638511537,-200,0,0,0,0,0,1,1,-1.96829680353821,-0.569774728077953,-0.573937628247914,0,0,0
483,-201.967338637673,0.0279920824483916,1.00341839390968,0.0553837821070086,0.000102847741063746,-0.0193471117300109,-201.97325755824,0.0144108626646889,0.866605421521876,0.0722041110527848,-0.00592417622465453,-0.000964811951065007,-200,0,0,0,0,0,1,1,-3.27389598879883,0.563595897136075,-1.63672964793725,0,0,0
484,-201.913877610274,0.028376750383875,0.984008392941703,0.0515383214043944,0.000666482726970932,-0.0194712285219246,-201.79140300506,0.0237877691222218,1.06725221727331,0.04748338062079,-0.00454355113908395,-0.0206506817104948,-200,0,0,0,0,0,1,1,-1.16553205195905,0.406779575663951,-0.0694362634971522,0,0,0
485,-201.862960706197,0.0292466350924334,0.964658968163146,0.0502956949416995,0.00107328065039538,-0.0192270933155382,-201.848850244001,-0.11424531092113,0.649605129237617,0.0517774634266809,-0.00316586782411089,-0.0354858087633624,-200,0,0,0,0,0,1,1,-1.48004585466558,0.545077404253349,2.249370617861,0,0,0
486,-201.812864831045,0.0305924791319942,0.946646920451684,0.0498972113022856,0.00161840155869398,-0.0167968422452064,-201.806761461638,0.0355254769551012,0.840604877954375,0.052086271158319,0.0126564938001506,-0.00555511306232287,-200,0,0,0,0,0,1,1,-1.59510419255547,-1.33670033392526,-1.12569844967646,0,0,0
487,-201.764028946721,0.0315425412809192,0.929615471252331,0.0477744525719076,0.000281717434274425,-0.0172651471659949,-201.721606908074,0.0784528773307069,0.914246365325623,0.039155251030201,-0.00772226042335172,-0.0197988964753562,-200,0,0,0,0,0,1,1,-0.472311286873019,0.615320287673758,0.151396916884376,0,0,0
488,-201.716515983489,0.0321319254442541,0.91240597637215,0.0472516184111093,0.000897046706368769,-0.0171536297984902,-201.686427206873,0.026098607756153,0.766689862756313,0.0575507706423014,-0.0064190308238423,-0.00626779238008063,-200,0,0,0,0,0,1,1,-2.38222265048376,0.589705866871924,-0.906600487504564,0,0,0
489,-201.670617104008,0.0333238435738162,0.895308205235625,0.0445462861762665,0.00148678347050161,-0.0170407550838282,-201.605664780795,0.00838580221218065,1.09755912096199,0.0481930561514589,0.00444653261950003,-0.0159215258422315,-200,0,0,0,0,0,1,1,-1.60797605355573,-0.461424866374365,-0.602965657700828,0,0,0
490,-201.627010946511,0.0345799275778914,0.878271812904839,0.042666130525578,0.001025379537347,-0.0170312299763035,-201.658954874298,0.0130459481222321,0.828752298873305,0.0485010205364336,-0.0029516909815225,-0.0211031564719943,-200,0,0,0,0,0,1,1,-1.53219230504835,0.269077201907786,0.452811049452817,0,0,0
491,-201.584995103895,0.0357398628113944,0.861690364027905,0.0413660390223146,0.00129448556211726,-0.0161311207953561,-201.474420336292,0.0964376313920812,0.863619577422184,0.0394925823312899,-0.0154396108903831,-0.0326032172563453,-200,0,0,0,0,0,1,1,-1.00041756054423,1.35108582625415,1.53308257079016,0,0,0
492,-201.543782821849,0.0377099094583454,0.846353216144128,0.0410593051383208,0.00264560090025843,-0.0145430571394085,-201.670722434268,0.150936531513868,0.701681165415389,0.0249715650603287,0.00644270052743891,-0.0217197934534714,-200,0,0,0,0,0,1,1,0.844288362503902,-0.946143115771626,0.768617014516358,0,0,0
493,-201.502255727745,0.0398824380632352,0.831821302488144,0.0419949869305208,0.0016994506993091,-0.0145211875057911,-201.366362820365,0.178321972561187,0.85285649242876,0.0476642144572899,0.00291664470452645,-0.025453566589908,-200,0,0,0,0,0,1,1,-2.03369580499928,-0.64830841557502,0.839643674133286,0,0,0
494,-201.461031330435,0.0412577574287144,0.818043224875897,0.0404545458604017,0.0010511826062021,-0.0130343107207355,-201.567874361201,0.113044931635538,0.752897484096792,0.0421534243968912,0.00653939566470316,0.00523975340624978,-200,0,0,0,0,0,1,1,-1.07959371728642,-0.880029429741392,-2.02977030881856,0,0,0
495,-201.421630191812,0.0418689281214993,0.80426914978125,0.0383471876898209,0.000171153188739151,-0.0145129452793151,-201.269932376086,0.115117445872623,0.823287395922081,0.040845025026205,0.0019966531136417,-0.0133473722579519,-200,0,0,0,0,0,1,1,-1.54463775044897,-0.429900203109415,-0.311837566048976,0,0,0
496,-201.384120336108,0.0418251450155025,0.78988196163367,0.0366727240837724,-0.000258724597412422,-0.0142607252549114,-201.33533831888,-0.0966665974515794,0.827498279320599,0.0315513692538442,0.00137594412563165,-0.00840055134798305,-200,0,0,0,0,0,1,1,-0.484460287624152,0.0557387823399942,-0.814941423842893,0,0,0
497,-201.347945647364,0.0415942931198693,0.775269984274871,0.0356764435062026,-0.000202984982486772,-0.0149628155705564,-201.463365198901,0.00211200128974687,0.785505986771875,0.0269005134470591,0.0105514426366716,-0.0117922569890779,-200,0,0,0,0,0,1,1,0.236679053095328,-1.05936826624665,-0.391786274635961,0,0,0
498,-201.3123498772,0.0408616231507728,0.759964446331699,0.0355148946688052,-0.00126236048233025,-0.0156482057981149,-201.174900209324,-0.0293890027862877,0.918383487284918,0.0316482832381169,-0.0100071781205452,-0.0115204583978009,-200,0,0,0,0,0,1,1,-0.815027905163364,1.0594958176271,-0.684721134789751,0,0,0
499,-201.277446160128,0.0401290172169733,0.74410471813978,0.0342924504140156,-0.000202857328299463,-0.0160707411354211,-201.304044430915,0.0229338752129877,0.752768392432895,0.0581726345654054,-0.00807146518740611,-0.006487562758944,-200,0,0,0,0,0,1,1,-3.20917459471023,0.761278768314636,-0.85678050897139,0,0,0
500,-201.244849360527,0.040306825043975,0.728338662610269,0.0309015025644706,0.000558466209200844,-0.0154599327561099,-201.108913659382,0.209144982811666,0.819138782263389,0.00836515588160092,0.0020270949137018,-0.00905912868395197,-200,0,0,0,0,0,1,1,1.38131173060336,-0.620999456993512,-0.732364696131581,0,0,0
501,-201.213615154027,0.040554780019766,0.712109752033961,0.0315663415646165,-6.25620365839022E-05,-0.0169981902221485,-201.124315755324,-0.0342927942161003,0.824227731798952,0.0224052453084135,-0.00320286272152516,-0.0236739785913827,-200,0,0,0,0,0,1,1,0.00810697980683273,0.388871860584717,0.718942395540369,0,0,0
502,-201.181956332547,0.0406866594072801,0.695311779795027,0.0317515639357872,0.000326315902662822,-0.0165978489519486,-201.175763899509,0.0156047214932922,0.608929981486645,0.0309123736446821,0.00701350710930254,-0.012535534272131,-200,0,0,0,0,0,1,1,-0.739709565449629,-0.732560153916839,0.0356934642398057,0,0,0
503,-201.150605465361,0.0406467042265399,0.67880196698414,0.0309503359977632,-0.000406231912358639,-0.0164214516375485,-201.096237458143,0.130318825070634,0.587725778081084,0.0360672603746835,-0.00151394228996144,-0.0187774079278747,-200,0,0,0,0,0,1,1,-1.41425112118251,-0.109243421145124,0.702289236625302,0,0,0
504,-201.120183151146,0.0401858688186916,0.662926144590857,0.0298948475607831,-0.000515446269850982,-0.0153297588020286,-201.018811198508,0.110688970043084,0.63425684487932,0.0440950990970457,-0.00818056348543021,-0.0101709840903204,-200,0,0,0,0,0,1,1,-2.37188751268807,0.596678408456852,-0.251415280726604,0,0,0
505,-201.091466986639,0.0399687822898699,0.64796690236818,0.0275378870184127,8.12685316221857E-05,-0.0145877353459147,-201.142813709367,-0.092837576707074,0.58062612727295,0.0173296046114986,0.00766827768216028,-0.00850906222276324,-200,0,0,0,0,0,1,1,0.552666957584659,-0.58115261480188,-0.310346032269576,0,0,0
506,-201.063852282325,0.0397594715873722,0.633000415178024,0.0276912885517774,-0.000499895754157031,-0.0153453206417614,-200.930991139046,-0.0268169026677394,0.630850962392695,0.0277309761519055,-0.0154948958491823,-0.00550629793887084,-200,0,0,0,0,0,1,1,-0.911115337098099,1.60312339025371,-0.711072130898305,0,0,0
507,-201.036819399658,0.0400611450653913,0.61746655031236,0.0263744044355374,0.00110323630568558,-0.0157218658247039,-201.012259307298,0.0269580672600623,0.596552896971743,0.0108750972320744,-0.0155372330086505,-0.0222591508620655,-200,0,0,0,0,0,1,1,0.937008891388206,1.49980716634493,1.03280929226306,0,0,0
508,-201.009867923814,0.0419142848434413,0.601853110685588,0.0275287297489247,0.00260303716151467,-0.0155055173104744,-201.140634979553,-0.00826464952352957,0.551663195130422,0.0184912934281649,-0.011319971416886,-0.0335469718887745,-200,0,0,0,0,0,1,1,0.432140616289566,1.14852644073566,2.2513707986166,0,0,0
509,-200.981676193656,0.0450915934182043,0.587108457073974,0.0288554663944836,0.00375157602886869,-0.0139843692287927,-200.805698713139,0.0420664621024015,0.525896965655194,0.0228024396681324,0.00683714751314564,-0.00214398769016339,-200,0,0,0,0,0,1,1,-0.668846540535505,-0.767847675519367,-0.837395162294048,0,0,0
510,-200.953404343455,0.0484592503023316,0.572820855407119,0.0276880637357509,0.00298373199487882,-0.0145903542767562,-200.858246571498,-0.015927241742327,0.646944696878651,0.0211873612921999,-0.0120256812625048,0.00802155479461863,-200,0,0,0,0,0,1,1,-0.402242986223881,1.23442260973514,-2.09604487321917,0,0,0
511,-200.926500062911,0.0520601908403592,0.557317180520203,0.026119811562187,0.00421814303505642,-0.0164163474727784,-201.025073072705,0.138311116957848,0.757097117669195,0.0229509861182986,0.00408999925560876,-0.010973500411365,-200,0,0,0,0,0,1,1,-0.244952466419011,-0.685622159476572,-0.416844194201891,0,0,0
512,-200.900677110454,0.0559355261693422,0.540676499255869,0.0255259913166761,0.00353252125737548,-0.0168647795264963,-200.892639102576,-0.0433038794210035,0.446274343184676,0.0127183002414136,0.00989564575492641,-0.0170693653470816,-200,0,0,0,0,0,1,1,0.513448181009845,-0.902956816650634,0.814387848338811,0,0,0
513,-200.874811250997,0.0590165718202145,0.523930091736061,0.0262059138864681,0.00262956312587372,-0.0166283405159196,-200.863908746697,0.0112644927721214,0.647445599902864,0.0164492441689933,0.0219848852660189,-0.00594894686491207,-200,0,0,0,0,0,1,1,0.0828930764947453,-2.22101751214614,-0.69999651331452,0,0,0
514,-200.848831737689,0.0605356258141175,0.50687296566773,0.025752838647272,0.000408538221288033,-0.0174857363943751,-200.959285437481,0.121707595131804,0.524088862946376,0.0187205171486632,0.00392028364179901,-0.0398212599415561,-200,0,0,0,0,0,1,1,0.0465191600954804,-0.635443554443509,2.93394826826286,0,0,0
515,-200.822406878589,0.0606264576409372,0.490537907579315,0.0270979433316372,-0.000226880733597835,-0.0151849564580364,-200.761268264271,-0.0347212726815222,0.490790179761808,0.0286913535482695,0.0102888706931233,-0.021213066330562,-200,0,0,0,0,0,1,1,-1.346598826284,-0.959444523949287,1.13972627353259,0,0,0
516,-200.7956876475,0.0599198734977041,0.476078465743278,0.0263412193449055,-0.00118629351732459,-0.0137336208186702,-200.846956921147,-0.0429413949126678,0.434608679253091,0.0366938855071563,-0.00207709696817187,-0.0142475972672821,-200,0,0,0,0,0,1,1,-1.97547470842155,0.293592486642523,0.555542368222032,0,0,0
517,-200.770141944818,0.0588803976030434,0.462977955306443,0.0247508062999025,-0.000892664116425567,-0.0124667430221191,-200.834514449674,0.0134447710685529,0.464753683099373,0.0243778500923051,0.00910972272353687,-0.00544069788695984,-200,0,0,0,0,0,1,1,-0.76875610988256,-0.937861814490793,-0.385437577502762,0,0,0
518,-200.745902242916,0.057518810036214,0.45043527300579,0.0237286184843106,-0.00183051676234593,-0.0126182049746972,-200.85863070251,-0.0356949773695251,0.494460528415897,0.0272558213305269,0.00117190560966218,-0.00458189434039505,-200,0,0,0,0,0,1,1,-1.00832072803247,-0.0458006062271682,-0.530731622792289,0,0,0
519,-200.722824740422,0.0556654015950903,0.437740397677696,0.0224264078847757,-0.00187630555618562,-0.0127710106685402,-200.69795797545,0.210248452352326,0.591792964296686,0.0272249804351836,-0.023593850739131,-0.02016216990366,-200,0,0,0,0,0,1,1,-1.32658209261749,1.93888816920845,0.832631061772625,0,0,0
520,-200.700840777952,0.0547585573531116,0.425562508340199,0.0215420994168733,6.26113749354109E-05,-0.0115844104292708,-200.668001500575,0.126574212902268,0.477022979597259,0.0107703004944434,0.000196081408096712,-0.0256489876422203,-200,0,0,0,0,0,1,1,0.258972951705041,-0.272756566614207,1.61085280502751,0,0,0
521,-200.678858848483,0.0546847979012535,0.414504828708844,0.0224222809875926,-0.000210135480894841,-0.0105313399293299,-200.814077322511,0.0206782332160191,0.534788393148855,0.00420376344785134,-0.0115304686674032,-0.022456268239616,-200,0,0,0,0,0,1,1,1.20777830023777,1.11169040030829,1.17605003766389,0,0,0
522,-200.655697288847,0.0550305050663513,0.404070577417843,0.0239010020742869,0.000901545441059307,-0.0103377954978103,-200.764000309303,0.0435938741015669,0.374815823864653,0.00690903193106188,-0.0151679114672599,-0.0135507526390254,-200,0,0,0,0,0,1,1,0.837097425499159,1.42960339852286,0.60544361617323,0,0,0
523,-200.63136133571,0.056646851720018,0.393676859639715,0.024770941604992,0.00233114046399754,-0.01045001874344,-200.566424143404,0.0195235030609339,0.407685151867321,0.0196635865004874,0.018505889980622,-0.0143934425832632,-200,0,0,0,0,0,1,1,-0.833510363241324,-1.88963600418406,0.623973954591677,0,0,0
524,-200.606869092002,0.0580331863365883,0.383603860541375,0.0242139456329266,0.00044152340027419,-0.00969575883209736,-200.658510658572,-0.0783698261772706,0.429185591403501,0.0315046909343922,-0.00688467146072956,-0.0118354278916308,-200,0,0,0,0,0,1,1,-1.83344777629533,0.845206798427497,0.325171606356075,0,0,0
525,-200.583438772625,0.0588973320358368,0.374412710319223,0.0226471982839718,0.00128676281724153,-0.00868589718168244,-200.654727143229,0.0525514702373923,0.397607686758966,0.0315956163809283,0.0163631100315158,-6.20005178086219E-05,-200,0,0,0,0,0,1,1,-1.85010735163575,-1.74141394362636,-0.78901532173707,0,0,0
526,-200.561865823016,0.0593134022328477,0.365758940899224,0.020498809863632,-0.000454627861111486,-0.00862075607997442,-200.4108246276,-0.0334071662093321,0.286329340755402,0.0288767482085745,-0.0128169098576238,-0.00228166667924633,-200,0,0,0,0,0,1,1,-2.06602556565701,1.34850531818104,-0.344492013586171,0,0,0
527,-200.542419790887,0.0595330454982629,0.357419134457799,0.0183935704123186,0.000893908076004133,-0.00805798994874934,-200.377514533366,0.0494193630528614,0.255261913583608,0.0210516572576267,-0.00538976510680606,-0.000766579392956213,-200,0,0,0,0,0,1,1,-1.35013665902988,0.440137784574883,-0.433865887871595,0,0,0
528,-200.524793714278,0.0606470336639897,0.34942273116397,0.0168587136346284,0.00133406406762727,-0.00793418921500658,-200.509020038629,-0.0421848988636788,0.281036959679408,0.0226648010449849,-0.00702733344030817,-0.016015573668552,-200,0,0,0,0,0,1,1,-1.24844002724022,0.787103141758175,1.03948344749638,0,0,0
529,-200.508280065547,0.0623746665579806,0.342157946638266,0.0161692210404152,0.00212119648971366,-0.00659510529652277,-200.430676820977,0.0363027451286132,0.319476295078445,0.0145933590506029,0.00102928802996769,-0.00955084386585664,-200,0,0,0,0,0,1,1,-0.597982263105379,-0.175534293253995,0.316131796428773,0,0,0
530,-200.492361142939,0.0644081050842539,0.335755626210185,0.0156688618847586,0.00194567464863981,-0.00620934058463532,-200.422109052983,-0.0122244252577126,0.146472855678522,0.00525970125906111,0.00249149335787917,-0.0043769303126454,-200,0,0,0,0,0,1,1,0.318247980059299,-0.224700485272492,0.144747319907496,0,0,0
531,-200.476593341248,0.0662414297859995,0.329430235313913,0.0158667231468228,0.00172097024407132,-0.00644153647019577,-200.359277053447,0.105453850396634,0.228229967707913,0.0308666251313623,0.00271959312284638,-0.00987954437554651,-200,0,0,0,0,0,1,1,-2.36810840624293,-0.482867013077906,0.531494502138824,0,0,0
532,-200.461678698522,0.067720990961754,0.323730856202802,0.0139632568527494,0.00123814632642091,-0.00495644332233686,-200.492429237778,0.112881507547877,0.41062876522336,0.0175179198347802,0.0123259542880488,-0.00164758176894286,-200,0,0,0,0,0,1,1,-0.766933507921743,-1.45835844390064,-0.656499353552435,0,0,0
533,-200.448286735025,0.0682299641147691,0.318596767984794,0.0128206002779684,-0.000220205320644805,-0.00531127170300208,-200.520194650915,0.124781810449916,0.509368872229511,0.0102630818627415,0.0024815693167595,-0.00675519874448836,-200,0,0,0,0,0,1,1,0.0140811155554252,-0.497720552575782,-0.343217870010185,0,0,0
534,-200.435622403229,0.0677608997130922,0.313041307860743,0.0125079375814437,-0.000717929070352811,-0.00579953203102559,-200.450322081477,0.0240957105250009,0.058623062327269,0.00430639379753942,0.00520297807825728,-0.00595084878229057,-200,0,0,0,0,0,1,1,0.470004783200394,-0.56848922887573,0.477838753574519,0,0,0
535,-200.422863484196,0.0667587273541777,0.30723104102396,0.013009970328564,-0.00128642181415101,-0.00582121898151583,-200.491625356341,-0.0382637231354603,0.212943961602032,0.0134404200336989,-0.0214930100369734,-0.0247482173703976,-200,0,0,0,0,0,1,1,-0.360791290688647,2.22582844996826,2.0489338138357,0,0,0
536,-200.409550056541,0.0665852342559304,0.302285486664703,0.0136176847730397,0.000939430204618252,-0.00407015433457689,-200.479424272636,0.00396550261494925,0.0529757176600539,0.00952268884652917,0.00645309305320172,0.00873892745914955,-200,0,0,0,0,0,1,1,0.00657966061870441,-0.65324031055007,-0.979844181235062,0,0,0
537,-200.396256063646,0.0671980426970479,0.297700697703602,0.0129699509278486,0.000286181316752399,-0.00509916900539481,-200.414283283263,-0.0299938915106067,0.429932082830667,0.0196886689307975,-0.0287403844100962,-0.00302410796212019,-200,0,0,0,0,0,1,1,-1.14030032655474,2.93402622403083,-0.557453369449315,0,0,0
538,-200.383990797067,0.0689512465827004,0.292566243579628,0.0115606317144369,0.00322022126539791,-0.00516916364054121,-200.362301404729,-0.0105815724983951,0.193818732861209,0.0132778022332951,0.00388315220548456,-0.00667843517963417,-200,0,0,0,0,0,2,1,-0.603177413871777,-0.367152075551666,0.280206052240998,0,0,0
539,-200.372687342203,0.0719879011270884,0.287581232731357,0.0110465050957236,0.00285308141774739,-0.00480065883122616,-200.392904714555,0.193034073783522,0.451731145679778,0.016267323798566,0.00503102608504552,-0.0180137661323108,-30,0,0,0,0,0,0,2,339.159077049252,-0.889170756071597,0.897914321871526,0,0,0
540,-200.21678161365,0.0743936462486904,0.194641385614842,0.300692414222801,0.00195840407170631,-0.181198390858162,-200.325332277841,-0.0198805308006079,0.192380842935614,0.307225541848241,0.00937795369790218,-0.199193937584634,-30,0,0,0,0,0,0,2,309.928110370857,-0.898034308189002,19.5346320725922,0,0,0
541,-199.77904656956,0.0759006009973704,-0.0594750499817768,0.574717907116842,0.00105549947653669,-0.327147221370259,-199.789439197924,0.216013726840154,-0.0165621211798632,0.56967354288124,0.0205469650724006,-0.308389368968312,-30,0,0,0,0,0,0,2,282.611524107724,-2.48672396092037,30.872061139191,0,0,0
542,-199.076143889458,0.0757105770824004,-0.447904593237694,0.831037466338187,-0.00143555266537621,-0.449817144555615,-199.115205393025,0.176748017589669,-0.583983722718092,0.827352449557832,-0.0137656178089567,-0.45724553625836,-30,0,0,0,0,0,0,2,255.495165830267,1.02306574571633,46.8925210712722,0,0,0
543,-198.124429060431,0.0747846856488683,-0.945396384138741,1.07235356823951,-0.000416235783191691,-0.545265380956051,-198.088068071323,0.00115440371329496,-0.997869117328406,1.0654638564294,0.00874937669114596,-0.561732134332369,-30,0,0,0,0,0,0,2,229.629750499705,-0.877246476541185,58.1689516678937,0,0,0
544,-196.939571008664,0.0739282143333781,-1.5270514852274,1.29733333088392,-0.0012967131362819,-0.618136890175855,-196.80799207031,0.0932676856542981,-1.57694267993474,1.29243881906295,0.0129223407942343,-0.608462637263317,-30,0,0,0,0,0,0,2,204.372102234325,-1.47876945073203,64.0001490862012,0,0,0
545,-195.53903896412,0.0718907343344513,-2.17274278743815,1.5037089308179,-0.00277825241892297,-0.673329992022605,-195.559641288205,0.0365955007608392,-2.07585054003482,1.50980780825296,0.00246628220282963,-0.666154513382449,-30,0,0,0,0,0,0,2,180.138501751114,-0.319819221804642,70.7671524183145,0,0,0
546,-193.94072594978,0.0689514161563262,-2.86463211644675,1.6929027516295,-0.00310038898571493,-0.710525751906215,-193.943397185787,0.164536566124739,-2.94107387251088,1.71337386032201,0.00737960805161149,-0.710816794006302,-30,0,0,0,0,0,0,2,156.549408339373,-1.06703393741063,76.963827145652,0,0,0
547,-192.161659846395,0.0653165727892111,-3.58510567693198,1.86522224668807,-0.00416930319414267,-0.730491402842835,-192.210561691534,-0.0371363767315099,-3.47236357194845,1.87779079785318,-0.00576370012269961,-0.741529984350073,-30,0,0,0,0,0,0,2,136.642043597749,0.650642765732981,81.0977255789042,0,0,0
548,-190.217665505567,0.0614718326542093,-4.31875213512811,2.02276484962042,-0.00352018130080981,-0.73686537198677,-190.215411941892,-0.0271185908857599,-4.39178491765516,2.0178248915995,-0.0114555922477889,-0.726889972526738,-30,0,0,0,0,0,0,2,118.648334723833,1.19979640655041,81.4725670879841,0,0,0
549,-188.123676428193,0.0585509399911261,-5.05405671067379,2.16521562517371,-0.00232160997221012,-0.733801345139877,-188.002540006847,-0.0826620462697004,-5.05371761124424,2.16273139210579,-0.00399577692373062,-0.719386294510376,-30,0,0,0,0,0,0,2,99.731940803116,0.564901784912463,82.0460646735261,0,0,0
550,-185.895107898188,0.0565113281476729,-5.78122827098877,2.29192793535148,-0.00175762075015838,-0.720592798536053,-185.873792766621,0.16662450037929,-5.88758065945189,2.29057973438507,-0.0212167216836987,-0.723949957667808,-30,0,0,0,0,0,0,2,82.6896120947361,1.78842316761129,84.1701570856846,0,0,0
551,-183.546476216296,0.0556476136818005,-6.48993423715325,2.40534623787236,3.01853018174883E-05,-0.696864635051545,-183.182441086035,-0.0351171055405085,-6.65984415816705,2.41372737322673,-0.00081675674619988,-0.715538785470503,-30,0,0,0,0,0,0,2,64.992144849397,0.151909885701005,84.8735668633844,0,0,0
552,-181.091712231579,0.0557535952253543,-7.17006186935095,2.50419650284975,0.000181771891974793,-0.663430097019803,-181.148234064936,0.0214511738595368,-7.10377099416903,2.50568914802731,0.00238945567471746,-0.65387016596377,-30,0,0,0,0,0,0,2,51.7275533271413,-0.28184791519082,79.5945585847151,0,0,0
553,-178.545076095621,0.0557943689349711,-7.81559219858137,2.58909148961882,-0.000100229271821069,-0.627664263682852,-178.415231191507,0.0695919474013337,-7.75251666794552,2.5872414481731,0.00899243147211451,-0.631175713974791,-30,0,0,0,0,0,0,2,38.1063175657044,-1.03842704201412,78.6226047333702,0,0,0
554,-175.919526308755,0.0551749586760802,-8.42225164617271,2.6620263207514,-0.00113859649652304,-0.585683391476277,-175.824463522833,0.0429424376946461,-8.64760543367578,2.66805302030174,-0.0041696490531227,-0.59950915761648,-30,0,0,0,0,0,0,2,24.8436250154931,0.331080029922978,77.2461266289996,0,0,0
555,-173.226968630512,0.0542020355649039,-8.98407211824018,2.72310958143653,-0.000807252904424849,-0.537981428634177,-173.315192824301,-0.15885975729148,-8.92993257975751,2.73133718296803,0.0109795596605472,-0.549035259862394,-30,0,0,0,0,0,0,2,13.4966673517989,-0.780236451471762,72.7633911457544,0,0,0
556,-170.479261774657,0.0530048718817112,-9.49713769367565,2.7723255051935,-0.00158708003800673,-0.488168719675653,-170.463075042144,0.18744721826961,-9.59256150521285,2.76035844282461,-0.00876986342123921,-0.481817365114939,-30,0,0,0,0,0,0,2,4.89030580182623,0.502091905584702,67.3668595219196,0,0,0
557,-167.687354101695,0.0516690921163996,-9.96043541237938,2.81151115142301,-0.00108448551970008,-0.438441595586973,-167.691318128217,0.041469095158527,-9.97950213864495,2.82050553412007,0.00706114916433635,-0.43465349310513,-30,0,0,0,0,0,0,2,-6.66791715557304,-0.789053106750689,63.4243535878029,0,0,0
558,-164.862135810226,0.0501904110102064,-10.3726316047557,2.83894782277825,-0.00187288215470038,-0.385960866470826,-165.003443602679,0.103028018658988,-10.4249510234868,2.82607003483812,0.00916534457949813,-0.396552537828505,-30,0,0,0,0,0,0,2,-12.6001162784549,-1.12259049526779,60.505155829824,0,0,0
559,-162.012700694201,0.0477566001942332,-10.73202501646,2.85994502243707,-0.00299474495212902,-0.332833394110491,-162.003027318228,0.0233345400713587,-10.7207486495052,2.87809505820621,0.00663595381451029,-0.329887095017943,-30,0,0,0,0,0,0,2,-23.8034511841645,-0.710264461593746,54.4302068008048,0,0,0
560,-159.14855806513,0.044407153399984,-11.0378802311352,2.86836314338776,-0.00370415205439477,-0.278879358635129,-159.154648067129,0.214586525841066,-10.9561641302887,2.85648467563051,0.00403008788577883,-0.293529710693586,-30,0,0,0,0,0,0,2,-27.3391714287932,-0.832181840260015,51.265299329936,0,0,0
561,-156.278269305121,0.0402873567531169,-11.2901767766652,2.87223691970105,-0.00453544640146448,-0.225714196606972,-156.175489511075,0.00537143342832395,-11.180882723717,2.86655523325479,-0.0159546543190678,-0.235043655678488,-30,0,0,0,0,0,0,2,-34.3045443033281,1.58472256505013,45.8661310152828,0,0,0
562,-153.40842663417,0.036544751405387,-11.4897184031444,2.86747058765577,-0.0029497697469335,-0.173366019522975,-153.426365036928,0.0457910453011642,-11.4220093163561,2.84883453950342,-0.000591182892227455,-0.181988059143089,-30,0,0,0,0,0,0,2,-38.0307238764864,-0.0324638013795829,41.0428245470211,0,0,0
563,-150.546151013019,0.0335792390164174,-11.637935506155,2.85710194924107,-0.00298126055046047,-0.123062883093875,-150.62936008375,-0.128772239332669,-11.7313631600671,2.83664665940651,-0.00741958700646126,-0.12700265401216,-30,0,0,0,0,0,0,2,-42.4059457731501,0.999503179311463,36.1629917213502,0,0,0
564,-147.697336926218,0.0310982327986669,-11.7367132633689,2.84054677387166,-0.00198075541350826,-0.0744848317420117,-147.586639290328,0.204574267604522,-11.7531880710727,2.84261554213432,0.00123877969135073,-0.0798427241456339,-30,0,0,0,0,0,0,2,-49.0882756327755,-0.533026504344118,31.4906485567088,0,0,0
565,-144.869089821524,0.0288515026842725,-11.7870578827005,2.81596782324123,-0.00251271168316586,-0.0261933865293507,-144.92976033815,0.100511497374854,-11.8006536975413,2.83034954931724,0.0176371335333602,-0.0419491781780231,-30,0,0,0,0,0,0,2,-53.1754342554239,-1.96473634808573,27.7962252128849,0,0,0
566,-142.068077714119,0.0253569776338709,-11.7895312078205,2.78607639140656,-0.00447634326785527,0.0212598858866982,-142.221813188324,-0.197666229065364,-11.7510500018916,2.78811200133524,-0.0103753824100796,0.0163546002697015,-30,0,0,0,0,0,0,2,-54.3675737568765,1.43287069913869,21.8666399768131,0,0,0
567,-139.298999890027,0.0215976093461297,-11.7466852241578,2.75209749437566,-0.0030423996606173,0.0644468582785324,-139.298473435125,0.0552060334370339,-11.7082541796701,2.73701130194911,-0.00693405497236413,0.0608298805392996,-30,0,0,0,0,0,0,2,-55.1041833246613,0.582993430362346,17.3335203054103,0,0,0
568,-136.565381699084,0.0188472322552832,-11.6623154424888,2.7151557431957,-0.00245836051613906,0.104308652466147,-136.668569189199,0.0886195359988114,-11.6091811266383,2.70774562419964,0.00681142562729414,0.125769468725489,-30,0,0,0,0,0,0,2,-57.437424041567,-0.858381634727037,10.6414153807276,0,0,0
569,-133.871447142696,0.0159601966106528,-11.5402176700489,2.67272847240543,-0.00331571632912116,0.139905015841614,-133.79981558496,0.224272424535056,-11.4582890977511,2.65711204704254,0.00887119633975356,0.120323550506276,-30,0,0,0,0,0,0,2,-58.1115735343337,-1.33566448304547,10.8842231448746,0,0,0
570,-131.220112000132,0.0119771702376901,-11.3821844793458,2.62995714258551,-0.00465034193108996,0.176179605336175,-131.292280290013,0.039094113061383,-11.335735108355,2.65337076760742,-0.00151029099169376,0.183699312300996,-30,0,0,0,0,0,0,2,-62.752516180716,0.0728408730466103,4.30153898661033,0,0,0
571,-128.615237535584,0.00736378010988773,-11.1893269866794,2.57980591092824,-0.00457644360224467,0.209556539185477,-128.50936192484,-0.0119635494839187,-10.9376897616548,2.58082603819078,0.0252704131213408,0.205838434630028,-30,0,0,0,0,0,0,2,-61.0638799693975,-2.50311421316624,1.2915360603068,0,0,0
572,-126.060581024343,0.00153628426776045,-10.964751337232,2.52951986796529,-0.00707855382191085,0.239615940967301,-126.107241164044,0.11164139598515,-10.9931291880405,2.52459770493207,-0.00248488124502478,0.232863799120939,-30,0,0,0,0,0,0,2,-60.2452881651199,0.0252053325321775,-1.300121536013,0,0,0
573,-123.556533914803,-0.00552918012244621,-10.7113627530479,2.47858606862694,-0.00705238020409289,0.267182631033199,-123.564417294828,-0.124716351602404,-10.5677340536492,2.47815528269259,-0.00569794701962303,0.255542775596536,-30,0,0,0,0,0,0,2,-60.6866936796023,0.819227405167111,-4.4188094523551,0,0,0
574,-121.104419985562,-0.0121714693616189,-10.4315307515882,2.4256525717252,-0.00623220428686054,0.292503537706618,-121.086199793622,-0.0495856224812157,-10.5324368049915,2.413496052311,0.00905513657548084,0.293995854741339,-30,0,0,0,0,0,0,2,-59.1772056438554,-0.806342412585653,-8.33471186415077,0,0,0
575,-118.705642522254,-0.0188063965354014,-10.1283641170389,2.37191151465966,-0.00703765656563324,0.313852177660559,-118.862236510534,0.0592781306957278,-10.0628439057327,2.37493204203239,-0.0146173352519641,0.303722185437358,-30,0,0,0,0,0,0,2,-59.7687311821703,1.34317726380496,-10.2465307322704,0,0,0
576,-116.361348384831,-0.0251720199580197,-9.80442084072938,2.31668543440078,-0.00569359606913599,0.334057379086636,-116.38130716958,0.134567718887026,-9.83476983029695,2.32632674932951,-0.0188777533707668,0.321735615353308,-30,0,0,0,0,0,0,2,-59.8700605937916,1.61863989930263,-12.5040218747369,0,0,0
577,-114.072913861115,-0.0300558606294356,-9.4611208010083,2.26019157660605,-0.00407409079749662,0.352566168144827,-114.055747330537,-0.0203399785063301,-9.53592740206644,2.26277430887342,-0.00978432952822823,0.369623691291242,-30,0,0,0,0,0,0,2,-58.1659362262677,1.01911290983548,-17.8905143249913,0,0,0
578,-111.841710572816,-0.0336199971354741,-9.10196192519489,2.20222082773318,-0.00305418676901021,0.365775593427961,-111.872217096467,-0.119848047372153,-9.00043743188372,2.20965032584505,-0.000442457113340323,0.356097232098006,-30,0,0,0,0,0,0,2,-57.2205983915718,0.283941806078338,-17.6088483460332,0,0,0
579,-109.667987989196,-0.0365318221148633,-8.72966291002844,2.1452300836323,-0.00276946678182106,0.378846013439307,-109.759883494841,-0.042759571914011,-8.69377701617622,2.14919430046069,-0.012674253422702,0.36854409541207,-30,0,0,0,0,0,0,2,-55.399663056387,1.35294448609822,-19.4668555088546,0,0,0
580,-107.550987539176,-0.0386244470296457,-8.3454990566464,2.08877557565504,-0.00141578977494146,0.389505013674237,-107.727927614259,-0.0427902221227777,-8.38960731113035,2.09085319552423,0.00635664297572503,0.381565057414961,-30,0,0,0,0,0,0,2,-53.6294643239054,-0.550083853326948,-21.3772911192354,0,0,0
581,-105.490212559022,-0.0403149323145381,-7.95189069229319,2.03277815663154,-0.00196518639639099,0.397734815166088,-105.549144848345,0.219774521549915,-7.94838075448709,2.04456858445263,-0.0104274276229932,0.401886351133975,-30,0,0,0,0,0,0,2,-53.3585687485728,0.603193719199486,-24.2918736044233,0,0,0
582,-103.486112144623,-0.0419781905667687,-7.55127481235504,1.97542545098443,-0.00136133503672363,0.40352053255546,-103.496195027864,-0.0694142489161516,-7.34392893091953,1.9755477094892,-0.00056854477320004,0.39183622438769,-30,0,0,0,0,0,0,2,-50.5623808931931,0.195682975152307,-24.49576457693,0,0,0
583,-101.538245243676,-0.0432413756612001,-7.14565755419215,1.92031048889411,-0.00116504164308139,0.407736644317125,-101.587214123473,0.0978301385907384,-7.18322313808652,1.91392163061206,-0.00105548669498586,0.398789520188057,-30,0,0,0,0,0,0,2,-48.2177348142601,-0.0901116076828911,-25.5125057426326,0,0,0
584,-99.6447891592062,-0.0444511882566577,-6.73682675612723,1.86660300558266,-0.00125458974115327,0.40994701362765,-99.7562920483093,-0.252652599015739,-6.86455791951017,1.86674010947979,-0.00853642317672099,0.412374066387683,-30,0,0,0,0,0,0,2,-47.1614268513609,1.35894751570358,-27.5082907997479,0,0,0
585,-97.8051470382365,-0.0450260372561357,-6.32684308420333,1.81268170929982,0.000104886862795875,0.410042431076659,-97.7021135823622,0.0316645772991634,-6.19995236452393,1.81497652997348,-0.00522983655585486,0.426069478480415,-30,0,0,0,0,0,0,2,-46.0934258326233,0.459654500987159,-30.2070431189937,0,0,0
586,-96.0197255320216,-0.0446910757664252,-5.91811741540449,1.75816069185052,0.000565029765866368,0.407431196849741,-96.0810605747212,0.0827581402909935,-5.7111688181955,1.76762065915061,0.00453119042150919,0.408941035683809,-30,0,0,0,0,0,0,2,-44.5999447656183,-0.618635322732906,-29.4717659319899,0,0,0
587,-94.2880014152666,-0.0444351254389215,-5.5120431239353,1.70528688461099,-5.31350792142388E-05,0.404738986825871,-94.3889768818099,0.0513255392994777,-5.69793110899558,1.7220383905587,-0.00561999374211562,0.389058848463882,-30,0,0,0,0,0,0,2,-43.4258852922503,0.459348295612607,-27.5100226283971,0,0,0
588,-92.6081209260774,-0.0442583487758344,-5.10810491792849,1.65447385728946,0.000406681553314787,0.40315817029314,-92.5588929229219,-0.128812068862552,-5.04033682468181,1.64851007506751,0.0167207284841701,0.411751588604295,-30,0,0,0,0,0,0,2,-39.7332216609069,-1.41444871069191,-31.0944852110658,0,0,0
589,-90.9785119240063,-0.0445587001629375,-4.70820067196429,1.60474197215149,-0.00100738983385363,0.396670601909416,-90.9639031933467,-0.144589821086921,-4.72305495220767,1.58471248878486,-0.0114017827511559,0.390730514390495,-30,0,0,0,0,0,0,2,-36.5434424917922,1.42935791728943,-29.6269415346342,0,0,0
590,-89.3969074354131,-0.0448512392719935,-4.31499862807971,1.55846465182977,0.000422306231940787,0.389752374263778,-89.444643880835,-0.128760974871072,-4.2904003799321,1.55927553911189,-0.00425693432561706,0.373325397977175,-30,0,0,0,0,0,0,2,-37.038266149519,0.68321538230385,-28.7517390378533,0,0,0
591,-87.861549667129,-0.0440871455364919,-3.92815689385565,1.51224895673787,0.00110587536488593,0.383949914074566,-87.8516497007252,0.00561409256887532,-4.01763611789493,1.51756681213223,0.0104864852560584,0.388561240730935,-30,0,0,0,0,0,0,2,-36.0533818117722,-1.05987671074359,-30.8208518373036,0,0,0
592,-86.3725800848651,-0.0435110459196584,-3.54819475965217,1.46568742563983,4.6318517062623E-05,0.375993266809318,-86.1690673743799,-0.119122821192702,-3.7850937861323,1.46026679288482,0.00267569378847669,0.39885987890441,-30,0,0,0,0,0,0,2,-33.6885445397222,-0.0293237364622641,-32.3158003181764,0,0,0
593,-84.9296150590749,-0.0434792522803342,-3.17741213726155,1.42023888178654,1.72632686775561E-05,0.36559041813501,-84.9770052302752,-0.130903726880533,-3.19908593480975,1.41662951881024,0.00417200343175209,0.369094474591221,-30,0,0,0,0,0,0,2,-31.7089414204737,-0.155392889414143,-30.5112755895026,0,0,0
594,-83.5307849585695,-0.0435395564442215,-2.81678049021939,1.37741776478758,-0.000137877722553252,0.355690249584692,-83.5918943582814,-0.0797713317886891,-2.68500531090677,1.38916392442287,0.000527162380442515,0.356235120804193,-30,0,0,0,0,0,0,2,-31.7326037257241,0.106826425533127,-30.2535014586058,0,0,0
595,-82.1747244286795,-0.0436238897960111,-2.4658834028048,1.33469986280734,-3.07967817598392E-05,0.346121223085729,-82.0895982152566,-0.105914638925532,-2.49386705097939,1.33778265007821,-0.0212887674042166,0.342010990996195,-30,0,0,0,0,0,0,2,-29.5990685773076,2.34070601827272,-29.2133649976607,0,0,0
596,-80.8602168455964,-0.0424842165478431,-2.12466887108726,1.29431177717286,0.00231013804641318,0.336324192622013,-80.6746100481096,-0.0357137556296389,-2.02018521617652,1.29173641886801,-0.0199367860165191,0.34026471082463,-30,0,0,0,0,0,0,2,-27.8244217905822,2.06510611291119,-29.9861006501099,0,0,0
597,-79.5855889625676,-0.0391414263528249,-1.79401923948219,1.25493986226252,0.00437543744037409,0.32499099088211,-79.6592611145951,0.00182798314464937,-1.93616961937075,1.248432203154,-0.0195556115204479,0.335192457632454,-30,0,0,0,0,0,0,2,-25.5246980862103,1.95190518575549,-29.6469065245039,0,0,0
598,-78.3492980139339,-0.0337899538346886,-1.47515909171721,1.21763754956921,0.00632750144189798,0.312744387317511,-78.2606600165987,0.119946972034074,-1.31615889811044,1.2359490053298,0.0187745312425835,0.329495486007393,-30,0,0,0,0,0,0,2,-27.0735804997824,-2.1173470683265,-30.3172308045184,0,0,0
599,-77.1511519211988,-0.0285210338525589,-1.16834316060541,1.17865030429527,0.00421033258528382,0.300903174564226,-77.2178233594948,0.0373123808139486,-1.15688575107117,1.17434710445011,-0.0107221535661391,0.285225240826062,-30,0,0,0,0,0,0,2,-22.9990637260209,0.997590594986013,-26.2087525804638,0,0,0
600,-75.989166608347,-0.0238118295491721,-0.872766380214535,1.14531645181991,0.00520807064093773,0.290263861386637,-75.9446235750548,0.133449397200568,-0.847679768956538,1.14411040735903,0.0183888423085007,0.278181858209212,-30,0,0,0,0,0,0,2,-22.5217935857938,-2.1057830252512,-26.1228262830082,0,0,0
601,-74.8603052591954,-0.0196565769887983,-0.587887165150095,1.11240232833317,0.00310242806413407,0.27950784830705,-74.9958864317357,0.0105682198221922,-0.449019489008924,1.11656509087418,-0.00482815898105341,0.283628266970725,-30,0,0,0,0,0,0,2,-21.6647362239468,0.461679458460957,-27.4647877190546,0,0,0
602,-73.7643933887734,-0.01632324897454,-0.314519955256274,1.0794169104998,0.00356422244206064,0.267239850106631,-73.8029428920302,0.0623740933193812,-0.172718828528879,1.07952395825033,0.00234613816398143,0.270344334928687,-30,0,0,0,0,0,0,2,-20.3465100409728,-0.359362003036905,-26.688995835811,0,0,0
603,-72.7007173474099,-0.0129386544023288,-0.0534320487413873,1.0479306596532,0.00320496062994421,0.254948632501661,-72.6578618266071,-0.0721601595736788,-0.201143518178926,1.06507185210773,0.0178368306318197,0.25431764614986,-30,0,0,0,0,0,0,2,-21.1914615575587,-1.63936274403461,-25.0294775786282,0,0,0
604,-71.6684216013088,-0.0105533078547549,0.1963260677928,1.01665705889409,0.00156572615067075,0.24458015574609,-71.7864735395637,0.134798753980786,0.379445834161463,1.00769036055915,0.00199903584321735,0.244322451199683,-30,0,0,0,0,0,0,2,-17.1960889767873,-0.469501092283307,-25.1911367882912,0,0,0
605,-70.6658080704786,-0.00922229856555221,0.434558057621399,0.988565338124119,0.00109628696987835,0.231895126032759,-70.7068938191233,0.0135355445681157,0.446274725888839,0.986552561446431,0.00526386577680787,0.245676849175817,-30,0,0,0,0,0,0,2,-17.2414685063964,-0.553457666817018,-25.4602343693593,0,0,0
606,-69.6913950420362,-0.00840270650694079,0.660040786192827,0.960256006249295,0.000542889624188473,0.219081690361014,-69.7050303326698,0.0343801826634211,0.73604460180589,0.970775920199601,0.000179694368617591,0.219313669065245,-30,0,0,0,0,0,0,2,-17.6675313546204,-0.0867298021886013,-23.4034561101363,0,0,0
607,-68.7448987519761,-0.0079031360142441,0.873712415168074,0.932732634064962,0.000456244850196931,0.208272599496274,-68.8785405846758,-0.115229522928043,0.904703600195533,0.952355811673983,-0.00552620606707153,0.220250936720656,-30,0,0,0,0,0,0,2,-17.4784999980468,0.783079652563239,-23.8345008724566,0,0,0
608,-67.8259819383121,-0.00705530924830853,1.0763768973545,0.905096900006938,0.00123940272717277,0.197067413185101,-67.8009759343559,0.041053311656746,1.13998323335104,0.887115708348681,0.0146612608993173,0.204561009727575,-30,0,0,0,0,0,0,2,-13.1096189661564,-1.54823271324522,-22.7360674394596,0,0,0
609,-66.9326028247089,-0.00659001235389234,1.26708191050977,0.88165665336837,-0.000308813300355846,0.184352027693892,-66.8327801565868,0.0337105900238794,1.35802823729062,0.878554417597687,-0.00383137645975702,0.196951881638843,-30,0,0,0,0,0,0,2,-14.1898814465951,0.315716465927943,-22.4112446384655,0,0,0
610,-66.0630301756021,-0.00674094527241774,1.44554026664027,0.857484334609079,6.9402220499478E-06,0.172574355669056,-66.0632600551435,-0.0817025385587827,1.4244862220523,0.847281837231989,0.00112249091574784,0.189515930164691,-30,0,0,0,0,0,0,2,-12.6016636129119,0.051155985542781,-21.8005654605737,0,0,0
611,-65.2168159328325,-0.00670841706723965,1.61204944876549,0.834939712635207,5.81127125825343E-05,0.160453031519091,-65.0566431965714,-0.0668389024472242,1.72312680744186,0.843796837564817,-0.00259882618249361,0.160526348999232,-30,0,0,0,0,0,0,2,-14.266397363339,0.39356042314381,-19.4988885148069,0,0,0
612,-64.3931886145466,-0.00645348876589318,1.76788437389583,0.812311594362228,0.000451736599604887,0.151225851969593,-64.5403148809548,-0.0620609062232732,1.71931836396036,0.804271300433179,-0.00528464441428419,0.15926282112294,-30,0,0,0,0,0,0,2,-11.3465002814082,0.652586253874965,-19.3649188402147,0,0,0
613,-63.5909616547006,-0.0056754478783176,1.91374206366792,0.7921384211757,0.00110434000199822,0.140497602348935,-63.829153489474,-0.0934167528007385,2.04131525044907,0.776270350763342,0.00378478954046762,0.139846497574147,-30,0,0,0,0,0,0,2,-9.96872809738622,-0.191645448445285,-18.0672802583128,0,0,0
614,-62.807983610857,-0.0046669246338725,2.0490354373738,0.773813889407725,0.00091270051620796,0.130096495554457,-62.8377663921936,-0.0655832225401822,2.07708825224757,0.751277621620124,0.00345875671320576,0.134278106061107,-30,0,0,0,0,0,0,2,-9.45222937762507,-0.214709226240212,-17.5819871106058,0,0,0
615,-62.042990835862,-0.00386157516439384,2.17400137645656,0.756167942716391,0.000697993042362507,0.119842455605149,-61.98457226692,0.00246261954393652,2.30687859866566,0.756738126302838,-0.00889949648482755,0.0968809910084077,-30,0,0,0,0,0,0,2,-11.7046680964438,0.885024409394882,-14.3018562981721,0,0,0
616,-61.2956410854464,-0.00272103374795225,2.29072394921918,0.73852937227684,0.00158308417100936,0.113609742164913,-61.4071416932892,-0.0672169710367644,2.42580017043576,0.72380187877763,-0.00108548425606807,0.127595121001199,-30,0,0,0,0,0,0,2,-9.5659044911846,0.242982367680336,-17.6111124409914,0,0,0
617,-60.5660069581722,-0.00101645356857935,2.39926610723788,0.720735214377291,0.0018260698884189,0.103481669894615,-60.6464518362606,-0.0478144778478946,2.37594621629809,0.718949741679267,-0.0124272052190536,0.103996661873077,-30,0,0,0,0,0,0,2,-10.6020704954055,1.33834947760115,-15.1515586199039,0,0,0
618,-59.8538976931689,0.00147881504282037,2.49900614959976,0.703480658647733,0.00316446081914991,0.0960052916427079,-59.8664353250824,-0.0579779828891132,2.35737365919994,0.700032105126863,0.00110071187608431,0.0890776600606051,-30,0,0,0,0,0,0,2,-10.2703398625214,0.00588477816979541,-13.6225133244604,0,0,0
619,-59.1584764504545,0.00464624547309863,2.59182143692332,0.687359589119203,0.00317039486645937,0.0896317119482517,-59.1216189050125,-0.0338124969091233,2.5168653214438,0.678037959444278,0.00956810936603697,0.0929793190496558,-30,0,0,0,0,0,0,2,-9.56055813440281,-0.88918594278545,-14.3316625478532,0,0,0
620,-58.4790961326285,0.00737206609662149,2.67778833460361,0.671398448974124,0.00228124052727978,0.0823084352284079,-58.6075042774949,-0.13138214510189,2.58394799406102,0.674880268068621,0.0409095205999505,0.0910519115179124,-30,0,0,0,0,0,0,2,-10.2730182518723,-3.82818776979127,-14.2730871399133,0,0,0
621,-57.8159593609119,0.00773923727524434,2.75667982060561,0.654872685686194,-0.00154690354942806,0.075481087928286,-57.8198129953351,-0.216757503359298,2.69537293485763,0.659442181736771,0.00579998699144519,0.0803970220679726,-30,0,0,0,0,0,0,2,-10.3045921830068,-0.146483692425922,-13.4304480765125,0,0,0
622,-57.1691259456015,0.00611912145657417,2.8291171828294,0.63879201953073,-0.00169333574959048,0.0694000007828867,-57.1555858716961,0.0116915957619819,2.99412198005239,0.625482982782135,-0.0100327320830273,0.0708927568134654,-30,0,0,0,0,0,0,2,-8.23712653482123,0.979890016778769,-13.0775196414513,0,0,0
623,-56.5374330231316,0.00491574444459542,2.89504108855047,0.624591371690791,-0.000713424807867759,0.062453451900633,-56.4902611405032,0.0351199273996038,2.80093688649601,0.626874247747853,-0.00945256161755943,0.0590036239960311,-30,0,0,0,0,0,0,2,-9.7069024937789,0.875016306956736,-11.5022361725951,0,0,0
624,-55.920094040244,0.0046398604918243,2.95510266978238,0.610084958910641,0.000161649929881738,0.0576754541247944,-55.8108225833438,-0.0395271700000824,2.91033775760701,0.610514034566098,0.00171180953998816,0.0456487759029259,-30,0,0,0,0,0,0,2,-9.42975828992216,-0.0921266139986514,-10.3855531055066,0,0,0
625,-55.3168308126734,0.00475548200605024,3.01077930158856,0.596440156929609,6.95868935557889E-05,0.0536832130313999,-55.0702390852125,0.0323824579415409,3.14914091181449,0.590119066790254,-0.00221724103202591,0.0616980903546208,-30,0,0,0,0,0,0,2,-8.87142850860042,0.156959187319509,-12.4680908590911,0,0,0
626,-54.7275905430603,0.00490356964506059,3.06146886582255,0.582038291666888,0.000226582581956501,0.0477015934579591,-54.7631735639437,-0.0235655466869298,3.1093753264795,0.571745222480035,-0.00177554924034643,0.0652204248877423,-30,0,0,0,0,0,0,2,-7.64817512011609,0.224686017408503,-12.7407931417332,0,0,0
627,-54.1523384968846,0.00524250487910487,3.10572869071721,0.568463373088791,0.000451282857130444,0.0408234093944649,-54.1984589630579,-0.0237688620968243,3.00087453544751,0.56124094066061,-0.0104012988499156,0.0398880270961464,-30,0,0,0,0,0,0,2,-7.72717613994528,1.08766760918521,-9.99055178050967,0,0,0
628,-53.5899042114525,0.00623764408477249,3.14427013222996,0.556403644341165,0.00153898976808071,0.0362642443348194,-53.6846207415937,0.080432569327925,3.11123932490477,0.546253311426795,0.00707263698957187,0.030286550250093,-30,0,0,0,0,0,0,2,-7.2560896594921,-0.868128837613037,-9.25113367481885,0,0,0
629,-53.0391280232482,0.00734259108773179,3.17843132690388,0.545147311818747,0.000670898965562902,0.0320626031109486,-53.1548695376305,-0.127929440526754,3.04546569900898,0.526960569887366,0.00904319868972504,0.0352733702259436,-30,0,0,0,0,0,0,2,-6.38631791347556,-0.648460987918997,-9.61826842061233,0,0,0
630,-52.4993648874701,0.00768927265379938,3.20800231486249,0.534377248809468,2.24586997251574E-05,0.0270836390159435,-52.3182010112211,-0.0210838242347622,3.11721648377973,0.518887393205103,0.0199151784965423,0.0303538669378457,-30,0,0,0,0,0,0,2,-7.25233729806801,-1.9493502011847,-9.26981966134404,0,0,0
631,-51.9706280809243,0.00673707819902966,3.23300056746503,0.523094957440075,-0.00192685369196419,0.0229173137908339,-51.9672344827738,-0.0694213785247301,3.35466608669829,0.505894192757578,0.00333938125573262,0.0245058287598664,-30,0,0,0,0,0,0,2,-6.65495031021027,-0.195095368523802,-9.15991504938323,0,0,0
632,-51.4529028564505,0.00471269193128667,3.25371674758978,0.512353997612513,-0.00212192000629875,0.0185192813191041,-51.3924721342891,-0.0149204772345975,3.33253854675427,0.514507781109258,-0.00511287922358969,-0.000657691842999252,-30,0,0,0,0,0,0,2,-8.66583384234758,0.541128876828164,-6.59930790920861,0,0,0
633,-50.9459948144442,0.0028613813258495,3.27167391619773,0.50146181793168,-0.00158070725854197,0.0173993373552763,-51.0216732150738,-0.0945167581056879,3.32913197116753,0.500268762554037,-0.00566872532832347,0.0200543194786323,-30,0,0,0,0,0,0,2,-7.98352982525603,0.755906049043723,-8.66369589019828,0,0,0
634,-50.4503043056429,0.001658656982115,3.28748644481802,0.489918162914535,-0.000824746270235514,0.0142302355458435,-50.572418452611,0.081810061507182,3.27446183391616,0.476624838904102,-0.00180375092301675,0.0105566291253091,-30,0,0,0,0,0,0,2,-6.51764698518826,0.0167549692873114,-7.60458658036323,0,0,0
635,-49.9652563314708,0.000842311861325487,3.30014572052203,0.480176761854113,-0.000807951038343139,0.0110921474243595,-50.1950211846618,0.023709697947849,3.23401405589699,0.492819437384607,-0.0013938030750599,0.0322140798146263,-30,0,0,0,0,0,0,2,-8.89190136913716,0.0919609116102923,-9.6894360932566,0,0,0
636,-49.4915252941367,8.03752507330052E-05,3.30952584499602,0.467284183054124,-0.000715929281897159,0.00767309854085297,-49.6121136616808,0.157679287547391,3.16511551566829,0.49290459051959,5.32374198956301E-05,0.0011346529949429,-30,0,0,0,0,0,0,2,-10.0662317285974,-0.320682317084346,-6.44369633083086,0,0,0
637,-49.0302174909261,-0.000795838454567205,3.31716172957645,0.455331537857453,-0.00103650361512072,0.00760330808817347,-48.8498805875435,0.259301586029622,3.21427583204209,0.461873614857663,-0.00164232078173693,0.00833935223373394,-30,0,0,0,0,0,0,2,-8.48760031067934,-0.354371093885551,-7.26248688745757,0,0,0
638,-48.5804617026006,-0.00200948714995077,3.32394775324168,0.444179569670142,-0.00139079946727123,0.005973069630096,-48.5177604949985,-0.170077863084198,3.43114016301243,0.448894747897743,-0.00667750340662557,0.0142511935063602,-30,0,0,0,0,0,0,2,-7.85395379977729,1.00790606683095,-8.28739967666088,0,0,0
639,-48.1419028490338,-0.00289630320423596,3.32851560335725,0.43293722927471,-0.000382837312483759,0.0031669844075124,-48.1712399565207,0.0280987226434841,3.5998422328455,0.438985403380226,0.0198974663092151,0.00184990874861521,-30,0,0,0,0,0,0,2,-7.55606042498119,-2.04594407620848,-7.38467534055252,0,0,0
640,-47.7142036727119,-0.00430207993247756,3.33056862773527,0.422460431339587,-0.00242872234730726,0.000943124900201452,-47.8064977984098,0.148322096376109,3.50963557675349,0.416093222990566,-0.00544814297078955,0.000130092408067708,-30,0,0,0,0,0,0,2,-5.99632670223696,0.248170104326737,-7.03228039431375,0,0,0
641,-47.296248638237,-0.00660669568967266,3.33009463697881,0.413448718253702,-0.00218051551813748,-0.00188759828211753,-47.493936224415,0.0150748607857631,3.21195210920712,0.417729684040234,-0.0158335461268564,-0.0169440970018129,-30,0,0,0,0,0,0,2,-6.78509595519339,1.55320489111412,-4.72949451823294,0,0,0
642,-46.8869503446221,-0.00801057154781838,3.32796373776905,0.405147818080555,-0.00062724117694481,-0.0023709629760772,-46.6944185168415,0.0606001966930349,3.32652932461147,0.425605491851703,-0.00154616331691484,-0.00167413617921145,-30,0,0,0,0,0,0,2,-9.17171215148731,0.0334159383054144,-6.4856450313018,0,0,0
643,-46.4874346391431,-0.00862105467881476,3.32535133872615,0.393883537956555,-0.000593732157464418,-0.00284951003073017,-46.3609252190245,0.0836290326712709,3.52352766779721,0.411033083695126,-0.0161149663055158,-0.00638407353566895,-30,0,0,0,0,0,0,2,-8.38145793146369,1.44423856520904,-6.40864798202753,0,0,0
644,-46.0988413679449,-0.0084926243962717,3.32207173797247,0.383302809001187,0.000850587303301825,-0.00370562646212835,-46.1260292975456,-0.275299576873829,3.41283767980407,0.386728104040414,-0.00632802927964933,-0.0101046587201408,-30,0,0,0,0,0,0,2,-6.42075180895008,1.18340208171259,-5.81520948759407,0,0,0
645,-45.719862629483,-0.00705030616024267,3.31760986737507,0.374654230273827,0.00203404353225199,-0.00521477166051509,-45.7064953381522,0.00960460420643235,3.34683045690219,0.380527306063076,-0.00286593758085047,-0.00479671311435539,-30,0,0,0,0,0,0,2,-6.63973993000323,0.267384549672182,-6.21398960236884,0,0,0
646,-45.3497398512779,-0.00488254039451737,3.31155254355929,0.36559082294441,0.00230148234001973,-0.00689638891401077,-45.3123339327823,0.0445445685420192,3.30507438120635,0.38021964307169,-0.00850814676892389,-0.00314191997066189,-30,0,0,0,0,0,0,2,-7.39729644160435,0.76172553980835,-6.29595676534651,0,0,0
647,-44.9890118068096,-0.00220015978125984,3.30401476517862,0.355864909242771,0.00306327374934229,-0.00817544391738513,-44.7885853427893,0.138372394052014,3.17187352173295,0.350691010055591,0.0215191277907064,-0.0141042299734172,-30,0,0,0,0,0,0,2,-5.49193031998053,-2.42865756717467,-4.93332404612418,0,0,0
648,-44.6368395991929,-0.000351189482621752,3.29519514738006,0.3484791437857,0.000634662847258472,-0.00946093482450697,-44.6006181012075,-0.0740700240416652,3.33447467898897,0.351578904606469,0.00608423045604531,-0.00184732790506998,-30,0,0,0,0,0,0,2,-5.95665425823186,-0.4602829975212,-6.48421656747095,0,0,0
649,-44.2927005406822,5.33550927097544E-05,3.28461115490787,0.339798258784663,0.000174420666841047,-0.0117037254982909,-44.2324913343421,0.0626028132434357,3.2131149565868,0.340026860504644,-0.00855404039413095,-0.00328959446273606,-30,0,0,0,0,0,0,2,-5.53770338178025,0.730198412926223,-6.09727046689999,0,0,0
650,-43.9569611174842,0.000592896916244604,3.27182605420229,0.331679903759639,0.000904656424282323,-0.0138633644299638,-43.9384522577787,0.0956614882757491,3.14923180699864,0.354048970166386,-0.00603985962911123,-0.0201265690916398,-30,0,0,0,0,0,0,2,-7.52799250108116,0.412662986359625,-4.2858067048333,0,0,0
651,-43.6296060492103,0.00170393005642819,3.25821011319202,0.323030522395505,0.00131740477536785,-0.0133652177618892,-43.7740092936239,0.0971608727779927,3.20472595056644,0.32996318895924,0.0135256771975305,-0.00582419333531292,-30,0,0,0,0,0,0,2,-5.44830030867627,-1.54688946530904,-5.82703256760158,0,0,0
652,-43.3105203198892,0.00224791126249944,3.24386475080727,0.315140322488548,-0.000229446455423031,-0.0153224938146302,-43.2935928708646,0.0987607627949532,3.38934644487475,0.328566836657674,0.00347232243293073,-0.0239213232368321,-30,0,0,0,0,0,0,2,-6.26949792403824,-0.544753768882979,-4.38656056606629,0,0,0
653,-42.9992287803347,0.0017461230475736,3.2283943993463,0.307442756373905,-0.00077413619078298,-0.0156152668271897,-43.1786368291716,-0.150980594723715,3.1240517238307,0.30655549319128,-0.00206969697006192,-0.0170856676177547,-30,0,0,0,0,0,0,2,-4.29827566078471,0.508930886453623,-4.53953668588593,0,0,0
654,-42.6948880928094,0.00122647038394435,3.21199224003828,0.30123814492434,-0.000265174650796831,-0.0171866692095422,-42.5113176978056,-0.094884722962863,3.16159803683449,0.306311690744428,0.0112300728198361,-0.0169735040513675,-30,0,0,0,0,0,0,2,-5.60853367883167,-0.933237836057886,-4.62584566853223,0,0,0
655,-42.397305440259,0.000494704882868138,3.19438130292741,0.293926951765815,-0.00119836127486349,-0.018032420601101,-42.52578538397,0.150214243082211,3.08965827118701,0.304653108595558,0.00352208875515125,-0.0302418678408429,-30,0,0,0,0,0,0,2,-5.41374009161573,-0.652637361679547,-3.15512975828974,0,0,0
656,-42.1065180635645,-0.00102994176423069,3.17646533636671,0.287647982294738,-0.00185093787897421,-0.0177971157541237,-41.8958182619293,0.109418081900593,3.1145677338969,0.29896848972825,-0.00896575257747758,-0.019998971624372,-30,0,0,0,0,0,0,2,-6.1052124489663,0.677739093946571,-4.22923830535659,0,0,0
657,-41.822606994926,-0.00254197532244382,3.1585671762624,0.280174176804588,-0.001173136061099,-0.0179963744613005,-41.7631165348626,-0.155798860172211,3.21366983251129,0.302517540299778,-0.0191685490683938,-0.00397356129292466,-30,0,0,0,0,0,0,2,-6.7255209602526,2.2284526271838,-6.02998353573012,0,0,0
658,-41.5469561703677,-0.0026008538918347,3.13994133355415,0.271127108943766,0.00105537380645795,-0.0192519136703677,-41.4771753587796,0.0373633703325401,3.31766932836092,0.272221652549991,0.00721819997872188,-0.0172327554527089,-30,0,0,0,0,0,0,2,-4.26781453743979,-0.796546738537269,-4.91206311145094,0,0,0
659,-41.2790342773967,-0.00194373707943871,3.11978357517589,0.264716109404746,0.000258854016620304,-0.0210611706741436,-41.0670046816439,0.111700001055766,3.22669222867525,0.283522279644006,-0.0042506348723679,-0.0141828594922579,-30,0,0,0,0,0,0,2,-6.21821860111272,0.201663485125258,-5.03509850812471,0,0,0
660,-41.0183432023906,-0.00158401989676682,3.09835814283242,0.256665865287498,0.000460575091786448,-0.0217866723313794,-41.0426888282332,-0.00943473623912362,3.03003125013113,0.25633634364111,0.0193001387345067,-0.0165449448866919,-30,0,0,0,0,0,0,2,-3.54825670764452,-1.91114440097243,-4.40556801159307,0,0,0
661,-40.7644453744603,-0.00207900563553096,3.07566867207559,0.251129224779929,-0.00145054968774477,-0.0235901651754898,-40.6916780823513,-0.0329581588971656,3.2463528534553,0.257520627926061,-0.00327226055836735,-0.0222591355030858,-30,0,0,0,0,0,0,2,-4.36870662790344,0.393142373631067,-4.26679215660202,0,0,0
662,-40.5163725771779,-0.00333296451757419,3.05148349405144,0.245016025285773,-0.00105737315087192,-0.0247778825753235,-40.7644632632379,0.099185706987183,3.00361903200997,0.240035740148685,0.00322221347962296,-0.0318273455707812,-30,0,0,0,0,0,0,2,-2.47464748839278,-0.520592761936662,-2.82450350694182,0,0,0
663,-40.2732236999038,-0.00465062320017952,3.02612597727135,0.241281395704589,-0.00157795008352453,-0.0259357106883895,-40.4524468769946,0.014276659257749,3.07536643163313,0.257787305281492,-0.0129853621649996,-0.00349681396817863,-30,0,0,0,0,0,0,2,-4.87383677415988,1.26998289798447,-5.8010514664484,0,0,0
664,-40.0356635226939,-0.00559356485148483,2.99914580255542,0.233838289749417,-0.000307938069879784,-0.0280218599947413,-40.2667529816614,0.158923289333481,3.03783973636903,0.222824127318155,0.00427265631320128,-0.0339588675315769,-30,0,0,0,0,0,0,2,-1.74890676849277,-0.745112209987089,-2.67979271958036,0,0,0
665,-39.8033616033899,-0.00627405325890646,2.97039523688545,0.230765105819329,-0.00105304500015179,-0.0294780782069911,-40.0425976530633,-0.0232226940407286,2.87915432591155,0.221325741055916,-0.00310928253576458,-0.0145314457876128,-30,0,0,0,0,0,0,2,-2.04737879946491,0.357373641657915,-4.30516407306182,0,0,0
666,-39.5747425191228,-0.00714841065729621,2.93963286446528,0.226472216600998,-0.000695675268839987,-0.0320450402830359,-39.4383737951142,0.0539035352431022,2.8391505010424,0.220210716202278,-0.00679129535565473,-0.0331628407445539,-30,0,0,0,0,0,0,2,-3.14432402999938,0.571322465079269,-2.3620169276294,0,0,0
667,-39.3502712600294,-0.00755840636215826,2.90741430984961,0.222470260374134,-0.000124322089537381,-0.032390547591409,-39.3155956552501,-0.125229447789077,2.82760039458282,0.221114070406835,-0.0153042547318794,-0.037279028703338,-30,0,0,0,0,0,0,2,-3.48021573018337,1.78088436876609,-1.92729791883184,0,0,0
668,-39.1298049697506,-0.00679226346739477,2.87512947109242,0.218462479412221,0.00165660221332521,-0.0321776077003031,-39.1906883722919,-0.0554363475065309,2.78152106045398,0.234829428392745,-0.00323315658535412,-0.0411734310401619,-30,0,0,0,0,0,0,2,-5.10156609469066,0.434188353548474,-1.44569901689178,0,0,0
669,-38.9138469643354,-0.00491852901147512,2.84374347191929,0.21345418174275,0.00209086101573895,-0.0305925136713808,-39.0665611463891,0.00956693088385053,2.93904846878119,0.224828484745233,-0.0147749895366054,-0.0251504896406552,-30,0,0,0,0,0,0,2,-4.34972618174503,1.45836509189284,-3.36304797349687,0,0,0
670,-38.703174983675,-0.00209846187882545,2.81295715428047,0.207889718465367,0.00354926777245924,-0.0309780474168848,-38.7753140425207,-0.00360272474291579,2.84075459405217,0.204610595650882,-0.00152364255091841,-0.0293855529296726,-30,0,0,0,0,0,0,2,-2.91043148004676,0.159569704577673,-2.74295389513708,0,0,0
671,-38.4973070162681,0.00153060637854723,2.7816032352194,0.203846022284193,0.00370886109886294,-0.0317282656828184,-38.5834448986106,0.00671992556790402,2.79357546730179,0.202122842827173,0.0008886649334059,-0.0163135480963384,-30,0,0,0,0,0,0,2,-3.04539448549611,-0.102306344476398,-3.95579612496975,0,0,0
672,-38.2959041285649,0.00518832515988518,2.74906182938874,0.198959248607831,0.00360657009042132,-0.0333527226431956,-38.307186936058,0.0532970685966627,2.72913137467556,0.205517737003252,0.0102037347706203,-0.0321651244619189,-30,0,0,0,0,0,0,2,-3.93739982820913,-1.12696761425536,-2.24175030315924,0,0,0
673,-38.0992250678233,0.0082314365355641,2.71585346896131,0.194399054490451,0.00247964711971324,-0.0330622939647722,-38.1531445323803,-0.0338757529689757,2.71648903615105,0.199543796320172,-0.00464194089554132,-0.0305429519336301,-30,0,0,0,0,0,0,2,-3.64809056725661,0.531945595492083,-2.3786828789391,0,0,0
674,-37.9070321635557,0.010977077871702,2.68279846321978,0.189986830133626,0.00301163147254585,-0.03304607750918,-38.0555533958278,-0.116025290414962,2.62994308490431,0.204396930335355,0.0200202166016785,-0.02496485067652,-30,0,0,0,0,0,0,2,-4.32858624187983,-1.76997107933793,-2.76340110215661,0,0,0
675,-37.7196384103769,0.0131037501162336,2.64981831007663,0.184800796252794,0.00124170689123495,-0.0329123094983531,-37.6108303950398,0.0352938553454898,2.5229475756833,0.198503036287728,-0.00504190284343814,-0.0415403473679827,-30,0,0,0,0,0,0,2,-4.6286428386932,0.433602573652835,-0.891860414568329,0,0,0
676,-37.5369808915826,0.014562295060091,2.61781203795874,0.18051495968094,0.00167537701624752,-0.0310986419460219,-37.6419136141916,0.0432550751537905,2.62974235818396,0.174586636280327,-0.00345840811476159,-0.0179271940640752,-30,0,0,0,0,0,0,2,-2.17483639964951,0.259330661168578,-3.46676530996039,0,0,0
677,-37.3584161499061,0.0163673433009041,2.58585605545793,0.17661398347545,0.00193471308049983,-0.032811871140112,-37.3705714824856,0.0237898104845207,2.44174451848666,0.182244187464628,0.00137294567859563,-0.0300774569919875,-30,0,0,0,0,0,0,2,-3.48327578149166,-0.184874188828605,-1.87574333777456,0,0,0
678,-37.1837887797645,0.0182096426068623,2.55322058917353,0.172640951437986,0.001749879314503,-0.032457585772915,-37.3053239040532,-0.0536177009668922,2.55376593100626,0.183077659865801,0.00828523294868432,-0.0344843783695689,-30,0,0,0,0,0,0,2,-3.69711817847381,-0.721287892934647,-1.65909402505564,0,0,0
679,-37.0131526385095,0.0195989036894564,2.52109487955327,0.168631634916318,0.00102863719426339,-0.0317923485176369,-36.9856597309105,0.138793802034365,2.49567144733178,0.171589598703836,-0.00313680456458965,-0.0318555077387408,-30,0,0,0,0,0,0,2,-3.18764040856248,0.0360928523902346,-1.80579212078948,0,0,0
680,-36.8463677542507,0.0206456083595797,2.48942536730152,0.164938286220163,0.00106476627335591,-0.0315453074605274,-36.8088292182307,0.13664397914732,2.48537207572207,0.162403357975091,-0.00788968435125982,-0.0237311788351612,-30,0,0,0,0,0,0,2,-2.62267736104774,0.515680476831341,-2.59762626792803,0,0,0
681,-36.6832936979393,0.0219682278812743,2.45752097031083,0.16120963754795,0.00158046694743165,-0.0322621062772314,-36.7137366275937,-0.140401650189567,2.46632434985809,0.159162707523222,-0.0124484712939589,-0.0356769920381426,-30,0,0,0,0,0,0,2,-2.48879749713478,1.52565042977503,-1.36494949590193,0,0,0
682,-36.5235192820213,0.0243115371205534,2.42535091589923,0.158339324859214,0.00310614605180643,-0.0320769301214158,-36.3340570811093,-0.0163809392530529,2.4862510675114,0.153703626498299,-0.00734306627009257,-0.0391072036430858,-30,0,0,0,0,0,0,2,-2.70224848761139,0.767068505515363,-1.06178177071422,0,0,0
683,-36.3666065321211,0.0278012374764583,2.39355446199619,0.155486436541778,0.00387324931536307,-0.03151491389377,-36.2623021572636,-0.0650160192053474,2.46179092613122,0.157301448351073,0.00786402056975497,-0.0328539513891537,-30,0,0,0,0,0,0,2,-3.20554052058001,-0.656370018564802,-1.63818671334707,0,0,0
684,-36.2129212989758,0.0313463239016655,2.36224936534101,0.151884239305112,0.00321691725960316,-0.0310939537115184,-36.114663473699,0.0332166050328301,2.4301010374975,0.139906020773698,0.00218431121180906,-0.0345430019631579,-30,0,0,0,0,0,0,2,-1.76127512997179,-0.284864331246566,-1.40590187867922,0,0,0
685,-36.0621957500953,0.0344208206482216,2.33101855950503,0.149566823543764,0.00293206941297872,-0.0313667887319108,-36.0244484105204,-0.163904900008645,2.28096370771834,0.159410379503011,0.0165692408113308,-0.0329365123289873,-30,0,0,0,0,0,0,2,-3.89214112926036,-1.32911428111579,-1.26827618253794,0,0,0
686,-35.914587113388,0.0366883621735983,2.30022525814509,0.145650914093063,0.00160300745809205,-0.0302183841463906,-35.8701026013146,-0.00295107844619594,2.27023109809211,0.141971544047233,-0.0194883886830517,-0.032213902496187,-30,0,0,0,0,0,0,2,-2.45694920209403,1.95474102519756,-1.31907194656552,0,0,0
687,-35.770342052521,0.0392687571778895,2.27012412027709,0.142839349075902,0.00355777703011839,-0.0299828507132161,-35.8449535569847,0.101836814864403,2.25248872528242,0.149017984866197,0.0361160452263866,-0.039371713538288,-30,0,0,0,0,0,0,2,-3.21189137265027,-3.81527815236746,-0.567806096736033,0,0,0
688,-35.6289752209964,0.040918921571856,2.24078997167053,0.139894827608123,-0.000257453809865947,-0.0286843612422549,-35.6630835642901,0.060306890121927,2.26064775095799,0.137583462543942,0.00120530315641137,-0.037681002750613,-30,0,0,0,0,0,0,2,-2.43217912581404,-0.241144095884991,-0.753195226854682,0,0,0
689,-35.4903009144942,0.040540914728704,2.21244471299851,0.137454080987566,-0.000498564871230246,-0.0280052507380411,-35.3100830915046,0.0196997978461131,2.34472494476221,0.143068476141375,-0.00170507931849169,-0.027476301579098,-30,0,0,0,0,0,0,2,-3.68668143112824,0.131108336156943,-1.94181973161462,0,0,0
690,-35.3549266245093,0.040107929655963,2.18469891060473,0.133294736229983,-0.000367413367643055,-0.0274848453845882,-35.3387150117255,-0.0361589325514969,2.04928122496447,0.138790879205932,-0.000715527944529357,-0.0358075453342795,-30,0,0,0,0,0,0,2,-3.20165789714226,0.143870659555929,-0.517807916500984,0,0,0
691,-35.2230813254124,0.0398124781692737,2.15788951780852,0.130396389676303,-0.000223495124581144,-0.0261328793591,-35.1820038286909,0.0448485598417218,2.19046888385313,0.134212448581912,0.00317843567174704,-0.0339963891241392,-30,0,0,0,0,0,0,2,-3.0572372008095,-0.407540686858148,-0.98129885529234,0,0,0
692,-35.0942188285125,0.0393852366083015,2.13220830466258,0.12732897445076,-0.000630994586084865,-0.0252284261517176,-35.1533488221511,0.0848811779017508,2.11638517060767,0.115329127521062,-0.0173071702392031,-0.0357848485414271,-30,0,0,0,0,0,0,2,-1.22621510780409,1.56095466811681,-0.65428548707263,0,0,0
693,-34.967601341951,0.0395347299641855,2.10699856590828,0.125906063254261,0.000929974365640397,-0.025190510951357,-34.9440896831563,-0.183384686654136,2.23237638843741,0.135233730598539,0.00853522550219156,-0.0184146318883226,-30,0,0,0,0,0,0,2,-3.63519369354131,-0.486753176910885,-2.62328958804255,0,0,0
694,-34.8439619341664,0.0402213475064071,2.08179811343531,0.121372793766165,0.000443257628642905,-0.0252087649514006,-34.8605987846445,-0.150267726895605,2.08050932671611,0.104981022446343,0.0026459040095396,-0.0407069352508991,-30,0,0,0,0,0,0,2,-0.776904675345341,0.0359450528372501,-0.0903251283423057,0,0,0
695,-34.7229493840418,0.0406825867121157,2.05669622133667,0.120652430946295,0.000479214533812575,-0.0249947267249039,-34.5074601633117,-0.0585853300284501,2.19739894666333,0.122152601355236,0.0036145729298503,-0.00731494857660132,-30,0,0,0,0,0,0,2,-3.20033980890013,-0.24428663292813,-3.66330303566652,0,0,0
696,-34.6047141442325,0.0410396710655892,2.03115560668493,0.115817716759299,0.000234948280715492,-0.0260847741680459,-34.5953543075268,-0.0225095381134984,2.07827402409474,0.110826500645394,-0.00377820885754143,-0.0244253998696425,-30,0,0,0,0,0,0,2,-1.89194144948585,0.422839961981139,-1.71400806122524,0,0,0
697,-34.4901973568963,0.04148605015406,2.00489020035313,0.113215781276841,0.000657804193996944,-0.0264450920060469,-34.6639139221556,-0.0206646983276078,1.82976448980031,0.114839521745553,0.00248188399310879,-0.0193528976648833,-30,0,0,0,0,0,0,2,-2.15612433024401,-0.206859002655663,-1.7242392131123,0,0,0
698,-34.3783895646291,0.0420404370657788,1.97834518352548,0.110399780909881,0.000450965347242441,-0.0266439223779831,-34.2515999879354,-0.0846575404171251,2.0247541400767,0.0980772519170669,-0.0132330729214313,-0.0396816285703596,-30,0,0,0,0,0,0,2,-1.30452521583581,1.49262237297738,-0.0813454231174404,0,0,0
699,-34.2685542548429,0.0432377273834356,1.95198444792944,0.109271085558052,0.00194360822672709,-0.0260771203151242,-34.3781316773422,0.0470300719823256,2.14618010588652,0.110636919043546,0.00618309931573253,-0.0325921422587993,-30,0,0,0,0,0,0,2,-2.30742854967018,-0.712370075537904,-1.03314598589312,0,0,0
700,-34.1605354909042,0.0448251673889913,1.92613016886158,0.106766643812495,0.00123126673849791,-0.025630531879429,-34.1958455692112,0.136509061624204,1.96576968783302,0.119719501572945,-0.00284438920171363,-0.0278585710521126,-30,0,0,0,0,0,0,2,-3.58025901887218,0.0114207969229554,-1.14568227045477,0,0,0
701,-34.0555541100341,0.0460621715923105,1.90107664275856,0.103196564162413,0.00124273584450036,-0.0244752448946797,-33.8177005503547,0.0704317253137264,2.00489027566013,0.0989065828605189,0.010016286009177,-0.0146116876197608,-30,0,0,0,0,0,0,2,-2.25525718534248,-1.14249205154515,-2.54861178934419,0,0,0
702,-33.9540590928337,0.0467336722297771,1.87622089766775,0.0997932504610559,0.00010025843916697,-0.0252350313253052,-33.942840209089,-0.169689451656527,1.83993401713567,0.103557669894853,-0.0120011548602901,-0.0213147640044419,-30,0,0,0,0,0,0,2,-2.47008657130723,1.53949438934206,-1.54839163382715,0,0,0
703,-33.8557407339171,0.0476036935424999,1.85106722169227,0.0968435671097871,0.0016397796094494,-0.0250712653813186,-34.0563181827953,0.0938250656676008,1.81915330364455,0.102140360777743,-0.0174010252894991,-0.025262503005637,-30,0,0,0,0,0,0,2,-2.10139971218378,1.55245239761471,-1.11205630672541,0,0,0
704,-33.7600916343932,0.0500197129164472,1.82613623725972,0.0944547710751801,0.00319225656440775,-0.0247898439496671,-33.9607587634637,0.193126111017381,1.84807564462344,0.0945756236463601,0.00532640070821996,-0.00945839202378217,-30,0,0,0,0,0,0,2,-1.53604483770861,-0.918892292856758,-2.75031208686867,0,0,0
705,-33.6671208235711,0.0527525269041033,1.80067267092103,0.091486426947176,0.00227336547968148,-0.0261362323628303,-33.699031838006,0.0849197096131122,1.91597440788471,0.0791817237039069,0.00246385553173837,-0.0243274047324462,-30,0,0,0,0,0,0,2,-0.520108694378715,-0.416224972400062,-1.39920834252479,0,0,0
706,-33.5763010852892,0.0548177804307423,1.77407658329246,0.0901527701904991,0.00185713687447708,-0.0270554570043889,-33.5302981773455,0.0880594672557847,1.79752511251424,0.0731945631532334,-0.00540097258758554,-0.0503850244988903,-30,0,0,0,0,0,0,2,-0.258859960632272,0.363978324246985,1.44345222486055,0,0,0
707,-33.4858258599249,0.056856916994594,1.74759093412326,0.0907981130052289,0.00222113188254835,-0.0259160341502659,-33.4995982974654,0.267246199807021,1.78878205890407,0.0853474547998288,-0.00512209081015457,-0.0238471469120077,-30,0,0,0,0,0,0,2,-1.535548885052,-0.0222833185985836,-1.19284942660736,0,0,0
708,-33.3960263766003,0.0590669174788105,1.72161460336917,0.0888008497144994,0.00219886321845835,-0.0260359098388553,-33.353588478634,0.0055637873711787,1.59432879917851,0.0810241867566801,-0.0065068108936791,-0.0346776389789507,-30,0,0,0,0,0,0,2,-1.39524171839994,0.639553514625552,0.279106299538044,0,0,0
709,-33.3077088480586,0.0615855731742013,1.69605067409277,0.0878345738657759,0.0028384418287945,-0.0250915867710784,-33.3092104403914,0.0736061982898649,1.83508947064999,0.105035420970729,0.012076434932208,-0.0242794037500854,-30,0,0,0,0,0,0,2,-3.88512121628997,-1.35485588980053,-1.24223856629144,0,0,0
710,-33.2218034358537,0.0637466155174035,1.67161898183115,0.0839767453249765,0.00148363837572076,-0.023770441172564,-33.0918489368963,0.209796506921591,1.61530372103089,0.0863490401812664,-0.0122110966810791,-0.0188231543937443,-30,0,0,0,0,0,0,2,-2.45120614433406,0.801516654264725,-1.34829200268735,0,0,0
711,-33.1392290237297,0.065631029399324,1.64802170744431,0.0811722357283843,0.00228518323263633,-0.0234231175217976,-33.3237945845974,-0.0493813176829673,1.63798695213321,0.0852788121380811,-0.00370753454915056,-0.0323223010533197,-30,0,0,0,0,0,0,2,-1.88029204461338,0.469516090280991,-0.0437437989344449,0,0,0
712,-33.0588271165435,0.0681509882492478,1.62510353041787,0.0796319619016933,0.00275472951971914,-0.0224126809998845,-32.9582350162546,0.0206733717845353,1.54186673970768,0.0927160960956356,-0.0111571630347057,-0.0235409370582294,-30,0,0,0,0,0,0,2,-3.35513957705428,1.0743695599015,-0.729639773592424,0,0,0
713,-32.9807535861108,0.0714429294248628,1.6033936285686,0.0765156201089877,0.00382914732246106,-0.0210060264860712,-32.9849652760711,0.127113482468755,1.68514657374204,0.0701325106646789,0.00480381645034348,-0.0165641090214538,-30,0,0,0,0,0,0,2,-1.04332051432568,-0.734608609971859,-1.71388224533871,0,0,0
714,-32.9052050691506,0.0749047761600472,1.58198441218165,0.0745811729546462,0.00309454087075298,-0.0218117196335465,-32.9785975540161,0.0897264558328631,1.7452324726282,0.0800373758353599,0.0264308973097919,-0.0129431272754702,-30,0,0,0,0,0,0,2,-2.04654247550374,-2.82254264264492,-2.19615221770938,0,0,0
715,-32.832133353631,0.0765880560398586,1.55989965721079,0.0715621063123333,0.000272012528447303,-0.0223567353700033,-32.9668212168695,0.0129328411797314,1.68765338882018,0.0778581621994567,0.00499992655044898,-0.0137771774991401,-30,0,0,0,0,0,0,2,-1.85217378620659,-0.525858337404361,-1.99758902772636,0,0,0
716,-32.7619431414892,0.076597148722035,1.53728898722151,0.0688181806533225,-0.000253832951595596,-0.0228636447095266,-32.7467882959097,0.133878982705777,1.55915418158179,0.0839043454469069,-0.00245345864890283,-0.0295318560369235,-30,0,0,0,0,0,0,2,-2.8968579528713,-0.0224121005212705,-0.165122759471219,0,0,0
717,-32.6943255670298,0.0763321356538488,1.51521487933274,0.0664175410926121,-0.000276199380001518,-0.0212837298406337,-32.6236289313348,0.242152836035247,1.65318704407859,0.0683250949029208,-0.0155154906649526,-0.0221221809179064,-30,0,0,0,0,0,0,2,-1.58525162762247,1.06724339442477,-1.09415599636653,0,0,0
718,-32.628890885072,0.0765895687914374,1.49394912830102,0.0644518684856222,0.000791060336124922,-0.021247083140835,-32.6450485012024,-0.0489161493469983,1.38615974995549,0.0712504001889799,0.00354484372372834,-0.00489179141912538,-30,0,0,0,0,0,0,2,-1.83494301649315,-0.256652073678837,-2.28314035799844,0,0,0
719,-32.5658937990449,0.0772523113728632,1.47233978006862,0.0615420899217263,0.000534418364369507,-0.0219706043777808,-32.3463137114777,0.0658138220168051,1.52388766400843,0.0616129015097303,-0.0137140982551136,-0.0149444762961686,-30,0,0,0,0,0,0,2,-1.4686627280177,1.23978218147775,-1.5533276984,0,0,0
720,-32.5054346509596,0.0784066291957648,1.45017712948044,0.0593761086262444,0.00177421099953272,-0.0223539416637359,-32.6959122228271,-0.0030058178288225,1.5263395543014,0.0540605801325689,-0.00829917987453123,-0.0108782262507638,-30,0,0,0,0,0,0,2,-0.0142335676026111,0.835929623110768,-1.96485648352642,0,0,0
721,-32.4467084224312,0.0805988006755079,1.42701423677634,0.0580758320982086,0.00261012387354558,-0.0239713863519651,-32.3628420716959,-0.124339680388084,1.36451823629087,0.0604702510404848,0.00161710344624998,-0.000455918248078429,-30,0,0,0,0,0,0,2,-1.32134096065669,0.0869690161511696,-2.68344464777389,0,0,0
722,-32.3900174575193,0.083252411319971,1.4023705816931,0.0553056733839143,0.00269709118588177,-0.025314968188915,-32.5570021381286,0.148006346263723,1.56748638566377,0.0470397082752719,0.00523743996053852,-0.028927042390907,-30,0,0,0,0,0,0,2,0.410033448730097,-0.819756688581299,-0.242268532236847,0,0,0
723,-32.3346549913346,0.0855396227633629,1.37678268567797,0.0554191048921029,0.00187732574073438,-0.0258608472424469,-32.3802563378652,0.137509257212521,1.42524067132103,0.042217726211442,0.00127394079426297,-0.0151942713946941,-30,0,0,0,0,0,1,2,0.538740054586109,-0.402412593851339,-1.33105420317264,0,0,0
724,-32.2794748020149,0.0872157347918326,1.35018696011751,0.0549408062383354,0.00147489288205983,-0.0273304274027806,-32.2484394943165,0.00814314702266751,1.17965928498706,0.0611995333751081,0.01047631100167,-0.0328008417064819,-30,0,0,0,0,0,1,2,-1.62307434887782,-1.06391739421233,0.920765600674067,0,0,0
725,-32.2248957765008,0.08815868909089,1.32367823983396,0.0542178316382248,0.000411009834043086,-0.0256867527230649,-32.0082949800924,-0.0142154060129628,1.34018108387476,0.051359215375349,0.00448130290241909,-0.0139498283881604,-30,0,0,0,0,0,1,2,-1.1193315773502,-0.419699478215983,-1.28537932893348,0,0,0
726,-32.1715436146774,0.0883598566345607,1.29780178124042,0.0524863970707616,-8.68255366510089E-06,-0.0260655669862406,-32.0769124916441,-0.0340029267890892,1.21932426205508,0.0510417338089775,0.00534248949761216,-0.0242799176194302,-30,0,0,0,0,0,1,2,-0.950348397609476,-0.466243096183037,-0.0106567621671445,0,0,0
727,-32.1194529873404,0.0881180644511205,1.27198681488608,0.0516950590302221,-0.000474910287465581,-0.0255640860750903,-32.1055231070901,-0.0324295976975914,1.36036259339411,0.0608436722810593,-0.00930304188390648,-0.0121164994384101,-30,0,0,0,0,0,1,2,-1.87332101392579,0.995163383785831,-1.50907524294722,0,0,0
728,-32.0689856682314,0.0881407480125056,1.2463893687238,0.0492395885923211,0.000520270512101262,-0.0256299647806832,-32.1777335105766,-0.136897223023186,1.04407765048965,0.0474489412447347,0.0154638912033585,-0.0305014519469833,-30,0,0,0,0,0,1,2,-0.389427103320235,-1.27259467428948,0.961989893719019,0,0,0
729,-32.0196152114378,0.0880247311940791,1.22120947360435,0.0495016578560441,-0.000752309516777334,-0.0247298994857285,-31.9779766898349,0.0926808898451368,1.26587717859359,0.0389977087473576,0.0101595495157033,-0.020427455235065,-30,0,0,0,0,0,1,2,0.0561825049340561,-1.2013167312606,-0.489008833680685,0,0,0
730,-31.9702719957787,0.0866717635267239,1.19622819887022,0.0491846323258461,-0.00195363138976341,-0.0252325310576641,-32.0422060597953,0.0435894367961596,1.0747535966767,0.0537198231689591,-0.00362892088077309,-0.0153526399514826,-30,0,0,0,0,0,1,2,-1.2875701973054,0.27571321448499,-0.61424319820514,0,0,0
731,-31.9218038241311,0.0848559989850484,1.17112466563767,0.0477518255067248,-0.00167790254746699,-0.0249740405251916,-31.9813311717869,0.0945117354116098,1.08961421944882,0.0426214380197644,-0.007695796736069,-0.0346190464782857,-30,0,0,0,0,0,1,2,-0.299481458402544,0.580556202783681,1.28267620893093,0,0,0
732,-31.8737825943101,0.0834683851849083,1.14669632721915,0.0482910292719676,-0.00109733039189049,-0.0238828037539706,-31.9068537346965,0.169947643934981,0.861836701154303,0.0420217867864973,-0.00317923408690067,-0.0385676131272197,-30,0,0,0,0,0,1,2,-0.388471209256634,-0.021971879179896,2.13308791041337,0,0,0
733,-31.8249837501597,0.0823600843193616,1.12371439921722,0.0493072915138591,-0.00111927752262976,-0.022081378133383,-31.6866261680671,0.0526289130847248,1.25254587045771,0.0489371540632343,0.00998543452583704,-0.0195427168395484,-30,0,0,0,0,0,1,2,-1.52046307018916,-1.10380127875315,-0.550820056960579,0,0,0
734,-31.7764596086725,0.0806889191551966,1.10186231603932,0.0477411736656065,-0.00222305883408926,-0.0216222499063626,-31.5659357460386,0.0565976645500492,1.23118261353256,0.0362608353147101,0.00969405097874671,-0.00115680740135071,-30,0,0,0,0,0,1,2,-0.494212039393833,-1.08260042697477,-2.34668448693005,0,0,0
735,-31.7296807692508,0.077924556811533,1.07945250823684,0.0458160072754358,-0.00330567150544459,-0.0231967073818322,-31.8690753886196,0.10247229310523,1.11935426316479,0.0413540427673783,-0.00433678155491857,-0.0319663633174088,-30,0,0,0,0,0,1,2,-0.397253499498607,0.228733569281396,0.957927805411292,0,0,0
736,-31.6837338585118,0.074733262409269,1.05670876579631,0.0460781445213205,-0.00307692319707388,-0.0222908523907083,-31.890040714354,0.0814508148132474,0.997242550488408,0.0540989794641749,-0.0110841171256051,-0.0432458076630666,-30,0,0,0,0,0,1,2,-1.62981651770958,0.945510082934018,2.33009566532984,0,0,0
737,-31.6375576420638,0.0721291201024572,1.03579226245696,0.0462752303704278,-0.00213136648131492,-0.019542206633531,-31.5897419838216,0.111067090843736,1.04587143182036,0.0583902295673705,0.00313019117657356,-0.0347272286561693,-30,0,0,0,0,0,1,2,-2.6595389890938,-0.535153299344827,1.3809800019762,0,0,0
738,-31.5918808855428,0.0697302073248477,1.01759006968669,0.0450791990307455,-0.00266646460999908,-0.0168617655084849,-31.4519581060537,0.0733486343014606,1.07714668022044,0.0355524892003781,0.00509927427917229,-0.00963177312077843,-30,0,0,0,0,0,1,2,-0.651332707930389,-0.65662469652015,-1.19111604836303,0,0,0
739,-31.5474522196688,0.0667354331846561,1.00043887073736,0.0437779647797359,-0.00332308900990623,-0.0174401848372347,-31.5398732629269,-0.0334885176761808,1.11522405954774,0.0421023917288315,0.000178646649247309,-0.0179768739193649,-30,0,0,0,0,0,1,2,-1.13049264702929,0.0491123704276306,-0.432760727158988,0,0,0
740,-31.5042655174496,0.063436909862126,0.983155113217737,0.0425955696058868,-0.0032739619960447,-0.0171269241878395,-31.6365727623685,0.0238573761325273,1.0140104983646,0.0467465103812204,0.0164974871419636,-0.0359222917549887,-30,0,0,0,0,0,1,2,-1.40150551338503,-1.69746346646141,1.56420817876967,0,0,0
741,-31.4617230762271,0.0593142373329089,0.967037997389586,0.042490007833462,-0.00497138915337531,-0.0151072589320803,-31.3734469867488,0.132870086069645,0.977050735480172,0.0372115828954802,-0.00411741721590514,-0.00573452533751401,-30,0,0,0,0,0,1,2,-0.974264316050333,0.146001549451224,-1.38064893720894,0,0,0
742,-31.4200673866196,0.0544158533647861,0.951675704465343,0.0408212249993447,-0.00482538368995241,-0.0156167592749966,-31.4237439411489,0.147591090904546,1.0521979493056,0.0358632089893636,-0.0108326419007581,-0.0139340079550208,-30,0,0,0,0,0,1,2,-0.738833016638644,0.788082008266723,-0.71099510310911,0,0,0
743,-31.3797753328035,0.0499845167803148,0.935986120722216,0.0397628581784612,-0.00403729581394868,-0.0157620462431527,-31.3606547464792,0.02145010195199,0.854855642762462,0.0627057890746281,0.00380721356815658,-0.00274431674766723,-30,0,0,0,0,0,1,2,-3.54926941450438,-0.423621560719638,-1.4352796107582,0,0,0
744,-31.3418499066903,0.0457354358153388,0.920780405211612,0.036088386461414,-0.00446087207095025,-0.014648157342678,-31.1479482789887,0.157434436376579,1.01256207211024,0.0389842788771095,-0.014441972606829,-0.030971939921025,-30,0,0,0,0,0,1,2,-1.60253132973355,1.12932838792974,1.07206984788203,0,0,0
745,-31.3060455000204,0.0418392488713078,0.90702329955992,0.0355210383966545,-0.00333150836606361,-0.0128658555221443,-31.3311042214565,0.0700670389102608,0.887949375106038,0.043451638921816,-0.000846618093833361,-0.0144909663600923,-30,0,0,0,0,0,1,2,-1.68295544926858,-0.0554722684371856,-0.326802114202841,0,0,0
746,-31.2712885427228,0.0384800194966047,0.894540602719886,0.0339931494868336,-0.00338695609558695,-0.0120990227971494,-31.2834279403583,0.192126922530767,0.814405653056941,0.0476402852707983,-0.0183731698199587,-0.00547418091628047,-30,0,0,0,0,0,1,2,-2.19717264636315,1.45306313693434,-1.08139321448583,0,0,0
747,-31.2384985779456,0.035819610350831,0.88270413086564,0.0315869719544646,-0.00193386657994493,-0.0115731155675022,-31.3052446181346,0.117913909601837,0.958358577462614,0.0299940114482155,-0.00584627805071675,-0.0158415337199952,-30,0,0,0,0,0,1,2,-0.388911908552381,0.348799985868001,-0.332563782925708,0,0,0
748,-31.2071822276396,0.0340601481913371,0.871097602766174,0.0310457262473968,-0.00158506314508568,-0.0116397514771437,-31.3534998756932,-0.091496118250864,0.991697130802565,0.0405726156591118,-0.00953493628903458,-0.00946277398829888,-30,0,0,0,0,0,1,2,-1.35026181452484,1.13648586540519,-1.03711686277524,0,0,0
749,-31.1770015848339,0.033043337034875,0.859467080262211,0.0293155854974505,-0.000448564286487077,-0.0116207130966034,-31.1033998549062,-0.0697370421277102,0.779587414637411,0.040482176745822,-0.000826629169084332,-0.0149759218051223,-30,0,0,0,0,0,1,2,-1.84141796476972,0.222137001163854,-0.0615826487625897,0,0,0
750,-31.1484226024595,0.0327058587758622,0.848388131976123,0.027842755212767,-0.000226397880265995,-0.0105366885627697,-31.0387712164121,-0.0897137409773781,0.849614582562586,0.0271950711033919,0.0144682829394195,-0.0181467914376087,-30,0,0,0,0,0,1,2,-0.641964677515073,-1.2674008119872,0.115449978635703,0,0,0
751,-31.1208010310756,0.0318457692036797,0.838073763489594,0.0274005507990082,-0.00149378725298506,-0.0100918948274629,-31.1479586883787,-0.0166305523357265,0.82477591466562,0.0199795822835216,0.0184595974362037,-0.00521440738121156,-30,0,0,0,0,0,1,2,0.297959148405175,-1.81269863894892,-1.12811109121008,0,0,0
752,-31.0936662590962,0.0294456307901084,0.827426558130297,0.0268686489199919,-0.00330650048436497,-0.0112023379009509,-30.9861807856675,0.0733590866142865,0.805136406113421,0.0172338803965586,-0.00644831890015782,0.000490625111490237,-30,0,0,0,0,0,1,2,0.248973531679148,0.498113716787209,-1.65933532337587,0,0,0
753,-31.0672553411022,0.0263881806099745,0.815483162413183,0.0259527198949373,-0.00280840515544004,-0.0126841456257685,-31.1045029886066,0.070671083381186,0.9352171724648,0.0342394829410476,0.000948910504752581,-0.00897314530703623,-30,0,0,0,0,0,1,2,-1.21494231689162,-0.23623321723763,-0.973119814225977,0,0,0
754,-31.0420958448658,0.0234616675709585,0.802795012292452,0.0243662899860904,-0.00304462702613951,-0.0126916275312943,-31.0503143572533,0.0391901168632638,0.863603163833306,0.0349914249916603,-0.0127041802650528,0.00552575445500678,-30,0,0,0,0,0,1,2,-1.39851378465946,1.19203779277876,-2.27978177316729,0,0,0
755,-31.0190169145918,0.0210130654447479,0.789663863775572,0.0217912998342567,-0.00185258619682824,-0.0135698177872333,-31.1050076018959,0.00791227345539558,0.884436801084559,0.00805701318779978,-0.0167441749710203,-0.0103556424924919,-30,0,0,0,0,0,1,2,1.40431388501176,1.65859295019124,-0.733309352919931,0,0,0
756,-30.9969462389108,0.0199897638708125,0.775333553677764,0.0223495720283499,-0.000194022418606909,-0.0150909788157693,-30.8534385768892,0.11108060798184,0.652527016332949,0.0150973479198983,0.00434321692913633,-0.00299223225903214,-30,0,0,0,0,0,1,2,0.197142361788631,-0.656482908877312,-1.00583080676268,0,0,0
757,-30.9748657662853,0.0194674964021196,0.75977078683215,0.0218110848808056,-0.00085051722271258,-0.0160343720063101,-31.0992324932554,0.079147226768068,0.912583181953901,0.0343569430777023,-0.00212622114123488,-0.0169904195540454,-30,0,0,0,0,0,1,2,-1.23722932125947,0.0543276605873523,-0.126124408503265,0,0,0
758,-30.9535826051313,0.0186441539323742,0.744065968871134,0.0207554684208552,-0.0007961705419636,-0.0153749112304601,-31.0159340051664,0.0548432272205722,0.726607503967525,0.0279989044081467,0.00701329881355159,-0.00464039684411723,-30,0,0,0,0,0,1,2,-0.768022430481973,-0.811016335796303,-0.989175323523327,0,0,0
759,-30.9334575779809,0.0174424796067294,0.728541461671124,0.0194945064750825,-0.00160718293268998,-0.015673685711104,-30.7172655467572,0.103495485900904,0.576227199759545,0.0263425110316738,0.00783102383231148,-0.0223624069283097,-30,0,0,0,0,0,1,2,-1.19972000965296,-0.990093355032956,1.08378629331188,0,0,0
760,-30.9140815310444,0.0153402675713565,0.71364599152636,0.0192581120872395,-0.00259724741080359,-0.0141171744264106,-30.9400966598785,0.131143652988908,0.599339699497395,0.0244145352559279,-0.0100451599061603,-0.0143753103982087,-30,0,0,0,0,0,1,2,-0.561260205835848,0.742228684638217,0.238851640826082,0,0,0
761,-30.8949741052135,0.0131141429480723,0.699778827890809,0.0189569202436591,-0.00185500753384274,-0.0136170478867404,-30.5362599168868,0.111465021771077,0.786455755276086,0.017612808764985,0.0157781693725705,-0.0239137574831133,-30,0,0,0,0,0,1,2,-0.68876104272487,-1.80074698079921,0.818464237759155,0,0,0
762,-30.8760263588499,0.0103587738818411,0.68667322771988,0.0189389216030488,-0.00365573624653104,-0.0125941394336766,-30.9040172999064,0.0868367199541298,0.595942563222424,0.0365003772317302,-0.00199981124138222,-0.0220575001539151,-30,0,0,0,0,0,1,2,-1.84200312336014,0.0263076842299621,1.01386488894666,0,0,0
763,-30.8574681414028,0.00671621459313178,0.675041357674199,0.0181781549472138,-0.00362938985354996,-0.0106693491113341,-30.8720751092541,0.120018782204139,0.643323319739109,0.0201616943877335,0.014085593501567,-0.00422796792902303,-30,0,0,0,0,0,1,2,-0.272019220265093,-1.64859691456498,-0.863849846575914,0,0,0
764,-30.839689021747,0.00226252792074999,0.664111425307743,0.017379931381929,-0.00527798980902896,-0.0111902515470449,-30.8705430376368,0.0255624926383794,0.597826493495924,0.0106723183156446,0.000178500117363118,-0.00664379335761848,-30,0,0,0,0,0,1,2,0.673854243709043,-0.0689749970130707,-0.53127365123,0,0,0
765,-30.8222421836183,-0.00304995552422635,0.652477534371706,0.0175134720024574,-0.00534698035415025,-0.0120775650450916,-30.8399339697958,-0.0766752004496086,0.435763850012639,0.028067618846421,0.000987466651433854,0.0053663225072387,-30,0,0,0,0,0,1,2,-1.12689394505055,0.0546037357558318,-1.40815995074915,0,0,0
766,-30.8056301430365,-0.00836962658543548,0.640214694161094,0.0157105084344338,-0.00529237046477586,-0.0124475289543733,-30.8905201525047,-0.133071415287499,0.550986434147722,0.0228146892530359,-0.000129613756097898,0.00244321952670428,-30,0,0,0,0,0,1,2,-0.50042862029411,0.279104206184788,-1.34629482096587,0,0,0
767,-30.7905645503305,-0.01352244353816,0.627401683926477,0.0144204560977212,-0.00501326975296153,-0.0131780724746607,-30.8365678902737,0.0821771600642796,0.693435247718868,-0.0143148684713281,-0.0210094053098899,0.000403083441885926,-30,0,0,0,0,0,1,2,3.10462262768026,1.93658621086043,-1.42717883962633,0,0,0
768,-30.7754557184122,-0.0175674478516366,0.612646400217428,0.015796207922843,-0.00307674635149141,-0.0163329346153408,-30.8366031597314,-0.0885688892239974,0.570762542423434,0.0331131589206184,-0.00287122516916409,-0.0151406981791041,-30,0,0,0,0,0,1,2,-1.63810957259911,0.464260295364404,0.37254473306354,0,0,0
769,-30.7601722122559,-0.0204120466392993,0.596970517982544,0.014771243992798,-0.00261245620418888,-0.0150184965741266,-30.7658747825488,-0.0372546714457365,0.428084391819272,0.0227418228353234,-0.0035885837625152,-0.0160615518504912,-30,0,0,0,0,0,1,2,-0.742432718434646,0.433367719142993,0.749986401410575,0,0,0
770,-30.7454507358113,-0.0228078078137312,0.58245813899968,0.0146720510251158,-0.00217906993253281,-0.0140062252917996,-30.7095273014218,-0.0626424861021221,0.516585324345658,0.0179401629610439,-0.0028572988695195,-0.0102095470690936,-30,0,0,0,0,0,1,2,-0.374961693260837,0.411014859156194,-0.012215941781953,0,0,0
771,-30.730939543246,-0.024781363472408,0.568550184506209,0.0143504149880761,-0.00176804908164801,-0.0138095765260775,-30.7602916853075,-0.230193231710128,0.441811449151199,0.0131576612369154,-0.000392633687687488,-0.00583763069488079,-30,0,0,0,0,0,1,2,0.20481724692336,0.499649832189004,-0.299859828814318,0,0,0
772,-30.7166260705385,-0.0262995858042785,0.554540164896026,0.0142764212488157,-0.00126840516881229,-0.0142104384868917,-30.7119823783249,-0.180525584479092,0.48404518877479,0.033009599578383,0.00178755588169618,-0.0183015916317582,-30,0,0,0,0,0,1,2,-1.87699520118845,0.182295580788565,0.86206878562624,0,0,0
773,-30.7027878501993,-0.0274768211314697,0.541251986088442,0.0134006267660765,-0.0010860716250983,-0.0123656352023247,-30.6689512259811,-0.132112139797906,0.422153571089476,0.00819617586232198,0.00264742253448678,-0.0148874323671034,-30,0,0,0,0,0,1,2,0.518284865729995,-0.000517973852866449,0.64443609453139,0,0,0
774,-30.6889944078864,-0.0285631506510605,0.5289384822355,0.0141863063887339,-0.00108659245872026,-0.012261619843582,-30.5565544053696,0.14385840700104,0.602052856471868,0.00901364470137083,0.00107019717097137,-0.0102063236403597,-30,0,0,0,0,0,1,2,0.211744340602059,-0.394736531099216,-0.183473348907763,0,0,0
775,-30.6748033299467,-0.0298471113313093,0.516518105083641,0.0141957643214611,-0.00148133401634908,-0.0125791306550995,-30.5476519016931,-0.196462272280296,0.654979540981426,0.014776175519182,0.0129235867719052,-0.0148687873817089,-30,0,0,0,0,0,1,2,-0.382313748532001,-0.899434132629931,0.176919656208036,0,0,0
776,-30.660707333875,-0.0317781557748811,0.504111623251709,0.0139963530761157,-0.00238076040830736,-0.0122337647699505,-30.5566449892368,-0.0698735595530424,0.433870680830576,-0.000133325357224495,-0.00165075598609333,-0.0155035948038303,-30,0,0,0,0,0,1,2,1.12662251419602,0.304822717715418,0.682618118721878,0,0,0
777,-30.6460768260402,-0.0340065082702627,0.491742373964625,0.0152645912906418,-0.00207595011099267,-0.0125051357637026,-30.6125321534762,-0.103014770711847,0.571939800921569,0.0187317394817528,0.00817784427100255,-0.0164644364478399,-30,0,0,0,0,0,1,2,-0.648109641222872,-0.611754885676562,0.502564042940848,0,0,0
778,-30.6309037965458,-0.0363883255021601,0.479619385065024,0.0150817260773022,-0.002687690116751,-0.0117407800362715,-30.7275875051557,0.0923785175405389,0.626517358544412,0.00484642608005434,-0.00436418196773149,-0.0294280146017253,-30,0,0,0,0,0,1,2,0.970532402305867,0.251661161692071,1.68976674308371,0,0,0
779,-30.6149132168767,-0.03895018504671,0.468170999634035,0.0168996320939897,-0.0024360301311431,-0.0111565622644364,-30.5233506411929,-0.148202124862582,0.363548204903212,0.0361399248905246,-0.00667340015023263,-0.000290925014931075,-30,0,0,0,0,0,1,2,-2.56729120666674,0.963744264748428,-0.698003908313316,0,0,0
780,-30.5992203693901,-0.0409043222399354,0.457580680759365,0.0144864376868951,-0.00147225015491708,-0.0100233036251017,-30.630822026279,-0.19549193616573,0.467166780356768,0.0172842574349549,-0.0104409563672437,-0.00520164859934485,-30,0,0,0,0,0,1,2,-0.466781690937587,1.43507950905583,-0.41416870077905,0,0,0
781,-30.5850586715363,-0.0416590278887981,0.447536733435881,0.0138369576793482,-3.7166630942454E-05,-0.0100643801869603,-30.4125503038986,0.165441311572722,0.337782936650916,0.0255898311198629,0.00499992318698814,-0.0262481861537419,-30,0,0,0,0,0,1,2,-1.73388250418906,-0.830874941844259,1.94925274207236,0,0,0
782,-30.5712377431971,-0.0421116066643263,0.438757170250927,0.0138057276161301,-0.00086799654124655,-0.0074947324142925,-30.5514566858106,0.164997089173699,0.365234959500552,0.00017119457053312,0.00074042311637483,-0.00690965236387939,-30,0,0,0,0,0,1,2,1.08579391456784,-0.404036489984881,-0.0395046826131644,0,0,0
783,-30.5570498614288,-0.0431816270032118,0.43086805305361,0.0145697987557046,-0.00127205103208467,-0.0082837402461776,-30.6484041232742,-0.204640110542181,0.477189995541833,0.00896011411319567,0.013095437033726,-9.91200250619068E-05,-30,0,0,0,0,0,2,2,0.400796835228856,-0.900263482288234,-0.944467988577474,0,0,0
784,-30.5426551198805,-0.0449038138551907,0.422078067110435,0.0142193762064865,-0.0021723291888998,-0.00929611439028168,-30.5093489745094,-0.00817047473449814,0.432049737983716,0.00838880544036236,-1.43602855100888E-05,0.0100182684765357,-30,0,0,0,0,0,4,3,0.179817404982487,0.0177769780200052,-1.865926323621,0,0,0
785,-30.529000317599,-0.0470672613016828,0.412004991296291,0.0130897514067205,-0.002154571257998,-0.0108496745143209,-30.3111611839656,0.00735627991562295,0.367738014656175,0.021973489664653,-0.0110526855097291,-0.00990083789220056,-30,0,0,0,0,0,4,3,-1.57502659853416,1.09055599114167,0.254607759907706,0,0,0
786,-30.5164274784259,-0.0486765384160171,0.401754796774151,0.0120563184177956,-0.00106398745986123,-0.00965038267558741,-30.4710968870077,-0.0770814797299898,0.428390953809491,0.00601450371363374,-0.015257959851205,-0.00426584453198667,-30,0,0,0,0,0,4,3,0.34074340265197,1.67995894458048,-0.430197454420314,0,0,0
787,-30.5043993192629,-0.0489005474117656,0.391812105088394,0.0119998299342025,0.00061596222135128,-0.0102349810460391,-30.3704172207813,-0.0495797505470264,0.499211165270015,0.0108469582053709,0.00054750436507598,-0.0142542744957915,-30,0,0,0,0,0,4,3,-0.343861378974555,0.0444090645864549,0.427005119039124,0,0,0
788,-30.4923983770424,-0.0482623732357578,0.381832603387121,0.012002227076128,0.000660380566737454,-0.0097240225492755,-30.2584104744206,-0.267631492281679,0.392048445195802,0.00299713722803704,-0.0084769663334353,0.000873340219804373,-30,0,0,0,0,0,4,3,0.21710722603744,1.38295961790689,-0.871430912372042,0,0,0
789,-30.4806176983035,-0.0469105158938399,0.371692981676583,0.0115588815633561,0.00204332912062101,-0.0105550783423504,-30.5820752572561,-0.0204168369363619,0.237216774889469,0.0220568407778198,-0.0131438015817484,0.00143514355420833,-30,0,0,0,0,0,4,3,-1.04153356326974,1.35521383204756,-0.617947905199772,0,0,0
790,-30.4696657960239,-0.0441895711862794,0.361236668381944,0.0103450003168119,0.00339855455057134,-0.010357163559823,-30.4872668732933,0.0675530469719979,0.342641028570226,0.00497447054408859,-0.00217176309738972,-0.0109994170634711,-30,0,0,0,0,0,4,3,0.477086692177743,0.0820702157949759,0.414659649206653,0,0,0
791,-30.4590174447866,-0.0407499808350576,0.350857683111916,0.0109517021410754,0.00348062059277049,-0.0104009935775544,-30.4635895738724,-0.133494394342859,0.272403139212406,0.0128147230321901,-0.00306154586226572,-0.00298579207958657,-30,0,0,0,0,0,4,3,-0.354293155474187,0.573143374912291,-0.246227070466155,0,0,0
792,-30.4482924941112,-0.036982783947913,0.340465685610706,0.0104982185748785,0.00405376760330972,-0.0103828563085618,-30.3389172638668,0.0670776299067446,0.256588217500197,0.015875178399426,-0.0039221067964522,0.00586070929357364,-30,0,0,0,0,0,4,3,-0.909683312209031,0.25805541983173,-1.09924736435776,0,0,0
793,-30.4385125156962,-0.0327999834862138,0.329960314020955,0.00906167471220178,0.00431182831409379,-0.0106274314209845,-30.5257621352716,-0.192672420037626,0.283839264781037,0.00802263185863207,0.0057255636340719,-0.00391848156080394,-30,0,0,0,0,0,4,3,0.249261084679941,-0.187211523331939,-0.175830373481681,0,0,0
794,-30.4294296546722,-0.0285817612697199,0.319167857957718,0.00910395677339576,0.00412461121940314,-0.0109574920727186,-30.5006497865307,-0.0560517550167093,0.334289928456147,0.0234418817725539,0.00167331901696458,0.00259850534563827,-30,0,0,0,0,0,4,3,-1.34288860419399,-0.0552283916630393,-0.928430391476121,0,0,0
795,-30.4211482764064,-0.0244847538743099,0.308298015524693,0.00745886977915846,0.00406939664059709,-0.0107816773610094,-30.5412122244537,-0.145640287111397,0.474649181061661,-4.59975186265461E-05,0.0171028237033601,-0.00244280919288545,-30,0,0,0,0,0,4,3,1.08702420077011,-1.41900179611321,-0.705017442834778,0,0,0
796,-30.413534323231,-0.0211248676040302,0.296875369535989,0.00776864731283768,0.00265037108036368,-0.0120637096801517,-30.316106079433,-0.124685505249034,0.348531779284098,-0.00366589222647377,-0.0025815883528565,-0.0284237326142358,-30,0,0,0,0,0,4,3,0.998801381513288,0.507529845783718,2.14530970285539,0,0,0
797,-30.4046899756084,-0.0182207276687455,0.285258218497544,0.00992033906021567,0.0031579032259878,-0.0111712604695879,-30.3488582043775,-0.0365662127528967,0.249576317812747,0.00376363693707871,-0.00302242545851963,0.00720223589148956,-30,0,0,0,0,0,4,3,0.321352715047107,0.375374971357756,-1.21937622477445,0,0,0
798,-30.3950720105727,-0.0148751415853977,0.273509986918045,0.0093152431949162,0.00353326243782489,-0.0123250139632235,-30.6167473357612,-0.138451616092613,0.465442474895039,0.00634654111619662,0.00077315443613894,-0.000576328066403668,-30,0,0,0,0,0,4,3,0.598840559902753,0.199587788571332,-0.873252143149711,0,0,0
799,-30.3858411997017,-0.0112420910200711,0.260643890162827,0.0091460543159688,0.00373283294711956,-0.0134071265407691,-30.5430212070779,-0.0344620876586663,0.17498566109682,0.00563419643610036,0.0163087744167928,-0.0199993090876413,-30,0,0,0,0,0,4,3,0.522622770545741,-1.56195326636195,1.64995958657049,0,0,0
800,-30.3759620706842,-0.00829022842229118,0.247656687918972,0.0106124782799555,0.00217088544373374,-0.0125677320013738,-30.3727842142422,-0.00413815502648321,0.213314558544796,-0.00657577064098102,-0.00245969292482219,-0.012394653625636,-30,0,0,0,0,0,4,3,1.40314549258253,0.254245602535185,0.812836245474006,0,0,0
801,-30.3645706138531,-0.00599222558293101,0.234901707500788,0.012170330795996,0.00242511525198335,-0.012942710495522,-30.484168010684,-0.0531693489708757,0.0815798531995096,0.00409657663742918,0.00611641022722577,-0.00864097584068182,-30,0,0,0,0,0,4,3,0.558678357625177,-0.505302324780825,0.700937877669163,0,0,0
802,-30.3519718768143,-0.00381975993107123,0.222012659364014,0.0130271919676564,0.00191980989738798,-0.0128356485975116,-30.1973276100895,-0.106546679295459,0.196462579031814,0.0120803891314637,0.00605705320059187,-0.00133946129497503,-30,0,0,0,0,0,4,3,-0.81338369296734,-0.392611961468269,-0.258979028566124,0,0,0
803,-30.3393466349392,-0.00209624763452857,0.209336067990396,0.0122234060768376,0.00152720892216276,-0.0125172820365528,-30.2016479759064,-0.115161793193421,0.187553777440217,0.0261183475998617,-0.00428772470599901,-0.0111536071413614,-30,0,0,0,0,0,4,3,-2.20853880817346,0.659096056986742,0.740253159255708,0,0,0
804,-30.3277045623147,-0.00023946612806602,0.197817598520456,0.0110613738273458,0.0021863472823076,-0.0105192922534742,-30.2619133510868,-0.0204023493407026,0.164543831413524,0.0348317733153808,0.00685687187590414,-0.00589851019128772,-30,0,0,0,0,0,4,3,-2.95935062936458,-0.644882488909009,0.260763356301724,0,0,0
805,-30.3176616006832,0.00162446906699132,0.188373813152645,0.00902523056640166,0.00154151516272174,-0.00836764679281864,-30.277681741099,0.107737555507224,0.235685175062396,0.0138835321835243,-0.00132277581655953,0.000675904391196259,-30,0,0,0,0,0,4,3,-0.83298973615447,-0.0831975293584951,-0.538960789244418,0,0,0
806,-30.3091367243417,0.00312439233849661,0.180071657287049,0.0080245737056141,0.00145832652125327,-0.00823635385460634,-30.2523347134601,0.126379384970735,0.123762870527717,0.00894526611170492,-0.00533048801295305,-0.0178010976860853,-30,0,0,0,0,0,4,3,-0.389857184250283,0.280290031353836,1.5325840275531,0,0,0
807,-30.300750255835,0.00472287637959645,0.172517125419947,0.00874879443270069,0.00173863613391966,-0.00687293119950753,-30.2093256539547,0.178794553862256,0.0258356696198134,0.00747717755468363,0.015549041825969,-0.00888252024308244,-30,0,0,0,0,0,4,3,-0.329066447558999,-1.91249329032141,0.836580685068617,0,0,0
808,-30.2918506871659,0.00550527521189995,0.166048045319295,0.00905060227402332,-0.000173844573838973,-0.00606531919132363,-30.2986376683331,0.0317350338847011,0.130266841702898,0.00298526792925398,-0.0250487452146639,-0.0134038659739474,-30,0,0,0,0,0,4,3,0.298748543740703,2.44140445369699,1.07985291398895,0,0,0
809,-30.2823348537018,0.0065521370439124,0.160264012854649,0.00998124721824453,0.00226756434913762,-0.00550302718587511,-30.3291078820193,-0.0634202319710159,0.108518187522589,0.0112373275971339,-0.00802689075017804,0.0153037138775523,-30,0,0,0,0,0,4,3,-0.465516995674796,0.929529538959835,-1.74740776280041,0,0,0
810,-30.2731247493491,0.00928446442270221,0.154257599292405,0.00843866106066346,0.0031970863526103,-0.00650932194019933,-30.2554557227802,0.0230561929414598,0.0872232839346795,0.018077383532928,0.00582324524746626,0.00146360219293152,-30,0,0,0,0,0,4,3,-1.29682690773234,-0.628436910629545,-0.320806787162511,0,0,0
811,-30.2652820408904,0.0121673439079837,0.148052911794647,0.00724695370551158,0.00256866775655459,-0.00589968242094864,-30.3946327412627,0.0359574420350469,0.273553693777036,0.0166977857529305,-0.00428238975877851,-0.00217697082388579,-30,0,0,0,0,0,4,3,-0.880513092767739,0.356324091807757,-0.329410305165493,0,0,0
812,-30.2584800857286,0.0149141820757919,0.142314952497262,0.00635706751140527,0.00292500332008327,-0.00557596142460757,-30.290677863732,0.0363582024558557,0.0410306174196462,0.0371849106489808,-0.0042002348851306,-0.0235114795758866,-30,0,0,0,0,0,4,3,-3.13713533743417,0.347307083601349,2.26908672274937,0,0,0
813,-30.2525183177829,0.0180128768935183,0.138621629480225,0.00556763199255593,0.00327238101788973,-0.00181044039464509,-30.2885403968039,0.185898360903513,0.255099537231196,0.00307033781893913,0.00691629674991525,-0.0155247946575555,-30,0,0,0,0,0,4,3,0.270047011713871,-1.06342639679855,1.04228039129316,0,0,0
814,-30.2465051291839,0.020753550143557,0.137089179507268,0.00645892379860743,0.00220895923707573,-0.00125472867068518,-30.2018257034994,0.217328853876048,0.246522073637759,-0.0022565371683182,-0.00356919297115954,0.00514704947176434,-30,0,0,0,0,0,4,3,0.629305123830546,-0.0777384106361418,-1.00774909445195,0,0,0
815,-30.2401630156237,0.0229236337095161,0.135236378590334,0.00622494646655411,0.00213120188807317,-0.00245079999756794,-30.2298220656406,-0.133741970400133,0.129812487598893,0.024262822589614,-0.000260738416044807,-0.0218586753474294,-30,0,0,0,0,0,4,3,-1.9666381276803,0.293557782404746,1.92624255954516,0,0,0
816,-30.2340142604687,0.0252016410963614,0.134146061692691,0.00607340520586293,0.00242480828728396,0.000270218862789606,-30.2664988748003,0.106391219870406,0.396757995871504,0.0103742259204904,-0.0153172719716974,0.00112024546906746,-30,0,0,0,0,0,4,3,-0.504424842448488,1.31894475742893,-0.905540538649754,0,0,0
817,-30.228438938103,0.0282859245966037,0.134240957350729,0.00507714161859208,0.00374375341727834,-8.01199684729026E-05,-30.0502121915952,-0.0489386572872357,0.243649187339153,-0.00442806151570559,0.0173009566375885,-0.0166663783345732,-30,0,0,0,0,0,4,3,0.543230534760895,-1.63221834918438,1.17933945877901,0,0,0
818,-30.222767623702,0.0312135728749554,0.134395589608289,0.00626563948226665,0.00211153642832301,0.000389025281493021,-30.1733820344684,0.0256930393259976,0.0682251241372334,0.00856411809310839,-0.00609777593120478,-0.0100596164671525,-30,0,0,0,0,0,4,3,-0.509647740374096,0.558391514468483,0.869511398440781,0,0,0
819,-30.2163987614766,0.0336043161957989,0.135262519161163,0.00647238437908823,0.00266994374084724,0.00134477419386093,-30.2691875559518,0.00733923089486803,0.207310406021828,0.00891327538510747,0.00128182868649786,-0.00322738957934606,-30,0,0,0,0,0,4,3,-0.352952426607206,-0.142861330439522,-0.0918818541090497,0,0,0
820,-30.2100918141851,0.0362028346199196,0.136679379978641,0.00614156258632174,0.00252708735618162,0.00148905524977693,-30.2579517534974,0.00799338069014029,0.133580662193481,0.017961848060563,-0.0125645488154114,-0.0019566422607276,-30,0,0,0,0,0,4,3,-1.28028129906149,1.24046812016086,-0.071497098314201,0,0,0
821,-30.2044482709682,0.0393501693941904,0.138563896177546,0.00514577247087293,0.0037675756784745,0.00228028336590267,-30.2018481554724,0.11759423710355,0.228189995591116,-0.00293900369835735,0.00799475329541353,-0.016816057080798,-30,0,0,0,0,0,4,3,0.697596680780438,-1.03466380374845,1.22522571689757,0,0,0
822,-30.1986340955686,0.0426004153408627,0.14104171851642,0.00648270439087891,0.00273291112076176,0.0026749590506612,-30.1612830780619,-0.117911014543128,0.132494798844899,-0.000293670517145603,0.0135724298976975,-0.00999449675304951,-30,0,0,0,0,0,4,3,0.351933207838458,-1.12142096068349,0.734460077615154,0,0,0
823,-30.1917763246955,0.0447726190600182,0.143851247018901,0.0072329247070878,0.00161149078616457,0.00294387510266283,-30.2920378695936,0.229871809411977,0.140606088947073,0.00426013776758448,0.000986437257845926,0.00135949064427177,-30,0,0,0,0,0,4,3,0.158061962428673,-0.558387344608547,-0.417161242321323,0,0,0
824,-30.1846316652837,0.0461049155281826,0.146574010111167,0.00705626709630021,0.00105309726711425,0.00250170937944826,-30.2158199527462,-0.0678667784234211,-0.00107937001282321,0.0193631288354287,-0.0120167577979589,-0.00878018218842456,-30,0,0,0,0,0,4,3,-1.50467297805046,1.33740933664273,0.880176958868103,0,0,0
825,-30.1778290401745,0.0478267362892647,0.149896265355932,0.00654948717241662,0.00239053867550218,0.00414295998128872,-30.1292334779799,0.0746136545789849,0.0534378043010012,0.000567745834878017,-0.0116089401399689,0.00249339994401142,-30,0,0,0,0,0,4,3,0.201692372471931,1.01166670483892,-0.356215603003144,0,0,0
826,-30.1713305720371,0.0507231086493428,0.153826016300076,0.00644732878532945,0.00340219902204011,0.00371657660740991,-29.9835900698258,-0.0214601409562572,0.0879100181482097,0.0130471630783294,0.0101545139938987,0.00203300177405338,-30,0,0,0,0,0,4,3,-1.33753616818136,-0.972531117477356,-0.379120213701758,0,0,0
827,-30.1655043668426,0.0536390539382553,0.157847044676668,0.00520527030617823,0.00242968637720967,0.00432585865318925,-30.0816370273411,0.192763550423927,0.102047881198043,0.00559777190904131,0.00141547446423707,0.000728165042258437,-30,0,0,0,0,0,4,3,-0.39650313622194,-0.527074547271561,-0.276912266621929,0,0,0
828,-30.1605413697951,0.0558052076120439,0.16219405821714,0.0047207424702667,0.00190261588472402,0.00436831833893327,-30.1716520349584,0.0621168446569604,0.174476227348808,0.00376945810505938,-0.00146756842763417,0.0186805975884591,-30,0,0,0,0,0,4,3,-0.0336417405890621,0.0225231534494965,-2.21701221354352,0,0,0
829,-30.1565942415553,0.057719078624001,0.16575239540256,0.0031730360210208,0.00192512042853688,0.00274882496724187,-30.0881207481272,0.078529448242152,0.336645144288986,0.00594697403220702,-0.00335921229740602,0.00737024235776318,-30,0,0,0,0,0,4,3,-0.418455906966381,0.178862333256298,-1.41031452435429,0,0,0
830,-30.1540603546687,0.0597336306139862,0.168118370822411,0.00189451606374804,0.0021039773807795,0.00198351388187808,-30.2348313465927,0.000527139528435049,0.0852295152977096,0.00421505962669271,-0.00676806919624078,0.0241355030789337,-30,0,0,0,0,0,4,3,0.0481567305161625,0.675752640567208,-2.58400933848879,0,0,0
831,-30.1530377389547,0.0621754754737831,0.169132862467156,0.00015014013070912,0.00277970690741583,4.59957957681355E-05,-30.10517201743,0.129354766964403,0.286478328918739,0.00435199059009683,0.00500830886222288,0.016493570791602,-30,0,0,0,0,0,4,3,-0.224855024149633,-0.759540420151094,-2.22231373699768,0,0,0
832,-30.1537366400501,0.0645754069671331,0.168436673246142,-0.00154837931412023,0.00202015093687115,-0.00143786194849057,-30.2051189681725,0.164571133745296,0.172332206670786,-0.00880854926154928,0.00430826212099202,-0.00892252166766012,-30,0,0,0,0,0,4,3,1.29109286249999,-0.759968479589795,0.547587753424439,0,0,0
833,-30.1546338271417,0.0662155687866344,0.166745979625318,-0.000246139544266461,0.00126016620062188,-0.00194391490545469,-30.0788600721591,0.237181642136522,-0.0152795168696013,-0.000876491315063267,0.00727900229510083,0.0117144729277909,-30,0,0,0,0,0,4,3,0.245369275824603,-1.20226351378313,-1.14088825903988,0,0,0
834,-30.1551889307761,0.0668745986717282,0.164292999473631,-0.000864364317051611,5.78888413498874E-05,-0.0029618575520144,-30.3537655408467,0.209574512940336,0.342241649770428,0.012431353348971,0.0183460653581736,-0.00459595674341908,-30,0,0,0,0,0,4,3,-0.535604253203697,-2.25375556169804,-0.224887625198947,0,0,0
835,-30.1563324046629,0.0658056164322505,0.161423728659277,-0.00142251940505531,-0.00219585995596172,-0.00277651620975743,-30.2296904569816,-0.0339352202518426,0.138759776534634,-0.0136653250964311,-0.0044499811796567,0.0108217598944075,-30,0,0,0,0,0,4,3,1.8259134236063,0.512868558469355,-1.35969554251002,0,0,0
836,-30.1575660736467,0.0638661721581587,0.157516624075904,-0.00104548400271815,-0.00168303283433967,-0.00503780476115016,-30.2526495630507,-0.178894414378171,0.200173306166746,-0.00101022083054382,0.00296546710385783,-0.00740523832440328,-30,0,0,0,0,0,4,3,0.606321209155852,0.0612421183705578,0.340177220106835,0,0,0
837,-30.15828292981,0.0622137589216379,0.152384309934132,-0.000388277791905571,-0.00162179763282209,-0.00522701850068109,-30.1464746706989,-0.0395408907981514,0.0662310268646158,0.0200975124553438,0.0143470490732772,0.00695213571652827,-30,0,0,0,0,0,4,3,-1.71680190413668,-1.35562312573142,-0.827675625382058,0,0,0
838,-30.1595873650724,0.0599141628490787,0.14743781758413,-0.00222041830037896,-0.00297739999344801,-0.00466542053636843,-30.2141823122542,-0.0923548043704751,0.232117080236562,-4.3206194170912E-05,0.0046452166020493,-0.00776369745584398,-30,0,0,0,0,0,4,3,0.432685243925474,-0.279812051463979,0.312135585111274,0,0,0
839,-30.1615516152238,0.0567968570094118,0.142727817726621,-0.00170810145596162,-0.00325721638240156,-0.00475473101246691,-30.241972153415,0.266888131477724,0.169076246965046,-0.00881942750338403,-0.0120750086645603,0.010608850848305,-30,0,0,0,0,0,4,3,1.36588705716836,0.673724603500582,-1.3990375787606,0,0,0
840,-30.1632549125349,0.0538764887629261,0.136986457258622,-0.0016990726704394,-0.00258352607566637,-0.00672799347456484,-30.1403145663144,0.118306391777383,0.00078767058952417,-0.0129736199671737,-0.013863531381555,0.00108695947416238,-30,0,0,0,0,0,4,3,1.57799112934622,1.14974035460074,-0.110271288595286,0,0,0
841,-30.1644298465737,0.0518678222372745,0.129665478555633,-0.000651139196010532,-0.00143381233071147,-0.00791427507938803,-29.9079513783736,0.142064433874638,0.0748244873089182,0.00745166247712684,0.0008082696164578,0.00794888657642101,-30,0,0,0,0,0,4,3,-0.929263490965513,-0.364955829395056,-0.944537632259937,0,0,0
842,-30.165753210315,0.0502515390671846,0.121720128999766,-0.0019955989176771,-0.00179876120857317,-0.00797602701995375,-30.112283586888,0.0343799073416332,0.346573830118573,-0.0116527710260306,0.0105365201927647,0.0073834321545998,-30,0,0,0,0,0,4,3,1.38984427637911,-1.12241183395974,-1.43149087569713,0,0,0
843,-30.1677501424586,0.0478915567792112,0.112737651292726,-0.00199885255327051,-0.00292120800764267,-0.00998892738079927,-30.279204317196,-0.0411629806758503,-0.253171981861028,0.0101343220523209,0.00587279048076883,-0.00849443538370253,-30,0,0,0,0,0,4,3,-0.455023570840181,-0.504953086725183,1.35578750209231,0,0,0
844,-30.169456540682,0.0447178844954095,0.103387193776355,-0.00141355621128909,-0.00342614198504746,-0.00871216140496035,-30.3149406295513,0.097196345028581,0.141887847382428,0.000321729726560107,-0.00558424680235737,-0.00713792494237712,-30,0,0,0,0,0,4,3,0.5977082864466,0.364031990178575,0.430016799472857,0,0,0
845,-30.1705159776004,0.0414737576780759,0.0946146473797714,-0.000705341967388914,-0.00306211599990858,-0.00883314194849364,-30.0223566487437,0.0202613347572367,-0.00140381742339923,-0.00333935455796568,0.0147489453949624,-0.0150944879802896,-30,0,0,0,0,0,4,3,0.378648753284015,-1.51541720901071,1.51225643287576,0,0,0
846,-30.1705721857764,0.0376539401077625,0.0861871184998708,0.000593176423529221,-0.00457752630160777,-0.00802229960514942,-30.2215858016415,0.0299771457393464,0.243313929222353,0.0145112085407538,-0.0187070948993011,-0.00608022277947088,-30,0,0,0,0,0,4,3,-1.00794925079229,1.81075519845142,0.121394419502383,0,0,0
847,-30.1703108486653,0.0339818020599314,0.0785469690054721,-7.02698214556545E-05,-0.00276675366741332,-0.00725780225628781,-30.140209713694,0.188827405784438,0.0485043595759344,-0.0109500223222684,-0.00522086823599664,-0.0136488590000253,-30,0,0,0,0,0,4,3,1.37542165961487,0.144432012030788,1.26787718085066,0,0,0
848,-30.1694555382539,0.0312872619531239,0.0712603818420636,0.00178088268620129,-0.00262233305997332,-0.00731591768060515,-30.2393456148553,-0.0996136322836622,0.227530511432361,0.014573957859328,-0.0121148961413723,-0.0221509610244657,-30,0,0,0,0,0,4,3,-0.978704556222127,1.41071687870455,1.76003507958185,0,0,0
849,-30.1674273789728,0.0293703041348407,0.0649069937180305,0.00227600854757457,-0.00121158506056384,-0.00539100037599288,-30.1857210195291,0.023705879651787,0.200719386056174,-0.00760168262187943,-0.00638541596110764,0.00386687149576563,-30,0,0,0,0,0,4,3,1.13161030124605,0.59112983680719,-0.788125921688911,0,0,0
850,-30.1650252030757,0.0284542730948561,0.0588283859705874,0.00252794615360655,-0.0006204804352393,-0.00676628406705788,-30.2663354301317,-0.0687488942328525,-0.0441848115701648,0.0166263570868377,-0.0124531173264184,-0.00309669586343691,-30,0,0,0,0,0,4,3,-1.12996484842044,1.38280952110755,0.398039209484021,0,0,0
851,-30.1627753477986,0.0285252106378909,0.0525858693020817,0.00197208033853746,0.000762350894922617,-0.00571858564748406,-29.9729274035098,0.0586719666271024,-0.00697280490566037,-0.00186839220041197,0.00762970763051403,-0.0161749736756291,-30,0,0,0,0,0,4,3,0.132694027060726,-0.880314696305608,1.63144297737423,0,0,0
852,-30.1601978844887,0.0288474128669003,0.0473973033055224,0.00318316669568607,-0.000117951859897308,-0.0046588986158816,-30.1744268784006,0.0658541179023032,-0.021681102341931,-0.0128938570079672,-0.00106194062002352,0.000184652620504397,-30,0,0,0,0,0,4,3,1.63823945759792,-0.025514173802254,0.0248969426334222,0,0,0
853,-30.1564246772662,0.0287166935440528,0.0421666105283226,0.00436292202941556,-0.000143492456156806,-0.00580283051873451,-30.2180140491481,0.12544061603527,0.0395280850636609,-0.00244578352396872,-0.00258546335492803,-0.0229514273849198,-30,0,0,0,0,0,4,3,0.680606450693021,0.00766510342226329,2.21608656836466,0,0,0
854,-30.1510556091659,0.0285770403705099,0.0369115095014109,0.00637554131834367,-0.000135819271551939,-0.00470795901661734,-30.2626945954128,0.118802000421728,-0.0554063466843418,0.00144629938291452,0.00680137117153829,-0.0168103823567712,-30,0,0,0,0,0,4,3,0.380759252534169,-0.917741117997285,1.79185092904581,0,0,0
855,-30.1439281834291,0.0279823575242644,0.0327013438699405,0.00787961062382163,-0.00105355110123661,-0.00371280705380645,-30.2035804831648,0.0510712769136502,-0.0134643009050156,0.0244623721901984,0.00834114215918969,0.0133609168580492,-30,0,0,0,0,0,4,3,-2.03907625269025,-0.93625676974627,-1.30916308399489,0,0,0
856,-30.1372436358777,0.0264606915221228,0.029213225264851,0.00548962521574226,-0.00198978602767951,-0.00326272754130412,-29.9195512145993,-0.201878443802485,-0.120906027730307,0.0166995023618163,0.00369044071888489,0.00649969463654935,-30,0,0,0,0,0,4,3,-1.830847806983,0.0347128157164817,-0.408157408194321,0,0,0
857,-30.1325602711273,0.024488278317184,0.0264281874511317,0.0038773923426996,-0.00195504697318238,-0.00230687498726529,-30.1658304415794,-0.0826964327913522,0.213666148933988,-0.0085000574230802,0.018698680322573,-0.0089473327408162,-30,0,0,0,0,0,4,3,1.18166662546675,-1.70447516667459,0.467400976213644,0,0,0
858,-30.1281026748563,0.0216809891303593,0.0238652184844711,0.00503765808644515,-0.00365953731745102,-0.00281939858496403,-30.1302846305909,-0.0984434048896543,0.15167710662568,0.00153039170447751,0.00802348446682128,-0.00809934271361551,-30,0,0,0,0,0,4,3,0.107530090734078,-0.605461636902819,0.506580058110191,0,0,0
859,-30.1228566751025,0.0177187250463354,0.02117711952626,0.00545442658162048,-0.00426499632086915,-0.00255691693223249,-30.122761386236,0.150185431023382,-0.0372646194539389,0.00657109719234464,-0.00672449003502175,0.00251143914149223,-30,0,0,0,0,0,4,3,-0.411586946762371,0.37207814145541,-0.176614675241345,0,0,0
860,-30.1176179082163,0.0136397732604998,0.0186873761695181,0.00502315363486548,-0.00389291301173771,-0.00242243967234037,-30.2828356644024,0.194616643628227,0.0381007198415118,0.0113179183925633,0.0141793577152869,-0.00646379178707673,-30,0,0,0,0,0,4,3,-0.566120510451535,-1.80716905878514,0.570177739024649,0,0,0
861,-30.1126050373511,0.00884328569928145,0.0166538731518396,0.00500282358652395,-0.00570006793811269,-0.00164455671121606,-30.1438904615546,-0.159436369436783,-0.0397355800430339,-0.024469105245827,-0.0109928858392819,0.00735308003686078,-30,0,0,0,0,0,4,3,2.73469144769184,1.41816132280176,-0.65583684360001,0,0,0
862,-30.1068584632777,0.00385227651467518,0.0138069911910756,0.00648963522614657,-0.00428195674561733,-0.00404963632415491,-30.2662278741571,0.184230838446523,0.0728240285920878,0.0282406491493463,-0.0109952243818504,-0.00433450370680601,-30,0,0,0,0,0,4,3,-2.29160916662036,0.731060761291993,0.287802313496425,0,0,0
863,-30.1010954141915,-6.41275370595254E-05,0.010647253230366,0.00503698757267893,-0.00355085623896545,-0.00226941526770692,-30.1936248871218,0.0804811834984035,-0.0665919542430629,-0.00946570316844128,-0.0223945359675643,-0.00596186047663865,-30,0,0,0,0,0,4,3,1.33382009108779,2.07849122975962,0.729369956149991,0,0,0
864,-30.0953329860107,-0.0025757424339903,0.00815955390146224,0.00648774967212956,-0.00147238039290823,-0.00270640165317228,-30.0922476560317,0.176894092263655,-0.0523603598420238,0.0268986339052796,0.00627368298465478,0.0106902069385376,-30,0,0,0,0,0,4,3,-2.50536807846458,-0.981156482992788,-0.964299974169713,0,0,0
865,-30.0900842938696,-0.00453868068295553,0.00597132244402094,0.0040099452281277,-0.00245350447461273,-0.0016693441521457,-30.0494459167935,-0.0540006784409397,-0.155189952876426,0.000136597326482185,-0.0129941720972296,-0.00022378593110297,-30,0,0,0,0,0,4,3,0.0852321009387499,1.40741856660484,0.332758498863149,0,0,0
866,-30.0859334425975,-0.00628847237794756,0.0043788205430285,0.00429180711645892,-0.00104608441907589,-0.00151573677040143,-30.0724094499678,4.65325904975937E-06,0.062864583294398,-0.0133864770499611,-0.000112292641841871,-0.00168642405076879,-30,0,0,0,0,0,4,3,1.48346660493169,0.0112199576660876,0.0429132384880826,0,0,0
867,-30.0811030552547,-0.00732895577374065,0.00234662880361047,0.00536867831472417,-0.00103488821077544,-0.0025489539415561,-30.1151930859898,-0.0606999746046982,0.0595580996506028,0.0265187519694684,-0.0126086347051179,-0.0181539016191281,-30,0,0,0,0,0,4,3,-2.4214890249672,1.38226341972119,1.6962739626116,0,0,0
868,-30.0760102261063,-0.00767268211478864,0.00123826963158171,0.00481781812787892,0.000347429236342551,0.000332397490038178,-30.0206012546461,0.00280583635251618,0.0871346817869528,0.00590039238387406,-0.000669516336266137,0.0013159380995112,-30,0,0,0,0,0,4,3,-0.548836729095265,0.0613399609215814,-0.305863173525026,0,0,0
869,-30.0715000959527,-0.00729457551440841,0.00164148313387148,0.00420249224354709,0.000408775478601298,0.000474206424296672,-29.8969843845108,0.126224665300549,0.0367244177428538,-0.0113240417751749,-0.00677389446884462,-0.0158543536415219,-30,0,0,0,0,0,4,3,0.926372946539169,0.424940116283364,1.51198652866649,0,0,0
870,-30.066441852468,-0.00667332832033236,0.00231723055909691,0.0059141172072825,0.000833713602283044,0.000876799548386507,-30.1581544009949,-0.0338520068105324,0.148468118049981,0.00115351842413291,-0.00535010504838426,-0.00171071568983566,-30,0,0,0,0,0,4,3,0.200956959576494,0.602714518459491,-0.125864667116397,0,0,0
871,-30.0605048161337,-0.00553825789151223,0.00306550756903484,0.00595988864512339,0.00143642375991895,0.000619744974856961,-30.1661469889804,-0.255567233760279,0.0998763035862406,0.0166654520919186,0.00115796950495566,-0.00230103165276604,-30,0,0,0,0,0,4,3,-1.33425123123107,0.395337517024991,0.0303505581041226,0,0,0
872,-30.0550137104249,-0.00390415070168365,0.00415147287327742,0.00502259950543918,0.00183178323547755,0.00155245756227018,-29.9523282028828,-0.0668335676069588,0.0237579124751506,-0.00659638926891792,0.0131000912078758,0.00868364156318394,-30,0,0,0,0,0,4,3,0.564295332657441,-1.17634198557367,-0.915879981268695,0,0,0
873,-30.0501163001881,-0.00266054407424248,0.00516726020503652,0.00477191639582188,0.000655424160698389,0.000479189772461096,-29.8499516500554,-0.152730332682096,0.123007142495681,-0.0052644143853037,-0.0154684591074714,0.00719309054931626,-30,0,0,0,0,0,4,3,0.226344738641259,1.85230657611133,-0.965323339922989,0,0,0
874,-30.0456079923652,-0.00107897097033559,0.00521123234541413,0.0042444590310845,0.00250771871363838,-0.000391092831195882,-30.1556719446622,0.0716667441237943,0.0202651217561281,0.013190540999675,0.0164676650475619,0.0129742880201707,-30,0,0,0,0,0,4,3,-1.00771021064313,-1.79009999300378,-1.33795904552933,0,0,0
875,-30.0421974177793,0.000533702184869473,0.00468718629080559,0.00257662281307577,0.000717623542426268,-0.000656522012541044,-29.9358420391828,-0.155102971536963,0.0151135919398669,-0.00621554123733436,0.0100036899711927,-0.010044926485252,-30,0,0,0,0,0,4,3,0.493238202099047,-0.690163054045345,0.974265464645462,0,0,0
876,-30.0391079794524,0.000906247486623632,0.00419181224572637,0.0036023521134029,2.74608853182523E-05,-0.000334515730309303,-30.0801804471329,0.123556692425373,0.180948830393058,0.000788578855152905,-0.00771407900104118,0.00829611127087095,-30,0,0,0,0,0,4,3,0.0815030087504455,0.524294515253373,-1.19150878787321,0,0,0
877,-30.0359014601396,0.00119585256623271,0.00339399312677611,0.00281042826243014,0.00055174377609084,-0.00126089312893337,-29.9544168193315,0.0105878111498157,0.104599659313098,0.00548565748335528,-0.0128238624526148,-0.0019965261333389,-30,0,0,0,0,0,4,3,-0.63973210967253,1.26121062296185,-0.00954670529230697,0,0,0
878,-30.033326895255,0.00237820995160985,0.00234387774355011,0.00233882818369548,0.00181296471337395,-0.000839201083085259,-29.8936643177469,-0.0051675649077031,-0.0116115662748055,0.00805432510230846,0.00685507376167079,-0.00945098709436529,-30,0,0,0,0,0,4,3,-1.01810387473712,-0.675172246351673,0.968321841986139,0,0,0
879,-30.0310128640852,0.00385360429280846,0.00219594146956889,0.00228963688021391,0.00113781739009705,0.000543346834654946,-29.8919565664236,0.00146779207335959,-0.00839277084169234,-0.00329906774402418,0.00705566316454024,-0.00593886460588998,-30,0,0,0,0,0,4,3,0.1138199072497,-0.708501900600743,0.610672002272383,0,0,0
880,-30.0284719951991,0.00463717515174154,0.00290452742117375,0.00279220064219566,0.000429318915080712,0.000873683497903659,-30.0038715492805,-0.0594533149464654,-0.159640028267654,-0.00527177227019042,-0.000808931666219716,0.0214759787340657,-30,0,0,0,0,0,4,3,0.534920325580029,0.199799796514902,-1.82831781687126,0,0,0
881,-30.0261401854615,0.00516638391360259,0.00293076702453868,0.00187094264735721,0.000629094216187907,-0.000820939362889135,-29.9035362853738,-0.0512502762773767,0.100205779938246,0.0206579244388999,0.00761218447522682,0.0206263531545942,-30,0,0,0,0,0,4,3,-2.25871987314231,-0.658717894967929,-2.26304687533591,0,0,0
882,-30.0258732317732,0.00546613002072134,0.00209613496167903,-0.00133703542561851,-2.96065092459811E-05,-0.000847414659975215,-29.9810393383834,0.103511281339692,-0.0214478397043994,-0.00296696028973745,-0.00141564535551971,-0.0128732559734667,-30,0,0,0,0,0,4,3,0.258774705740496,-0.0654580271274122,1.33022127675547,0,0,0
883,-30.0266539125624,0.00540380066726484,0.00161887003961354,-0.000224111212218974,-9.50572500314208E-05,-0.00010742939655153,-30.1528644789815,0.0140924392360244,-0.0565955408390717,-0.00561897173465131,-0.00665237368055629,-0.00209411646181618,-30,0,0,0,0,0,4,3,0.86762613142808,0.63705248958358,0.322602727859762,0,0,0
884,-30.0264621286087,0.00562726726890775,0.00130916640836904,0.000607570970119868,0.000541983924152717,-0.000512210327100377,-29.7364505772565,0.0157303697879051,0.0262319219261696,0.0122748927381664,0.000447257746536762,-0.00745753147172909,-30,0,0,0,0,0,4,3,-1.75458811930361,-0.0761865142294865,0.69328930332057,0,0,0
885,-30.0262342058556,0.00613117853733095,0.00165275866113042,-0.000151236102651552,0.0004658319236193,0.00119961067754838,-30.1563512248548,0.0725679941063912,0.0669119280582919,-0.00249788819080636,0.00318852441335825,-0.00419746873008629,-30,0,0,0,0,0,4,3,0.562491268790163,-0.463988429548608,0.285923016892045,0,0,0
886,-30.0260897285412,0.00636501788922103,0.00274468401694468,0.000440132175092894,1.83681623617325E-06,0.000984077625599749,-30.172567927035,-0.00718132509153876,-0.0434800756104528,-0.00205344615040327,-0.01537445515921,-0.00949505027410332,-30,0,0,0,0,0,4,3,0.550480469110321,1.55180816610408,1.03646517863124,0,0,0
887,-30.0250924241181,0.0071427610715958,0.00388967317130223,0.00155457428218357,0.0015536449865076,0.00130559003061429,-30.0371757939766,0.00240396004155473,0.0205122268350913,0.0085999473827653,-0.0039887892988964,-0.00695343052220789,-30,0,0,0,0,0,4,3,-0.785643150323405,0.39407100980653,0.654318598550606,0,0,0
888,-30.0235870584958,0.00889345343972722,0.00569403322724955,0.00145644186036644,0.00194773442490942,0.00230315901144702,-29.9804754869235,0.0959009530230836,-0.130044312355821,-0.0085862104969209,0.00649741572661683,-0.000564033376299035,-30,0,0,0,0,0,4,3,0.819572023539116,-0.84154347870785,0.316491962341545,0,0,0
889,-30.0217329642654,0.0104204146487162,0.00780774296661632,0.00225164234934105,0.00110618035914027,0.0019240375728891,-30.1087557668701,-0.18432963956068,0.206884638708777,0.00199262184401297,0.00240865408907792,0.00997535947473461,-30,0,0,0,0,0,4,3,0.0182493493390028,0.127793870213569,-1.41130522489102,0,0,0
890,-30.0199793234036,0.0115904886677375,0.0092173177528717,0.00125535628075427,0.00123396173701965,0.00089539484447939,-30.1990535114578,-0.0973371164282714,-0.101300582728882,-0.0116490045752561,-0.00684284223922583,-0.00486227032337092,-30,0,0,0,0,0,4,3,1.56300748044112,0.878958456779126,0.688828197794856,0,0,0
891,-30.0179333495968,0.0132639232344555,0.00979009393828114,0.00283641721326808,0.00211290073867434,0.000249717029733709,-30.0291902574254,0.0683980847108827,0.201816494773367,0.0100906753604959,0.00159021648333541,0.00190761014709787,-30,0,0,0,0,0,4,3,-0.950687021198713,-0.295817817755306,-0.59439400425652,0,0,0
892,-30.0156471911921,0.0152289239874773,0.0101572454904274,0.00173597043434627,0.00181709324432644,0.000484895034548165,-30.0832729563995,0.082425312742955,-0.0187352675485086,0.0108914420887009,-0.0018934410141809,0.00787527988802991,-30,0,0,0,0,0,4,3,-0.922598296071103,0.02449347593218,-0.750057453705974,0,0,0
893,-30.0145067113912,0.0170582714762621,0.0106957782954866,0.000545025853418051,0.0018415952375845,0.000592508312717552,-30.1429897962416,-0.00515195092391642,0.107286255374707,-0.00912901373719079,-0.0275865601656167,-0.019738198707226,-30,0,0,0,0,0,4,3,1.19888096620227,2.7689599184095,1.75924735997319,0,0,0
894,-30.0129190599311,0.0202843473638502,0.0114704733330093,0.00263038384129979,0.00461055086746449,0.000956301657961976,-29.9633433938572,0.0853182414813575,-0.0194119075924639,0.0166959137658874,0.00821067162712029,-0.00859611656019438,-30,0,0,0,0,0,4,3,-1.74290458887439,-0.991703645674744,0.898435471204366,0,0,0
895,-30.0105854310996,0.0243990669873138,0.013351571668308,0.00203739721830876,0.00361888332610226,0.00280606284605631,-30.0934416451378,0.0279527988894938,-0.0614306374265559,0.00817967098752013,0.0136300372470282,-0.00773568918741187,-30,0,0,0,0,0,4,3,-0.63108380847646,-1.41890932248181,0.896430193594299,0,0,0
896,-30.0084535930434,0.0273085074802326,0.016686427338781,0.00222658064391962,0.00219999200878272,0.00386359833278443,-30.0383583051944,0.000481612672023492,0.0710225516591012,0.00733941703473629,0.00669887870750229,-0.0194568430581029,-30,0,0,0,0,0,4,3,-0.657225093084865,-0.670851096094276,1.80363920249209,0,0,0
897,-30.0058176962156,0.0291730900680139,0.0214063056526444,0.00304569417443457,0.00152916718765335,0.00557593338854081,-29.803899043372,0.00943808983125028,0.051454706394256,-0.00147232160398272,-0.00256014203975803,0.00978751898483626,-30,0,0,0,0,0,4,3,-0.244969752857645,0.237138024313302,-1.08166131127214,0,0,0
898,-30.0032449684449,0.0308208267178259,0.0266790668128474,0.00209959580223226,0.00176629984625603,0.00496985640846949,-29.8662312563552,-0.0916826076605095,-0.0260764970229406,-0.00604579996378029,0.0065216034147545,-0.00858314721215283,-30,0,0,0,0,0,4,3,0.337042509088357,-0.468795126154431,0.910467715261164,0,0,0
899,-30.000704473708,0.0323527335454727,0.031837247162018,0.00298150220525212,0.00129750710853103,0.00534626138593452,-29.9909092652796,0.0827840498248665,0.0612070600379388,0.00787776221021939,-0.0127185412558815,0.0211605782373004,-30,0,0,0,0,0,4,3,-0.805957690462672,1.10628602593842,-2.23847194380592,0,0,0
900,-29.9988056181158,0.0342033829429982,0.0366758454992246,0.000815931403979098,0.00240378689545283,0.00433154060328314,-29.8878084241459,0.00507001118916009,-0.0786051755611356,-0.000498605647548922,-0.0062299389541966,-0.00158731450589411,-30,0,0,0,0,0,4,3,-0.174522586953247,0.612853873041339,0.315941801711682,0,0,0
901,-29.9979402357501,0.0369136021424206,0.0411704244301479,0.000914928525922376,0.00301664633532554,0.00465759275618921,-29.8613831683115,0.0293625336630942,-0.0539562283816818,0.0148241925457131,-0.00216323517046436,-0.0136737935081385,-30,0,0,0,0,0,4,3,-1.75965291794837,0.157598449720248,1.47529180757721,0,0,0
902,-29.9971161195948,0.040009070526619,0.0469628059281418,0.000733936270949087,0.00317428614023491,0.00692722341773442,-30.0246226303932,-0.033576592028282,-0.00889067259558906,-0.0124473507824397,0.00013441409570364,0.00633141490733813,-30,0,0,0,0,0,4,3,1.29398033903037,0.0537117744862001,-0.615360145542635,0,0,0
903,-29.9961503720469,0.0432102012148627,0.0532026187869812,0.00119718143882219,0.00322797155830815,0.00555227295770117,-29.9670743455188,0.00386180551613496,-0.0642045413407088,0.0132237276374295,0.00351174473740263,-0.0040435503013981,-30,0,0,0,0,0,4,3,-1.38822407270541,-0.358898084772533,0.532764112821228,0,0,0
904,-29.9952494263179,0.0462587416401141,0.0594274299119465,0.000605088502419924,0.00286910065088637,0.00689751365887889,-29.9672836647149,0.00513180205984552,0.154527828990556,0.0127395842926429,-0.00445945381533407,0.015890483902418,-30,0,0,0,0,0,4,3,-1.33939109983444,0.435681777413716,-1.89810404822292,0,0,0
905,-29.9957920345345,0.0493456891957227,0.0661313937705036,-0.00169040941941108,0.00330478780168474,0.00651105077417429,-29.9182746899537,0.0893127163596293,0.235859205038804,0.0142951930613878,0.0126164060727079,-0.0129767360433376,-30,0,0,0,0,0,4,3,-1.59296992623136,-1.44026603999005,0.825955194256151,0,0,0
906,-29.9977439187377,0.0519303629303849,0.0734925766836222,-0.00221288775159952,0.00186455479812735,0.00821146405939003,-30.0673945989008,-0.0178836611219544,0.156076599096764,-0.00236703699476714,-0.00143041320674521,0.00402637079506743,-30,0,0,0,0,0,4,3,0.371492897278344,0.178808642918429,-0.71479027770027,0,0,0
907,-30.0000832422248,0.0538843188893844,0.0813134736578308,-0.00246597186626798,0.00204335122859146,0.00743040180829459,-30.1055915010292,0.020530582502507,0.0200503741011838,0.0170706938934413,-0.0125397119038768,0.0135587787950467,-30,0,0,0,0,0,4,3,-1.49588638728564,1.21291002538266,-1.39597862770704,0,0,0
908,-30.0035715528612,0.0565341347233065,0.0887851164275567,-0.00451062360499275,0.00325627350789879,0.0075134495427287,-29.9905781246433,0.0316983347655215,0.0637839900791632,-0.00701882213121881,0.00061010806181262,0.00103899417998821,-30,0,0,0,0,0,4,3,0.683038462408558,-0.124407475712305,-0.231467398157147,0,0,0
909,-30.0079275523991,0.0597282009582458,0.0959661734712312,-0.00420155713691278,0.00313185292836461,0.00684858180159013,-29.9353634418555,0.280156590437148,0.0557368401562231,-0.00936185973975592,0.0207603062403203,-0.00210323522187347,-30,0,0,0,0,0,4,3,0.806912857686671,-2.63634380490633,0.0988498418749011,0,0,0
910,-30.0118133982589,0.0615418787472247,0.102552758028339,-0.00357027434631597,0.000495496859010255,0.00632441573588204,-29.9735347605502,0.147666361240397,0.354035872020712,0.0199797518412609,-0.000494904514615806,0.0084170775359035,-30,0,0,0,0,0,4,3,-2.05090566302577,-0.245842271019213,-1.54977949763177,0,0,0
911,-30.016654944452,0.0619144673444017,0.109066403603835,-0.00611271054711426,0.000249674547494876,0.00670357455307529,-30.0440205190058,-0.0260249591746186,0.231456001721937,-0.00892573160070726,0.00197096207240514,-0.00852773165870903,-30,0,0,0,0,0,4,3,0.980614198082237,-0.145046288891277,0.38986116242703,0,0,0
912,-30.0222873546126,0.0620916155821807,0.115547548702354,-0.00515222740648622,0.000104615686749116,0.0062584558924882,-29.918542221522,0.220776331520664,-0.0526357223357518,0.00997153355196799,0.0044272756878787,0.0082249608940672,-30,0,0,0,0,0,4,3,-1.16006891215286,-0.884280231829198,-0.717224644735216,0,0,0
913,-30.0281017754517,0.0617540997744268,0.121966951883708,-0.00647652261708195,-0.000779651880225018,0.00658071382747203,-30.0908166438715,0.0407264603291315,0.0297710172790881,-0.00608518542080002,-0.00327993836489855,0.00205653910539466,-30,0,0,0,0,0,4,3,0.790151829822978,0.246540915831592,-0.265195945097642,0,0,0
914,-30.0343999634867,0.0610977130140532,0.128165733732951,-0.00612005718527715,-0.000533126104688111,0.00581675186353329,-30.1515973538618,0.197184912423062,0.0358992984994739,-0.00978968329544716,0.00895657295398514,0.00357892494409434,-30,0,0,0,0,0,4,3,1.28216303726833,-1.29002712024464,-0.429691091408381,0,0,0
915,-30.0402305792024,0.0599195626275972,0.13336618609558,-0.00554150858292363,-0.00182317778285278,0.00458399475470351,-29.9266743333068,0.124999631888592,0.0987590178810615,0.011738533671026,-0.013160870613169,-0.0045681847158645,-30,0,0,0,0,0,4,3,-1.32050470048891,1.06608779753972,0.259300435824326,0,0,0
916,-30.0461391897333,0.0586294437220775,0.138509149224103,-0.00627540437892291,-0.00075706627548222,0.00570213229947603,-30.0563268914969,0.118021069024293,0.170710298144939,-0.00474650103922974,0.00537789669768281,-0.0100725290832268,-30,0,0,0,0,0,4,3,0.587303886916727,-0.773831807816867,0.665832312032804,0,0,0
917,-30.0519725109477,0.0574854623473459,0.144225019756375,-0.00539122747737324,-0.0015309018739083,0.00572936726494284,-29.7840459390241,-0.0655793873094655,0.260281094608877,-0.0157327916567754,-0.0039599858380665,0.0285897146242105,-30,0,0,0,0,0,4,3,1.14137104372579,0.527157358425581,-3.37953365163881,0,0,0
918,-30.0581867755782,0.0562181174976726,0.148365091477309,-0.00703816476701765,-0.00100379227801472,0.00255122457984493,-30.1550180610952,0.176069784726967,0.255137311355525,-0.00334892906609444,-0.00148712896038826,-0.00476022669547953,-30,0,0,0,0,0,4,3,0.644929028799819,-0.203426673415107,-0.0342519531630973,0,0,0
919,-30.0650168951692,0.0551126095894925,0.15066660944071,-0.00662220701184609,-0.00120722973311695,0.00205169885720343,-30.1028258177419,0.0401483045567176,0.153472029920647,0.00344881615650123,-0.00192049288875844,0.00344504148464594,-30,0,0,0,0,0,4,3,-0.139229980166248,0.111752679762409,-0.651448208305889,0,0,0
920,-30.0719256182887,0.0539612566835776,0.152537269966464,-0.00719533103049068,-0.00109548042160081,0.00168977899185226,-30.0948135017282,0.145463197463296,-0.0694983430614323,-0.0150419378314664,-0.0116702530529974,-0.00414953492494718,-30,0,0,0,0,0,4,3,1.69382078660313,0.876098910373149,0.553950178617582,0,0,0
921,-30.0783383168753,0.0533038171077188,0.153802372384463,-0.00563029311612644,-0.000219404262713142,0.000839999792863049,-29.9451458596841,-0.0131726603155302,0.123580051449579,-0.0197597452968786,-0.00717585589103998,0.00102833173747547,-30,0,0,0,0,0,4,3,1.86626624905614,0.743930909735058,-0.349993276646704,0,0,0
922,-30.0834533092359,0.0534563643415065,0.153841445879528,-0.0046001215806631,0.000524493284508615,-0.0007621318222274,-29.8297583774059,0.0397895887081676,0.20667506214779,-0.00737710978594466,0.00350659617208653,-0.00226183133577623,-30,0,0,0,0,0,4,3,0.397227733406277,-0.430238794624988,-0.187166990717958,0,0,0
923,-30.0879885583239,0.0537657369700102,0.152864441550748,-0.00447048821175364,9.42464131628985E-05,-0.00119191207583173,-29.9695742832907,0.0443484259180206,0.0628836917475771,0.00840299701304229,-0.0114253348422451,-0.00835887660780985,-30,0,0,0,0,0,4,3,-0.90115113472282,1.05383663238847,0.710120277285831,0,0,0
924,-30.0925189449691,0.0543869155216604,0.152236799999715,-0.00458997378118983,0.00114810383401114,-6.33378561810914E-05,-30.2077529769652,0.0279336642844078,0.25796369520321,-0.00884532924010241,0.00935033443166169,-0.0170735763655599,-30,0,0,0,0,0,4,3,1.30003887794065,-0.990900771734985,1.19143024614957,0,0,0
925,-30.0962336391734,0.0550395651435629,0.152108252481499,-0.00283944618076384,0.000157192218501409,-0.000194229016963726,-30.271565241533,-0.0966122041438948,0.118100653893506,-0.00250161482863019,0.0146035281648044,0.0036787186784474,-30,0,0,0,0,0,4,3,0.793291965929056,-1.26712840819265,-0.604073175631753,0,0,0
926,-30.0990223110877,0.0545631877334267,0.151410937391321,-0.0027381640330023,-0.00110995430883503,-0.00120042713635021,-30.1789129752656,0.00559240365433585,0.231919212389315,-0.0117640593184335,0.000576866332954015,0.00945198046804924,-30,0,0,0,0,0,4,3,1.5342318823745,-0.0688714406040732,-1.40903647158356,0,0,0
927,-30.1017462162007,0.0534187815884824,0.149161476808321,-0.00271020374720629,-0.00117886287232473,-0.00329850019733101,-30.2911495430785,0.107462742978772,0.140773422055454,-0.00150117016222315,0.00663826605322735,-0.00958510961714171,-30,0,0,0,0,0,4,3,0.732416102379259,-0.878752091280279,0.676964117603263,0,0,0
928,-30.1039649509191,0.0518005423786102,0.145823508406752,-0.00172728003242504,-0.00205762102286101,-0.0033777015669173,-30.0546216759428,0.000383212807569387,0.0788179605474664,-0.00639618357640525,-0.0044860578621033,0.0227700102215,-30,0,0,0,0,0,4,3,0.748861709526121,0.447839360595191,-2.43463694324493,0,0,0
929,-30.1063224400173,0.049966827887083,0.141327333780008,-0.00298829117077997,-0.00160981487528787,-0.00561430517697021,-30.1805364052644,0.00410771850822394,0.330639268301314,-0.0143743503784587,0.00178610813398793,0.000465945829693675,-30,0,0,0,0,0,4,3,1.79850784837469,-0.186826250415241,-0.707873119571995,0,0,0
930,-30.1089553174327,0.0482635851246296,0.134809813741157,-0.00227794358657978,-0.00179667648105208,-0.00742092614852,-29.9932060011254,0.16821425801144,0.0929018456166292,-0.0139577312098396,0.0149318736787074,-0.00306055627499174,-30,0,0,0,0,0,4,3,1.38218512323471,-1.82961588389362,0.120251936265915,0,0,0
931,-30.1107222619851,0.0455520931390135,0.126921148248871,-0.00125618759363725,-0.00362631380250573,-0.00835667898814612,-29.9431536936157,-0.0710227294827995,0.18477510637407,-0.0107558510875201,0.00723024351863824,-0.0106712501161735,-30,0,0,0,0,0,4,3,0.961892495983414,-0.580978892898225,0.697574798869206,0,0,0
932,-30.1114032855721,0.0416352858292642,0.118447005808989,-0.000105916181708007,-0.00420730231081364,-0.00859191089841709,-30.0120283143595,-0.11506798559472,0.176442224903402,-0.00104681968825395,0.0116034332985875,0.00265212223224236,-30,0,0,0,0,0,4,3,0.128738597544375,-0.930207358669313,-0.61809667303104,0,0,0
933,-30.111698285858,0.0369628771026474,0.109586823044127,-0.000484218788790472,-0.00513751710612873,-0.00912835300158201,-30.1880787507373,0.0529536364821386,0.0436721839172283,-0.00627316504756871,0.0061121652845392,-0.0320289827028659,-30,0,0,0,0,0,4,3,1.00347400623156,-0.717123801418197,3.11555390245213,0,0,0
934,-30.1107153096147,0.0314668057795996,0.10115576014514,0.00245055186431392,-0.00585463029720342,-0.007734555982217,-30.1864157875076,-0.01167713032127,0.269120020712837,0.00372008373765655,0.0045015716156348,-0.0155886873565937,-30,0,0,0,0,0,4,3,0.000823201249578354,-0.42680290092094,1.02062869423369,0,0,0
935,-30.107902051275,0.0253987797325035,0.0937610439703768,0.00317615906167427,-0.00628142439136628,-0.00705506794812658,-30.2411722484353,0.0381087043912001,0.0832840035653444,-0.00230172589939946,-0.00936374471057823,-0.00116025876403296,-30,0,0,0,0,0,4,3,0.712517086810457,0.860157062275423,-0.0505421307273929,0,0,0
936,-30.1045077882906,0.0195474298179771,0.0864188107596034,0.00361221830895765,-0.00542127935445351,-0.00762951290553206,-30.1578603718326,0.0707467826425233,0.15030734369278,0.00371201239652829,-0.0230707492321393,-0.00762780381156546,-30,0,0,0,0,0,4,3,-0.0554804959876332,2.16558135792888,0.462165693770985,0,0,0
937,-30.100754853948,0.0152089451621209,0.0789570289596326,0.00389374902321016,-0.003255693103827,-0.0072941239034154,-30.0949708432522,0.10301021794971,-0.0236966427222066,0.0157832913831253,-0.0184925420923991,-0.0117222836611011,-30,0,0,0,0,0,4,3,-1.38838745180822,1.64323377334049,1.21962165155452,0,0,0
938,-30.0969014126497,0.0127748884970864,0.0725752197214448,0.00381362888670122,-0.00161242621648927,-0.00546947019702447,-30.0314984814659,-0.0162741252613933,0.081777051399577,0.00142810325346551,0.00239678208580046,-0.0050847389099887,-30,0,0,0,0,0,4,3,-0.0798133624147595,-0.20712995805726,0.344919788199716,0,0,0
939,-30.0929967305754,0.011058900955499,0.0672419475292866,0.00399581545798557,-0.00181955190000896,-0.00519712129984349,-30.0748786104966,0.0816228143718932,0.2074718734046,0.00859828441431447,-0.012966355473584,-0.0207199713343473,-30,0,0,0,0,0,4,3,-0.710071220438188,1.13338991861461,1.65705338662553,0,0,0
940,-30.0886474372111,0.00980605828532806,0.0628598385837175,0.00470320954455884,-0.000686136122676093,-0.00356728128362167,-30.0499289757544,0.0403326611426408,0.221088955508872,0.0180027554281133,-0.00785362292069154,-0.0128789907620353,-30,0,0,0,0,0,4,3,-1.7004175913025,0.704696969783873,0.845721165185785,0,0,0
941,-30.084224119015,0.00947228927943152,0.0601902984869119,0.00414390816009197,1.85957994750769E-05,-0.00177164621843859,-29.9643214952528,-0.0905890614311254,0.0405423162338324,0.00361175739600761,-0.0100729576006128,0.00242161010468861,-30,0,0,0,0,0,4,3,-0.432532749095224,1.18847388292353,-0.323245642936525,0,0,0
942,-30.0803512328701,0.010085127461272,0.058454610560822,0.00360188959881787,0.00120707392248599,-0.00169958272295525,-30.1913986715281,0.0447821558254507,0.292712802938145,-0.008506992349726,-0.00701261829917297,0.00219376722657352,-30,0,0,0,0,0,4,3,1.23349657802881,0.611697518266396,-0.804802328533642,0,0,0
943,-30.0766264047076,0.011598039535241,0.0560189435355462,0.0038473835242887,0.00181874443352318,-0.00317181392756704,-30.2392280472875,-0.0799019210396299,0.0667473496710522,0.000598456092170721,-0.012917402288815,-0.00362022379044741,-30,0,0,0,0,0,4,3,0.418610485358015,1.45154407096076,0.228527679702636,0,0,0
944,-30.0725584699843,0.0141425565258829,0.0527613883066353,0.00428845086726875,0.00327028367244904,-0.0033434047087811,-30.091728286122,-0.0947228133866769,0.103869317307001,0.00737408783638575,0.0146549551879663,-0.0122121262756333,-30,0,0,0,0,0,4,3,-0.553952211394577,-1.27604989202328,1.01347399294933,0,0,0
945,-30.0680950426288,0.0167748276459659,0.0499551787678212,0.00463869435462119,0.00199425154733842,-0.00226910310748021,-29.8797728448467,-0.0612438404642488,-0.052101186469464,0.0238766108564039,0.00274304359275429,0.00941607793818805,-30,0,0,0,0,0,4,3,-2.62811539594706,-0.151816678346932,-0.837405420879877,0,0,0
946,-30.0646647173054,0.0186931919469522,0.0483491708297075,0.00222231327823301,0.00184247036496336,-0.000942272063315829,-30.0458256037882,-0.0997760479854835,0.0122138443890203,-0.00252687656845329,0.00173380348411924,-0.0123985659768045,-30,0,0,0,0,0,4,3,0.344338864421769,0.0261717475590428,1.21542890890241,0,0,0
947,-30.0618853048719,0.0205487557473821,0.0476855070787764,0.00333665475625389,0.00186864701584513,-0.000385348652373052,-30.0510403639801,-0.0960521552590128,0.15155230591439,0.00720324287706339,0.00768827185463246,-0.0152597749921981,-30,0,0,0,0,0,4,3,-0.618243559746182,-0.57672287494522,1.22287288739103,0,0,0
948,-30.0583165411528,0.0221290548312612,0.0479325064345952,0.00380121326626614,0.00129194476192255,0.00087922817076615,-30.059047661475,0.0560163427292921,0.169797751797402,-0.00389579942654996,0.0187154576868093,-0.00184018043273528,-30,0,0,0,0,0,4,3,0.507675265604902,-1.98357845413952,-0.155577460321277,0,0,0
949,-30.054402998975,0.0224292086411965,0.0485620567527557,0.00402574585189325,-0.000691643291650171,0.000379817894154104,-30.2066468028073,0.00254836004620465,0.0718520986609978,0.0117387955089809,-0.00115373026979387,-0.00999842844335086,-30,0,0,0,0,0,4,3,-0.760585945283528,0.110276306886978,0.85613864701309,0,0,0
950,-30.0503267814641,0.0217927160703773,0.0495008611177805,0.00412698791099804,-0.000581347216723091,0.00149776803467775,-30.1053859502628,0.0564263790165356,0.120474739886735,0.0166993695250647,-0.000765879509387067,0.0131191556139979,-30,0,0,0,0,0,4,3,-1.45916505198079,-0.0362648070943646,-1.55286504117326,0,0,0
951,-30.047268576257,0.0211932449789725,0.0509935506492843,0.001989426290066,-0.000617601718907229,0.0014881734120699,-29.9447925493475,0.0519956995934036,0.089289813560886,0.00303460120969285,0.0211085170875102,0.00978918825098466,-30,0,0,0,0,0,4,3,-0.413875022274213,-2.21484310793783,-1.15749845222024,0,0,0
952,-30.0458474863072,0.019468223330037,0.0522297758304988,0.000852625362880463,-0.00283244810329352,0.000984575868752309,-30.0291957464147,-0.169337770276391,-0.162371372469963,0.00972185765643799,-0.00945630436234484,0.00523573390102359,-30,0,0,0,0,0,4,3,-0.913794272814462,1.28430597678727,-0.198830645162434,0,0,0
953,-30.0453820310844,0.017277937386488,0.0534724735636948,7.84259300804869E-05,-0.00154812899023845,0.00150102553131664,-29.9240635472902,0.112132789044267,-0.0370914714053312,-0.00256376566170594,-0.00602964701539513,0.0105967623401436,-30,0,0,0,0,0,4,3,0.104503660750971,0.37869912345098,-0.985493291203696,0,0,0
954,-30.0456329428397,0.0159191562357671,0.0545914305167928,-0.000580444741521571,-0.00116944008172802,0.000737061408015575,-30.0345273544389,-0.0466759295284926,0.226253433979697,0.0028176406731652,-0.0198802450536687,-0.014674794826236,-30,0,0,0,0,0,4,3,-0.212709358438627,2.08137636442385,1.01497261466421,0,0,0
955,-30.045916850792,0.0157904130302287,0.0557426561302455,1.28495108798585E-05,0.000911948513079605,0.00156523583743575,-30.0428738075941,0.0406499254274734,0.0402371357922084,0.00219116753948567,0.000493189198019527,-0.000581842196439541,-30,0,0,0,0,0,4,3,-0.133369138760342,-0.130618770656899,-0.0222900519404628,0,0,0
956,-30.0459607427865,0.0166370567832425,0.0573404590090625,-0.00010061153498352,0.000781331717622355,0.0016304019692906,-30.0919367868664,0.0269645717744569,-0.104445140710461,-0.0189386643804308,0.00627843962428632,-0.00908733840650742,-30,0,0,0,0,0,4,3,2.07774001177583,-0.681773105977546,1.11762412207166,0,0,0
957,-30.0449492935723,0.0170774935475233,0.0585779158176521,0.00212331123918583,9.95344907231159E-05,0.000843936664740474,-30.1717973109992,0.00645687127001278,0.196531136383752,-0.000136988385536521,-0.000728647084959634,-0.0109236642000126,-30,0,0,0,0,0,4,3,0.357293460552016,0.0599509659559378,0.699304147233758,0,0,0
958,-30.0424514962448,0.0172070064053678,0.0595176822918375,0.00287233701487294,0.000159485692656947,0.00103540576928187,-30.0277814892404,0.0676820139896323,0.174278343489444,0.0164734258441768,-0.0177562277412201,0.00902860463558893,-30,0,0,0,0,0,4,3,-1.59177960593686,1.64025874614275,-1.25141715053778,0,0,0
959,-30.0405821646057,0.0181866318086439,0.0607041004689837,0.000866410501285738,0.00179975950641642,0.0013379545100246,-30.1085389140952,0.0519795118146366,-0.015273452138162,-0.00192549414121485,-0.00161671846786642,0.00685440252383589,-30,0,0,0,0,0,4,3,0.409627242311961,0.0577128231573691,-0.654893348107265,0,0,0
960,-30.0398213506196,0.0200152439356552,0.0616603633223664,0.000655023356765465,0.00185746001151078,0.00057462855711579,-29.9623212288648,-0.00563175213014156,-0.00584834376237126,0.0093876886483356,0.00472242090270132,0.000947562131921676,-30,0,0,0,0,0,4,3,-1.01412640710391,-0.460978586009849,-0.0830595256674251,0,0,0
961,-30.0395438738161,0.021642225984407,0.0625710281905612,-9.98892642747151E-05,0.0013964971929174,0.00124690010272837,-30.1116568343949,0.0738994527441046,-0.0971114669214692,-0.00760159684232182,0.0076980677074575,-0.000357677681602337,-30,0,0,0,0,0,4,3,0.983473353021883,-0.917605676233959,0.229990702003172,0,0,0
962,-30.0392298376723,0.02257991477615,0.0635248630615003,0.000727811675699118,0.000478877515429082,0.000660559938070316,-29.970876758572,0.001020688726869,0.0755170728657789,0.00923471921226231,0.00719250354988663,0.00446525022236112,-30,0,0,0,0,0,4,3,-0.981718404082216,-0.721291732442401,-0.59755916796767,0,0,0
963,-30.0390577441902,0.0226981545510683,0.0643359708385208,-0.000383542527169287,-0.000242403418675079,0.000961944628773874,-29.9273817722241,0.132106794732735,0.159494873843142,0.00176532846399299,-0.00625650385740433,-0.00977570996578487,-30,0,0,0,0,0,4,3,-0.321769301951059,0.361436796274963,0.658581248892203,0,0,0
964,-30.0393107953823,0.022636478839129,0.0656304698334848,-0.000122382993569599,0.000119044300330972,0.00162698814725981,-29.9463511472281,0.154065976586535,0.119030791628143,0.00397937243666999,0.00888276326613222,0.0137991762566739,-30,0,0,0,0,0,4,3,-0.50523494921075,-1.19640827978629,-1.61797920892368,0,0,0
965,-30.0402036140568,0.0221573185527227,0.0668887757245431,-0.00166344062725752,-0.00107736974436538,0.000890021717117341,-30.1215832598075,0.162562472632319,0.15281474201846,-0.00305526196956291,0.00420038621474304,0.00227174189730948,-30,0,0,0,0,0,4,3,0.548692716571385,-0.745163566738943,-0.532803673767868,0,0,0
966,-30.0418820165387,0.0207073657398113,0.0673887000780455,-0.00169356322296812,-0.00182254683346673,0.000109838427621699,-29.8381737860606,0.117576992161374,0.0652440602023976,-0.0016740423386702,0.00574446865582116,-0.00517561309139285,-30,0,0,0,0,0,4,3,-0.156248194011814,-0.809600849904865,0.38707318873449,0,0,0
967,-30.0434893649425,0.018480024012061,0.0676789325835183,-0.00152103775404074,-0.00263214179521077,0.000470581176444973,-29.9363724047634,0.0200671303754708,0.0762851221866694,-0.0136052541353163,-0.0278693575700763,-0.00436164472971955,-30,0,0,0,0,0,4,3,1.2332702230584,2.74680149625669,0.283594228598616,0,0,0
968,-30.0444937034994,0.0172212792992766,0.0677817439991123,-0.000487826117721106,0.000114642097374478,-0.000265220845863006,-29.9332844154438,0.150160094993146,0.292816942868246,0.0150136021519321,-0.0232564650893298,0.00798913017589563,-30,0,0,0,0,0,4,3,-1.63479138430555,2.02532631894668,-1.38454690332606,0,0,0
969,-30.0460479505195,0.0183485942514452,0.0676455830896522,-0.00262059385201728,0.00213998303195158,-6.54841914276075E-06,-29.9876578495931,-0.072703350178245,0.0679598839563989,0.00305368025057884,0.0197469813994373,-0.00485287646257828,-30,0,0,0,0,0,4,3,-0.330052325871716,-1.82929143958724,0.34936787834503,0,0,0
970,-30.0486545329286,0.0195739380222991,0.0678713492826775,-0.00259245165015824,0.000310699973016928,0.000458071834112395,-30.0033555059766,-0.0497111314863306,0.169083179758856,0.0104454413602769,-0.00406653561304405,-0.00308078872012193,-30,0,0,0,0,0,4,3,-1.03783312407439,0.506075824277066,-0.0300874875055184,0,0,0
971,-30.0516111087277,0.0201376868459264,0.0686957383952777,-0.00332050610768777,0.000816792408706968,0.0011908953525493,-30.1299549556687,-0.111187036283997,-0.089666486976462,0.000996593975107052,0.0100761170317268,-0.00683563550161294,-30,0,0,0,0,0,4,3,0.160250513826761,-0.785237630604688,0.862896524114218,0,0,0
972,-30.054561830539,0.0205618655872725,0.0701106133555542,-0.00258081803527975,3.15596324580568E-05,0.00163866656464571,-30.1078097406364,0.062908278955373,0.0488680725160588,0.00254200573530326,0.00190574987893271,-0.0113412565607503,-30,0,0,0,0,0,4,3,-0.0385810922574584,-0.316391545804017,1.03638951104291,0,0,0
973,-30.0567751269133,0.020435238563195,0.0721046087938298,-0.00184558944578737,-0.000284822325988795,0.00234913800461667,-30.0446678545744,-0.0370365254542188,0.0136281364629156,-0.00720646678592687,-0.0165228643684118,-0.0172983732123164,-30,0,0,0,0,0,4,3,0.809982387741585,1.72635948774961,1.70258104830581,0,0,0
974,-30.0577208543804,0.0210135993635469,0.0747180755029285,-4.57252554515712E-05,0.00144153870786839,0.00287733758035109,-30.0141580750628,-0.0562388141944574,-0.173466931639256,0.00293858523980314,-0.000760417145968433,-0.00645173486604303,-30,0,0,0,0,0,4,3,-0.265542373854773,0.188519342985758,0.992107349882815,0,0,0
975,-30.0574906534646,0.0225494067597137,0.0780182996417422,0.000506349032253577,0.00163007094449761,0.00372297196628519,-30.1932323188973,-0.0351794586204831,0.121737512675959,0.00429090900184349,0.0032345790059252,0.00167472806795874,-30,0,0,0,0,0,4,3,-0.0426262623897457,-0.253098983351554,-0.410947832147792,0,0,0
976,-30.0571529695519,0.0240529300926544,0.0816102901256974,0.000168957245592316,0.00137696910323332,0.00346109605703287,-30.029716752252,0.0434187916206235,0.0655303422978223,-0.00695765738111194,0.0104338163099051,0.0151518490873462,-30,0,0,0,0,0,4,3,0.755199242615102,-1.13021921423176,-1.64624559333027,0,0,0
977,-30.0573433710054,0.024864779655917,0.0842305168791205,-0.000550184813188506,0.000246723380512779,0.00177954490423545,-30.1699842080644,-0.0110448084692945,0.0688783858737909,0.0145830046070921,0.00611700535935965,-0.000112365766551474,-30,0,0,0,0,0,4,3,-1.11833204458038,-0.589610918997376,-0.126520195092434,0,0,0
978,-30.0583183770691,0.0248167089767269,0.0863742399693379,-0.00139963715542279,-0.000342870447577734,0.00250811870802939,-30.0553758333997,0.0573183822732797,0.133208706078579,0.00945744664267244,-0.0017094244348371,-0.00428030710457237,-30,0,0,0,0,0,4,3,-0.834992997467779,0.0563056789371507,0.161613298300079,0,0,0
979,-30.0599403975632,0.0245020005820321,0.0892385466472761,-0.00184422053100462,-0.000286549795991315,0.00322061247219709,-29.9608082759366,0.0235927709348858,-0.0193345619696365,0.0081188088463244,-0.00523043034112713,-0.00399972584483766,-30,0,0,0,0,0,4,3,-0.89026433275924,0.475857492242941,0.438641708423039,0,0,0
980,-30.0619220822635,0.0244533904744828,0.0929289710955263,-0.00211890737269456,0.000189325961302724,0.00416030907397253,-30.0549057085987,0.193232130717678,0.0454134289958029,-0.0089970418124912,-0.0101347255196457,0.00891596823709392,-30,0,0,0,0,0,4,3,1.00951559844645,0.627008290529213,-0.982423681700998,0,0,0
981,-30.0640699376969,0.0249562109213621,0.0963779833417479,-0.00217715977640524,0.000816309354922598,0.00273773233151491,-30.0321776544736,-0.125036488874334,0.215033450566902,0.0199658210822296,0.00591855696633476,-0.00196840606397009,-30,0,0,0,0,0,4,3,-1.9322267992758,-0.341782718884809,-0.233226294736795,0,0,0
982,-30.0669825157262,0.0256016472590136,0.0997484309776023,-0.00364766684736584,0.000474556041229071,0.00400353911721244,-30.1055089462715,-0.085727648893038,0.178869298557785,-0.00943261037766298,0.00183426413710592,0.000615253279149434,-30,0,0,0,0,0,4,3,1.15427893030937,-0.0119711159245162,-0.419263925030513,0,0,0
983,-30.0704021150736,0.0260702084557676,0.103175909213537,-0.00319181946397349,0.000462562534608732,0.00285130394996786,-30.012862703413,-0.0996945866565189,-0.0493263052155204,-0.00673059421576465,0.00386880960377956,0.00164871775274555,-30,0,0,0,0,0,4,3,0.698784828402449,-0.187491787064918,-0.0662191648435138,0,0,0
984,-30.0733875614195,0.0264390217192954,0.105738208128802,-0.00277921407672291,0.000275058817221827,0.00227319304091781,-30.0153810418935,-0.0517820075321703,0.109471188053698,-0.0124608311624751,-0.00397172073323518,0.0140242807778828,-30,0,0,0,0,0,4,3,1.27684520003444,0.500736088387859,-1.62137045389568,0,0,0
985,-30.0763466316041,0.0269644350366987,0.106987702115239,-0.0031394366257678,0.000775760137968257,0.000225886703130864,-30.1347725151539,0.0320578512830705,0.0787089411452698,0.00414805544722916,-0.0118094169065394,-0.0147391475475629,-30,0,0,0,0,0,4,3,-0.145260514415155,1.1168259880878,1.31649687246575,0,0,0
986,-30.0790480811207,0.0282986151585672,0.107700042492109,-0.00226321221706956,0.00189259986391315,0.00119857253834043,-30.0124140316142,0.162230204532329,0.175130492842248,0.00908044346204779,0.00347067867735412,0.0029643061505682,-30,0,0,0,0,0,4,3,-0.883216282976295,-0.671528276800071,-0.646691600741316,0,0,0
987,-30.081850009336,0.0298554584557688,0.109004596386653,-0.00334058604807145,0.00122108036044871,0.00141080722614189,-30.1191620374744,-0.00180773599979238,0.0860841403104767,-0.00440535572268968,0.0133663870013046,0.0100416969074169,-30,0,0,0,0,0,4,3,0.678859647217789,-1.33302322813088,-1.17633797136265,0,0,0
988,-30.0854058651329,0.0304100193720666,0.109763499024851,-0.00377144961842314,-0.000111964067853621,0.000107106400665868,-30.0996436173886,0.166074274474765,0.0592801572416153,-0.0113896465227745,0.000589862692201364,0.00617617005040158,-30,0,0,0,0,0,4,3,1.33825188705474,-0.391134818169667,-0.736177319523389,0,0,0
989,-30.0890097732462,0.0301024763303514,0.109119795410217,-0.00343673869013134,-0.000503127005222882,-0.00139459779757847,-29.9455921299587,-0.0519495466482491,0.253051703490968,-0.0044255694586969,0.00149073865177599,-0.0175587974581627,-30,0,0,0,0,0,4,3,0.333741205787156,-0.0451747718811008,1.24977633883433,0,0,0
990,-30.0918737250639,0.0295767676679912,0.108010058618277,-0.00229101626606509,-0.000548296401017515,-0.000825163379439005,-30.1474657217464,-0.136874117011754,-0.00632005006633481,0.000975571075933042,0.00797917266741756,0.00428751686005409,-30,0,0,0,0,0,4,3,0.19737433589941,-0.524169032718249,-0.416111585872739,0,0,0
991,-30.0942585877076,0.0287663859732114,0.106965457203503,-0.00247881378950291,-0.00107247224187163,-0.00126399062377524,-30.095082286881,0.070355944250898,0.117964641053585,0.0120980459279941,-0.0117724072943473,-0.010695540748881,-30,0,0,0,0,0,4,3,-1.01964001903737,1.03652884093293,0.833624792780926,0,0,0
992,-30.0967697052818,0.0282121909701163,0.106352171467564,-0.00254308906406148,-3.59196231863471E-05,3.74353126536119E-05,-30.2323764842609,-0.0589482589301958,0.198373218629738,0.00903852336038782,-0.0174084250243823,-0.00488181585214823,-30,0,0,0,0,0,4,3,-0.43909936751701,1.85873902029862,0.0914351479553476,0,0,0
993,-30.0994283713453,0.0291056478580924,0.106576820314513,-0.00277414260125294,0.00182282732928854,0.000411919976608518,-30.1693635766929,0.14685990822274,0.202773990502217,0.0128159072659218,-0.00230930126892352,0.0145506495444589,-30,0,0,0,0,0,4,3,-0.942863573206362,-0.0627896895531272,-1.86061293545032,0,0,0
994,-30.1032146126586,0.0308970819044736,0.106715937131593,-0.00479847410357504,0.00176003689392648,-0.000133178399786889,-30.0646132290028,0.0932851050601756,0.166701098451979,-0.00584024976512455,0.00656669195373284,-0.0143537710537708,-30,0,0,0,0,0,4,3,0.713251434517988,-0.843239405493636,1.10197490847312,0,0,0
995,-30.10736815347,0.0322354999152647,0.10667594534938,-0.00350855618941677,0.000916795411882237,5.28726994436807E-05,-29.8617055098603,-0.0780404848450768,0.0722482967001573,0.000972468729917676,0.00919693763596097,0.00968342228409457,-30,0,0,0,0,0,4,3,-0.373835853271181,-0.763612793905943,-1.11283882180977,0,0,0
996,-30.1114207371022,0.0327704899622131,0.106492711013741,-0.00459672575500806,0.000153179084582785,-0.00041907061085405,-30.0347170940445,-0.13984448577817,0.244734590176183,0.00391662069398309,-0.00483607478256859,0.00325436951679274,-30,0,0,0,0,0,4,3,-0.322227881309403,0.763296449813198,-0.81490613203164,0,0,0
997,-30.1164332302759,0.0333053200471981,0.105917832894769,-0.00542833522695064,0.000916473733345978,-0.000730479318971355,-30.2585133493292,-0.014399179471794,0.0696563597300259,-0.00106291837530334,-0.0110082666246149,0.00484978247460505,-30,0,0,0,0,0,4,3,0.623318536188789,1.12962502140508,-0.624290966920557,0,0,0
998,-30.1218927945194,0.0347866019711293,0.104741380340758,-0.00549100976877361,0.0020460832258084,-0.00162241269274311,-30.0232005462734,0.0268685001345862,0.0339387555916256,-0.00883140271400056,-0.00420362265061849,0.00892036828745664,-30,0,0,0,0,0,4,3,0.929541363946879,0.366625264792676,-0.959914339928916,0,0,0
999,-30.1274399455487,0.0370159878841547,0.102447184298811,-0.00560361846268703,0.00241268508160818,-0.00296595143927347,-30.270983786274,0.000686760764855028,0.0681409573771194,-0.00280722733003064,0.00969341185795502,0.0062356300307737,-30,0,0,0,0,0,4,3,0.822690305551152,-0.970714707325212,-0.759844917831609,0,0,0
1000,-30.1330611087413,0.0389433080499522,0.0989158234924346,-0.00563898390798798,0.0014419504322863,-0.00409676305574768,-30.1238227287139,0.0232661260829064,0.0672789144880191,-0.000495323676999486,0.0023977571501907,0.00609931564613042,-30,0,0,0,0,0,4,3,0.297177825127664,-0.286307967184883,-0.744489393589081,0,0,0
1001,-30.1388865963956,0.0402421019702887,0.0944557404705226,-0.0060121670836966,0.00115563120236718,-0.00482331029746542,-30.025043594099,0.177038717612984,0.0618091408736601,0.00153507166242152,0.00948990141853228,0.00546675983391602,-30,0,0,0,0,0,4,3,-0.103419978044146,-1.3030675770792,-0.670294265138922,0,0,0
1002,-30.1451904522914,0.0407462007603279,0.0894441638408429,-0.00659563302932338,-0.00014744048906725,-0.00519969810413436,-29.9577615775065,-0.0839122612293174,0.0662012013263377,-0.00486396836470712,0.00231498501537184,-0.00147299788780783,-30,0,0,0,0,0,4,3,0.401919991483682,-0.0636739790785491,0.0148973861281075,0,0,0
1003,-30.1516539452857,0.0405669234341547,0.0840935040043432,-0.00633142155172594,-0.000211120873051655,-0.00550168713043808,-30.2260638095156,-0.138190252458358,0.193802115913947,-0.00770835705541832,-0.000845143212310824,-0.00397624885643563,-30,0,0,0,0,0,4,3,1.22296332457311,0.360894826147797,0.0100206538156686,0,0,0
1004,-30.1575840446261,0.0405362413232236,0.0781308786626453,-0.00552899992675869,0.000149754155011525,-0.00642376361702643,-30.2880811679859,-0.127645583986771,0.127150835354188,-0.0155220304770785,-0.000504837739194,0.000682572695234949,-30,0,0,0,0,0,4,3,2.12836538367966,0.305774941892942,-0.32255894023187,0,0,0
1005,-30.1625383519631,0.0408388687689586,0.0707958002392017,-0.00438006460826324,0.000455491705186002,-0.00824666985300474,-30.1691401449215,0.0202219735590978,-0.0101726669437092,-0.011538494505546,0.00828623616493397,-0.00908951393009192,-30,0,0,0,0,0,4,3,1.49212974039757,-0.869067563611592,0.929296726896611,0,0,0
1006,-30.1660847224644,0.0408598212975973,0.0622890609896973,-0.00271279843681185,-0.000413592089545,-0.00876721883053484,-30.106971643735,-0.0688955783428618,-0.00994771467900055,-0.00552025364638332,0.00751632936347894,-0.0128042436126177,-30,0,0,0,0,0,4,3,0.765968652108342,-0.61384177966217,1.30031979061977,0,0,0
1007,-30.1680642277123,0.040139310388687,0.0536558074632231,-0.00124613918335818,-0.00102743508328555,-0.00849964970227565,-30.2498727841573,-0.0564408651432636,0.0517083427189131,0.0214967786744656,0.0130501366885289,-0.00778489082363109,-30,0,0,0,0,0,4,3,-1.64993229913201,-1.19213193856636,0.675072396925283,0,0,0
1008,-30.1696082148028,0.0385158296718611,0.0459913188500678,-0.00184141781780152,-0.00221953436704562,-0.00682918159175677,-30.2772671025101,-0.128730962552178,0.077484450193954,0.00874448703737887,-0.00883172496757077,-0.00975054333063225,-30,0,0,0,0,0,4,3,-0.319914498717591,1.14063442186143,0.820085432675317,0,0,0
1009,-30.1712535559515,0.0368666209490856,0.0395452053919748,-0.00144907105283912,-0.00107888765928055,-0.00606314477480583,-30.2482664330243,0.0395435601564076,-0.0546018443791377,0.00131030007721377,-0.00270543213127222,-0.0123693945470351,-30,0,0,0,0,0,4,3,0.36550285832717,0.191456092814406,1.34614314346179,0,0,0
1010,-30.172082352199,0.0358834667673242,0.0337801144434362,-0.000208370325832426,-0.000887425880149573,-0.00546734368633512,-30.2346860404728,0.00923194525063478,-0.00112511599559241,-0.00430861559131814,-0.0113945334091538,0.0211387902394085,-30,0,0,0,0,0,4,3,0.900233640077439,1.12098945041411,-2.11162879194966,0,0,0
1011,-30.1727957999107,0.0355565223607344,0.0272708439719345,-0.00121902763972906,0.00023353068835029,-0.00755094690521506,-30.2096694594851,0.0230046246123163,-0.0888742753888492,-0.0123393282097706,0.011260530160269,-0.00778799595368016,-30,0,0,0,0,0,4,3,1.65327173994719,-1.17206226525153,0.956548146145715,0,0,0
1012,-30.1731182018704,0.0352040163926209,0.0194041137843118,0.000574075361730314,-0.000938550188888312,-0.00818295238940139,-30.185294994374,-0.0803006646935628,0.00657410518203246,0.00859312362046387,-0.0013175177612553,-0.0338787635571942,-30,0,0,0,0,0,4,3,-0.48872237329845,0.292353105512655,3.37472814535535,0,0,0
1013,-30.1714408027037,0.034411664357156,0.0125059356382552,0.00278135880703552,-0.000646159977480128,-0.00561394223957517,-30.1076492608142,0.0139027316520631,0.107185258549328,0.00840362980707946,-0.0111906333675105,-0.00667352246685899,-30,0,0,0,0,0,4,3,-0.625064459079598,1.09125787344692,0.452981729587243,0,0,0
1014,-30.1687003699067,0.0343111429584109,0.00726678315836751,0.00269969583014248,0.000445111971156373,-0.00486434172873149,-30.1326353930508,-0.0452707246855701,-0.00197766305504012,0.00824020200801238,-0.00592821067929793,-0.00834037485936702,-30,0,0,0,0,0,4,3,-0.55874941469965,0.683362517300933,0.837992812046782,0,0,0
1015,-30.1658740699717,0.0350979478792043,0.00287869587524975,0.00295314368906892,0.0011284908087776,-0.00391189335421151,-30.3875967659543,0.133473213739644,0.093964732360456,-0.00267842510024091,-0.0239585597054544,-0.00462049379545551,-30,0,0,0,0,0,4,3,1.04303604193275,2.12890954306615,0.274119914824639,0,0,0
1016,-30.1624807612727,0.0372908893213389,-0.00134646614874274,0.00383332658009624,0.00325738576194432,-0.00453864172370139,-29.9954421334494,0.0301482634138052,0.0694509306754636,0.00446423380998509,-0.0113448108311575,-0.00364736591892371,-30,0,0,0,0,0,4,3,-0.455539114099613,1.07418455628814,0.225834730541444,0,0,0
1017,-30.1587173767246,0.0410853743325632,-0.00564921903249922,0.00369356443013728,0.00433157967492157,-0.00406682783648752,-30.1410662879093,-0.176214257117323,-0.0455758779596355,0.0162664276059029,-0.00834129863222593,-0.0074803058778504,-30,0,0,0,0,0,4,3,-1.34451018477177,1.18655837745724,0.839182343704312,0,0,0
1018,-30.1551531577281,0.0460102503519703,-0.0089433495339872,0.00343525380049462,0.00551816716536523,-0.00252136793827235,-30.2861684958642,-0.105346424401373,0.0642568808557915,-2.90664490854489E-05,-0.0028241404030251,0.00432110867319981,-30,0,0,0,0,0,4,3,0.575243636636922,0.493106889105256,-0.560624629031564,0,0,0
1019,-30.1517460385826,0.0517749667240996,-0.0118755459201343,0.00337879144970113,0.00601125985505304,-0.00334300612490248,-30.2628534631908,-0.0221731792034295,-0.0905564166316573,0.00861050516346586,0.00308965889313165,-0.00324867913623872,-30,0,0,0,0,0,4,3,-0.335343589964949,-0.264619530906306,0.505980746887186,0,0,0
1020,-30.1482909968824,0.0576539242381649,-0.0149360070305871,0.00353143760727445,0.00574665014639874,-0.00277794880080563,-30.2445197501597,0.015739419168129,-0.0990243855594903,0.0115890584329386,0.0021185944340257,0.00471781867100684,-30,0,0,0,0,0,4,3,-0.66986634297437,-0.243338281738828,-0.273733095981703,0,0,0
1021,-30.1450871247255,0.0632789121051371,-0.0175601609660276,0.00287638552573514,0.00550332038762786,-0.00247019983493298,-30.1296189990067,0.0883031828627618,-0.0228706120983498,-0.00291814606674238,0.00173476320266021,-0.0156083537279682,-30,0,0,0,0,0,4,3,0.551052604687613,-0.350082685991545,1.60657659699352,0,0,0
1022,-30.1414276125309,0.0686071967184293,-0.0197229693105587,0.00444279417633565,0.00515324262114188,-0.00185579439784542,-29.9724772069215,0.106865319647151,0.0870591172458456,-0.00555304885438858,-0.00742348150196538,-0.0138627390324196,-30,0,0,0,0,0,4,3,0.500259299281886,0.528617510902235,1.21215566875027,0,0,0
1023,-30.1363670734339,0.0740247539870403,-0.0213822000197049,0.00567838310625505,0.00568186246997502,-0.00146296038675907,-30.3000708342662,0.0878179404320595,-0.0862941501789142,0.00557617790610557,0.00203908924343566,0.00779550747956326,-30,0,0,0,0,0,4,3,0.0425238779217668,-0.379544805207685,-0.606962447598498,0,0,0
1024,-30.1309087906179,0.0795168427662422,-0.0230704177588858,0.00523808071208418,0.00530231173015164,-0.00191336827988865,-30.0558726788705,0.0597256005624398,0.0350200526416903,0.00107007545078015,0.00639575851281037,-0.00773935715192459,-30,0,0,0,0,0,4,3,0.00473781266303515,-0.759027052405917,0.703895609909079,0,0,0
1025,-30.1254070308729,0.0844396466416689,-0.0247664431717519,0.00576555050759176,0.00454329068739152,-0.0014788063922715,-30.2308761782495,0.0794314052740316,0.10271881225014,0.0143808392213228,0.0190172688280812,0.0144347122090588,-30,0,0,0,0,0,4,3,-0.976331565633276,-2.06058969335619,-1.64890884540616,0,0,0
1026,-30.1205889723598,0.0879526463181739,-0.0264242678429871,0.00387048625630325,0.00248270262216834,-0.00183638242487081,-30.2303552674343,0.270035334254055,0.139591927781121,-0.0136967547889203,-0.00371652806172673,0.00230884333869507,-30,0,0,0,0,0,4,3,1.83038601376057,-0.168417862335436,-0.51006818943175,0,0,0
1027,-30.1163192888477,0.0903511257631303,-0.0291307181851212,0.00466846746607554,0.00231425059708375,-0.00357670897575258,-30.1355063134906,0.0461005345096051,-0.108586796492899,0.00477164659995264,0.0169907358424265,0.00887898034967302,-30,0,0,0,0,0,4,3,-0.206152033014138,-1.79127465326186,-0.670724441981504,0,0,0
1028,-30.1119775412386,0.091769740974124,-0.0328582021164301,0.00401496186325082,0.000522973498731911,-0.003878099580394,-30.12772707843,0.123593415674683,-0.0392966963769391,-0.00837415617586333,0.0059704583423756,0.0027324971590321,-30,0,0,0,0,0,4,3,1.09286977444632,-0.844232665586925,-0.194656323149332,0,0,0
1029,-30.1076857663018,0.091870590928007,-0.037224288701657,0.00456836146078608,-0.000321278614970305,-0.00485420422599642,-30.1417688516968,0.0159892430672148,0.16675576153398,0.00760113068310989,0.0117925417618519,0.00760945261962847,-30,0,0,0,0,0,4,3,-0.476575364917326,-1.21123266231962,-1.09445678503081,0,0,0
1030,-30.1036936901256,0.0909436973124888,-0.0422642170883415,0.00341571056175172,-0.00153251298422047,-0.00522537271113695,-30.0695985836213,0.155881952413365,-0.119445494159084,0.00292462237307467,0.0140137622863341,-0.00775680391358132,-30,0,0,0,0,0,4,3,-0.153265070064881,-1.71314013346014,1.0145713796763,0,0,0
1031,-30.0999486358351,0.0885546218919269,-0.0471109827050595,0.00407458540159416,-0.00324564185638955,-0.00446831537428499,-30.1521879826909,0.0948664508876951,-0.0779421854523075,0.00728398611373568,-0.013546566837481,-0.00548849829925303,-30,0,0,0,0,0,4,3,-0.424022645991724,1.1649237819727,0.704734200829918,0,0,0
1032,-30.0957498660622,0.0858914504250741,-0.0511991052448446,0.00432314328837693,-0.00208070509403732,-0.00370798628585722,-29.9888422890234,0.106464146933495,0.00103952228343334,0.0222187210016421,-0.00735158370971469,-0.00628158395081951,-30,0,0,0,0,0,4,3,-2.24418752211742,0.52223007710448,0.626079350515084,0,0,0
1033,-30.0919234394384,0.0840718842680806,-0.0538610434822702,0.00333021461958083,-0.00155843311859119,-0.00161564829823159,-29.914888509639,0.257836699250222,0.0304492623278903,-0.00290693659216051,0.00876392958134598,0.00843737077086332,-30,0,0,0,0,0,4,3,0.120470678494106,-1.39206635663504,-0.904635601742112,0,0,0
1034,-30.0889021566674,0.0818174161802461,-0.0558259610255857,0.00271219053059437,-0.0029505092513619,-0.00231403587839052,-29.9905327359077,0.175079709765006,0.0252074021984154,0.0152130255511299,-0.0202568151202815,0.013073854618549,-30,0,0,0,0,0,4,3,-1.54023708329761,1.67552209249814,-1.35780026625173,0,0,0
1035,-30.0872108496653,0.0797046771245373,-0.0580044492403074,0.000670493827097473,-0.00127497385066456,-0.00204245126789979,-30.0797711391009,0.197272410573276,-0.102312976525908,0.0224760616796356,0.0160106338202308,-0.00655472480950136,-30,0,0,0,0,0,4,3,-2.08806388976181,-1.99560820316963,0.860098434001953,0,0,0
1036,-30.0868950568353,0.0774319217663888,-0.0589818049170394,-3.83932807851149E-05,-0.00327054067593052,8.79081820388174E-05,-30.1195054990517,-0.0183079193480383,-0.117520249475113,-0.00911865915663457,-0.0110629236760764,-0.0376422076758597,-30,0,0,0,0,0,4,3,1.15087691376684,1.14290820630371,3.9992612665362,0,0,0
1037,-30.0850415731784,0.0747328458397012,-0.058042985900567,0.003745771541002,-0.00212761662359101,0.00178883159320698,-30.2390250268125,-0.200823886793199,-0.102626912171917,-0.00287156479846388,-0.00199671263055153,0.0105011482894929,-30,0,0,0,0,0,4,3,0.765206533471307,0.601319036641551,-0.844861004605454,0,0,0
1038,-30.0813719985518,0.0729058813697963,-0.0568291044598501,0.00359310740549442,-0.00152631733334619,0.0006389692145606,-30.248302060131,0.059916958471834,-0.0700534344723752,-0.000987060597910151,0.00359520808316085,-0.00388598534991597,-30,0,0,0,0,0,4,3,0.595310180052972,-0.479354725259753,0.528705403936348,0,0,0
1039,-30.0773877618881,0.071139887291745,-0.0562553096062638,0.00437533536211346,-0.00200567716595152,0.000508433757360059,-30.0511793774367,0.0766315806931303,-0.00364027801909965,0.0225668599095638,-0.00034472094062569,-0.00063835799581269,-30,0,0,0,0,0,4,3,-2.15432723608293,-0.118791067323692,0.0711163556194683,0,0,0
1040,-30.0736859175545,0.0690748348436982,-0.0549130284495283,0.00302875224723695,-0.00212443258986433,0.00217645184975553,-29.9984258040889,0.0756964626887652,-0.00675857078872034,-0.00310972765453132,-0.00641372188656373,-0.00244684448006555,-30,0,0,0,0,0,4,3,0.307824373630881,0.489979263278842,0.258201589583996,0,0,0
1041,-30.0704614802826,0.0671953953403727,-0.0527797780419172,0.00342010912985784,-0.00163445609765331,0.00208995490346415,-30.0414968765102,0.107862836115856,0.120084061905998,-0.00513175527998867,-0.00245042535905203,0.0117218151905079,-30,0,0,0,0,0,4,3,0.596169281019193,0.0293168636734924,-1.41234964286279,0,0,0
1042,-30.0673895458645,0.0655755891916499,-0.0513834758846652,0.00272343688773037,-0.00160516112839119,0.000702817478127962,-30.1488758126343,0.0200275761525361,-0.243935360763883,0.000276389623993308,-0.0141144129826391,0.0119691755562898,-30,0,0,0,0,0,4,3,0.270112662869251,1.37138614595883,-0.709046834101211,0,0,0
1043,-30.0648523280595,0.0646561176822929,-0.0510221179386196,0.00235084112314516,-0.00023378550332584,1.99896413543843E-05,-30.1667955163179,0.21386014858134,-0.0880761485543583,0.0187376193659697,0.00840234752931385,0.00938674521552721,-30,0,0,0,0,0,4,3,-1.54017090396111,-1.26795505009406,-0.762522224444005,0,0,0
1044,-30.0632933546928,0.0637883664231641,-0.0506696673386502,0.000767266856642356,-0.00150172209953284,0.000685286181460838,-29.8906543857947,-0.0860189453781462,0.00301667864621108,-0.00754585216127798,-0.00447023189852565,0.00316785162401616,-30,0,0,0,0,0,4,3,0.535893987717292,0.619061080608857,-0.322818519694038,0,0,0
1045,-30.0624793476615,0.0625961727492393,-0.0503014976479126,0.000860601584867752,-0.000882672524808629,5.10330346458355E-05,-30.200895102476,0.0564725305792553,0.151245795798021,0.00789267645950986,-0.0115481349302997,-0.0100553871095799,-30,0,0,0,0,0,4,3,-0.387477440999007,1.04186843187146,0.703047119361945,0,0,0
1046,-30.061478546653,0.0622344436225147,-0.049883947929078,0.00114117897604265,0.000159208285483645,0.000784002473008463,-29.9761769547936,-0.0246283586590318,-0.249941167919257,0.00324498989357049,-0.00485350276658822,-0.00420977843140504,-30,0,0,0,0,0,4,3,-0.372145079769768,0.534606993976886,0.920860178979017,0,0,0
1047,-30.0601084666942,0.0626609680531383,-0.0486692319322412,0.00159918698895027,0.000693829289752323,0.00164532589479621,-30.0038905029546,0.014173042970311,-0.143729380674028,-0.00630482773939533,0.00498632202985574,0.00869121091897841,-30,0,0,0,0,0,4,3,0.638263779848792,-0.526978288926196,-0.581662330549785,0,0,0
1048,-30.0585284571568,0.0630913027317666,-0.047463999693351,0.00156063001150712,0.000166835599733693,0.000765151437146302,-30.005780395413,-0.000621664813924325,0.0971893136750017,0.00493467723225733,-0.0282288654645313,0.0228590193855625,-30,0,0,0,0,0,4,3,-0.481906932399716,2.82412987608098,-2.48028056590625,0,0,0
1049,-30.0580744902027,0.0646701996222799,-0.0473221576618053,-0.000652983624872009,0.00299095187897479,-0.000480945625692078,-30.0065721341448,0.0808617546880802,-0.138796440155109,-0.010806861644627,-0.000660970143521611,0.000496985417732554,-30,0,0,0,0,0,4,3,1.09383043275222,-0.0956264950239993,0.227894338536962,0,0,0
1050,-30.0582916690325,0.0676133331826362,-0.0481557549011982,0.000218464212049388,0.00289530957247833,-0.00118645185611528,-30.1198420720873,0.0221007489077313,-0.0373549083327962,0.00916481078846674,-0.00627160699103806,0.00631308312570024,-30,0,0,0,0,0,4,3,-0.676796934672163,0.582959201288343,-0.556598495904431,0,0,0
1051,-30.0585078416469,0.0708001278005977,-0.0492702509271603,-0.000650771891254955,0.003478274965106,-0.00104233529314695,-30.039864282475,0.0486343641414488,0.0359344413995018,0.00194344760132839,-0.00874636381934156,0.00763640123396842,-30,0,0,0,0,0,4,3,-0.11461619518285,0.777367653651258,-0.835509006195846,0,0,0
1052,-30.0595191327868,0.0746670867634699,-0.0505449448701054,-0.00137191483873971,0.00425563725688083,-0.00150688161546082,-30.039835873427,0.0966340203204043,0.049164360249335,0.0020308817469693,0.00617717835131932,-0.00458163999473095,-30,0,0,0,0,0,4,3,-0.123416427842841,-0.810985875772741,0.359835278974425,0,0,0
1053,-30.0607968823761,0.0785172363898472,-0.0518960980201466,-0.00118350369239177,0.00344465649791164,-0.00119546414501376,-30.1648363232893,0.0469666902400024,0.0210795264094524,-0.00707186769398041,-0.00292532750573751,-0.0138818731066519,-30,0,0,0,0,0,4,3,1.03685941597664,0.198599370093746,1.34602825784629,0,0,0
1054,-30.0611354045601,0.0820611919441299,-0.0530637503087795,0.00050647823500882,0.00364325063755329,-0.00114023322103391,-30.2030188702964,0.00325172992991385,-0.016328220121892,0.0118480638149864,0.0041790131078161,0.00348658705193428,-30,0,0,0,0,0,4,3,-0.778768640905904,-0.424404770641437,-0.316002264949644,0,0,0
1055,-30.0610038759756,0.0854922484030233,-0.0540149783868236,-0.000243326393204189,0.00321885579529824,-0.000762046572405183,-29.906500897512,0.146861501408575,-0.199169163655467,0.00528896207408121,-0.0125886014941123,-0.00309360904014083,-30,0,0,0,0,0,4,3,-0.715894412384085,0.965137146594084,0.707699231325017,0,0,0
1056,-30.0612091482232,0.0891936840968335,-0.0542831377615944,-0.000166979907740102,0.0041840106976082,0.000225715054978348,-29.8951809385695,0.0928684423914222,-0.0414146379424255,0.0173302492488293,-0.00110245281131749,-0.00506266124329884,-30,0,0,0,0,0,4,3,-1.94266304774396,-0.075491603651095,0.589095400214735,0,0,0
1057,-30.0617762822531,0.0933399693678996,-0.0531310025059531,-0.000966853412134114,0.00410855577430926,0.00207874499223999,-30.1902911903764,0.178994841588122,-0.112561615797418,-0.000754263539304685,0.00557790513322927,0.00784949668812056,-30,0,0,0,0,0,4,3,0.456008734683296,-0.91578019649917,-0.559826437217221,0,0,0
1058,-30.0628140977639,0.096990633456279,-0.0514140232472807,-0.00110894338246406,0.00319276332773729,0.00135525132969607,-30.1891381311933,0.0975138690415774,-0.104274925158425,-0.0111068453711976,-0.00467245418666761,0.0083103069189353,-30,0,0,0,0,0,4,3,1.48896079950637,0.272217680583607,-0.622480841576679,0,0,0
1059,-30.063687663242,0.100319491928781,-0.0508370696179143,-0.000638543287382671,0.00346495141694111,-0.000201453065246658,-30.023632241082,0.0814885504581886,-0.216518385444339,0.0108848274301201,0.0152664737007467,-0.0198492690169382,-30,0,0,0,0,0,4,3,-1.04121826084805,-1.68962447099105,2.4179636725825,0,0,0
1060,-30.0637342448692,0.102939653489771,-0.0498719743956172,0.000545925637604969,0.00177536477078602,0.00213137233313744,-30.1073848044576,0.148381318430625,0.0435148321058005,-0.008493082732798,0.00600352595812212,-0.00302026425511343,-30,0,0,0,0,0,4,3,1.06407788219508,-0.897115232673463,0.214996761299742,0,0,0
1061,-30.0627674733181,0.104266456222327,-0.048088642863006,0.00138745954456517,0.000878234092767063,0.00143509726498795,-30.0894568381397,0.0129227079685418,-0.0871319269322633,0.00281551744913943,0.0125569875252955,-0.0134052844850391,-30,0,0,0,0,0,4,3,-0.1026380686346,-1.28154416846663,1.51479230236844,0,0,0
1062,-30.0608331731302,0.104503928127325,-0.0461380518378978,0.00248138235898769,-0.000403295317857246,0.00246583298480043,-30.0546315655973,0.0430812386347892,-0.0062568892460374,-0.00496546048520038,-0.00349437922259252,0.00457992568660317,-30,0,0,0,0,0,4,3,0.605809179714597,0.263275444989674,-0.445478790168242,0,0,0
1063,-30.0583315196953,0.10423226572337,-0.0440564320808433,0.00252175226216122,-0.000140033572758761,0.00169740059494767,-30.1178088660305,0.144203317472459,-0.224490449995032,0.00407626323292876,-0.0157359143972373,0.00452725744705484,-30,0,0,0,0,0,4,3,-0.172008591231846,1.28518480477882,-0.00374484471541997,0,0,0
1064,-30.0558685709928,0.104734829973664,-0.0423029753826907,0.0024041740144563,0.00114515400106918,0.00180954675498796,-30.1216092531745,0.169627104790651,-0.24341553836545,0.00248086157482672,0.0027256060869578,0.00182122754259347,-30,0,0,0,0,0,4,3,-0.0048676511336907,-0.611814818277082,0.304708322471554,0,0,0
1065,-30.053351062196,0.105574080770686,-0.0404030981487756,0.0026308892405208,0.000533341894992272,0.0019901578262329,-30.0568380202734,0.153166070878086,-0.1496859449725,0.0145438122139681,-0.0021695603731268,-0.00720737124052234,-30,0,0,0,0,0,4,3,-1.34070518084998,-0.0893761044434931,1.02010901399723,0,0,0
1066,-30.0507575629109,0.106062754617472,-0.0375802589671078,0.00255650083660413,0.000443996404165057,0.00365553770988111,-29.9405348404476,0.236435304230619,-0.255627347505709,0.0198781054197554,0.00398221289700602,-0.00224343987671348,-30,0,0,0,0,0,4,3,-2.10674086108031,-0.87109189816184,0.735598682682767,0,0,0
1067,-30.0485911479701,0.106071227429826,-0.0328877085580868,0.00177680501573852,-0.000427054884460094,0.005729741819059,-30.1144585705718,0.197654816979736,0.00425449072361388,0.00697918636472774,-0.013532319421854,0.0154943582534953,-30,0,0,0,0,0,4,3,-0.469001495329113,0.957922308225925,-1.55794480679676,0,0,0
1068,-30.0475645497598,0.106123133578371,-0.0274823720346401,0.00027624589036682,0.000530861587394352,0.00508127856657744,-30.1045353047648,0.217556792662446,-0.0287825364630951,-0.010286310785435,-0.0121116853797381,0.0137630803036718,-30,0,0,0,0,0,4,3,1.23770168807302,0.776054952648915,-1.31874295744099,0,0,0
1069,-30.0474030873318,0.10704201050873,-0.023305993436523,4.62697593961397E-05,0.0013068850219161,0.0032715381028813,-29.9412885932245,0.00918828454941292,-0.00982646530119009,0.003812490917331,-0.000510819737084178,0.00098773979103659,-30,0,0,0,0,0,4,3,-0.498671905284188,0.032705404609592,-0.0791210485012788,0,0,0
1070,-30.047547750853,0.108365255505126,-0.0198750821537344,-0.000335520186151879,0.00133959785314929,0.00359037695815833,-30.0100132231459,0.26874221416021,-0.0247786209763047,0.0101059453465644,-0.00738365859094011,0.0143712319183629,-30,0,0,0,0,0,4,3,-0.990568088364655,0.200881430773592,-1.38756594988368,0,0,0
1071,-30.0487351377152,0.109805298070498,-0.01635169682031,-0.00203928010777232,0.00154048339624951,0.00345678711380227,-30.0642519588089,-0.118766918745287,-0.0770706078141184,0.000703884034143284,-0.0137260858662622,-0.0165764805977267,-30,0,0,0,0,0,4,3,0.0581155142034279,1.6101424241168,1.81178927540091,0,0,0
1072,-30.0500584703454,0.112150863645531,-0.0123478651163336,-0.000607132027010457,0.00315064053295022,0.00455055070312787,-30.060407560752,0.130247167251173,0.143776730204751,-0.00365022901762986,-0.00370727946125957,-0.0032334034471991,-30,0,0,0,0,0,4,3,0.485838023267045,0.110233611623612,0.0357868843104088,0,0,0
1073,-30.0504984318583,0.115356620928512,-0.00798081830054266,-0.000272870652802265,0.00326086655353037,0.00418346766838343,-29.8804770679788,0.0976700515916508,-0.179333735811118,0.019261591108402,0.026333832968218,0.000565499816946974,-30,0,0,0,0,0,4,3,-2.16520497488256,-2.8287234000051,0.302117489927539,0,0,0
1074,-30.0513437099286,0.117203147572224,-0.00287283659041523,-0.00141726066993509,0.000432180968318932,0.00603275969906865,-30.0627230061855,0.0251791525547077,-0.0365686446979779,0.00772785782128198,0.0202461918635689,0.01577156142094,-30,0,0,0,0,0,4,3,-0.647339769757169,-2.0749774914663,-1.50401885269804,0,0,0
1075,-30.0535478265748,0.116597841535548,0.00292548979583675,-0.00299107311156442,-0.00164279899500161,0.00556426039267345,-30.024537503645,0.139722392660064,0.0804267820494181,-0.0152463179362145,0.00234039563728599,0.0178931500899935,-30,0,0,0,0,0,4,3,1.57370680091141,-0.513484349048726,-1.95016857309818,0,0,0
1076,-30.0567936782709,0.114698281774487,0.00725659809944424,-0.00350118957933725,-0.00215632578087129,0.00309807333795126,-30.131687651223,-0.0145174718362857,-0.060067218449596,-0.0126955215609683,-0.0050378128194128,0.0103389992115771,-30,0,0,0,0,0,4,3,1.53292745854274,0.532816225613852,-0.913765484258523,0,0,0
1077,-30.0601636362785,0.112808349451759,0.00946631921686272,-0.00323912880532512,-0.00162354237722232,0.00132130782922445,-30.0325455794593,0.0821360337833993,-0.0631368914103505,0.00402897333538636,-0.00377672412005637,-0.00304293178406692,-30,0,0,0,0,0,4,3,-0.337806174619974,0.213400344438838,0.430566961227393,0,0,0
1078,-30.0633458588272,0.11129151437917,0.0110486131495253,-0.00312519322619826,-0.00141013282315863,0.0018432568211884,-30.1068300483556,0.307292856779049,-0.09698981771276,-0.00387881945430174,0.00761181596500568,0.00158193563311818,-30,0,0,0,0,0,4,3,0.601542042141319,-1.37576731005867,0.0357860721137017,0,0,0
1079,-30.0662689219625,0.109193496583366,0.01266436164868,-0.00272103321590085,-0.00278590960533006,0.00138814973205572,-29.9279726431558,-0.0419614932616267,0.109181879784891,0.00503309990553983,0.00132069670732306,-0.000739400692656629,-30,0,0,0,0,0,4,3,-0.647364704242352,-0.0481466842090524,-0.144423690304118,0,0,0
1080,-30.0692532871545,0.106383521531009,0.0142509674915112,-0.00324760241971405,-0.00283404700851693,0.001785184187076,-30.0714721320716,0.0714524135632298,-0.0894823107725861,0.0100253514846353,-0.0154978480642398,0.00114919317409549,-30,0,0,0,0,0,4,3,-0.859590884320353,1.40687997929752,0.0640453041356235,0,0,0
1081,-30.0727503951442,0.104252924918296,0.0163830845532859,-0.00374644937514403,-0.00142715249784303,0.00247916768419241,-30.16495204798,0.134323464256045,0.153150262971111,0.00786026023972467,-0.00312490734274742,-0.00237374045490578,-30,0,0,0,0,0,4,3,-0.456121928012392,0.0438438057626516,-0.0689264804516431,0,0,0
1082,-30.0766697643233,0.102847697977087,0.0190112411903515,-0.00409221722955533,-0.00138330187200081,0.00277722196462738,-30.1973517314983,0.158882925271641,-8.16722233061527E-05,0.00216929553387626,0.00103055839214048,0.0113771891242494,-30,0,0,0,0,0,4,3,0.177773909608998,-0.420821689757331,-1.13755556797833,0,0,0
1083,-30.0811483241584,0.101253980793807,0.0213543353991505,-0.00486509243202407,-0.00180413628395242,0.00190914095762059,-30.0978754139514,0.450376289992814,0.0651854540972491,-0.0082772576786094,-0.00177665685402169,0.00823775766020885,-30,0,0,0,0,0,4,3,1.0234765957638,-0.723086894583459,-0.954146674215384,0,0,0
1084,-30.0860620889706,0.0990882914460061,0.0225600665324026,-0.00496275173577238,-0.00252724806597664,0.000502345405690127,-29.8075627241229,0.0176206927175746,-0.071682378115781,-0.0106185622565616,-0.0108828279751152,-0.00603833218268214,-30,0,0,0,0,0,4,3,0.67698167390193,1.05304141207637,0.747197974499776,0,0,0
1085,-30.0905242530959,0.0970875654620425,0.0230305751367733,-0.00396158601876004,-0.00147421120005734,0.000438446386041591,-30.0160524890522,0.159040575772069,0.0797436586315752,0.0142565403849325,0.00833193352172157,-0.0166600201144024,-30,0,0,0,0,0,4,3,-1.39354906038885,-1.1512745037163,1.50651469417709,0,0,0
1086,-30.094344184832,0.0950377384098118,0.0244791778996943,-0.0036778166092459,-0.00262545002353017,0.00245869569095262,-30.0784546833527,-0.0961302733880962,-0.0980421328036528,-0.000669791746153206,-0.00389663858207673,-0.004021696703034,-30,0,0,0,0,0,4,3,0.223888541320777,0.581924404983866,0.598253935910705,0,0,0
1087,-30.0977212330452,0.0927032549777269,0.0270338368852817,-0.00307623441148823,-0.00204352408520167,0.00265048731250522,-30.1347692974236,0.102760570885215,-0.044108282669095,0.00492820266128874,0.00602433498417832,-0.0078725307105683,-30,0,0,0,0,0,4,3,-0.223281671281761,-0.807954640188262,0.87546963639502,0,0,0
1088,-30.1005299261236,0.090255762247487,0.0300408394689637,-0.00254098914535021,-0.00285146752853166,0.00336339901845436,-30.0362038088513,0.0506704168132707,0.0795113467113695,-0.00565314824607941,0.0120792326460172,-0.00214110667934477,-30,0,0,0,0,0,4,3,0.637722442310507,-1.30926409822826,0.0550879745117377,0,0,0
1089,-30.1028501607801,0.0867496617159757,0.0331676534104364,-0.00209958383546598,-0.00416074152167243,0.00289013098752498,-30.0550281655001,0.0511947755343459,0.0541953921031277,0.0015583277410639,0.00483652554962874,0.0165640756648504,-30,0,0,0,0,0,4,3,-0.0457764431061242,-0.586042106031566,-1.76479835069129,0,0,0
1090,-30.1056513672265,0.0822958949549312,0.0355133560096267,-0.00350306850548891,-0.00474679813113512,0.00180159204509824,-30.0731227105565,0.0882730361053951,-0.0291499621679557,-0.00368352821420914,-0.00965238477297953,-0.00982531236791259,-30,0,0,0,0,0,4,3,0.514598242533922,0.788692405087163,1.04083116112717,0,0,0
1091,-30.1085903150979,0.0779434467226023,0.0374366375490461,-0.00237476987531034,-0.00395810509572615,0.00204471926642157,-30.1660484899832,-0.0484007092802891,-0.0925898944873047,-0.0207480724690374,-0.000676652414551756,-0.0106991611082092,-30,0,0,0,0,0,4,3,2.4069042268701,0.164466660015754,1.25509589979553,0,0,0
1092,-30.1097223489291,0.0740675630930682,0.0389341732214858,0.00011046211473152,-0.00379366672305701,0.000949797404418019,-30.131302868899,-0.0540474561985617,-0.237259677353778,0.000312272203172018,-0.0161209788470855,-0.00474123677307641,-30,0,0,0,0,0,4,3,0.231378517480789,1.72019279710568,0.948643032015197,0,0,0
1093,-30.1091728960353,0.0711339981488025,0.0400846868326231,0.000988537750767331,-0.002073469491255,0.00135103675804004,-29.9573341936765,-0.180744117576247,-0.0336713998344604,0.00938612211174234,-0.015170159832731,-0.0202149955543197,-30,0,0,0,0,0,4,3,-1.02394382382117,1.87850421842559,2.08884235510089,0,0,0
1094,-30.1076959700503,0.0699997996286708,0.0424823567756224,0.00196578373062216,-0.000194930570957473,0.00344408834456518,-30.0009365878392,0.121357485033418,-0.123721599371576,0.00426784540530016,0.00307112928950955,0.0219599850483221,-30,0,0,0,0,0,4,3,-0.424911364851533,-0.54982789901779,-1.94855530608906,0,0,0
1095,-30.106623288034,0.0695299531566563,0.0454716371484674,0.000179380644153978,-0.00074476839877583,0.00253487518098762,-30.118588633823,-0.0162642326403113,0.0815879503733918,-0.00654547293439067,-0.0105422038072382,0.00999469762945294,-30,0,0,0,0,0,4,3,0.891724561085064,1.08674884600445,-1.16264566369208,0,0,0
1096,-30.10661850037,0.0693285475814224,0.0472870313278942,-0.000170124047572947,0.000341955902954301,0.00109599592038449,-30.3862895967934,0.148132821112566,0.0783701854491834,-0.00873172072308306,-0.0116519423544989,0.00583948898406886,-30,0,0,0,0,0,4,3,1.64575126589504,0.868928593224759,-0.740689269305253,0,0,0
1097,-30.1065633664263,0.0701049552076644,0.0475025275930896,0.00028000323384176,0.00121085133696924,-0.000665099424309666,-30.2108235770988,-0.0138954312314545,0.0573904019056769,-0.00945881687066913,-0.00737669841523674,-0.00754284651850101,-30,0,0,0,0,0,4,3,1.36752884126461,0.765460703986583,0.639503848038747,0,0,0
1098,-30.1056088634196,0.0716985329707051,0.0464976723021165,0.00162885668797712,0.00197629532974298,-0.0013449103137715,-30.1554519348557,0.0689932389004933,0.0595531624142291,-0.001156150456649,0.0157465046416693,-0.00699993822875858,-30,0,0,0,0,0,4,3,0.426518915376346,-1.71263694196792,0.5808874980474,0,0,0
1099,-30.1036236155178,0.0728185117546395,0.045160454319533,0.00234164672785734,0.000263656473697572,-0.00132968255029777,-30.0850873858507,0.00175952638939429,-0.0985313727808333,-0.00328614971124683,0.00160612354876439,-0.00581132328345098,-30,0,0,0,0,0,4,3,0.498789742826095,-0.164131407655228,0.778195073906764,0,0,0
1100,-30.1008260088799,0.0730001025973062,0.0438715945693066,0.00325358395857437,9.95236826579396E-05,-0.00124823572912795,-29.9394736967309,-0.00011072666292436,0.132235310022525,-0.0021085510252137,-0.00850763642422677,-0.0186654080210511,-30,0,0,0,0,0,4,3,0.0898024959832623,0.850985095748526,1.60207018206006,0,0,0
1101,-30.096923128669,0.0735251281980366,0.0430808951672531,0.00455238424309336,0.000950521163845169,-0.000333446244278814,-29.9222609793394,0.0967057573662236,0.0949477001904452,0.0186501735579114,-0.0146666951263017,0.00733043657101295,-30,0,0,0,0,0,4,3,-2.02049539711242,1.27325799789772,-0.922939057482185,0,0,0
1102,-30.0933658616328,0.0751122949835347,0.0432375421575069,0.0025623689125221,0.00222380403852663,0.000647185084239603,-30.109448997088,0.153111505950985,-0.0879546703868642,0.0111596704183119,0.00159657030778415,0.00859754645452768,-30,0,0,0,0,0,4,3,-0.897069047655141,-0.465880042680385,-0.68384530467904,0,0,0
1103,-30.0913534558522,0.0771031655560028,0.0440125260344658,0.00146250284155014,0.00175793266793933,0.000903027582134825,-29.9981745895444,0.0866475903357592,0.0247366041419633,-0.0190927520919294,0.0107732925814102,-0.00284294197488012,-30,0,0,0,0,0,4,3,1.9056243882818,-1.25062443881254,0.234820989204086,0,0,0
1104,-30.0892064573929,0.0782357756243154,0.0442370623728892,0.00283120025286736,0.000507279277895942,-0.000454256189823844,-30.0894935326656,0.0584495268226698,-0.0263640750332275,0.0111210933239171,0.000880112866685347,-0.00385956069345278,-30,0,0,0,0,0,4,3,-0.933122267060463,-0.204910340313874,0.438684219411733,0,0,0
1105,-30.0864984844862,0.0786406127284,0.0442755972411529,0.00258496778804,0.000302387899506318,0.000531381625195006,-30.0447814984507,0.0146328499434969,0.207814590890875,0.0154463322883764,-0.0102518193476676,0.000981376774957327,-30,0,0,0,0,0,4,3,-1.45507023193629,0.995916234879765,-0.513766859277482,0,0,0
1106,-30.0845710385474,0.079440972188542,0.0452065690893438,0.0012701047698186,0.00129832335800284,0.00133085575747488,-30.0766852766578,-0.0387235381804648,0.166682073139535,-0.00255670710483544,-0.00375317304236248,-0.00315877322689287,-30,0,0,0,0,0,4,3,0.409041263799197,0.452764380597177,-0.0174868235897818,0,0,0
1107,-30.0831825260091,0.0809656775601183,0.0463642522773315,0.0015068450363756,0.00175108093735383,0.000984461614808857,-30.2466710098631,0.118987047240678,-0.0840194014073229,0.00809510532879392,0.00199084855266557,0.00157750789644506,-30,0,0,0,0,0,4,3,-0.316168513153228,-0.437058949747913,0.0102880131701398,0,0,0
1108,-30.0817727230784,0.0824982347822099,0.047467555458996,0.00131281903688795,0.00131402722302434,0.00122218895725068,-30.1568928606332,0.0955020141939255,0.180443546361864,0.00480476420169097,0.00318755310920091,-0.00331623693442049,-30,0,0,0,0,0,4,3,-0.166690698902656,-0.509759339307942,-0.0292633992816791,0,0,0
1109,-30.0805256707705,0.0835573851946012,0.0487379471744145,0.00118130874525987,0.000804270340636679,0.00131862590065163,-30.1387243243415,0.170075675746548,-0.0843309595981975,0.00974880262810309,-0.000494606130537634,0.00549891779317718,-30,0,0,0,0,0,4,3,-0.697431614127233,-0.290690738439332,-0.381229860121323,0,0,0
1110,-30.079713016369,0.0842163161545002,0.0502028833463853,0.000444067236668242,0.000513587641481179,0.00161141195407597,-30.1331939264631,0.0136009076499087,-0.0393818832547563,0.0160667475777844,0.00433608131913876,0.00495598950902653,-30,0,0,0,0,0,4,3,-1.3402869048522,-0.460809947213694,-0.41683518439314,0,0,0
1111,-30.0798514128264,0.0844995097551764,0.052201585623302,-0.000720689417615058,5.27958834841077E-05,0.00238624790065848,-30.0159274403287,0.129567329490618,0.0470034286667665,-0.00603275982332602,0.0101553715606229,-0.0108555480646827,-30,0,0,0,0,0,4,3,0.635130862990001,-1.27467181504352,0.991547949134742,0,0,0
1112,-30.0799882480951,0.0839149719745219,0.0546407043716958,0.000447045475362786,-0.00122187769023247,0.00249173754266891,-30.0229565188576,0.0118592366616725,0.100707409806256,-0.00508909579524697,0.00103076215793532,0.0261626907895696,-30,0,0,0,0,0,4,3,0.554822617239835,-0.126794689116877,-2.81768389856947,0,0,0
1113,-30.0804739130986,0.0826296827584716,0.0560317364449707,-0.00141885334944603,-0.00134870574820863,0.000290736868020407,-29.9315828644858,0.289264144400973,-0.0279717093454944,-0.00825124938795556,-0.00461337372497394,0.00100433120077592,-30,0,0,0,0,0,4,3,0.688290667767143,-0.117190916304552,-0.0444897013866036,0,0,0
1114,-30.081699096843,0.0812223758298728,0.0560324054510548,-0.00103163395867838,-0.00146590823664466,-0.000289484796661417,-30.1946546065498,0.0763033472323301,0.141911299348873,-0.0014587471645917,-0.0116416360520973,0.0163457160022285,-30,0,0,0,0,0,4,3,0.535183929558743,1.01155691074507,-1.9183941989206,0,0,0
1115,-30.0833192968157,0.0802622362982363,0.054930654304215,-0.00220911643712084,-0.000454376606551421,-0.00191376081827716,-30.096199102478,0.0306892662350307,0.0974588109959292,0.00467111906919798,0.000114443875395258,-0.0139568057726053,-30,0,0,0,0,0,4,3,-0.274713701963876,-0.0728229200095872,1.20076295526867,0,0,0
1116,-30.085146692887,0.0797714582398079,0.0534910124867825,-0.00144546401851453,-0.000527184683310748,-0.000965687870077414,-30.1249190264543,0.235782888562868,0.0522102789904914,-0.00531308735539028,-0.00568725568491094,0.00533428288600485,-30,0,0,0,0,0,4,3,0.781146788447636,0.0971597913653584,-0.637848846581467,0,0,0
1117,-30.0866032591178,0.0792928478729472,0.0520145568335414,-0.00146788691267992,-0.00043004310491929,-0.0019872175368697,-30.1274905670557,0.0191648774689362,0.193540734840306,-0.00317562548391576,-0.0179341386193091,-0.00842664430595873,-30,0,0,0,0,0,4,3,0.572543682503008,1.75508410699304,0.455582960915261,0,0,0
1118,-30.0877186551335,0.0797403474049012,0.0499374103507795,-0.000762938155257746,0.00132503562974179,-0.00216722731896467,-30.100386151323,0.18011589281655,0.134749866685092,-0.00879442412908363,0.00955608996891356,-0.00398798920815082,-30,0,0,0,0,0,4,3,1.08021471555444,-1.31584078252446,0.129299187444897,0,0,0
1119,-30.0880999392848,0.0804074571870696,0.0473795112723959,2.03153719996497E-07,9.17840313485823E-06,-0.00294873601035406,-30.119867333067,-0.0860690162022369,0.132866717233126,0.0103212539432871,-0.00371140904218255,-0.00347328966772934,-30,0,0,0,0,0,4,3,-0.792390728194662,0.543278936622729,0.0815955323066809,0,0,0
1120,-30.0883172403585,0.0806882848037777,0.0447598992696866,-0.000434657723257926,0.00055247092724535,-0.00229039383092266,-30.0031893469637,0.249141470866627,0.100771178013611,0.00322564371815182,0.00868327512852877,-0.00353449863880108,-30,0,0,0,0,0,4,3,-0.316185677887787,-1.36661045458613,0.151907507852886,0,0,0
1121,-30.0887939587052,0.0805574557775835,0.0426337049915609,-0.00051870277708992,-0.00081413306970099,-0.00196197480601512,-30.0820717132835,0.20605630562522,0.154661449132067,-0.0100475450920383,-0.0134350555621675,0.0102943519474374,-30,0,0,0,0,0,4,3,1.16889793577076,0.931392944966307,-1.33875809300787,0,0,0
1122,-30.0894806249427,0.0802090070440127,0.0397914707962011,-0.000855007563289659,0.000117229302434368,-0.00372241913061973,-29.9668974353608,0.170491719100855,0.278996653123437,0.00439662227881733,-0.0142393028547164,-0.0151690948053309,-30,0,0,0,0,0,4,3,-0.505867357160042,1.08294684726993,0.958916174286214,0,0,0
1123,-30.0901196803874,0.0808677224192457,0.0365575132463758,-0.000422890535095035,0.00120019265661629,-0.00274559353453382,-30.0067166079388,0.0618837864933902,-0.0603281124984997,0.00786161807784472,0.0113065624700248,0.00337631335025613,-30,0,0,0,0,0,4,3,-0.772728591906868,-1.25442381998926,-0.216975110028614,0,0,0
1124,-30.0908706598401,0.0814407111642371,0.0340416574264158,-0.00107896417741414,-5.42204717223047E-05,-0.00228597762430822,-30.0277210587444,0.0261753630729258,0.174366193736643,0.000851688438322043,0.000718694163736376,-0.0137076634797334,-30,0,0,0,0,0,4,3,-0.0297267263434094,-0.124220142519489,1.02203396050005,0,0,0
1125,-30.0915607368528,0.0813243870880349,0.0320763424893949,-0.000301048505732421,-0.000178431297012911,-0.00164481934112657,-29.977940664642,0.143311553895874,0.224183711197392,0.00555244190295863,-0.0120212834664512,0.00844870287275066,-30,0,0,0,0,0,4,3,-0.599362861011873,0.915505238853376,-1.29323770966985,0,0,0
1126,-30.0925590030705,0.0816037112150013,0.0302610767091072,-0.00169555408820697,0.000737072506308214,-0.00198540930278732,-30.0738250669578,-0.0260178718022423,0.0177640726731908,-0.00345997225290202,0.000586187046141752,0.0010314826733137,-30,0,0,0,0,0,4,3,0.49364735920587,-0.00658296100969052,-0.138676412677752,0,0,0
1127,-30.0941604943323,0.0823374897088312,0.0280322508555469,-0.00150752730149002,0.000730480320099032,-0.00247228024785634,-30.2028782282869,0.12680098129358,-0.0270150319021191,-0.00947054016423285,0.00476477118748421,0.0132248764057262,-30,0,0,0,0,0,4,3,1.35281047299701,-0.730079081335581,-1.26845757676838,0,0,0
1128,-30.0957540467085,0.0827029160015154,0.0246299182555918,-0.00167997299983699,3.68281097815864E-07,-0.00433234518147076,-30.1548813413623,0.112665116860224,-0.0440627942591704,0.00739111336839097,-0.00219521176347884,-0.0114269585017044,-30,0,0,0,0,0,4,3,-0.42934865411455,-0.00580905737256482,1.23082143868879,0,0,0
1129,-30.0970863600887,0.0827003913540438,0.0208395391888196,-0.000984416477748559,-5.42315969087026E-06,-0.00324856236978373,-30.1681682911752,0.146135415489315,0.0506679410674914,-0.00774854765792869,0.00684632039723766,0.000935683632106197,-30,0,0,0,0,0,4,3,1.11119134814319,-0.976902870702396,-0.194904245345603,0,0,0
1130,-30.0978094843455,0.0822065104834429,0.0170866092737539,-0.000462045831633521,-0.000982345778494863,-0.00425740971049185,-30.0993951303324,0.0157506047183997,0.056025801272501,-0.0117702810390854,0.0157019465004545,-0.00181151380905594,-30,0,0,0,0,0,4,3,1.37581836457327,-1.60169585948225,0.0690997783605919,0,0,0
1131,-30.0978253985687,0.0804233085420942,0.0123015100478001,0.000429995153957181,-0.00258406340973589,-0.00531297876496229,-30.1433321977838,0.178317572939957,0.093579048271358,0.000727663357181411,-0.00650189932037315,0.0106831631760792,-30,0,0,0,0,0,4,3,0.213898059849415,0.2935547861574,-1.25547441415063,0,0,0
1132,-30.0978294790126,0.077986018559619,0.00651069866178552,-0.000438353874360914,-0.00229052295478759,-0.00626845529769426,-30.1729392572265,0.181451806192942,-0.121273970919232,0.00930270010566439,0.00207081941517539,-0.0129950992211409,-30,0,0,0,0,0,4,3,-0.584391496113518,-0.569985553903424,1.54205786395256,0,0,0
1133,-30.0978449891117,0.0754105166078421,0.000939939632126925,0.000407637404038873,-0.00286048567900125,-0.00487324173410262,-30.2246403342542,0.231925052067917,0.0959303151795133,-0.000646632887174351,-0.0124010473699244,0.0105101247215258,-30,0,0,0,0,0,4,3,0.513943957225757,0.776254632856605,-1.24287310251161,0,0,0
1134,-30.0977744398954,0.0729381512735573,-0.00452520929620375,-0.000266787031163179,-0.00208425014379727,-0.00605691164762681,-30.0858294022559,-0.0954616696138816,-0.00489630365069927,0.00116606699867663,-0.0119853088403013,-0.0110501309876188,-30,0,0,0,0,0,4,3,0.0550521046440727,1.3894542232579,1.11480570606328,0,0,0
1135,-30.0975898257678,0.0715486353755067,-0.010268378561939,0.000636155202177681,-0.000694787179023724,-0.00542961882084983,-30.1222518445911,-0.0693355173482349,0.0153004045184537,0.00546842842364479,-0.00936917051881894,-0.0117172717967492,-30,0,0,0,0,0,4,3,-0.302339153182361,1.07558808657836,1.14112637063801,0,0,0
1136,-30.0966011781794,0.0713916507934695,-0.0152356962396487,0.00134133775708572,0.000380815681904082,-0.00450516150042769,-30.0498469648424,0.106603875709994,0.0079713647556417,0.00167607140632596,0.0047913717022988,-0.00904040898806908,-30,0,0,0,0,0,4,3,-0.0679132109478348,-0.692344921649868,0.888098169295625,0,0,0
1137,-30.0949347177323,0.0714263009400589,-0.0194491656543161,0.00199171219602688,-0.000311520463266907,-0.00392191505361257,-30.1541431502516,0.270901472423552,-0.0999783395872299,-0.000278519705542933,-0.00212860520042941,-0.00667684302010623,-30,0,0,0,0,0,4,3,0.336138271057442,-0.328942424804164,0.867640981185083,0,0,0
1138,-30.0925016748511,0.0709503134510515,-0.0232456433262773,0.00287443178368469,-0.000640460857095913,-0.00367122741692835,-30.1695854909754,0.0887619871929985,-0.0738431639148063,0.00732568992004557,-0.00223927362109667,-0.00981527378723585,-30,0,0,0,0,0,4,3,-0.393398010053685,0.0464033877236696,1.1292137065532,0,0,0
1139,-30.0893059905914,0.0703330657330339,-0.0264236164866406,0.00351714927602454,-0.000594041315767459,-0.00268485433955076,-30.0889124572625,0.109220538218438,0.162902192064524,-0.00636662163325457,0.00731843974387603,0.00313591551919326,-30,0,0,0,0,0,4,3,0.814487077850369,-0.95028505082448,-0.639395936048374,0,0,0
1140,-30.085795893713,0.0692638755239586,-0.0296346952450828,0.00350282708747169,-0.00154434513806097,-0.00373729872157313,-30.0601266345768,0.129006885911269,-0.0296665273992407,0.0155640949142056,0.00351171005959134,0.00795683981981258,-30,0,0,0,0,0,4,3,-1.43615622226703,-0.609184777781672,-0.736350927182776,0,0,0
1141,-30.0830281263381,0.0674149480878364,-0.0330381657547896,0.00203285636913047,-0.00215351292609583,-0.00306933042404476,-30.2493014179511,0.124697422091406,-0.0396681417392806,0.000447272477041784,-0.00455210741623707,-0.00604584159493261,-30,0,0,0,0,0,4,3,0.453875588197955,0.205815897440895,0.683920442971822,0,0,0
1142,-30.0805899427723,0.0653643459716314,-0.0360855704755755,0.00284352504660308,-0.00194769849441376,-0.00302564832256271,-30.0969623082399,0.100590536662934,-0.0768070696466329,-0.000951342330321195,-0.00317090192780027,-0.0102884895842705,-30,0,0,0,0,0,4,3,0.289058849511825,0.11590911945416,1.18246309772031,0,0,0
1143,-30.0771942416199,0.0634746075153111,-0.0388721419058422,0.00394798284474155,-0.00183178385789447,-0.00254772629490257,-30.0510354351097,0.0476610718593727,-0.167426044332612,0.00364746035144782,0.000714405393020597,0.00547081607816405,-30,0,0,0,0,0,4,3,-0.262675164925375,-0.166762683020805,-0.212229519151181,0,0,0
1144,-30.07341428936,0.0615594466660655,-0.0413894321320115,0.00361193907667033,-0.0019985441031806,-0.00248678025780579,-30.1637373293925,0.13657958105414,-0.359430352159126,-0.00335173183055264,0.0064713023861948,0.00113794297399878,-30,0,0,0,0,0,4,3,0.662647841840172,-0.92028940072776,0.605066406918374,0,0,0
1145,-30.0693641544316,0.0591007581320734,-0.0439621579275803,0.00448829797679005,-0.002918839051309,-0.00265885583792677,-30.0921955957586,0.0750318305295462,-0.223348454307623,0.00991099471706266,-0.0176145766653467,-0.0189632470480313,-30,0,0,0,0,0,4,3,-0.806708280189101,1.61139400547557,2.34302161341838,0,0,0
1146,-30.0641981916518,0.0569876359140495,-0.0455951061626865,0.00584406545762984,-0.00130741168423413,-0.000607323534861259,-30.1015289223466,-0.0206784681313416,0.0220166996512903,0.022866512222716,0.01156385178648,0.0114376994835182,-30,0,0,0,0,0,4,3,-2.08359337757838,-1.11502824238532,-1.18780334765441,0,0,0
1147,-30.0594633203074,0.0551227249874122,-0.0457489747748187,0.00362587444634352,-0.00242241631207713,0.000300056154631054,-29.9738944769079,0.00406260125256546,-0.0347747430490627,-0.00408429899950805,0.00374768972151155,-0.0346544451938724,-30,0,0,0,0,0,4,3,0.356218853766594,-0.382894174656286,3.53499400548536,0,0,0
1148,-30.0543307029768,0.0525088767542539,-0.0445204370180496,0.00663975445500154,-0.00280528572983601,0.0021563874951393,-30.1001334960247,0.131808288080022,-0.0576624932838786,0.022875835353851,-0.0150957053264967,-0.0136364420375162,-30,0,0,0,0,0,4,3,-2.08731654333578,1.24595395648963,1.47896919031938,0,0,0
1149,-30.0477427316124,0.050326594853825,-0.0410956700757492,0.00653672392580287,-0.00155928505730425,0.00469317335751761,-30.0652287737641,-0.0542609142575206,-0.0319462104298229,0.00648866496062307,-0.00886302223059374,0.00318453023257155,-30,0,0,0,0,0,4,3,-0.518408948534098,0.994824051574415,-0.254560602397509,0,0,0
1150,-30.0414655382793,0.04926472765402,-0.0362841749573556,0.00601771570111297,-0.000564454772363968,0.00492992914440955,-30.0656723373737,0.0163606012037571,0.0386004052387337,0.0261800103457455,0.00841256583764199,0.0133780560117106,-30,0,0,0,0,0,4,3,-2.48665635982724,-0.873977786171713,-1.41500641164853,0,0,0
1151,-30.0367667172101,0.0482633006636089,-0.030808272569531,0.003380157808032,-0.0014384043549233,0.00602243147975455,-30.0733556295894,0.104402378204678,0.0278686774624842,-0.00597487391536229,0.00590930060394125,-0.00744630040968851,-30,0,0,0,0,0,4,3,0.744198650715065,-0.799734816803482,0.688892686043883,0,0,0
1152,-30.0328869014303,0.0464250283863581,-0.0248797542557995,0.00437943588045711,-0.00223814532246081,0.00583439956531128,-29.8540345790285,0.192463482119647,0.0186739414052364,-0.00154583280678227,-0.00190325431554172,0.0064936013488485,-30,0,0,0,0,0,4,3,-0.137347561264745,-0.194601532685121,-0.686708017695323,0,0,0
1153,-30.0288219562579,0.0440895829597498,-0.0192084140839627,0.00375038940308904,-0.0024327505570362,0.00550841646749084,-29.9783057964382,-0.0503548262540562,-0.0872709868537961,0.00397217662267762,-0.00670119891516734,0.0191038844867104,-30,0,0,0,0,0,4,3,-0.440606069391306,0.770829544024847,-1.73584647496344,0,0,0
1154,-30.0258949329353,0.0420422460448494,-0.014061179677291,0.00210350878138,-0.00166192885060213,0.00478640070804858,-30.1480496053868,-0.0322753892290866,-0.0566241705121432,-0.0155331018446465,-0.020999138738894,0.00783507801767574,-30,0,0,0,0,0,4,3,1.84940939523834,2.16446465234757,-0.670259460743288,0,0,0
1155,-30.0234963479742,0.0414625350711049,-0.0102205941017403,0.00269326797658917,0.000502499941231634,0.00289464947701587,-29.829210005473,0.182265541243063,-0.189020681453185,0.0104730296014735,0.00478787156294922,-0.011630508212257,-30,0,0,0,0,0,4,3,-1.38888294920127,-0.843318238781047,1.54109218413207,0,0,0
1156,-30.0206140291101,0.041543396859812,-0.00631424576838133,0.00307179515526233,-0.000340782397997258,0.00491797223201527,-30.0242236211335,0.0286031989142891,0.0165196876636832,0.00650664187354675,-0.00243002363528187,0.00576254954156458,-30,0,0,0,0,0,4,3,-0.60221694508758,0.185795965699608,-0.609294329483824,0,0,0
1157,-30.0179676702144,0.0412955177106778,-0.00134999816296379,0.00222094565733694,-0.000154981905105263,0.00501070253226075,-29.9197522608195,0.0334455814906604,-0.0621962129810506,-0.00696646292930964,-0.00724055223476415,-0.00325886089015286,-30,0,0,0,0,0,4,3,0.536150814569978,0.657164060495094,0.450278514977387,0,0,0
1158,-30.0154056406672,0.0414691178219204,0.00357640279519864,0.00290308031190127,0.000502177328723769,0.00484196007264719,-29.9945396015247,0.052414737203054,-0.104342657625489,0.0147409336882101,0.00778941600831319,0.0137642908636916,-30,0,0,0,0,0,4,3,-1.48501416577154,-0.883771075237427,-1.16774377111818,0,0,0
1159,-30.0134176460729,0.0415294200509343,0.00864682246341886,0.00107300617623039,-0.000381579697542362,0.00529926195336123,-30.0291606583509,0.0426873429248265,0.0532975856493218,-0.00130909778088905,0.0128771938633937,-0.00239100584755241,-30,0,0,0,0,0,4,3,0.189231094790642,-1.37309407218902,0.132505413456598,0,0,0
1160,-30.0122350014152,0.0404612948724108,0.0139037236093723,0.00129226805342078,-0.00175467570604627,0.00521449741415083,-29.8775436394177,-0.100765422304964,-0.249228667577484,-0.00420171132997512,-0.00411845114654901,-0.00706884099530034,-30,0,0,0,0,0,4,3,0.175258411832859,0.613375959264828,1.205341434685,0,0,0
1161,-30.0104105184539,0.0390133139691227,0.0194061453757142,0.00235682069612499,-0.00114129218111249,0.00579012881476506,-29.9718255681561,0.0242481997153515,-0.0357530787445085,0.00754766741177001,0.00034745144599459,-0.00330809627694282,-30,0,0,0,0,0,4,3,-0.811115604864767,-0.0832415440301619,0.402315785183299,0,0,0
1162,-30.0081392494086,0.0378304122645215,0.0256330933398694,0.00218590114074173,-0.0012245170613376,0.00666380479342154,-29.9436110918892,-0.177861239896325,0.143647403135567,0.00665938432039632,-0.00176156546061425,0.0060326175538303,-30,0,0,0,0,0,4,3,-0.778716248261255,0.531879025854074,-0.890556561654163,0,0,0
1163,-30.0065432723486,0.0368718406260649,0.0323298572175502,0.00100606532022354,-0.000692633068436599,0.00672996598132925,-30.1426803093043,0.0520066534668118,0.0100067315760126,-0.00410213647101185,0.00156225816333262,0.00468897803434244,-30,0,0,0,0,0,4,3,0.695574265709792,-0.260239123266885,-0.488911266586269,0,0,0
1164,-30.0055214254871,0.0360490831150025,0.0386278215660322,0.00103745121659635,-0.000952887727604161,0.00586595810228057,-30.0518188912346,-0.188022743605953,0.117446879267542,-0.00631236549103603,-3.33333519313775E-05,0.00567199214500465,-30,0,0,0,0,0,4,3,0.734874331572767,0.379378822405044,-0.802092973035548,0,0,0
1165,-30.0045816120481,0.0352858777560723,0.043951478009654,0.000841952639822177,-0.000573527785496441,0.00478139572258343,-30.0915825335443,0.111318901337591,-0.0376119241175103,0.00372866442950255,-0.00760692452466388,-0.00589062314515331,-30,0,0,0,0,0,4,3,-0.189701375861731,0.538054649791206,0.664286162750351,0,0,0
1166,-30.0035328291222,0.034981385083853,0.0490019752322006,0.00125573040282764,-3.54643097271843E-05,0.00531951827639997,-30.1375798402671,0.0150188070874225,0.108843097226354,0.00357097111473292,-0.00149926907094688,0.0051438221093739,-30,0,0,0,0,0,4,3,-0.0819374309391824,0.119889292919843,-0.732068405390097,0,0,0
1167,-30.0025940219608,0.035005863894309,0.0541259380333239,0.000621803784697743,8.44199939364306E-05,0.00492854401853406,-30.0781120775686,-0.0911331504040269,0.19904153757531,-0.00770129902470954,0.00818564569584564,0.005447930251088,-30,0,0,0,0,0,4,3,0.926354057608235,-0.63629826877651,-0.94287610025942,0,0,0
1168,-30.0020692764608,0.0347721262887075,0.0583936902393076,0.00042741840615971,-0.000551901482989967,0.00360700254977391,-29.9904453851895,0.0327194733474694,0.207857028330099,0.0115531628671747,0.00626412530781888,0.00422171798299855,-30,0,0,0,0,0,4,3,-1.17442551633857,-0.691851477476827,-0.837885854960052,0,0,0
1169,-30.0023312301702,0.0338743078985098,0.062209627881389,-0.000951235862956928,-0.00124374110673647,0.00402515886774108,-29.872299058498,-0.0253788741376777,0.171275045478805,0.00151266465391521,-0.0160472065184267,-0.00130575436716135,-30,0,0,0,0,0,4,3,-0.406668348395434,1.65547840011803,-0.211974654241474,0,0,0
1170,-30.0034904826055,0.0334583113426489,0.0663268350129474,-0.00136722901920962,0.000411742072814053,0.00420934475129077,-30.1909067987906,0.221116323768333,0.120233044228768,0.00150718173992543,0.0113149195443075,-0.00342750391918775,-30,0,0,0,0,0,4,3,0.231095423588692,-1.57372460196742,0.102284303461238,0,0,0
1171,-30.0047481109255,0.0330831920989688,0.0704686256266488,-0.00114805505872875,-0.00116198540579786,0.00407418980140964,-29.9965215074489,-0.0574578191932284,0.177362280551614,0.00156923934495826,-0.00651487116037643,0.000118902659887181,-30,0,0,0,0,0,4,3,-0.163880919598019,0.7664027544241,-0.366614827091945,0,0,0
1172,-30.0060927360113,0.0323044107580888,0.0744916616538135,-0.00154121407640792,-0.000395583151398036,0.00397196477382097,-30.0632741513443,0.115746982193619,0.0886126087698029,-0.0120050974281764,-0.005876953688498,-0.0144463413622556,-30,0,0,0,0,0,4,3,1.32705804550616,0.356201404462563,1.26740891868595,0,0,0
1173,-30.0067294657918,0.0320869257532054,0.0783088786988036,0.000267693037393136,-3.93923724826501E-05,0.00366209866517299,-30.0461193504003,0.0758991869231391,0.273377646202641,-0.0358676564930724,0.0109554579802061,0.0175823444188521,-30,0,0,0,0,0,4,3,3.67900435010788,-1.24734417186689,-2.30498973429049,0,0,0
1174,-30.0062774338847,0.0314238243006286,0.079801417896421,0.000635485046814557,-0.00128681628230141,-0.000677095763367899,-30.091602075413,-0.123575390364524,0.0680430086622148,-0.00489978296181643,-0.00361568006026764,-0.0143701617971601,-30,0,0,0,0,0,4,3,0.673182447007572,0.608718786755811,1.30093016239158,0,0,0
1175,-30.0049225864806,0.0304413703018539,0.0792393276723918,0.00207426094367591,-0.000678097204315223,-0.000447377060384665,-30.0884849067279,0.0537594531879765,-0.0440316337875908,0.00730142481875355,8.94875454346856E-05,-0.0199773563022297,-30,0,0,0,0,0,4,3,-0.553172668419578,-0.116467660919421,2.08579889779815,0,0,0
1176,-30.0021834141687,0.0297050560390826,0.0796320411430589,0.00340443416357508,-0.000794537848386356,0.00123254009540548,-29.9657948983079,0.120556194763375,0.244557096590497,-0.00757215055968674,-0.00242502465738466,0.0062358149076376,-30,0,0,0,0,0,4,3,0.68880485258447,0.00139007621171622,-1.11269568394475,0,0,0
1177,-29.9990191473676,0.0289112062476841,0.0802471011811754,0.00292385243738677,-0.000793168588883266,-2.31972003418221E-06,-29.9701168710466,-0.0482916574670363,0.139585783538118,-0.00128369178378134,0.0331572641001655,0.00852104452107238,-30,0,0,0,0,0,4,3,0.0686029204714108,-3.21914309508248,-1.13127601918347,0,0,0
1178,-29.9965297203451,0.0265084651381104,0.0798701291688404,0.00205485069487876,-0.00401232257302027,-0.000751445048246062,-29.8631116863804,0.313815811040941,0.0641709903032063,0.00989983913828525,-0.016122594987996,0.00322899051766696,-30,0,0,0,0,0,4,3,-1.26376054106765,0.984627876717718,-0.451241032373108,0,0,0
1179,-29.9950371809073,0.0229884677291615,0.0794815333095023,0.00093037978123694,-0.00302767804280404,-2.55148308482729E-05,-29.8166462845525,0.187260334914674,0.244645212753323,-0.0206627036211009,-0.0116143280510141,-0.0142486688637807,-30,0,0,0,0,0,4,3,1.699562931215,0.786912135272062,0.935576460871423,0,0,0
1180,-29.9932255141271,0.0203542387910398,0.0790491985730201,0.00269279238361813,-0.00224078546214272,-0.000839512111355823,-30.0362373227729,0.0230310251458373,0.0560532939498757,0.0224262728756564,-0.0052922196987549,-0.0017513576479242,-30,0,0,0,0,0,4,3,-2.17015264201993,0.483159919583816,0.0630291768926686,0,0,0
1181,-29.9911603681248,0.0183550540317461,0.0790896706462156,0.00143786122575205,-0.00175758971251251,0.000920712920010634,-29.7659344257298,0.00404133094789664,0.222016870068374,0.00112579965215979,0.00292968115754058,0.00622100750701064,-30,0,0,0,0,0,4,3,-0.580711113756295,-0.301050777649851,-1.06613449083781,0,0,0
1182,-29.9903254288733,0.0164469418780725,0.0799165840245173,0.000231982600524275,-0.00205864026445452,0.000733360679439583,-30.0129928796786,-0.0247209610529195,-0.0465448924193962,0.0114977497305198,-0.00152283260048454,0.0024266198575645,-30,0,0,0,0,0,4,3,-1.1237892136947,0.201725182154293,-0.149572200917658,0,0,0
1183,-29.990491803682,0.0144891752320144,0.0810486808216184,-0.000564567688093384,-0.0018568981061609,0.00153099662907371,-29.9380840417507,0.0287424116905344,0.101475513301454,-0.00715222491199741,-0.0057327119089402,0.00232516442603311,-30,0,0,0,0,0,4,3,0.591390574701181,0.515786367512951,-0.435467469206218,0,0,0
1184,-29.9910558737459,0.0128901661805891,0.0822061161362563,-0.000563719625276013,-0.00134112511458279,0.00078387292278157,-30.0955230440953,0.00748449345274484,0.0937556527556488,0.0155557468371628,0.0118687861380577,-0.0128876839206433,-30,0,0,0,0,0,4,3,-1.36452859552576,-1.20184760071126,1.10125708655303,0,0,0
1185,-29.9915881776372,0.0109481363872399,0.0838597515385203,-0.000500530685308682,-0.00254294101669875,0.00252338775976721,-29.8943497620595,-0.00506951273004564,0.0620436266637665,-0.000253303109897564,0.000651494997553613,-0.00230282304406692,-30,0,0,0,0,0,4,3,-0.185970164891297,-0.05501047429527,0.106195051079159,0,0,0
1186,-29.9921031355097,0.00837769477585929,0.0864830659692086,-0.000529340566969119,-0.00259794755187148,0.00272324545104079,-29.931474521186,-0.0390970141057948,0.026376174583433,0.00191926750266389,0.00282296805739814,0.00774993167849008,-30,0,0,0,0,0,4,3,-0.328977707894316,-0.204102777528224,-0.827745517015874,0,0,0
1187,-29.9930640510765,0.00567769693180121,0.0890847781960346,-0.00139253657957043,-0.00280205212851142,0.00248035637389985,-30.0087114972197,-0.0902153279007343,0.238954731343892,-0.0132897017420187,-0.0126376528321999,-0.00297810052781288,-30,0,0,0,0,0,4,3,1.34639316864127,1.44419593902146,-0.180099409906495,0,0,0
1188,-29.994128535755,0.0035977335949327,0.0909652272868741,-0.000736671670668737,-0.00135787963961965,0.0012804127862466,-30.0134962935888,0.0412210779165708,0.0679053426230923,0.00137686399271965,-0.00108465817539046,0.00658959512934439,-30,0,0,0,0,0,4,3,-0.110693812094462,0.0260236617059044,-0.794770198180623,0,0,0
1189,-29.9952191137966,0.00225286556744529,0.0920467860188773,-0.00144456262993521,-0.00133186104467417,0.000882850882310555,-29.9555331266638,-0.116242255000106,0.194616814150376,-0.018333181739096,0.000652691825207718,0.0047455139147105,-30,0,0,0,0,0,4,3,1.74438442723716,0.167215327479441,-0.863785019771801,0,0,0
1190,-29.9964925618119,0.00100459629719333,0.0919659547409913,-0.00110271766681665,-0.00116468153985874,-0.00104458123928938,-29.8925298731114,-0.145035248258374,0.181173215163705,0.00797286485456977,0.000557648937021699,0.0104271981682475,-30,0,0,0,0,0,4,3,-1.01222673923418,0.234305602814579,-1.40506624715216,0,0,0
1191,-29.9984639158101,-4.29266298991046E-05,0.0909031606083253,-0.0028399934696304,-0.000930371625510461,-0.00108065517390997,-29.935560447438,-0.135347289129223,0.136723908925153,0.00108627547517722,-0.000626834337109099,-0.0016601833291989,-30,0,0,0,0,0,4,3,-0.237506652641714,0.333378011969355,-0.107429484930416,0,0,0
1192,-30.001420653859,-0.000806604772289872,0.0898805405996008,-0.00307345830246527,-0.000596990680898894,-0.00096453749883974,-30.0686690839099,-0.0531968427573442,0.00580375644056103,-0.0048159341154617,0.0136074278935066,0.000656654576685316,-30,0,0,0,0,0,4,3,0.618931579366019,-1.25434910383597,-0.0772729705496536,0,0,0
1193,-30.0043437938039,-0.0020307695959405,0.0886390614882255,-0.00277292969168772,-0.00185135051469166,-0.0015184782902767,-30.0362539985226,-0.101598649742473,-0.147052566584302,-0.00833072292655323,0.00858037554026169,-0.00708298090164358,-30,0,0,0,0,0,4,3,0.905580289700487,-0.654840254541223,1.00240322333296,0,0,0
1194,-30.0064475358166,-0.00420954015722608,0.0870493870030544,-0.00143457986702861,-0.00250619683262282,-0.00166113855542724,-30.0421514035151,-0.0295512160934602,0.183114703831314,-0.00248074593613074,0.000273098903353971,-0.0149595770048026,-30,0,0,0,0,0,4,3,0.332377400643343,0.0317925418515234,1.12972829281763,0,0,0
1195,-30.0073322137041,-0.0066998356900017,0.0855845426207442,-0.000334694308875453,-0.00247439993393971,-0.00126876794312724,-29.829012476546,-0.000994633682761809,-0.0532285986394936,0.00976793007164502,0.00467074451468948,0.000729332842734544,-30,0,0,0,0,0,4,3,-1.31876805407256,-0.465085184103424,0.0335239130055328,0,0,0
1196,-30.0080481758559,-0.00940676623252423,0.0848497305673442,-0.00109701491634398,-0.00293946338572664,-0.000200698419523948,-30.1366374382993,0.0154405358554998,0.0543016362546794,-0.018631353017059,0.00357946324140175,0.00789478338211427,-30,0,0,0,0,0,4,3,2.13641017830451,-0.388827395851175,-0.898081610720786,0,0,0
1197,-30.008874546196,-0.0125406614476693,0.083516902366339,-0.000556174046172387,-0.00332833328173671,-0.00246506410160865,-29.9626775487714,-0.00452631579879354,0.196577983090546,-0.0152388875374474,-0.000257545530832551,0.0010681984393946,-30,0,0,0,0,0,4,3,1.44924385128756,0.0348071846808422,-0.499975810120553,0,0,0
1198,-30.0092051742155,-0.0158516030093152,0.0803140485331553,-0.000105373016506338,-0.0032935539763172,-0.00394073113979738,-29.9314505191806,-0.00477801961935355,0.141453263970351,0.0129334471990094,-0.00543581567963876,-0.00703837926253042,-30,0,0,0,0,0,4,3,-1.43044368153966,0.553137607202583,0.42093139831234,0,0,0
1199,-30.0095694069465,-0.0188685728145823,0.0770675194652427,-0.000622812523492602,-0.00274038947323992,-0.00255222419644221,-30.0071146193302,0.033098045667001,0.242139342629572,-0.00270554988993533,-0.00227675786585822,-0.00300379962529655,-30,0,0,0,0,0,4,3,0.28478422765386,0.16147969525182,-0.18389872272949,0,0,0
1200,-30.0101852455943,-0.0215282228045751,0.0743399102797965,-0.000608929840750372,-0.00257891599923664,-0.00290299406964684,-29.8964268916672,-0.00511814231901084,-0.00380189925080611,0.00445544049892851,-0.0234666783908675,0.0134364541420808,-30,0,0,0,0,0,4,3,-0.652690266558379,2.35690412372478,-1.33604161570646,0,0,0
