sys.exec.out.time {s},chaser.lvlh_rel_state.rel_state.trans.position[0] {m},chaser.lvlh_rel_state.rel_state.trans.position[1] {m},chaser.lvlh_rel_state.rel_state.trans.position[2] {m},chaser.lvlh_rel_state.rel_state.trans.velocity[0] {m/s},chaser.lvlh_rel_state.rel_state.trans.velocity[1] {m/s},chaser.lvlh_rel_state.rel_state.trans.velocity[2] {m/s},gnc.meas_rel_pos[0] {m},gnc.meas_rel_pos[1] {m},gnc.meas_rel_pos[2] {m},gnc.meas_rel_vel[0] {m/s},gnc.meas_rel_vel[1] {m/s},gnc.meas_rel_vel[2] {m/s},gnc.setpoint_pos[0] {m},gnc.setpoint_pos[1] {m},gnc.setpoint_pos[2] {m},gnc.setpoint_vel[0] {m/s},gnc.setpoint_vel[1] {m/s},gnc.setpoint_vel[2] {m/s},gnc.guidance.state_ {1},gnc.guidance.current_leg_ {--},gnc.cmd_force[0] {N},gnc.cmd_force[1] {N},gnc.cmd_force[2] {N},gnc.control.saturated_[0] {--},gnc.control.saturated_[1] {--},gnc.control.saturated_[2] {--}
0,-963.164759968251,-74.380307623665,70.058330710046,0.563838101465085,0.144757773575462,1.81346819197067,-963.305047239164,-74.4848223047092,69.8623912530713,0.560685180642962,0.145471203466612,1.7993126667918,-500,0,0,0,0,0,0,0,870.541576414032,134.422524262757,-319.656049185322,0,0,0
1,-962.164421331299,-74.1683321268892,71.7108217527674,1.43665736035552,0.279193219976768,1.49102052286123,-962.101231144217,-74.2586444161681,71.7302648443632,1.44443087237313,0.274764705944726,1.50026398165972,-500,0,0,0,0,0,0,0,779.75937505112,121.040818237864,-293.486927854698,0,0,0
2,-960.337169365788,-73.8286127498137,73.0525791818022,2.21767856893997,0.400245534168579,1.19205270003179,-960.375226868211,-73.8723249264,73.1907199131314,2.21398399413676,0.410395402301436,1.18918170081208,-500,0,0,0,0,0,0,0,699.352054322746,106.705109622656,-265.299609907471,0,0,0
3,-957.769554631791,-73.3750095169632,74.1082800812037,2.91739800477418,0.506960931520027,0.918953279029243,-957.84836514387,-73.4789001121801,74.1621051387169,2.93696477326732,0.508154383571578,0.911333801005853,-500,0,0,0,0,0,0,0,622.000252961009,96.1423618672025,-239.457590378019,0,0,0
4,-954.541295109838,-72.8199728487866,74.9027958988822,3.53898207348402,0.603112404821054,0.669726580271042,-954.536542503904,-72.8732190077496,74.8602444912103,3.55653604398267,0.611575349752273,0.674991363634435,-500,0,0,0,0,0,0,0,553.41948060954,84.5889030402719,-217.219625345864,0,0,0
5,-950.7260944334,-72.1745619618679,75.4583477142203,4.09129232471183,0.687709368981153,0.441064320322135,-950.918314434567,-72.141555681503,75.5933376513381,4.08438041025354,0.680438725587429,0.441028864102727,-500,0,0,0,0,0,0,0,493.39858784378,76.239238804263,-195.289561712949,0,0,0
6,-946.388898732518,-71.4487293889834,75.7954721674489,4.58298405825696,0.76395577677218,0.232906024091245,-946.405684819132,-71.5102785878827,75.897065783225,4.58734665192024,0.764190704952988,0.251297585923002,-500,0,0,0,0,0,0,0,434.076704446241,66.6014866804666,-176.92389015875,0,0,0
7,-941.589942841727,-70.6514697434142,75.9330246042133,5.01482273707891,0.830563514384836,0.041954030806338,-941.432529694615,-70.7041821697478,75.9420192674036,5.01291599213687,0.816832204417248,0.0262507012355267,-500,0,0,0,0,0,0,0,381.573460175542,59.7251438977708,-154.50910865836,0,0,0
8,-936.385611203681,-69.7910409041192,75.8903391211286,5.39374795459155,0.890294164274033,-0.127539984241183,-936.378156604084,-69.8143314666398,75.8926941383767,5.38610544534944,0.888564946998608,-0.111460413403361,-500,0,0,0,0,0,0,0,334.145768673224,50.7721682334187,-140.639346936417,0,0,0
9,-930.826273486286,-68.8753582742227,75.6846942689683,5.72484253593263,0.941071095593578,-0.283937734912035,-930.874631916873,-68.9739450648039,75.8770804439527,5.74029777727611,0.931121911918798,-0.282914712958285,-500,0,0,0,0,0,0,0,287.719486106134,44.8356989377281,-123.462689592077,0,0,0
10,-924.95920962433,-67.9118672915158,75.3309415320829,6.00920983903679,0.985910869896964,-0.423729397883262,-924.923086061729,-68.0504329218005,75.3130159859763,6.00673285319865,0.99164796208294,-0.430244623213585,-500,0,0,0,0,0,0,0,249.172886803594,36.9360696353069,-107.601569650594,0,0,0
11,-918.827176750749,-66.9074866258755,74.845084889878,6.25478944347194,1.02285046145146,-0.548123671463057,-918.703736806125,-66.7510217277218,74.8530977184382,6.24304409685142,1.02172523993449,-0.541385537170808,-500,0,0,0,0,0,0,0,213.103063927109,31.3295194619946,-95.5676417197957,0,0,0
12,-912.467714604104,-65.8689699180795,74.2406786006545,6.46407515979531,1.0541829541321,-0.660808218889237,-912.570064978187,-65.79717579435,74.3478227793254,6.45500731467409,1.05583029609532,-0.669806761871099,-500,0,0,0,0,0,0,0,179.639398488964,26.0113219791678,-81.7149693715408,0,0,0
13,-905.915773171123,-64.8017800561184,73.5304040168058,6.63975586630918,1.08019676977704,-0.759841305498,-905.968029059154,-64.6586211960304,73.4784193719498,6.63556555812129,1.09182603707702,-0.758867127177842,-500,0,0,0,0,0,0,0,148.37950230618,20.1346386843592,-71.0701260261154,0,0,0
14,-899.20384962278,-63.71151495673,72.7263669424492,6.78404547077871,1.10033342896383,-0.848315482206259,-899.225932212808,-63.7163534499045,72.5204812098747,6.77431575191845,1.11040523508263,-0.861681673316647,-500,0,0,0,0,0,0,0,121.020289233772,16.3921833915458,-58.8727950880848,0,0,0
15,-892.361347151715,-62.6029846170719,71.8399397416423,6.90092069167982,1.11672725035218,-0.924606088056329,-892.321988979182,-62.6893664791168,71.8609774944505,6.9039064810209,1.1127416411868,-0.930282614796932,-500,0,0,0,0,0,0,0,94.2533298562736,14.104568839554,-50.6936935092078,0,0,0
16,-885.415392580895,-61.4792044709935,70.8813535391573,6.99095442407057,1.13083304176173,-0.992618332681199,-885.396048559201,-61.4681381217406,70.6951526848868,6.99515567240438,1.12903237927544,-0.997623928267651,-500,0,0,0,0,0,0,0,71.2765298779645,10.0330383159377,-41.6279125430084,0,0,0
17,-878.39090486509,-60.3433544658612,69.8593537450964,7.05799224615532,1.14086696849117,-1.05142029026379,-878.489071734102,-60.2353616054721,69.8720706211992,7.05293360656445,1.14179847237136,-1.04914171489803,-500,0,0,0,0,0,0,0,51.6847828117604,6.29087597380864,-34.8299697525952,0,0,0
18,-871.309189787807,-59.1993417627356,68.7820340839565,7.1054131338377,1.14715843770896,-1.1032469901736,-871.384248174599,-59.1980243110352,68.5970789696386,7.10859160324728,1.14673904320453,-1.096963490696,-500,0,0,0,0,0,0,0,31.9093360244699,3.72214430161691,-27.4978088696768,0,0,0
19,-864.189934283303,-58.0503221026221,67.65668305176,7.13307742862686,1.15088088248969,-1.14747187322908,-864.111136487272,-57.9961063745509,67.6617564695721,7.13221724344499,1.1522721449372,-1.12417045129798,-500,0,0,0,0,0,0,0,15.0005486300444,0.764998255381556,-22.9064678093464,0,0,0
20,-857.051475775464,-56.8990587051301,66.4895443360787,7.14382191973829,1.15164591248895,-1.18681280216342,-857.197082134779,-56.9236040247117,66.4627696952705,7.14539463766949,1.14060359763024,-1.19006739926151,-500,0,0,0,0,0,0,0,-0.145299497391534,-0.213151713600411,-13.9187994643904,0,0,0
21,-849.909789169238,-55.7475194462444,65.287716512771,7.13953889771561,1.15143260528753,-1.21684159697107,-849.844031541211,-55.8498961154444,65.1654375708781,7.15072248274908,1.14955056496866,-1.21179459560593,-500,0,0,0,0,0,0,0,-15.3841851924866,-3.25526426597678,-9.15141558116341,0,0,0
22,-842.779980141849,-54.5977146684957,64.0584373031429,7.1200696785311,1.14817695024837,-1.24170699201897,-842.675417036354,-54.4525748585952,64.2249805035886,7.11283840848952,1.15500600685909,-1.23906700646729,-500,0,0,0,0,0,0,0,-25.9330067762439,-6.59545096871891,-4.54326036044856,0,0,0
23,-835.67488105657,-53.4528357134364,62.8067634728143,7.09012179918345,1.14158095998697,-1.26162491479451,-835.734056947687,-53.4237822470271,62.9372750867235,7.10373704062235,1.15157391100926,-1.26015307457763,-500,0,0,0,0,0,0,0,-38.9055901668612,-8.30982660687141,0.140757284315498,0,0,0
24,-828.606169850038,-52.3154100332002,61.5377371234673,7.04729680681263,1.1332704006501,-1.27640474964642,-828.699089598578,-52.175509035479,61.5332479297013,7.05135343999502,1.1322139040661,-1.28854439216535,-500,0,0,0,0,0,0,0,-47.7371648023459,-8.87037233565195,5.78794335713275,0,0,0
25,-821.584628769867,-51.1865752375032,60.2569479865352,6.99578493400123,1.12439919087577,-1.28514557491661,-821.480973177687,-51.0787560971436,60.251588865885,6.99593990381756,1.1265511913301,-1.27642628279368,-500,0,0,0,0,0,0,0,-56.6320440263828,-10.4976069387228,7.1394505475979,0,0,0
26,-814.619026272934,-50.0674253453905,58.9683087440409,6.9354206182338,1.11390059344815,-1.29209995077365,-814.600407913399,-50.0890674007402,58.9740305762219,6.92883389285477,1.09146454332808,-1.28973277152157,-500,0,0,0,0,0,0,0,-63.6825734586782,-8.96831953132727,11.0252159997128,0,0,0
27,-807.71725036366,-48.9580094522332,57.6748641038726,6.86813415274403,1.10493119300861,-1.29475245168948,-807.775042781733,-48.8086975602943,57.8490143762391,6.87819306210594,1.10120018429933,-1.29190265564639,-500,0,0,0,0,0,0,0,-72.2692206471276,-12.5026233093447,13.4922368121604,0,0,0
28,-800.887003863946,-47.8593301788394,56.3802470460666,6.79236343238314,1.09242735380349,-1.29443998001305,-800.861610498079,-47.7012997264778,56.3239767047646,6.79481237416169,1.09332669000948,-1.30147919784674,-500,0,0,0,0,0,0,0,-77.7580164200114,-13.930069547992,17.4999663751447,0,0,0
29,-794.135191132007,-46.7738684975369,55.0881606706142,6.71126907860695,1.07849600874602,-1.28968807125452,-794.049208427378,-46.7569871142073,55.1777601641307,6.73380798744386,1.08823809488771,-1.28334082763329,-500,0,0,0,0,0,0,0,-85.2823818896298,-15.3098352603562,17.9785624350671,0,0,0
30,-787.468203343964,-45.7030281124884,53.8013276119604,6.62271406216612,1.06318476122328,-1.28392911880159,-787.467266615606,-45.6180528620254,53.7785771084965,6.61468128370503,1.06432279926804,-1.27346945076413,-500,0,0,0,0,0,0,0,-86.5335951392915,-15.1961742027535,19.7897908594199,0,0,0
31,-780.890341114884,-44.6474421463351,52.521327344622,6.53301912016416,1.04798717101627,-1.27602183418383,-780.920910173434,-44.697990654499,52.6454378507275,6.54475040374572,1.05137005237394,-1.287301740105,-500,0,0,0,0,0,0,0,-92.6332200277051,-15.7410239283956,23.4392983090447,0,0,0
32,-774.405129058219,-43.6073262328031,51.2513174192811,6.43741601605722,1.03224465601468,-1.26394508231562,-774.412089312503,-43.7301532055374,51.1988051620294,6.4326238581648,1.01988252451407,-1.26559188373881,-500,0,0,0,0,0,0,0,-94.4382071914742,-14.5279460403318,24.1615780498227,0,0,0
33,-768.016375263196,-42.582346308418,49.9939377019729,6.34010316296194,1.01771519275892,-1.25076043786729,-768.093490498982,-42.4956310345244,50.0692674065445,6.34127139672617,1.01409421589683,-1.26165533017534,-500,0,0,0,0,0,0,0,-97.940158674653,-16.4181595206346,26.0269982044453,0,0,0
34,-761.726613101646,-41.5728409768059,48.7509039203944,6.2394340005644,1.00129547040404,-1.2352513027296,-761.768273189201,-41.7086964405099,48.6417025676004,6.23611099940263,0.988775859882742,-1.23418577232075,-500,0,0,0,0,0,0,0,-100.074553561862,-15.4601931072544,26.1351720968747,0,0,0
35,-755.538545671363,-40.5792764038301,47.52364312884,6.13671393574527,0.985833675362998,-1.21921328573375,-755.576447087793,-40.540426522505,47.3580457727565,6.13627178233424,0.994004969351086,-1.21696533771117,-500,0,0,0,0,0,0,0,-102.474284057838,-18.3196438900986,26.9804422256043,0,0,0
36,-749.45434052698,-39.6026033693619,46.3130626053128,6.03171008967576,0.967512393527505,-1.20188946430653,-749.644326420684,-39.3826698550627,46.3860238494575,6.02838168113763,0.970567165484023,-1.21589687102885,-500,0,0,0,0,0,0,0,-103.549515272395,-18.2913768382768,28.8176394039701,0,0,0
37,-743.475596479253,-38.6442374832617,45.1209211161239,5.92579293592142,0.949219378607244,-1.18233468566463,-743.646394898409,-38.6545624877512,45.2404283829005,5.92174961896603,0.952360509003364,-1.18283589759413,-500,0,0,0,0,0,0,0,-104.882172099785,-17.926925924834,27.8027329936124,0,0,0
38,-737.603412242545,-37.7039824047578,43.9480325860802,5.81859005992573,0.931290778312087,-1.16338280567247,-737.495690043247,-37.7952553815874,44.0574094417236,5.81890685291559,0.902360352486182,-1.16095891397508,-500,0,0,0,0,0,0,0,-106.899305205066,-14.6455244854435,27.981072514061,0,0,0
39,-731.83939084819,-36.7800152439069,42.7944082730041,5.70946753599151,0.916643543344904,-1.14380515486139,-731.89863188145,-36.7943045994594,42.9444026874523,5.69649539206734,0.910572466283403,-1.14585554268394,-500,0,0,0,0,0,0,0,-105.852275443834,-17.4686374294214,28.6967488934894,0,0,0
40,-726.183908187409,-35.8721068606768,41.6608773142609,5.60151310583072,0.899173223048853,-1.12319674275815,-726.226234621992,-35.9341189381145,41.8251518140483,5.61880379056328,0.902624841666026,-1.11846354551525,-500,0,0,0,0,0,0,0,-109.427909812345,-18.3942462903736,28.1960509234284,0,0,0
41,-720.638131372263,-34.9821316386686,40.5479678068568,5.49005579091459,0.880777220913529,-1.10256026017141,-720.51121422193,-34.9346925401253,40.5715599984417,5.48241436411569,0.894177924579525,-1.11912843870973,-500,0,0,0,0,0,0,0,-107.21900796771,-19.5484073777018,30.7697238740894,0,0,0
42,-715.202601463217,-34.1111294643581,39.4571135794159,5.38102082409577,0.861227127623035,-1.0790875381214,-715.186268513793,-34.0340372179018,39.3565377629131,5.38695781918905,0.859503647611167,-1.08662210460704,-500,0,0,0,0,0,0,0,-108.323244891319,-17.8822903253131,29.9491349348775,0,0,0
43,-709.87662746733,-33.2588443397265,38.3895310899707,5.27094366779499,0.843343121539675,-1.05601618267859,-709.749309814122,-33.288391253737,38.5509375855455,5.2698069004154,0.857067423591777,-1.03826652904014,-500,0,0,0,0,0,0,0,-107.482070413297,-19.1299598517036,26.7247777329226,0,0,0
44,-704.660341296535,-32.4250670656688,37.3435725482452,5.1616434699467,0.824211426422555,-1.03584006817824,-704.733697901907,-32.4813271579292,37.2539508666974,5.16100894589966,0.839941383935335,-1.04391509473046,-500,0,0,0,0,0,0,0,-106.633498786152,-19.0314840776752,29.8836077396513,0,0,0
45,-699.552806536352,-31.6103722235244,36.3195283035442,5.05344273791405,0.80517825775627,-1.01218819962199,-699.581150829929,-31.6846590832758,36.5184410356844,5.05255755354465,0.811149173705506,-1.01434237321797,-500,0,0,0,0,0,0,0,-106.093453694608,-17.7455992039989,28.3973552504287,0,0,0
46,-694.553191394701,-30.8140676107029,35.318560355199,4.94580351368512,0.787430967847685,-0.989687778622569,-694.543782810881,-30.7370784230407,35.2028203213804,4.94673337982726,0.785560563726597,-1.00510093248726,-500,0,0,0,0,0,0,0,-105.585772360965,-17.0818995265783,30.1044526059652,0,0,0
47,-689.660868520617,-30.0351784237967,34.3411113584978,4.83885928245191,0.77034740593156,-0.965150677230286,-689.55978774687,-30.0231754616635,34.4584371719017,4.82656854558147,0.772008064720654,-0.987961036368055,-500,0,0,0,0,0,0,0,-103.537279064406,-17.1544555487384,29.8792292930021,0,0,0
48,-684.874421990533,-29.2734090587394,33.3882099005717,4.73405076825483,0.753191324180471,-0.940593895109307,-685.019244121509,-29.3453186260203,33.3435679425896,4.73800925609846,0.75224782128345,-0.940016318849562,-500,0,0,0,0,0,0,0,-103.762437366828,-16.5341448763044,27.314495999777,0,0,0
49,-680.192916447059,-28.5284856363044,32.4587660657046,4.62897600136744,0.736655520713684,-0.918235267360027,-680.302621861744,-28.50790465807,32.2909446542857,4.62216174852334,0.721497945670576,-0.923558256889878,-500,0,0,0,0,0,0,0,-101.610931128847,-15.1339852509177,27.7739363804164,0,0,0
50,-675.615351471061,-27.7993979147782,31.5520247706387,4.52616995283626,0.721519922520009,-0.895190086636315,-675.773997343549,-27.5316335956414,31.5437570172857,4.52492378530544,0.705627985682525,-0.913449230513918,-500,0,0,0,0,0,0,0,-100.944383843445,-15.4995313769698,28.2574090168204,0,0,0
51,-671.140197728367,-27.085628555456,30.6687224115663,4.42415391231327,0.706018796082767,-0.87135782963896,-671.12020606884,-26.9371852310659,30.5461352857192,4.40258092184711,0.707399319260096,-0.864680401173781,-500,0,0,0,0,0,0,0,-98.0176800470309,-16.8655614638778,25.3757695459397,0,0,0
52,-666.765634755152,-26.3880433256298,29.8078982057599,4.324986820779,0.689151663169952,-0.850235375855012,-666.87429191063,-26.3870353988649,29.8323697800505,4.32015553110373,0.678535810641815,-0.845281579651412,-500,0,0,0,0,0,0,0,-98.2669692891133,-15.0795102664518,24.8634184050402,0,0,0
53,-662.490334197536,-25.7064322084355,28.968113782338,4.22562892330589,0.674070571129432,-0.82927815092046,-662.372766750253,-25.5005400260718,28.971905329058,4.22880551507616,0.675198661721855,-0.847502247574883,-500,0,0,0,0,0,0,0,-98.1350180071095,-16.518786120042,26.8064140993723,0,0,0
54,-658.314222281993,-25.0406218093021,28.1504181592195,4.12661074772918,0.657550227050788,-0.80605795767842,-658.30275992228,-25.0222017122416,27.9565989925148,4.11830371532873,0.657354360077216,-0.8034701701969,-500,0,0,0,0,0,0,0,-95.2248516883132,-15.6910325832383,24.4338190346603,0,0,0
55,-654.235702488832,-24.390917863035,27.3548335219771,4.03044336357764,0.641857665400696,-0.785057776738663,-654.218235194615,-24.271310083536,27.5100709356437,4.03043934062177,0.631066112935196,-0.790784228008145,-500,0,0,0,0,0,0,0,-94.6074636729473,-14.5639911264477,24.0582809295271,0,0,0
56,-650.25301022232,-23.7563429539226,26.5802026821438,3.93495557934105,0.627292152737713,-0.764150740268947,-650.231449363259,-23.6848803146124,26.2984586629182,3.94013296402384,0.624346818798806,-0.759405932733474,-500,0,0,0,0,0,0,0,-93.5503976758664,-15.0649212506559,23.3436759475109,0,0,0
57,-646.365257998924,-23.136584016507,25.8262476810747,3.84056295468777,0.612225722053077,-0.743706706636087,-646.426348739466,-23.1501314700734,25.7508287429516,3.83985735280511,0.596226183009172,-0.739740414066393,-500,0,0,0,0,0,0,0,-91.1330378015785,-13.3223553607703,22.472383920736,0,0,0
58,-642.570678551035,-22.5310202087696,25.0923803033229,3.748609564965,0.59890189331644,-0.72397686303701,-642.530430178093,-22.4443017770104,24.9806462100691,3.744486490172,0.592042055931284,-0.734622902510694,-500,0,0,0,0,0,0,0,-89.3877886610139,-14.3156020391077,23.5009978309311,0,0,0
59,-638.86710649258,-21.9392768309837,24.3788512069512,3.65854880103216,0.584584862135997,-0.703031204103423,-638.776778043644,-22.0106502121877,24.4103698623236,3.67672916259164,0.566600382023993,-0.699106982591723,-500,0,0,0,0,0,0,0,-90.1193601718766,-12.6387377780239,21.0899585345252,0,0,0
60,-635.253999113644,-21.3610120724773,23.685240179959,3.56767898951956,0.571944654945232,-0.684140264105201,-635.23994751037,-21.2718182055108,23.6420445344417,3.56163925329869,0.570142409647448,-0.699018040669478,-500,0,0,0,0,0,0,0,-85.6840303091284,-14.4706045537232,22.6177149980644,0,0,0
61,-631.729457236936,-20.7963034042881,23.0112808817591,3.48141859369545,0.557472681452995,-0.663730336799945,-631.616097103316,-20.7977643954308,22.982464557159,3.47765772166917,0.570005407104563,-0.665976060925922,-500,0,0,0,0,0,0,0,-84.5335779602858,-15.4050119195947,20.6326769782743,0,0,0
62,-628.290629929847,-20.2465339133611,22.3568450541991,3.39624879536164,0.542066300524599,-0.645093929805288,-628.509058430686,-20.0648294217713,22.274750094657,3.39515924280407,0.541637260426964,-0.647615699157661,-500,0,0,0,0,0,0,0,-82.4978074190347,-14.0340671991538,20.2120697264522,0,0,0
63,-624.9359336869,-19.7114853139963,21.7209054682646,3.31315625197347,0.528030898124774,-0.626739014044593,-624.868661231258,-19.6716360292529,21.7233076891116,3.300455598734,0.51781441206448,-0.620200449762789,-500,0,0,0,0,0,0,0,-80.3082374108844,-12.4381691479422,18.5734295980558,0,0,0
64,-621.663259587066,-19.189674156349,21.1025630320074,3.23220360156287,0.515591417117995,-0.609900835618874,-621.530726743668,-19.1393618471755,21.1326857672489,3.24208373116738,0.51089860641562,-0.611785412782918,-500,0,0,0,0,0,0,0,-81.1469196294028,-12.811136947211,18.9131697437939,0,0,0
65,-618.471908798162,-18.6804889696652,20.5013940297176,3.15050995430013,0.502778956216264,-0.592391724654875,-618.754463835061,-18.7530536165428,20.3157803910835,3.14959324044904,0.503845690389515,-0.605463926757611,-500,0,0,0,0,0,0,0,-77.4503963747833,-12.8784618058658,19.9148318935942,0,0,0
66,-615.36033514678,-18.1841498658934,19.9182319783888,3.0726498327404,0.489899251204347,-0.573889090451101,-615.370930081588,-18.1988984360892,20.019479032128,3.05554343924357,0.505805794322936,-0.573909895725327,-500,0,0,0,0,0,0,0,-74.8124837611809,-14.1827825601152,17.3520315082766,0,0,0
67,-612.325365921164,-17.7013426167698,19.3523247960874,2.99729964752331,0.475715247106938,-0.557883392860565,-612.346830503621,-17.5136738189734,19.4920681926915,3.00233945253109,0.476126971576201,-0.5660871902869,-500,0,0,0,0,0,0,0,-75.5402842458664,-12.5853495196733,17.624582643307,0,0,0
68,-609.366066068516,-17.2319206605375,18.8027127474189,2.92131136302155,0.463128665304556,-0.541298460645473,-609.362455891724,-17.3790881431939,18.8232002433251,2.9198996588189,0.463626659878597,-0.525938755307305,-500,0,0,0,0,0,0,0,-73.2650540984433,-11.6044897014719,14.9474750440803,0,0,0
69,-606.481690713918,-16.7745948493518,18.2683891410733,2.84744914306104,0.451522956884311,-0.527307704058424,-606.618789649188,-16.6880168227212,18.3521097770296,2.84647245864282,0.456051702631119,-0.509554452909822,-500,0,0,0,0,0,0,0,-71.4096665659061,-12.2291366176695,14.251225736923,0,0,0
70,-603.670250836067,-16.3291870564988,17.7477590025977,2.77544002672264,0.439292628920596,-0.5139125669464,-603.448346813897,-16.3954014688616,17.7585511820375,2.78769163706946,0.420993742006942,-0.52453962320794,-500,0,0,0,0,0,0,0,-71.8724700791513,-9.30857126297101,16.9368599567191,0,0,0
71,-600.930914720835,-15.894549298451,17.2420010280109,2.70324323117076,0.42998288704811,-0.497563268300386,-600.812102260057,-15.9625558692908,17.198888173401,2.7167590640012,0.429107510525471,-0.495324713124011,-500,0,0,0,0,0,0,0,-70.0517018800057,-10.9856393139656,15.1346949655992,0,0,0
72,-598.262908130494,-15.4700598090061,16.7517405268493,2.63277997209882,0.418996091715633,-0.482918591773157,-598.190658593222,-15.3931935073568,16.6457796082548,2.64406776868478,0.411444541242905,-0.485816687010484,-500,0,0,0,0,0,0,0,-68.0254596820332,-10.3580671095768,15.2901094845389,0,0,0
73,-595.664318573234,-15.0562433088356,16.2762360004412,2.56440924338573,0.408636908532927,-0.468052493762923,-595.569840462822,-15.0923805198949,16.309892321769,2.55725498262383,0.414271729338437,-0.460640727347078,-500,0,0,0,0,0,0,0,-64.5858173367383,-11.2424118940538,13.4442880911699,0,0,0
74,-593.132432671707,-14.6532281418848,15.8146480355219,2.49937154862228,0.397393425227673,-0.45508734224212,-593.080241696767,-14.8542101522686,15.7743135845245,2.50366677770749,0.413336545855881,-0.459556824751822,-500,0,0,0,0,0,0,0,-64.2061943772142,-11.625234281051,14.4070553061332,0,0,0
75,-590.665327517181,-14.2616478605974,15.3665970560127,2.43484834881337,0.385767137265539,-0.440978811051172,-590.851577752153,-14.4736567142969,15.401210393203,2.43677196523683,0.39275292861249,-0.443296681636624,-500,0,0,0,0,0,0,0,-61.9740410193775,-10.3279794326552,13.5272473772563,0,0,0
76,-588.261642518384,-13.8810452235344,14.9322279371557,2.372530715382,0.375438136624404,-0.427724857232681,-588.278906148524,-13.9464869955529,15.0768545170288,2.38583084408697,0.381796862326437,-0.429696196197763,-500,0,0,0,0,0,0,0,-62.0252721116488,-10.2867122415379,12.8159105857188,0,0,0
77,-585.920304313496,-13.5107509579898,14.510864350592,2.31015444068441,0.365150394405106,-0.414967714541295,-585.92526870221,-13.4060702976021,14.5509366297253,2.31359776609297,0.366251394400563,-0.417171522532349,-500,0,0,0,0,0,0,0,-59.5092392048771,-9.81299884485209,12.6152789937842,0,0,0
78,-583.640071774158,-13.150507555349,14.1021509900291,2.25031922290491,0.355336410868481,-0.40242583376417,-583.580494527131,-13.2012052909653,14.0866517726944,2.2577865823728,0.347379475112745,-0.385294874686803,-500,0,0,0,0,0,0,0,-58.6176691830174,-8.335536929344,10.3561839232915,0,0,0
79,-581.419305343825,-12.7993394092454,13.7049142001446,2.19122098757685,0.346999881276247,-0.39201498602994,-581.428081369757,-12.9429130881068,13.6509008991633,2.17309355525233,0.350944039423058,-0.38359066312392,-500,0,0,0,0,0,0,0,-54.453192785719,-9.2085777660923,11.0572645140655,0,0,0
80,-579.255509635975,-12.4569442700991,13.3183476372577,2.13637803001059,0.337790397136432,-0.381087768904564,-579.255955435144,-12.4839757672905,13.2748990962923,2.13507245661618,0.327843720581447,-0.373161044153934,-500,0,0,0,0,0,0,0,-54.9953347913287,-7.81642052356372,10.7663062228088,0,0,0
81,-577.146817259078,-12.123062543047,12.942679276243,2.08101425714818,0.329973056817512,-0.370218290318183,-577.201626320515,-11.9870237917291,12.876631042792,2.07947960832798,0.324133543737188,-0.377351591472644,-500,0,0,0,0,0,0,0,-53.5447081917687,-8.43930679026066,11.9818970616805,0,0,0
82,-575.092687547768,-11.7973095791287,12.5785104442311,2.02725336899604,0.321532870948979,-0.358089612909345,-575.07658389485,-11.8842106756919,12.501441238008,2.00909865340135,0.334271384380939,-0.361045744440189,-500,0,0,0,0,0,0,0,-50.7566975504339,-9.65871708671016,11.101691968003,0,0,0
83,-573.09094736297,-11.4806064847457,12.225990861311,1.97623463087301,0.31187331774423,-0.346921328237292,-573.099966835256,-11.5502864579458,12.2706250678049,1.98398035389961,0.3068159730467,-0.344408228942079,-500,0,0,0,0,0,0,0,-52.1981017194481,-7.58102438877837,9.8995727585981,0,0,0
84,-571.140977393806,-11.1725241174386,11.8841941310743,1.92371240442382,0.304291416843478,-0.336643065442628,-570.866608799455,-11.3368972974182,11.8988167646201,1.91586947733804,0.31197446776981,-0.34888741307165,-500,0,0,0,0,0,0,0,-49.8537301348946,-8.52365218214459,11.0911077779249,0,0,0
85,-569.242284386977,-10.87249493625,11.5532434950768,1.87368130788586,0.295766945466457,-0.32523053715131,-569.268892562904,-10.7898890485673,11.5522410614751,1.85927956593831,0.310514750270007,-0.326514875818076,-500,0,0,0,0,0,0,0,-47.3901714680222,-9.47169692986613,9.54700545885744,0,0,0
86,-567.392448211435,-10.5814642339203,11.2329005025456,1.82599780663688,0.286294458891945,-0.315429094608261,-567.45592314595,-10.4849473786102,11.4103863950461,1.83132221705091,0.283134968632226,-0.297265286325824,-500,0,0,0,0,0,0,0,-48.220375413191,-7.34360210600227,6.90575584249023,0,0,0
87,-565.590817857908,-10.298841993206,10.9211644412464,1.77726829350491,0.278950022495231,-0.308016090564548,-565.451177012018,-10.2761275304866,11.0828026018469,1.7746828318539,0.274666508355467,-0.300627342487851,-500,0,0,0,0,0,0,0,-46.5659291613546,-6.91439577457349,7.89712904509139,0,0,0
88,-563.837028463203,-10.0233495646411,10.6173333435511,1.73031640846749,0.272034834532879,-0.299620167067179,-563.7536214129,-9.98217217562664,10.5805697051001,1.71734140244914,0.275631251668973,-0.317984263969127,-500,0,0,0,0,0,0,0,-44.2268974191136,-7.59878081564405,10.6372869867125,0,0,0
89,-562.128872083175,-9.75511447946929,10.3232217999328,1.68600371584597,0.264435335741243,-0.288578462326584,-562.196121840699,-9.71142605557915,10.2924965099743,1.70487718149355,0.261957560658164,-0.294714088085386,-500,0,0,0,0,0,0,0,-46.0954744679572,-6.77290395465812,8.88641578858989,0,0,0
90,-560.46602453057,-9.49406598188749,10.039449161747,1.63969793668893,0.257661659332216,-0.278941240436029,-560.423645923969,-9.32725870357505,10.1904211247056,1.64155973922414,0.244125676419666,-0.281249186035175,-500,0,0,0,0,0,0,0,-43.3086820744756,-5.75805023481646,7.74407635410636,0,0,0
91,-558.848135594389,-9.23928371382704,9.76467938382082,1.59608574210951,0.251902876707161,-0.270574252159715,-558.848102121841,-9.16363246748553,9.7367362346183,1.60378099829316,0.239320393666072,-0.27135680299069,-500,0,0,0,0,0,0,0,-42.6818955856344,-5.60477443163618,7.66220782983242,0,0,0
92,-557.273533920939,-8.99018358476374,9.49827556164395,1.55312338190319,0.246297380812166,-0.262209695099724,-557.473339032819,-9.01008669088178,9.40822029014944,1.54290691786339,0.25050729114679,-0.249166540565403,-500,0,0,0,0,0,0,0,-39.3440137207014,-7.03055573291545,6.10021347624146,0,0,0
93,-555.740299289637,-8.7474018195437,9.23935580609528,1.51335064384447,0.239266149471598,-0.255607904795244,-555.940215819214,-8.70649461621054,9.11347220610151,1.52787442601985,0.250710386766306,-0.256494213636932,-500,0,0,0,0,0,0,0,-40.9070109635577,-7.65804944420951,7.4224769514902,0,0,0
94,-554.24753014899,-8.51196504001962,8.98784372715156,1.47219327592604,0.231607409432473,-0.24739357162991,-554.214123106014,-8.40523620080306,8.93635942314348,1.46876506012755,0.218279442065087,-0.259699437276061,-500,0,0,0,0,0,0,0,-38.4482598007259,-5.01747180490255,8.09722488131913,0,0,0
95,-552.79464301966,-8.28286668491091,8.74481788527162,1.43358689803836,0.226589300839111,-0.238636857378758,-552.799354131592,-8.37871576412686,8.69466514231876,1.42277960838377,0.228452755889651,-0.260945833632995,-500,0,0,0,0,0,0,0,-36.6792525751919,-6.08784406071134,8.70525307866201,0,0,0
96,-551.379432277292,-8.05932160442398,8.51081910789777,1.39684077819069,0.220500860053288,-0.229340484950734,-551.408791678375,-7.89886816035194,8.34372098471905,1.40795450464585,0.219591682444242,-0.2264621418818,-500,0,0,0,0,0,0,0,-37.9778671078342,-6.16143192372035,5.95877221874186,0,0,0
97,-550.001744452589,-7.84190178598618,8.28488321877015,1.35853965924321,0.214338776751842,-0.222510212811328,-550.063044027885,-7.94395576958172,8.32503674060025,1.35857045427037,0.215013738739474,-0.224246739541276,-500,0,0,0,0,0,0,0,-35.7309573712668,-5.61346233478398,5.77460047292708,0,0,0
98,-548.661236907045,-7.63037004586354,8.06562533965964,1.32248002436005,0.208724703426194,-0.215985722338904,-548.540821888961,-7.56952734253028,8.02202340284249,1.32049033929565,0.207803738517697,-0.22797527451701,-500,0,0,0,0,0,0,0,-34.9673901516426,-5.64131916670912,6.75348064601597,0,0,0
99,-547.356341221725,-7.42446629496353,7.85339524805765,1.28731647783366,0.203082798417226,-0.20845513686642,-547.325103011892,-7.2564810833309,7.8289376911293,1.28260695980841,0.191068167186994,-0.212685241035069,-500,0,0,0,0,0,0,0,-33.6104899570562,-4.59385455203759,5.61064872124825,0,0,0
100,-546.085983836399,-7.22368071023063,7.64810953478644,1.25340274595835,0.198488371094302,-0.202097667164766,-546.097133014312,-7.28771399377694,7.61577170102579,1.25184007927464,0.180448817873785,-0.206479635571165,-500,0,0,0,0,0,0,0,-32.9897418988406,-3.46945379982457,5.4164201550649,0,0,0
101,-544.849229470385,-7.02692734757122,7.44910536953609,1.22011033225051,0.195018354104893,-0.1958923906024,-544.796460205855,-7.03399146612108,7.55097975924445,1.22027183033477,0.197560788055654,-0.194585860737112,-500,0,0,0,0,0,0,0,-32.4342626217666,-5.68809587332323,4.35662655522227,0,0,0
102,-543.64553933407,-6.83475332350972,7.25580301731003,1.18727370241547,0.189329693903845,-0.190694299285393,-543.577199493377,-6.7094773683958,7.31915206794354,1.19568276553309,0.1949491721615,-0.197804107475627,-500,0,0,0,0,0,0,0,-32.4138775665545,-6.07596247935838,5.14210661167562,0,0,0
103,-542.474618860404,-6.64846188856693,7.06814169962448,1.15457147964963,0.183253176102648,-0.184610399442369,-542.538320968845,-6.53955260329228,7.2102022562547,1.15755427267645,0.199131130236923,-0.195074816730377,-500,0,0,0,0,0,0,0,-30.678785329955,-6.83400781710773,5.08707716052832,0,0,0
104,-541.335529488419,-6.46862597801062,6.88648925455195,1.12361139403782,0.176418645100507,-0.178677529885002,-541.341819439713,-6.35226964448523,6.82704644071502,1.13239203758126,0.161758761795079,-0.183135543365396,-500,0,0,0,0,0,0,0,-30.5555648787,-3.47133689053739,4.65946145510956,0,0,0
105,-540.227351881638,-6.29394326402444,6.71060094603476,1.09274774067866,0.172946782664245,-0.173082182300313,-540.429545192879,-6.22803972614411,6.85828168166498,1.09735753240828,0.1758511761606,-0.175816747827778,-500,0,0,0,0,0,0,0,-28.8766628550691,-5.12903816377181,3.86511141944787,0,0,0
106,-539.149239993613,-6.12356125169216,6.53986428032851,1.06347944082921,0.167817241920181,-0.168375140987499,-539.134222993894,-6.08725888799935,6.47323670264355,1.05269786467721,0.167627808767038,-0.172607431702353,-500,0,0,0,0,0,0,0,-27.0013404799337,-4.58826310070511,4.31426976494823,0,0,0
107,-538.099428287236,-5.95803837259227,6.37399280459058,1.03614753492459,0.163228516565327,-0.163352879440802,-537.976206063814,-5.83695342055,6.1967390855762,1.03340961422479,0.164519251420476,-0.171350612447432,-500,0,0,0,0,0,0,0,-27.3885492948505,-4.77801830094761,4.7415830735908,0,0,0
108,-537.077103990987,-5.79719909748024,6.213423952037,1.00850491571064,0.158450033385331,-0.157769724786067,-537.157227238674,-5.7534704616643,6.07154346720855,1.02897358251276,0.149349825081488,-0.15485828819373,-500,0,0,0,0,0,0,0,-28.5829037739277,-3.42804158482022,3.34274188495589,0,0,0
109,-536.083089098757,-5.6404633362621,6.05786255864449,0.979528066845993,0.155021489027652,-0.153337219905493,-536.070370499603,-5.73211724688167,6.01969825441232,0.974209756826216,0.161659307790516,-0.153130827800368,-500,0,0,0,0,0,0,0,-25.280234683415,-4.70169628528825,3.27368627121217,0,0,0
110,-535.116407017337,-5.48779291597517,5.90654275994185,0.953839062061238,0.150319351542108,-0.149288374551719,-535.125320050168,-5.32895648855442,5.94609057318258,0.954937369645268,0.156499640024056,-0.141340730338442,-500,0,0,0,0,0,0,0,-25.2430968641906,-4.99205102529677,2.24189188747902,0,0,0
111,-534.175450937783,-5.33996981629153,5.75879962907398,0.928075521535498,0.145326848694026,-0.146183842436545,-534.168040364861,-5.32807278396447,5.66532762611919,0.927704363136539,0.136466686762016,-0.144431749517258,-500,0,0,0,0,0,0,0,-24.4343555839322,-2.99052310827267,3.11251969948743,0,0,0
112,-533.259795176507,-5.1961384431322,5.61458411000396,0.903238880002307,0.142335898582643,-0.142233672842695,-533.380740546566,-4.99988424897116,5.84279831167707,0.898696286963254,0.157935609861941,-0.127545267547801,-500,0,0,0,0,0,0,0,-23.1081476031938,-5.79379248825182,1.06893013142596,0,0,0
113,-532.368439342048,-5.05669965336152,5.47326162529393,0.879474475360598,0.136541681696903,-0.140398371363083,-532.505234663286,-5.00802988596212,5.27112120813493,0.884733703018507,0.136131925991494,-0.134197658198559,-500,0,0,0,0,0,0,0,-23.462900975279,-3.59713282722518,2.87752340358602,0,0,0
114,-531.500902963878,-4.92195674416211,5.33473276341194,0.855601019683789,0.13294413762743,-0.136646369518446,-531.525843031644,-4.91880182313799,5.24301325773791,0.841868048140772,0.116393217784522,-0.137682143362847,-500,0,0,0,0,0,0,0,-21.13511875079,-1.80171813217624,3.28218782080885,0,0,0
115,-530.656051542339,-4.78991364742521,5.20004514094771,0.834104645635755,0.131142056623635,-0.1327172178969,-530.611551795645,-4.75838148660728,5.23161758834192,0.845508095113689,0.122971995655618,-0.123194950282895,-500,0,0,0,0,0,0,0,-23.3277059200798,-2.78043659234721,1.85625985160564,0,0,0
116,-529.833867819306,-4.66016201929589,5.06875755005616,0.810265019927661,0.128361200136224,-0.129845007544463,-529.825020922934,-4.54064392950011,5.1113714952256,0.795321246090813,0.133785114480944,-0.122498596308707,-500,0,0,0,0,0,0,0,-19.8820827632136,-4.29722358909415,2.02711664041955,0,0,0
117,-529.033797916801,-4.5339496079696,4.94023940837463,0.789876875865616,0.12406362355667,-0.127180240322823,-528.951090690259,-4.48446645251752,4.93837139610303,0.778365588765736,0.130711809091496,-0.130143224569383,-500,0,0,0,0,0,0,0,-19.9343774960565,-4.10224800411455,3.13757966473224,0,0,0
118,-528.25406223401,-4.4119372797064,4.81497293049325,0.769597219597996,0.119961033753472,-0.123341744139258,-528.081405139742,-4.52312104488268,4.83315749483862,0.761061031917055,0.11298797875352,-0.138963515831636,-500,0,0,0,0,0,0,0,-19.9432929122216,-2.25255578558667,4.2300365934864,0,0,0
119,-527.494529473934,-4.29310268920696,4.69411977469752,0.749471655883404,0.117708147988708,-0.118353682679498,-527.592670135526,-4.35863142987856,4.72802823578741,0.745187452479891,0.109466520042437,-0.133918437304832,-500,0,0,0,0,0,0,0,-19.3334049769372,-2.22938914448662,3.93578725890835,0,0,0
120,-526.754829837582,-4.17650939699657,4.57810046825156,0.7299307877496,0.115478437147099,-0.113674368043426,-526.747334766013,-4.19455051595682,4.4071003549075,0.723021428020399,0.0969322659539933,-0.101540099470399,-500,0,0,0,0,0,0,0,-18.8074732700144,-1.30412556348569,1.33980923722489,0,0,0
121,-526.034577242597,-4.06168319316359,4.46547046189333,0.71057612762854,0.114173971326722,-0.111575188663606,-526.023565143145,-4.14836115988119,4.28883091143955,0.707410103369059,0.114387777670064,-0.10785572861877,-500,0,0,0,0,0,0,0,-18.6938800506157,-3.14205544724399,2.20791103899786,0,0,0
122,-525.333558422839,-3.94908041428712,4.35539318459549,0.691463728261788,0.111031587294485,-0.108569051168452,-525.260539425274,-3.92577951498237,4.30925062053107,0.689682854238485,0.111717326427422,-0.0886723402162153,-500,0,0,0,0,0,0,0,-18.4472065733007,-3.32017361277751,0.248732780559385,0,0,0
123,-524.651658326802,-3.83970908670078,4.24736574222173,0.67233760687473,0.10771106825491,-0.107475514283763,-524.537497364296,-3.83985194135042,4.32219850388952,0.681604138498295,0.115527677662662,-0.0946391792169976,-500,0,0,0,0,0,0,0,-19.0854191212371,-3.87306388356534,0.819520913920723,0,0,0
124,-523.989157213573,-3.73393472640279,4.14078978678078,0.652666147953568,0.10383765316,-0.105665778409209,-523.727116725473,-3.66312735799119,4.02697726587026,0.649102204751384,0.0993189058364004,-0.094976720945857,-500,0,0,0,0,0,0,0,-17.4559870241926,-2.60563586765765,1.44371756284518,0,0,0
125,-523.345472546877,-3.63140004840555,4.03625022863424,0.634704952778491,0.101231703681572,-0.103403672228017,-523.425565352905,-3.60189305446216,4.07429178679971,0.622079742574057,0.100791787635141,-0.11864736100966,-500,0,0,0,0,0,0,0,-15.3568435515959,-2.87539265458979,3.71615252736659,0,0,0
126,-522.718544197775,-3.5316061661117,3.93497832203663,0.61915461680982,0.098356061975064,-0.0991318130660873,-522.664899432045,-3.51001286460322,3.88232665818698,0.622724245782081,0.0881365506288898,-0.1104063587338,-500,0,0,0,0,0,0,0,-16.9426257141179,-1.79362933368254,3.27598255700598,0,0,0
127,-522.107973713255,-3.43414706110805,3.8378982741191,0.601989123964436,0.096562148831657,-0.0950190616113746,-521.928397949509,-3.33190974883544,3.79971940330747,0.615814091482907,0.0957351394144367,-0.075900043383509,-500,0,0,0,0,0,0,0,-17.724613249273,-2.90969444377278,-0.00943446826404948,0,0,0
128,-521.515182986504,-3.33903992735169,3.74338900906437,0.583593380591347,0.0936521197609869,-0.0939895700665278,-521.653745595431,-3.32141351266876,3.77590426535781,0.573623286761242,0.100982767347116,-0.0968976120776797,-500,0,0,0,0,0,0,0,-14.0548374852628,-3.45544970937406,2.13795267705234,0,0,0
129,-520.938813999196,-3.2471156538945,3.6507361024256,0.569146551052507,0.0901964282565616,-0.0913085331302665,-520.902597329527,-3.22695921026873,3.61260411322125,0.569502154813351,0.0824234349070281,-0.107518973208517,-500,0,0,0,0,0,0,0,-15.1450208222811,-1.78842507016536,3.5266890944092,0,0,0
130,-520.377324116739,-3.15781356243821,3.56155370081676,0.553836034972679,0.0884077560549392,-0.0870480831935736,-520.236338459212,-2.9845494637616,3.41071155630897,0.554288366623532,0.0916553010097408,-0.0845629282789449,-500,0,0,0,0,0,0,0,-14.9561597439283,-3.19643117345088,1.63486971527655,0,0,0
131,-519.831181656474,-3.07100415470932,3.47570677427226,0.538450672792194,0.0852110605547862,-0.0846375424586094,-519.807097097468,-3.09297944845963,3.39290209795115,0.547460672519909,0.0848507137237217,-0.0974150281804557,-500,0,0,0,0,0,0,0,-15.131873057055,-2.2991124754529,2.95569862214326,0,0,0
132,-519.300408444499,-2.98694277742555,3.39296120112202,0.523098292705117,0.082911694924733,-0.0808454016127507,-519.456196018245,-2.852887596958,3.47634392249147,0.520881846240999,0.0858383475728968,-0.0892111784918819,-500,0,0,0,0,0,0,0,-13.1757925876089,-2.87805956337368,1.96843000420524,0,0,0
133,-518.784086352857,-2.90547022630431,3.31339858165003,0.509547748291993,0.0800334082936452,-0.0782726311205345,-518.727688081122,-2.93459213619995,3.33900273017629,0.512863216086154,0.0819328940162786,-0.0666190783917272,-500,0,0,0,0,0,0,0,-13.8309454463719,-2.32410512922795,-0.0160976211798669,0,0,0
134,-518.281781961072,-2.82659900156817,3.23549845398145,0.495061877413047,0.0777090419521459,-0.0775199023515711,-518.187601625179,-2.98658141069189,3.06934420208655,0.495884693063639,0.0708010963094126,-0.0758425590155849,-500,0,0,0,0,0,0,0,-13.2132660560068,-1.10694680955749,1.44556749738539,0,0,0
135,-517.793545172628,-2.74944355019247,3.15904997404529,0.481413306083394,0.0766018616307514,-0.0753698011224795,-517.917047905001,-2.78461767743639,3.1555914597297,0.482727384949311,0.0887178446945782,-0.0879172579361395,-500,0,0,0,0,0,0,0,-12.4386426849284,-3.30254911458505,2.48054287415455,0,0,0
136,-517.318490532405,-2.67449306718007,3.08522586467182,0.468698096800044,0.0732991049774117,-0.0722716763944047,-517.334406943976,-2.70251189314535,3.15724188815394,0.465070112810748,0.0807883229340383,-0.0664703217989959,-500,0,0,0,0,0,0,0,-11.8381973931231,-2.67380850711314,0.332548403591705,0,0,0
137,-516.856012706325,-2.60253097678627,3.01341275662289,0.456258467756868,0.0706250766950565,-0.0713479561697867,-516.854921577799,-2.46744104120456,2.99766055423862,0.464450565795706,0.0623300411979442,-0.0788308413737689,-500,0,0,0,0,0,0,0,-12.7352134239724,-1.2981220373853,1.88776302889966,0,0,0
138,-516.406294841635,-2.53255507130982,2.9433806397465,0.443179113387767,0.0693267350202381,-0.0687093434749193,-516.43665982924,-2.57540861810868,2.92096118161861,0.45128314605914,0.0674784333603926,-0.0719789653413257,-500,0,0,0,0,0,0,0,-12.2549949474348,-1.59702609982189,1.35597417089534,0,0,0
139,-515.969454914462,-2.46402695819521,2.87570793691085,0.430502276485141,0.0677294925064477,-0.0666293511633164,-515.939815800339,-2.50381740348268,2.79580808596555,0.433718742462295,0.0645009272499906,-0.0618946149130542,-500,0,0,0,0,0,0,0,-11.4922426455509,-1.44245791803369,0.597845319374323,0,0,0
140,-515.544969888815,-2.39701880032531,2.8097012454873,0.418468845036436,0.0662868242535665,-0.0653776791541315,-515.596094124962,-2.36993570264076,2.73053471926569,0.414474109306582,0.0772190784783168,-0.0647369602208259,-500,0,0,0,0,0,0,0,-10.255222680734,-2.98203644255016,1.01262658355122,0,0,0
141,-515.131871583114,-2.33222308595375,2.74507256070497,0.407728968879739,0.0633046053753833,-0.0638740525953778,-515.213675304812,-2.16148121948592,2.68918686202733,0.407171531253698,0.0807278896756721,-0.0855230280494019,-500,0,0,0,0,0,0,0,-10.2898025157449,-3.74982652859537,3.17392908088554,0,0,0
142,-514.729355036741,-2.27079347393084,2.6830340992502,0.397306518886386,0.0595546194793795,-0.0601974051585454,-514.695226585179,-2.42876135653799,2.81182083849156,0.392918831574317,0.0686507191342846,-0.0659785241284892,-500,0,0,0,0,0,0,0,-9.90142998707332,-2.00754920035248,0.974210735865798,0,0,0
143,-514.337237885229,-2.2122427176332,2.62357189772385,0.386928957684288,0.0575468940980351,-0.0587215643374097,-514.241934494254,-2.33845684297482,2.464407900109,0.388852532016875,0.0407979667906312,-0.0539591761323175,-500,0,0,0,0,0,0,0,-10.4013842131802,0.597117006886516,0.467101813013758,0,0,0
144,-513.955782314395,-2.15439736092792,2.56539180511773,0.37598313755514,0.0581438199187762,-0.0576328742648341,-513.97122857672,-2.01232599700486,2.55146724512583,0.382273365857018,0.0487001150606485,-0.0498830536242149,-500,0,0,0,0,0,0,0,-10.2848794322613,-0.845359512055137,-0.114629127830176,0,0,0
145,-513.585259320384,-2.09667631901777,2.50802118108456,0.365063490021284,0.0572982650380219,-0.0571026461384099,-513.634238520073,-2.19640924248407,2.55749633957944,0.352269948902802,0.048251940663712,-0.0477921935273001,-500,0,0,0,0,0,0,0,-7.95851785013341,-0.432375581403059,-0.335773326428868,0,0,0
146,-513.224524479859,-2.03959431909664,2.45089914793679,0.356406514567705,0.0568657355689474,-0.0571369388744939,-513.401765023319,-2.096784701264,2.60734033655824,0.361423241924183,0.0508323138747755,-0.0685650603885484,-500,0,0,0,0,0,0,0,-9.33879414578104,-0.889661984949555,1.64182536573836,0,0,0
147,-512.872964046958,-1.98317349416828,2.39484495812434,0.346715883269892,0.0559759153491617,-0.0549663924871984,-512.926291800561,-1.85206689040909,2.42461170445756,0.359220011074182,0.0575598804939769,-0.0806151560760383,-500,0,0,0,0,0,0,0,-10.0694175062953,-2.0518542685795,3.21229219868871,0,0,0
148,-512.531320131974,-1.92822358369286,2.3418112691177,0.336574407595166,0.0539239062888544,-0.0510956909336296,-512.545075420015,-1.81270130532845,2.4097350157632,0.335633569193002,0.0432596073948736,-0.0483115557284849,-500,0,0,0,0,0,0,0,-8.47320607927092,-0.700558128830469,0.011685541322092,0,0,0
149,-512.199289567168,-1.87465003691539,2.29095337462888,0.327487310593062,0.0532231883723428,-0.0506153873429621,-512.274002966017,-1.86073044664471,2.10169852164,0.321178305606327,0.0671333545221398,-0.0277598749324888,-500,0,0,0,0,0,0,0,-7.56982462859882,-2.99187455892456,-1.42740955003113,0,0,0
150,-511.876019475056,-1.82292286552772,2.23980490360687,0.319052609833769,0.050231155286341,-0.0516772023481643,-511.721866752956,-1.71986462977538,2.23779435225754,0.314061179884702,0.039954346481361,-0.0423116169446016,-500,0,0,0,0,0,0,0,-7.96238448255843,-0.555705388585335,-0.244427010054914,0,0,0
151,-511.561278676545,-1.77296963985393,2.1882237736091,0.310429411055222,0.0496752969433282,-0.0514806052811457,-511.520944710324,-1.66603643872727,2.13362411638546,0.298378262064322,0.0522791675897816,-0.0416824044984458,-500,0,0,0,0,0,0,0,-6.7959367857845,-1.89584388152361,-0.0990077829263312,0,0,0
152,-511.254572677136,-1.72424233001775,2.13682533365767,0.302982991029195,0.0477793237149792,-0.0513124724580735,-511.224001484,-1.78054466211859,2.28057562564293,0.306278812187748,0.0464717904936193,-0.0504958888236193,-500,0,0,0,0,0,0,0,-8.17987825077537,-1.08608972512476,0.488437631076073,0,0,0
153,-510.955943563863,-1.67700612582741,2.08601396358218,0.294276095044712,0.0466930849652866,-0.0503057717397103,-510.862495441509,-1.54814221520893,2.14590483941864,0.303880142297748,0.0426570241174576,-0.0451735775899777,-500,0,0,0,0,0,0,0,-8.66302334675706,-1.16941798132789,0.225548080160491,0,0,0
154,-510.666279319221,-1.63089783053486,2.03613478225378,0.285053166833852,0.045523505960756,-0.0494478128222621,-510.781821587462,-1.43757012634557,1.92450172025045,0.280844311107491,0.0684233491796786,-0.0463141418511446,-500,0,0,0,0,0,0,0,-6.52078793582557,-3.96719466527672,0.782410744613556,0,0,0
155,-510.384732523236,-1.58735797956547,1.98721697781692,0.278041306526205,0.0415561968177835,-0.0483842328835179,-510.408493272708,-1.70610506320848,1.95533254763649,0.273475353066746,0.0416380452412179,-0.0471600945431839,-500,0,0,0,0,0,0,0,-6.53054876125806,-0.751594397704832,0.805344359045403,0,0,0
156,-510.110197782505,-1.54617763756838,1.93938556237923,0.271029076983909,0.0408044880050345,-0.0472750376184032,-509.926106825563,-1.4742088186861,1.99501530114662,0.245531992475649,0.0439531653621798,-0.0301043892502256,-500,0,0,0,0,0,0,0,-4.70098559643983,-1.44689889884579,-0.979591677270677,0,0,0
157,-509.841928094825,-1.5060966492427,1.891635220539,0.265510068327109,0.0393574896301559,-0.0482229072237234,-509.764633881357,-1.31335410215763,1.89102604350396,0.272408050724862,0.0348792322579915,-0.0493129164840402,-500,0,0,0,0,0,0,0,-7.71153730977295,-0.861215021483892,1.1492395613961,0,0,0
158,-509.580472409008,-1.46716983398181,1.84425808969525,0.257402519304877,0.0384961416833391,-0.0465271966459484,-509.556868337294,-1.52195442338603,1.60672786999871,0.255359814574326,0.0364665108718421,-0.0552710770969979,-500,0,0,0,0,0,0,0,-6.42224478284535,-0.602742240412141,2.31365196970237,0,0,0
159,-509.326383015616,-1.42897511177263,1.79904791120582,0.25077799454296,0.0378933036252568,-0.0438898187760337,-509.479192079751,-1.44345406410498,1.87319234041872,0.239584300077149,0.0388213933899152,-0.0274902827429787,-500,0,0,0,0,0,0,0,-5.00004584821315,-0.995231210781556,-0.997356406539568,0,0,0
160,-509.078508357672,-1.3915794771125,1.7547293874788,0.24497113131973,0.0368979670997078,-0.0447443350080026,-509.015119145076,-1.37368229664501,1.79774964707836,0.2418387640528,0.0370358283694732,-0.0413680474954678,-500,0,0,0,0,0,0,0,-6.15363811512817,-0.9562182436573,0.541305455390073,0,0,0
161,-508.836870600652,-1.35515967467246,1.7104253296347,0.23830514235684,0.0359416386582103,-0.0438604164207527,-508.850681729367,-1.38312687845023,1.91741021720597,0.244845756677331,0.0509996263755167,-0.0538732788287011,-500,0,0,0,0,0,0,0,-6.78321220899979,-2.33370888065122,1.55250744845816,0,0,0
162,-508.602114937342,-1.32038494633597,1.66756938027458,0.231207557255754,0.0336078187931284,-0.0418478835491434,-508.570693920069,-1.32061528916815,1.70336291505268,0.237241775925656,0.0113927856870513,-0.0316684259510449,-500,0,0,0,0,0,0,0,-6.58278975242728,1.50195200963117,-0.239883235000868,0,0,0
163,-508.374516879157,-1.28602621510476,1.62583724203643,0.223988956153285,0.0351096439315946,-0.0416127288780465,-508.392591534789,-1.31836455680905,1.50531366398383,0.227202389146034,0.0216061621050228,-0.0421982609549902,-500,0,0,0,0,0,0,0,-5.93505584502626,0.47611290311582,1.20919876753136,0,0,0
164,-508.153685514603,-1.25067856456559,1.5850044862914,0.217674892001114,0.0355856580915941,-0.0400496134644892,-508.252488446759,-1.11683266567664,1.71162960145118,0.216128701660109,0.057690223408528,-0.0480800808831286,-500,0,0,0,0,0,0,0,-5.10789327249358,-3.53535700949953,1.3847488854105,0,0,0
165,-507.938742144837,-1.21686062595782,1.54575469083014,0.21221298387628,0.0320502198742804,-0.0384472757552891,-507.848577601409,-1.08590636708744,1.71721347227509,0.232222370536096,0.040669020812506,-0.0472155118350104,-500,0,0,0,0,0,0,0,-7.52508185079157,-1.89508934707571,1.28712423895086,0,0,0
166,-507.730454099876,-1.18575801498667,1.50829060203992,0.204364439543811,0.0301550026286944,-0.0364768969844682,-507.826394335229,-1.16726341730558,1.47651668138439,0.204308124901249,0.0407102598589502,-0.0358238553692093,-500,0,0,0,0,0,0,0,-4.77802381966625,-1.73649915128387,0.629352174152145,0,0,0
167,-507.528722082879,-1.15647130395235,1.47223055217307,0.199100303827371,0.0284184202107127,-0.0356406121149888,-507.657052005905,-1.31644950372825,1.36017257249093,0.205125492661312,0.035752563227265,-0.0358371461920348,-500,0,0,0,0,0,0,0,-5.19844525432206,-0.942357315269994,0.863369474221615,0,0,0
168,-507.332436720224,-1.12852410720747,1.43716878484522,0.193471304939101,0.0274759742552324,-0.0344801340465731,-507.4206649055,-1.03961448876169,1.41176010464715,0.192638803687795,0.0201304292617618,-0.0364013649094389,-500,0,0,0,0,0,0,0,-4.42255055778053,0.0661860513471964,0.816616281649579,0,0,0
169,-507.141401070462,-1.10101507763129,1.40317998871749,0.18860077894277,0.0275420857980064,-0.0334950833005064,-506.98380526297,-1.05164096361144,1.41690456584211,0.186035864809329,0.0291635838255617,-0.053816085861645,-500,0,0,0,0,0,0,0,-4.63597595499199,-0.813076455333294,2.54779945448028,0,0,0
170,-506.955174766243,-1.07387956022027,1.37105352835794,0.183853568545584,0.0267289498040143,-0.0307555291937933,-506.935551797244,-1.06568926007688,1.52688709432604,0.173204086107106,0.0324406563887652,-0.0270011465742223,-500,0,0,0,0,0,0,0,-3.44930501622193,-1.11268711872276,-0.353659531229853,0,0,0
171,-506.773383683994,-1.04770698884125,1.34013648225726,0.17972866208029,0.025616193704337,-0.0310765981029938,-506.573277464918,-1.00060419140222,1.17992123534507,0.177272979206014,0.00501314587406132,-0.0250302245614191,-500,0,0,0,0,0,0,0,-4.58074299076461,1.4998937953983,0.143179985451775,0,0,0
172,-506.596225134636,-1.02134089103621,1.30925623609072,0.174588891418213,0.0271160026116558,-0.0306813752572748,-506.584407388538,-0.980827637784836,1.42928132964163,0.176620763969806,0.0352252498003922,-0.0152377685633963,-500,0,0,0,0,0,0,0,-4.49326161990551,-1.56086970446955,-1.33478580294363,0,0,0
173,-506.424304076896,-0.995005373526388,1.27804517134568,0.169252885713148,0.0255550334619577,-0.0317381279418943,-506.45353232851,-0.832375953719961,1.32588699148182,0.168756451541704,0.0288121877187947,-0.0322823452017752,-500,0,0,0,0,0,0,0,-3.96858049715125,-1.21646686443955,0.576460537213885,0,0,0
174,-506.257277936259,-0.970058608272869,1.24667212497141,0.164800028890944,0.0243384980280032,-0.0310058225427374,-506.326348166884,-0.978629111561517,1.17439327537998,0.167421723867459,0.0134628651801768,-0.0265145734130007,-500,0,0,0,0,0,0,0,-4.08947605297708,0.61097170510535,0.302670790540108,0,0,0
175,-506.094788669064,-0.945414661751827,1.21591526832327,0.160179009862879,0.0249493958739601,-0.030505657009309,-505.835698341577,-1.07299030300617,1.24703951644993,0.145893614633082,0.0213584416991594,-0.0389547856368285,-500,0,0,0,0,0,0,0,-2.91796478015425,0.0101364360964094,1.401399530783,0,0,0
176,-505.936237077366,-0.920460217957452,1.18608958028282,0.156925144860732,0.0249594926148061,-0.0291442285604417,-506.000511385531,-0.796016428958555,1.31965530725694,0.156761024100576,0.0328555338758259,-0.037764398772072,-500,0,0,0,0,0,0,0,-3.67507963899637,-1.69352052966548,1.13712926269333,0,0,0
177,-505.781333558949,-0.896347514456277,1.15757461693994,0.152882805561357,0.0232659152044776,-0.0278837800822749,-505.917864257466,-0.999700657719879,1.19468568178854,0.164442640578188,0.0295640699800002,-0.036406066780224,-500,0,0,0,0,0,0,0,-4.60853554288592,-0.957005682560257,1.25123531444533,0,0,0
178,-505.630915901971,-0.873560139013284,1.13047398603186,0.147953587682369,0.0223088362766879,-0.0263150818046526,-505.6893795478,-0.707683942427175,1.01796010632986,0.141186320187659,0.00573395996977747,-0.0236593629464022,-500,0,0,0,0,0,0,0,-2.73987292316555,0.841971887876602,0.330016081980513,0,0,0
179,-505.484600012919,-0.850830341222586,1.10431223382695,0.144678581521675,0.0231507600732767,-0.0260069219834284,-505.405102350022,-0.817629309920808,1.23711436476807,0.159961163662982,0.0131920477307486,-0.0289471526966285,-500,0,0,0,0,0,0,0,-5.18591166625352,0.316053846766758,0.420486540126708,0,0,0
180,-505.342747304295,-0.827521601573487,1.07875168853783,0.13902754418038,0.0234667206566767,-0.0251113761793093,-505.238083842768,-0.835698827163779,1.1352248528669,0.12411758029617,0.0255703330627404,-0.0207452121689908,-500,0,0,0,0,0,0,0,-1.93559034408042,-0.885635651946486,-0.195928488834717,0,0,0
181,-505.205013288918,-0.804497718680529,1.05346687876157,0.136440518179073,0.0225810463278903,-0.0254571171886329,-505.19667988675,-0.65291374834112,1.15055591151828,0.13428745971111,0.0446038486403623,-0.0358631334395106,-500,0,0,0,0,0,0,0,-3.03538619761049,-3.15455736735399,1.2852015209145,0,0,0
182,-505.070255306974,-0.783493972902319,1.02867601797129,0.133076388545467,0.0194264457753334,-0.0241230566068047,-505.02582117678,-0.81559070905073,1.12267591118892,0.123937653042761,0.0206379859811279,-0.0293337764470961,-500,0,0,0,0,0,0,0,-2.34212295071702,-0.432617180011329,0.688025822331774,0,0,0
183,-504.938579808144,-0.764283854333267,1.00486114719516,0.130275160693998,0.0189937919416034,-0.0235054429873677,-504.872684501821,-0.886119915928152,1.10191801558575,0.122851473749697,0.0145797379359469,-0.055295913112863,-500,0,0,0,0,0,0,0,-2.53977837132738,0.314266038261614,3.32575528011479,0,0,0
184,-504.809531672482,-0.745132935636787,0.982978914279584,0.127823086623623,0.0193080465406037,-0.0202579686372889,-504.662436116941,-0.874776931391168,0.965187119053228,0.12366437810403,0.0220347971433584,-0.0339365931798558,-500,0,0,0,0,0,0,0,-3.04156557652195,-0.453925851553505,1.46328507987912,0,0,0
185,-504.683366143446,-0.72605187300602,0.963487291512477,0.124509015671785,0.0188540793451392,-0.018723756091756,-504.808983774099,-0.61222829406992,0.994053063397915,0.137377195252676,0.0208525471865136,-0.0234762811785963,-500,0,0,0,0,0,0,0,-4.11975197706968,-0.86079813051152,0.359521991063805,0,0,0
186,-504.561152790639,-0.707628230180311,0.945105493652602,0.119918272453863,0.0179932074124344,-0.0180376270652239,-504.62408419474,-0.747703249137478,0.835305907846833,0.110768907266455,0.0033162664802042,-0.0212681227445865,-500,0,0,0,0,0,0,0,-1.82872233716648,1.16377985025454,0.456200458764985,0,0,0
187,-504.44239776363,-0.689053148092412,0.927226488102128,0.117592162772401,0.0191569577532365,-0.017719399267904,-504.383314782541,-0.667564405924393,0.873397174969793,0.112781252182257,0.00799576552237505,-0.0229052035771653,-500,0,0,0,0,0,0,0,-2.51149565314304,0.535552259611282,0.543726007776941,0,0,0
188,-504.3262924902,-0.669628435336511,0.909782546169706,0.114618889484677,0.0196924685796182,-0.0171671540089714,-504.358114649589,-0.694003704220183,0.947815266078922,0.123046875784356,0.014381575624826,-0.0195335544073591,-500,0,0,0,0,0,0,0,-3.5884582792581,-0.0501501540422347,0.0577249085780689,0,0,0
189,-504.213736368808,-0.649961075658085,0.892769905584404,0.110493727376771,0.0196422513321592,-0.0168561682920547,-504.194287934324,-0.74594788636375,0.92181942273379,0.104256402701733,0.0207206518980561,-0.0177795613012968,-500,0,0,0,0,0,0,0,-2.03706440152447,-0.580169417078116,-0.0656827153378965,0,0,0
190,-504.104558902866,-0.630608928916902,0.875850679038905,0.107861341991093,0.0190620427472925,-0.0169811332520539,-504.150482715966,-0.827371029868031,0.861075222280487,0.116994494352697,0.0223334705215299,-0.011433955884212,-500,0,0,0,0,0,0,0,-3.39848400333829,-0.578604992416929,-0.578754856139778,0,0,0
191,-503.998732960946,-0.611836224246296,0.858703069758738,0.103790566086723,0.0184833672621549,-0.0173121592940365,-504.092985492143,-0.55578536432332,0.80032882717578,0.118719771857063,0.0233102729233391,-0.0201752729436733,-500,0,0,0,0,0,0,0,-3.68600620142017,-1.21945656368727,0.416869640015771,0,0,0
192,-503.897012453403,-0.593962618080282,0.841747207460325,0.0996510368942215,0.0172638457044961,-0.0165976021788178,-503.976390728142,-0.638345663993712,0.964848602868004,0.0963816715353857,0.0226289204847285,-0.0113993111764453,-500,0,0,0,0,0,0,0,-1.68538569725478,-0.986200720485429,-0.789766088091475,0,0,0
193,-503.798581244001,-0.577191893372541,0.824708849089716,0.0972111062476356,0.0162776045073033,-0.0174780692545373,-503.973288418683,-0.63816719152679,0.882466110756732,0.0938484706665384,0.00381137261597141,-0.0333172027954186,-500,0,0,0,0,0,0,0,-1.43827022928759,0.895197121456439,1.56678805802839,0,0,0
194,-503.702217366898,-0.560466695450549,0.807917494204899,0.0955175885848717,0.0171727916789082,-0.0161039975776849,-503.647109006105,-0.544400614023193,0.936378905382501,0.085587607181914,0.0149101009755021,-0.0164857401150078,-500,0,0,0,0,0,0,0,-1.26454270598166,-0.40220886950382,-0.224183799264223,0,0,0
195,-503.60765239188,-0.543495021764047,0.791608983542615,0.0936123397095267,0.0167705564839216,-0.016512267400267,-503.549551752858,-0.602062593410091,0.782377402986852,0.0836271773452473,0.0201436643965345,-0.0256774029143529,-500,0,0,0,0,0,0,0,-1.26361422880803,-0.810241252833268,1.00298548546159,0,0,0
196,-503.514859355686,-0.527129592760501,0.775493386910036,0.0919743595554115,0.0159603023920695,-0.0157183099907029,-503.571229061178,-0.44250693083946,0.784756010859579,0.106889633795838,0.0209432685449574,-0.0230854605055573,-500,0,0,0,0,0,0,0,-3.5465052572269,-1.20931299281682,0.739034028836567,0,0,0
197,-503.42484522013,-0.511773976655653,0.760293242369337,0.0880546681738967,0.0147509305735091,-0.0146801358980612,-503.396927925746,-0.470415665840816,0.69384908157069,0.0861225357826736,0.018386440125752,-0.00571751484161869,-500,0,0,0,0,0,0,0,-1.81839772677465,-0.897812680893564,-0.815946678979511,0,0,0
198,-503.338075436682,-0.497471974201073,0.745189139407472,0.085484637742929,0.0138530746223795,-0.0155269557412908,-503.130549310762,-0.712611346677216,0.872179831317236,0.0941783050269767,0.00975335695625815,-0.0267229264047047,-500,0,0,0,0,0,0,0,-3.15673188117394,0.449886997728617,0.927932977835999,0,0,0
199,-503.254337650581,-0.483393981125946,0.730239246651905,0.0819917505288912,0.0143029122254142,-0.0143712201403652,-503.236342063082,-0.612472292013808,0.719690609585045,0.085091613585536,0.016487702482023,-0.021708683464087,-500,0,0,0,0,0,0,0,-2.03647723239013,-0.423825664174685,0.731487127238613,0,0,0
200,-503.173565684112,-0.469302997293597,0.716230431982363,0.0795527654143583,0.013879056151669,-0.0136453663485114,-503.106259690652,-0.344916135407135,0.620476370519083,0.0807310757549421,0.00946932461182372,-0.0208150251023429,-500,0,0,0,0,0,0,0,-1.86058819419068,-0.257100190368103,0.840549769196123,0,0,0
201,-503.095133103224,-0.455552504529988,0.702984258618015,0.0773130173931752,0.0136219300704331,-0.0128460442470181,-503.148923641871,-0.465748839559095,0.620027903914654,0.0730581823932901,0.0171818814588887,-0.0236185801572217,-500,0,0,0,0,0,0,0,-1.00797095558663,-0.786690466770681,1.12180220789286,0,0,0
202,-503.018491471029,-0.442323923602554,0.690582267749747,0.075970915062458,0.0128352328896059,-0.0119574824763888,-502.85239881202,-0.393686413718018,0.627563334061755,0.0752494665932343,0.0144500722962403,-0.00538488180393122,-500,0,0,0,0,0,0,0,-1.82014903528366,-0.657634402187991,-0.716638487730388,0,0,0
203,-502.943791593132,-0.429817529599518,0.678265289553052,0.0734286432856916,0.0121775562725377,-0.0126753814171914,-502.969351322042,-0.395174907150355,0.605751608072142,0.0552466170344165,0.0146462119332197,-0.00193878123048837,-500,0,0,0,0,0,0,0,0.414040940643315,-0.674271379021259,-1.01762509309545,0,0,0
204,-502.870579993191,-0.417977111165355,0.664835701949059,0.0729939354148119,0.0115032815418226,-0.0141838279158659,-502.930795025507,-0.362433636862521,0.66512033448473,0.0635396614315312,0.0128092693398157,-0.0332643127214948,-500,0,0,0,0,0,0,0,-0.492376092138215,-0.556059660256529,1.99619060318002,0,0,0
205,-502.797905776836,-0.406751853477855,0.651467920684727,0.0723555632620907,0.0109472344925882,-0.0125516596260175,-502.680368033492,-0.57430828342952,0.65850223124084,0.0902078417295063,0.00572180548908122,-0.0151015681292916,-500,0,0,0,0,0,0,0,-3.66004810596716,0.576436017950918,0.193152350447484,0,0,0
206,-502.727613943083,-0.39551643485276,0.639214281739494,0.0682286129505685,0.0115236035502503,-0.0119536717616902,-502.769446506144,-0.35986139454259,0.475349438613357,0.0659254260509656,0.00364020971494297,-0.0151336223536051,-500,0,0,0,0,0,0,0,-1.05364959280789,0.355701817590883,0.562663358133792,0,0,0
207,-502.660136547248,-0.383814987765417,0.627447021155224,0.0667265658107498,0.0118792916589503,-0.0115803086753939,-502.621191222523,-0.212622340115442,0.550182990252997,0.07494607354767,0.00427777709297437,-0.0129127812459856,-500,0,0,0,0,0,0,0,-2.25222490972076,-0.00253302906655223,0.190912144092565,0,0,0
208,-502.594785969788,-0.371936983226449,0.61601117685295,0.0639749302603834,0.0118767182205413,-0.0112901712324431,-502.80087837334,-0.535886517158405,0.765910893287242,0.0611194134346565,0.00798441544342127,-0.040548382728475,-500,0,0,0,0,0,0,0,-0.510184596786051,0.273331489974683,2.52301648627301,0,0,0
209,-502.531069908306,-0.359923590779143,0.605803272612948,0.0634585380314551,0.0121500677701708,-0.00912562328870858,-502.661546941972,-0.268418539019167,0.548156052815526,0.0471550301237613,0.0182914156731099,-0.0110821858955179,-500,0,0,0,0,0,0,0,0.607590871567083,-1.29230448927265,0.011906483920737,0,0,0
210,-502.4676128498,-0.348419669789086,0.596409182970293,0.063455476889574,0.0108577748790513,-0.00966281595689777,-502.624756984756,-0.419278131027209,0.636281448693269,0.0631792907239053,0.0164584464144038,-0.0100558764553325,-500,0,0,0,0,0,0,0,-1.06841510287863,-0.807288379385959,-0.266975251853286,0,0,0
211,-502.405006634632,-0.337965551108696,0.586536185175816,0.0617569141590853,0.0100504634029452,-0.0100825324591748,-502.437960230114,-0.355507732531832,0.643857419478722,0.0684097940582185,0.0178668497224866,-0.010364775158768,-500,0,0,0,0,0,0,0,-1.96505894559314,-1.075669507185,-0.251237323080646,0,0,0
212,-502.34453320304,-0.328452942710102,0.576357689375192,0.0591900319325379,0.00897475405167988,-0.0102733473299519,-502.186036985386,-0.197074780792393,0.578123431137404,0.065770199558481,0.0163035834046747,3.99296972288399E-05,-500,0,0,0,0,0,0,0,-2.20494598507642,-1.23620877888268,-1.16023983199769,0,0,0
213,-502.286849543109,-0.320096320504611,0.565577991647783,0.0561769301673781,0.00773849092854053,-0.0112847008710319,-502.197180614575,-0.245831508462174,0.588933677032712,0.0696820318014052,-0.0079245831364473,-0.0177483583622851,-500,0,0,0,0,0,0,0,-2.57384195098957,1.28412133056908,0.59696848216309,0,0,0
214,-502.232152477039,-0.311715790396801,0.554688310251044,0.0532178079949817,0.0090225702315592,-0.0104933422078768,-502.216132254217,-0.356905395750036,0.663534706516861,0.046492892156103,0.0116937503311339,-0.0289211387450059,-500,0,0,0,0,0,0,0,-0.217024707176925,-0.455564241613318,1.56504446146687,0,0,0
215,-502.179153245436,-0.302920996250597,0.544785578624777,0.0527814679470305,0.00856701906858391,-0.00931214901529187,-502.226531805913,-0.434686460182889,0.393485735382274,0.061197348302455,-0.00682771722561205,-0.0205868097313302,-500,0,0,0,0,0,0,0,-1.66667121841985,1.55214464292698,1.27170950236847,0,0,0
216,-502.127326855893,-0.293577913675195,0.536093641290625,0.050872155847399,0.0101191462119564,-0.00807096641935834,-502.230464664174,-0.088626831000219,0.642132313683386,0.0528389554199446,0.00399241015688521,-0.00561223633315503,-500,0,0,0,0,0,0,0,-0.8229662136469,-0.221987353688083,-0.723040994051268,0,0,0
217,-502.077235490391,-0.283569773155657,0.527575951418401,0.0493102795481686,0.00989713539091527,-0.00896383895791009,-502.162999613284,-0.28989171642197,0.485251131969823,0.045847890388082,0.00896606886947264,0.0124208199975193,-500,0,0,0,0,0,1,0,-0.258789812240422,-0.316823454103323,-2.21258426369157,0,0,0
218,-502.028611460801,-0.273831064504828,0.517376444751607,0.0479366430810828,0.00958028277337346,-0.0114346997347987,-501.982731243629,-0.322524381705464,0.424158327741945,0.0268466729657979,0.0174870775197544,-0.015254162221383,-500,0,0,0,0,0,1,0,1.28079519067802,-1.10365898856451,0.677099566654405,0,0,0
219,-501.980269621266,-0.264802595622545,0.505924651750088,0.0487471984638981,0.00847665538289011,-0.0114695793173666,-501.917598899103,-0.283373195005899,0.488092594956549,0.0425733805779791,0.00825085171095322,-0.00617191581339509,-500,0,0,0,0,0,1,0,-0.422140259592052,-0.258338781083524,-0.35899360857359,0,0,0
220,-501.932068175296,-0.256455115502879,0.494138976271858,0.0476555411954866,0.0082183046958258,-0.0121014426781334,-502.05616347152,-0.106282768820008,0.373941221885557,0.0388582056969675,0.0203000250194764,-0.0193305479275783,-500,0,0,0,0,0,1,0,0.226506373342331,-1.81743696430763,1.18517234898671,0,0,0
221,-501.884456822699,-0.249145521417778,0.482392697699591,0.0475677227481041,0.00640088501296254,-0.011391325480707,-501.896878836854,-0.600977744663689,0.633775071397644,0.0670514134316993,0.00110359592728289,-0.00415837150885742,-500,0,0,0,0,0,1,0,-2.91138366946261,1.09159589659909,-0.851712991909546,0,0,0
222,-501.83870149831,-0.242198871002083,0.470750565010241,0.0439428404141325,0.00749241661529813,-0.0118912705269093,-501.719506686101,-0.058137772552023,0.540361132322074,0.0505305846470589,0.0257101247285452,-0.0120801744012812,-500,0,0,0,0,0,1,0,-1.61404509250423,-2.45473692775048,0.127295175483969,0,0,0
223,-501.795822520014,-0.235933837864822,0.458929353197073,0.0418153706603439,0.00503765061959419,-0.0117502806379113,-501.64958004736,-0.251878117918413,0.489335970639402,0.0354246045326647,0.00330325979410833,-0.0209377715469548,-500,0,0,0,0,0,1,0,-0.243300358546207,0.173430256425992,1.11510521341668,0,0,0
224,-501.7542845281,-0.230809468842251,0.447562033558902,0.0412611997514127,0.00521108851815207,-0.0109843211908387,-501.809600914786,-0.164967131979546,0.392229318060737,0.0455297937974028,-0.0111084476555173,-0.00322580668539814,-500,0,0,0,0,0,1,0,-0.933777550168931,1.44077902951082,-0.46187796758166,0,0,0
225,-501.713828137861,-0.224878002471015,0.436281897810378,0.0396514459093925,0.00665184485905187,-0.0115753534725314,-501.703334382555,-0.179214091956355,0.48732431012775,0.0239557858691199,0.00243291550570369,-0.00375816141062979,-500,0,0,0,0,0,1,0,1.01109017819733,0.115136633342342,-0.598832479192522,0,0,0
226,-501.67405677152,-0.218168584294184,0.424105166790442,0.0398908255415863,0.00676699400007695,-0.0127784949280789,-501.759120830835,-0.136376852858506,0.320146884445306,0.031410342556839,0.00175960373470287,-0.00660316252771177,-500,0,0,0,0,0,1,0,0.377207405985197,0.0967933322467251,0.0200224838805653,0,0,0
227,-501.634277363742,-0.211353190480403,0.411102714377307,0.0396679331941147,0.00686379466932268,-0.0132265480295575,-501.643728335331,-0.111705900838952,0.361474713442557,0.0545145381043199,0.0138882381830018,-0.0136632335446271,-500,0,0,0,0,0,1,0,-2.16399713976932,-1.16541201662228,0.643373927577593,0,0,0
228,-501.595873402945,-0.20507211912828,0.398271119997626,0.0371405878490123,0.00569834887258611,-0.0124355559057344,-501.489258837636,-0.258767080271954,0.292740329329233,0.035612043596069,0.00446778905577998,-0.00743800998015561,-500,0,0,0,0,0,1,0,-0.582686684335384,0.0707552549659111,0.158320339357094,0,0,0
229,-501.559290503245,-0.199338397639579,0.385800594854827,0.0360253538175032,0.00576909486401855,-0.0125051579401041,-501.587598911279,-0.0960468527787416,0.410216313173237,0.0161615366929693,0.0148414701881449,-0.0259159126581465,-500,0,0,0,0,0,1,0,1.55904415326193,-1.29205331325701,1.77115863946818,0,0,0
230,-501.522582893887,-0.194215305472501,0.373772062800666,0.0373905491451755,0.00447709041271279,-0.0115528837607934,-501.563366046011,-0.317527663648416,0.401594383248267,0.0375389189022372,-0.000411125006659393,-0.00845307621518698,-500,0,0,0,0,0,1,0,-0.627159798201551,0.676167827962771,0.0421188550221627,0,0,0
231,-501.485784316367,-0.189400136950839,0.362133010663987,0.0362066936580387,0.00515324686666095,-0.0117248491670833,-501.506430535654,-0.15699235147454,0.372700947642279,0.059298565324373,0.00715104293919795,-0.0102199866720925,-500,0,0,0,0,0,1,0,-2.91699546112992,-0.401119590970716,0.276596771924693,0,0,0
232,-501.451246903445,-0.184447476213497,0.350727330940165,0.0328686493445741,0.00475207525762356,-0.0110849950876607,-501.535909695598,-0.230968580031724,0.278232805190636,0.0398513583622521,0.0151591252371953,0.00109396257655653,-500,0,0,0,0,0,1,0,-0.913316445029142,-1.05397536365608,-0.665861868036924,0,0,0
233,-501.419197443137,-0.180222401321195,0.339254896531166,0.0312300395582312,0.00369807534803919,-0.0118592593067571,-501.368556184683,-0.242406084731702,0.332073287895781,0.0157722270384659,0.00407853194716845,-0.0138469228566984,-500,0,0,0,0,0,1,0,1.15988966552026,0.0769589747465604,0.720545709878274,0,0,0
234,-501.387607755029,-0.176485831825651,0.327414701362112,0.0319495344058171,0.00377506411939495,-0.0118217651521736,-501.325090154585,-0.204374812931227,0.24616270090974,0.0254426784893569,0.0204769278823254,-0.0117480750442941,-500,0,0,0,0,0,1,0,0.105912460234622,-1.63894316237009,0.68248210260993,0,0,0
235,-501.355812131913,-0.173530234888151,0.315727192822033,0.0316420314495851,0.00213613044478364,-0.0115533430081874,-501.181407035117,-0.0926099104357118,0.291961998267285,0.0374409546632278,0.00836894595696354,-0.0202581867061564,-500,0,0,0,0,0,1,0,-1.38128139608925,-0.65167477482493,1.44189467408107,0,0,0
236,-501.32494346375,-0.171719947377168,0.304866597755212,0.0300962155717613,0.00148444542375419,-0.0101672799245766,-501.349500173022,-0.0991723522027886,0.349507470320193,0.025497849140604,-0.0140512947196652,-0.0125980488967841,-500,0,0,0,0,0,1,0,0.14921543198285,1.6034741763721,0.56078994903802,0,0,0
237,-501.2949929486,-0.169433760753634,0.294769960287672,0.0298050663824369,0.00308792856830936,-0.0100260921943334,-501.171471988672,-0.00487628938700593,0.202926676713296,0.0424067809039337,0.0106985616868595,-0.000578740630289997,-500,0,0,0,0,0,1,0,-1.89773411305026,-1.06010358991194,-0.347979290397591,0,0,0
238,-501.266439240171,-0.166875903994688,0.284641733781959,0.0273024209520659,0.00202778534012101,-0.0102292891713044,-501.197383559561,-0.2362008991063,0.270659683200249,0.0434753053284197,-0.00764909239897607,-0.031781029591595,-500,0,0,0,0,0,1,0,-1.95276341372079,1.23731103811021,2.636783592759,0,0,0
239,-501.240024804349,-0.164229467541056,0.275761292578295,0.0255280499044241,0.00326508845563058,-0.00753090514365162,-501.015193529589,-0.207368599659154,0.292787177593673,0.030530929055961,-0.00569392526708971,-0.0180371102290636,-500,0,0,0,0,0,1,0,-1.02270584641821,0.984129726027278,1.21813666771901,0,0,0
240,-501.215117144575,-0.16047231755219,0.268774863919585,0.0242880193576264,0.00424921225092471,-0.00644154398139329,-501.169575588721,-0.218584443929775,0.141851049250033,0.018713357072643,0.0124045810796869,-0.0066566145504179,-500,0,0,0,0,0,1,0,0.467815470178361,-0.803289220109141,0.381959356541723,0,0,0
241,-501.190838299626,-0.156624744409724,0.262279526612806,0.0242697875803181,0.00344593605560326,-0.00654936635068193,-501.19300995374,-0.0176263017570392,0.343524492288088,0.0119015608451135,-0.000480410210006063,-0.00839522145912457,-500,0,0,0,0,0,1,0,1.19586382296965,0.0832936245146847,0.152473161336282,0,0,0
242,-501.166256569966,-0.153137149949354,0.255468812616736,0.0248935725507923,0.00352925392142501,-0.00707263391109458,-501.10036042269,-0.0438709426357271,0.292240847829416,0.0178702776440968,0.00327822672980942,-0.00742443542197386,-500,0,0,0,0,0,1,0,0.413693080970238,-0.240080787709487,0.157961846538554,0,0,0
243,-501.141427705189,-0.149727931887288,0.24823948093414,0.0247641693706984,0.00328918267568232,-0.00738620154953018,-501.157272308217,-0.124640533262304,0.159331294946387,0.010299000707765,-0.00305535450611981,-0.0231111155170642,-500,0,0,0,0,0,1,0,1.28464454565816,0.55481651713659,1.99244896181365,0,0,0
244,-501.116064258675,-0.146161318127463,0.241464253492048,0.0259635427618147,0.00384404530422196,-0.00616512732225638,-501.271858815519,-0.134290874691576,0.19433290917863,0.0324649086227954,0.0191302153929949,-0.00345936113064605,-500,0,0,0,0,0,1,0,-0.702773231241522,-1.64443978991634,-0.0427297052926559,0,0,0
245,-501.09072847556,-0.143139499825577,0.235192472577662,0.0247080885130381,0.00219959178153442,-0.00637801781325475,-501.015784267623,-0.0117970381547742,0.460487763113279,0.0157683223984029,0.00889661309907259,0.00828611703120863,-500,0,0,0,0,0,1,0,0.45473629540472,-0.866067233597711,-1.74958722934742,0,0,0
246,-501.066319357583,-0.141372947348598,0.227731646783334,0.024109187725312,0.00133351393488855,-0.00854356076067397,-501.107344755624,-0.178727561543883,0.390128026482286,0.0386186830153883,0.0171011471197054,-0.0105971956450208,-500,0,0,0,0,0,1,0,-1.64717879029,-1.35265958888278,0.279463511537509,0,0,0
247,-501.043250974331,-0.140715777588183,0.219365543013174,0.022027943589129,-1.91736707520774E-05,-0.00818779543923032,-501.003518002553,-0.0351861454482122,0.224378143197225,0.0411310039679806,-0.0257313711607818,-0.0175728281151574,-500,0,0,0,0,0,1,0,-2.10606439169207,2.6435094069746,1.30852652512129,0,0,0
248,-501.022344620799,-0.1394132093204,0.211915138301102,0.0197857140826089,0.00262431034381815,-0.00671207924124362,-501.047116791986,0.102410600091859,0.262262468278641,0.0360291417515352,0.00431364314764442,-0.0128142470170301,-500,0,0,0,0,0,1,0,-1.50868059118115,-0.636185514948159,0.756899765145729,0,0,0
249,-501.00346494594,-0.137107002235792,0.205596758474083,0.0179742230273426,0.00198810466262408,-0.00592397250358312,-501.060585271459,-0.238672124071319,0.307421827181758,-0.00394034146062234,-0.00614931418769642,-0.005117852926871,-500,0,0,0,0,0,1,0,2.51520468898112,1.09227566691228,-0.103058361676416,0,0,0
250,-500.984576181572,-0.134572736977522,0.19910702611916,0.0198028882593468,0.00308042667050666,-0.00705668984595742,-501.046703205426,-0.416245675922611,0.193166254705585,0.021539617163295,0.00774215269019645,-0.00717599596874447,-500,0,0,0,0,0,1,0,-0.0605553054769086,0.0582760828255766,0.331267087463277,0,0,0
251,-500.965039492592,-0.131463171556312,0.19204186852729,0.0192706559475179,0.00313870524632382,-0.00707358964695681,-501.045898186603,-0.313116385768614,0.148491190280539,0.0318492425588928,-0.0010263397425591,-0.00266127105637636,-500,0,0,0,0,0,1,0,-1.09312788268264,0.728866745793137,-0.0308552749234414,0,0,0
252,-500.946580691484,-0.127960043899657,0.184927433403712,0.017647079836647,0.00386755102578019,-0.00715467044835072,-500.812749601601,-0.251877090377638,0.261855965097253,0.0312647927614135,0.00478990102403484,-0.0109795484055771,-500,0,0,0,0,0,1,0,-1.50098007293853,0.0247640783517916,0.574242910363203,0,0,0
253,-500.929857805843,-0.124080122522948,0.178080751519182,0.0157991891545986,0.00389229307291439,-0.00653796496173753,-500.869467398544,-0.237822644690877,0.112461512641656,0.010934684367337,0.0140947737785994,-0.00650796867706506,-500,0,0,0,0,0,1,0,0.64546636035414,-0.933832088478189,0.425873842423194,0,0,0
254,-500.913970368606,-0.120654737679535,0.171485108264379,0.0159757999638384,0.00295847783832179,-0.00665365086576619,-500.886138025298,-0.0921534396742413,0.187617433190923,0.0152404192992368,-0.0108575530092916,-0.0151310467902327,-500,0,0,0,0,0,1,0,0.248234120673246,1.27006218027764,1.13786981264142,0,0,0
255,-500.897998099221,-0.117061220727108,0.165169900922048,0.0159692672017514,0.00422855719390396,-0.005976999534961,-500.912395211354,-0.0640609867089948,0.153361875868753,0.00734960184623751,0.0191179969755973,0.000959321205119996,-500,0,0,0,0,0,1,0,1.08983023808393,-1.78367772414174,-0.402655872249506,0,0,0
256,-500.881840962544,-0.113724494776007,0.158673703173293,0.0163446412010536,0.00244489562240685,-0.00701582516815646,-500.701668422984,-0.104123329559386,0.248003955764566,0.0195762118539722,-0.0057161487313397,-0.00906509786604818,-500,0,0,0,0,0,1,0,-0.554284339429621,0.779861532252741,0.410501875075686,0,0,0
257,-500.86598534377,-0.110889672163647,0.151757401705474,0.0153668769462808,0.00322475119568671,-0.0068165032590376,-500.742150304651,-0.0204902123716286,0.183849760620317,0.0148853421142253,0.00385499509055563,-0.00926401414995287,-500,0,0,0,0,0,1,0,-0.00423360211978285,-0.344519084312305,0.558701893754653,0,0,0
258,-500.850821866301,-0.107837177868099,0.145035280381854,0.01496035182177,0.00288023815884389,-0.0066277652122827,-501.032648023723,-0.133893355922167,0.0136404687769712,0.0113451735222056,0.00720554019822137,-0.00782100863602316,-500,0,0,0,0,0,1,0,0.930778695226402,-0.452767307977803,0.754819926048373,0,0,0
259,-500.835587879217,-0.105183311415752,0.138464400973921,0.0155078567871916,0.00242749669902516,-0.00651451245648071,-500.931722628882,-0.127770356811929,0.0211292529547109,0.0205690473894363,-0.0113975556098274,-0.0177155317155921,-500,0,0,0,0,0,1,0,-0.193459481179005,1.3952962746066,1.72929466564979,0,0,0
260,-500.820207390505,-0.102058159285703,0.13263133213633,0.0152540071248302,0.00382280829989779,-0.00515172552531151,-500.815975014367,0.0849358362885931,0.167988065316635,0.0242004837356369,0.0309070206017451,0.00879963739844302,-500,0,0,0,0,0,1,0,-0.788098344828929,-3.2605737327517,-1.21593987047757,0,0,0
261,-500.805780418507,-0.0998656523244218,0.126832726792235,0.0135994404114616,0.000562206345812225,-0.00644485574005704,-500.626605199107,-0.288810455385969,-0.173695940203079,0.0277932559419457,0.00698898535782144,-0.0128334763481475,-500,0,0,0,0,0,1,0,-1.52611519597963,-0.121277625010205,1.63073951522091,0,0,0
262,-500.792958617797,-0.0993640905610025,0.121212385647043,0.0120451944730685,0.000440917816919433,-0.00479525056237751,-500.77292398451,-0.170152292858611,0.0087686101232209,0.019915967902489,-0.0125533144279433,-0.00989395074529475,-500,0,0,0,0,0,1,0,-0.445748821228924,1.59563602851155,0.971857854283034,0,0,0
263,-500.781264249578,-0.0981253542436208,0.116773499987128,0.0113440869012168,0.00203655609838194,-0.00408238839215114,-500.761879546607,-0.0762907441975873,-0.0513493844024858,0.00695829034061781,0.0108475306432,0.00137267222056858,-500,0,0,0,0,0,1,0,0.827930059152486,-0.932171575924828,-0.0345684532518862,0,0,0
264,-500.769803228805,-0.0965548761780415,0.112383398091254,0.0115778094494791,0.00110439976556655,-0.00469816750561081,-500.708739377331,-0.252278740041692,-0.0748369086033999,0.0145996000463073,0.0107935099534101,-0.00208876939056301,-500,0,0,0,0,0,1,0,-0.0424812499681062,-0.574793515257627,0.358550756263101,0,0,0
265,-500.758469306482,-0.0957378721624647,0.107689773884662,0.0110902171304868,0.000529609380858793,-0.00468905141051179,-500.724398626997,-0.0416922575249599,0.0609377085054531,-0.000607696639865239,-0.0147514291331211,-0.00296049588508609,-500,0,0,0,0,0,1,0,1.50956691797987,1.55852742836203,0.174174171497703,0,0,0
266,-500.746905964211,-0.0944289837053239,0.10269332707374,0.0120363234985207,0.00208816720678714,-0.00530456156585135,-500.802563071939,-0.0716283046452208,0.236977109564658,0.0257399649641756,0.00266685089369168,9.47215955577705E-05,-500,0,0,0,0,0,1,0,-0.968870352539665,-0.123428480078727,-0.483426378685093,0,0,0
267,-500.735678278889,-0.0924025429343068,0.0971229876050336,0.0104189478073022,0.00196471513317723,-0.00583550917317865,-500.785776913435,-0.114602239432874,0.00194449906123857,-0.0123284793103459,4.84526363109781E-05,-0.0135889987189972,-500,0,0,0,0,0,1,0,2.80440175790534,0.22435921523465,1.35501087377724,0,0,0
268,-500.723996033888,-0.0903256146662371,0.0913554829995864,0.0129457917170574,0.00218914214475714,-0.00570102890566382,-500.463232655642,-0.0607579235892824,0.0953071879893273,0.0219466163349849,-0.00161095480334517,-0.0170828917486935,-500,0,0,0,0,0,1,0,-1.26819632221415,0.282611327513081,1.51767479889069,0,0,0
269,-500.711710514809,-0.0879951710631391,0.0863888031402561,0.0116261845249167,0.00247174619429429,-0.00423187385562551,-500.702772179076,-0.115154383597341,0.0287125280871765,0.00325586137685853,-0.00275323456165895,-0.00342009878966201,-500,0,0,0,0,0,1,0,1.07995822046608,0.505632223360578,0.284584822791848,0,0,0
270,-500.699799181556,-0.0852705973393293,0.0819598714739703,0.012196455536448,0.0029774019264996,-0.00462650740669746,-500.628057423106,-0.0668929235344286,0.0111552014285015,0.0188558860052696,0.00189764120745241,-0.00799751058649698,-500,0,0,0,0,0,1,0,-0.629473754314764,-0.0559782736763836,0.777440655792695,0,0,0
271,-500.68806252061,-0.0823211867409901,0.0776209993574276,0.0112773423023761,0.00292142030159219,-0.00405098237394363,-500.579511430282,-0.231821697311634,-0.195059363561534,0.00823057980103042,0.0224233838647203,-0.00399625729607854,-500,0,0,0,0,0,1,0,0.335964880461236,-1.77869499184876,0.789744456730922,0,0,0
272,-500.676780370398,-0.0802891069591636,0.073722251389415,0.0112872924183071,0.00114274031876298,-0.00374674366233618,-500.539511984267,-0.164467316783275,0.119504134206148,0.0280384251197724,0.00557632775121573,-0.0038848422543957,-500,0,0,0,0,0,1,0,-1.72481854344313,-0.228698141555023,0.149475957027274,0,0,0
273,-500.666566260349,-0.0792607311588077,0.070125402090082,0.009141259798399,0.000914011264571206,-0.00344606896420774,-500.690284736963,0.00204660734904817,0.115538183997111,0.0328328429729258,0.00601240306082034,0.0212776009127291,-500,0,0,0,0,0,1,0,-1.90271482336736,-0.60533352078013,-2.35883645926713,0,0,0
274,-500.658953650632,-0.0786494177090711,0.0656603667354934,0.00608308534145552,0.000308615945490059,-0.00548264392408393,-500.635240823793,-0.143076335772227,0.0204970219966619,0.00429842241978328,0.00565243242029604,-0.00101827338003302,-500,0,0,0,0,0,1,0,0.840639405606815,-0.27909057048515,0.060833294009978,0,0,0
275,-500.652732570118,-0.078480339229827,0.0599103138394963,0.00635897511289992,2.95419083546086E-05,-0.00601783048128557,-500.791774402785,-0.203236361551798,0.0361437061251956,0.00849076819818917,-0.00530552469841547,-0.00525235733172168,-500,0,0,0,0,0,1,0,0.734471985751186,0.937025192945143,0.452948320921777,0,0,0
276,-500.64622811896,-0.0779822755152274,0.0538269424428639,0.00665003613239259,0.000966585933145695,-0.00614928544732107,-500.678141309861,-0.124167577874984,0.151349412841195,-0.00876808446710935,0.00257956063150974,-0.010979674779455,-500,0,0,0,0,0,1,0,2.23309106643309,-0.00962090740100718,0.795268652263111,0,0,0
277,-500.638666074629,-0.0770204749809378,0.0475501444236672,0.00847409828701198,0.000957015895630863,-0.0064054714643883,-500.668654035651,-0.122989702027444,0.101512249156834,0.00976055591762749,0.00861062520486877,-0.0218099545644531,-500,0,0,0,0,0,2,0,0.361252479538574,-0.61508311643199,1.97797095813164,0,0,0
278,-500.629995089204,-0.0763709867161416,0.0418586910578019,0.00886878616666903,0.000341961303056563,-0.00497785915537874,-500.598709413488,-0.12138940210734,-0.00347610339735308,0.00372666288219056,-0.00727218179314475,-0.0247685127235187,-200,0,0,0,0,0,0,1,600.824752538756,0.969996983529154,2.48380347914658,0,0,0
279,-500.334555846672,-0.0755383438068455,-0.0525779548117561,0.581917838447312,0.00132332507712006,-0.184190487145778,-500.341470778332,0.132870496915846,0.0946656087019559,0.586907365852674,0.00160064744665994,-0.164431147592422,-200,0,0,0,0,0,0,1,541.992204971397,-0.425805738497687,16.2537835418382,0,0,0
280,-499.492305102745,-0.0744227178420726,-0.311661217189567,1.10250718875038,0.000907926871544791,-0.334243827680534,-499.611789309477,0.130343492755486,-0.277265318807549,1.12112648460503,0.00853959405913955,-0.32523337036651,-200,0,0,0,0,0,0,1,487.110930158451,-1.11464639142493,33.0778676742661,0,0,0
281,-498.153294884803,-0.0740673367479888,-0.70526700903993,1.57545312034185,-0.000197163154114109,-0.453210786334387,-498.252262231157,-0.149008667112849,-0.848290693073362,1.57125709740507,-0.0164126384809485,-0.440330008901346,-200,0,0,0,0,0,0,1,439.378814721807,1.93928118232055,45.7295822762814,0,0,0
282,-496.362331892571,-0.0732904623790813,-1.20528487474897,2.00642595558061,0.00175091236624848,-0.547046166949189,-496.265764194644,-0.0796644535611439,-1.18713758868739,2.00243134278716,-0.0108036668957722,-0.566497304880096,-200,0,0,0,0,0,0,1,392.288394110573,1.23969559669951,59.0240056653843,0,0,0
283,-494.160932262289,-0.0709156768705534,-1.78628832982345,2.39633987362238,0.00299865943882564,-0.615160641461254,-494.076781723856,-0.0752863277793048,-1.92220376426348,2.39527944436687,0.0139350519285307,-0.630930455230651,-200,0,0,0,0,0,0,1,348.625619011025,-1.24293253729446,66.9374530515921,0,0,0
284,-491.589292360397,-0.0685348270542098,-2.42555753805567,2.74691684805999,0.00176304116161923,-0.663557267907684,-491.485366228007,-0.00167101200716646,-2.47989984278865,2.78573263597297,-0.00857282824979711,-0.676194999010956,-200,0,0,0,0,0,0,1,304.397468858718,0.860624848994044,72.5792995866729,0,0,0
285,-488.687325121281,-0.0663382031830348,-3.10428759011503,3.0570039210512,0.00263020745092294,-0.694061361416733,-488.58042249622,-0.0720610151609584,-3.14942811731682,3.05340188308253,0.00708449389315035,-0.687266606437413,-200,0,0,0,0,0,0,1,271.820656684187,-0.564327358993118,75.0255168783749,0,0,0
286,-485.490432162814,-0.0639871831068931,-3.80781679521948,3.33677431044355,0.00207183354580365,-0.71313984684332,-485.389156278867,-0.0339218191668512,-3.85767791187715,3.3481324516711,-0.00618189173833244,-0.736886088197657,-200,0,0,0,0,0,0,1,235.965067390624,0.686032812166946,81.40396464352,0,0,0
287,-482.029857493808,-0.0615696601951791,-4.52228049781623,3.5843758349692,0.00276321308791785,-0.715913707209173,-482.254077147041,-0.00268457074066202,-4.52889569858975,3.58420364220748,0.0120326088891962,-0.716405090979585,-200,0,0,0,0,0,0,1,206.087790073333,-1.1978917474383,80.698300495138,0,0,0
288,-478.335991505489,-0.0594030059055021,-5.23560179893528,3.80336108332177,0.00157009644684326,-0.7108402351807,-478.253811621451,0.0798889745984557,-5.3752575010323,3.81704732097859,0.00741411014923043,-0.712511278007432,-200,0,0,0,0,0,0,1,174.802891145042,-0.901188964119954,82.0016428028078,0,0,0
289,-474.437790294946,-0.0582814052814826,-5.93870080262362,3.99305164907249,0.00067310644581837,-0.695453979782268,-474.389115682367,-0.00196548190379319,-5.87667580406568,3.99241398616009,0.0175072975208866,-0.686557809496564,-200,0,0,0,0,0,0,1,149.536832748725,-1.74679878828107,80.4091325577878,0,0,0
290,-470.3621190442,-0.0584798462189509,-6.62351865368479,4.15830420692427,-0.00106998770259775,-0.674265304372129,-470.194546616186,-0.0356954371474868,-6.56555909603303,4.15854710048601,0.00248550259134047,-0.67665200833769,-200,0,0,0,0,0,0,1,124.534383183771,-0.177159384839074,80.796319025835,0,0,0
291,-466.132968521685,-0.0596367956588572,-7.28330364800801,4.30001418463014,-0.00124391008437452,-0.645376119696061,-466.18622365209,-0.133646016976305,-7.25734066062821,4.28110046387863,0.00725671516522107,-0.640670021778456,-200,0,0,0,0,0,0,1,104.262400916318,-0.458379482569496,78.581683499102,0,0,0
292,-461.772027601995,-0.0611084805510114,-7.91228424352382,4.42188700467256,-0.00169945946217351,-0.612646270428301,-461.675994742784,0.0207173451336356,-7.82246206340654,4.42515496309514,-0.0175359173000698,-0.606008100446355,-200,0,0,0,0,0,0,1,80.8364931760548,1.71215703973971,76.2457341714486,0,0,0
293,-457.300641152075,-0.0619506806361195,-8.5061400932556,4.52090772457032,1.5059924302362E-05,-0.575114871836667,-457.371869377254,-0.0377041847418681,-8.5842063538238,4.53406482685915,-0.00290141239959883,-0.574080121270876,-200,0,0,0,0,0,0,1,61.3372560685918,0.365549609443619,74.5764248347352,0,0,0
294,-452.73968300319,-0.0617518582099274,-9.06032634787592,4.60103260215656,0.000382585543870491,-0.533297361466255,-452.7025598048,-0.0635681896861193,-8.93383905258727,4.6101459441852,-0.00198080527426417,-0.530081436753106,-200,0,0,0,0,0,0,1,44.3905251910791,0.325216906798655,70.8758217804852,0,0,0
295,-448.107151183119,-0.06120585688026,-9.57188564332459,4.66405590007682,0.000709418013150005,-0.489852164409967,-448.10431798062,-0.020509409905783,-9.30863157231985,4.66605942109362,0.00248300126791715,-0.493908327754357,-200,0,0,0,0,0,0,1,29.6026938518781,-0.207281306980149,68.0080959200754,0,0,0
296,-443.418987975317,-0.0605994275603732,-10.0391032213372,4.71229628775009,0.000503441703262882,-0.444606333996497,-443.475579599166,-0.0806254689155373,-9.9752150510435,4.71622604742021,-0.00412301131015395,-0.443654986465558,-200,0,0,0,0,0,0,1,15.3285544563097,0.573552068846469,64.3159287486428,0,0,0
297,-438.689860443378,-0.0598087128146486,-10.4606206709765,4.74598499886987,0.00107798885673222,-0.398444447244121,-438.699978839027,0.0130226683254945,-10.4891729731581,4.72544351508769,0.0166106009281479,-0.400779108415111,-200,0,0,0,0,0,0,1,4.85560616928484,-1.68710542946578,61.0562567878274,0,0,0
298,-433.932448304305,-0.059573896433991,-10.8358946295282,4.7688655664729,-0.00060835492248957,-0.352113809207664,-433.980208027001,0.072575806371693,-10.8281210480033,4.78235149154228,-0.00698417384374261,-0.345393332304257,-200,0,0,0,0,0,0,1,-10.2747331002264,0.553265771630875,56.1955753264322,0,0,0
299,-429.160021828622,-0.0599054074872441,-11.1647459107961,4.7760137404661,-5.46663976399146E-05,-0.305591059810862,-429.099028578938,0.073518873506918,-11.1855339189238,4.76650817840699,0.00765038262546014,-0.319708870683873,-200,0,0,0,0,0,0,1,-18.4527606828227,-0.91207600955985,54.3419549062349,0,0,0
300,-424.384538018931,-0.0604159883744187,-11.4466442516394,4.77498063761593,-0.000966494342242429,-0.258203745437133,-424.309703019766,-0.0707493736541593,-11.3545417407148,4.77730384938515,0.00194246744053796,-0.269787002184804,-200,0,0,0,0,0,0,1,-29.1109788989827,-0.052747996745477,49.6877836999099,0,0,0
301,-419.61580193224,-0.0614088591538874,-11.6816338569041,4.76251777150465,-0.0010192465021327,-0.21176776286877,-419.620084905797,-0.147403823968661,-11.6185146626295,4.75412424260032,0.000484432845908351,-0.202569631844423,-200,0,0,0,0,0,0,1,-36.1722544484387,0.246364363346488,43.4939925097013,0,0,0
302,-414.863792573099,-0.0623050263285731,-11.8719528661153,4.74152535012363,-0.000773087542303336,-0.168858214393577,-414.777918857123,-0.0676365932555129,-11.8916229436531,4.74683345186041,0.0154566789932577,-0.172197278295223,-200,0,0,0,0,0,0,1,-45.1275074717962,-1.41039471281475,41.0029737168286,0,0,0
303,-410.137341934996,-0.0637835125975434,-12.019051821777,4.71140059819842,-0.00218388400347992,-0.125323019566428,-410.177071910624,-0.0494070434301646,-12.0112383176546,4.71148976330344,-0.00354193560197946,-0.132075957444612,-200,0,0,0,0,0,0,1,-50.7948325090969,0.453007647058276,37.2300723797704,0,0,0
304,-405.444235318937,-0.0657411684121544,-12.1234274459872,4.67483643308434,-0.00173142647108978,-0.0834082875272744,-405.516304354949,-0.0838273396816397,-12.2011276709242,4.6889133103157,-0.000520061551834406,-0.0755339831106828,-200,0,0,0,0,0,0,1,-57.8587223216728,0.21966083454672,31.9556536529166,0,0,0
305,-400.791820642096,-0.0673631355992793,-12.1871688731425,4.63001537307937,-0.00151250695428511,-0.0440504499831388,-400.792280661267,-0.16975330710629,-12.1646816283789,4.62679515865285,-0.00104422942240203,-0.0615005288444335,-200,0,0,0,0,0,0,1,-61.0949545427513,0.443929556452783,30.4794161412011,0,0,0
306,-396.18593022789,-0.0686540876943352,-12.2116480837413,4.58178775645482,-0.00106939599048071,-0.00488213876040167,-396.334954938065,-0.100659092113361,-12.20158390309,4.58346429031713,-0.000327952545465133,-0.00804259088610371,-200,0,0,0,0,0,0,1,-65.6765191555837,0.234113438773236,25.2074268947903,0,0,0
307,-391.631229591053,-0.0696069091485866,-12.1986196091081,4.52763408379169,-0.000836245465066363,0.0309679012497155,-391.551132183335,-0.0588580717271178,-12.1451881963378,4.52299070373781,-0.000664411096217065,0.0428342366318179,-200,0,0,0,0,0,0,1,-69.1968060071117,0.184157253075942,20.0069527294939,0,0,0
308,-387.133138900037,-0.0703516199048783,-12.1515306314259,4.4685660018711,-0.000653174628957167,0.0632413285229654,-387.154356935907,0.135260529811514,-11.9838806331852,4.47606012604693,0.0112985350295205,0.0812496374481664,-200,0,0,0,0,0,0,1,-73.2972987328786,-1.40037456257507,15.8427975215538,0,0,0
309,-382.696682793667,-0.0717055869507392,-12.0733629502225,4.40436365184286,-0.00205475870222422,0.093127877421728,-382.750235594988,-0.352824430926682,-12.048953773544,4.40116657061084,-0.00380315741960442,0.0742009940019917,-200,0,0,0,0,0,0,1,-74.6161858711072,1.08596460381381,16.6778081468888,0,0,0
310,-378.324860716988,-0.073217976538687,-11.9645949802986,4.33929860398979,-0.000970019336969209,0.124442315485236,-378.471905033893,-0.0413376395682984,-11.8530709185239,4.33403783272939,0.0097110225724722,0.121357838741788,-200,0,0,0,0,0,0,1,-76.4599732051523,-0.888426978110624,11.5703579628689,0,0,0
311,-374.019766844504,-0.0746328678435565,-11.8265126261031,4.27090516926385,-0.00185976239435701,0.151758294950611,-373.964000370841,0.0174680657017611,-11.8953543759792,4.27758325567463,0.0107117276818072,0.153179630205366,-200,0,0,0,0,0,0,1,-79.8303248257803,-1.10610889958425,8.47274573142172,0,0,0
312,-369.785123008966,-0.0770463920349077,-11.6619059391545,4.19839767540319,-0.00296728497703081,0.177493020326839,-369.769998569063,-0.150502310428034,-11.943551727513,4.19824908179017,0.0049568981152833,0.183386434865762,-200,0,0,0,0,0,0,1,-80.2849110408918,-0.194685190672261,5.54845996844986,0,0,0
313,-365.623643611223,-0.0801117469172835,-11.472753094166,4.12457503971501,-0.00316342451988802,0.200851237587229,-365.688336673474,-0.117054732336184,-11.5781347376231,4.12005370425763,-0.0182692713782882,0.188720849893448,-200,0,0,0,0,0,0,1,-80.6286970788153,2.06103660250119,4.28418448590141,0,0,0
314,-361.536318719784,-0.0822453908476884,-11.2606644858508,4.05008817834245,-0.00110386263239723,0.22336484205001,-361.458136682494,-0.032933382977808,-11.3521090824583,4.03326474421267,-0.0156607967381872,0.206723656707686,-200,0,0,0,0,0,0,1,-80.4102010562783,1.63194643977434,2.03185249414799,0,0,0
315,-357.523715616194,-0.082534027958014,-11.0270432089513,3.97513042158334,0.000526588495740226,0.243916775468886,-357.489216227231,-0.110552466879215,-10.9919875943876,3.97719196025114,-0.00579797390879477,0.237855780615253,-200,0,0,0,0,0,0,1,-82.7407635706524,0.800902324637907,-1.80160287275021,0,0,0
316,-353.587775738528,-0.081607779253677,-10.7741652121226,3.89676037047917,0.00132590946032231,0.261879952929941,-353.568655676849,-0.0985624255086848,-10.6331178903013,3.88235985711162,0.0033956880478044,0.286854449390071,-200,0,0,0,0,0,0,1,-81.0986743574647,-0.14244395376307,-7.41920915840447,0,0,0
317,-349.730348504419,-0.0803538982198344,-10.5061229694966,3.8181022712605,0.00118185349078121,0.274245366443368,-349.75455253305,0.0798026140599526,-10.5014897187632,3.81768054081894,-0.00909955616453571,0.275055539275145,-200,0,0,0,0,0,0,1,-82.2589490157944,0.750350388333666,-6.50257448998811,0,0,0
318,-345.951945430151,-0.0787976819427395,-10.2249651796373,3.73871275028989,0.00193058002746309,0.288111367972662,-346.054645129639,-0.0697558208373571,-10.3104527370533,3.72731076362594,0.010371947335082,0.301129150169771,-200,0,0,0,0,0,0,1,-80.6217861033156,-0.897683091833484,-9.49200954287052,0,0,0
319,-342.252642850877,-0.0773167566995083,-9.93150187276912,3.65989966541964,0.00103127117705612,0.298856064953766,-342.154433836218,0.0576405647214877,-9.89330629824552,3.66572883818395,0.00709754343861501,0.300757811854798,-200,0,0,0,0,0,0,1,-82.2640161459576,-0.825035473304477,-10.2891685889888,0,0,0
320,-338.633039286826,-0.0766988363724329,-9.62726661349342,3.57931469548884,0.000204570201795113,0.309656112429777,-338.714952154725,-0.218175326733805,-9.57530088438823,3.6012110639658,0.00282050668043378,0.302641130773236,-200,0,0,0,0,0,0,1,-82.6912020871295,0.154299985424232,-11.1135113085472,0,0,0
321,-335.094340437321,-0.0764179578785722,-9.31242086397559,3.49808999439821,0.000357187576707306,0.320077314196373,-335.111501495846,-0.192532769452918,-9.16732953719486,3.50890354166639,-0.00332234363642967,0.342507597683548,-200,0,0,0,0,0,0,1,-80.6673511749461,0.717299902548803,-15.9161006939651,0,0,0
322,-331.63671675804,-0.0757029691355493,-8.98963083602444,3.41716182894539,0.00107279036401161,0.325544470063598,-331.570158768694,-0.0489307677286542,-9.01771315172886,3.42253817234127,0.0157291067862293,0.328247165706437,-200,0,0,0,0,0,0,1,-79.1134996967384,-1.47504914316563,-14.789290267186,0,0,0
323,-328.259084608584,-0.0753685313179965,-8.66098614390136,3.33810727352549,-0.000403914200678087,0.331785655001072,-328.397771748865,0.00975433456911452,-8.63699373595851,3.35368621012581,0.00295444663030369,0.332979058133008,-200,0,0,0,0,0,0,1,-78.5730775148502,-0.314953332168599,-16.0239183413838,0,0,0
324,-324.9604513934,-0.0759307522391546,-8.32665071724811,3.25916336256941,-0.000720526301079007,0.336925831293395,-325.008440621449,0.0717580127098153,-8.32810703667357,3.24974270927253,-0.00563435429187867,0.321664610661832,-200,0,0,0,0,0,0,1,-74.9573896843538,0.419919403768237,-15.510246992836,0,0,0
325,-321.738964044513,-0.0764421117401094,-7.98743636200829,3.18381523411737,-0.000302191791030273,0.341541668818887,-321.669240268171,-0.0431810246494934,-8.02682751228794,3.16738250698588,-0.00165651708160543,0.347660709332717,-200,0,0,0,0,0,0,1,-73.3997701622453,0.25201375745953,-18.7124159086958,0,0,0
326,-318.5926366418,-0.0766190925023828,-7.64526155181968,3.10884177772184,-5.17686732934728E-05,0.342846504198813,-318.513817288566,-0.0335743822933993,-7.5999381328203,3.10947869989369,0.00146579792962107,0.34757900753514,-200,0,0,0,0,0,0,1,-73.9202354122373,-0.0794310283753088,-19.5580244878734,0,0,0
327,-315.521666810809,-0.0767113819146195,-7.30197249350952,3.03309985863057,-0.000132809438257715,0.343770496300211,-315.630729973267,-0.208178554822122,-7.38919907646609,3.031332473701,0.00310724587219508,0.350619888630307,-200,0,0,0,0,0,0,1,-71.8717874235666,0.105632522424735,-20.2835907100985,0,0,0
328,-312.525598974169,-0.0767921650835781,-6.9583394162608,2.95903717079081,-2.87559525114496E-05,0.343533655078223,-312.559116209894,0.137872491145254,-6.96495098494415,2.97431049962796,0.00157919371542297,0.345599182185085,-200,0,0,0,0,0,0,1,-72.312817543008,-0.433664353832805,-20.6300162486202,0,0,0
329,-309.603856776997,-0.0770385490869861,-6.61491461504277,2.88444856824973,-0.000464011472258973,0.343354154833634,-309.689063330306,-0.110345680344656,-6.60226575604975,2.87936999419508,0.00704170895413014,0.343668956390549,-200,0,0,0,0,0,0,1,-68.5588727588971,-0.483479534723702,-21.1623641269554,0,0,0
330,-306.755033884248,-0.0777450638266766,-6.27246084562445,2.8131977366638,-0.000949017162820218,0.34158988217741,-306.731970166879,-0.227808738193447,-6.17666362494316,2.81592100444685,0.00514029774175656,0.329584929181382,-200,0,0,0,0,0,0,1,-68.1281601109272,-0.0584122977887626,-20.6051656682519,0,0,0
331,-303.977160793116,-0.0787240433501636,-5.93147657060245,2.74254921975223,-0.00100894137737257,0.340414815794494,-303.897985121893,-0.176260107139997,-5.8864795032748,2.74614324313077,0.0137549647788248,0.340953438618461,-200,0,0,0,0,0,0,1,-66.8183540692906,-1.02297626360248,-22.3223848552964,0,0,0
332,-301.269622788904,-0.080245226245388,-5.59259307123343,2.67252660708423,-0.00203342367827983,0.337387969216961,-301.362165365652,-0.0589560789535504,-5.62695374250087,2.68801043009019,-0.0204555579479956,0.325159332102205,-200,0,0,0,0,0,0,1,-66.0767122777157,2.16346795270666,-21.2620257252188,0,0,0
333,-298.631573927052,-0.0811976564629453,-5.25626378382151,2.60357136803871,0.000128563871251417,0.33530581421713,-298.569168973931,-0.0595106207745478,-5.25184215487187,2.60818732616202,0.00373750451252135,0.336726478504793,-200,0,0,0,0,0,0,1,-63.6803946683398,-0.254729209703039,-23.1689635407356,0,0,0
334,-296.0616958621,-0.0811971856848896,-4.92322662202816,2.53618378092621,-0.000127621445459538,0.330802892282167,-296.135488117976,-0.0599802140045517,-4.85452226790236,2.53431039092693,0.00420221702934991,0.341275528841004,-200,0,0,0,0,0,0,1,-61.1600628567417,-0.300261274925888,-24.4185083482957,0,0,0
335,-293.558251454685,-0.0814756498357641,-4.59562024437332,2.47070310098694,-0.000429304970314713,0.324443251326524,-293.706693457241,-0.0340838959061432,-4.58615307746224,2.44949469167781,-0.0148637812335192,0.317948706246581,-200,0,0,0,0,0,0,1,-57.5360822532986,1.55454591516421,-22.6225644697336,0,0,0
336,-291.118280631564,-0.0811283495387996,-4.27407815186919,2.40923687464832,0.00112390679930921,0.318672289328349,-291.129528055453,-0.0175831713434206,-4.27153939992199,2.40923026546494,0.0103561957604331,0.307519876876496,-200,0,0,0,0,0,0,1,-58.6639704355877,-1.00045323335646,-22.2089088878056,0,0,0
337,-288.740234161328,-0.0805053450951459,-3.95781876454885,2.34685484907919,0.000122102671680373,0.313878246888165,-288.656405441854,-0.141722751684713,-3.86875653362433,2.33921313369251,-0.000576644916630608,0.327514450358696,-200,0,0,0,0,0,0,1,-56.6085024855427,0.341109995032487,-25.0139319686209,0,0,0
338,-286.424114552619,-0.0802133590321567,-3.64793532338034,2.28538155982239,0.000461869783920893,0.305919900687045,-286.493052699928,-0.152530149198915,-3.64575633489748,2.2602107366833,-0.0138152671394826,0.293369921192379,-200,0,0,0,0,0,0,1,-53.0349682684731,1.68658701234609,-22.0454794494429,0,0,0
339,-284.167276730138,-0.078908817700817,-3.34517081643356,2.22829207887771,0.00214721393313583,0.299638170735794,-284.167280580027,-0.111070210747083,-3.48596093284677,2.2386609625025,-0.00181475611095844,0.30205292731386,-200,0,0,0,0,0,0,1,-55.531535090197,0.403616032590011,-23.2333708656924,0,0,0
340,-281.968912649039,-0.0765604478848274,-3.04870690497295,2.16843403234823,0.00254952694809696,0.29332003004812,-282.07620285769,-0.0395329312281407,-3.08202127479245,2.17769171254401,0.000939254531207141,0.285198824356519,-200,0,0,0,0,0,0,1,-53.6167655390205,-0.0148595906644327,-22.3558398860671,0,0,0
341,-279.829361547176,-0.0740189796324008,-2.75840542661777,2.11066624660128,0.00253341010722015,0.287312229033246,-279.926908453968,-0.00676560461740368,-2.85519013464657,2.11204350385995,0.0238419070548785,0.283298320707681,-200,0,0,0,0,0,0,1,-51.3505334780579,-2.37065949625304,-22.619451801475,0,0,0
342,-277.746574788201,-0.0726715085852213,-2.47455583163728,2.05490488271944,0.000161533244906962,0.280415230702199,-277.968126599068,-0.108042297619396,-2.47489466884731,2.02873201077948,-0.00614729853370261,0.276117997384437,-200,0,0,0,0,0,0,1,-46.9369478798117,0.830814448609053,-22.6620104007491,0,0,0
343,-275.717507026198,-0.0720951358618533,-2.1983369426742,2.0032275070594,0.000991213153317484,0.2720487649426,-275.651456727234,-0.213666403537273,-2.03377066545525,2.00174532056193,-0.00618162240027419,0.273602917028326,-200,0,0,0,0,0,0,1,-48.8716186017244,1.04549504710197,-23.2927503719221,0,0,0
344,-273.741141832032,-0.0705817645534949,-1.93034880774226,1.94949986152417,0.00203553022180223,0.263954690218516,-273.605243199508,0.155515572566639,-1.76693801917409,1.94789620539592,0.00225257167046922,0.268038105679147,-200,0,0,0,0,0,0,1,-47.5791341405768,-0.5362883121802,-23.2699345295665,0,0,0
345,-271.817907146719,-0.0688149554421836,-1.6705976546683,1.89696632541157,0.00149808858063557,0.25557417372862,-272.090307563377,-0.0673666741277923,-1.82366906266968,1.90172369634271,0.0189282273516625,0.248664769738274,-200,0,0,0,0,0,0,1,-45.9917545075168,-1.75808938691066,-21.219138848488,0,0,0
346,-269.946102530822,-0.0681964623376735,-1.41848199871344,1.8466404320721,-0.00026110167046397,0.248682571409157,-270.064402506798,-0.102624063077654,-1.4343748580719,1.84874111644369,-0.0111309198187556,0.240275634729754,-200,0,0,0,0,0,0,1,-44.7453066307729,1.31834010803087,-21.1588137568316,0,0,0
347,-268.124040096404,-0.0677989323562412,-1.17338143491739,1.79748182029907,0.00105616176033158,0.241543377732846,-267.991148714442,0.124699103955145,-1.12607170266045,1.82692943848489,0.00993322571250956,0.238782446329393,-200,0,0,0,0,0,0,1,-46.7106464196055,-1.24272077916125,-21.6261012276184,0,0,0
348,-266.352143973143,-0.0673646907733049,-0.935202897217668,1.74630800255274,-0.000187677916388148,0.234839468431311,-266.316550215757,-0.0382936156980484,-1.0087589004026,1.74029764370917,-0.00036570199858735,0.239395679484193,-200,0,0,0,0,0,0,1,-41.3966639394027,0.113157431254832,-21.9220501476141,0,0,0
349,-264.629012077637,-0.067496301240935,-0.704764755420748,1.6999523285723,-7.55423423405479E-05,0.226060186945715,-264.605765355062,-0.0292083083102795,-0.747041933373091,1.68766833348992,0.00310088642218804,0.227433744144194,-200,0,0,0,0,0,0,1,-39.5553026388684,-0.251672025598245,-21.2492905476732,0,0,0
350,-262.951266332837,-0.0676981682937338,-0.483062153497677,1.65553572993724,-0.000328194090301239,0.217367400936816,-262.789093539216,-0.0287572826715621,-0.558381053236626,1.65186865839423,-0.00474619584989558,0.205693476354615,-200,0,0,0,0,0,0,1,-39.6086787609921,0.532134150332682,-19.4525855289883,0,0,0
351,-261.317640581714,-0.0677607749398117,-0.269140473156296,1.61171321453526,0.000202979051777605,0.210498015363288,-261.326372428096,-0.0442933009718616,-0.448273700631654,1.60692643760594,-0.00108334759319868,0.211549742729957,-200,0,0,0,0,0,0,1,-38.0398989044024,0.196921361263591,-20.2584268717324,0,0,0
352,-259.727265414009,-0.0674598043614982,-0.0626866491761087,1.56903396149343,0.000398960169493068,0.202431097046781,-259.646554819156,-0.174105506866138,0.247898067070074,1.5701350678367,0.00910302589191864,0.203736772580436,-200,0,0,0,0,0,0,1,-37.7203971453585,-0.562091575459588,-20.8694733921837,0,0,0
353,-258.179543938762,-0.0673423594101639,0.135421640532371,1.52640554221566,-0.000164072329075036,0.193806886400416,-258.074338086073,-0.168734783082879,0.184845017805846,1.50535769733299,0.00433590627187762,0.206211925732646,-200,0,0,0,0,0,0,1,-34.3870935611528,-0.0961210610220041,-20.9908826088763,0,0,0
354,-256.672936677278,-0.0675549312280701,0.324293697176019,1.48680492102435,-0.000261072735429991,0.18395711909009,-256.563576298823,-0.0851461193771476,0.327216796708397,1.50012411462374,0.0047888110256385,0.176841753157128,-200,0,0,0,0,0,0,1,-36.8852588647281,-0.308588863809554,-18.3386089091296,0,0,0
355,-255.206606786288,-0.0679707456902216,0.505071863862011,1.44585249662943,-0.000570558982993653,0.177619727059352,-255.261555624217,-0.216997603706552,0.468742217432658,1.42869136865501,-0.00892128323539041,0.167584598075232,-200,0,0,0,0,0,0,1,-32.3460256170656,1.32612353095215,-17.6959442423885,0,0,0
356,-253.779011144058,-0.0678786452560242,0.679023992171605,1.40933593102171,0.000754759887079002,0.17030285724913,-253.916096005931,-0.113271174134778,0.711441274025023,1.42359893339987,0.0118371555548302,0.16621685400238,-200,0,0,0,0,0,0,1,-34.5277013281253,-0.957173207213462,-18.0445679482881,0,0,0
357,-252.389017276171,-0.0676028959652965,0.845961261128964,1.37064923070664,-0.000203262986726874,0.163591031754141,-252.512553305278,-0.0817886675175862,0.890886773049816,1.35652898610063,0.00454386178520586,0.1651108500695,-200,0,0,0,0,0,0,1,-30.6277919995066,-0.290808843485414,-18.2928585530496,0,0,0
358,-251.035957191281,-0.0679519517783567,1.00539740756802,1.33546758343112,-0.000494850618634379,0.155298878804353,-251.210587044179,-0.0645227557419156,1.03177507447213,1.31269154951733,-0.00463908341831849,0.13747620295205,-200,0,0,0,0,0,0,1,-28.8479808633763,0.59295385331568,-15.8111704441492,0,0,0
359,-249.716797259759,-0.0681506838928811,1.15740881705737,1.30284975483427,9.73852688923216E-05,0.148740282893725,-249.698764463094,-0.0439605130930781,1.22473550828956,1.29766458997977,0.0011597790575758,0.152681613982132,-200,0,0,0,0,0,0,1,-30.3689300717887,-0.0280568795714235,-17.7176324147923,0,0,0
360,-248.431326644491,-0.0680677101462965,1.30231482967091,1.26808840890662,6.85608002917254E-05,0.141089096787654,-248.356883481939,-0.127627575515694,1.28537123962471,1.28372964547691,-0.0109839201853512,0.140558175622783,-200,0,0,0,0,0,0,1,-31.659197583812,1.35364716956651,-16.6265600415278,0,0,0
361,-247.181017434649,-0.0673227147407138,1.44037072200244,1.2325277080518,0.00142142800418229,0.135040402551372,-247.027102473137,0.0760901356703241,1.48574368474084,1.2293584689199,-0.00658139287627498,0.151805536366348,-200,0,0,0,0,0,0,1,-28.8816419457159,0.50595901628685,-18.1520410061165,0,0,0
362,-245.965279875492,-0.0656486782285335,1.57119872607671,1.19894395067169,0.00192664273071461,0.126632330620394,-245.990780841128,-0.409024446323452,1.50721009841184,1.20060159172249,-0.00165288030261584,0.133029559807506,-200,0,0,0,0,0,0,1,-28.0785974899938,0.983336922908487,-16.3173761775743,0,0,0
363,-244.782416423083,-0.0632307203936147,1.69436474680259,1.1667802078997,0.00290927065800507,0.119715722425586,-244.925792858099,-0.0326640327896924,1.85758238394017,1.17142736721448,0.0193185291564963,0.122300507507491,-200,0,0,0,0,0,0,1,-27.2911510052501,-1.86652485007025,-15.9452155186294,0,0,0
364,-243.631289978516,-0.061255055769007,1.81068425875978,1.13546999094669,0.00104205575686135,0.11293887268679,-243.560389013992,0.0219556858668,1.60804508810402,1.12744202518102,-0.0193714383960843,0.105026279334607,-200,0,0,0,0,0,0,1,-25.6234244901176,1.89323246787483,-13.7187181096687,0,0,0
365,-242.510286098119,-0.0592667000369253,1.92098414675963,1.10653579984182,0.00293465407902241,0.107675300216789,-242.723549108915,-0.0860389224853787,1.91416425766762,1.10134916363518,-0.0130507997322593,0.112588079961306,-200,0,0,0,0,0,0,1,-24.6878181456877,1.47715781819669,-15.0871365114658,0,0,0
366,-241.418051953898,-0.0555937818258907,2.02525248999606,1.0779297673051,0.00441118039702106,0.100875602348888,-241.548448697039,0.163441896064262,2.07077636093629,1.07735905246984,0.0176102402082687,0.0848136808983398,-200,0,0,0,0,0,0,1,-24.6390078529063,-2.08790781295539,-12.6229208117066,0,0,0
367,-240.353936777122,-0.0522268570575637,2.12389226419636,1.0502989835894,0.00232266904869176,0.0964176690601899,-240.322532351619,-0.147588767831491,2.17941360253732,1.04643798166096,0.010044118511016,0.0894657744940978,-200,0,0,0,0,0,0,1,-23.998733462857,-0.709234315438617,-13.3054046544844,0,0,0
368,-239.317292859939,-0.0502591031457875,2.21767715492099,1.02298685639274,0.00161283578727587,0.0911656553120015,-239.242057829566,-0.195648306974757,2.41231403386938,1.01480598603972,0.0100272129260039,0.0937064826825138,-200,0,0,0,0,0,0,1,-22.9964829448391,-0.611424678650877,-14.1952763359901,0,0,0
369,-238.307676086102,-0.0489522737063865,2.30564696211737,0.996244144506917,0.00100082131598406,0.0847872058858054,-238.339189727275,0.0747894069568188,2.24318996913136,0.987882238380084,0.00139267057715174,0.0939784479957089,-200,0,0,0,0,0,0,1,-22.1098443834593,-0.288845871628812,-13.8842247378336,0,0,0
370,-237.324340662678,-0.0480961591142118,2.38725026796998,0.970424157737154,0.000711405793990478,0.0784321845677718,-237.285395983684,-0.19496066050569,2.41301091652619,0.965004981261888,-0.00418589128516489,0.0795955425647477,-200,0,0,0,0,0,0,1,-21.9297061588215,0.808510449527868,-12.7855760895272,0,0,0
371,-236.366537135067,-0.0469807738406196,2.46300849755324,0.945180836165017,0.00151936205735785,0.073096754949711,-236.46686162187,-0.108900315889818,2.48238768428385,0.953476866815703,-0.000399721304054116,0.0600501416457211,-200,0,0,0,0,0,0,1,-22.4139634378309,0.257772762185048,-10.9697895331398,0,0,0
372,-235.433853949594,-0.0453327962358582,2.53439943996279,0.920184394982338,0.00177659141634466,0.0696974730708322,-235.213209469321,0.0293360866249109,2.49892542014645,0.921323184761309,0.00611710483643995,0.0726512483913552,-200,0,0,0,0,0,0,1,-21.7058995374886,-0.670382656893817,-12.2629756794284,0,0,0
373,-234.526095918258,-0.0438916663568459,2.60169473701201,0.895329852450909,0.00110566452524654,0.0649053775414521,-234.303815499421,0.045579735598443,2.55149098363898,0.904143637266929,0.00148994941889824,0.0618100369282855,-200,0,0,0,0,0,0,1,-21.8067327278503,-0.24015441308671,-11.2839856601065,0,0,0
374,-233.643053491654,-0.0429063453432434,2.66470511588005,0.870753660470427,0.000864974717936114,0.061127480843286,-233.803266640355,0.00577451789403604,2.8707947209182,0.859162666655296,-0.0166293918762745,0.0611680226862978,-200,0,0,0,0,0,0,1,-18.30973338482,1.65139015183938,-11.8583917104662,0,0,0
375,-232.783093960534,-0.0412159124414276,2.72302638344084,0.849163178242551,0.00251588917078595,0.0555257013379127,-232.829179212093,-0.0789975987714407,2.76871872746027,0.834927965591565,0.00800594129270243,0.0429917333283309,-200,0,0,0,0,0,0,1,-17.8344381349703,-0.642598931727361,-9.83661078775363,0,0,0
376,-231.944117035867,-0.0390215439205205,2.77661492132128,0.828789273723855,0.00187284569935323,0.0516614222077361,-232.072996342227,-0.0150215432601534,2.67632434780674,0.834701399572725,0.00809998719699579,0.0394694475857746,-200,0,0,0,0,0,0,1,-19.3241472728189,-0.779955633179272,-9.29959345419094,0,0,0
377,-231.126097915747,-0.0375389073499299,2.82690860299411,0.807248108731016,0.00109242330000767,0.0489365279690557,-231.104761769664,0.0518347869816505,2.82651850871103,0.814932305038677,-0.0128651145947814,0.0418098677419103,-200,0,0,0,0,0,0,1,-19.2837069645401,1.18284188551484,-9.8340237916131,0,0,0
378,-230.32970906416,-0.0358552979297555,2.87425551457902,0.785528513925015,0.00227479332298141,0.0457679519557198,-230.222250565046,0.00465871828747226,2.98039373517267,0.793709550007254,-0.0157433847954502,0.0560451617452963,-200,0,0,0,0,0,0,1,-18.926453870633,1.56502104297007,-11.565303644875,0,0,0
379,-229.55522012797,-0.0327982351788786,2.91759985436519,0.763447473067442,0.00383933025056974,0.0409315399462641,-229.65186807161,-0.0189275625109729,2.9044909195167,0.769757183544151,-0.0109702557885172,0.0360060118022748,-200,0,0,0,0,0,0,1,-17.6719822111941,1.13488070387367,-9.40958301926088,0,0,0
380,-228.801815814736,-0.0283916818196549,2.95688256341989,0.74335999966176,0.00497377416286779,0.0376437182688262,-228.803950429,-0.151547153952635,2.97947905233948,0.753380571490848,0.00490867652745425,0.0128171260443578,-200,0,0,0,0,0,0,1,-17.7301562910846,-0.187773344840155,-7.24067070911473,0,0,0
381,-228.068099710338,-0.0235120003868651,2.99391430466956,0.724072035634723,0.00478558673485706,0.0364292064631849,-228.172643256841,0.137849635238188,3.11465967303778,0.711837725677264,0.000423131454819025,0.0388448348803427,-200,0,0,0,0,0,0,1,-14.8384860540442,-0.318012415958278,-10.1138028341098,0,0,0
382,-227.352915055653,-0.0188856149514899,3.02786748216854,0.706295316556991,0.00446718327759839,0.0314858572432722,-227.287486350718,0.119627526274219,2.86926799375571,0.691424040356652,0.00696717446781232,0.0173560311263072,-200,0,0,0,0,0,0,1,-14.5674313342295,-0.935972499329671,-7.47413910014215,0,0,0
383,-226.654863709554,-0.0148865955725976,3.05806048557962,0.689806542885904,0.00353085382142144,0.0289082297900342,-226.691028487434,0.0527785249708468,3.06797689158877,0.69182707407928,-0.0038599956365622,0.0240389295754426,-200,0,0,0,0,0,0,1,-15.8006504330592,0.280442513714526,-8.53984674072181,0,0,0
384,-225.974081549694,-0.0112157152546174,3.08545717286387,0.671756726676873,0.00381090441174017,0.0258939547175441,-225.8100183409,-0.0588234104253567,3.11248194334334,0.667380476431492,0.0210405001403055,0.0250343019215613,-200,0,0,0,0,0,0,1,-15.1180109613491,-1.98640319317984,-8.72839407884281,0,0,0
385,-225.311077077051,-0.00839820193134957,3.10964323919136,0.654250975443509,0.00182412011278572,0.0224867135793698,-225.262865250391,0.207455461597948,3.04054628041735,0.644609350392336,0.0275190864720169,0.0202711602856113,-200,0,0,0,0,0,0,1,-13.935204538451,-3.16681957039759,-8.10820858939582,0,0,0
386,-224.664915979045,-0.00815766702435483,3.13049506712615,0.63807003964285,-0.00134305143330351,0.0192248338128381,-224.805800405992,0.158565322319413,3.1362399268055,0.632231885066288,-0.00730231113806921,0.00755210132772234,-200,0,0,0,0,0,0,1,-13.6115876946452,0.413100469168095,-7.02768998638324,0,0,0
387,-224.034574420033,-0.00929433462027053,3.14853863311286,0.622612324973237,-0.000930284979229782,0.0168698344226254,-224.253595354512,-0.00590935083726732,3.17272809747186,0.620690544155387,0.00243019577931455,0.00642246339957303,-200,0,0,0,0,0,0,1,-13.5618637065152,-0.231200876256921,-6.98770253490102,0,0,0
388,-223.419662023722,-0.0103403851473727,3.16425811076056,0.607211736945064,-0.00116181849406309,0.0145766168169233,-223.475790385824,0.0465433403630093,3.1993670718156,0.610166586375285,-0.0109988779408121,0.0190749859878029,-200,0,0,0,0,0,0,1,-14.0650778658806,1.00680111335519,-8.30623274241148,0,0,0
389,-222.820648339099,-0.0109989803159189,3.17720485763302,0.590814440920301,-0.000155373984912646,0.0113248309944125,-222.76548132892,0.0431431555498734,3.13628599735193,0.609951346865141,-0.00826839390695897,0.00530482196091495,-200,0,0,0,0,0,0,1,-15.4641720286737,0.74055307959615,-6.80305419079535,0,0,0
390,-222.238371992515,-0.0107842600287914,3.18789374863292,0.57373799663417,0.000584812575825494,0.0100612131691117,-222.24914941598,0.0255880153995409,3.37104708688385,0.572322688544686,0.00926681044472696,0.00341940821060485,-200,0,0,0,0,0,0,1,-12.7339700225094,-0.977857075271778,-7.08403499482818,0,0,0
391,-221.67198135411,-0.0106885337848501,3.19666291162447,0.559042397372637,-0.000393362568687294,0.0074842354279922,-221.768906717673,-0.272988906252787,3.13157535373414,0.569348839010357,-0.000391533970749941,0.00328956109184663,-200,0,0,0,0,0,0,1,-13.3970704656894,0.585131209580568,-6.59210681665294,0,0,0
392,-221.120492293245,-0.0107894921347959,3.2032357461495,0.543935197472238,0.000191443457285867,0.0056687407148501,-221.012283839878,-0.0760095739516071,3.06998859620828,0.556484096967509,-0.0139900923778644,0.0120166556057625,-200,0,0,0,0,0,0,1,-13.6238420169941,1.55102838568965,-7.3416427529928,0,0,0
393,-220.584367930102,-0.0098227029642539,3.20771865411695,0.528312733686191,0.00174213415323875,0.00330461288312087,-220.514599768171,-0.039599665040977,3.12068878110246,0.531191849873407,0.00836812024850409,0.00927734824472927,-200,0,0,0,0,0,0,1,-12.0899854509992,-0.757612694768455,-7.16911238667784,0,0,0
394,-220.063132807109,-0.00845952732799782,3.20962648645525,0.514156513576109,0.000984214610135159,0.000517883592567353,-219.978413867047,-0.145340159931444,2.96778126400516,0.495216878355398,0.00909282669988317,0.0176637872376746,-200,0,0,0,0,0,0,1,-9.56486010144559,-0.61860235012543,-7.70194125177778,0,0,0
395,-219.555013003461,-0.007784745400588,3.20800957966718,0.502081394513867,0.000365347216862652,-0.00374585868747371,-219.480833746757,0.0895570037365433,3.23042044233899,0.48198507406569,-0.000441108439596299,0.0314727557824511,-200,0,0,0,0,0,0,1,-9.23683991305506,-0.135003163513457,-9.60811646292309,0,0,0
396,-219.059213553396,-0.00748703856964208,3.20120963682345,0.489514937214514,0.000230064285511224,-0.00984796926557169,-219.149424176426,-0.208826812395408,3.24122002607168,0.484051969399735,-0.00938703482181194,-0.00169980539072875,-200,0,0,0,0,0,0,1,-10.1063485871216,1.35635710697201,-6.31245951307049,0,0,0
397,-218.57570948273,-0.00657892458289603,3.1900070149734,0.477492234654434,0.00158616138121993,-0.0125514832445823,-218.579947580745,0.129494801701637,3.15599782547148,0.463871844112104,0.00668777546278634,-0.0195730423973467,-200,0,0,0,0,0,0,1,-9.22728924972127,-0.927767149681907,-4.35469141120828,0,0,0
398,-218.103428214515,-0.00545675653862833,3.17683025441628,0.467070014104584,0.000658172293108656,-0.0137970121716603,-218.168724952918,0.230456624800931,3.08680369189956,0.468562973106183,0.00157817974543985,-0.0296345919984268,-200,0,0,0,0,0,0,1,-10.5188474047833,-0.618731224145846,-3.21014818395643,0,0,0
399,-217.641923057333,-0.00510806700936954,3.16321038343218,0.455940760392232,3.92073202624489E-05,-0.013437376218594,-217.516748740152,0.101811774335335,3.13988721660307,0.456816130721614,-0.00665283068747557,-0.0197989753692468,-200,0,0,0,0,0,0,1,-10.6481155918569,0.461659520076888,-4.29987689628146,0,0,0
400,-217.191829373168,-0.00483815275751435,3.14949649071694,0.444246640412883,0.000500618687598196,-0.0139847989969688,-217.045777759536,-0.125724152714921,3.08195754057444,0.458506886366754,-0.0160787789217638,-0.0330160187858738,-200,0,0,0,0,0,0,1,-11.7591331176035,1.85932619760622,-2.86231320256149,0,0,0
401,-216.753638527988,-0.00340799665421461,3.13613610471431,0.43213592209635,0.00235969154334698,-0.0127301752053597,-216.703542517406,0.0678483297982703,3.16828779058856,0.428708134685588,-0.00737192105522006,-0.0173163735854936,-200,0,0,0,0,0,0,1,-9.46372843374771,0.601495445925465,-4.60493822262776,0,0,0
402,-216.3268719468,-0.00074767104572462,3.1227793501331,0.421396931723157,0.00296095784277907,-0.0139781886159486,-216.261690273912,0.00896542856110958,3.09207018843926,0.419718461938194,0.00453770668544936,-0.0106327588410303,-200,0,0,0,0,0,0,1,-9.44846564599622,-0.471701525667155,-5.1208644927755,0,0,0
403,-215.910945374832,0.00197731895613433,3.10795214630129,0.410455689649223,0.00248902179354142,-0.0156709879719116,-215.862805914375,-0.0311416299672912,3.04702761044844,0.408316108583876,-0.006318073870369,-0.0222328857367346,-200,0,0,0,0,0,0,1,-9.105999029638,0.694090646971482,-3.87076664722342,0,0,0
404,-215.505545979599,0.00481327981837996,3.09194507389891,0.400343056445322,0.00318289810750232,-0.01633832100904,-215.389378570939,0.01576091970525,3.0363210094255,0.38765223193319,0.0116936472523392,-0.00823338845785819,-200,0,0,0,0,0,0,1,-7.98646605144015,-1.20088656464442,-5.24930317306517,0,0,0
405,-215.110037680313,0.00739563138293743,3.07442534661461,0.390672702652534,0.00198180320653238,-0.0186965129525249,-214.984251978154,0.145326957137172,2.90059560827722,0.388293639971667,0.015145217097062,-0.0213464098429812,-200,0,0,0,0,0,0,1,-8.86086004085823,-1.80517562398054,-3.66655023225631,0,0,0
406,-214.724269087937,0.00847474309830885,3.05546292430095,0.380864495679309,0.00017642011554942,-0.0192236554099168,-214.806226320857,0.0782581751673861,3.03062826926193,0.374408514267447,-0.0147181692733716,-0.00606634584036985,-200,0,0,0,0,0,0,1,-7.82839878503123,1.31530057700239,-5.45462195448687,0,0,0
407,-214.348213865895,0.0093087106741697,3.03495937468625,0.371245009140536,0.00149151308511828,-0.0217788644880576,-214.277447168979,-0.0568581782337357,3.15444073304317,0.369391485844967,0.00168793389187073,-0.0299516971373802,-200,0,0,0,0,0,0,1,-8.38425424653962,-0.0550770327196014,-3.31371175234832,0,0,0
408,-213.981584492789,0.0107725890101208,3.01300271802097,0.362013825787564,0.00143624145315105,-0.0221300572456243,-213.874887810307,0.00829132622688756,3.14083910957872,0.363654221555061,-0.000969894857215448,-0.0349769346068099,-200,0,0,0,0,0,0,1,-8.61564653489275,0.0804068332677697,-2.78398475847645,0,0,0
409,-213.624179774564,0.0122489379862326,2.99099700270084,0.352795974984027,0.00151645513568341,-0.0218769963245067,-213.524979625776,-0.0239770622966214,2.98197685420353,0.353176108934715,-0.000800158293472058,-0.0277399842359872,-200,0,0,0,0,0,0,1,-8.26765164191946,0.127969953940449,-3.18995528480835,0,0,0
410,-213.275919423231,0.0138292835819929,2.96900011371145,0.343724860753246,0.00164423404459103,-0.022112479742827,-213.499997925747,0.104702326193,3.07455520403809,0.331966325731215,-0.00270916507123982,-0.00510899398575471,-200,0,0,0,0,0,0,1,-6.19663672162662,0.061511854737983,-5.6382110095007,0,0,0
411,-212.936307177963,0.0155041851620515,2.94523398515623,0.335498332448912,0.0017055670736737,-0.0254158745808035,-213.0266902906,-0.0368573946102653,3.11024738412871,0.330526356217683,0.00203620176015957,-0.0464658030069657,-200,0,0,0,0,0,0,1,-6.99925504056754,-0.129905386795426,-1.57391446756085,0,0,0
412,-212.604430269485,0.0171447248172867,2.92018752945434,0.328256063969509,0.00157551231818706,-0.024673595497006,-212.502430799876,0.0418208685944922,2.98258853608727,0.307278618073301,-0.00542352355822069,-0.0243602633603976,-200,0,0,0,0,0,0,1,-5.72300020757786,0.458710618633085,-3.52915073613478,0,0,0
413,-212.279629774566,0.0189495201630057,2.89473780982101,0.321344440051052,0.00203407619743297,-0.026222563917433,-212.346722833715,0.000950259647813746,2.88261296802645,0.326511373785473,0.00483366190105334,-0.0270516940930848,-200,0,0,0,0,0,0,1,-7.95769171111778,-0.485266709400962,-3.06005652674443,0,0,0
414,-211.962654629236,0.0207408720722392,2.86843542590791,0.312606008574357,0.00154862571896718,-0.0263780816055611,-212.014717794435,-0.109391166889285,2.84107188430697,0.305367393627271,0.00781684900507324,-0.0467566647579144,-200,0,0,0,0,0,0,1,-6.50730377385799,-0.562902566728755,-1.0064772928225,0,0,0
415,-211.653324532297,0.0220079806481863,2.84261097055493,0.306054925611622,0.000985589293233884,-0.0252677286312894,-211.7034327789,0.0913829632411646,2.69396356663188,0.294422669154549,0.00841757357143091,-0.0265450402343506,-200,0,0,0,0,0,0,1,-6.03540135765392,-1.02452328362542,-2.73342310982871,0,0,0
416,-211.350697632874,0.0224812370175104,2.81702444561738,0.299198801152453,-3.90778944603792E-05,-0.0259020830296302,-211.49573446251,-0.0651437161540737,2.96373589781113,0.276495276262239,0.00781180596379977,-0.0360771942493569,-200,0,0,0,0,0,0,1,-4.65805870120389,-0.65089316407183,-2.31975237068656,0,0,0
417,-211.054216007738,0.0221166567578637,2.79070640286828,0.293764285665364,-0.000690084428199526,-0.0267314264372929,-211.088792673369,0.0532859442000232,2.68407373587694,0.294292504940913,-0.00758273586897849,-0.0297747855336845,-200,0,0,0,0,0,0,1,-7.25166514735362,0.651701698497802,-2.39066891838543,0,0,0
418,-210.764356818846,0.0217523427070098,2.76408925263504,0.28595441691581,-3.8545824875176E-05,-0.0264992051110006,-210.616040869196,0.107322294577985,2.65007631942349,0.291809911739542,0.00100417797307472,-0.0166743618020466,-200,0,0,0,0,0,0,1,-7.94890943556265,-0.315062386463442,-3.63271645864231,0,0,0
419,-210.48288761228,0.0215561717550306,2.73730357619511,0.276983946988325,-0.000353798100838091,-0.0270679481144447,-210.627535713618,-0.0827327233621681,2.77206213366323,0.276812014972182,-0.00809564281745261,-0.0266552200258105,-200,0,0,0,0,0,0,1,-6.42613006998254,0.975029728469597,-2.87860226474542,0,0,0
420,-210.209539512862,0.0216898130381638,2.70997542329938,0.269712221352152,0.000621078761035461,-0.0275849518534683,-210.33321622389,-0.0048026268369781,2.60714068988706,0.282379026960299,0.00612193179476574,-0.0171935532960591,-200,0,0,0,0,0,0,1,-7.5714702482508,-0.602587925802618,-3.49492605016821,0,0,0
421,-209.944112752405,0.0220095083358093,2.68210862409069,0.26114124596869,1.83095886596366E-05,-0.0281446477905339,-209.893694557717,0.0737965799245993,2.87255784032898,0.262877849114706,0.0074148686204452,-0.0325339618277008,-200,0,0,0,0,0,0,1,-6.5003957960366,-0.889080021893718,-2.49171949788788,0,0,0
422,-209.686557697539,0.021583203774682,2.65391595726916,0.253969022599675,-0.000870920460440083,-0.0282373352140156,-209.745798686519,-0.00297531021279287,2.62212247805489,0.25836212665497,0.00082412535111371,-0.0275677687805678,-200,0,0,0,0,0,0,1,-6.34461529245851,-0.0764619146857852,-2.48746807805301,0,0,0
423,-209.436103228952,0.0206739798556522,2.62560893706359,0.246940050467748,-0.000947529417965634,-0.0283734266991815,-209.379992676157,-0.0583196634039518,2.61386285999853,0.223435591531408,0.00161134782237002,-0.017564557882396,-200,0,0,0,0,0,0,1,-3.58357380082729,-0.0444954554290987,-3.47126993175746,0,0,0
424,-209.191645505495,0.0197041510304657,2.59613492059686,0.241974579836992,-0.00099213060159098,-0.0305722858608423,-209.156719086911,-0.0476660108282726,2.65805577600456,0.246966632951835,0.00401905501735739,-0.0369190458437352,-200,0,0,0,0,0,0,1,-6.38322512136207,-0.306573480079194,-1.62420696763559,0,0,0
425,-208.953016868026,0.0185586653584515,2.56590804961895,0.235283209196398,-0.00129884237690982,-0.0298783393626929,-208.873460120463,0.0181292416628722,2.44949454146243,0.242772600112631,-0.0248447193244784,-0.0457721514005067,-200,0,0,0,0,0,0,1,-6.53033977033746,2.44821344912209,-0.321773942874191,0,0,0
426,-208.72086153896,0.0184838672361808,2.53700300640524,0.229028535256876,0.00114924429076293,-0.027928836996806,-208.528969081718,-0.00141071517835278,2.51666321143167,0.236937419777246,0.00559360155114713,-0.0516016024721339,-200,0,0,0,0,0,0,1,-6.63580381428908,-0.556538724758007,0.126833824350045,0,0,0
427,-208.494907480288,0.0193547810488934,2.51028109498671,0.222880877177221,0.000592581719565494,-0.0255121309456228,-208.38803834624,0.215388815436156,2.3287061129435,0.220349962546903,-0.00162031424061015,-0.0148927871896718,-200,0,0,0,0,0,0,1,-5.25891956220978,-0.268746206811297,-3.16813350691982,0,0,0
428,-208.275195830983,0.0198129237960566,2.4842016383788,0.216542088327465,0.000323701490870199,-0.0266438412829255,-208.086764460864,-0.00929644141356089,2.51423771208374,0.216895893258148,0.0181285014275509,-0.015910136084752,-200,0,0,0,0,0,0,1,-5.51606040408756,-1.79425725992796,-3.43746181569227,0,0,0
429,-208.061998438091,0.0192394270385107,2.4569343061849,0.209852308310156,-0.0014706975946581,-0.027887729085557,-207.827151126648,-0.0109348094634194,2.2302745248632,0.211899112718629,-0.00208254098938047,-0.0328591425537221,-200,0,0,0,0,0,0,1,-5.53560901856634,0.230123717864885,-1.17463479435419,0,0,0
430,-207.855005712283,0.0178837338385859,2.42945398367469,0.204133696503378,-0.00124069123948076,-0.0270702701331871,-207.802072260035,0.191148847741667,2.34583972983552,0.200958584962361,0.00524317432191865,-0.0339704202362749,-200,0,0,0,0,0,0,1,-4.49171397616534,-0.906615127675198,-1.29463743604354,0,0,0
431,-207.653287127302,0.0161896866242047,2.4025163010001,0.199303772302069,-0.00214740534287179,-0.0268028605979066,-207.649609375932,-0.181518019560997,2.41770159857895,0.192043666759947,-0.0132609969886885,-0.0100550819096475,-200,0,0,0,0,0,0,1,-3.90514792412995,1.68913573799084,-3.82989500619314,0,0,0
432,-207.456690912919,0.0148867924150067,2.374585107919,0.193887800372391,-0.000458385338915751,-0.029057027647824,-207.814070114875,0.00440866309132495,2.37958667421294,0.196097700034344,0.00532035278561741,-0.0225714213020787,-200,0,0,0,0,0,0,1,-3.98162977368469,-0.540852604744391,-2.502031218218,0,0,0
433,-207.265255393757,0.0141579306314726,2.34502026830319,0.18898294848881,-0.000999340545567662,-0.0300703922073802,-207.274861925536,0.0639898520274562,2.40997711271833,0.17795279128212,-0.00474714543569842,-0.0227597604259747,-200,0,0,0,0,0,0,1,-3.24555527713939,0.34673483951493,-2.54397818283919,0,0,0
434,-207.078404519725,0.0133319140877619,2.31426776492174,0.184718348093851,-0.000652694874403104,-0.0314326505636767,-206.910155226601,0.138139123778223,2.35340769322852,0.177657027116279,-0.000686667190612225,-0.0330936421836968,-200,0,0,0,0,0,0,1,-3.94539225842637,-0.207611528495223,-1.39745116808736,0,0,0
435,-206.895880331553,0.0125753695850655,2.28282776779165,0.18033019255786,-0.000860396196158159,-0.0314453236524613,-206.916009971174,-0.00659519221454016,2.20190638554877,0.188243163526787,-0.0123976293025232,-0.0363521926495453,-200,0,0,0,0,0,0,1,-4.99229641033169,1.2529533146814,-0.768593506143018,0,0,0
436,-206.718074111094,0.0123414001008701,2.2518947508092,0.17528288370375,0.000392454461386591,-0.0304183948546053,-206.786816534752,-0.0820660334045635,2.25689227650586,0.176625094295505,0.0181548150624846,-0.0428136450551257,-200,0,0,0,0,0,0,1,-4.08887636004625,-1.65134943943934,-0.232420047499138,0,0,0
437,-206.544789528724,0.0119081408958799,2.22203565970691,0.171286954268626,-0.00125897470057609,-0.029297954161074,-206.532013692803,-0.0619357541140784,2.18038297357488,0.167469449950535,0.00575710781734331,-0.0406029102566096,-200,0,0,0,0,0,0,1,-3.68291760944766,-0.451839273506175,-0.300474921488805,0,0,0
438,-206.375332128743,0.0104232112429287,2.19318187233897,0.167628411622125,-0.00171088678464987,-0.028407944173121,-206.280666369433,0.142580035358173,2.02224471167575,0.162514727874397,0.0104367159634843,-0.029322555973073,-200,0,0,0,0,0,0,1,-3.69014004857287,-1.32883166706478,-1.1122338260442,0,0,0
439,-206.209715401957,0.00804786869362415,2.16486124792395,0.163605281815004,-0.00303980029817992,-0.0282314637710186,-206.127641939722,0.0112079566979647,2.1221032180495,0.167562040039379,-0.0162353623856052,-0.0210811138505665,-200,0,0,0,0,0,0,1,-4.50092012449383,1.60112032516459,-2.13609505104235,0,0,0
440,-206.048712210578,0.00580857572110652,2.13644507567524,0.158401093944477,-0.00143878836319688,-0.0285985061471766,-205.9727962477,0.253940337286748,1.9288861615209,0.162833369342127,-0.00686939880903183,-0.0280097259680339,-200,0,0,0,0,0,0,1,-4.33774443881246,0.179059206329687,-1.05679972623842,0,0,0
441,-205.89259923125,0.00445927209223749,2.10811539708277,0.153825263073719,-0.00125982262520359,-0.0280587663260177,-206.02115243138,-0.0234424748040004,2.12410840014712,0.141921611088626,0.00680913984436827,-0.00724055370797663,-200,0,0,0,0,0,0,1,-2.14985624610331,-0.634029034828826,-3.52416142949659,0,0,0
442,-205.740634445301,0.00288239823106907,2.07873896913709,0.150103267304807,-0.00189393090513036,-0.0306923945938824,-205.733629285871,-0.0224457362091043,2.19037555557245,0.157280418349922,0.00520890594887461,-0.00992845871306252,-200,0,0,0,0,0,0,1,-4.26078326324985,-0.475999122469252,-3.38790523983865,0,0,0
443,-205.593307763162,0.000750411531810797,2.04726795010024,0.144549543972537,-0.00237004762456362,-0.0322471219420931,-205.664988098368,-0.158481440446457,2.08190508130673,0.125545126368557,0.00838653393389767,-0.0286326668815691,-200,0,0,0,0,0,0,1,-1.22453644012054,-0.521690512496854,-1.30054347445655,0,0,0
444,-205.449711356966,-0.00188049680381642,2.0145006928764,0.142642947259715,-0.00289177552341631,-0.0332865256815242,-205.445087904172,-0.0612800191051197,1.93270291474983,0.136271929369558,0.00249572920758317,-0.0214363820522036,-200,0,0,0,0,0,0,1,-2.73701712861245,-0.127012882548078,-1.7217676242793,0,0,0
445,-205.308792668022,-0.00483581133749442,1.98084869373046,0.139194248822663,-0.00301885895326479,-0.0340159110402263,-205.30049946643,0.0354438122701514,2.05213517521234,0.121568719257003,-0.00868964481234519,-0.0565306516000159,-200,0,0,0,0,0,0,1,-1.5558729928404,0.798076856694216,1.54879480957691,0,0,0
446,-205.17005914179,-0.0074556354289318,1.94766572603449,0.138273702788157,-0.00222079446985921,-0.032349602501107,-205.280420180124,0.145009741045396,2.05107867915286,0.150616121571127,0.00379154404207781,-0.0201820036151361,-200,0,0,0,0,0,0,1,-4.50077179686572,-0.669173886298574,-2.08395699679211,0,0,0
447,-205.034377280254,-0.0100110679950641,1.91519423572467,0.133090056244836,-0.00289007616557289,-0.0325910369427306,-204.862101482521,-0.147885186546106,1.82702217572879,0.136220141318659,0.00758634068884037,-0.0241981868369323,-200,0,0,0,0,0,0,1,-3.89781116682436,-0.462863695791825,-1.23422566776435,0,0,0
448,-204.903417933522,-0.0131326168217614,1.8827309366448,0.128828896129479,-0.00335302697449784,-0.0323336400003091,-204.805895482233,-0.067185258578892,1.73371030011395,0.127117476288898,-0.00955444516850489,-0.0483977899884717,-200,0,0,0,0,0,0,1,-3.09995666442433,1.08981503400827,1.37235839861927,0,0,0
449,-204.775772926942,-0.0159407561704005,1.85151195886925,0.126462263285023,-0.00226325538980562,-0.0301032485499922,-204.753506253298,-0.000598807067438912,1.94781828880171,0.119635773806619,-0.0040157515376584,-0.0242670373568224,-200,0,0,0,0,0,0,1,-2.45656487406557,0.402772767900718,-1.46893284192119,0,0,0
450,-204.650849173776,-0.0180026538654876,1.82111465187437,0.123385118573427,-0.00186054509918789,-0.0306899792452607,-204.676015781169,-0.0380327786945388,1.84974022248845,0.11432047740936,-0.00221656634972729,-0.0386698716784377,-200,0,0,0,0,0,0,1,-2.08001617859732,0.297722192361806,0.167506722866868,0,0,0
451,-204.528463264322,-0.0197143536723166,1.79077795178833,0.121387156025558,-0.00156286032286018,-0.0299825230438467,-204.499777920548,-0.0296846378982349,1.73935066255252,0.129780469428556,-0.0104116172526809,-0.0236148864470769,-200,0,0,0,0,0,0,1,-3.97849110176009,1.10053100106456,-1.11721268039735,0,0,0
452,-204.40921158974,-0.0207269890551843,1.76101182553694,0.117116526563953,-0.000462416669024911,-0.0295478115259995,-204.361169312697,-0.125563402804947,1.71358888399719,0.116659534181629,0.000346237404682189,-0.0439247696526363,-200,0,0,0,0,0,0,1,-2.94361479276814,0.216503065141676,0.965299197269244,0,0,0
453,-204.293294047959,-0.0210811737327144,1.73237667480487,0.114719509565279,-0.000245958565997629,-0.0277214161950042,-204.375490525668,-0.0700919921518674,1.82953344094273,0.09974455268615,-0.0198819054503822,-0.028913156425326,-200,0,0,0,0,0,0,1,-1.22347421727997,2.12837452934196,-0.767751239352867,0,0,0
454,-204.179401706071,-0.0202629575457559,1.7044073361247,0.113065085987969,0.0018823844470573,-0.0282165218901128,-204.266541761608,0.0352566306254865,1.6191132768237,0.106899998450394,0.001367523800607,-0.0263068464941421,-200,0,0,0,0,0,0,1,-2.15691632182254,-0.207265641311673,-0.607541904233179,0,0,0
455,-204.067542294083,-0.018484226344096,1.67623000137551,0.110653904839649,0.00167507143660499,-0.0281370689155597,-204.115304909763,0.039881850593082,1.5295682834178,0.125732383897685,-0.00232524049661575,-0.0162062071803096,-200,0,0,0,0,0,0,1,-4.34262857024278,0.152760348475411,-1.43851584880463,0,0,0
456,-203.959255266514,-0.016732821513077,1.64826732331793,0.105920439347689,0.00182773403659105,-0.0277861711790259,-203.829276905914,-0.0414633479159052,1.59590710475453,0.10841406311672,0.00581135320630892,-0.0333497896700525,-200,0,0,0,0,0,0,1,-3.18285249984354,-0.498208624799082,0.143164757496195,0,0,0
457,-203.854822449124,-0.0151542179420162,1.62109793152684,0.102945876354133,0.00132946691385125,-0.0265512868038001,-203.963128439107,0.0691793481819958,1.63614377455657,0.0894688926518297,0.01102804613622,-0.0236661674201119,-200,0,0,0,0,0,0,1,-1.02063238696946,-1.24116330998599,-0.905670807101944,0,0,0
458,-203.752643648959,-0.0144453440143007,1.5942042931515,0.101411545282754,8.82743996168855E-05,-0.0272353084949941,-203.703330199142,-0.04508620872395,1.75264012155623,0.11615724338582,-0.00759827173620787,-0.0161131400511456,-200,0,0,0,0,0,0,1,-4.20906394029898,0.849999591068687,-1.89396623799789,0,0,0
459,-203.653642251767,-0.0139321172239451,1.56692507314345,0.0965913347563689,0.000938173767058568,-0.0273209915236987,-203.621644114277,-0.0438101723451102,1.44854182945346,0.0797101581944255,-0.00681387502932997,-0.010495489904097,-200,0,0,0,0,0,0,1,-0.727727590888631,0.769007847623217,-1.84753466849721,0,0,0
460,-203.557906110732,-0.0126094537911113,1.53878339774769,0.0948803420785296,0.00170714761052316,-0.0289616041755668,-203.491444258642,-0.171402715670349,1.47191336591805,0.0964522207768167,0.00167210031192427,-0.0254763556127434,-200,0,0,0,0,0,0,1,-2.66233356039843,0.175595400148272,-0.39619117056175,0,0,0
461,-203.46440470335,-0.0108145333433724,1.51009418655555,0.0921228408080238,0.00188268842075765,-0.0284155952921151,-203.453527670626,0.0608303120560269,1.31519524702994,0.102511646748473,0.00276928899849997,-0.0294549358358323,-200,0,0,0,0,0,0,1,-3.34410933359445,-0.39858952396205,0.315103089523358,0,0,0
462,-203.373796987384,-0.00913116681864726,1.48242776106754,0.089093379741996,0.00148403924295075,-0.0269159154247635,-203.382879521685,0.0319604571457561,1.60487707415526,0.0855051413250822,0.0035160268558899,-0.029140996405074,-200,0,0,0,0,0,0,1,-1.78475508913811,-0.415523599880502,-0.295654507803134,0,0,0
463,-203.285667494544,-0.00785490544452011,1.45563266210721,0.0871658340359549,0.00106847871967467,-0.0266734342876675,-203.205967728282,0.246346672359802,1.47390539932465,0.0687136004007008,-0.0269179984700386,-0.0128667742304831,-200,0,0,0,0,0,0,1,-0.459424583505131,2.19910650228426,-1.66113337560099,0,0,0
464,-203.199195621069,-0.00568688379306881,1.42817003711232,0.0857773335480199,0.00326755832434025,-0.0282512101256496,-203.20653089076,-0.185537026139785,1.34659636937379,0.0828874226135695,0.016155534730949,-0.0447391446171979,-200,0,0,0,0,0,0,1,-1.87568047983648,-1.24447942081533,1.7807217229722,0,0,0
465,-203.113939151809,-0.00304157173514363,1.4009841586301,0.084736671222491,0.00202306304428163,-0.0261200948271284,-203.126689789881,0.2007344547747,1.47684340962386,0.0896967587909088,0.00339754615444817,-0.0204237331514045,-200,0,0,0,0,0,0,1,-2.71629629932871,-0.741223524994216,-0.911313504107276,0,0,0
466,-203.030719838017,-0.00138914789138016,1.37493623518767,0.0817021390358509,0.00128177825858014,-0.0259744165142296,-203.168463468341,0.0116341544776957,1.39466981240905,0.0737334537064401,-0.0106651595005989,-0.0323913271036189,-200,0,0,0,0,0,0,1,-1.03641843396268,1.0432476411045,0.449793085543793,0,0,0
467,-202.949473923056,0.000414249428768432,1.34924719937525,0.0807900618495891,0.00232501127573806,-0.0254032595263936,-203.06622588257,0.00152932470585646,1.45069185412692,0.0979155911529358,0.00212827824217217,-0.0160570370858214,-200,0,0,0,0,0,0,1,-3.65910735015416,-0.21588647362893,-1.2956799996717,0,0,0
468,-202.870706286441,0.00263127868601108,1.32397305087518,0.0767454423364931,0.00210904152908044,-0.025143259195271,-202.797894700972,0.067597506487504,1.32670471852485,0.0840035629549662,0.00494116814429452,-0.0208142238041747,-200,0,0,0,0,0,0,1,-2.80456689355285,-0.62931182740446,-0.571987056632244,0,0,0
469,-202.795435523987,0.00442563768432644,1.29908353141316,0.073796422154402,0.00147967049308982,-0.024634488256129,-202.81352825037,-0.149067049497917,1.54543226910416,0.0709191129117576,0.00701244105634118,-0.0158443462002496,-200,0,0,0,0,0,0,1,-1.46485479043516,-0.403110006638284,-1.50642991818337,0,0,0
470,-202.722740784594,0.00570373352552833,1.27397958700639,0.0715927562633351,0.0010765163083797,-0.0255724393859587,-202.764769050193,-0.117661495936599,1.39527699792748,0.0838372462462105,-0.00595904446107643,-0.0247343757439872,-200,0,0,0,0,0,0,1,-2.85418652423466,0.831227437980842,-0.317116421456241,0,0,0
471,-202.652583916953,0.00719583757880396,1.24879209971627,0.0687214308817884,0.00190768639775728,-0.0248012811997413,-202.551943487106,0.13073854388979,1.03781285149449,0.0589120628086739,-0.0199213120835284,-0.00504149712259644,-200,0,0,0,0,0,0,1,-0.787319306655669,1.73065412057326,-1.57147599072934,0,0,0
472,-202.584681004051,0.00996883787807231,1.22333940891488,0.0670839316945549,0.00363830841127018,-0.0261033924695151,-202.591008231436,-0.115103274319614,1.27191074529063,0.0643212147541946,-0.000303297631773292,-0.0308013408869463,-200,0,0,0,0,0,0,1,-1.25010501254773,0.260536311816557,0.536312598113371,0,0,0
473,-202.518123583907,0.0137374084459391,1.19762507949152,0.066031363524196,0.00389882701264528,-0.0253248128085087,-202.629246460676,-0.106982209693792,1.16821799973155,0.0730141417457882,0.00998376765427808,-0.0379613712957845,-200,0,0,0,0,0,0,1,-2.04292125322773,-0.784412346040225,1.45970113011534,0,0,0
474,-202.452748430684,0.0172440225456229,1.17328492380146,0.0647199204048489,0.00311439212679686,-0.0233549357353315,-202.41722082517,-0.0714072540270344,1.05228329147664,0.0558409928272087,-0.0106294008267822,-0.0287239659630571,-200,0,0,0,0,0,0,1,-0.749657632380287,1.20575459073229,0.76783001335243,0,0,0
475,-202.388276065412,0.0209612922679952,1.15030545907183,0.0642252494192769,0.00432014099359213,-0.0226037885423425,-202.433738939519,0.0100162991285356,1.21427057645428,0.055611930202646,0.00403804353632365,-0.0289154177603764,-200,0,0,0,0,0,0,1,-0.693715141225796,-0.423836951889436,0.463000623129078,0,0,0
476,-202.324344700383,0.0250695134637823,1.12793030928475,0.0636377898664266,0.00389629603356284,-0.0221462655657875,-202.315870069839,-0.02036952846936,1.00506746920722,0.0571487572451444,0.0233305145593261,-0.0104333346862336,-200,0,0,0,0,0,0,1,-1.08313558483614,-2.29231239899389,-0.966801469791084,0,0,0
477,-202.261510795571,0.0278196409521128,1.10547682522024,0.0620298614788984,0.00160395258313605,-0.0227600042551222,-202.376842744795,0.259533952241782,1.24175544471217,0.075684087594161,0.00169021052190423,-0.0278323755965986,-200,0,0,0,0,0,0,1,-2.81472326982559,-0.688088956673986,0.299726670235523,0,0,0
478,-202.200745515818,0.0290795266910094,1.08338062215034,0.0595013866765263,0.00091581379256747,-0.0214313066857647,-202.039500933053,0.116838957991418,1.10925412676457,0.0351544938606575,0.00964839632505246,-0.0237326141744354,-200,0,0,0,0,0,1,1,0.563552480040087,-1.19851754848808,0.154753163914399,0,0,0
479,-202.141056212237,0.0293960905722166,1.06174766802844,0.0598771500609012,-0.000282691427451423,-0.0218347782025229,-202.173357362386,0.0909098894503182,1.21976726548013,0.0577213028404425,0.0105239639970533,-0.0235497130434456,-200,0,0,0,0,0,1,1,-1.42541555927319,-1.23421617860597,-0.0845632266157055,0,0,0
480,-202.081922346362,0.0284962792371643,1.04008028078503,0.0583908342344939,-0.00151693543665175,-0.0214993568485734,-202.263279308272,0.00875568186816641,1.0940880973669,0.0678927095687194,-0.00913595002465987,-0.0360379744617336,-200,0,0,0,0,0,1,1,-2.26271234032779,0.896083638729655,1.41562125143955,0,0,0
481,-202.024283133669,0.0274273747623559,1.01960919307337,0.0568885936485994,-0.000620878963255941,-0.0194421751880609,-202.10699630356,-0.158686226451417,1.17496155355658,0.0497121586985707,-0.00979303473941752,-0.0251151084654873,-200,0,0,0,0,0,1,1,-0.757223262736648,1.29667592684459,0.161587739435569,0,0,0
482,-201.967782607063,0.0274548296040995,1.00028629864185,0.0561126667836744,0.000675784442538953,-0.0192032914321299,-201.896347832437,0.137579872016114,1.02418512634606,0.0572687441815746,0.00294634829230354,-0.0148774408189124,-200,0,0,0,0,0,1,1,-1.93417875328423,-0.569794573262582,-0.560626170800881,0,0,0
483,-201.912746937043,0.0278456984387843,0.981168668621586,0.0539588504902977,0.000105947210448455,-0.0190310423184956,-201.918665857609,0.0142644786550816,0.844355696233778,0.0707791794360739,-0.00592107675526982,-0.000648742539549683,-200,0,0,0,0,0,1,1,-3.24058622838894,0.563578718216819,-1.62383713851259,0,0,0
484,-201.860692840893,0.0282333977679441,0.962073626708386,0.0501493878956181,0.00066944694884597,-0.0191573920154556,-201.73821823568,0.0236444165062909,1.04531745104,0.0460944471120137,-0.00454058691720891,-0.0203368452040258,-200,0,0,0,0,0,1,1,-1.13300823984229,0.406769858708309,-0.0569503816774199,0,0,0
485,-201.811147317189,0.0291062215021453,0.943036906379201,0.0489418660109034,0.00107619479866148,-0.0189155381700691,-201.797036854993,-0.114385724511418,0.627983067453671,0.0504236344958848,-0.00316295367584479,-0.0351742536178932,-200,0,0,0,0,0,1,1,-1.44828973960226,0.545066816607315,2.26145922688198,0,0,0
486,-201.76238816982,0.0304549513200911,0.925335249842882,0.0485775845733067,0.00162125909718499,-0.0164876290731613,-201.756284800413,0.0353879491431981,0.819293207345573,0.0507666444293401,0.0126593513386416,-0.0052458998902778,-200,0,0,0,0,0,1,1,-1.56409484210727,-1.33671103215056,-1.11399642566337,0,0,0
487,-201.714855189988,0.0314078368120188,0.908611792575247,0.0464882690281395,0.000284506320110648,-0.0169583923254835,-201.67243315134,0.0783181728618065,0.893242686648539,0.0378690674864329,-0.0077194715375155,-0.0194921416348448,-200,0,0,0,0,0,1,1,-0.442040445963083,0.615310808027937,0.162728790187407,0,0,0
488,-201.66861214065,0.0319999988209425,0.891707826278655,0.0459979738777668,0.000899810571372271,-0.016849342733491,-201.638523364034,0.0259666811328414,0.745991712662818,0.0562971261089589,-0.0064162669588388,-0.0059635053150815,-200,0,0,0,0,0,1,1,-2.35266588282704,0.589693333618197,-0.895632893817487,0,0,0
489,-201.623951041372,0.0331946314910341,0.874913073742563,0.0433243701086875,0.00148944967131031,-0.0167390196129921,-201.55899871816,0.00825659012939851,1.07716398946893,0.0469711400838798,0.00444919882030874,-0.0156197903713954,-200,0,0,0,0,0,1,1,-1.5791165720687,-0.461433062289671,-0.59234894179831,0,0,0
490,-201.581551312598,0.0344533491396912,0.858177117884327,0.041475187322073,0.00102798030665086,-0.0167321059561251,-201.613495240385,0.0129193696840319,0.808657603852793,0.0473100773329286,-0.00294909021221864,-0.0208040324518159,-200,0,0,0,0,0,1,1,-1.50401725252293,0.2690702818538,0.463088037476004,0,0,0
491,-201.540711329751,0.0356158559104291,0.841893478688643,0.0402052621041825,0.00129702728322908,-0.0158346377170395,-201.430136562148,0.0963136244911159,0.843822692082922,0.0383318054131578,-0.0154370691692713,-0.0323067341780287,-200,0,0,0,0,0,1,1,-0.972907417019683,1.3510796679449,1.54302803363703,0,0,0
492,-201.500645138295,0.0375884253576785,0.826851490008906,0.0399279000255826,0.00264810552159163,-0.0142492341302504,-201.627584750714,0.150815047413201,0.682179439280167,0.0238401599475904,0.00644520514877211,-0.0214259704443133,-200,0,0,0,0,0,1,1,0.871153506669455,-0.946150609703613,0.778238165870996,0,0,0
493,-201.460235084259,0.039763471154035,0.812612040415678,0.0408923122120579,0.00170197989287496,-0.0142300925496452,-201.324342176879,0.178203005651987,0.833647230356294,0.046561539738827,0.00291917389809231,-0.0251624716337621,-200,0,0,0,0,0,1,1,-2.0074696201257,-0.648323401113205,0.848952702663623,0,0,0
494,-201.420099367467,0.0411412786891126,0.799123673133104,0.0393798556076061,0.00105362791677858,-0.0127460030657731,-201.526942398233,0.112928452895936,0.733977932353998,0.0410787341440955,0.00654184097527965,0.00552806106121221,-200,0,0,0,0,0,1,1,-1.05398861794323,-0.880041003319837,-2.02076197082922,0,0,0
495,-201.381759255194,0.0417548681153996,0.785636498053439,0.0372998223927497,0.000173544849469205,-0.0142274674827553,-201.230061439468,0.115003385866523,0.804654744194271,0.0397976597291337,0.00199904477437175,-0.013061894461392,-200,0,0,0,0,0,1,1,-1.5196430939783,-0.429911249170221,-0.303120042249338,0,0,0
496,-201.345283461965,0.0417134440780841,0.771533370190322,0.0356519654426376,-0.000256398410400954,-0.013978092713874,-201.296501444737,-0.0967782983889977,0.809149687877251,0.0305306106127094,0.00137827031264311,-0.00811791880694564,-200,0,0,0,0,0,1,1,-0.460058171797384,0.055729565513684,-0.806507495059938,0,0,0
497,-201.310116563169,0.0414849040090277,0.757202602040503,0.0346816206198966,-0.000200686377822202,-0.0146830404331247,-201.425536114705,0.00200261217890535,0.767438604537507,0.025905690560753,0.0105537412413361,-0.0115124818516462,-200,0,0,0,0,0,1,1,0.260503173335288,-1.05937934849142,-0.383629023910396,0,0,0
498,-201.275502954386,0.0407545318477346,0.742175399564835,0.0345453930030258,-0.00126006502213192,-0.0153713215576834,-201.13805328651,-0.029496094089326,0.900594440518054,0.0306787815723375,-0.0100048826603469,-0.0112435741573693,-200,0,0,0,0,0,1,1,-0.791771584213517,1.05948045421334,-0.676831465299175,0,0,0
499,-201.241556430326,0.0400241986359777,0.72659111661037,0.033347563466104,-0.000200606935963537,-0.0157967475112399,-201.268154701113,0.0228290566319922,0.735254790903485,0.0572277476174938,-0.00806921479507019,-0.00621356913476274,-200,0,0,0,0,0,1,1,-3.18646535952385,0.761263366243034,-0.849152668330695,0,0,0
500,-201.209892516688,0.0402041929499231,0.711097588744785,0.0299806131140737,0.000560586970937859,-0.015188881187011,-201.073956815543,0.209042350717614,0.801897708397906,0.00744426643120406,0.00202921567543882,-0.00878807711485305,-200,0,0,0,0,0,1,1,1.40348698796536,-0.62100626897911,-0.724987705310508,0,0,0
501,-201.179567465418,0.0404542895373866,0.695138266512879,0.0306689183705651,-6.04007614965605E-05,-0.0167300755405918,-201.090268066716,-0.0343932846984797,0.80725624627787,0.0215078221143621,-0.00320070144643782,-0.023405863909826,-200,0,0,0,0,0,1,1,0.0297539219949265,0.388856714040741,0.72607389842686,0,0,0
502,-201.148794655163,0.0405883243885899,0.678606943497833,0.0308769628730766,0.000328464482969969,-0.0163326749416076,-201.142602222126,0.015506386474602,0.59222514518945,0.0300377725819715,0.00701565568960969,-0.0122703602617899,-200,0,0,0,0,0,1,1,-0.718572813945122,-0.732578341910173,0.0425857358000936,0,0,0
503,-201.118307243999,0.040550496066928,0.662360817559669,0.0300980230513475,-0.000404126947956756,-0.0161592616798484,-201.063939236781,0.130222616911022,0.571284628656613,0.0352149474282679,-0.00151183732555955,-0.0185152179701745,-200,0,0,0,0,0,1,1,-1.3936162692638,-0.109261501266088,0.708952539704228,0,0,0
504,-201.088726393479,0.0400917317635266,0.64674569667423,0.0290642333280101,-0.000513406973672468,-0.0150705546959461,-200.987354440842,0.110594832987919,0.618076396962693,0.0432644848642726,-0.0081785241892517,-0.00991177998423793,-200,0,0,0,0,0,1,1,-2.35173960474426,0.596662752949331,-0.244974795501594,0,0,0
505,-201.060830273756,0.0398766351773555,0.632044164223241,0.0267284094547083,8.32087053631123E-05,-0.0143315290708796,-201.112176996483,-0.0929297238195884,0.564703389128011,0.0165201270477941,0.00767021785590121,-0.00825285594772821,-200,0,0,0,0,0,1,1,0.572341288187582,-0.581162337950944,-0.3041211834832,0,0,0
506,-201.034014714324,0.0396692687190769,0.6173323897037,0.0269024730544236,-0.000497946165071008,-0.0150921100567159,-200.901153571046,-0.0269071055360347,0.615182936918371,0.0269421606545517,-0.0154929462600963,-0.0052530873538253,-200,0,0,0,0,0,1,1,-0.891908923362842,1.6031088370817,-0.705057138454212,0,0,0
507,-201.007760612303,0.039972867819941,0.602050249725473,0.0256056573516712,0.00110513810605293,-0.0154716362623681,-200.983200519942,0.026869790014612,0.581136596384856,0.0101063501482083,-0.0155353312082832,-0.0220089212997296,-200,0,0,0,0,0,1,1,0.955766025063377,1.49979354079909,1.03861893720325,0,0,0
508,-200.981568099454,0.0418279203097278,0.586685564795995,0.0267795460520332,0.00260496107770994,-0.0152582498358677,-201.112335155193,-0.0083510140572431,0.536495649240829,0.0177421097312734,-0.0113180475006907,-0.0332997044141677,-200,0,0,0,0,0,1,1,0.450459337259272,1.14850677818355,2.25697914293511,0,0,0
509,-200.954116016422,0.0450071541768296,0.572186697041627,0.0281253526392136,0.00375350112546994,-0.01374007399877,-200.778138535904,0.0419820228610268,0.510975205622847,0.0220723259128623,0.00683907260974689,-0.00189969246014066,-200,0,0,0,0,0,1,1,-0.650955519477626,-0.767871306696743,-0.831981165231628,0,0,0
510,-200.926564942553,0.0483767126272705,0.558141878577027,0.0269766262069331,0.00298560839996632,-0.0143490925373945,-200.831407170596,-0.0160097794173882,0.632265720048559,0.0204759237633822,-0.0120238048574173,0.00826281653398033,-200,0,0,0,0,0,1,1,-0.384778035145751,1.23440004457651,-2.09081309349515,0,0,0
511,-200.900363019694,0.0519795092498524,0.542877969000403,0.0254265303855653,0.00421997824063709,-0.0161780853850363,-200.998936029489,0.138230435367341,0.742657906149395,0.0222577049416769,0.00409183446118944,-0.010735238323623,-200,0,0,0,0,0,1,1,-0.227898435190678,-0.685644316853626,-0.411791979936493,0,0,0
512,-200.875224474355,0.0558566635602865,0.52647404585566,0.0248504567125965,0.00353432510515503,-0.0166295328783273,-200.867186466476,-0.0433827420300592,0.432071889784467,0.0120427656373339,0.00989744960270596,-0.0168341186989127,-200,0,0,0,0,0,1,1,0.530096369219234,-0.902979476210478,0.819268090322334,0,0,0
513,-200.850025500358,0.0589395113586496,0.50996138973979,0.0255476781422488,0.00263136462664934,-0.0163960897851655,-200.839122996058,0.0111874323105565,0.633476897906593,0.015791008424774,0.0219866867667946,-0.00571669613415799,-200,0,0,0,0,0,1,1,0.0991451496393885,-2.22104354130057,-0.695284182397386,0,0,0
514,-200.824695762994,0.0604603544975434,0.493135008206011,0.0251115187431761,0.000410315325592956,-0.0172565053985789,-200.935149462786,0.12163232381523,0.510350905484658,0.0180791972445674,0.00392206074610393,-0.0395920289457598,-200,0,0,0,0,0,1,1,0.0623792011155473,-0.635470722240853,2.93850108360667,0,0,0
515,-200.798904019325,0.060552954180741,0.477027708470505,0.0264730261193015,-0.000225121968719337,-0.0149586848621344,-200.737765405007,-0.0347947761417184,0.477279980652998,0.0280664363359337,0.0102906294580018,-0.0209867947346601,-200,0,0,0,0,0,1,1,-1.33111282357915,-0.959473393516745,1.14411951216002,0,0,0
516,-200.772801698822,0.0598480924538242,0.462793054281926,0.0257323113274841,-0.00118460793216958,-0.0135103283239986,-200.82407097247,-0.0430131759565478,0.421323267791739,0.0360849774897349,-0.00207541138301686,-0.0140243047726105,-200,0,0,0,0,0,1,1,-1.96035580403395,0.293567490214782,0.559783941677576,0,0,0
517,-200.747857118879,0.0588102556100387,0.449914361803059,0.0241574671335267,-0.000891071292007387,-0.0122464059127926,-200.812229623735,0.0133746290755482,0.45169008959599,0.0237845109259293,0.00911131554795505,-0.00522036077763342,-200,0,0,0,0,0,1,1,-0.753991845122946,-0.937880812946602,-0.381344101428637,0,0,0
518,-200.724203139098,0.0574502375303252,0.437590540935023,0.0231505122629349,-0.00182897051658171,-0.0124008250823687,-200.836931598692,-0.0357635498754139,0.481615796345129,0.0266777151091513,0.00117345185542641,-0.00436451444806648,-200,0,0,0,0,0,1,1,-0.993908313530293,-0.0458180857918132,-0.52678014788361,0,0,0
519,-200.701696332052,0.05559834817786,0.425111583799838,0.021863121963947,-0.00187481313879144,-0.0125565604590278,-200.676829567081,0.210181398935096,0.579164150418828,0.026661694514355,-0.0235923583217368,-0.0199477196941475,-200,0,0,0,0,0,1,1,-1.31251031727287,1.93887303430349,0.836443668577096,0,0,0
520,-200.680268469695,0.0546929663434727,0.413146709215485,0.0209931835908808,6.40443057681094E-05,-0.0113728390094746,-200.647429192317,0.126508621892629,0.464607180472545,0.0102213846684508,0.000197514338929411,-0.0254374162224241,-200,0,0,0,0,0,1,1,0.272719917789755,-0.272768677678199,1.61452726129732,0,0,0
521,-200.658828416018,0.0546206409555635,0.402299157590617,0.0218874472954189,-0.000208701504831968,-0.0103226541105767,-200.794046890047,0.0206140762703291,0.522582722030628,0.00366892975567771,-0.0115290346913404,-0.0222475824208627,-200,0,0,0,0,0,1,1,1.22120080452523,1.11167531659338,1.17959279802502,0,0,0
522,-200.636194843844,0.0549677980771765,0.392072174152613,0.0233798610420996,0.000903009803275836,-0.010131951328334,-200.744497864299,0.0435311671123921,0.362817420599423,0.00638789089887459,-0.0151664471050434,-0.0133449084695491,-200,0,0,0,0,0,1,1,0.850206638710554,1.42958237627955,0.608856005756063,0,0,0
523,-200.612373360284,0.0565856132393716,0.381882886366601,0.0242631417083495,0.00233261490498747,-0.0102470055749853,-200.547436167977,0.0194622645802875,0.395891178594207,0.0191557866038449,0.0185073644216119,-0.0141904294148086,-200,0,0,0,0,0,1,1,-0.820706324429981,-1.88966097132176,0.627260584292442,0,0,0
524,-200.588382365459,0.057973396366144,0.372011459648576,0.023719246232716,0.000442945328463039,-0.00949563181355795,-200.640023932029,-0.0784296161477149,0.417593190510701,0.0310099915341816,-0.00688324953254071,-0.0116353008730914,-200,0,0,0,0,0,1,1,-1.82095128936088,0.845184185549501,0.328343706287733,0,0,0
525,-200.565440404364,0.0588389219611868,0.363019025039568,0.0221651790328781,0.00128809874888148,-0.00848859864000329,-200.636728774967,0.0524930601627423,0.386214001479311,0.0311135971298346,0.0163644459631557,0.000135298023870536,-200,0,0,0,0,0,1,1,-1.83790216304873,-1.74143071664105,-0.785957805345676,0,0,0
526,-200.544343245848,0.0592562869675652,0.354561127707402,0.0200292446904284,-0.000453375280323967,-0.00842631560672599,-200.393302050432,-0.0334642814746146,0.275131527563579,0.0284071830353709,-0.0128156572768363,-0.0020872262059979,-200,0,0,0,0,0,1,1,-2.05411420267241,1.34849429063286,-0.341540434527369,0,0,0
527,-200.525360759839,0.0594771405545717,0.346414374399333,0.0179360417493493,0.000895076491378266,-0.00786632991201194,-200.360455502319,0.0493634581091702,0.244257153525143,0.0205941285946574,-0.00538859669143192,-0.000574919356218812,-200,0,0,0,0,0,1,1,-1.33850185482743,0.440132752924852,-0.431022371428404,0,0,0
528,-200.508186327032,0.0605922716116393,0.338608248701897,0.0164129535290829,0.00133517925299578,-0.00774529958933204,-200.492412651383,-0.0422396609160292,0.270222477217335,0.0222190409394393,-0.00702621825493966,-0.0158266840428774,-200,0,0,0,0,0,1,1,-1.23707879117752,0.787101147326025,1.04222344985308,0,0,0
529,-200.492112712769,0.0623209995971724,0.331530988842287,0.0157349091282439,0.00212226848866303,-0.00640894957915503,-200.414509468199,0.0362490781678049,0.308849337282466,0.0141590471384316,0.00103036002891706,-0.0093646881484889,-200,0,0,0,0,0,1,1,-0.586885777444332,-0.175534159227316,0.318770140283957,0,0,0
530,-200.476622501381,0.064355500128731,0.325313462983139,0.015245751162953,0.00194672674972966,-0.00602591237589856,-200.406370411425,-0.0122770302132355,0.136030692451476,0.00483659053725549,0.00249254545896902,-0.00419350210390863,-200,0,0,0,0,0,1,1,0.32908176912434,-0.224700485470431,0.147288825487912,0,0,0
531,-200.461272348658,0.0661898837076517,0.319170151918164,0.015454538679077,0.00172203409621226,-0.00626080512902724,-200.343956060857,0.105402304318286,0.217969884312164,0.0304544406636165,0.00272065697498732,-0.00969881303437799,-200,0,0,0,0,0,1,1,-2.35753194464791,-0.482870306135305,0.53394153481347,0,0,0
532,-200.446764570081,0.0676704668884563,0.313650155436945,0.013561710709184,0.00123912515425638,-0.00477841191272313,-200.477515109337,0.11283098347458,0.400548064457503,0.0171163736912148,0.0123269331158843,-0.00146955035932913,-200,0,0,0,0,0,1,1,-0.756607150447324,-1.45835527853759,-0.654141092982093,0,0,0
533,-200.433768941335,0.0681804065234912,0.308692760120988,0.0124294750669479,-0.000219251586311545,-0.0051359215567601,-200.505676857224,0.124732252858638,0.499464864365705,0.00987195665172099,0.00248252305109276,-0.00657984859824638,-200,0,0,0,0,0,1,1,0.0241580492768447,-0.497716810826553,-0.340944868906772,0,0,0
534,-200.421490671427,0.0677122973414805,0.30331133837112,0.0121269392251253,-0.000716971679049061,-0.00562680889495307,-200.436190349675,0.0240471081533891,0.0488930928376451,0.003925395441221,0.00520393546956103,-0.00577812564621804,-200,0,0,0,0,0,1,1,0.479841155227505,-0.568487763262881,0.480026378946514,0,0,0
535,-200.409107815968,0.0667110915792724,0.297672501391644,0.0126388381731293,-0.00128544511665458,-0.00565108917525792,-200.477869688113,-0.0383113589103656,0.203385421969716,0.0130692878782642,-0.021492033339477,-0.0245780875641397,-200,0,0,0,0,0,1,1,-0.351189411600466,2.22582605176843,2.05103791247454,0,0,0
536,-200.396160766265,0.0665385702845186,0.292895817892543,0.013256060675141,0.000940396813574406,-0.00390254607052604,-200.46603498236,0.00391883864353754,0.0435860488878941,0.00916106474863048,0.00645405966215787,0.0089065357232004,-200,0,0,0,0,0,1,1,0.0159634898564124,-0.653243643502862,-0.977825670095828,0,0,0
537,-200.383223702559,0.0671523423108969,0.288477355257824,0.0126177168886313,0.000287142744667352,-0.00493412678993632,-200.401250922175,-0.0300395918967578,0.420708740384889,0.0193364348915802,-0.0287394229821812,-0.00285906574666171,-200,0,0,0,0,0,1,1,-1.13114164480707,2.93402148201164,-0.555510906103608,0,0,0
538,-200.371306153836,0.0689064850675987,0.283506704068759,0.0112174259329434,0.00322113678381426,-0.0050066088820063,-200.349616761499,-0.0106263340134968,0.18475919335034,0.0129345964518016,0.00388406772390091,-0.00651588042109926,-200,0,0,0,0,0,2,1,-0.594226122182631,-0.367154104363098,0.282069655409246,0,0,0
539,-200.360341454581,0.0719440435601591,0.27868299208866,0.0107122004013454,0.00285397456017085,-0.00464061770458471,-200.380558826933,0.192990216216593,0.442832905037081,0.0159330191041879,0.00503191922746898,-0.0178537250056694,-30,0,0,0,0,0,0,2,339.167815743447,-0.889172355180084,0.899706690492774,0,0,0
540,-200.204764718896,0.0743566403878485,0.185903525560575,0.30036873078682,0.0019712132838053,-0.181037676491253,-200.313315383087,-0.0199175366614498,0.183642982881347,0.306901858412261,0.00939076291000117,-0.199033223217726,-30,0,0,0,0,0,0,2,309.936444924948,-0.899241217677217,19.5360363560099,0,0,0
541,-199.767348490739,0.0758812676349303,-0.0680520125142151,0.574403958208843,0.0010780359610046,-0.326986146120279,-199.777741119103,0.215994393477714,-0.0251390837123016,0.56935959397324,0.0205695015568685,-0.308228293718333,-30,0,0,0,0,0,0,2,282.619522840881,-2.48893894264228,30.8731075392579,0,0,0
542,-199.064755234576,0.0757176735350685,-0.456320481881532,0.830732566331739,-0.00140523023350134,-0.449656077597926,-199.103816738143,0.176755114042337,-0.59239961136193,0.827047549551384,-0.0137352953770818,-0.457084469300672,-30,0,0,0,0,0,0,2,255.502878521148,1.02001930962351,46.893246152791,0,0,0
543,-198.11334119526,0.0748251233973288,-0.953651334099959,1.07205689068451,-0.000379874154665093,-0.545104571736013,-198.076980206152,0.00119484146175547,-1.00612406728962,1.0651671788744,0.00878573831967256,-0.561571325112332,-30,0,0,0,0,0,0,2,229.637242524864,-0.880963514890767,58.1693806458124,0,0,0
544,-196.928775979329,0.0740072566901991,-1.53514593541384,1.29704433713139,-0.00125586532624707,-0.617976702731908,-196.797197040975,0.0933467280111191,-1.58503713012118,1.29214982531042,0.0129631886042692,-0.60830244981937,-30,0,0,0,0,0,0,2,204.379411550907,-1.48301231644916,64.0003192421793,0,0,0
545,-195.528529324058,0.072012167733078,-2.1806775384226,1.50342714658704,-0.00273431801055631,-0.673170780991202,-195.549131648143,0.0367169341594658,-2.08378529101927,1.5095260240221,0.00251021661119629,-0.665995302351046,-30,0,0,0,0,0,0,2,180.145660894076,-0.324455529438561,70.7671008171431,0,0,0
546,-193.930494731368,0.069117712131269,-2.87240829008155,1.69262769111957,-0.00305459701998073,-0.710367812009598,-193.933165967375,0.164702862099682,-2.94885004614568,1.71309879981209,0.00742540001734568,-0.710658854109686,-30,0,0,0,0,0,0,2,156.556451953542,-1.07194572593393,76.9635855032599,0,0,0
547,-192.151700512178,0.0655290444941128,-3.59272470065467,1.86495353758347,-0.0041227434364516,-0.73033504725797,-192.200602357316,-0.0369239050266082,-3.47998259567115,1.87752208874858,-0.00571714036500855,-0.741373628765209,-30,0,0,0,0,0,0,2,136.648995839774,0.645561846554071,81.0973280678631,0,0,0
548,-190.207971890021,0.061730818504125,-4.32621571038487,2.02250212088807,-0.00347371264295022,-0.73671083329527,-190.205718326345,-0.0268596050358443,-4.39924849291191,2.01756216286716,-0.0114091235899293,-0.726735433835237,-30,0,0,0,0,0,0,2,118.655220365974,1.19463156906462,81.4720403693476,0,0,0
549,-188.114242677353,0.0588559911541441,-5.06136677625452,2.1649586223583,-0.00227594761026209,-0.733648868428929,-187.993106256008,-0.0823569951066823,-5.06102767682497,2.16247438929038,-0.00395011456178258,-0.719233817799428,-30,0,0,0,0,0,0,2,99.7387735829784,0.559725446391623,82.0454371335927,0,0,0
550,-185.885928383885,0.0568613003253075,-5.78838701413538,2.2916764594928,-0.00171343942817135,-0.72044263826251,-185.864613252317,0.166974472556924,-5.8947394025985,2.29032825852638,-0.0211725403617117,-0.723799797394265,-30,0,0,0,0,0,0,2,82.6964006519965,1.78330509105732,84.1694585446235,0,0,0
551,-183.537545531813,0.0560407584046176,-6.49694406525953,2.40510005112583,7.23500625376571E-05,-0.696716967072701,-183.173510401551,-0.0347239608176914,-6.66685398627333,2.4134811864802,-0.000774591985479711,-0.715391117491658,-30,0,0,0,0,0,0,2,64.9989021550828,0.146907120183354,84.8728197217125,0,0,0
552,-181.083025148012,0.0561876437512876,-7.17692538749506,2.50395548779375,0.00022141529249917,-0.663285146182561,-181.139546981369,0.0218852223854701,-7.11063451231314,2.50544813297131,0.00242909907524184,-0.653725215126528,-30,0,0,0,0,0,0,2,51.7342806656071,-0.286680352295124,79.5937905372791,0,0,0
553,-178.53662746918,0.0562666463612069,-7.82231221237889,2.58885558767238,-6.34152295670685E-05,-0.627522205260137,-178.406782565066,0.0700642248275695,-7.75923668174303,2.58700554622666,0.00902924551436851,-0.631033655552077,-30,0,0,0,0,0,0,2,38.1130105074653,-1.04305300109199,78.6218389186937,0,0,0
554,-175.911311069174,0.0556824987092363,-8.42883111637652,2.66179544945689,-0.00110488614576774,-0.585544362276719,-175.816248283252,0.0434499777278023,-8.65418490387959,2.66782214900723,-0.0041359387023674,-0.599370128416923,-30,0,0,0,0,0,0,2,24.8502816657805,0.326693914781136,77.2453826494514,0,0,0
555,-173.218981813523,0.0547416207997191,-8.99051411729812,2.72288360669555,-0.000776875560641047,-0.537845511060926,-173.307206007312,-0.158320172056665,-8.93637457881545,2.73111120822705,0.011009937004331,-0.548899342289143,-30,0,0,0,0,0,0,2,13.5032911919191,-0.784353356319773,72.7626833865452,0,0,0
556,-170.471498486488,0.0535730981089158,-9.50344538610382,2.77210441996714,-0.00156017559194843,-0.488036027294525,-170.455311753974,0.188015444496814,-9.59886919764102,2.76013735759825,-0.00874295897518091,-0.481684672733811,-30,0,0,0,0,0,0,2,4.89688774812356,0.498265008524463,67.3662056686631,0,0,0
557,-167.679809481683,0.0522624735196363,-9.96661203971605,2.81129490039723,-0.00106107891129535,-0.438312161994825,-167.683773508206,0.0420624765617636,-9.98567876598162,2.82028928309429,0.00708455577274108,-0.434524059512982,-30,0,0,0,0,0,0,2,-6.66138129301748,-0.792580530397635,63.4237634832614,0,0,0
558,-164.85480502527,0.0508053926574895,-10.3786804692579,2.83873640128136,-0.00185308916949206,-0.385834776511134,-164.996112817723,0.103643000306271,-10.4309998879889,2.82585861334123,0.00918513756470645,-0.396426447868813,-30,0,0,0,0,0,0,2,-12.5936356986766,-1.12579975708319,60.5046445628592,0,0,0
559,-162.005578918792,0.0483896197986807,-10.737949456268,2.85973841965775,-0.00297846265419127,-0.332710640950132,-161.995905542819,0.0239675596758062,-10.7266730893132,2.87788845542689,0.00665223611244804,-0.329764341857584,-30,0,0,0,0,0,0,2,-23.7970344570517,-0.713158730596416,54.4297803643847,0,0,0
560,-159.141640500563,0.0450546547348768,-11.0436836048067,2.86816131975705,-0.00369147322289356,-0.278759980228651,-159.147730502561,0.215234027175959,-10.9619675039602,2.8562828519998,0.00404276671728003,-0.293410332287108,-30,0,0,0,0,0,0,2,-27.332824194857,-0.834744726079921,51.2649682366312,0,0,0
561,-156.271551176084,0.040945835403446,-11.2958624310701,2.87203987103406,-0.0045261712415574,-0.225598140196065,-156.168771382038,0.00602991207865306,-11.1865683781218,2.86635818458779,-0.0159453791591607,-0.234927599267581,-30,0,0,0,0,0,0,2,-34.2982756947035,1.58247809175877,45.8658966830017,0,0,0
562,-153.401903209865,0.0372108333461902,-11.495289632312,2.86727822507632,-0.00294383715674504,-0.173253228008166,-153.419841612622,0.0464571272419673,-11.4275805455237,2.84864217692398,-0.00058525030203899,-0.18187526762828,-30,0,0,0,0,0,0,2,-38.0245344671534,-0.0343892242800356,41.0426878538755,0,0,0
563,-150.539817581913,0.0342496708471807,-11.6433955626548,2.85691432235224,-0.00297849364458155,-0.122953333107142,-150.623026652644,-0.128101807501905,-11.7368232165669,2.83645903251768,-0.00741682010058234,-0.126893104025427,-30,0,0,0,0,0,0,2,-42.3998499464799,0.997885625062045,36.1629568356765,0,0,0
564,-147.691188777775,0.0317699215785084,-11.7420653521123,2.84036383745764,-0.0019810113992141,-0.0743784502115676,-147.580491141886,0.205245956384364,-11.7585401598161,2.84243260572031,0.0012385237056449,-0.0797363426151898,-30,0,0,0,0,0,0,2,-49.0822782882593,-0.534344283333217,31.4907145811512,0,0,0
565,-144.863122256512,0.0295214507489125,-11.7923051685872,2.81578959137117,-0.00251593645785218,-0.026090161868462,-144.923792773138,0.101181445439494,-11.805900983428,2.83017131744718,0.0176339087586739,-0.0418459535171344,-30,0,0,0,0,0,0,2,-53.169546198441,-1.96575376674638,27.7963973185694,0,0,0
566,-142.062286022629,0.0260222912711417,-11.7946768197112,2.78590287511415,-0.0044823886760601,0.0213600067430343,-142.216021496834,-0.197000915428094,-11.7561956137823,2.78793848504284,-0.0103814278182845,0.0164547211260376,-30,0,0,0,0,0,0,2,-54.3618055106161,1.43214461268464,21.8669191149608,0,0,0
567,-139.293379411004,0.0222555846549155,-11.7517321889507,2.75192858531956,-0.00305103009056461,0.0645440304743267,-139.292852956101,0.0558640087458197,-11.7133011444629,2.736842392893,-0.00694268540231144,0.0609270527350939,-30,0,0,0,0,0,0,2,-55.0985333770977,0.582540522739504,17.3338970154165,0,0,0
568,-136.559927821075,0.0194954028732286,-11.6672666654214,2.71499145045298,-0.00246933923909867,0.104402962745384,-136.663115311189,0.0892677066167568,-11.6141323495708,2.70758133145692,0.00680044690433454,0.125863779004727,-30,0,0,0,0,0,0,2,-57.4319025233129,-0.858580103666967,10.641886798669,0,0,0
569,-133.866155234701,0.0165962929449168,-11.5450759865229,2.67256882387447,-0.00332888649555246,0.13999651649582,-133.794523676966,0.22490852086932,-11.4631474142251,2.65695239851158,0.00885802617332226,0.120415051160482,-30,0,0,0,0,0,0,2,-58.1061924972263,-1.33561965907087,10.8847897124019,0,0,0
570,-131.214977449977,0.0125991109695994,-11.3869526322866,2.62980207303112,-0.00466548336497436,0.176268428247701,-131.287145739858,0.0397160537932923,-11.3405032612958,2.65321569805303,-0.00152543242557816,0.183788135212522,-30,0,0,0,0,0,0,2,-62.7472783255873,0.0731111349712316,4.30219300133932,0,0,0
571,-128.610255809625,0.00796961746039519,-11.1940076131817,2.57965533014009,-0.00459350926827372,0.209642766916958,-128.504380198882,-0.0113577121334112,-10.9423703881571,2.58067545740264,0.0252533474553117,0.205924662361508,-30,0,0,0,0,0,0,2,-61.0587853425005,-2.50261932126435,1.29227454016336,0,0,0
572,-126.055747616002,0.00212423267539963,-10.9693469869447,2.52937381175149,-0.00709726678607349,0.239699664781827,-126.102407755702,0.112229344392789,-10.9977248377531,2.52445164871826,-0.00250359420918742,0.232947522935465,-30,0,0,0,0,0,0,2,-60.2403493604225,0.0259007321331632,-1.29930261804025,0,0,0
573,-123.551844372077,-0.00496065644339187,-10.7158758422913,2.47844439444998,-0.00707251724761031,0.267264027735358,-123.559727752102,-0.12414782792335,-10.5722471428926,2.47801360851562,-0.00571808406314045,0.255624172298695,-30,0,0,0,0,0,0,2,-60.681905347358,0.820104062160744,-4.41792294408422,0,0,0
574,-121.099869973183,-0.0116237158242538,-10.4359635480504,2.42551518574486,-0.00625360693169347,0.292582726383549,-121.081649781244,-0.0490378689438506,-10.5368696014537,2.41335866633065,0.00903373393064791,0.29407504341827,-30,0,0,0,0,0,0,2,-59.1725670705778,-0.80529765517709,-8.33376513891949,0,0,0
575,-118.701227755695,-0.0182805729696922,-10.1327187886627,2.37177841323208,-0.00706011281985253,0.313929242584296,-118.857821743975,0.059803954261437,-10.0671985773565,2.37479894060481,-0.0146397915061834,0.303799250361096,-30,0,0,0,0,0,0,2,-59.7642505725313,1.34437124209547,-10.2455278813965,0,0,0
576,-116.357064655661,-0.0246691176316181,-9.80869943545309,2.31655645833212,-0.00571698196200394,0.334132463444404,-116.37702344041,0.135070621213428,-9.83904842502066,2.32619777326085,-0.0189011392636348,0.321810699711076,-30,0,0,0,0,0,0,2,-59.8657304452644,1.61997268393662,-12.5029731210663,0,0,0
577,-114.068757092075,-0.0295767432520371,-9.46532524922302,2.26006663146467,-0.00409827634518302,0.352639373034025,-114.051590561497,-0.0198608611289316,-9.54013185028116,2.26264936373204,-0.00980851507591464,0.36969689618044,-30,0,0,0,0,0,0,2,-58.1617552502104,1.02057322984933,-17.8894259174817,0,0,0
578,-111.837676747536,-0.0331653760104301,-9.10609406831937,2.20209988329642,-0.00307899713387937,0.365846996975104,-111.868183271186,-0.119393426247109,-9.0045695750082,2.20952938140829,-0.000467267478209484,0.356168635645149,-30,0,0,0,0,0,0,2,-57.2165715984561,0.285513600315166,-17.6077244144985,0,0,0
579,-109.664073151887,-0.036102250905757,-8.73372449919322,2.14511305137583,-0.00279475662529693,0.378915717827669,-109.755968657531,-0.0423300007049047,-8.697838605341,2.14907726820421,-0.0126995432661778,0.368613799800432,-30,0,0,0,0,0,0,2,-55.3957895053591,1.35461432802759,-19.4657027693612,0,0,0
580,-107.547187840213,-0.0382203278797608,-8.34949173128478,2.08866233398277,-0.00144140140500037,0.389573141701762,-107.724127915296,-0.0423861029728929,-8.39359998576873,2.09073995385195,0.00633103134566612,0.381633185442485,-30,0,0,0,0,0,0,2,-53.6257395546035,-0.548330928620826,-21.3761185727111,0,0,0
581,-105.486524221423,-0.0399365146640451,-7.9558159948944,2.0326686743493,-0.00199097900046871,0.397801427666147,-105.545456510747,0.220152939200408,-7.9523060570883,2.04445910217039,-0.0104532202270709,0.401952963634034,-30,0,0,0,0,0,0,2,-53.3549971955453,0.605016144306272,-24.2906842492268,0,0,0
582,-103.482531474472,-0.0416256197132992,-7.55513421236431,1.97531959832895,-0.00138723639480613,0.403585723857675,-103.492614357713,-0.0690616780626821,-7.3477883309288,1.97544185683373,-0.000594446131282545,0.391901415689905,-30,0,0,0,0,0,0,2,-50.5589569679476,0.197567969253619,-24.4945649071329,0,0,0
583,-101.534768655163,-0.0429146801912426,-7.14945242324289,1.92020817576563,-0.00119089143543644,0.407800512809297,-101.58373753496,0.0981568340606959,-7.18701800713726,1.91381931748359,-0.00108133648734091,0.398853388680229,-30,0,0,0,0,0,0,2,-48.2144566784392,-0.0881800193873006,-25.5113028537484,0,0,0
584,-99.6414131584494,-0.0441502539344583,-6.74055837369496,1.86650414078525,-0.00128026137177529,0.410009644180733,-99.7529160475525,-0.25235166469354,-6.8682895370779,1.86664124468239,-0.00856209480734301,0.412436696940765,-30,0,0,0,0,0,0,2,-47.1582923731338,1.36091281012138,-27.5070906199207,0,0,0
585,-97.8018682509371,-0.0447506516925684,-6.33051264448276,1.81258614853559,7.94595530779198E-05,0.410103915398907,-97.6988347950628,0.0319399628627307,-6.20362192480336,1.81488096920925,-0.00525526386557281,0.426130962802663,-30,0,0,0,0,0,0,2,-46.0904273307991,0.46164646083182,-30.2058524306596,0,0,0
586,-96.0165406859618,-0.044440966630743,-5.92172604615511,1.75806837200974,0.000539904665370093,0.407491572017751,-96.0778757286615,0.0830082494266757,-5.71477744894613,1.76752833930983,0.00450606532101291,0.409001410851819,-30,0,0,0,0,0,0,2,-44.5970824736596,-0.616623030954643,-29.4705861872897,0,0,0
587,-94.2849073120898,-0.0442099533262942,-5.51559190362099,1.7051977185437,-7.78834566274675E-05,0.404798310535083,-94.3858827786331,0.051550711412105,-5.70147988868126,1.72194922449142,-0.00564474211952885,0.389118172173095,-30,0,0,0,0,0,0,2,-43.4231568918756,0.461372789128675,-27.508857439947,0,0,0
588,-92.6051144946793,-0.0440577085613172,-5.11159485214568,1.6543876790444,0.000382367926682872,0.403216538564047,-92.5558864915239,-0.128611428648035,-5.043826758899,1.64842389682245,0.0166964148575382,0.411809956875202,-30,0,0,0,0,0,0,2,-39.7306166991971,-1.41241862845775,-31.0933421697222,0,0,0
589,-90.9755901794255,-0.0443820925295091,-4.71163270347447,1.60465877630179,-0.0010311417558558,0.396728036620994,-90.9609814487658,-0.144413213453492,-4.72648698371786,1.58462929293516,-0.011425534673158,0.390787949102073,-30,0,0,0,0,0,0,2,-36.5409663959842,1.43137989422279,-29.6258209427716,0,0,0
590,-89.3940674956919,-0.0446980487017415,-4.31837362289196,1.55838423553897,0.000399223384126792,0.389809009099828,-89.4418039411138,-0.12860778430082,-4.29377537474435,1.55919512282109,-0.00428001717343106,0.373382032813224,-30,0,0,0,0,0,0,2,-37.0359043998812,0.685217285944746,-28.7506525318337,0,0,0
591,-87.8587888060877,-0.0439567210063133,-3.93147564576785,1.51217121565086,0.00108342618107731,0.384005765398689,-87.8488888396839,0.005744517099054,-4.02095486980713,1.51748907104521,0.0104640360722498,0.388617092055057,-30,0,0,0,0,0,0,2,-36.0511294251535,-1.05789264142309,-30.8197994658915,0,0,0
592,-86.3698956450354,-0.0434027479653008,-3.55145805575196,1.46561232566322,2.45149255070499E-05,0.376048326444204,-86.1663829345502,-0.119014523238345,-3.78835708223209,1.46019169290822,0.00265389019692112,0.398914938539296,-30,0,0,0,0,0,0,2,-33.6864034217211,-0.0273599732154221,-32.3147796894654,0,0,0
593,-84.9270044564188,-0.0433924052823901,-3.18062073881142,1.42016630725464,-3.83543487750575E-06,0.365644746036174,-84.9743946276191,-0.130816879882589,-3.20229453635962,1.41655694427834,0.00415090472819703,0.369148802492385,-30,0,0,0,0,0,0,2,-31.7069051725962,-0.153456713054525,-30.5102911765192,0,0,0
594,-83.5282457222254,-0.0434734319755365,-2.81993510564388,1.37734760604333,-0.000158225377571162,0.355743894961513,-83.5893551219372,-0.0797052073200041,-2.68815992633126,1.38909376567862,0.000506814725424605,0.356288766181015,-30,0,0,0,0,0,0,2,-31.7306663239877,0.108728942097548,-30.252556765439,0,0,0
595,-82.1722542015312,-0.0435777552443035,-2.46898470029754,1.33463200336326,-5.04272749698334E-05,0.346174208526072,-82.0871279881083,-0.105868504373824,-2.49696834847213,1.33771479063414,-0.0213083978974266,0.342063976436538,-30,0,0,0,0,0,0,2,-29.5972230871969,2.34257679849031,-29.2124609467095,0,0,0
596,-80.857813410537,-0.0424573312997394,-2.12771747392463,1.29424605196115,0.00229127036077533,0.336376595685162,-80.6722066130502,-0.0356868703815351,-2.02323381901388,1.29167069365631,-0.019955653702157,0.340317113887779,-30,0,0,0,0,0,0,2,-27.8226561395307,2.06693911097877,-29.9852437507501,0,0,0
597,-79.583250218553,-0.039133015882633,-1.79701572704011,1.25487620333503,0.00435735531468972,0.32504281862722,-79.6569223705805,0.00183639361484125,-1.93916610692867,1.24836854422651,-0.0195736936461323,0.335244285377564,-30,0,0,0,0,0,0,2,-25.5230096814899,1.95369657738355,-29.646096323899,0,0,0
598,-78.3470219337785,-0.0337992131083623,-1.47810402755592,1.21757587964964,0.00631024485939334,0.312795660378095,-78.2583839364433,0.119937712760401,-1.31910383394915,1.23588733541022,0.0187572746600789,0.329546759067977,-30,0,0,0,0,0,0,2,-27.0719656681358,-2.11560289152869,-30.3164682388994,0,0,0
599,-77.1489365012481,-0.0285471885202905,-1.17123714767311,1.17859065441203,0.00419379834486379,0.300953799636649,-77.2156079395441,0.037286226146217,-1.15977973813887,1.17428745456687,-0.0107386878065591,0.285275865898485,-30,0,0,0,0,0,0,2,-22.997529577599,0.999296328363478,-26.2080271135708,0,0,0
600,-75.9870099268053,-0.0238540995903794,-0.875610002113607,1.14525862595118,0.00519237303609204,0.290313965895371,-75.9424668935131,0.133407127159361,-0.85052339085561,1.1440525814903,0.018373144703655,0.278231962717946,-30,0,0,0,0,0,0,2,-22.5203243620039,-2.10412872468422,-26.1221494900834,0,0,0
601,-74.858205485366,-0.0197141439820866,-0.590680972788636,1.11234634032984,0.00308753262440195,0.279557373736966,-74.9937866579064,0.0105106528289039,-0.451813296647465,1.11650910287086,-0.00484305442078553,0.283677792400641,-30,0,0,0,0,0,0,2,-21.6633369712731,0.463284136420746,-27.4641526467692,0,0,0
602,-73.7623487551864,-0.0163953215652781,-0.317264504622264,1.07936261695268,0.00355010651672949,0.267288842441732,-73.8008982584432,0.0623020207286431,-0.175463377894869,1.07946966470321,0.00233202223865027,0.270393327263788,-30,0,0,0,0,0,0,2,-20.3451699534342,-0.357806265322313,-26.6884059705891,0,0,0
603,-72.6987261849391,-0.0130244538124594,-0.0561278744931331,1.0478780107809,0.00319162340101442,0.254997085780987,-72.6558706641363,-0.0722459589838094,-0.203839343930671,1.06501920323543,0.0178234934028899,0.254366099429186,-30,0,0,0,0,0,0,2,-21.1901789952702,-1.63785742232137,-25.0289312550573,0,0,0
604,-71.6664822937092,-0.0106520940042574,0.193678411469907,1.01660599979668,0.00155309139508851,0.244628042364182,-71.7845342319641,0.134699967831284,0.37679817783857,1.00763930146173,0.00198640108763511,0.244370337817774,-30,0,0,0,0,0,0,2,-17.1948616822447,-0.468040044426078,-25.1906301374546,0,0,0
605,-70.663919066218,-0.00933332031265888,0.431958030075818,0.988515789922649,0.00108445039088448,0.231942496759342,-70.7050048148628,0.0134245228210091,0.443674698343258,0.986503013244961,0.005252029197814,0.2457242199024,-30,0,0,0,0,0,0,2,-17.2402916947706,-0.552051965423418,-25.4597713869265,0,0,0
606,-69.689554860791,-0.00852519586353688,0.65748786387084,0.960207905893496,0.000531793658905628,0.219128530658343,-69.7031901514247,0.034257693306825,0.733491679483903,0.970727819843801,0.000168598403334746,0.219360509362574,-30,0,0,0,0,0,0,2,-17.6664016815308,-0.0853752269471246,-23.4030342952252,0,0,0
607,-68.7431059956254,-0.00803638217086673,0.871206072315283,0.932685882693537,0.000445828186859909,0.208318916055575,-68.8767478283251,-0.115362769084666,0.902197257342742,0.952309060302558,-0.00553662273040855,0.220297253279957,-30,0,0,0,0,0,0,2,-17.4774103736057,0.784387811210186,-23.8341198426812,0,0,0
608,-67.8242352982437,-0.00719865315451688,1.07391660903923,0.905051418826305,0.00122962459126921,0.19711320668141,-67.7992292942874,0.0409099677505377,1.13752294503578,0.887070227168048,0.0146514827634137,0.204606803223883,-30,0,0,0,0,0,0,2,-13.1085641282299,-1.54696821184245,-22.7357262124599,0,0,0
609,-66.9309010142138,-0.00674275816636345,1.26466714930719,0.881612477458088,-0.000317840513280218,0.184397286209038,-66.8310783460918,0.0335578442114083,1.35561347608804,0.878510241687405,-0.00384040367268139,0.196997140153988,-30,0,0,0,0,0,0,2,-14.1888674765569,0.316924678845323,-22.4109409675749,0,0,0
610,-66.0613719508252,-0.00690239017761564,1.44317050245139,0.85744134160102,-1.42955899175441E-06,0.172619094469554,-66.0616018303665,-0.0818639834639805,1.42211645786342,0.84723884422393,0.00111412113470614,0.189560668965189,-30,0,0,0,0,0,0,2,-12.6006807616599,0.052315853457347,-21.8002998122457,0,0,0
611,-65.2152001264404,-0.00687789711334387,1.60972416203598,0.834897866289814,5.04092483626592E-05,0.160497247582314,-65.0550273901793,-0.0670083824933284,1.72080152071235,0.843754991219424,-0.00260652964671349,0.160570565062454,-30,0,0,0,0,0,0,2,-14.2654443415839,0.394669729658006,-19.4986595476701,0,0,0
612,-64.3916141242612,-0.00663039142382445,1.76560303661405,0.81227080654325,0.000444595767178432,0.151269535059181,-64.5387403906693,-0.0622378088812045,1.71703702667858,0.804230512614201,-0.00529178524671064,0.159306504212527,-30,0,0,0,0,0,0,2,-11.3455704800814,0.653654142433473,-19.3647244746098,0,0,0
613,-63.5894274386843,-0.00585917947068485,1.91150414995469,0.792098660824496,0.00109782327826701,0.140540766556686,-63.8276192734577,-0.0936004843931057,2.03907733673584,0.776230590412139,0.0037782728167364,0.139889661781897,-30,0,0,0,0,0,0,2,-9.96782049429846,-0.190626312887429,-18.0671208516614,0,0,0
614,-62.8064886503389,-0.00485685964822875,2.04684042266471,0.773775139404812,0.000906810582051147,0.130139127603084,-62.8362714316755,-0.0657731575545385,2.07489323753848,0.75123887161721,0.00345286677904895,0.134320738109734,-30,0,0,0,0,0,0,2,-9.45134429837,-0.213740362795818,-17.5818602860504,0,0,0
615,-62.0415341401233,-0.00405710183213883,2.1718487228984,0.756130164133027,0.000692698900243026,0.11988454654254,-61.9831155711813,0.00226709287619153,2.3047259451075,0.756700347719475,-0.00890479062694704,0.0969230819457988,-30,0,0,0,0,0,0,2,-11.7038036295848,0.88594487694232,-14.3017600847949,0,0,0
616,-61.2942217389713,-0.00292161701509901,2.28861311816108,0.738492452692601,0.00157826594406738,0.113651296771332,-61.4057223468141,-0.0674175543039111,2.42368933937766,0.723764959193391,-0.00109030248301006,0.127636675607618,-30,0,0,0,0,0,0,2,-9.56505122571097,0.243865356908828,-17.6110462395171,0,0,0
617,-60.5646240847281,-0.00122160234739783,2.39719654688589,0.720699188362988,0.00182175751871661,0.103522654761991,-60.6450689628166,-0.0480196266267131,2.37387665594609,0.718913715664964,-0.0124315175887559,0.104037646740454,-30,0,0,0,0,0,0,2,-10.6012336408632,1.33919101212901,-15.1515179859376,0,0,0
618,-59.8525504445076,0.00126957067311649,2.4969772974421,0.703445435154408,0.00316058218230463,0.0960457192907433,-59.8650880764212,-0.0581872272588171,2.35534480704228,0.699996881633538,0.00109683323923903,0.0891180877086405,-30,0,0,0,0,0,0,2,-10.2695120105113,0.00669113059373128,-13.6224983849486,0,0,0
619,-59.1571640210013,0.00443332933943587,2.58983271985307,0.68732517311908,0.00316693000008025,0.0896715528843865,-59.1203064755593,-0.0340254130427861,2.51487660437355,0.678003543444155,0.00956464449965785,0.0930191599857906,-30,0,0,0,0,0,0,2,-9.5597413932969,-0.888413623880212,-14.3316692073261,0,0,0
620,-58.4778177071254,0.00715588591840747,2.67583915164576,0.671364855186109,0.00227817868371943,0.0823476618449602,-58.6062258519917,-0.131598325280105,2.58199881110318,0.674846674280606,0.0409064587563901,0.0910911381344647,-30,0,0,0,0,0,0,2,-10.2722157240771,-3.8274492250788,-14.2731114356528,0,0,0
621,-57.8147140865837,0.00752016765433831,2.75476952441706,0.654839974184447,-0.00154962104197375,0.0755196323103511,-57.8185677210069,-0.216976572980204,2.69346263866908,0.659409470235024,0.00579726949889951,0.0804355664500377,-30,0,0,0,0,0,0,2,-10.3038115814885,-0.145773803929542,-13.4304819223419,0,0,0
622,-57.1679130134952,0.00589749181711066,2.82724512534255,0.638760046780051,-0.00169573669668436,0.0694379382270583,-57.1543729395898,0.0114699661225184,2.99224992256554,0.625451010031456,-0.0100351330301212,0.0709306942576369,-30,0,0,0,0,0,0,2,-8.23635512396603,0.980573370767084,-13.0775692708948,0,0,0
623,-56.5362517150069,0.00469189520566724,2.8932066815064,0.62456009557266,-0.000715462277045631,0.0624908144566122,-56.4890798323786,0.0348960781606756,2.79910247945193,0.626842971629722,-0.00945459908673731,0.0590409865520104,-30,0,0,0,0,0,0,2,-9.70613749821508,0.875667752352379,-11.5023036141049,0,0,0
624,-55.9189436785978,0.00441411561652259,2.95330533047674,0.610054342299983,0.000159896066021719,0.0577122242593248,-55.8096722216977,-0.0397529148753841,2.90854041830137,0.61048341795544,0.00171005567612814,0.0456855460374562,-30,0,0,0,0,0,0,2,-9.42899735214864,-0.0914997378620461,-10.3856354403484,0,0,0
625,-55.3157107345665,0.00452811892151227,3.00901842423911,0.596410207256005,6.81044054474303E-05,0.0537193711550713,-55.0691190071055,0.0321550948570029,3.14738003446504,0.59008911711665,-0.00221872352013427,0.0617342484782922,-30,0,0,0,0,0,0,2,-8.87067369745387,0.157562162299421,-12.4681849167593,0,0,0
626,-54.726500080933,0.0046748553525226,3.05974383423027,0.582009010218029,0.000225362323995855,0.0477371284508857,-54.7620831018164,-0.0237942609794678,3.10765029488721,0.571715941031176,-0.00177676949830708,0.0652559598806689,-30,0,0,0,0,0,0,2,-7.64742789948481,0.225265471789644,-12.7408965778413,0,0,0
627,-54.1512769858622,0.00501271001562553,3.10403888570037,0.568434754835338,0.000450343650441122,0.0408583268977811,-54.1973974520354,-0.0239986569603037,2.99918473043068,0.561212322407157,-0.0104022380566049,0.0399229445994627,-30,0,0,0,0,0,0,2,-7.72643733664479,1.0882211195811,-9.99066392080762,0,0,0
628,-53.588871018753,0.00600703956441374,3.14261495023974,0.556375625002311,0.00153830931303967,0.0362985732674804,-53.6835875488942,0.0802019648075662,3.10958414291455,0.546225292087941,0.00707195653453083,0.030320879182754,-30,0,0,0,0,0,0,2,-7.25535411100561,-0.867599583068215,-9.25125620410451,0,0,0
629,-53.0381225283087,0.00711143266185049,3.17681016144409,0.545119936279634,0.000670471280583232,0.0320963082608676,-53.1538640426911,-0.128160598952635,3.04384453354919,0.526933194348253,0.00904277100474537,0.0353070753758627,-30,0,0,0,0,0,0,2,-6.38559134944315,-0.647955902569267,-9.61839660468465,0,0,0
630,-52.4983864512468,0.00745781603141715,3.20641454722348,0.53435050712828,2.22893131704876E-05,0.0271167290151119,-52.3172225749979,-0.0213152808571445,3.11562871614072,0.518860651523914,0.0199150091099876,0.0303869569370142,-30,0,0,0,0,0,0,2,-7.25162000239568,-1.94887034928447,-9.26995312598286,0,0,0
631,-51.9696760602801,0.0065055537549821,3.23144556776329,0.52306886785133,-0.00192681961904349,0.0229497587146524,-51.9662824621295,-0.0696529029687776,3.35311108699655,0.505868103168833,0.00333941532865331,0.0245382736836849,-30,0,0,0,0,0,0,2,-6.65424539262425,-0.194635726927776,-9.1600495423616,0,0,0
632,-51.4519766302282,0.00448130638091735,3.25219389223418,0.512328498198186,-0.0021216814486603,0.0185511246146763,-51.3915459080667,-0.0151518627849668,3.33101569139867,0.514482281694931,-0.00511264066595124,-0.000625848547427015,-30,0,0,0,0,0,0,2,-8.66513635335972,0.541567792165058,-6.59944652805463,0,0,0
633,-50.9450938262427,0.00263029401849196,3.27018260944316,0.501436841244966,-0.00158034961567231,0.0174305907903694,-51.0207722268723,-0.0947478454130454,3.32764066441296,0.500243785867324,-0.00566836768545381,0.0200855729137253,-30,0,0,0,0,0,0,2,-7.98283413298768,0.756332459371472,-8.66383862019845,0,0,0
634,-50.4494280275426,0.00142799035900104,3.28602609300403,0.489893719884061,-0.000824262893930646,0.0142608925529577,-50.5715421745106,0.081579394884068,3.27300148210217,0.476600395873628,-0.00180326754671189,0.0105872861324234,-30,0,0,0,0,0,0,2,-6.51695523834152,0.0171679649030525,-7.60473157744668,0,0,0
635,-49.9644042204764,0.00061221074961671,3.29871572954335,0.480152868544026,-0.000807301375003435,0.0111222132477636,-50.1941690736673,0.0234795968361403,3.23258406491831,0.49279554407452,-0.0013931534117202,0.0322441456380304,-30,0,0,0,0,0,0,2,-8.8912162601174,0.0923561474997395,-9.68958269363966,0,0,0
636,-49.4906968049646,-0.00014904718485583,3.30812560766158,0.467260832780098,-0.00071521936288384,0.00770254158980647,-49.6112851725087,0.157449865111803,3.16371527833385,0.492881240245564,5.39473389089484E-05,0.0011640960438964,-30,0,0,0,0,0,0,2,-10.0655536795391,-0.3202944641145,-6.44384016105734,0,0,0
637,-49.0294120951387,-0.00102454144195792,3.31579062788796,0.45530870108247,-0.00103577451037378,0.00763213616379768,-48.849075191756,0.259072883042232,3.21290473035361,0.46185077808268,-0.00164159167698999,0.00836818030935814,-30,0,0,0,0,0,0,2,-8.48692742475594,-0.353986598385464,-7.26262749164303,0,0,0
638,-48.5796788791948,-0.00223742626006802,3.32260517919765,0.44415726097133,-0.00139000098383465,0.00600129531718042,-48.5169776715926,-0.170305802194315,3.4297975889684,0.448872439198931,-0.00667670492318899,0.0142794191934446,-30,0,0,0,0,0,0,2,-7.85328857670777,1.00828209670753,-8.28753709728126,0,0,0
639,-48.1411420868752,-0.00312340340559453,3.32720096880447,0.432915415343606,-0.000381958047001892,0.00319463812688197,-48.1704791943622,0.0278716224421255,3.59852759829272,0.438963589449123,0.019898345574697,0.00187756246798478,-30,0,0,0,0,0,0,2,-7.55540055618796,-2.04557780235395,-7.38481144338392,0,0,0
640,-47.7134644363543,-0.00452825881280558,3.32928133854569,0.422439192210318,-0.0024277594823716,0.000970160975042877,-47.8057585620523,0.148095917495781,3.50834828756391,0.416071983861296,-0.00544718010585389,0.000157128482909133,-30,0,0,0,0,0,0,2,-5.99568126202514,0.248526175593828,-7.03240942341873,0,0,0
641,-47.2955303888045,-0.00683184670786667,3.3288341104129,0.413427983456431,-0.00217942363535391,-0.00186110787616137,-47.4932179749826,0.0148497097675691,3.21069158264122,0.417708949242962,-0.0158324542440729,-0.0169176065958568,-30,0,0,0,0,0,0,2,-6.7844589743311,1.55354600487215,-4.72962250569675,0,0,0
642,-46.8862526133133,-0.00823458428192805,3.32672944782452,0.405127515792439,-0.000626057577475905,-0.00234498121698851,-46.6937207855327,0.0603761839589253,3.32529503466695,0.425585189563587,-0.00154497971744594,-0.00164815442012275,-30,0,0,0,0,0,0,2,-9.17107738529329,0.0337456038267432,-6.48577462732162,0,0,0
643,-46.4867569752382,-0.00884388825565006,3.32414274409857,0.393863709623332,-0.000592556232070083,-0.00282409879430427,-46.3602475551196,0.0834061990944355,3.52231907316963,0.411013255361903,-0.0161137903801215,-0.00635866229924305,-30,0,0,0,0,0,0,2,-8.38083042595123,1.44456663982327,-6.40877191641496,0,0,0
644,-46.0981833166428,-0.00871427281391114,3.32088829012984,0.383283413157724,0.000851781905045738,-0.00368074393970281,-46.1253712462435,-0.275521225291469,3.41165423196144,0.386708708196951,-0.00632683467790541,-0.0100797761977152,-30,0,0,0,0,0,0,2,-6.42012832720804,1.18372591837348,-5.81533084415136,0,0,0
645,-45.7192237542763,-0.00727071723073044,3.31645104530763,0.374635279071428,0.00203532283892058,-0.00519039815960156,-45.7058564629455,0.00938419313594458,3.34567163483475,0.380508354860677,-0.00286465827418188,-0.00477233961344186,-30,0,0,0,0,0,0,2,-6.63912256017671,0.267697441146299,-6.21410930832532,0,0,0
646,-45.3491196930222,-0.00510163953032917,3.31041783090309,0.365572340551593,0.00230282678125577,-0.00687254226627271,-45.3117137745267,0.0443254694062074,3.30393966855015,0.380201160678873,-0.00850680232768785,-0.00311807332292384,-30,0,0,0,0,0,0,2,-7.39668851883398,0.76202929395637,-6.29607200480792,0,0,0
647,-44.9884099096565,-0.00241789980822582,3.3029036402903,0.355846870558651,0.00306464738386759,-0.00815211383305055,-44.7879834456361,0.138154654025048,3.17076239684463,0.350672971371471,0.0215205014252318,-0.0140808998890826,-30,0,0,0,0,0,0,2,-5.4913302458748,-2.42835945057327,-4.93343480478099,0,0,0
648,-44.6362554746783,-0.00056750803047619,3.29410708126186,0.348461638987325,0.000636130161259254,-0.0094381487773917,-44.6000339766929,-0.0742863425895197,3.33338661287077,0.351561399808094,0.00608569777004609,-0.0018245418579547,-30,0,0,0,0,0,0,2,-5.95607202742365,-0.45999709182557,-6.48431903994607,0,0,0
649,-44.2921336836852,-0.000161465372825476,3.28354562281672,0.339781229321359,0.000175949507124685,-0.0116814442882193,-44.2319244773451,0.0623879927779004,3.21204942449565,0.34000983104134,-0.00855251155384731,-0.00326731325266439,-30,0,0,0,0,0,0,2,-5.53713414944389,0.73047516982893,-6.09736752372486,0,0,0
650,-43.9564110740716,0.000379637676921687,3.27078257163244,0.331663305158892,0.000906253260584774,-0.0138415482918305,-43.9379022143661,0.0954482290364262,3.14818832442878,0.354032371565639,-0.00603826279280878,-0.0201047529535064,-30,0,0,0,0,0,0,2,-7.52743272783174,0.412929821208026,-4.28590135350692,0,0,0
651,-43.629072402522,0.0014922638092818,3.2571882118407,0.323014327969195,0.00131899398202733,-0.0133438718671952,-43.7734756469356,0.0969492065308463,3.20370404921512,0.32994699453293,0.01352726640419,-0.00580284744061886,-30,0,0,0,0,0,0,2,-5.44774815942184,-1.5466250534807,-5.82712335436836,0,0,0
652,-43.3100026261175,0.00203786496569353,3.24286394885668,0.315124612404495,-0.000227797830430018,-0.0153016403683869,-43.293075177093,0.0985507164981473,3.38834564292416,0.328551126573621,0.00347397105792374,-0.0239004697905888,-30,0,0,0,0,0,0,2,-6.26896230317617,-0.544498538788668,-4.38664430678945,0,0,0
653,-42.9987265814046,0.00153773721074699,3.227414225779,0.307427472706381,-0.000772462822777342,-0.0155948702067593,-43.1781346302415,-0.151188980560542,3.12307155026339,0.306540209523755,-0.00206802360205629,-0.0170652709973243,-30,0,0,0,0,0,0,2,-4.29775169189248,0.509180321326712,-4.53961600079436,0,0,0
654,-42.6944009778891,0.00101980307183097,3.21103225696339,0.301223262799467,-0.00026341343303788,-0.0171666834965975,-42.5108305828852,-0.0950913902749764,3.1606380537596,0.306296808619556,0.0112318340375951,-0.0169535183384228,-30,0,0,0,0,0,0,2,-5.60801969618509,-0.933000623209554,-4.62592427367693,0,0,0
655,-42.3968329925787,0.000289814297993999,3.19344108377211,0.293912497544744,-0.00119657066698467,-0.0180128796942064,-42.5253129362898,0.150009352497337,3.08871805203171,0.304638654374488,0.00352387936303007,-0.0302223269339483,-30,0,0,0,0,0,0,2,-5.41323956486922,-0.652406641297681,-3.1552034106686,0,0,0
656,-42.1060598718752,-0.00123302527336907,3.17554444771533,0.28763392715608,-0.00184911409955829,-0.017777991950784,-41.8953600702401,0.109214998391455,3.11364684524552,0.298954434589592,-0.00896392879806166,-0.0199798478210323,-30,0,0,0,0,0,0,2,-6.10472331847909,0.677962883023256,-4.22930890838781,0,0,0
657,-41.8221626805462,-0.00274323563887988,3.1576652130502,0.280160477999954,-0.00117131284401663,-0.0179776470337738,-41.7626722204828,-0.156000120488647,3.21276786929909,0.302503841495144,-0.0191667258513114,-0.00395483386539794,-30,0,0,0,0,0,0,2,-6.72503970854874,2.22867282610844,-6.03005235205839,0,0,0
658,-41.5465253965449,-0.00280030586314741,3.13905790877965,0.271113726162528,0.0010571668918795,-0.0192335647823248,-41.4767445849568,0.0371639183612274,3.31678590358641,0.272208269768753,0.00721999306414343,-0.017214406564666,-30,0,0,0,0,0,0,2,-4.26733780696175,-0.796327143136797,-4.91213115070623,0,0,0
659,-41.278616682411,-0.00214136708732316,3.11891829807027,0.264703134252144,0.000260705308886619,-0.0210432267970181,-41.0665870866582,0.111502371047882,3.22582695156962,0.283509304491404,-0.00424878358010159,-0.0141649156151325,-30,0,0,0,0,0,0,2,-6.21775627582389,0.201873615914395,-5.035162341626,0,0,0
660,-41.0179384048714,-0.00177980818843044,3.09751061345229,0.256653246640484,0.000462406316530404,-0.0217691210894789,-41.0422840307141,-0.00963052453078724,3.029183720751,0.256323724994096,0.0193019699592507,-0.0165273936447913,-30,0,0,0,0,0,0,2,-3.54780443798145,-1.91093594686349,-4.40562807702287,0,0,0
661,-40.7640529829396,-0.00227292486999332,3.07483849535069,0.251117030270342,-0.00144864493203438,-0.0235730113897849,-40.6912856908307,-0.0331520781316279,3.24552267673039,0.257508433416474,-0.00327035580265697,-0.0222419817173809,-30,0,0,0,0,0,0,2,-4.36827195998606,0.393339736528953,-4.2668471817227,0,0,0
662,-40.5159922120715,-0.00352496222565805,3.05067029855867,0.245004168344406,-0.0010554344669551,-0.0247610745700115,-40.7640828981315,0.0989937092790991,3.0028058365172,0.240023883207319,0.00322415216353978,-0.0318105375654692,-30,0,0,0,0,0,0,2,-2.47422252446886,-0.520402634912176,-2.82455791648747,0,0,0
663,-40.2728550139082,-0.00484063453648228,3.02532942363772,0.24126989490572,-0.00157591478963812,-0.0259192344607657,-40.4520781909991,0.0140866479214462,3.07456987799951,0.257775804482623,-0.0129833268711132,-0.00348033774055487,-30,0,0,0,0,0,0,2,-4.87342406626403,1.27015939126843,-5.80110598194353,0,0,0
664,-40.0353061855602,-0.00578154498061695,2.9983655593726,0.233827091891913,-0.000305911032449774,-0.0280057150262314,-40.2663956445277,0.158735309204349,3.03705949318621,0.222812929460651,0.00427468335063129,-0.0339427225630671,-30,0,0,0,0,0,0,2,-1.74850165700976,-0.744938953471826,-2.67984673006571,0,0,0
665,-39.8030152895804,-0.00645995359913066,2.96963097965089,0.230754257044131,-0.0010509123880552,-0.0294622512633209,-40.0422513392538,-0.0234085943809528,2.87839006867699,0.221314892280718,-0.00310714992366799,-0.0145156188439427,-30,0,0,0,0,0,0,2,-2.04698654956414,0.357532181128704,-4.30521825295971,0,0,0
666,-39.5744068977941,-0.00733214045666657,2.93888427972654,0.226461685529748,-0.000693466079667174,-0.0320295165278815,-39.4380381737855,0.0537198054437319,2.83840191630366,0.220200185131028,-0.00678908616648192,-0.0331473169893995,-30,0,0,0,0,0,0,2,-3.14394216553179,0.571469005760728,-2.36207213366737,0,0,0
667,-39.3499460305637,-0.00773991146644006,2.90668110336006,0.222460006947882,-0.00012208233023717,-0.0323753149075769,-39.3152704257843,-0.125410952893359,2.82686718809328,0.221103816980583,-0.0153020149725792,-0.0372637960195059,-30,0,0,0,0,0,0,2,-3.47984084648963,1.78102340304463,-1.92735477423597,0,0,0
668,-39.1294898782221,-0.00697152127899753,2.87441136404397,0.218452454794848,0.00165885424418286,-0.0321626404616043,-39.1903732807634,-0.0556156053181336,2.78080295340553,0.234819403775372,-0.00323090455449647,-0.0411584638014631,-30,0,0,0,0,0,0,2,-5.10119381601041,0.434321666085914,-1.44575952666476,0,0,0
669,-38.9135417744698,-0.00509555944680547,2.84304017796449,0.213444405753897,0.00209306376487601,-0.0305778507113213,-39.0662559565236,0.00938990044852019,2.9383451748264,0.224818708756379,-0.0147727867874684,-0.0251358266805957,-30,0,0,0,0,0,0,2,-4.34935896259077,1.4584988778498,-3.36310768159323,0,0,0
670,-38.7028794524246,-0.0022733029168151,2.81226837975269,0.207880178383489,0.00355144364999335,-0.0309636718423832,-38.7750185112703,-0.00377756578090544,2.84006581952439,0.204601055569003,-0.00152146667338431,-0.0293711773551709,-30,0,0,0,0,0,0,2,-2.91006853435978,0.159701798900241,-2.7430139035317,0,0,0
671,-38.4970208893523,0.0013579520633652,2.78092868974562,0.20383675613434,0.0037110604232522,-0.0317141842418666,-38.5831587716948,0.00654727125272199,2.79290092182801,0.202113576677319,0.000890864257795154,-0.0162994666553866,-30,0,0,0,0,0,0,2,-3.04504012434231,-0.102180968284959,-3.95585517811736,0,0,0
672,-38.2956271230802,0.00501787457896687,2.74840121615448,0.198950266792671,0.0036087785718405,-0.0333389442450838,-38.3069099305734,0.0531266180157444,2.72847076144131,0.205508755188092,0.0102059432520395,-0.0321513460638071,-30,0,0,0,0,0,0,2,-3.93705565766243,-1.12684756123544,-2.24180691650191,0,0,0
673,-38.0989569002379,0.00806318310154539,2.71520647900887,0.194390358976694,0.00248183210846693,-0.0330488274220211,-38.1528763647948,-0.0340440064029944,2.71584204619862,0.199535100806415,-0.00463975590678762,-0.030529485390879,-30,0,0,0,0,0,0,2,-3.64775735105184,0.532063603484751,-2.37873555330933,0,0,0
674,-37.9067725758285,0.010811002355746,2.68216480236615,0.189978368309798,0.00301380076217002,-0.0330328797615216,-38.0552938081007,-0.116191365930918,2.62930942405067,0.204388468511527,0.0200223858913027,-0.0249516529288617,-30,0,0,0,0,0,0,2,-4.32825923495127,-1.76985585726843,-2.76345355521518,0,0,0
675,-37.7193871363293,0.01293982181719,2.64919768857326,0.184792629040321,0.00124383289598009,-0.0328994304059015,-37.6105791209922,0.0351299270464463,2.52232695417993,0.198494869075255,-0.005039776838693,-0.0415274682755311,-30,0,0,0,0,0,0,2,-4.6283286655411,0.433717829776408,-0.891907080806747,0,0,0
676,-37.5367376828713,0.014400468589561,2.6172041680674,0.18050699686656,0.00167745358653295,-0.0310860169389889,-37.6416704054803,0.0430932486832605,2.62913448829262,0.174578673465948,-0.00345633154447616,-0.0179145690570422,-30,0,0,0,0,0,0,2,-2.17452653563408,0.259446657081095,-3.46681207088101,0,0,0
677,-37.3581807803527,0.0162076085081128,2.5852606853246,0.176606264715725,0.00193682115594691,-0.0327994973609867,-37.3703361129321,0.0236300756917294,2.44114914835333,0.182236468704903,0.00137505375404272,-0.0300650832128622,-30,0,0,0,0,0,0,2,-3.48297464462606,-0.18476552678773,-1.87578997542045,0,0,0
678,-37.1835610140143,0.0180520055985797,2.55263746484682,0.172633459835593,0.00175196930614166,-0.0324454677594063,-37.3050961383029,-0.0537753379751748,2.55318280667956,0.183070168263408,0.00828732294032298,-0.0344722603560602,-30,0,0,0,0,0,0,2,-3.69682454973493,-0.721181618081948,-1.65913957775309,0,0,0
679,-37.0129322477298,0.0194433428562241,2.52052374174722,0.168624377002221,0.00103069971166204,-0.0317804922235675,-36.9854393401309,0.138638241201133,2.49510030952572,0.171582340789739,-0.00313474204719101,-0.0318436514446713,-30,0,0,0,0,0,0,2,-3.18735539871217,0.0361977223168348,-1.80583547458432,0,0,0
680,-36.8461545173457,0.020492104943323,2.48886596761431,0.164931238413784,0.00106681746188203,-0.0315336881161148,-36.8086159813257,0.136490475731064,2.48481267603486,0.162396310168712,-0.00788763316273369,-0.0237195594907486,-30,0,0,0,0,0,0,2,-2.62239905421983,0.515782364811242,-2.59766940299485,0,0,0
681,-36.6830874085359,0.0218167771311175,2.45697307783033,0.161202790712471,0.00158252182927189,-0.0322507110487462,-36.7135303381902,-0.140553100939724,2.4657764573776,0.159155860687744,-0.0124464164121187,-0.0356655968096574,-30,0,0,0,0,0,0,2,-2.48852539239391,1.52574784309132,-1.36499323378946,0,0,0
682,-36.5233197605918,0.0241621451051689,2.42481432310958,0.158332633929428,0.00310820772975935,-0.0320657269166293,-36.3338575596798,-0.0165303312684374,2.48571447472175,0.153696935568513,-0.00734100459213965,-0.0390960004382993,-30,0,0,0,0,0,0,2,-2.7019784374917,0.76716112175084,-1.06182890561358,0,0,0
683,-36.3664136175173,0.0276539051627869,2.39302896777173,0.155479915483421,0.00387530620392491,-0.0315039191918932,-36.2621092426598,-0.0651633515190188,2.46126543190676,0.157294927292715,0.00786607745831681,-0.032842956687277,-30,0,0,0,0,0,0,2,-3.20527424395201,-0.656281042793644,-1.63823519508583,0,0,0
684,-36.2127348014511,0.0312010344682934,2.36173474337125,0.151877927012389,0.00321894668790318,-0.0310832028256453,-36.1144769761743,0.033071315599458,2.42958641552774,0.139899708480976,0.00218634064010908,-0.0345322510772847,-30,0,0,0,0,0,0,2,-1.76101689574899,-0.284776695209824,-1.405947723327,0,0,0
685,-36.0620154642945,0.0342775712310856,2.33051458000871,0.14956071153578,0.00293412133087928,-0.0313562537561495,-36.0242681247196,-0.164048149425781,2.28045972822202,0.159404267495027,0.0165712927292314,-0.032925977353226,-30,0,0,0,0,0,0,2,-3.8918905000634,-1.32903297407157,-1.26832172112143,0,0,0
686,-35.9144128347013,0.0365471359574033,2.29973168636547,0.14564501106737,0.0016050009859379,-0.0302080986298523,-35.869928322628,-0.00309230466239099,2.26973752631249,0.141965641021541,-0.0194863951552059,-0.0322036169796487,-30,0,0,0,0,0,0,2,-2.45670745689809,1.95482412484537,-1.31911335466011,0,0,0
687,-35.770173618154,0.0391295217665344,2.26964075193457,0.142833564297894,0.00355976426794916,-0.0299727295554286,-35.8447851226177,0.101697579453048,2.25200535693989,0.149012200088189,0.0361180324642173,-0.0393615923805005,-30,0,0,0,0,0,0,2,-3.21164976358356,-3.81519840532783,-0.567851475829743,0,0,0
688,-35.6288124364758,0.0407816561567889,2.24031658302471,0.139889314789762,-0.000255500984752539,-0.0286745231747773,-35.6629207797696,0.0601696247068599,2.26017436231217,0.137577949725582,0.00120725598152478,-0.0376711646831354,-30,0,0,0,0,0,0,2,-2.43195341301904,-0.241064847566198,-0.753232256310794,0,0,0
689,-35.4901435582719,0.0404055985620431,2.21198106784838,0.137448734816478,-0.000496619998098709,-0.0279956038366667,-35.3099257352823,0.0195644816794522,2.34426129961208,0.143063129970288,-0.00170313444536015,-0.0274666546777236,-30,0,0,0,0,0,0,2,-3.6864615264641,0.131184481177111,-1.9418571314518,0,0,0
690,-35.3547745384027,0.0399745280489296,2.18424481306522,0.133289542415744,-0.000365526405120585,-0.027475398123179,-35.3385629256188,-0.0362923341585302,2.04882712742496,0.138785685391692,-0.000713640982006886,-0.0357980980728703,-30,0,0,0,0,0,0,2,-3.20144268793157,0.143948766517749,-0.517844447562887,0,0,0
691,-35.2229343634497,0.0396809457602702,2.15744477613428,0.130391335251052,-0.000221643743354164,-0.026123614472202,-35.1818568667281,0.0447170274327184,2.19002414217888,0.134207394156661,0.00318028705297402,-0.0339871242372411,-30,0,0,0,0,0,0,2,-3.05702568220991,-0.407462760162839,-0.981335860633648,0,0,0
692,-35.0940768422097,0.039255539232456,2.13177273159384,0.12732407680445,-0.000629174966943354,-0.0252193548477198,-35.1532068358482,0.0847514805259053,2.11594959753894,0.115324229874751,-0.0173053506200616,-0.0357757772374292,-30,0,0,0,0,0,0,2,-1.22600931577868,1.56103210095435,-0.654321471334949,0,0,0
693,-34.9674641999459,0.039406867943192,2.10657199880213,0.125901270372415,0.000931826810535682,-0.0251815722051687,-34.9439525411512,-0.183512548675129,2.23194982133125,0.135228937716692,0.00853707794708685,-0.0184056931421343,-30,0,0,0,0,0,0,2,-3.63498868936682,-0.486682697358426,-2.62333032844907,0,0,0
694,-34.8438295056713,0.0400953072243644,2.08138038006292,0.1213681619415,0.000445046722589331,-0.0252000368881905,-34.8604663561493,-0.150393767177648,2.08009159334372,0.104976390621679,0.00264769310348603,-0.040698207187689,-30,0,0,0,0,0,0,2,-0.77670634986918,0.036018224006693,-0.0903624679185464,0,0,0
695,-34.7228215169767,0.0405583581466311,2.05628714044266,0.120647938948283,0.000481049299166262,-0.0249861508531689,-34.5073322962466,-0.0587095585939347,2.19698986576932,0.122148109357223,0.00361640769520399,-0.00730637270486635,-30,0,0,0,0,0,0,2,-3.20014634322914,-0.244221652332529,-3.66334246105201,0,0,0
696,-34.6045906904254,0.0409172483192038,2.03075499945415,0.115813381526548,0.000236727045684829,-0.026076399914292,-34.5952308537196,-0.0226319608598838,2.07787341686396,0.110822165412642,-0.00377643009257209,-0.0244170256158887,-30,0,0,0,0,0,0,2,-1.89175483382506,0.422906930976976,-1.71404427213906,0,0,0
697,-34.4900781749629,0.0413654041029725,2.00449788914097,0.113211571763984,0.000659579463849627,-0.0264368752322458,-34.6637947402223,-0.0207853443786953,1.82937217858816,0.114835312232695,0.00248365926296147,-0.0193446808910823,-30,0,0,0,0,0,0,2,-2.15594174282505,-0.206795237538757,-1.72427626806809,0,0,0
698,-34.3782745220584,0.0419215589489179,1.97796100539412,0.110395709646288,0.000452724617621723,-0.0266358764087325,-34.2514849453647,-0.084776418533986,2.02436996194534,0.0980731806534733,-0.013231313651052,-0.039673582601109,-30,0,0,0,0,0,0,2,-1.30434817461793,1.49268420217317,-0.0813816637797702,0,0,0
699,-34.2684432450365,0.0431206158642424,1.95160825630787,0.10926709074769,0.00194538330921032,-0.0260691889811223,-34.3780206675358,0.0469129604631324,2.14580391426495,0.110632924233184,0.00618487439821576,-0.0325842109247974,-30,0,0,0,0,0,0,2,-2.30725108824675,-0.712313360747841,-1.03318673605017,0,0,0
700,-34.1604284057308,0.0447098168408932,1.92576181904718,0.106762787960289,0.001233015061036,-0.0256227782596374,-34.1957384840378,0.136393711076106,1.96540133801862,0.119715645720739,-0.00284264087917554,-0.027850817432321,-30,0,0,0,0,0,0,2,-3.58008760399822,0.0114766657653432,-1.14572093280515,0,0,0
701,-34.0554508274126,0.0459485329572051,1.90071596186304,0.103192814796156,0.00124441158561675,-0.0244676610409962,-33.8175972677332,0.070318086678621,2.00452959476461,0.0989028334942622,0.0100179617502934,-0.0146041037660773,-30,0,0,0,0,0,0,2,-2.25508881395988,-1.14243234838658,-2.54864881292149,0,0,0
702,-33.9539594794181,0.0466216959256548,1.87586770686811,0.09978966023953,0.000101908705350277,-0.0252276356091211,-33.9427405956734,-0.169801427960649,1.83958082633602,0.103554079673327,-0.0119995045941068,-0.0213073682882577,-30,0,0,0,0,0,0,2,-2.46992677598581,1.53955331533197,-1.54842482384627,0,0,0
703,-33.8556446766893,0.0474933507225609,1.85072136488385,0.096840043684421,0.00164139841197352,-0.0250639910324052,-34.0562221255674,0.0937147228476619,1.81880744683613,0.102136837352377,-0.0173994064869749,-0.0252552286567236,-30,0,0,0,0,0,0,2,-2.10123948410292,1.55251120300217,-1.1120920279999,0,0,0
704,-33.7599990706748,0.0499109814299095,1.82579759554272,0.094451311335013,0.00319385775303493,-0.0247826869684119,-33.9606661997453,0.193017379530844,1.84773700290644,0.0945721639061929,0.00532800189684714,-0.00945123504252692,-30,0,0,0,0,0,0,2,-1.53588399112861,-0.918834948746401,-2.7503505015602,0,0,0
705,-33.6670316444894,0.0526453956774675,1.80034109893062,0.0914831187101761,0.00227496363519246,-0.0261292513770638,-33.6989426589243,0.0848125783864764,1.91564283589429,0.0791784154669069,0.00246545368724936,-0.0243204237466797,-30,0,0,0,0,0,0,2,-0.519956228842173,-0.416170525497889,-1.39924329712062,0,0,0
706,-33.5762151517101,0.0547122637778503,1.77375192054786,0.0901495895623717,0.00185876794543893,-0.0270486164012192,-33.5302122437665,0.0879539506028928,1.79720044976963,0.0731913825251061,-0.0053993415166237,-0.0503781838957205,-30,0,0,0,0,0,0,2,-0.258713764977696,0.364026250456584,1.44341749003279,0,0,0
707,-33.485743070032,0.0567530536290112,1.74727306254318,0.0907950099361378,0.00222280515214024,-0.0259092927614455,-33.4995155075725,0.267142336441438,1.78846418732398,0.0853443517307376,-0.00512041754056269,-0.0238404055231874,-30,0,0,0,0,0,0,2,-1.5354041579287,-0.0222429188266065,-1.19288782232923,0,0,0
708,-33.3959466424996,0.0589647190111344,1.72130340486505,0.0887978454341591,0.00220052016117815,-0.0260293064263282,-33.3535087445333,0.00546158890350262,1.5940176006744,0.0810211824763398,-0.00650515395095929,-0.0346710355664236,-30,0,0,0,0,0,0,2,-1.39510075856732,0.639592217288924,0.279068355293568,0,0,0
709,-33.3076320855584,0.0614850262048606,1.69574602360398,0.0878316347475122,0.0028400891109653,-0.0250850942189926,-33.3091336778913,0.0735056513205242,1.83478482016119,0.105032481852465,0.0120780822143788,-0.0242729111979996,-30,0,0,0,0,0,0,2,-3.88498082946396,-1.35481952407893,-1.24227852052243,0,0,0
710,-33.2217295537315,0.0636476647719631,1.67132073272599,0.0839739228405473,0.00148518263008739,-0.0237641326877098,-33.0917750547741,0.209697556176151,1.61500547192573,0.0863462176968372,-0.0122095524267125,-0.0188168459088901,-30,0,0,0,0,0,0,2,-2.4510716601355,0.801560130318944,-1.34832635296245,0,0,0
711,-33.1391579325918,0.0655336003429824,1.64772970694699,0.0811694769538819,0.00228668170125842,-0.0234169302125235,-33.3237234934595,-0.0494787467393089,1.63769495163588,0.0852760533635786,-0.00370603608052847,-0.0323161137440457,-30,0,0,0,0,0,0,2,-1.8801583494389,0.469561101531465,-0.0437785288672026,0,0,0
712,-33.0587587518233,0.0680550473209808,1.6248176608482,0.0796292681106919,0.00275620683553743,-0.0224066077239382,-32.9581666515344,0.0205774308562682,1.54158087013802,0.0927134023046342,-0.0111556857188874,-0.0235348637822832,-30,0,0,0,0,0,0,2,-3.35500692739462,1.0744137101762,-0.729675362047721,0,0,0
713,-32.9806878930508,0.0713484278252273,1.60311377383631,0.0765129679914495,0.00383054922212621,-0.021000072368476,-32.9848995830111,0.12701898086912,1.68486671900976,0.0701298585471408,0.00480521835000863,-0.0165581549038586,-30,0,0,0,0,0,0,2,-1.04318668869195,-0.734559796739102,-1.71391794763366,0,0,0
714,-32.9051419692808,0.0748116810776672,1.58171043911948,0.0745786393818298,0.00309595092965962,-0.0218059093896228,-32.9785344541463,0.0896333607504831,1.74495849956603,0.0800348422625435,0.0264323073686986,-0.0129373170315465,-30,0,0,0,0,0,0,2,-2.04641531796169,-2.82249745837082,-2.19618529597742,0,0,0
715,-32.8320727016688,0.0764963554352551,1.55963139857605,0.071559744716154,0.000273390746109563,-0.02235111720758,-32.9667605649073,0.0128411405751279,1.68738513018545,0.0778558006032774,0.00500130476811124,-0.0137715593367168,-30,0,0,0,0,0,0,2,-1.85205893051304,-0.52581275796138,-1.99761432669922,0,0,0
716,-32.7618848005924,0.0765068144359726,1.5370262820219,0.0688159195710021,-0.000252478885723403,-0.022858155515592,-32.7467299550129,0.133788648419714,1.55889147638218,0.0839020843645866,-0.00245210458303064,-0.029526366842989,-30,0,0,0,0,0,0,2,-2.89674852643288,-0.0223668385363651,-0.165146268465461,0,0,0
717,-32.6942694568413,0.0762431266946826,1.51495760943868,0.0664153399694087,-0.000274902204689,-0.0212783510131363,-32.6235728211462,0.242063827076081,1.65292977418453,0.0683228937797175,-0.0155141934896401,-0.022116802090409,-30,0,0,0,0,0,0,2,-1.58514373567925,1.06729169481185,-1.09417933932815,0,0,0
718,-32.6288369533372,0.0765018517919058,1.4936971956405,0.0644497115901102,0.000792347567378734,-0.021241786811887,-32.6449945694676,-0.0490038663465299,1.38590781729497,0.0712482432934678,0.00354613095498215,-0.00488649509017744,-30,0,0,0,0,0,0,2,-1.83483519041157,-0.256605362805155,-2.2831661255722,0,0,0
719,-32.5658419798996,0.077165869174813,1.47209308122204,0.0615400218521889,0.000535682519029931,-0.0219654297586632,-32.3462618923324,0.0657273798187548,1.52364096516185,0.061610833440193,-0.0137128341004532,-0.014939301677051,-30,0,0,0,0,0,0,2,-1.46855955935458,1.23982865040781,-1.55335176261861,0,0,0
720,-32.5053848796913,0.0783214468034485,1.4499355664552,0.0593740799859122,0.00177546640670755,-0.0223488460158981,-32.6958624515588,-0.00309100022113883,1.52609799127617,0.0540585514922367,-0.0082979244673564,-0.010873130602926,-30,0,0,0,0,0,0,2,-0.0141302461060659,0.835974447177918,-1.96488292225973,0,0,0
721,-32.4466606472304,0.0805148921600909,1.42677772901191,0.058073866433169,0.00261141902826964,-0.023966370473497,-32.3627942964951,-0.124423588903501,1.36428172852644,0.0604682853754453,0.00161839860097404,-0.000450902369610286,-30,0,0,0,0,0,0,2,-1.32123994455431,0.0870073177095974,-2.68347322009184,0,0,0
722,-32.3899716085296,0.0831697899183196,1.40213903243641,0.0553037858979725,0.00269837196151515,-0.0253100637132758,-32.556956289139,0.147923724862072,1.56725483640708,0.0470378207893301,0.0052387207361719,-0.0289221379152678,-30,0,0,0,0,0,0,2,0.410130499344941,-0.819719523341334,-0.242295881287383,0,0,0
723,-32.3346109812874,0.0854583057192387,1.37655599204373,0.0554173103936521,0.00187865752003571,-0.0258560379048012,-32.380212327818,0.137427940168397,1.42501397768678,0.0422159317129912,0.0012752725735643,-0.0151894620570484,-30,0,0,0,0,0,1,2,0.538831484336779,-0.402383137693223,-1.33108174966873,0,0,0
724,-32.2794325442693,0.0871357725469588,1.34996503141613,0.0549390981777714,0.00147626994783971,-0.0273257078828108,-32.248397236571,0.00806318477779366,1.17943735628569,0.0611978253145441,0.0104776880674499,-0.0327961221865121,-30,0,0,0,0,0,1,2,-1.62298805831251,-1.06389517630058,0.920737506079835,0,0,0
725,-32.2248551947215,0.0880800876377458,1.32346097783451,0.0542161904649705,0.000412354245900068,-0.0256821365520289,-32.008254398313,-0.014294007466107,1.33996382187531,0.0513575742020947,0.00448264731427607,-0.0139452122171244,-30,0,0,0,0,0,1,2,-1.11924862358343,-0.419676716495393,-1.28540642203817,0,0,0
726,-32.1715046389817,0.0882825890780524,1.29758908545452,0.0524848242800622,-7.35769683869126E-06,-0.0260610492396189,-32.0768735159485,-0.0340801943455975,1.21911156626918,0.0510401610182781,0.00534381435443857,-0.0242753998728086,-30,0,0,0,0,0,1,2,-0.950269069930886,-0.466221046752662,-0.0106831452575138,0,0,0
727,-32.1194155544413,0.088042114032845,1.27177859234525,0.0516935438244914,-0.000473596791646724,-0.0255596547238228,-32.105485674191,-0.0325055481158668,1.36015437085328,0.0608421570753286,-0.00930172838808762,-0.0121120680871426,-30,0,0,0,0,0,1,2,-1.87324435915086,0.995183935040496,-1.5091019329923,0,0,0
728,-32.0689497399663,0.0880660860624814,1.24618554082951,0.0492380929553936,0.000521535231578164,-0.0256256066245421,-32.1776975823115,-0.13697188497321,1.04387382259536,0.0474474456078072,0.0154651559228354,-0.0304970937908421,-30,0,0,0,0,0,1,2,-0.389349396157714,-1.27257182233712,0.96196173389349,0,0,0
729,-32.0195807429159,0.0879513404177678,1.22100995961542,0.0495002358198262,-0.000751033385199163,-0.0247256333374892,-31.9779422213131,0.0926074990688255,1.26567766460467,0.0389962867111397,0.0101608256472814,-0.0204231890868257,-30,0,0,0,0,0,1,2,0.056255771512141,-1.2012975628658,-0.489036420526758,0,0,0
730,-31.9702389085119,0.0865996592265178,1.19603290335224,0.0491832939071098,-0.00195233525453336,-0.0252283586687758,-32.0421729725285,0.0435173324959535,1.07455830115871,0.0537184847502228,-0.00362762474554305,-0.0153484675625943,-30,0,0,0,0,0,1,2,-1.28750252996536,0.275727809562398,-0.614269846057997,0,0,0
731,-31.9217720617487,0.0847851749662588,1.17093350628928,0.0477505163175998,-0.00167663848887875,-0.0249699395012487,-31.9812994094045,0.0944409113928202,1.08942306010044,0.0426201288306394,-0.00769453267748076,-0.0346149454543427,-30,0,0,0,0,0,1,2,-0.299414064254897,0.580571444962436,1.2826484252334,0,0,0
732,-31.8737521358765,0.0833988298905636,1.14650924719957,0.0482897304680235,-0.00109605861730285,-0.0238787470456441,-31.906823276263,0.169878088640637,0.86164962113473,0.0420204879825531,-0.00317796231231303,-0.0385635564188932,-30,0,0,0,0,0,1,2,-0.388402245729258,-0.021959946049971,2.13305639961986,0,0,0
733,-31.8249545813834,0.0822918030223853,1.12353134826186,0.0493060112464306,-0.00111800248880024,-0.0220773768881552,-31.6865969992909,0.0525606317877485,1.25236281950235,0.0489358737958058,0.00998670955966656,-0.0195387155943206,-30,0,0,0,0,0,1,2,-1.52039338099886,-1.10379221954215,-0.550854079572638,0,0,0
734,-31.7764316893767,0.0806218896032258,1.10168321258489,0.0477399562345955,-0.00222182945121808,-0.0216183571377577,-31.5659078267428,0.0565306349980784,1.23100351007813,0.0362596178836991,0.00969528036161789,-0.00115291463274581,-30,0,0,0,0,0,1,2,-0.494146134884302,-1.08258930615795,-2.34671555688169,0,0,0
735,-31.7296540251192,0.0778587511312639,1.07927724453111,0.0458148730660941,-0.00330445383921005,-0.0231929220174806,-31.869048644488,0.102406487424961,1.11917899945906,0.0413529085580366,-0.00433556388868403,-0.0319625779530572,-30,0,0,0,0,0,1,2,-0.397193566827565,0.228743414018481,0.957899796387593,0,0,0
736,-31.6837082416107,0.0746686738623558,1.05653726177966,0.046077026297598,-0.00307570740940805,-0.0222871173610993,-31.8900150974529,0.0813862262663341,0.99707104647176,0.0540978612404524,-0.0110829013379393,-0.0432420726334575,-30,0,0,0,0,0,1,2,-1.6297559291395,0.945517681261261,2.33006517040223,0,0,0
737,-31.6375331574159,0.0720657255853007,1.03562447471414,0.0462740863994502,-0.00213019492201608,-0.0195385101712931,-31.5897174991737,0.111003696326579,1.04570364407755,0.058389085596393,0.0031313627358724,-0.0347235321939314,-30,0,0,0,0,0,1,2,-2.65947356129181,-0.535143666240398,1.38094593123805,0,0,0
738,-31.5918575373371,0.0696679449647963,1.0174259334128,0.0450780735215655,-0.00266537362516769,-0.0168581593895513,-31.451934757848,0.0732863719414092,1.07698254394655,0.0355513636911981,0.00510036526400368,-0.00962816700184478,-30,0,0,0,0,0,1,2,-0.651266853423733,-0.656609270283187,-1.19114838770861,0,0,0
739,-31.547429968234,0.0666742576332712,1.00027829406339,0.0437768980363006,-0.00332200825311742,-0.017436671769991,-31.5398510114922,-0.0335496932275657,1.11506348287377,0.0421013249853963,0.000179727406036122,-0.0179733608521213,-30,0,0,0,0,0,1,2,-1.13043047555528,0.0491266458515191,-0.432790880535405,0,0,0
740,-31.5042443189862,0.0633768030328945,0.982998012726345,0.0425945302507543,-0.00327290769169266,-0.0171234842773072,-31.636551563905,0.0237972693032958,1.01385339787321,0.046745471026088,0.0164985414463156,-0.0359188518444564,-30,0,0,0,0,0,1,2,-1.4014439747987,-1.69744868323815,1.56417838869923,0,0,0
741,-31.4617028893847,0.0592551703696157,0.966884289054039,0.0424890264821615,-0.00497036565875632,-0.0151039161196968,-31.3734267999064,0.132811019106352,0.976897027144625,0.0372106015441797,-0.00411639372128616,-0.00573118252513054,-30,0,0,0,0,0,1,2,-0.974206554605093,0.146017333915912,-1.3806758017762,0,0,0
742,-31.4200481656539,0.0543578004822263,0.95152530399012,0.0408202757029916,-0.00482438186786908,-0.015613487743071,-31.4237247201832,0.147533038021986,1.05204754883037,0.0358622596930105,-0.0108316400786748,-0.0139307364230953,-30,0,0,0,0,0,1,2,-0.738776528934586,0.78809793182351,-0.711021455351218,0,0,0
743,-31.3797570553132,0.0499274590256953,0.935838966846468,0.0397619179811174,-0.00403630567932609,-0.0157588247945591,-31.3606364689889,0.0213930441973705,0.854708488886714,0.0627048488772843,0.00380820370277916,-0.00274109529907354,-30,0,0,0,0,0,1,2,-3.5492119497507,-0.423606458672657,-1.43530744786607,0,0,0
744,-31.3418325533125,0.0456793123064501,0.920636422037866,0.0360874756965785,-0.00445999487938882,-0.0146450415811341,-31.1479309256109,0.157378312867691,1.01241808893649,0.0389833681122741,-0.0144410954152676,-0.0309688241594811,-30,0,0,0,0,0,1,2,-1.60247496000556,1.12935291579138,1.07204623807513,0,0,0
745,-31.3060290675898,0.0417839871717839,0.906882413710472,0.0355201074756184,-0.00333066044335337,-0.0128627752540856,-31.3310877890259,0.0700117772107369,0.88780848925659,0.04345070800078,-0.000845770171123121,-0.0144878860920336,-30,0,0,0,0,0,1,2,-1.68289522202614,-0.0554465373091618,-0.32682836930982,0,0,0
746,-31.2712730286989,0.0384255884937622,0.89440275949101,0.0339922442569841,-0.00338614233407258,-0.0120960177726581,-31.2834124263345,0.192072491527924,0.814267809828065,0.0476393800409488,-0.0183723560584443,-0.00547117589178915,-30,0,0,0,0,0,1,2,-2.19711315142589,1.45309062278858,-1.08141803047721,0,0,0
747,-31.2384839776512,0.0357659681274836,0.882569267549734,0.0315860525537985,-0.00193310504510698,-0.0115701623231926,-31.3052300178403,0.11786026737849,0.958223714146707,0.0299930920475495,-0.00584551651587881,-0.0158385804756857,-30,0,0,0,0,0,1,2,-0.388849169074422,0.348831116830901,-0.33258938072485,0,0,0
748,-31.2071685339738,0.0340072765941866,0.870965665466075,0.0310448323278081,-0.00158428491724979,-0.0116368554421597,-31.3534861820273,-0.0915489898480145,0.991565193502466,0.040571721739523,-0.00953415806119868,-0.00945987795331496,-30,0,0,0,0,0,1,2,-1.35019980989762,1.1365137858159,-1.03714259167344,0,0,0
749,-31.1769887842854,0.0329912332111308,0.859338013202308,0.0293146930765346,-0.000447807998906904,-0.011617870423341,-31.1033870543578,-0.0697891459514544,0.779458347577508,0.0404812843249061,-0.000825872881504159,-0.0149730791318599,-30,0,0,0,0,0,1,2,-1.84135432377498,0.222165580053325,-0.0616087819690294,0,0,0
750,-31.148410685585,0.0326544928243141,0.848261872936331,0.0278418794412387,-0.000225677845775568,-0.0105339169835694,-31.0387592995375,-0.0897651069289262,0.849488323522794,0.0271941953318637,0.0144690029739099,-0.0181440198584085,-30,0,0,0,0,0,1,2,-0.641900934111282,-1.26737008353314,0.11542533879526,0,0,0
751,-31.1207899582267,0.031795127968365,0.837950230569662,0.027399741694989,-0.00149305877618203,-0.0100892133254513,-31.1479476155298,-0.0166811935710411,0.824652381745688,0.0199787731795024,0.0184603259130067,-0.0052117258792,-30,0,0,0,0,0,1,2,0.298017913109371,-1.81267020415859,-1.12813217557138,0,0,0
752,-31.0936559457122,0.0293957333122474,0.827305655455254,0.0268679372105863,-0.00330573573182676,-0.0111997531141798,-30.9861704722835,0.0733091891364254,0.805015503438379,0.017233168687153,-0.00644755414761961,0.000493209898261375,-30,0,0,0,0,0,1,2,0.249024075851775,0.498137036489111,-1.65935199670289,0,0,0
753,-31.0672457230146,0.026339061921678,0.815364822160046,0.0259520407924987,-0.0028076122038986,-0.0126816046535373,-31.1044933705189,0.0706219646928895,0.935098832211664,0.034238803838609,0.000949703456294021,-0.00897060433480496,-30,0,0,0,0,0,1,2,-1.21489364282302,-0.236214275015181,-0.973137230942832,0,0,0
754,-31.0420868856548,0.0234133269395137,0.802679177823881,0.0243656461423111,-0.00304386009125152,-0.0126891525219298,-31.0503053980422,0.0391417762318189,0.863487329364736,0.034990781147881,-0.0127034133301648,0.00552822946437135,-30,0,0,0,0,0,1,2,-1.39846731870361,1.19205778055285,-2.27979760516661,0,0,0
755,-31.0190085986634,0.0209654728175136,0.789550482599776,0.0217906597089984,-0.0018518537168602,-0.0135673868886882,-31.1049992859675,0.00786468082816132,0.884323419908763,0.00805637306254145,-0.0167434424910523,-0.0103532115939468,-30,0,0,0,0,0,1,2,1.4043612656808,1.65861488744891,-0.733325680422849,0,0,0
756,-30.9969385631419,0.0199429370681205,0.775222601004248,0.0223489298154854,-0.000193220371754099,-0.0150885489489007,-30.8534309011204,0.111033781179148,0.652416063659434,0.0150967057070338,0.00434401897598914,-0.00298980239216358,-30,0,0,0,0,0,1,2,0.197191231537376,-0.656469459957209,-1.00585188810251,0,0,0
757,-30.9748587048028,0.0194214815587477,0.759662231823452,0.0218104975472499,-0.000849697150921117,-0.0160320085125707,-31.0992254317728,0.0791012119246961,0.912474626945204,0.0343563557441466,-0.00212540106944342,-0.016988056060306,-30,0,0,0,0,0,1,2,-1.23718471086898,0.0543376830949497,-0.126143647859805,0,0,0
758,-30.9535761239221,0.0185989439873521,0.743959752746659,0.0207548962850076,-0.000795384200693352,-0.0153726006635148,-31.0159275239571,0.0547980172755501,0.72650128784305,0.0279983322722991,0.00701408515482184,-0.004638086277172,-30,0,0,0,0,0,1,2,-0.767978179315694,-0.811004550033284,-0.9891939479689,0,0,0
759,-30.9334516439095,0.0173980472953113,0.728437520097519,0.0194939844106288,-0.00160641410076147,-0.0156714479414179,-30.7172596126858,0.103451053589486,0.57612325818594,0.0263419889672201,0.00783179266424,-0.0223601691586235,-30,0,0,0,0,0,1,2,-1.1996796713504,-0.990081373602972,1.08377039949047,0,0,0
760,-30.9140761029047,0.015296590248953,0.713544256739773,0.0192576235769712,-0.00259650622027996,-0.0141149975260563,-30.9400912317388,0.131099975666505,0.599237964710808,0.0244140467456596,-0.0100444187156367,-0.0143731334978544,-30,0,0,0,0,0,1,2,-0.561222211088392,0.742241920230661,0.238837420363825,0,0,0
761,-30.894969166473,0.0130712030398451,0.699679259317829,0.0189564272808552,-0.00185427227070614,-0.0136148931975407,-30.5362549781463,0.111422081862849,0.786356186703106,0.0176123158021811,0.0157789046357071,-0.0239116027939136,-30,0,0,0,0,0,1,2,-0.688721623925428,-1.80073462729641,0.818447905985147,0,0,0
762,-30.8760218823549,0.010316564637214,0.686575776757131,0.018938489648208,-0.0036550109150521,-0.0125920602652804,-30.9040128234115,0.0867945107095026,0.595845112259675,0.0364999452768894,-0.00199908590990328,-0.0220554209855189,-30,0,0,0,0,0,1,2,-1.84196888086587,0.0263195695713226,1.01385187403254,0,0,0
763,-30.8574640994373,0.0066747050085294,0.674945964022557,0.0181777208999709,-0.00362871498254095,-0.0106673090788509,-30.8720710672886,0.119977272619537,0.643227926087467,0.0201612603404906,0.014086268372576,-0.00422592789653978,-30,0,0,0,0,0,1,2,-0.271983899471846,-1.64858138249668,-0.863863062520955,0,0,0
764,-30.8396853773456,0.00222169493208091,0.664018035287808,0.0173795696178769,-0.00527731097278416,-0.0111882874971753,-30.8705393932353,0.0255216596497104,0.597733103475988,0.0106719565515925,0.000179178953607924,-0.00664182930774885,-30,0,0,0,0,0,1,2,0.673883131311448,-0.0689612146602131,-0.531283276177091,0,0,0
765,-30.8222388877154,-0.00309008782574305,0.652386098447189,0.0175131395169028,-0.00534626529966814,-0.0120756264529903,-30.8399306738929,-0.0767153327511253,0.435672414088122,0.0280672863608664,0.000988181705915961,0.00536826109933994,-30,0,0,0,0,0,1,2,-1.12686728830087,0.0546124949106545,-1.40817093811024,0,0,0
766,-30.8056271691347,-0.00840906251238082,0.640125174778493,0.0157101934768725,-0.00529168952824642,-0.0124456339425632,-30.890517178603,-0.133110851214444,0.55089691476512,0.0228143742954746,-0.000128932819568456,0.00244511453851443,-30,0,0,0,0,0,1,2,-0.500403072341482,0.279114984385735,-1.34630528338168,0,0,0
767,-30.7905618843243,-0.0135612022765937,0.627314041837705,0.0144201557646583,-0.005012598759245,-0.0131762095696779,-30.8365652242675,0.0821384013258459,0.693347605630096,-0.0143151688043911,-0.0210087343161734,0.000404946346868745,-30,0,0,0,0,0,1,2,3.10464732897405,1.93659662896565,-1.42718984594707,0,0,0
768,-30.7754533553868,-0.0176054789269223,0.612560637376435,0.0157959011697869,-0.0030759592016827,-0.0163310392841466,-30.836600796706,-0.0886069202992831,0.570676779582441,0.0331128521675622,-0.00287043801935539,-0.0151388028479098,-30,0,0,0,0,0,1,2,-1.6380836233443,0.464257642534105,0.372526725626102,0,0,0
769,-30.7601701645632,-0.0204493201379965,0.596886634074557,0.0147709196688293,-0.00261172838485675,-0.0150166324291377,-30.7658727348561,-0.0372919449444338,0.428000507911286,0.0227414985113547,-0.00358785594318307,-0.0160596877055023,-30,0,0,0,0,0,1,2,-0.742404381423219,0.433369484207174,0.749967754727661,0,0,0
770,-30.745449018168,-0.0228443637163674,0.582376108618061,0.0146717146254733,-0.00217836468228191,-0.0140043849233147,-30.7095255837785,-0.0626790420047583,0.516503293964039,0.0179398265614013,-0.0028565936192686,-0.0102077067006088,-30,0,0,0,0,0,1,2,-0.374931488583224,0.411017445936376,-0.0122359178672011,0,0,0
771,-30.7309381617354,-0.0248172203442564,0.568469980876368,0.0143500765328567,-0.00176735444723477,-0.0138077650722772,-30.7602903037968,-0.230229088581976,0.441731245521358,0.0131573227816961,-0.00039193905327425,-0.00583581924108055,-30,0,0,0,0,0,1,2,0.204848329424077,0.499652082491377,-0.299880566934662,0,0,0
772,-30.7166250247632,-0.0263347458152682,0.554461758020717,0.0142760848803873,-0.00126770178597959,-0.0142086524973574,-30.7119813325497,-0.180560744490081,0.483966781899481,0.0330092632099546,0.00178825926452888,-0.0182998056422239,-30,0,0,0,0,0,1,2,-1.87696365589609,0.182295562527274,0.862047000423425,0,0,0
773,-30.7027871456348,-0.0275113096021623,0.541175347341207,0.0134002764594668,-0.00108543218522927,-0.0123638913086373,-30.6689505214166,-0.132146628268599,0.42207693234224,0.00819582555571225,0.00264806197435581,-0.014885688473416,-30,0,0,0,0,0,1,2,0.51831848726197,-0.00051294089838394,0.644414982657117,0,0,0
774,-30.6889940481452,-0.0285969869735031,0.528863572653501,0.0141859681908758,-0.00108592827158696,-0.012259904687258,-30.5565540456284,0.143824570678597,0.601977946889869,0.00901330650351271,0.00107086135810466,-0.0102046084840358,-30,0,0,0,0,0,1,2,0.21177744090562,-0.39473527716766,-0.18349504537616,0,0,0
775,-30.6748032948624,-0.0298802789737706,0.516444889565962,0.0141954529983628,-0.00148066156573765,-0.0125774612750305,-30.5476518666088,-0.196495439922758,0.654906325463746,0.0147758641960837,0.0129242592225167,-0.0148671180016399,-30,0,0,0,0,0,1,2,-0.382282686390841,-0.899435042406151,0.176899149236498,0,0,0
776,-30.6607075932683,-0.0318106575355986,0.50404004913199,0.0139960746517411,-0.00238010188541102,-0.0122321520744422,-30.55664524863,-0.0699060613137599,0.433799106710858,-0.000133603781599089,-0.00165009746319698,-0.015501982108322,-30,0,0,0,0,0,1,2,1.12665087542,0.304821868947218,0.682599997410486,0,0,0
777,-30.6460773617143,-0.0340383311155407,0.491672406401202,0.0152643183215899,-0.00207525125868487,-0.0125035343876707,-30.6125326891503,-0.103046593557125,0.571869833358146,0.0187314665127009,0.00817854312331035,-0.0164628350718079,-30,0,0,0,0,0,1,2,-0.648081272969536,-0.611761125216786,0.5025438404645,0,0,0
778,-30.6309045981075,-0.0364194618997919,0.479550995989374,0.0150814714131001,-0.00268701910028597,-0.0117392270758986,-30.7275883067173,0.0923473811429071,0.626448969468762,0.00484617141585223,-0.00436351095126646,-0.0294264616413525,-30,0,0,0,0,0,1,2,0.970559471849408,0.251656332840832,1.68974822519772,0,0,0
779,-30.6149142737652,-0.0389806316924135,0.468104164485102,0.0168993736628097,-0.00243532590943053,-0.0111550152433898,-30.5233516980813,-0.148232571508286,0.363481369754278,0.0361396664593446,-0.00667269592852006,-0.000289377993884489,-30,0,0,0,0,0,1,2,-2.56726324977189,0.963734735868577,-0.698024940120108,0,0,0
780,-30.5992216995645,-0.0409341159190691,0.45751537275427,0.0144861485923531,-0.00147164728704611,-0.0100217958951946,-30.6308233564534,-0.195521729844864,0.467101472351673,0.017283968340413,-0.0104403534993728,-0.00520014086943774,-30,0,0,0,0,0,1,2,-0.466750121134481,1.435078809627,-0.414188857759572,0,0,0
781,-30.5850603050996,-0.0416882274697835,0.447472927809349,0.0138366408670567,-3.6581833712197E-05,-0.0100628840484999,-30.4125519374618,0.165412111991737,0.337719131024384,0.0255895143075714,0.0050005079842184,-0.0262466900152814,-30,0,0,0,0,0,1,2,-1.73384755583348,-0.830875022405314,1.94923073947937,0,0,0
782,-30.5712396895696,-0.0421402498213706,0.438694831414539,0.0138054189820476,-0.000867468183889451,-0.00749329350696291,-30.5514586321831,0.164968446016655,0.365172620664164,0.000170885936450576,0.000740951473731929,-0.00690821345654981,-30,0,0,0,0,0,1,2,1.08582867072114,-0.404032039406502,-0.0395238956733469,0,0,0
783,-30.5570520975719,-0.043209720727685,0.430807136528019,0.0145695246810606,-0.00127148016761021,-0.00828233853670653,-30.6484063594173,-0.204668204266654,0.477129079016242,0.00895984003855163,0.0130960078982004,-9.77183155908366E-05,-30,0,0,0,0,0,2,2,0.400828714979474,-0.900264381286733,-0.9444863264734,0,0,0
784,-30.5426576062973,-0.0449313316178769,0.422018524901566,0.0142191512765739,-0.00217174734651148,-0.00929477023869744,-30.5093514609262,-0.00819799249718434,0.431990195774846,0.00838858051044976,-1.37784431217705E-05,0.0100196126281199,-30,0,0,0,0,0,4,3,0.179844870807405,0.0177738293065457,-1.86594165436168,0,0,0
785,-30.529003014745,-0.0470941982369285,0.411946772718778,0.0130895545960461,-0.00215399060018393,-0.0108483714931359,-30.3111638811116,0.00732934298037727,0.367679796078662,0.0219732928539786,-0.0110521048519151,-0.00989953487101552,-30,0,0,0,0,0,4,3,-1.57500152317472,1.09055179923075,0.254593894944227,0,0,0
786,-30.5164303900803,-0.0487029225231691,0.401697872057847,0.012056088989093,-0.00106346573130668,-0.00964909388403652,-30.4710997986621,-0.0771078638371419,0.428334029093186,0.00601427428493107,-0.0152574381226505,-0.00426455574043578,-30,0,0,0,0,0,4,3,0.340772168831169,1.67995953993933,-0.430212484142794,0,0,0
787,-30.504402473407,-0.0489264051805342,0.391756470955166,0.0119995729556286,0.000616495518655122,-0.0102336863519861,-30.3704203749253,-0.0496056083157949,0.499155531136786,0.0108467012267969,0.000548037662379822,-0.0142529798017385,-30,0,0,0,0,0,4,3,-0.34382937282906,0.0444074503936077,0.426986917900283,0,0,0
788,-30.4924017841498,-0.0482877061880082,0.381778244739938,0.0120019763182959,0.000660901161372164,-0.00972276118208247,-30.258413881528,-0.26765682523393,0.39199408654862,0.00299688647020489,-0.00847644573880059,0.000874601586997405,-30,0,0,0,0,0,4,3,0.21713911603549,1.38295822434792,-0.871448331796979,0,0,0
789,-30.4806213640264,-0.0469353258891109,0.371639880355595,0.0115586149029532,0.00204385392090306,-0.0105538255292809,-30.5820789229791,-0.0204416469316329,0.237163673568481,0.0220565741174169,-0.0131432767814663,0.00143639636727786,-30,0,0,0,0,0,4,3,-1.04149956578349,1.3552109720099,-0.617966983864748,0,0,0
790,-30.4696697409369,-0.0442138768716783,0.361184809549965,0.0103447077446335,0.00339903845574982,-0.0103559309094003,-30.4872708182063,0.067528741286599,0.342589169738247,0.00497417797191023,-0.00217127919221124,-0.0109981844130483,-30,0,0,0,0,0,4,3,0.477123839221509,0.082070436647926,0.414640101828336,0,0,0
791,-30.4590216752702,-0.0407737938691387,0.350807041741535,0.0109514236102831,0.00348112244161166,-0.0103997912483951,-30.4635938043561,-0.133518207376941,0.272352497842025,0.0128144445013978,-0.00306104401342455,-0.00298458975042724,-30,0,0,0,0,0,4,3,-0.354256841427666,0.573140816096336,-0.246246020641326,0,0,0
792,-30.4482970026202,-0.0370061031267249,0.340416231667484,0.0104979395006346,0.00405425386989364,-0.0103816842281308,-30.3389217723758,0.0670543107279326,0.256538763556975,0.0158748993251821,-0.00392162052986828,0.00586188137400465,-30,0,0,0,0,0,4,3,-0.909646387766525,0.258053431530963,-1.09926566451442,0,0,0
793,-30.4385172986312,-0.0328228331944345,0.329912009683032,0.00906140753701079,0.00431227807104769,-0.0106263071000367,-30.5257669182065,-0.192695269745846,0.283790960443115,0.00802236468344107,0.0057260133910258,-0.00391735723985616,-30,0,0,0,0,0,4,3,0.249297368068957,-0.187210799610888,-0.175846196900614,0,0,0
794,-30.4294346932827,-0.0286041562867653,0.319120656728645,0.00910371586984152,0.00412507005020805,-0.0109564067982498,-30.5006548251412,-0.0560741500337547,0.334242727227074,0.0234416408689996,0.00167377784776949,0.00259959062010708,-30,0,0,0,0,0,4,3,-1.34285443661765,-0.0552294847094397,-0.928444516464856,0,0,0
795,-30.4211535468396,-0.0245067159483935,0.308251872466542,0.0074586454610863,0.00406980503689161,-0.0107806440477122,-30.5412174948869,-0.145662249185481,0.47460303800351,-4.62218366987085E-05,0.0171032320996546,-0.00244177587958829,-30,0,0,0,0,0,4,3,1.08705717344373,-1.4189987115945,-0.705028488048191,0,0,0
796,-30.4135397840723,-0.0211464013035705,0.296830230039751,0.00776849432097048,0.00265081910674416,-0.0120627336463854,-30.3161115402742,-0.124707038948574,0.34848663978786,-0.00366604521834096,-0.00258114032647603,-0.0284227565804695,-30,0,0,0,0,0,4,3,0.998827602382496,0.507528110544751,2.14530237847123,0,0,0
797,-30.4046955944195,-0.0182417939171181,0.28521406221123,0.00992017776337147,0.00315838961272121,-0.0111702724163602,-30.3488638231885,-0.0365872790012693,0.249532161526434,0.00376347564023451,-0.00302193907178622,0.00720322394471725,-30,0,0,0,0,0,4,3,0.321380082353574,0.37536846518116,-1.21938671752459,0,0,0
798,-30.3950777830225,-0.0148957208541666,0.273466804967176,0.00931509829064548,0.00353375076419612,-0.0123240499984325,-30.6167531082111,-0.138472195361382,0.46539929294417,0.00634639621192589,0.00077364276251017,-0.000575364101612682,-30,0,0,0,0,0,4,3,0.598866595229596,0.199580114471747,-0.873262175727072,0,0,0
799,-30.3858471077081,-0.0112621767825116,0.260601659962668,0.00914592916183299,0.00373333259409994,-0.0134061845156962,-30.5430271150843,-0.0344821734211068,0.174943430896661,0.00563407128196455,0.0163092740637732,-0.0199983670625684,-30,0,0,0,0,0,4,3,0.522647101972173,-1.56196305953511,1.64994984446352,0,0,0
800,-30.3759680810253,-0.00830980862291753,0.247615379389851,0.0106123994173332,0.00217139750234942,-0.0125668312211313,-30.3727902245833,-0.00415773522710956,0.213273250015675,-0.00657584950360335,-0.0024591808662065,-0.0123937528453935,-30,0,0,0,0,0,4,3,1.40316539952687,0.25423355707487,0.812828784507999,0,0,0
801,-30.364576702214,-0.00601127194209836,0.234861302291482,0.0121702595187583,0.00242566645670018,-0.0129418056687885,-30.484174099045,-0.053188395330043,0.0815394479902036,0.00409650536019148,0.0061169614319426,-0.00864007101394837,-30,0,0,0,0,0,4,3,0.558697662070794,-0.505319352534173,0.70092820541443,0,0,0
802,-30.3519780250868,-0.00383825338217189,0.221973148450053,0.0130271419998351,0.00192036533449328,-0.0128347652462092,-30.197333758362,-0.106565172746559,0.196423068117852,0.0120803391636424,0.00605760863769716,-0.00133857794367272,-30,0,0,0,0,0,4,3,-0.81336639964026,-0.392630518276597,-0.258988341868433,0,0,0
803,-30.3393528254423,-0.00211420970473789,0.209297422553624,0.0122233706949247,0.00152771662108652,-0.0125164342395909,-30.2016541664095,-0.11517975526363,0.187515132003445,0.0261183122179487,-0.00428721700707526,-0.0111527593443995,-30,0,0,0,0,0,4,3,-2.20852288897593,0.659081211234786,0.740245670433056,0,0,0
804,-30.3277108040932,-0.000256965795218528,0.197779795085597,0.0110613058833116,0.00218676427353917,-0.010518458620997,-30.2619195928652,-0.0204198490078551,0.164506027978665,0.0348317053713466,0.00685728886713571,-0.00589767655881043,-30,0,0,0,0,0,4,3,-2.9593313514042,-0.644889188697861,0.260755599923714,0,0,0
805,-30.3176679069993,0.00160733063258332,0.188336815686039,0.00902516658737293,0.00154182209351696,-0.0083668679253629,-30.2776880474151,0.107720417072816,0.23564817759579,0.0138834682044956,-0.00132246888576431,0.000676683258651995,-30,0,0,0,0,0,4,3,-0.832970725619435,-0.0831939455692015,-0.53896468105678,0,0,0
806,-30.3091430878604,0.00310754903625502,0.180035423539912,0.00802452263584424,0.00145860650917294,-0.00823560312881396,-30.2523410769788,0.126362541668493,0.123726636780579,0.00894521504193507,-0.00533020802503338,-0.0178003469602929,-30,0,0,0,0,0,4,3,-0.389839350235882,0.280295719166352,1.53258142246814,0,0,0
807,-30.3007566772675,0.00470631122818832,0.17248164184256,0.0087487327834931,0.00173891168423192,-0.00687218007355834,-30.2093320753873,0.178777988710848,0.0258001860424262,0.00747711590547605,0.0155493173762812,-0.00888176911713325,-30,0,0,0,0,0,4,3,-0.329047439773094,-1.91248771504982,0.836576539628472,0,0,0
808,-30.2918571421879,0.00548898299014164,0.166013285548117,0.00905059621562248,-0.000173573058669976,-0.00606462244555903,-30.298644123355,0.0317187416629428,0.130232081931721,0.00298526187085314,-0.0250484736994949,-0.0134031692281828,-30,0,0,0,0,0,4,3,0.298762059624601,2.4414098866236,1.07985275895484,0,0,0
809,-30.2823413469629,0.00653612645597965,0.160229978217559,0.00998117831548076,0.00226785431727414,-0.00550227558232161,-30.3291143752804,-0.0634362425589486,0.1084841528855,0.0112372586943701,-0.00802660078204152,0.0153044654811058,-30,0,0,0,0,0,4,3,-0.465497118876269,0.929532563322049,-1.74741485388158,0,0,0
810,-30.2731313151853,0.00926873688887601,0.154224309489056,0.00843858804990102,0.00319735891546144,-0.00650858509328119,-30.2554622886164,0.0230404654076336,0.0871899941313307,0.0180773105221655,0.00582351781031741,0.00146433903984966,-30,0,0,0,0,0,4,3,-1.29680647498368,-0.628432711847008,-0.320813892247627,0,0,0
811,-30.2652886683984,0.0121518677719217,0.148020337528821,0.0072469021216201,0.00256889820316118,-0.00589899120699362,-30.3946393687706,0.035941965898985,0.27352111951121,0.016697734169039,-0.00428215931217191,-0.00217627960993076,-30,0,0,0,0,0,4,3,-0.880494679362626,0.356331999419221,-0.329414278029344,0,0,0
812,-30.2584867652928,0.014898924889179,0.142283060526781,0.00635701402343201,0.00292520996571756,-0.00557528720058821,-30.2906845432962,0.0363429452692427,0.0409987254491651,0.0371848571610075,-0.00420002823949631,-0.0235108053518673,-30,0,0,0,0,0,4,3,-3.13711662950841,0.347316933411145,2.2690830842884,0,0,0
813,-30.2525250694171,0.0179977802422378,0.138590402352639,0.00556753969743628,0.00327249258736335,-0.00180978221657794,-30.2885471484381,0.185883264252232,0.25506831010361,0.00307024552381948,0.00691640831938888,-0.0155241364794883,-30,0,0,0,0,0,4,3,0.270069744494263,-1.06340736044335,1.04227702774161,0,0,0
814,-30.2465119530101,0.0207385789701052,0.137058594118798,0.00645886954682681,0.00220910175846417,-0.00125410189513295,-30.2018325273255,0.217313882702596,0.246491488249289,-0.00225659142009882,-0.00356905044977111,0.00514767624731657,-30,0,0,0,0,0,4,3,0.629324196660932,-0.077722720428082,-1.00775060123024,0,0,0
815,-30.2401698813721,0.0229088248387592,0.135206411644506,0.00622492086824249,0.00213137985805356,-0.00245019134459197,-30.2298289313889,-0.13375677927089,0.129782520653065,0.0242627969913024,-0.000260560446064419,-0.0218580666944534,-30,0,0,0,0,0,4,3,-1.96662183635235,0.293569603148222,1.92624162813921,0,0,0
816,-30.2340211638438,0.0251869841780978,0.134116701101159,0.00607335364764243,0.00242493347993894,0.000270820789024698,-30.2665057781753,0.106376562952143,0.396728635279971,0.0103741743622699,-0.0153171467790424,0.00112084739530256,-30,0,0,0,0,0,4,3,-0.504405879876298,1.31896155199996,-0.905542010090198,0,0,0
817,-30.2284459021202,0.0282713919221248,0.134212201021504,0.00507707114619512,0.00374387557547859,-7.95134990240233E-05,-30.0502191556124,-0.0489531899617146,0.243620431009928,-0.00442813198810255,0.0173010787957888,-0.0166657718651243,-30,0,0,0,0,0,4,3,0.543251510035068,-1.63220149965545,1.17933632449257,0,0,0
818,-30.2227746302427,0.0311991799780305,0.134367418992011,0.00626562226763681,0.00211169726955558,0.000389592189734386,-30.1733890410091,0.0256786464290727,0.0681969535209552,0.00856410087847856,-0.00609761508997222,-0.0100590495589111,-30,0,0,0,0,0,4,3,-0.509632005829637,0.558404216139076,0.869511048849201,0,0,0
819,-30.2164057923698,0.0335900821703167,0.135234916864463,0.00647235315688986,0.00267010140877876,0.00134534491225933,-30.269194586845,0.0073249968693858,0.207282803725127,0.0089132441629091,0.00128198635442937,-0.00322681886094766,-30,0,0,0,0,0,4,3,-0.352935242600953,-0.142848629181709,-0.0918837213554886,0,0,0
820,-30.2100988703826,0.0361887571520382,0.136652339933475,0.00614154541597285,0.00252724510753651,0.00148960625261146,-30.2579588096949,0.00797930322225891,0.133553622148314,0.0179618308902141,-0.0125643910640565,-0.00195609125789307,-30,0,0,0,0,0,4,3,-1.28026546963169,1.24048049996113,-0.0714981185073213,0,0,0
821,-30.2044553602728,0.0393362315373815,0.138537409772739,0.00514572405279059,0.00376770065698299,0.00228083963427065,-30.2018552447769,0.117580299246741,0.228163509186308,-0.00293905211643969,0.00799487827392202,-0.01681550081243,-30,0,0,0,0,0,4,3,0.697615701197771,-1.03464842588568,1.22522306287039,0,0,0
822,-30.198641215369,0.0425866239670461,0.141015776357824,0.00648269242754053,0.00273307883965967,0.00267549214883098,-30.1612901978624,-0.117924805916944,0.132468856686303,-0.000293682480483981,0.0135725976165954,-0.00999396365487973,-30,0,0,0,0,0,4,3,0.351948643773162,-1.12141014982565,0.734458652115368,0,0,0
823,-30.1917834380521,0.0447590080396781,0.14382582427074,0.00723295108807283,0.00161168339169822,0.00294437996195878,-30.2920449829502,0.229858198391637,0.140580666198912,0.00426016414856951,0.000986629863379577,0.00135999550356773,-30,0,0,0,0,0,4,3,0.158073551043396,-0.558379383121232,-0.417160882754596,0,0,0
824,-30.1846387386493,0.0460915042505492,0.146549081170826,0.00705632256074557,0.00105330241507251,0.0025021922733083,-30.2158270261118,-0.0678801897010544,-0.00110429895316483,0.019363184299874,-0.0120165526500006,-0.00877969929456452,-30,0,0,0,0,0,4,3,-1.50466437776382,1.33741564440217,0.880178527362782,0,0,0
825,-30.1778360831683,0.0478135075670213,0.149871826970689,0.00654949588726495,0.00239069931986788,0.00414346242407821,-30.1292405209736,0.0746004258567415,0.0534133659157583,0.000567754549726338,-0.0116087794956032,0.0024939023868009,-30,0,0,0,0,0,4,3,0.201705586974665,1.01167709784683,-0.356216970511607,0,0,0
826,-30.1713376124718,0.0507100480783592,0.153802086054757,0.00644732362012993,0.00340237631450072,0.00371709049998367,-29.9835971102606,-0.0214732015272408,0.0878860879028913,0.0130471579131299,0.0101546912863593,0.00203351566662714,-30,0,0,0,0,0,4,3,-1.33752157079184,-0.97252272558145,-0.379123742468496,0,0,0
827,-30.1655113990526,0.0536261508306618,0.157823603810949,0.00520529354531187,0.00242982418285854,0.00432632480030867,-30.0816440595511,0.192750647316334,0.102024440332323,0.00559779514817494,0.00141561226988593,0.000728631189377852,-30,0,0,0,0,0,4,3,-0.396491395715232,-0.52706252162126,-0.276911999602432,0,0,0
828,-30.1605483680545,0.0557924414386238,0.162171070412979,0.00472078862549462,0.00190275113956979,0.00436875961531121,-30.1716590332179,0.0621040784835403,0.174453239544647,0.0037695042602873,-0.0014674331727884,0.018681038864837,-30,0,0,0,0,0,4,3,-0.033632359592945,0.0225351603117599,-2.21701036557299,0,0,0
829,-30.1566011782546,0.0577064504918297,0.165729837788923,0.00317310760958805,0.00192526133747911,0.00274924476762858,-30.0881276848265,0.0785168201099807,0.336622586675349,0.00594704562077427,-0.00335907138846379,0.00737066215814989,-30,0,0,0,0,0,4,3,-0.418449192424449,0.178873498626418,-1.41031138916569,0,0,0
830,-30.1540672125212,0.0597211395373265,0.168096227577667,0.00189459843756491,0.00210411146605088,0.00198392139277981,-30.2348382044452,0.000514648451775374,0.0852073720529651,0.00421514200050959,-0.0067679351109694,0.0241359105898355,-30,0,0,0,0,0,4,3,0.0481622088394206,0.67576421419339,-2.58400580308948,0,0,0
831,-30.153044510036,0.0621631215071935,0.169111123957091,0.000150231948732232,0.00277984823536118,4.63981924067672E-05,-30.1051787885113,0.129342412997814,0.286456590408674,0.00435208240811994,0.00500845019016823,0.0164939731882407,-30,0,0,0,0,0,4,3,-0.22485066378931,-0.75952984501245,-2.22231049964141,0,0,0
832,-30.1537432971704,0.0645631929530637,0.168415319345537,-0.00154824499446536,0.00202028975794865,-0.00143749574127016,-30.2051256252928,0.164558919731227,0.172310852770182,-0.0088084149418944,0.00430840094206952,-0.00892215546043972,-30,0,0,0,0,0,4,3,1.29109274477508,-0.759957933669406,0.547593840503609,0,0,0
833,-30.1546403351581,0.066203521661573,0.166724991588995,-0.000245974722631166,0.00126036219642748,-0.00194354703725781,-30.0788665801755,0.23716959501146,-0.015300504905924,-0.000876326493427972,0.00727919829090642,0.0117148407959878,-30,0,0,0,0,0,4,3,0.245365809693876,-1.20225901911356,-1.14088306978693,0,0,0
834,-30.1551952515002,0.0668627523409619,0.164272365831499,-0.00086415447036302,5.80952856394884E-05,-0.00296151730795195,-30.3537718615708,0.209562666609569,0.342221016128296,0.0124315631956596,0.0183462718024632,-0.00459561649935663,-30,0,0,0,0,0,4,3,-0.535612596424412,-2.25375251346546,-0.224880382320928,0,0,0
835,-30.1563384860022,0.0657939684897646,0.16140341318814,-0.0014222513168599,-0.0021956698051425,-0.00277622174576332,-30.229696538321,-0.0339468681943285,0.138739461063497,-0.0136650570082357,-0.00444979102883747,0.0108220543584017,-30,0,0,0,0,0,4,3,1.82589877746552,0.512872839272404,-1.35968435796716,0,0,0
836,-30.1575718816779,0.0638547481154551,0.157496620401342,-0.00104520792531986,-0.00168277742915666,-0.00503747664581568,-30.2526553710819,-0.178905838420874,0.200153302492184,-0.00100994475314554,0.00296572250904084,-0.0074049102090688,-30,0,0,0,0,0,4,3,0.606305217478432,0.0612394259376642,0.340184415922512,0,0,0
837,-30.1582884670001,0.0622026028159858,0.152364648635582,-0.000388007769251168,-0.0016215228296822,-0.00522666576582046,-30.146480207889,-0.0395520469038036,0.0662113655660663,0.0200977824779982,0.0143473238764171,0.00695248845138889,-30,0,0,0,0,0,4,3,-1.7168178320219,-1.3556282938341,-0.827671576271022,0,0,0
838,-30.1595926211972,0.059903248630024,0.14741849031525,-0.00222012623718978,-0.00297719260968868,-0.00466510453642816,-30.2141875683789,-0.0923657185895299,0.232097752967682,-4.29141309817244E-05,0.00464542398580862,-0.0077633814559037,-30,0,0,0,0,0,4,3,0.432666549856051,-0.279810961401803,0.312142639655006,0,0,0
839,-30.1615565777312,0.0567861593563965,0.142708817751944,-0.00170780933930745,-0.00325699197437703,-0.00475439790673496,-30.2419771159224,0.266877433824708,0.169057246990369,-0.00881913538672986,-0.0120747842565358,0.010609183954037,-30,0,0,0,0,0,4,3,1.36586777051771,0.67372355800416,-1.39903288938444,0,0,0
840,-30.163259587341,0.0538660372592409,0.136967805638714,-0.00169878777660193,-0.00258325798604695,-0.00672762858617102,-30.1403192411206,0.118295940273697,0.000769018969615815,-0.0129733350733363,-0.0138632632919356,0.00108732436255619,-30,0,0,0,0,0,4,3,1.57797198957474,1.14973444864616,-0.110270474194851,0,0,0
841,-30.1644342518752,0.0518576636685762,0.129647217081063,-0.000650885503566309,-0.00143349496550499,-0.00791385919285084,-29.9079557836751,0.14205427530594,0.0748062258343478,0.00745191616957106,0.000808586981664287,0.0079493024629582,-30,0,0,0,0,0,4,3,-0.929280049606964,-0.364967248778308,-0.944542697964515,0,0,0
842,-30.1657573642711,0.0502416743298525,0.12170227637689,-0.00199534986623753,-0.0017984901156972,-0.0079756263782171,-30.1122877408441,0.0343700426043011,0.346555977495696,-0.011652521974591,0.0105367912856407,0.00738383279633646,-30,0,0,0,0,0,4,3,1.38982767914737,-1.12241921377267,-1.43149523462504,0,0,0
843,-30.1677540282495,0.0478819828492631,0.112720191644889,-0.00199856591298244,-0.00292089880965427,-0.00998854389160111,-30.2792082029869,-0.0411725546057984,-0.253189441508866,0.010134608692609,0.00587309967875723,-0.00849405189450437,-30,0,0,0,0,0,4,3,-0.455044463287175,-0.504964858664127,1.35578407246817,0,0,0
844,-30.1694601480334,0.0447086076042249,0.103370121283688,-0.00141328707426002,-0.00342585737547037,-0.00871177107879083,-30.3149442369027,0.0971870681373964,0.14187077488976,0.000321998863589185,-0.00558396219278028,-0.00713753461620761,-30,0,0,0,0,0,4,3,0.59768858744649,0.364022083003235,0.43001191184124,0,0,0
845,-30.170519327407,0.0414647723937699,0.0945979782614688,-0.000705098678630077,-0.00306181929519497,-0.00883272567473849,-30.0223599985503,0.0202523494729307,-0.00142048654170182,-0.00333911126920684,0.014749242099676,-0.0150940717065344,-30,0,0,0,0,0,4,3,0.378631124021298,-1.51542890891346,1.51224814373685,0,0,0
846,-30.1705752846153,0.0376452535853714,0.0861708592039918,0.000593433577013851,-0.00457722445998282,-0.0080218972880548,-30.2215889004804,0.0299684592169554,0.243297669926474,0.0145114656942385,-0.0187067930576762,-0.00607982046237626,-30,0,0,0,0,0,4,3,-1.007968768463,1.81074238733371,0.121386706384678,0,0,0
847,-30.1703137303017,0.0339733926857374,0.0785311339977517,-7.00890154694567E-05,-0.00276649976592801,-0.0072573583459024,-30.1402125953304,0.188818996410244,0.048488524568214,-0.0109498415162822,-0.00522061433451133,-0.0136484150896399,-30,0,0,0,0,0,4,3,1.37540934228905,0.144423440630645,1.26786445982756,0,0,0
848,-30.1694582498959,0.0312791272919487,0.0712450011510151,0.00178104285078585,-0.00262203645194246,-0.00731545094498073,-30.2393483264973,-0.0996217669448374,0.227515130741312,0.0145741180239125,-0.0121145995333414,-0.0221504942888413,-30,0,0,0,0,0,4,3,-0.97871514939661,1.41070348722382,1.76001916740151,0,0,0
849,-30.1674299707547,0.0293624447952386,0.0648920977348413,0.00227609134198715,-0.00121133212664881,-0.00539050037523249,-30.185723611311,0.0236980203121849,0.200704490072985,-0.00760159982746685,-0.00638516302719261,0.00386737149652602,-30,0,0,0,0,0,4,3,1.13160720536866,0.591120262094891,-0.788146129798571,0,0,0
850,-30.1650277215868,0.0284466815869412,0.0588139940650033,0.00252801215610356,-0.00062019915584576,-0.00676578024696213,-30.2663379486428,-0.0687564857407674,-0.0441992034757489,0.0166264230893347,-0.0124528360470249,-0.00309619204334116,-30,0,0,0,0,0,4,3,-1.12996641164786,1.38279657618403,0.398017611285614,0,0,0
851,-30.1627778332033,0.0285178745957871,0.05257198572334,0.00197208191966494,0.000762580458021822,-0.00571807085986599,-29.9729298889145,0.0586646305849986,-0.00698668848440208,-0.00186839061928448,0.00762993719361324,-0.0161744588880111,-30,0,0,0,0,0,4,3,0.132698839757384,-0.880322980531321,1.63141926576991,0,0,0
852,-30.1602003675092,0.0288403057388174,0.0473839206921242,0.00318316776445421,-0.000117722118186725,-0.00465841083402063,-30.1744293614211,0.0658470107742203,-0.0216944849553291,-0.0128938559391991,-0.00106171087831294,0.000185140402365366,-30,0,0,0,0,0,4,3,1.63824431676206,-0.0255229337171466,0.0248749296741217,0,0,0
853,-30.1564271570026,0.0287098396027404,0.0421537117517343,0.00436292479370916,-0.000143213861466243,-0.00580234947985725,-30.2180165288845,0.125433762093957,0.0395151862870725,-0.00244578075967513,-0.00258518476023747,-0.0229509463460426,-30,0,0,0,0,0,4,3,0.680611133736494,0.00765095183583198,2.21606426203011,0,0,0
854,-30.1510580996124,0.0285704726624968,0.0368990930872096,0.00637552008388688,-0.000135525745105369,-0.00470747494581658,-30.2626970858593,0.118795432713715,-0.0554187630985431,0.00144627814845772,0.00680166469798487,-0.0168098982859705,-30,0,0,0,0,0,4,3,0.380766356872844,-0.917757335225917,1.79182735479413,0,0,0
855,-30.1439306954527,0.0279760861514385,0.0326894001574556,0.00787959216258934,-0.00105325623007303,-0.00371234913900412,-30.2035829951883,0.0510650055408243,-0.0134762446175005,0.0244623537289661,0.00834143703035327,0.0133613747728516,-30,0,0,0,0,0,4,3,-2.03906938251994,-0.936273714116976,-1.30918498805016,0,0,0
856,-30.1372461597609,0.0264546696094682,0.0292017078069969,0.00548961689681457,-0.00198958279396858,-0.00326233738144277,-29.9195537384826,-0.20188446571514,-0.120917545188161,0.0166994940428886,0.00369064395259582,0.00650008479641071,-30,0,0,0,0,0,4,3,-1.83084192732369,0.0347045361706984,-0.408173389264748,0,0,0
857,-30.1325628108905,0.0244824224526468,0.0264170448631197,0.00387736592148619,-0.00195491729193051,-0.00230651704227204,-30.1658329813426,-0.0827022886558894,0.213655006345976,-0.00850008384429361,0.0186988100038249,-0.00894697479582295,-30,0,0,0,0,0,4,3,1.1816743471145,-1.70447642307071,0.467387466890343,0,0,0
858,-30.128105219102,0.0216752840529414,0.0238544128895806,0.00503767926512677,-0.00365936628348423,-0.00281908175370705,-30.1302871748365,-0.0984491099670723,0.151666301030789,0.00153041288315913,0.00802365550078806,-0.00809902588235853,-30,0,0,0,0,0,4,3,0.107533061357151,-0.605467330144662,0.506569986174275,0,0,0
859,-30.122859193456,0.0177131905102158,0.0211666217929068,0.005454456329924,-0.00426482602798878,-0.00255661854469511,-30.1227639045896,0.150179896487263,-0.0372751171872921,0.00657112694064815,-0.00672431974214137,0.00251173752902961,-30,0,0,0,0,0,4,3,-0.411584884885678,0.372072181239611,-0.176623518528377,0,0,0
860,-30.1176204050473,0.0136343981583052,0.018677175275183,0.00502316731832567,-0.00389276355517715,-0.00242214516341585,-30.2828381612334,0.194611268526032,0.0380905189471768,0.0113179320760235,0.0141795071718475,-0.00646349727815221,-30,0,0,0,0,0,4,3,-0.566116885135501,-1.80717325423681,0.570168689920868,0,0,0
861,-30.1126075016188,0.0088380482630445,0.0166439417513894,0.0050028735270948,-0.00569994124062059,-0.00164431261572703,-30.1438929258223,-0.15944160687302,-0.0397455114434841,-0.0244690553052561,-0.0109927591417898,0.00735332413234981,-30,0,0,0,0,0,4,3,2.73469138217016,1.41815912792502,-0.655841390348013,0,0,0
862,-30.1068608852785,0.003847211546057,0.0137973265934352,0.00648967024268766,-0.00428173769554214,-0.00404934669929603,-30.2662302961579,0.184225773477905,0.0728143639944473,0.0282406841658874,-0.0109950053317752,-0.00433421408194713,-30,0,0,0,0,0,4,3,-2.29160782427286,0.73104898622171,0.287792680205818,0,0,0
863,-30.1010978243179,-6.9018528418486E-05,0.0106378749499433,0.00503697785888261,-0.00355072880023418,-0.00226913247672645,-30.1936272972482,0.0804762925070446,-0.0666013325234856,-0.00946571288223761,-0.022394408528833,-0.00596157768565819,-30,0,0,0,0,0,4,3,1.33382588272021,2.07848826786921,0.72936043361279,0,0,0
864,-30.0953354328544,-0.00258048382242929,0.00815048369981427,0.00648768667215551,-0.00147220735366228,-0.00270606613179394,-30.0922501028754,0.176889350875216,-0.0523694300436717,0.0268985709053056,0.00627385602390074,0.0106905424599159,-30,0,0,0,0,0,4,3,-2.50535688477972,-0.981164304140505,-0.96431538590425,0,0,0
865,-30.0900867959346,-0.00454329926857334,0.0059625527592713,0.00400989443837015,-0.00245342952736651,-0.00166907679392244,-30.0494484188585,-0.0540052970265575,-0.155198722561176,0.000136546536724633,-0.0129940971499834,-0.000223518572879708,-30,0,0,0,0,0,4,3,0.0852421840444794,1.40742030905145,0.332749302410322,0,0,0
866,-30.0859360158963,-0.00629301316117439,0.00437032965685182,0.00429171786043369,-0.00104600395986397,-0.00151544750439824,-30.0724120232666,1.12475822933167E-07,0.0628560924082214,-0.0133865663059863,-0.000112212182629949,-0.0016861347847656,-30,0,0,0,0,0,4,3,1.48348067713184,0.0112209933113491,0.0429012936601174,0,0,0
867,-30.0811057106484,-0.00733339008741365,0.00233842385365112,0.00536860178485994,-0.00103475450114396,-0.00254867081957445,-30.1151957413835,-0.0607044089183712,0.0595498947006435,0.0265186754396042,-0.0126085009954865,-0.0181536184971464,-30,0,0,0,0,0,4,3,-2.42147606119334,1.38225891738539,1.69626206031335,0,0,0
868,-30.0760129893493,-0.00767702598178288,0.00123035413718128,0.00481767419899402,0.000347477329097017,0.000332688988217381,-30.0206040178891,0.00280149248552195,0.0871267662925524,0.00590024845498916,-0.000669468243511671,0.00131622959769041,-30,0,0,0,0,0,4,3,-0.54881680972074,0.0613438393801232,-0.305876492354145,0,0,0
869,-30.0715030033097,-0.00729888013173086,0.00163384226463953,0.00420235005041817,0.000408807452505681,0.000474469416747836,-29.8969872918678,0.126220360683227,0.0367167768736219,-0.0113241839683039,-0.00677386249494023,-0.0158540906490708,-30,0,0,0,0,0,4,3,0.926392980565983,0.42494552812757,1.51197551115983,0,0,0
870,-30.0664449071621,-0.00667757905529465,0.00230985620281805,0.00591396587084645,0.000833787056749134,0.000877069348819572,-30.158157455689,-0.0338562575454947,0.148460743693702,0.00115336708769685,-0.00535003159391817,-0.00171044588940259,-30,0,0,0,0,0,4,3,0.200978202608266,0.602715674482807,-0.125876898447145,0,0,0
871,-30.0605080249642,-0.00554243040176462,0.00305839905108286,0.00595973061740143,0.0014365051440257,0.000620005780842932,-30.1661501978109,-0.255571406270531,0.0998691950682886,0.0166652940641966,0.0011580508890624,-0.00230077084678007,-30,0,0,0,0,0,4,3,-1.33422901079785,0.395337723634821,0.0303386945414295,0,0,0
872,-30.0550170821916,-0.00390826677494739,0.00414461187860588,0.00502242825979259,0.00183181801996871,0.00155269345545777,-29.9523315746495,-0.0668376836802226,0.023751051480479,-0.00659656051456451,0.013100125992367,0.00868387745637153,-30,0,0,0,0,0,4,3,0.564319200755405,-1.17633723187625,-0.915889848598111,0,0,0
873,-30.0501198184091,-0.00266461407576633,0.00516060735917314,0.00477179821788806,0.000655481392064234,0.000479372315580529,-29.8499551682764,-0.15273440268362,0.123000489649818,-0.00526453256323751,-0.0154684018761055,0.00719327309243569,-30,0,0,0,0,0,4,3,0.226363592876641,1.85230899297779,-0.965328288543205,0,0,0
874,-30.0456116424392,-0.00108297909075732,0.0052047709931851,0.00424431092335941,0.00250778406419245,-0.000390889893080133,-30.1556755947362,0.0716627360033726,0.0202586604038991,0.0131903928919499,0.016467730398116,0.0129744909582865,-30,0,0,0,0,0,4,3,-1.00768809972261,-1.79009851181835,-1.33796641663645,0,0,0
875,-30.0422011849729,0.000529741690038996,0.00468088648758893,0.00257653570952803,0.000717651854137159,-0.00065639910517892,-29.9358458063764,-0.155106932031794,0.0151072921366503,-0.0062156283408821,0.0100037182829036,-0.0100448035778898,-30,0,0,0,0,0,4,3,0.493254446840979,-0.690157964226773,0.974265773515683,0,0,0
876,-30.0391118213406,0.000902327342899557,0.00418562701595079,0.00360229149644289,2.75138881983582E-05,-0.000334408571283012,-30.080184289021,0.123552772281649,0.180942645163282,0.000788518238192891,-0.00771402599816108,0.00829621842989724,-30,0,0,0,0,0,4,3,0.0815167542227927,0.52429705525281,-1.19150713331629,0,0,0
877,-30.035905360345,0.0011919868203216,0.00338791299395759,0.00281037461843791,0.000551799407935389,-0.00126079084249809,-29.9544207195369,0.0105839454039046,0.10459357918028,0.00548560383936305,-0.0128238068207702,-0.00199642384690362,-30,0,0,0,0,0,4,3,-0.63971894486243,1.26121279126921,-0.00954477367019793,0,0,0
878,-30.0333308637848,0.00237438975542339,0.00233790758086917,0.00233874701001634,0.00181300002350953,-0.000839082524490414,-29.8936682862767,-0.00517138510388956,-0.0116175364374864,0.00805424392862932,0.00685510907180637,-0.00945086853577044,-30,0,0,0,0,0,4,3,-1.01808782030955,-0.675168136972858,0.968321926452017,0,0,0
879,-30.0310169046085,0.00384980557958641,0.00219007593211001,0.00228956987167999,0.00113782330212602,0.000543438177041534,-29.891960606947,0.00146399336013753,-0.00839863637915122,-0.0032991347525581,0.00705566907656922,-0.00593877326350339,-30,0,0,0,0,0,4,3,0.113834689149828,-0.708494894377197,0.610674599108642,0,0,0
880,-30.0284760897209,0.00463338911290155,0.00289874222058225,0.00279216099341199,0.000429337257490548,0.0008737555080763,-30.0038756438022,-0.0594571009853054,-0.159645813468245,-0.0052718119189741,-0.00080891332380988,0.0214760507442383,-30,0,0,0,0,0,4,3,0.534932479501909,0.199805534351599,-1.82831344748734,0,0,0
881,-30.0261443075895,0.00516262769413694,0.00292504915481007,0.00187092773588368,0.000629132827582096,-0.000820878142814049,-29.9035404075019,-0.0512540324968423,0.100200062068518,0.0206579095274264,0.00761222308662101,0.0206264143746693,-30,0,0,0,0,0,4,3,-2.2587101377389,-0.658714243668417,-2.26304156160397,0,0,0
882,-30.0258773535228,0.00546237225963641,0.00209045002522434,-0.00133702210319347,-2.96488845609642E-05,-0.000847406723757098,-29.9810434601329,0.103507523578607,-0.0214535246408541,-0.0029669469673124,-0.00141568773083469,-0.0128732480372486,-30,0,0,0,0,0,4,3,0.258781616997052,-0.065446274073744,1.33023185300657,0,0,0
883,-30.0266580183455,0.00540001296546371,0.00161319986618394,-0.000224092051293101,-9.50756774257212E-05,-0.000107408139322102,-30.1528685847645,0.0140886515342233,-0.0566012110125012,-0.00561895257372544,-0.00665239210795059,-0.00209409520458675,-30,0,0,0,0,0,4,3,0.867632426901611,0.637061907726612,0.322611942483678,0,0,0
884,-30.0264662162558,0.00562347996685482,0.00130353121650722,0.00060758847101683,0.000542006144368704,-0.000512163070289732,-29.7364546649036,0.0157265824858522,0.0262262867343078,0.0122749102390634,0.000447279966752749,-0.00745748421491845,-30,0,0,0,0,0,4,3,-1.7545816940991,-0.0761811616469793,0.693295848023229,0,0,0
885,-30.0262382805668,0.0061273859200282,0.00164716631004876,-0.00015122626437998,0.00046579947936956,0.00119964804432512,-30.1563552995659,0.0725642014890885,0.0669063357072103,-0.00249787835253479,0.00318849196910851,-0.00419743136330955,-30,0,0,0,0,0,4,3,0.562498434385248,-0.463977599889028,0.285930464916534,0,0,0
886,-30.02609378237,0.00636120589491831,0.00273912789190134,0.000440166808317906,1.83563302499377E-06,0.000984110929093306,-30.1725719808639,-0.00718513708584147,-0.0434856317354962,-0.00205341151717826,-0.0153744563424212,-0.00949501697060977,-30,0,0,0,0,0,4,3,0.550485113445555,1.5518159084138,1.03647296053197,0,0,0
887,-30.025096459103,0.00713896408997576,0.00388417644348226,0.00155457298557719,0.00155367330504903,0.00130567383327266,-30.0371798289615,0.00240016305993469,0.0205067301072714,0.00859994608615891,-0.00398876098035497,-0.00695334671954951,-30,0,0,0,0,0,4,3,-0.785634950692951,0.394075771915627,0.654321211740408,0,0,0
888,-30.0235911027809,0.0088896743508596,0.005688621574925,0.0014564267592844,0.00194774143280566,0.00230324702803038,-29.9804795312086,0.0958971739342159,-0.130049724008145,-0.00858622559800293,0.00649742273451307,-0.000563945359715678,-30,0,0,0,0,0,4,3,0.819581622217446,-0.841536621319739,0.316493983987858,0,0,0
889,-30.0217370078961,0.0104166600489278,0.00780241044517016,0.00225166168746757,0.00110622375358708,0.00192410938609349,-30.1087598105008,-0.184333394160469,0.206879306187331,0.00199264118213949,0.00240869748352473,0.00997543128793899,-30,0,0,0,0,0,4,3,0.0182555027877503,0.127797039968465,-1.41130174116856,0,0,0
890,-30.0199833400174,0.0115867775888367,0.0092120524425796,0.00125539013240612,0.00123400565132476,0.000895456894399932,-30.1990575280715,-0.0973408275071723,-0.101305848039174,-0.0116489707236042,-0.00684279832492073,-0.00486220827345038,-30,0,0,0,0,0,4,3,1.56301212850351,0.878961487506417,0.688832523423386,0,0,0
891,-30.0179373366596,0.0132602851628553,0.00978491051932895,0.00283644111450359,0.00211300419264258,0.000249816620309821,-30.0291942444882,0.0683944466392825,0.201811311354414,0.0100906992617315,0.00159031993730364,0.00190770973767399,-30,0,0,0,0,0,4,3,-0.950681437196719,-0.295820887008929,-0.594393596476227,0,0,0
892,-30.0156511504952,0.0152253696656023,0.0101521484742159,0.00173600365861638,0.00181715884209236,0.000484972100584586,-30.0832769157026,0.08242175842108,-0.0187403645647201,0.010891475312971,-0.00189337541641498,0.00787535695406633,-30,0,0,0,0,0,4,3,-0.922593699891991,0.0244940247993383,-0.750054966277193,0,0,0
893,-30.0145106352858,0.0170547649032048,0.0106907533996239,0.000545062119489737,0.00184162722341066,0.000592571484030868,-30.1429937201362,-0.00515545749697374,0.107281230478844,-0.00912897747111911,-0.0275865281797905,-0.0197381355359127,-30,0,0,0,0,0,4,3,1.19888518738427,2.768963732973,1.75925109263358,0,0,0
894,-30.0129229835411,0.0202808973284391,0.0114655561226147,0.00263034865530953,0.00461063289063816,0.000956451933765364,-29.9633473174672,0.0853147914459463,-0.0194168248028585,0.0166958785798972,0.00821075365029396,-0.008595966284391,-30,0,0,0,0,0,4,3,-1.74289322305539,-0.991704947921288,0.898430278044817,0,0,0
895,-30.0105893850895,0.024395668519494,0.0133467840348231,0.00203737217326699,0.00361890490556705,0.00280617186178938,-30.0934455991278,0.027949400421674,-0.0614354250600408,0.00817964594247835,0.013630058826493,-0.00773558017167881,-30,0,0,0,0,0,4,3,-0.631073395992326,-1.41890468349265,0.896428867287963,0,0,0
896,-30.0084575559869,0.0273051225258008,0.0166817291749347,0.00222658766328522,0.00219999815063491,0.00386366797751074,-30.0383622681378,0.000478227717591675,0.0710178534952549,0.0073394240541019,0.00669888484935448,-0.0194567734133766,-30,0,0,0,0,0,4,3,-0.657217869134513,-0.670844940370632,1.80364163434715,0,0,0
897,-30.0058216505551,0.0291697034901287,0.0214016726154315,0.00304570679680898,0.0015291605980392,0.00557599288178403,-29.8039029977116,0.00943470325336507,0.0514500733570431,-0.0014723089816083,-0.00256014862937217,0.00978757847807949,-30,0,0,0,0,0,4,3,-0.244963106416049,0.237145456430487,-1.08165799452203,0,0,0
898,-30.0032489078597,0.0308174311479398,0.0266744898872865,0.00209961565643012,0.00176628956018765,0.00496990872740761,-29.86623519577,-0.0916860032303956,-0.0260810739485015,-0.00604578010958242,0.00652159312868612,-0.00858309489321471,-30,0,0,0,0,0,4,3,0.337048402498176,-0.468787306407821,0.910471637218474,0,0,0
899,-30.000708385619,0.0323493392293879,0.0318327189123127,0.0029815370245378,0.00129751860156346,0.00534631091206578,-29.9909131771906,0.0827806555087816,0.0612025317882334,0.00787779702950506,-0.0127185297628491,0.0211606277634317,-30,0,0,0,0,0,4,3,-0.805953348569294,1.10629166526735,-2.23846783991964,0,0,0
900,-29.9988095018428,0.0341999871125698,0.0366713679134177,0.000815954022343084,0.0024037704895811,0.0043315921910955,-29.8878123078729,0.00506661535873165,-0.0786096531469425,-0.000498583029184936,-0.00622995536006833,-0.00158726291808175,-30,0,0,0,0,0,4,3,-0.17451708133563,0.61286230528937,0.315945598102059,0,0,0
901,-29.9979441028651,0.036910191935143,0.0411660053382167,0.000914937899202975,0.00301663297094213,0.00465765854674591,-29.8613870354264,0.0293591234558165,-0.0539606474736131,0.0148242019189937,-0.00216324853484777,-0.0136737277175818,-30,0,0,0,0,0,4,3,-1.75964612104647,0.157606606573143,1.47529406670541,0,0,0
902,-29.997119990304,0.0400056225858706,0.0469584513586645,0.000733922954664527,0.00317422255334542,0.00692728768913493,-30.0246265011024,-0.0335800399690304,-0.00889502716506645,-0.0124473640987242,0.000134350508814151,0.00633147917873864,-30,0,0,0,0,0,4,3,1.29398941207729,0.0537250290566456,-0.615357863543731,0,0,0
903,-29.9961542454303,0.0432067197685755,0.0531983265433573,0.00119718955189481,0.00322796525040984,0.00555233869012632,-29.9670782189021,0.00385832406984778,-0.0642088335843327,0.0132237357505021,0.00351173842950433,-0.00404348456897295,-30,0,0,0,0,0,4,3,-1.38821713724597,-0.358890491090128,0.53276612406596,0,0,0
904,-29.9952532897914,0.0462552309707765,0.0594231925239436,0.000605097477715429,0.00286905440710848,0.00689756095868427,-29.9672875281884,0.00512829139050798,0.154523591602553,0.0127395932679384,-0.00445950005911196,0.0158905312022234,-30,0,0,0,0,0,4,3,-1.33938427041696,0.43569342313018,-1.89810030342745,0,0,0
905,-29.9957958894624,0.0493421113883354,0.0661271953560308,-0.00169040035476788,0.00330470172175311,0.00651108099438642,-29.9182785448816,0.0893091385522421,0.235855006624331,0.014295202126031,0.0126163199927763,-0.0129767058231254,-30,0,0,0,0,0,4,3,-1.59296312283998,-1.44025027638212,0.825960569063883,0,0,0
906,-29.9977477513667,0.0519266810331097,0.073488388507797,-0.00221285107805338,0.00186443044363666,0.00821145357736003,-30.0673984315298,-0.0178873430192296,0.156072410920938,-0.00236700032122099,-0.0014305375612359,0.00402636031303743,-30,0,0,0,0,0,4,3,0.371496895181634,0.178828442162049,-0.714780853145619,0,0,0
907,-30.0000870324689,0.0538805275023222,0.0813092764288967,-0.00246592199543724,0.00204325805739309,0.00743039644284071,-30.1055952912733,0.0205267911154447,0.0200461768722496,0.017070743764272,-0.0125398050750751,0.0135587734295928,-30,0,0,0,0,0,4,3,-1.49588379388063,1.21292692527662,-1.39596969670378,0,0,0
908,-30.003575304991,0.0565302305967319,0.0887809211493312,-0.0045105983456044,0.00325614142778329,0.0075134547476794,-29.9905818767731,0.0316944306389469,0.0637797948009377,-0.00701879687183046,0.000609975981697129,0.00103899938493892,-30,0,0,0,0,0,4,3,0.683043440729316,-0.124386459447607,-0.231459528095767,0,0,0
909,-30.0079312699729,0.0597241881413788,0.0959619837611545,-0.00420151239802178,0.00313176532010373,0.00684858934387759,-29.9353671594294,0.280152577620281,0.0557326504461464,-0.00936181500086492,0.0207602186320594,-0.00210322767958602,-30,0,0,0,0,0,4,3,0.806915818945215,-2.6363270184465,0.0988574670663089,0,0,0
910,-30.0118170298193,0.0615377998072071,0.102548550282672,-0.00357014757395143,0.00049545461194032,0.00632437113570787,-29.9735383921106,0.147662282300379,0.354031664275045,0.0199798786136254,-0.00049494676168574,0.00841703293572932,-30,0,0,0,0,0,4,3,-2.05091107714131,-0.245829888432184,-1.54976662212302,0,0,0
911,-30.0166584451078,0.0619103157093656,0.109062140800104,-0.00611257621996613,0.000249569011168446,0.00670350912232256,-30.0440240196616,-0.0260291108096547,0.231451738918205,-0.00892559727355912,0.00197085653607871,-0.00852779708946176,-30,0,0,0,0,0,4,3,0.980607766679167,-0.145027431988562,0.389876231109765,0,0,0
912,-30.0222907124946,0.0620873860459842,0.115543233106158,-0.00515207828069388,0.000104564364518562,0.00625841249319221,-29.9185455794039,0.220772101984467,-0.0526400379319474,0.00997168267776033,0.00442722436564815,0.00822491749477121,-30,0,0,0,0,0,4,3,-1.16007710896814,-0.884266640533749,-0.717211673613226,0,0,0
913,-30.0281049725882,0.0617498050481447,0.121962583459096,-0.00647635048746606,-0.000779732038314266,0.00658064984051472,-30.090819841008,0.0407221656028494,0.0297666488544752,-0.00608501329118413,-0.0032800185229878,0.00205647511843734,-30,0,0,0,0,0,4,3,0.790141011134397,0.246557521093081,-0.265180809552685,0,0,0
914,-30.0344029842135,0.0610933601210362,0.128161314800778,-0.00611987997839145,-0.000533162514835561,0.00581671572666068,-30.1516003745886,0.197180559530045,0.035894879567301,-0.00978950608856146,0.00895653654383769,0.00357888880722173,-30,0,0,0,0,0,4,3,1.28215135803338,-1.29001477344386,-0.429678639856775,0,0,0
915,-30.0402333994866,0.0599152029510894,0.133361727718254,-0.00554128359569138,-0.00182315780786674,0.00458395129704084,-29.926677153591,0.124995272212084,0.0987545595037357,0.0117387586582582,-0.013160850638183,-0.00456822817352716,-30,0,0,0,0,0,4,3,-1.32052155864385,1.06609451939413,0.259313698345245,0,0,0
916,-30.0461418085061,0.0586250859389788,0.138504667465219,-0.00627522172436514,-0.000757085363169919,0.00570212720951196,-30.0563295102697,0.118016711241194,0.170705816386055,-0.00474631838467197,0.00537787760999511,-0.0100725341731909,-30,0,0,0,0,0,4,3,0.587290859006587,-0.7738211834819,0.66584178454698,0,0,0
917,-30.0519749386007,0.0574811018450235,0.144220535885097,-0.00539102730751904,-0.00153088814992421,0.00572936928237241,-29.7840483666771,-0.0655837478117879,0.260276610737599,-0.0157325914869212,-0.00395997211408241,0.0285897166416401,-30,0,0,0,0,0,4,3,1.1413558820464,0.527164707031817,-3.37952488563921,0,0,0
918,-30.0581889942106,0.0562137926999839,0.148360614888164,-0.0070379479554614,-0.00100373898809211,0.00255123792504937,-30.1550202797276,0.176065459929278,0.25513283476638,-0.00334871225453818,-0.00148707567046565,-0.00476021335027509,-30,0,0,0,0,0,4,3,0.644911784908993,-0.20342335281199,-0.0342443345052505,0,0,0
919,-30.0650188960102,0.0551083504371519,0.150662154977591,-0.00662198601555495,-0.00120715054681077,0.00205172946830027,-30.1028278185829,0.040144045404377,0.153467575457528,0.00344903715279236,-0.00192041370245226,0.00344507209574278,-30,0,0,0,0,0,4,3,-0.139248078113382,0.111753279436472,-0.651442360489334,0,0,0
920,-30.0719274006475,0.0539570752000899,0.152532852829152,-0.00719511739098489,-0.00109540704620314,0.00168982293302842,-30.094815284087,0.145459015979808,-0.069502760198744,-0.0150417241919606,-0.0116701796775997,-0.00414949098377102,-30,0,0,0,0,0,4,3,1.69380298737006,0.876099935800357,0.55395461877459,0,0,0
921,-30.0783398986121,0.0532997394479395,0.153798027127701,-0.00563010215778457,-0.000219269063969185,0.000840097386088834,-29.9451474414209,-0.0131767379753095,0.123575706192816,-0.0197595543385368,-0.00717572069229602,0.00102842933070125,-30,0,0,0,0,0,4,3,1.86625031669546,0.743925545180221,-0.349994345455758,0,0,0
922,-30.0834547091615,0.0534524509530995,0.153837216212558,-0.0045999442849008,0.000524687864549845,-0.00076199466160453,-29.8297597773315,0.0397856753197606,0.206670832480821,-0.00737693249018236,0.00350679075212776,-0.00226169417515336,-30,0,0,0,0,0,4,3,0.397212803681327,-0.430250425852297,-0.187172247446305,0,0,0
923,-30.0879897804119,0.0537620196259476,0.152860347715003,-0.00447030916466218,9.44428825961166E-05,-0.00119177666156956,-29.9695755053787,0.0443447085739581,0.0628795979118316,0.00840317606013375,-0.0114251383728119,-0.00835874119354769,-30,0,0,0,0,0,4,3,-0.901166595255997,1.05382442013327,0.710114923531106,0,0,0
924,-30.0925200161451,0.0543833735789142,0.152232856630729,-0.00458984896381436,0.0011482580932353,-6.31712888719028E-05,-30.2077540481412,0.0279301223416616,0.257959751834225,-0.00884520442272695,0.00935048869088586,-0.0170734097982508,-30,0,0,0,0,0,4,3,1.30002853855503,-0.990909113771909,1.19142147615663,0,0,0
925,-30.0962345796229,0.0550361990714834,0.152104473970414,-0.00283930766700914,0.000157386591353584,-0.000194065540812166,-30.2715661819825,-0.0966155702159743,0.118096875382421,-0.00250147631487549,0.0146037225376566,0.00367888215459896,-30,0,0,0,0,0,4,3,0.793279995452578,-1.26714111333371,-0.604081966224739,0,0,0
926,-30.0990230982175,0.054560022375698,0.151407309556163,-0.00273799628559391,-0.00110974618071717,-0.00120029018170386,-30.1789137623954,0.00558923829660716,0.231915584554157,-0.0117638915710251,0.000577074461071873,0.00945211742269559,-30,0,0,0,0,0,4,3,1.53421668189328,-0.0688859227004016,-1.40904291137787,0,0,0
927,-30.1017468300836,0.0534158432213018,0.149157989552196,-0.00271002647440967,-0.0011786186156122,-0.00329835808676866,-30.2911501569613,0.107459804611592,0.140769934799329,-0.00150099288942654,0.00663851030993987,-0.00958496750657937,-30,0,0,0,0,0,4,3,0.732399602865248,-0.87877064021717,0.676956881059279,0,0,0
928,-30.1039653846856,0.0517978521143594,0.145820161242172,-0.00172709575764767,-0.00205736800155417,-0.00337756276830087,-30.0546221097093,0.000380522543318502,0.0788146133828866,-0.00639599930162789,-0.00448580484079646,0.0227701490201164,-30,0,0,0,0,0,4,3,0.748844149581452,0.447819438993009,-2.43464412877741,0,0,0
929,-30.10632269208,0.0499643903807194,0.141324127705777,-0.00298811141279128,-0.00160956114893736,-0.00561416174665126,-30.180536657327,0.00410528100186033,0.330636062227082,-0.01437417062047,0.00178636186033844,0.00046608926001263,-30,0,0,0,0,0,4,3,1.79849037670107,-0.186846748037565,-0.707881050455428,0,0,0
930,-30.1089553877345,0.0482614210069509,0.134806755421729,-0.00227775705879598,-0.00179638172088985,-0.00742077224769565,-29.9932060714272,0.168212093893761,0.0928987872972011,-0.0139575446820558,0.0149321684388696,-0.00306040237416738,-30,0,0,0,0,0,4,3,1.38216661106,-1.82964103167448,0.120242662822336,0,0,0
931,-30.1107221261923,0.0455502353794268,0.126918230963403,-0.00125596299082586,-0.00362599534263674,-0.00835655059795578,-29.9431535578229,-0.0710245872423862,0.184772189088602,-0.0107556264847087,0.00723056197850723,-0.0106711217259831,-30,0,0,0,0,0,4,3,0.961869764116734,-0.581007023365951,0.697567794421108,0,0,0
932,-30.1114029283477,0.0416337520966668,0.118444222799092,-0.000105694750398607,-0.00420697655856057,-0.00859177220050839,-30.0120279571351,-0.115069519327317,0.176439441893505,-0.00104659825694455,0.0116037590508406,0.00265226093015106,-30,0,0,0,0,0,4,3,0.128715739964747,-0.930236866429425,-0.618104976802116,0,0,0
933,-30.1116977023458,0.0369616568060456,0.109584170453659,-0.000483989250586094,-0.00513721777293587,-0.00912822982588195,-30.1880781672252,0.0529524161855369,0.043669531326761,-0.00627293550936433,0.00611246461773205,-0.0320288595271658,-30,0,0,0,0,0,4,3,1.0034498853868,-0.717151294144279,3.11554689006306,0,0,0
934,-30.1107145064516,0.0314658924741047,0.101153244893733,0.00245076298138817,-0.00585431593765494,-0.00773440525599474,-30.1864149843445,-0.0116780436267649,0.269117505461429,0.0037202948547308,0.00450188597518328,-0.0155885366303714,-30,0,0,0,0,0,4,3,0.000800483215966818,-0.426832510264799,1.02061865211428,0,0,0
935,-30.1079010437101,0.0253981693839408,0.0937586834663691,0.00317635081567926,-0.00628113723795931,-0.00705490993858686,-30.2411712408704,0.0381080940426373,0.0832816430613367,-0.00230153414539447,-0.00936345755717126,-0.00116010075449325,-30,0,0,0,0,0,4,3,0.712495896280226,0.860129567631851,-0.0505532106733488,0,0,0
936,-30.1045066116498,0.0195471061081281,0.0864166233789053,0.00361237146828178,-0.00542099477310102,-0.00762932174949266,-30.1578591951918,0.0707464589326743,0.150305156312082,0.00371216555585242,-0.0230704646507868,-0.00762761265552605,-30,0,0,0,0,0,4,3,-0.0554981652015695,2.16555354721333,0.462150952928441,0,0,0
937,-30.1007535645762,0.0152088930688894,0.078955060876765,0.00389381978256692,-0.00325543719787271,-0.00729387500990053,-30.0949695538803,0.103010165856478,-0.0236986108050741,0.015783362142482,-0.0184922861864448,-0.0117220347675862,-30,0,0,0,0,0,4,3,-1.38839710648754,1.64320828693152,1.21960069836877,0,0,0
938,-30.0969000936054,0.0127750564067804,0.0725735171103683,0.00381361551119015,-0.00161224173129713,-0.0054691900054416,-30.0314971624216,-0.0162739573516993,0.0817753487885005,0.00142808987795444,0.0023969665709926,-0.00508445871840583,-30,0,0,0,0,0,4,3,-0.0798146629522982,-0.207148742395861,0.344895174263582,0,0,0
939,-30.092995433542,0.0110592438902607,0.0672405152912247,0.00399578568215441,-0.00181938819380979,-0.00519685983132465,-30.0748773134632,0.0816231573066548,0.207470441166538,0.0085982546384833,-0.0129661917673848,-0.0207197098658285,-30,0,0,0,0,0,4,3,-0.710070836921921,1.13337286212517,1.65703010424977,0,0,0
940,-30.0886462024722,0.0098065477519996,0.0628586777442193,0.00470311611467605,-0.000686010551939188,-0.00356700091957276,-30.0499277410155,0.0403331506093123,0.221087794669374,0.0180026619982305,-0.00785349734995464,-0.0128787103979864,-30,0,0,0,0,0,4,3,-1.70041071779209,0.704683433776839,0.84569545045989,0,0,0
941,-30.0842230051735,0.00947287053593721,0.0601894133163104,0.0041437629888197,1.8650072400001E-05,-0.00177137740956662,-29.9643203814113,-0.0905884801746197,0.0405414310632309,0.00361161222473533,-0.0100729033276879,0.00242187891356058,-30,0,0,0,0,0,4,3,-0.432520459650966,1.18846729311803,-0.32327075348252,0,0,0
942,-30.0803502859131,0.0100857497724315,0.0584539933452893,0.00360170318834586,0.00120710565420536,-0.00169931713829943,-30.1913977245711,0.0447827781366103,0.292712185722612,-0.00850717876019801,-0.0070125865674536,0.00219403281122934,-30,0,0,0,0,0,4,3,1.233513325162,0.61169310047214,-0.804827652568158,0,0,0
943,-30.0766256480339,0.0115987130377432,0.0560185856733176,0.00384719046191292,0.00181881319810367,-0.00317156017551502,-30.2392272906139,-0.0799012475371277,0.0667469918088236,0.000598263029794936,-0.0129173335242345,-0.00361997003839539,-30,0,0,0,0,0,4,3,0.418628278248272,1.45153584749771,0.228503020221892,0,0,0
944,-30.0725579257925,0.0141433017959741,0.0527612921992457,0.00428821654046315,0.00327035945243521,-0.00334314071861203,-30.0917277419302,-0.0947220681165857,0.103869221199611,0.00737385350958014,0.0146550309679525,-0.0122118622854643,-30,0,0,0,0,0,4,3,-0.553929867097551,-1.27605896056208,1.0134477861472,0,0,0
945,-30.0680947237496,0.016775635428286,0.0499553163892423,0.0046384772310789,0.00199430116014916,-0.0022688998575361,-29.8797725259674,-0.0612430326819287,-0.0521010488480429,0.0238763937328616,0.00274309320556503,0.00941628118813215,-30,0,0,0,0,0,4,3,-2.6280943213513,-0.151823255192645,-0.83742602111713,0,0,0
946,-30.0646646211878,0.0186939978687741,0.0483494826581532,0.00222208485870443,0.00184241911533551,-0.000942127966573787,-30.0458255076706,-0.0997752420636615,0.012214156217466,-0.00252710498798187,0.00173375223449139,-0.0123984218800624,-30,0,0,0,0,0,4,3,0.344361514139464,0.026175260678184,1.21541387557131,0,0,0
947,-30.0618854438709,0.0205495169904388,0.0476859549162714,0.00333642396697861,0.00186861421195279,-0.000385218228528099,-30.051040502979,-0.096051394015956,0.151552753751885,0.00720301208778811,0.00768823905074012,-0.0152596445683532,-30,0,0,0,0,0,4,3,-0.618220202820756,-0.5767211170421,1.22285894933155,0,0,0
948,-30.0583169055856,0.0221297761596183,0.0479330666405512,0.00380098909426287,0.00129189484137021,0.000879323504590338,-30.0590480259077,0.0560170640576492,0.169798312003358,-0.00389602359855323,0.018715407766257,-0.00184008509891109,-30,0,0,0,0,0,4,3,0.507698411670751,-1.983574904741,-0.155588114115608,0,0,0
949,-30.0544035555765,0.0224298903276266,0.0485626789448313,0.00402558582454188,-0.0006916721910116,0.000379843934875479,-30.2066473594088,0.00254904173263467,0.0718527208530734,0.0117386354816295,-0.0011537591691553,-0.00999840240262948,-30,0,0,0,0,0,4,3,-0.760568829345365,0.110277833450261,0.856134798556802,0,0,0
950,-30.0503275017394,0.0217933579060742,0.0495015040035774,0.00412682147606512,-0.000581399314816125,0.00149778293987708,-30.1053866705381,0.0564270208522325,0.120475382772532,0.0166992030901318,-0.000765931607480101,0.0131191705191972,-30,0,0,0,0,0,4,3,-1.45914696793705,-0.0362608809564549,-1.55286781746479,0,0,0
951,-30.0472694575032,0.0211938089520592,0.050994188259392,0.00198927093357147,-0.000617704779892528,0.00148814921353543,-29.9447934305937,0.0519962635664903,0.0892904511709937,0.00303444585319832,0.0211084140265249,0.00978916405245019,-30,0,0,0,0,0,4,3,-0.413857724132371,-2.21483392978547,-1.15749730758701,0,0,0
952,-30.0458484862838,0.0194686792213874,0.052230350512959,0.000852544574779997,-0.00283255922226913,0.000984474061383184,-30.0291967463913,-0.16933731438504,-0.162370797787503,0.00972177686833752,-0.00945641548132045,0.00523563209365447,-30,0,0,0,0,0,4,3,-0.913784194051203,1.28431617690213,-0.198821613790442,0,0,0
953,-30.0453831242899,0.0172782724276574,0.0534729565062167,7.83198023502522E-05,-0.00154826247473084,0.00150094523786436,-29.9240646404958,0.112133124085436,-0.0370909884628094,-0.00256387178943617,-0.00602978049988751,0.0105966820466913,-30,0,0,0,0,0,4,3,0.104516459935153,0.378711801817879,-0.985486227743512,0,0,0
954,-30.0456341362789,0.0159193638304288,0.05459183064271,-0.000580538617199567,-0.00116955951552645,0.000736978675098037,-30.0345285478781,-0.0466757219338309,0.226253834105614,0.0028175467974872,-0.0198803644874671,-0.0146748775591535,-30,0,0,0,0,0,4,3,-0.212697583992541,2.08138789261437,1.01498008770412,0,0,0
955,-30.0459181629968,0.0157905048171847,0.0557429989567686,1.27065874604919E-05,0.000911835502005384,0.00156520657966443,-30.0428751197988,0.0406500172144294,0.0402374786187315,0.0021910246160663,0.000493076186945307,-0.000581871454210854,-30,0,0,0,0,0,4,3,-0.133352222008951,-0.13060765312339,-0.0222878118163775,0,0,0
956,-30.0459621908306,0.0166370375839319,0.0573407658044426,-0.000100738933321288,0.000781225088476972,0.00163035762639146,-30.0919382349104,0.0269645525751463,-0.104444833915081,-0.0189387917787685,0.00627833299514094,-0.00908738274940657,-30,0,0,0,0,0,4,3,2.07775564769765,-0.681762404664386,1.11762794277082,0,0,0
957,-30.0449508495205,0.0170774100206325,0.058578178398326,0.00212322301012288,9.95141643547182E-05,0.000843891384906389,-30.1717988669474,0.00645678774312195,0.196531398964426,-0.000137076614599465,-0.000728667411328032,-0.0109237094798467,-30,0,0,0,0,0,4,3,0.357305395354779,0.0599531656465593,0.699308150055819,0,0,0
958,-30.0424531382276,0.0172069111183347,0.059517903110606,0.00287225593019576,0.000159481746492488,0.00103536423471147,-30.0277831312232,0.0676819187025993,0.174278564308213,0.0164733447594996,-0.0177562316873846,0.00902856310101853,-30,0,0,0,0,0,4,3,-1.59176821350351,1.64025933133326,-1.25141343871828,0,0,0
959,-30.0405839043055,0.0181865034703751,0.0607042853708226,0.000866294436642067,0.0017996973037947,0.00133792517279057,-30.108540653795,0.0519793834763678,-0.015273267236323,-0.00192561020585852,-0.00161678067048815,0.00685437318660186,-30,0,0,0,0,0,4,3,0.409642328175867,0.0577193000960791,-0.65489078418754,0,0,0
960,-30.0398231985238,0.0200150630177163,0.0616605141324908,0.000654926016303229,0.00185741714780492,0.000574589147038012,-29.962323076769,-0.00563193304808047,-0.00584819295224678,0.00938759130787336,0.00472237803899547,0.000947522721843898,-30,0,0,0,0,0,4,3,-1.01411297724927,-0.460973937803386,-0.0830558862798963,0,0,0
961,-30.0395458105495,0.0216419856271085,0.0625711266674015,-9.99706646417042E-05,0.00139642315600717,0.00124683400864431,-30.1116587711283,0.0738992123868061,-0.097111368444629,-0.00760167824268881,0.00769799367054728,-0.0003577437756864,-30,0,0,0,0,0,4,3,0.98348536652542,-0.91759779182834,0.229997114457898,0,0,0
962,-30.0392318364669,0.0225796228418502,0.063524888362218,0.000727772649276761,0.000478846449305765,0.000660476221161296,-29.9708787573666,0.00102039679256919,0.0755170981664966,0.00923468018583995,0.00719247248376331,0.0044651665054521,-30,0,0,0,0,0,4,3,-0.981710503850883,-0.721288041961469,-0.597550846878204,0,0,0
963,-30.0390597697516,0.0226978160370993,0.0643358968859229,-0.000383555292672722,-0.000242466681100101,0.000961831165419882,-29.9273837977855,0.132106456218766,0.159494799890544,0.00176531569848955,-0.00625656711982935,-0.00977582342913886,-30,0,0,0,0,0,4,3,-0.321763974277929,0.361443799545403,0.658592743132798,0,0,0
964,-30.03931283685,0.0226360746017559,0.0656302902091116,-0.00012240045223514,0.000118978271095726,0.00162689025749478,-29.9463531886958,0.154065572349162,0.119030612003769,0.00397935497800445,0.00888269723689697,0.0137990783669089,-30,0,0,0,0,0,4,3,-0.505229120408755,-1.19640086838802,-1.61796906069843,0,0,0
965,-30.0402056487335,0.0221568417322577,0.0668884751959192,-0.00166340847394225,-0.00107744988390286,0.000889880519658822,-30.1215852944842,0.162561995811854,0.152814441489836,-0.00305522981624764,0.00420030607520555,0.00227160069985096,-30,0,0,0,0,0,4,3,0.54869357059326,-0.745154599144264,-0.532788952964768,0,0,0
966,-30.0418840020484,0.0207068197496427,0.0673882542620032,-0.00169349248270083,-0.00182259997420393,0.000109688101747382,-29.8381757715703,0.117576446171206,0.0652436143863553,-0.0016739715984029,0.00574441551508396,-0.00517576341726717,-30,0,0,0,0,0,4,3,-0.156251297019027,-0.809594443850808,0.387089112954006,0,0,0
967,-30.043491267031,0.0184794249916954,0.0676783313970341,-0.00152094103967479,-0.00263219311357145,0.000470426049881142,-29.9363743068519,0.0200665313551052,0.0762845210001852,-0.0136051574209504,-0.027869408888437,-0.00436179985628338,-30,0,0,0,0,0,4,3,1.23326435579881,2.74680782613349,0.283610943627968,0,0,0
968,-30.0444955376742,0.0172206511866106,0.0677810345483435,-0.00048778308465542,0.000114641098895617,-0.000265282141261189,-29.9332862496186,0.15015946688048,0.292816233417477,0.0150136451849978,-0.0232564660878086,0.00798906888049745,-30,0,0,0,0,0,4,3,-1.63479201926259,2.0253276750199,-1.3845393548847,0,0,0
969,-30.0460497645135,0.0183479365404395,0.0676448285656029,-0.0026206001586458,0.00213992272366839,-6.57799793854844E-06,-29.9876596635872,-0.0727040078892507,0.0679591294323496,0.00305367394395032,0.0197469210911541,-0.00485290604137407,-30,0,0,0,0,0,4,3,-0.330048067220706,-1.82928409333691,0.349372345272708,0,0,0
970,-30.0486563327939,0.0195732191610144,0.0678705410439458,-0.00259241062986045,0.000310636239261723,0.000457997869245134,-30.003357305842,-0.0497118503476154,0.169082371520124,0.0104454823805747,-0.00406659934679925,-0.00308086268498919,-30,0,0,0,0,0,4,3,-1.03783362637353,0.506083635375156,-0.0300784745413289,0,0,0
971,-30.0516128746644,0.0201368883236425,0.0686948629156056,-0.00332047983180833,0.000816699955992511,0.00119083227366149,-30.1299567216054,-0.111187834806281,-0.0896673624561341,0.000996620250986492,0.0100760245790124,-0.00683569858050075,-30,0,0,0,0,0,4,3,0.160251418112192,-0.785226788288674,0.862904582962343,0,0,0
972,-30.0545635576083,0.0205609871283981,0.0701096706292981,-0.00258077038686377,3.14856626623327E-05,0.0016385971718398,-30.1078114677058,0.0629074004964986,0.0488671297898028,0.00254205338371923,0.00190567590913699,-0.0113413259535562,-30,0,0,0,0,0,4,3,-0.0385824029604207,-0.316382391906696,1.03639833577601,0,0,0
973,-30.0567768030355,0.0204342902348187,0.0721036006425284,-0.00184553611204665,-0.000284886085683609,0.00234907582132148,-30.0446695306967,-0.037037473782595,0.0136271283116141,-0.00720641345218616,-0.0165229281281066,-0.0172984353956116,-30,0,0,0,0,0,4,3,0.809980406611941,1.72636776037585,1.70258928293794,0,0,0
974,-30.0577224967273,0.0210126075961154,0.0747170415095658,-4.57168756956448E-05,0.00144151564346124,0.00287734427548925,-30.0141597174097,-0.0562398059618889,-0.173467965632619,0.00293859361955906,-0.000760440210375582,-0.00645172817090486,-30,0,0,0,0,0,4,3,-0.265539927136448,0.188523632961336,0.992108748355724,0,0,0
975,-30.0574922928812,0.0225483905332973,0.0780172765388322,0.000506345904987004,0.00163004515243759,0.00372298847196779,-30.1932339583139,-0.0351804748468995,0.121736489573049,0.00429090587457691,0.00323455321386518,0.00167474457364134,-30,0,0,0,0,0,4,3,-0.042622670829933,-0.253094371692719,-0.410947436510232,0,0,0
976,-30.0571546050469,0.0240518882503349,0.0816092768270186,0.000168965904324503,0.00137694546257074,0.00346110033388543,-30.029718387747,0.043417749778304,0.0655293289991435,-0.00695764872237976,0.0104337926692426,0.0151518533641988,-30,0,0,0,0,0,4,3,0.755201647731911,-1.13021476648087,-1.64624399441817,0,0,0
977,-30.0573449746603,0.024863726904688,0.0842294908606495,-0.000550126600767559,0.000246726880263674,0.00177951297027963,-30.1699858117193,-0.0110458612205235,0.0688773598553199,0.0145830628195131,0.00611700885911055,-0.000112397700507288,-30,0,0,0,0,0,4,3,-1.11833465851264,-0.589609163470008,-0.126514949659911,0,0,0
978,-30.0583199185299,0.0248156415824691,0.0863731717646723,-0.00139957006565172,-0.000342904773634852,0.0025080685090066,-30.0553773748605,0.0573173148790219,0.133207637873914,0.00945751373244352,-0.00170945876089422,-0.00428035730359516,-30,0,0,0,0,0,4,3,-0.834996623523313,0.0563112463313781,0.161620454611688,0,0,0
979,-30.0599418761232,0.0245008878741349,0.0892374311927095,-0.00184415998250549,-0.000286607511524895,0.00322056627794426,-29.9608097544966,0.0235916582269887,-0.0193356774242031,0.00811886939482353,-0.00523048805666071,-0.00399977203909048,-30,0,0,0,0,0,4,3,-0.8902674304892,0.475865489212094,0.438648558757455,0,0,0
980,-30.0619235103029,0.0244522101290897,0.0929278178277384,-0.00211886629592746,0.00018924598909078,0.0041602784285537,-30.0549071366381,0.193230950372285,0.045412275728015,-0.0089970007357241,-0.0101348054918576,0.0089159375916751,-30,0,0,0,0,0,4,3,1.0095143468486,0.627018648441194,-0.98241831062354,0,0,0
981,-30.0640713227082,0.0249549727450156,0.0963768102207667,-0.00217711603171072,0.000816272911920674,0.00273772095934883,-30.0321790394849,-0.12503772705068,0.215032277445921,0.0199658648269242,0.00591852052333284,-0.00196841743613617,-30,0,0,0,0,0,4,3,-1.93222840372264,-0.341776598231924,-0.233222811278225,0,0,0
982,-30.0669838572044,0.0256003387466317,0.0997472373756758,-0.00364762695464684,0.000474457288804864,0.00400350682627034,-30.1055102877498,-0.0857289574054198,0.178868104955858,-0.00943257048494398,0.00183416538468171,0.000615220988207335,-30,0,0,0,0,0,4,3,1.1542776239939,-0.0119586236573319,-0.41925830873245,0,0,0
983,-30.0704034075879,0.0260688278992461,0.103174689022993,-0.00319176356136309,0.000462515847070813,0.00285128106250534,-30.0128639959272,-0.0996959672130403,-0.0493275254060647,-0.00673053831315425,0.00386876291624164,0.00164869486528302,-30,0,0,0,0,0,4,3,0.698781823169856,-0.187484357198083,-0.0662144357161731,0,0,0
984,-30.0733887923134,0.0264376107376604,0.105736966691189,-0.00277914580031119,0.000275043949451215,0.00227317543961227,-30.0153822727874,-0.0517834185138054,0.109469946616084,-0.0124607628860634,-0.00397173560100579,0.0140242631765773,-30,0,0,0,0,0,4,3,1.27684083418107,0.50074039712819,-1.62136621088989,0,0,0
985,-30.0763477881449,0.0269630301397138,0.106986450254753,-0.00313935854158832,0.000775790652618744,0.000225883560279356,-30.1347736716947,0.0320564463860856,0.0787076892847844,0.00414813353140864,-0.0118093863918889,-0.0147391506904144,-30,0,0,0,0,0,4,3,-0.145266009751395,1.11682574641672,1.31649969047187,0,0,0
986,-30.0790491799015,0.0282972417984745,0.107698808397679,-0.00226317458836143,0.00189262810262769,0.00119861241940579,-30.012415130395,0.162228831172237,0.175129258747819,0.00908048109075592,0.00347070691606867,0.00296434603163355,-30,0,0,0,0,0,4,3,-0.883217848285594,-0.67152835395134,-0.646693120658993,0,0,0
987,-30.081851062968,0.0298540978067472,0.109003387121811,-0.00334053613204334,0.00122107598331749,0.00141081899079931,-30.1191630911064,-0.00180909664881392,0.086082931045635,-0.00440530580666156,0.0133663826241734,0.0100417086720744,-30,0,0,0,0,0,4,3,0.678856762878994,-1.33302006911971,-1.17633672929871,0,0,0
988,-30.0854068445831,0.0304086678514314,0.10976228211923,-0.00377135307825176,-0.000111944178941949,0.000107083618654479,-30.0996445968389,0.16607292295413,0.0592789403359941,-0.0113895499826031,0.000589882581113037,0.00617614726839019,-30,0,0,0,0,0,4,3,1.33824419193803,-0.391134104019564,-0.736172607511007,0,0,0
989,-30.089010643546,0.0301011690003078,0.109118556810267,-0.00343661769708742,-0.000503061105956259,-0.00139461770737708,-29.9455930002586,-0.0519508539782927,0.253050464891017,-0.00442544846565298,0.00149080455104261,-0.0175588173679613,-30,0,0,0,0,0,4,3,0.333730847082471,-0.0451787471476758,1.24978080701409,0,0,0
990,-30.0918744783172,0.0295755312740867,0.108008810321203,-0.00229090408551343,-0.000548219837607614,-0.000825161212569835,-30.1474664749997,-0.136875353405658,-0.00632129836340874,0.000975683256484701,0.00797924923082746,0.00428751902692326,-30,0,0,0,0,0,4,3,0.197364624350872,-0.52417421627143,-0.416109305965508,0,0,0
991,-30.0942592215809,0.0287652279112672,0.106964207657705,-0.00247868857054915,-0.00107239489630527,-0.00126399469458621,-30.0950829207543,0.0703547861889538,0.117963391507787,0.0120981711469479,-0.0117723299487809,-0.0106955448196919,-30,0,0,0,0,0,4,3,-1.01965127318626,1.03652342250018,0.833627698953619,0,0,0
992,-30.0967702363198,0.0282110928140634,0.106350934920316,-0.00254300954969036,-3.58815686796061E-05,3.74664406747119E-05,-30.232377015299,-0.0589493570862487,0.19837198208249,0.00903860287475894,-0.0174083869698755,-0.00488178472412713,-30,0,0,0,0,0,4,3,-0.439106256877985,1.85873741116005,0.0914345082477336,0,0,0
993,-30.09942885071,0.0291045794913231,0.106575638746093,-0.00277411899523435,0.00182284856092364,0.000411999219782831,-30.1693640560576,0.146858839855971,0.202772808933797,0.0128159308719404,-0.00230928003728843,0.0145507287876332,-30,0,0,0,0,0,4,3,-0.942864975078791,-0.0627896759830985,-1.86061849663091,0,0,0
994,-30.1032150684339,0.0308960157151571,0.106714821111547,-0.00479844813411406,0.0017600206765298,-0.000133125399980682,-30.0646136847781,0.0932840388708591,0.166699982431932,-0.00584022379566358,0.00656667573633616,-0.0143537180539646,-30,0,0,0,0,0,4,3,0.713249749122626,-0.843235651375334,1.10197184053259,0,0,0
995,-30.107368574828,0.0322344348283133,0.106674878531902,-0.00350851460374712,0.000916810577303916,5.29182105944038E-05,-29.8617059312183,-0.0780415499320281,0.0722472298826793,0.000972510315587329,0.00919695280138265,0.00968346779524529,-30,0,0,0,0,0,4,3,-0.373839169122134,-0.763612180274209,-1.11284123928989,0,0,0
996,-30.1114211080066,0.0327694322014829,0.106491673946722,-0.00459666399750902,0.000153179129516989,-0.000419054948549496,-30.0347174649489,-0.1398455435389,0.244733553109164,0.00391668245148213,-0.00483607473763439,0.0032543851790973,-30,0,0,0,0,0,4,3,-0.322233315250453,0.763298560841238,-0.814905624128057,0,0,0
997,-30.1164335496042,0.0333042558265283,0.105916817275791,-0.00542829252095427,0.000916462666170883,-0.000730449418835306,-30.2585136686575,-0.0144002436924638,0.0696553441110482,-0.00106287566930697,-0.01100827769179,0.0048498123747411,-30,0,0,0,0,0,4,3,0.623314904245739,1.12962825656393,-0.624291925696206,0,0,0
998,-30.1218930816532,0.0347855378473372,0.104740408026208,-0.00549098881566188,0.00204609583748387,-0.0016223533764254,-30.0232008334072,0.0268674360107941,0.0339377832770758,-0.00883138176088883,-0.00420361003894301,0.00892042760377436,-30,0,0,0,0,0,4,3,0.929539842903273,0.366626131872713,-0.959918326931587,0,0,0
999,-30.127440210636,0.0370149532891003,0.102446273802187,-0.00560359607139837,0.00241272897544705,-0.00296588569377831,-30.2709840513613,0.000685726169800643,0.068140046880495,-0.00280720493874197,0.00969345575179388,0.00623569577626886,-30,0,0,0,0,0,4,3,0.822688596596796,-0.970717027518989,-0.759849671387876,0,0,0
1000,-30.1330613341795,0.0389423302653184,0.0989149661967454,-0.00563892964816931,0.00144201913785353,-0.00409672353475432,-30.123822954152,0.0232651482982726,0.06727805719233,-0.000495269417180817,0.00239782585575793,0.00609935516712378,-30,0,0,0,0,0,4,3,0.297172850022097,-0.286312882172338,-0.744491631097038,0,0,0
1001,-30.1388867633511,0.040241194643032,0.0944549178817147,-0.00601210278936501,0.00115570368982363,-0.00482327962725007,-30.0250437610545,0.177037810285727,0.0618083182848522,0.00153513595675311,0.00948997390598873,0.00546679050413136,-30,0,0,0,0,0,4,3,-0.103426073566365,-1.30307301117033,-0.670295686982841,0,0,0
1002,-30.1451905393075,0.0407453601017707,0.0894433544321317,-0.00659553725865508,-0.000147378630002862,-0.00519970243434631,-29.9577616645226,-0.0839131018878746,0.0662003919176265,-0.00486387259403883,0.00231504687443623,-0.00147300221801979,-30,0,0,0,0,0,4,3,0.401910588449019,-0.0636784836678736,0.0148994379667257,0,0,0
1003,-30.1516539363784,0.0405661490991019,0.0840926952082901,-0.00633132568669301,-0.000211049361771486,-0.00550168169817148,-30.2260638006083,-0.13819102679341,0.193801307117894,-0.00770826119038539,-0.000845071701030656,-0.00397624342416903,-30,0,0,0,0,0,4,3,1.22295372025518,0.360889223689886,0.010021728181115,0,0,0
1004,-30.1575839417218,0.0405355582672894,0.0781300866676153,-0.00552890865122901,0.000149863051227639,-0.0064237324906274,-30.2880810650816,-0.127646267042705,0.127150043359157,-0.0155219392015489,-0.000504728842977887,0.000682603821633977,-30,0,0,0,0,0,4,3,2.12835605031806,0.305765418383199,-0.322560468881713,0,0,0
1005,-30.1625381583015,0.0408383250165539,0.0707950568591662,-0.00437996845961486,0.000455665095958481,-0.00824661251956367,-30.1691399512599,0.0202214298066931,-0.0101734103237446,-0.0115383983568976,0.00828640955570644,-0.00908945659665086,-30,0,0,0,0,0,4,3,1.49211973820954,-0.869083815184031,0.929292480312575,0,0,0
1006,-30.1660844221215,0.040859470091503,0.0622883776972796,-0.00271268480415207,-0.000413380361344679,-0.00876716011485125,-30.1069713433921,-0.068895929548956,-0.00994839797141826,-0.00552014001372354,0.00751654109167926,-0.0128041848969341,-30,0,0,0,0,0,4,3,0.765956688156654,-0.613862250070014,1.30031528563625,0,0,0
1007,-30.1680638128933,0.0401391753065577,0.0536551866350685,-0.00124602454384629,-0.00102721389060975,-0.0084995841586397,-30.2498723693384,-0.0564410002253929,0.0517077218907584,0.0214968933139775,0.0130503578812047,-0.00778482527999514,-30,0,0,0,0,0,4,3,-1.64994459272103,-1.19215378766968,0.675067084217997,0,0,0
1008,-30.1696076856019,0.0385158759938642,0.0459907478381743,-0.00184130392289362,-0.00221939140534966,-0.00682914641193076,-30.2772665733093,-0.128730916230174,0.0774838791820605,0.00874460093228677,-0.00883158200587481,-0.00975050815080624,-30,0,0,0,0,0,4,3,-0.319926946610173,1.14062003304783,0.820083056716504,0,0,0
1009,-30.171252937717,0.0368667986972145,0.0395446876356591,-0.00144900403260546,-0.00107876841266885,-0.00606306906541913,-30.2482658147898,0.0395437379045364,-0.0546023621354534,0.00131036709744744,-0.00270531288466051,-0.0123693188376484,-30,0,0,0,0,0,4,3,0.365494919834799,0.191443812656978,1.34613660803575,0,0,0
1010,-30.1720816782406,0.035883766716313,0.033779680906614,-0.000208324811025249,-0.000887302929901917,-0.00546724790949118,-30.2346853665144,0.00923224519962359,-0.00112554953241457,-0.00430857007651096,-0.0113944104589062,0.0211388860162524,-30,0,0,0,0,0,4,3,0.9002277406799,1.12097655549137,-2.11163750256041,0,0,0
1011,-30.1727950874648,0.0355569519487327,0.0272705158249347,-0.00121899778707309,0.000233667444085383,-0.00755083541153945,-30.2096687470391,0.0230050542003146,-0.088874603535849,-0.0123392983571146,0.0112606669160041,-0.00778788446000456,-30,0,0,0,0,0,4,3,1.6532673297897,-1.17207680000104,0.956537653072154,0,0,0
1012,-30.173117447219,0.0352046038522387,0.0194038896830867,0.000574130382187671,-0.000938367658035682,-0.00818285398826571,-30.1852942397226,-0.080300077233945,0.00657388108080735,0.00859317864092123,-0.00131733523040267,-0.0338786651560585,-30,0,0,0,0,0,4,3,-0.488729384647005,0.292333677508157,3.37471875344424,0,0,0
1013,-30.1714400170853,0.0344124177595577,0.0125058271223055,0.00278136674253787,-0.00064600617620746,-0.00561381322308822,-30.1076484751958,0.0139034850544649,0.107185150033378,0.0084036377425818,-0.0111904795662378,-0.00667339345037204,-30,0,0,0,0,0,4,3,-0.625066823866548,1.09124098651485,0.452969044970447,0,0,0
1014,-30.168699600291,0.0343120315389252,0.00726681302937263,0.00269965728035597,0.000445227982485745,-0.00486419278282868,-30.1326346234352,-0.0452698361050558,-0.00197763318403499,0.00824016345822587,-0.00592809466796856,-0.00834022591346421,-30,0,0,0,0,0,4,3,-0.558747098952276,0.683349139006967,0.837977857714491,0,0,0
1015,-30.1658733578081,0.0350989361213209,0.00287887786663347,0.00295306795592288,0.00112857576813672,-0.00391173597329891,-30.3875960537908,0.133474201981761,0.0939649143518397,-0.00267850083338695,-0.0239584747460952,-0.00462033641454291,-30,0,0,0,0,0,4,3,1.04304219092025,2.128899070646,0.274103812750612,0,0,0
1016,-30.1624801518239,0.0372919745142883,-0.00134610248540821,0.00383319669699642,0.00325749753191546,-0.00453843655570411,-29.9954415240006,0.0301493486067546,0.0694512943387981,0.00446410392688527,-0.0113446990611863,-0.00364716075092642,-30,0,0,0,0,0,4,3,-0.455527344687261,1.07417120890512,0.225813486415046,0,0,0
1017,-30.1587169158701,0.0410865562581258,-0.00564865041900208,0.00369339441565084,0.00433166261974949,-0.00406661990722979,-30.1410658270547,-0.176213075191761,-0.0455753093461384,0.0162662575914165,-0.00834121568739801,-0.00748009794859267,-30,0,0,0,0,0,4,3,-1.3444941050323,1.18654771912332,0.839160413551544,0,0,0
1018,-30.1551528937629,0.0460114872547328,-0.00894257253250133,0.00343503146298192,0.00551819417034076,-0.00252115938708559,-30.2861682318991,-0.105345187498611,0.0642576578572773,-2.928878659815E-05,-0.00282411339804957,0.00432131722438657,-30,0,0,0,0,0,4,3,0.575265342457953,0.493101714802178,-0.560647038153212,0,0,0
1019,-30.1517459992697,0.0517762380428646,-0.0118745693174295,0.0033785631434134,0.00601130059088674,-0.00334281661933045,-30.262853423878,-0.0221719078846645,-0.0905554400289525,0.00861027685717813,0.00308969962896535,-0.00324848963066668,-30,0,0,0,0,0,4,3,-0.335320837961843,-0.264626147127207,0.505959843124573,0,0,0
1020,-30.1482911841906,0.057655227438056,-0.0149348565552693,0.00353120874552014,0.005746673668905,-0.00277779480329688,-30.2445199374679,0.0157407223680201,-0.0990232350841725,0.0115888295711842,0.00211861795653196,0.00471797266851559,-30,0,0,0,0,0,4,3,-0.669843082182562,-0.243343240389236,-0.273750796683214,0,0,0
1021,-30.1450875387882,0.0632802243506228,-0.0175588787368257,0.00287616108642768,0.0055033147833188,-0.00247008792270401,-30.1296194130694,0.0883044951082475,-0.0228693298691479,-0.00291837050604983,0.00173475759835116,-0.0156082418157393,-30,0,0,0,0,0,4,3,0.55107587674376,-0.350084750051611,1.60656284131222,0,0,0
1022,-30.1414282474089,0.0686085136150927,-0.0197215831834303,0.00444257639563211,0.00515325806592396,-0.00185570043616028,-29.9724778417996,0.106866636543815,0.087060503372974,-0.00555326663509211,-0.0074234660571833,-0.0138626450707345,-30,0,0,0,0,0,4,3,0.500282347108316,0.5286133326307,1.2121435003275,0,0,0
1023,-30.1363679324317,0.074026091840875,-0.021380717236981,0.0056781536827167,0.00568189414118746,-0.00146286477303223,-30.3000716932639,0.0878192782858941,-0.0862926673961904,0.00557594848256722,0.00203912091464809,0.00779560309329009,-30,0,0,0,0,0,4,3,0.0425485382711603,-0.379550648036597,-0.606974974536629,0,0,0
1024,-30.1309098684422,0.0795182099635079,-0.0230688612325313,0.00523787206287517,0.00530233763836138,-0.00191331353876931,-30.0558737566948,0.0597269677597055,0.0350216091680448,0.00106986680157114,0.0063957844210201,-0.00773930241080525,-30,0,0,0,0,0,4,3,0.00476083323246712,-0.759032377621421,0.703887022744435,0,0,0
1025,-30.1254083026183,0.0844410381398902,-0.0247648471946216,0.00576536420567424,0.00454331307336869,-0.00147878768838634,-30.2308774499949,0.079432796772253,0.10272040822727,0.0143806529194053,0.0190172912140584,0.014434730912944,-30,0,0,0,0,0,4,3,-0.976310391950737,-2.06059471495035,-1.64891390774894,0,0,0
1026,-30.1205903972472,0.0879540371589216,-0.0264226980699446,0.00387036448639404,0.00248268183669515,-0.00183645521703335,-30.2303566923216,0.270036725094802,0.139593497554164,-0.0136968765588295,-0.00371654884719992,0.00230877054653253,-30,0,0,0,0,0,4,3,1.83040104052625,-0.168418565469613,-0.51006404976158,0,0,0
1027,-30.1163208172541,0.090352527319025,-0.0291292235901273,0.00466838150089626,0.00231429222201979,-0.00357678577014377,-30.135507841897,0.0461019360654998,-0.108585301897905,0.00477156063477335,0.0169907774673625,0.00887890355528183,-30,0,0,0,0,0,4,3,-0.206140379683316,-1.79128161886725,-0.670719751732372,0,0,0
1028,-30.1119791265914,0.0917711753056632,-0.0328568125667187,0.0040149342200172,0.000522999355410404,-0.00387823410710774,-30.1277286637828,0.123594850006222,-0.0392953068272277,-0.00837418381909694,0.00597048419905409,0.00273236263231836,-30,0,0,0,0,0,4,3,1.09287570947537,-0.844238119917853,-0.194645649577381,0,0,0
1029,-30.1076873568221,0.0918720677693126,-0.0372230402429045,0.00456837689865746,-0.000321220275758606,-0.00485435134137329,-30.1417704422171,0.0159907199085204,0.166757009992732,0.00760114612098127,0.0117926001010636,0.0076093055042516,-30,0,0,0,0,0,4,3,-0.476573727663988,-1.2112414499234,-1.09444457041062,0,0,0
1030,-30.1036952421259,0.0909452200769475,-0.0422631336120328,0.00341576987038185,-0.0015324827309969,-0.00522555605814681,-30.0696001356216,0.155883475177824,-0.119444410682775,0.0029246816817048,0.0140137925395576,-0.00775698726059119,-30,0,0,0,0,0,4,3,-0.153267896927375,-1.71314620431141,1.01458754742467,0,0,0
1031,-30.0999501066703,0.0885561719023386,-0.047110094144206,0.00407468868294769,-0.00324562069655753,-0.00446852189401826,-30.1521894535261,0.0948680008981069,-0.077941296891454,0.00728408939508921,-0.0135465456776489,-0.0054887048189863,-30,0,0,0,0,0,4,3,-0.424030032456732,1.16491856596868,0.704753075681538,0,0,0
1032,-30.095751248724,0.0858930136892873,-0.0511983971724128,0.00432321871346479,-0.00208070240000488,-0.00370814285654313,-29.9888436716852,0.106465710197708,0.00104023035586508,0.0222187964267299,-0.00735158101568225,-0.00628174052150542,-30,0,0,0,0,0,4,3,-2.24419229930262,0.522226681172809,0.626093591438811,0,0,0
1033,-30.091924763641,0.084073410698977,-0.0538604843244339,0.00333026169732584,-0.00155851119955929,-0.00161578962287942,-29.9148898338417,0.257838225681119,0.0304498214857266,-0.0029068895144155,0.00876385150037788,0.00843722944621548,-30,0,0,0,0,0,4,3,0.120468619124876,-1.39206160140002,-0.904622587593001,0,0,0
1034,-30.0889034071375,0.0818188677386712,-0.0558255574068705,0.00271228768323217,-0.00295058045514939,-0.00231420896944226,-29.9905339863777,0.175081161323431,0.0252078058171305,0.0152131227037677,-0.020256886324069,0.0130736815274973,-30,0,0,0,0,0,4,3,-1.54024429762127,1.67552630976004,-1.35778376438399,0,0,0
1035,-30.0872120206308,0.0797060315684667,-0.0580041995604067,0.000670554331581079,-0.00127509811810728,-0.00204258820295265,-30.0797723100664,0.197273765017205,-0.102312726846007,0.0224761221841192,0.016010509552788,-0.00655486174455422,-30,0,0,0,0,0,4,3,-2.08806759827912,-1.99559848531322,0.860111628147437,0,0,0
1036,-30.0868961495521,0.0774331221066902,-0.0589817179973163,-3.82996875341989E-05,-0.00327072656831462,8.77245951532782E-05,-30.1195065917685,-0.0183067190077369,-0.11752016255539,-0.00911856556338365,-0.0110631095684605,-0.0376423912627453,-30,0,0,0,0,0,4,3,1.15086973987538,1.14292439486152,3.99927945138531,0,0,0
1037,-30.0850425891117,0.0747338944598166,-0.0580430373084581,0.00374582734149666,-0.00212773656933055,0.00178873539562704,-30.2390260427457,-0.200822838173084,-0.102626963579809,-0.00287150899796922,-0.00199683257629107,0.0105010520919129,-30,0,0,0,0,0,4,3,0.765202985288385,0.601328933975275,-0.844851282031677,0,0,0
1038,-30.0813729583124,0.0729068277689742,-0.0568292414898122,0.00359316579909089,-0.00152640246314172,0.000638895537686221,-30.2483030198916,0.0599179048710118,-0.0700535715023374,-0.000987002204313681,0.00359512295336532,-0.00388605902679035,-30,0,0,0,0,0,4,3,0.595306260214478,-0.479348105078556,0.52871304568371,0,0,0
1039,-30.0773886556169,0.0711407617135666,-0.0562555210004048,0.00437540994105897,-0.00200573353245975,0.000508364459746153,-30.0511802711656,0.0766324551149518,-0.00364048941324073,0.0225669344885093,-0.000344777307133915,-0.000638427293426596,-30,0,0,0,0,0,4,3,-2.15433290651982,-0.118787179516512,0.071123708169141,0,0,0
1040,-30.0736867473398,0.0690756166300884,-0.0549133147735267,0.00302881317741203,-0.00212456058937669,0.00217637392903693,-29.9984266338742,0.0756972444751554,-0.0067588571127187,-0.00310966672435624,-0.00641384988607609,-0.00244692240078415,-30,0,0,0,0,0,4,3,0.307819940183995,0.489990499657298,0.258209954303852,0,0,0
1041,-30.070462249115,0.0671960582696875,-0.0527801301630077,0.00342016222641338,-0.00163456144705209,0.00208990242533495,-30.0414976453425,0.10786349904517,0.120083709784908,-0.00513170218343314,-0.00245053070845082,0.0117217627123787,-30,0,0,0,0,0,4,3,0.59616550902839,0.0293260727547413,-1.41234369080769,0,0,0
1042,-30.0673902534653,0.0655761605606192,-0.0513838798660919,0.00272350625526768,-0.00160523961759891,0.000702764859969403,-30.148876520235,0.0200281475215055,-0.243935764745309,0.000276458991530624,-0.0141144914718468,0.0119691229381312,-30,0,0,0,0,0,4,3,0.270107141317001,1.37139285214167,-0.709040764322502,0,0,0
1043,-30.0648529798981,0.0646566179157288,-0.0510225544780846,0.0023508851859285,-0.000233849448963664,1.99757876312139E-05,-30.1667961681566,0.213860648814776,-0.0880765850938233,0.018737663428753,0.00840228358367603,0.00938673136180404,-30,0,0,0,0,0,4,3,-1.54017400656217,-1.26794965599715,-0.762519965992757,0,0,0
1044,-30.0632939530886,0.0637887767770797,-0.050670143875453,0.000767334192759834,-0.00150183654452978,0.000685226801542989,-29.8906549841906,-0.0860185350242306,0.00301620210940834,-0.00754578482516051,-0.00447034634352259,0.00316779224409831,-30,0,0,0,0,0,4,3,0.535888450897159,0.61907170440072,-0.322811628628648,0,0,0
1045,-30.0624798824079,0.0625964820814618,-0.0503020220179543,0.000860662158355939,-0.000882758268347256,5.09990269728124E-05,-30.2008956372224,0.0564728399114778,0.151245271427979,0.00789273703299805,-0.0115482206738383,-0.0100554211172529,-30,0,0,0,0,0,4,3,-0.387482428854958,1.04187638756088,0.703051568869331,0,0,0
1046,-30.0614790376959,0.0622346661612776,-0.0498844879847521,0.00114120604320234,0.000159118522675007,0.000784004625016514,-29.9761774458366,-0.0246281361202688,-0.249941707974931,0.00324501696073018,-0.00485359252939686,-0.00420977627939698,-30,0,0,0,0,0,4,3,-0.372146804399915,0.534615525180223,0.92086104388956,0,0,0
1047,-30.0601089421516,0.0626610964872659,-0.0486697587571926,0.00159919095376123,0.00069373712868759,0.00164534851678291,-30.003890978412,0.0141731714044386,-0.143729907498979,-0.00630482377458438,0.00498622986879101,0.0086912335409651,-30,0,0,0,0,0,4,3,0.638264334282492,-0.526969329687978,-0.581663539098552,0,0,0
1048,-30.0585289164885,0.0630913547997619,-0.0474645110390554,0.00156065572171375,0.000166773461607141,0.000765159122171007,-30.0057808547447,-0.000621612745929048,0.0971888023292973,0.00493470294246396,-0.0282289276026579,0.0228590270705872,-30,0,0,0,0,0,4,3,-0.481908584756969,2.82413598575765,-2.48028031171731,0,0,0
1049,-30.0580749516305,0.0646701811783449,-0.0473226376823029,-0.000653014306963281,0.00299087313252006,-0.000480888981292123,-30.0065725955726,0.0808617362441452,-0.138796920175606,-0.0108068923267183,-0.000661048889976344,0.000497042062132509,-30,0,0,0,0,0,4,3,1.09383442381696,-0.095618583490656,0.227889634137962,0,0,0
1050,-30.0582921575643,0.0676132593363332,-0.0481561781908895,0.000218442421167747,0.00289527769754638,-0.00118639410071041,-30.119842560619,0.0221006750614283,-0.0373553316224875,0.00916478899758509,-0.00627163886597001,0.0063131408811051,-30,0,0,0,0,0,4,3,-0.676793778520434,0.582962536474145,-0.556603424865535,0,0,0
1051,-30.0585083605691,0.0708000127923885,-0.0492706163836875,-0.000650811334121205,0.0034782213562104,-0.00104227770745967,-30.0398648013972,0.0486342491332396,0.0359340759429746,0.00194340815846214,-0.00874641742823716,0.0076364588196557,-30,0,0,0,0,0,4,3,-0.114611213051805,0.777373244557237,-0.835514033851519,0,0,0
1052,-30.0595196990805,0.0746669184607433,-0.0505452495633615,-0.00137196891677358,0.00425558326513668,-0.00150681908142461,-30.0398364397207,0.0966338520176777,0.0491640555560789,0.00203082766893544,0.00617712435957518,-0.00458157746069473,-30,0,0,0,0,0,4,3,-0.123409887452155,-0.810980139992873,0.359829634957315,0,0,0
1053,-30.0607974931933,0.0785170152741839,-0.051896352473802,-0.00118354163151683,0.00344460474637037,-0.00119542866796163,-30.1648369341066,0.0469664691243391,0.021079271955797,-0.00707190563310548,-0.00292537925727879,-0.0138818376295998,-30,0,0,0,0,0,4,3,1.03686443152365,0.198604987479201,1.34602521904839,0,0,0
1054,-30.0611360544108,0.0820609421989234,-0.0530639609722296,0.000506435621857961,0.00364324406966933,-0.00114017992095354,-30.2030195201471,0.00325148018470731,-0.0163284307853421,0.0118480212018356,0.00417900653993213,0.00348664035201464,-30,0,0,0,0,0,4,3,-0.778763079889402,-0.424403614362627,-0.31600717363078,0,0,0
1055,-30.0610045653948,0.0854919776028067,-0.0540151488871183,-0.000243363124969941,0.003218822286596,-0.000762019548113663,-29.9065015869312,0.146861230608358,-0.199169334155762,0.00528892534231545,-0.0125886350028146,-0.00309358201584931,-30,0,0,0,0,0,4,3,-0.715889360369104,0.965141039064742,0.707696869896455,0,0,0
1056,-30.0612098886384,0.0891933702478981,-0.0542832688749641,-0.000167049614420464,0.00418395757904713,0.000225762197351962,-29.8951816789846,0.0928681285424869,-0.0414147690557953,0.0173301795421489,-0.00110250592987857,-0.00506261410092523,-30,0,0,0,0,0,4,3,-1.94265459624567,-0.0754856640971167,0.589090948204114,0,0,0
1057,-30.0617771013858,0.0933395721050207,-0.0531310958340125,-0.000966939633368643,0.00410844171892795,0.00207877227178799,-30.1902920095091,0.178994444325243,-0.112561709125477,-0.000754349760539214,0.00557779107784796,0.00784952396766856,-30,0,0,0,0,0,4,3,0.456018995072122,-0.915767996435282,-0.559828978515902,0,0,0
1058,-30.0628149860737,0.0969901345716034,-0.051414104620833,-0.0011089949596944,0.00319267618384085,0.00135524435659865,-30.1891390195031,0.0975133701569018,-0.104275006531977,-0.0111068969484279,-0.00467254133056406,0.00831029994583787,-30,0,0,0,0,0,4,3,1.48896773384903,0.272227392742602,-0.622479981519832,0,0,0
1059,-30.0636885953432,0.100318937805402,-0.0508371548404448,-0.000638579545769852,0.00346492484122763,-0.000201452636208138,-30.0236331731832,0.0814879963348095,-0.216518470666869,0.0108847911717329,0.0152664471250332,-0.0198492685878997,-30,0,0,0,0,0,4,3,-1.04121277080693,-1.68962070517294,2.4179638001237,0,0,0
1060,-30.063735203225,0.102939058325826,-0.0498720742825596,0.000545908386032437,0.0017753110195865,0.00213133858386387,-30.1073857628134,0.14838072326668,0.0435147322188581,-0.00849309998437054,0.0060034722069226,-0.003020298004387,-30,0,0,0,0,0,4,3,1.06408152406383,-0.89710866722562,0.215000336000984,0,0,0
1061,-30.0627684333286,0.10426582964283,-0.0480887854806658,0.00138747653921339,0.000878224797018399,0.00143504936900429,-30.0894577981502,0.0129220813890446,-0.0871320695499231,0.00281553444378765,0.0125569782295468,-0.0134053323810228,-30,0,0,0,0,0,4,3,-0.102637848078437,-1.28154198573277,1.51479737720212,0,0,0
1062,-30.0608341046265,0.10450329354345,-0.0461382516430748,0.00248142300712765,-0.000403302500795577,0.00246576743661441,-30.0546324970937,0.0430806040509145,-0.00625708905121447,-0.00496541983706042,-0.00349438640553085,0.00457986013841714,-30,0,0,0,0,0,4,3,0.605806977893348,0.263277432451256,-0.445471835739285,0,0,0
1063,-30.0583324078501,0.10423163554332,-0.0440566895163615,0.00252179860278713,-0.000140018522370081,0.00169734835529074,-30.1178097541853,0.144202687292409,-0.22449070743055,0.00407630957355466,-0.0157358993468487,0.00452720520739791,-30,0,0,0,0,0,4,3,-0.172011448984919,1.28518456010005,-0.00373910587869097,0,0,0
1064,-30.0558694305117,0.1047342101758,-0.0423032655639242,0.00240419033335926,0.00114516274843911,0.0018095319335647,-30.1216101126934,0.169626484992787,-0.243415828546684,0.00248087789372969,0.00272561483432773,0.00182121272117021,-30,0,0,0,0,0,4,3,-0.00486756398619004,-0.611814453418347,0.304710384976347,0,0,0
1065,-30.0533518982291,0.105573470570559,-0.0404034091008695,0.0026309198438707,0.000533351551121428,0.00199013113156494,-30.0568388563065,0.153165460677959,-0.149686255924594,0.0145438428173181,-0.00216955071699764,-0.00720739793519029,-30,0,0,0,0,0,4,3,-1.34070656911881,-0.0893758496561541,1.02011230536822,0,0,0
1066,-30.0507583733829,0.106062130919004,-0.0375805976154005,0.00255651685104307,0.000443961591287241,0.00365551110729789,-29.9405356509196,0.236434680532151,-0.255627686154002,0.0198781214341943,0.00398217808412821,-0.0022434664792967,-30,0,0,0,0,0,4,3,-2.10674084158015,-0.871087169477122,0.735602020237674,0,0,0
1067,-30.0485919441245,0.106070536439056,-0.0328880905829226,0.00177682183653733,-0.000427157266405018,0.00572968654816961,-30.1144593667262,0.197654125988965,0.00425410869877813,0.00697920318552656,-0.0135324218037989,0.0154943029826059,-30,0,0,0,0,0,4,3,-0.469001585100345,0.957933928401959,-1.55793851565815,0,0,0
1068,-30.0475653345962,0.106122335893234,-0.0274828040981771,0.000276251170060797,0.000530750715792006,0.00508123550442858,-30.1045360896012,0.217555994977309,-0.0287829685266321,-0.010286305505741,-0.0121117962513404,0.0137630372415229,-30,0,0,0,0,0,4,3,1.23770272977659,0.776067635179424,-1.31873778709903,0,0,0
1069,-30.0474038630754,0.107041128165259,-0.023306456837651,4.628047597064E-05,0.00130682723508207,0.00327151489712607,-29.9412893689681,0.00918740220594257,-0.00982692870231809,0.00381250163390551,-0.000510877523918208,0.000987716585281363,-30,0,0,0,0,0,4,3,-0.498671425454429,0.0327129479799356,-0.0791178011235001,0,0,0
1070,-30.0475485168989,0.108364309712586,-0.0198755688943368,-0.000335511116962925,0.00133952990563174,0.00359035214185039,-30.0100139891917,0.268741268367669,-0.0247791077169071,0.0101059544157533,-0.00738372653845766,0.0143712071020549,-30,0,0,0,0,0,4,3,-0.990567463191892,0.200890117110428,-1.38756249477168,0,0,0
1071,-30.0487358941964,0.109804270236335,-0.0163522140900343,-0.00203927155662937,0.00154038610036297,0.00345675058585614,-30.06425271529,-0.11876794657945,-0.0770711250838427,0.000703892585286232,-0.0137261831621488,-0.0165765171256728,-30,0,0,0,0,0,4,3,0.0581161720514751,1.61015420937378,1.81179396273497,0,0,0
1072,-30.0500592419801,0.112149746485847,-0.0123483888357254,-0.000607170431745958,0.00315056128510237,0.00455057358129892,-30.0604083323867,0.130246050091489,0.143776206485359,-0.00365026742236536,-0.00370735870910742,-0.00323338056902806,-30,0,0,0,0,0,4,3,0.485843407009929,0.110243770727765,0.0357856439320882,0,0,0
1073,-30.0504992385789,0.115355439592681,-0.00798131987214973,-0.000272905388243547,0.00326081461954011,0.00418349213687198,-29.8804778746995,0.0976688702558191,-0.179334237382725,0.0192615563729607,0.0263337810342277,0.000565524285435528,-30,0,0,0,0,0,4,3,-2.16519988789716,-2.82871584393441,0.302116046221898,0,0,0
1074,-30.0513445266989,0.1172018806149,-0.00287335956893427,-0.0014172454006571,0.000432061229477391,0.0060326943199984,-30.0627238229559,0.0251778855973836,-0.0365691676764969,0.00772787309055998,0.0202460721247273,0.0157714960418697,-30,0,0,0,0,0,4,3,-0.647339663144207,-2.0749629836675,-1.50401126883398,0,0,0
1075,-30.0535485957806,0.116596448806906,0.00292487092562304,-0.0029909969977318,-0.00164293047356536,0.0055641293092409,-30.0245382728508,0.139720999931422,0.0804261631792044,-0.0152462418223819,0.00234026415872223,0.0178930190065609,-30,0,0,0,0,0,4,3,1.57370072793979,-0.513468415735067,-1.9501542270145,0,0,0
1076,-30.0567943453172,0.114696789314641,0.0072558446039845,-0.00350106718977131,-0.00215639058536255,0.00309793723840409,-30.1316883182692,-0.0145189642961322,-0.0600679719450558,-0.0126953991714023,-0.00503787762390406,0.01033886311203,-30,0,0,0,0,0,4,3,1.53291655367868,0.53282569098267,-0.913750367312886,0,0,0
1077,-30.0601641759368,0.112806824771228,0.00946544562206721,-0.00323899532611364,-0.00162354598949415,0.0013212062143913,-30.0325461191176,0.0821345091028688,-0.063137765005146,0.00402910681459784,-0.00377672773232819,-0.00304303339890007,-30,0,0,0,0,0,4,3,-0.337818443224567,0.213403755027082,0.430578869900299,0,0,0
1078,-30.0633462693597,0.111289982103422,0.0110476494009447,-0.00312506937037228,-0.00141014388941562,0.00184317890293981,-30.106830458888,0.307291324503301,-0.0969907814613406,-0.00387869559847576,0.00761180489874869,0.00158185771486959,-30,0,0,0,0,0,4,3,0.601530477623658,-1.37576313888147,0.0357957914357225,0,0,0
1079,-30.0662691895369,0.109191965898158,0.0126633126881433,-0.00272087130368158,-0.00278589528443929,0.00138805590156697,-29.9279729107302,-0.0419630239468342,0.109180830824354,0.0050332618177591,0.00132071102821383,-0.000739494523145381,-30,0,0,0,0,0,4,3,-0.647380360315565,-0.0481450549277143,-0.14441220933417,0,0,0
1080,-30.0692533946542,0.106381994529145,0.0142498312968477,-0.00324744493093131,-0.00283405414555929,0.00178510266368451,-30.0714722395713,0.0714508865613663,-0.0894834469672496,0.0100255089734181,-0.0154978552012822,0.001149111650704,-30,0,0,0,0,0,4,3,-0.85960641819916,1.40688374700549,0.0640557288640995,0,0,0
1081,-30.0727503642989,0.10425137974527,0.0163818948142386,-0.0037463352376476,-0.00142718591873267,0.00247913544473023,-30.1649520171348,0.13432191908302,0.153149073232063,0.0078603743772211,-0.00312494076363706,-0.00237377269436796,-30,0,0,0,0,0,4,3,-0.45613340345255,0.0438502381976671,-0.0689208770273306,0,0,0
1082,-30.0766696218334,0.102846117157759,0.0190100230464892,-0.00409211046929404,-0.00138334505034471,0.00277719944751241,-30.1973515890084,0.158881344452313,-8.28903671684332E-05,0.00216940229413755,0.00103051521379659,0.0113771666071345,-30,0,0,0,0,0,4,3,0.177762948603078,-0.420814210284285,-1.13755087997911,0,0,0
1083,-30.0811480651526,0.101252363901152,0.0213530901144808,-0.00486496952478044,-0.00180416838833447,0.00190911056052889,-30.0978751549456,0.450374673100159,0.0651842088125794,-0.00827713477136576,-0.00177668895840373,0.00823772726311716,-30,0,0,0,0,0,4,3,1.02346378702786,-0.723080450359945,-0.954141143936875,0,0,0
1084,-30.0860616936799,0.0990866622636704,0.0225587888861818,-0.00496260006324733,-0.00252723998973158,0.000502308675679023,-29.8075623288322,0.0176190635352389,-0.0716836557620018,-0.0106184105840365,-0.0108828198988701,-0.00603836891269325,-30,0,0,0,0,0,4,3,0.676965716068029,1.05304386281653,0.747204202793328,0,0,0
1085,-30.0905237208507,0.0970859563414597,0.0230292892161188,-0.00396146430079003,-0.00147417515286248,0.00043846395908336,-30.016051956807,0.159038966651487,0.0797423727109207,0.0142566621029026,0.00833196956891643,-0.0166600025413607,-30,0,0,0,0,0,4,3,-1.39356229667628,-1.15127489019462,1.50651550871423,0,0,0
1086,-30.0943435301228,0.0950361413917476,0.024477901376415,-0.00367769717023689,-0.00262545981618914,0.00245869741079597,-30.0784540286435,-0.0961318704061603,-0.098043409326932,-0.000669672307144199,-0.00389664837473571,-0.00402169498319064,-30,0,0,0,0,0,4,3,0.223875288001489,0.581928578285891,0.598256316972928,0,0,0
1087,-30.0977204706007,0.0927016537016348,0.0270325774399985,-0.00307613764953011,-0.00204352044586214,0.0026505223351261,-30.134768534979,0.102758969609123,-0.0441095421143781,0.00492829942324685,0.00602433862351785,-0.00787249568794742,-30,0,0,0,0,0,4,3,-0.22329287236663,-0.807951801570031,0.875468653023498,0,0,0
1088,-30.1005290648592,0.0902541614379284,0.0300396109526707,-0.00254088873716704,-0.00285146685846558,0.00336342706400861,-30.0362029475868,0.0506688160037121,0.0795101181950765,-0.00565304783789624,0.0120792333160833,-0.00214107863379051,-30,0,0,0,0,0,4,3,0.637710678963283,-1.30926096361575,0.0550876269888983,0,0,0
1089,-30.1028491848858,0.0867480736842734,0.0331664422024129,-0.00209945470761371,-0.00416071518015212,0.0028901389129129,-30.0550271896058,0.0511931875026437,0.0541941808951042,0.00155845686891617,0.00483655189114905,0.0165640835902383,-30,0,0,0,0,0,4,3,-0.0457913076799628,-0.586041564120193,-1.76479672081404,0,0,0
1090,-30.105650251699,0.0822943297258475,0.035512144501524,-0.00350292169395835,-0.00474677697624384,0.00180158200693626,-30.073121595029,0.0882714708763113,-0.0291511736760584,-0.00368338140267858,-0.00965236361808825,-0.00982532240607458,-30,0,0,0,0,0,4,3,0.514581330325859,0.788693420056202,1.04083458795957,0,0,0
1091,-30.10858906397,0.0779419130971959,0.0374354424297838,-0.00237465269419788,-0.00395806242631496,0.00204475713795686,-30.1660472388553,-0.0484022429056955,-0.092591089606567,-0.0207479552879249,-0.00067660974514057,-0.0106991232366739,-30,0,0,0,0,0,4,3,2.40689000650303,0.164465460325448,1.25509450288052,0,0,0
1092,-30.1097209817567,0.0740661154042515,0.0389330377926868,0.000110577180770128,-0.00379353776467852,0.000949876782480324,-30.1313015017267,-0.0540489038873784,-0.237260812782577,0.000312387269210625,-0.0161208498887071,-0.0047411573950141,-30,0,0,0,0,0,4,3,0.231364276532238,1.72018279664546,0.948637365066564,0,0,0
1093,-30.109171441954,0.0711326787483163,0.0400836618967576,0.000988593878198434,-0.00207334019176373,0.00135117767745598,-29.9573327395952,-0.180745436976733,-0.0336724247703258,0.00938617823917345,-0.0151700305332397,-0.0202148546349038,-30,0,0,0,0,0,4,3,-1.02395234472685,1.87849392727744,2.08883031303103,0,0,0
1094,-30.1076945046139,0.0699985904930074,0.0424815003254683,0.00196575736997347,-0.000194842667005783,0.00344428760383892,-30.0009351224028,0.121356275897754,-0.12372245582173,0.00426781904465147,0.00307121719346124,0.0219601843075959,-30,0,0,0,0,0,4,3,-0.424911659659538,-0.549834271141632,-1.94857351911613,0,0,0
1095,-30.106621844113,0.0695288185209952,0.0454709589454305,0.000179362970492735,-0.000744706343753898,0.00253502956093247,-30.118587189902,-0.0162653672759724,0.0815872721703549,-0.00654549060805191,-0.0105421417522163,0.00999485200939779,-30,0,0,0,0,0,4,3,0.891723440609237,1.08674490977358,-1.16265974528049,0,0,0
1096,-30.1066170858491,0.0693274915495368,0.047286516145951,-0.000170163633197469,0.000342042639432756,0.0010961667127169,-30.3862881822725,0.148131765080681,0.0783696702672401,-0.00873176030870758,-0.0116518556180205,0.00583965977640127,-30,0,0,0,0,0,4,3,1.64575239541567,0.868922031640685,-0.740705318174607,0,0,0
1097,-30.1065619976608,0.0701040089467926,0.0475021914854439,0.000279950352369746,0.00121098760641225,-0.00066491206611867,-30.2108222083333,-0.0138963774923263,0.0573900657980312,-0.00945886975214115,-0.00737656214579374,-0.00754265916031001,-30,0,0,0,0,0,4,3,1.36753139188081,0.765448969564027,0.639485784434939,0,0,0
1098,-30.105607558151,0.0716977398503002,0.0464975345772354,0.00162878050607827,0.00197646940064271,-0.00134470158283671,-30.1554506295871,0.0689924457800884,0.0595530246893481,-0.00115622663854785,0.015746678712569,-0.00699972949782379,-30,0,0,0,0,0,4,3,0.426523923029015,-1.71265276281708,0.580866900403683,0,0,0
1099,-30.1036223726786,0.0728178926387695,0.0451604975809544,0.00234159827278943,0.000263831060839293,-0.00132952709079221,-30.0850861430115,0.00175890727352429,-0.0985313295194119,-0.00328619816631475,0.00160629813590611,-0.00581116782394542,-30,0,0,0,0,0,4,3,0.498792102654542,-0.16414762813766,0.778179441433365,0,0,0
1100,-30.1008248219084,0.0729996624014727,0.0438717915786458,0.00325352776457952,9.97013858839193E-05,-0.00124808607248937,-29.9394725097594,-0.000111166858757866,0.132235507031864,-0.00210860721920855,-0.00850745872100079,-0.0186652583644125,-30,0,0,0,0,0,4,3,0.0898057414397213,0.850968205817595,1.60205482237752,0,0,0
1101,-30.0969220186001,0.0735248598443323,0.0430812559820694,0.00455228779849875,0.000950688870031881,-0.00033327234684153,-29.9222598692704,0.0967054890125193,0.0949480610052614,0.0186500771133168,-0.014666527420115,0.00733061046845023,-30,0,0,0,0,0,4,3,-2.02048797279086,1.27324176398646,-0.922957168855546,0,0,0
1102,-30.0933648729089,0.0751121509046689,0.0432380733163975,0.00256222192583183,0.00222388237024515,0.000647353341702333,-30.109448008364,0.153111361872119,-0.0879541392279736,0.0111595234316216,0.00159664863950266,0.00859771471199041,-30,0,0,0,0,0,4,3,-0.897056326434066,-0.465887587694505,-0.683863192743094,0,0,0
1103,-30.0913526151122,0.0771030798799538,0.0440132015039741,0.00146235809276924,0.00175797034577505,0.000903150813808189,-29.9981737488045,0.0866475046597101,0.0247372796114716,-0.0190928968407103,0.0107733302592459,-0.00284281874320676,-30,0,0,0,0,0,4,3,1.90563718168002,-1.25062803524401,0.234807315097732,0,0,0
1104,-30.0892057398123,0.0782357590361394,0.044237842496715,0.00283109729521764,0.000507380850513301,-0.000454168848280685,-30.089492815085,0.0584495102344938,-0.0263632949094017,0.0111209903662674,0.000880214439302705,-0.00385947335190963,-30,0,0,0,0,0,4,3,-0.933113406456729,-0.204920464399258,0.438673925009766,0,0,0
1105,-30.0864978743776,0.0786406755557279,0.0442764536869199,0.00258485631985102,0.000302447594678992,0.000531447763747382,-30.044780888342,0.0146329127708248,0.207815447336642,0.0154462208201874,-0.0102517596524949,0.000981442913509704,-30,0,0,0,0,0,4,3,-1.4550603053347,0.995910139707842,-0.513775186024254,0,0,0
1106,-30.0845705558852,0.0794410642323255,0.045207491227306,0.00126996048546363,0.00129832463231874,0.00133092063786099,-30.0766847939955,-0.0387234461366814,0.166682995277497,-0.00255685138919041,-0.00375317176804658,-0.00315870834650677,-30,0,0,0,0,0,4,3,0.409054726910113,0.452764069078021,-0.0174951559043164,0,0,0
1107,-30.0831821909429,0.0809657769508055,0.0463652386614274,0.00150669555792311,0.00175109622647549,0.000984525311140122,-30.2466706747969,0.118987146631365,-0.0840184150232269,0.00809495585034143,0.00199086384178723,0.00157757159277632,-30,0,0,0,0,0,4,3,-0.316154235440352,-0.437060677441452,0.0102796707688214,0,0,0
1108,-30.081772531491,0.0824983420286588,0.047468589181536,0.00131267959131418,0.00131402969875624,0.0012222229826895,-30.1568926690458,0.0955021214403744,0.180444580084404,0.00480462475611719,0.00318755558493281,-0.00331620290898166,-30,0,0,0,0,0,4,3,-0.166677137520057,-0.50975980137403,-0.0292688692706416,0,0,0
1109,-30.0805256120238,0.0835574930100966,0.0487390001239851,0.00118118436096756,0.000804266435003577,0.00131863138242383,-30.1387242655948,0.170075783562043,-0.0843299066486269,0.00974867824381078,-0.000494610036170736,0.00549892327494938,-30,0,0,0,0,0,4,3,-0.697419293191429,-0.290690563507013,-0.381232514197684,0,0,0
1110,-30.0797130781049,0.0842164073639557,0.0502039281809445,0.000443951975959967,0.000513558527847415,0.00161139068301223,-30.1331939881991,0.0136009988593641,-0.0393808384201971,0.0160666323170761,0.004336052205505,0.0049559682379628,-30,0,0,0,0,0,4,3,-1.34027525530947,-0.460807218269228,-0.416835146955885,0,0,0
1111,-30.0798515863247,0.0844995507533566,0.0522025905360067,-0.000720795122218451,5.27214394296753E-05,0.00238619296049559,-30.015927613827,0.129567370488798,0.0470044335794712,-0.00603286552792941,0.0101552971165684,-0.0108556030048456,-30,0,0,0,0,0,4,3,0.635141780446954,-1.27466445263444,0.991551433325622,0,0,0
1112,-30.079988508829,0.0839149556534235,0.0546416430500383,0.00044697811636478,-0.00122192014458694,0.00249165588883661,-30.0229567795915,0.0118592203405742,0.100708348484599,-0.00508916315424498,0.00103071970358085,0.0261626091357373,-30,0,0,0,0,0,4,3,0.554829874607475,-0.126790411039234,-2.81767761054293,0,0,0
1113,-30.080474223672,0.0826296328866948,0.0560325812708142,-0.00141888447347153,-0.00134873100456154,0.00029062985754901,-29.9315831750592,0.289264094529196,-0.0279708645196509,-0.00825128051198105,-0.00461339898132685,0.00100422419030453,-30,0,0,0,0,0,4,3,0.688294401316418,-0.117188290925707,-0.0444806899911508,0,0,0
1114,-30.0816994281077,0.0812223175539667,0.056033143601748,-0.00103164683626148,-0.0014659067938268,-0.000289587874134701,-30.1946549378145,0.076303288956424,0.141912037499566,-0.0014587600421748,-0.0116416346092794,0.0163456129247552,-30,0,0,0,0,0,4,3,0.535185879846462,1.01155688301509,-1.91838536747466,0,0,0
1115,-30.0833196381401,0.0802621841615388,0.0549312947562644,-0.00220912760435459,-0.000454360862665347,-0.00191384632798567,-30.0961994438024,0.0306892140983332,0.0974594514479786,0.00467110790196422,0.000114459619281332,-0.0139568912823138,-30,0,0,0,0,0,4,3,-0.274711902591605,-0.0728243901247997,1.20077022533543,0,0,0
1116,-30.0851470461027,0.0797714178482037,0.0534915724533578,-0.00144547721161106,-0.000527177261861275,-0.000965763749216482,-30.12491937967,0.235782848171264,0.0522108389570667,-0.00531310054848681,-0.00568724826346147,0.00533420700686578,-30,0,0,0,0,0,4,3,0.781148814188639,0.0971591300036194,-0.637842378600711,0,0,0
1117,-30.0866036161767,0.0792928269251282,0.0520150455764002,-0.00146788513081802,-0.000430010391778807,-0.00198728861457079,-30.1274909241146,0.0191648565211172,0.193541223583165,-0.00317562370205386,-0.0179341059061687,-0.00842671538365982,-30,0,0,0,0,0,4,3,0.572544218434678,1.75508087757463,0.455589091199651,0,0,0
1118,-30.0877190264465,0.0797403684608094,0.0499378559792652,-0.000762970905192633,0.00132508629137017,-0.00216724139934875,-30.1003865226361,0.180115913872458,0.134750312313578,-0.00879445687901851,0.00955614063054195,-0.0039880032885349,-30,0,0,0,0,0,4,3,1.08021873317411,-1.31584589079911,0.129299704226334,0,0,0
1119,-30.0881003229571,0.0804075468135387,0.0473799293818608,2.12719561134436E-07,9.26220608360115E-06,-0.00294877886616377,-30.1198677167393,-0.0860689265757678,0.132867135342591,0.0103212635091282,-0.00371132523923381,-0.00347333252353905,-30,0,0,0,0,0,4,3,-0.792390917434274,0.543270377074917,0.0815989816687225,0,0,0
1120,-30.088317624011,0.0806884368164613,0.0447602801679136,-0.00043466576001089,0.000552518524110198,-0.00229042486738787,-30.0031897306162,0.249141622879311,0.100771558911838,0.00322563568139886,0.00868332272539362,-0.00353452967526629,-30,0,0,0,0,0,4,3,-0.316184106907544,-1.36661551829798,0.151909849702953,0,0,0
1121,-30.0887943341232,0.0805576479890104,0.042634036714766,-0.000518679548622078,-0.000814101290008208,-0.00196204219468824,-30.0820720887015,0.206056497836647,0.154661780855272,-0.0100475218635704,-0.0134350237824747,0.0102942845587642,-30,0,0,0,0,0,4,3,1.16889636375999,0.931389382574175,-1.33875201758697,0,0,0
1122,-30.0894809776759,0.0802092435852353,0.0397917484845534,-0.000854983469143847,0.000117295461157922,-0.00372246077230351,-29.966897788094,0.170491955642078,0.278996930811789,0.00439664637296314,-0.0142392366959929,-0.0151691364470147,-30,0,0,0,0,0,4,3,-0.505869061108253,1.08293975831513,0.958919783077888,0,0,0
1123,-30.090120025266,0.080868012160923,0.0365577662029469,-0.000422901015220461,0.00120023619573526,-0.00274559846669046,-30.0067169528174,0.0618840762350675,-0.0603278595419285,0.0078616075977193,0.0113066060091437,0.00337630841809949,-30,0,0,0,0,0,4,3,-0.772726854137082,-1.25442875338451,-0.216975122726091,0,0,0
1124,-30.0908710014747,0.0814410282148747,0.0340418824400248,-0.00107894923789037,-5.42095207905924E-05,-0.00228602384191936,-30.027721400379,0.0261756801235635,0.174366418750252,0.000851703377845816,0.000718705114668089,-0.0137077096973445,-30,0,0,0,0,0,4,3,-0.0297275370265091,-0.124221871713936,1.02203813223395,0,0,0
1125,-30.0915610650842,0.0813247162562366,0.0320765250881987,-0.000301035046266605,-0.000178420740209049,-0.00164485703829642,-29.9779409928733,0.143311883064075,0.224183893796196,0.00555245536242445,-0.0120212729096474,0.00844866517558082,-30,0,0,0,0,0,4,3,-0.599363550495844,0.915503524836587,-1.29323430515047,0,0,0
1126,-30.0925593255113,0.0816040370215527,0.0302612280409123,-0.00169555637444727,0.000737057283666018,-0.00198543552529955,-30.0738253893987,-0.0260175459956909,0.0177642240049959,-0.00345997453914232,0.000586171823499556,0.00103145645080147,-30,0,0,0,0,0,4,3,0.493648232711616,-0.00658209035857377,-0.138674093090138,0,0,0
1127,-30.0941608142953,0.0823378099367718,0.0280323781225435,-0.0015075219169854,0.000730482983828371,-0.00247230376316948,-30.2028785482498,0.126801301521521,-0.0270149046351226,-0.00947053477972822,0.00476477385121355,0.013224852890413,-30,0,0,0,0,0,4,3,1.35281057447251,-0.730079988164396,-1.26845547977106,0,0,0
1128,-30.0957543410305,0.0827032615819999,0.0246300130082778,-0.00167992860049389,4.14606062432581E-07,-0.00433238843437926,-30.1548816356843,0.112665462440709,-0.0440626995064844,0.00739115776773407,-0.00219516543851422,-0.0114270017546129,-30,0,0,0,0,0,4,3,-0.429352505404854,-0.00581438102999551,1.23082557447426,0,0,0
1129,-30.0970866160626,0.082700774846709,0.0208395972246908,-0.000984383068576945,-5.39436969271003E-06,-0.00324859253330099,-30.1681685471491,0.14613579898198,0.0506679991033626,-0.00774851424875708,0.00684634918723582,0.000935653468588945,-30,0,0,0,0,0,4,3,1.11118851917397,-0.976906516687542,-0.19490134506562,0,0,0
1130,-30.0978096901316,0.0822069381817469,0.0170866289873267,-0.000461978110121324,-0.0009822820546456,-0.00425745572600224,-30.0993953361184,0.0157510324167037,0.0560258209860739,-0.0117702133175732,0.0157020102243038,-0.00181155982456633,-30,0,0,0,0,0,4,3,1.37581200399419,-1.60170308726378,0.0691043404844856,0,0,0
1131,-30.0978255123759,0.0804238210718077,0.0123014711533919,0.000430111472231194,-0.00258395841407763,-0.00531304923257265,-30.143332311591,0.178318085469671,0.0935790093769499,0.000727779675455424,-0.00650179432471488,0.0106830927084688,-30,0,0,0,0,0,4,3,0.213886655636456,0.293543261532147,-1.25546728960078,0,0,0
1132,-30.0978294746369,0.0779866321571281,0.00651059620874985,-0.000438235625434391,-0.00229042488757966,-0.00626851415187881,-30.1729392528507,0.181452419790452,-0.121274073372267,0.00930281835459091,0.00207091748238332,-0.0129951580753255,-30,0,0,0,0,0,4,3,-0.58440332975767,-0.569996587819235,1.54206395427708,0,0,0
1133,-30.0978448689202,0.0754112145128538,0.000939781025968935,0.000407751112747789,-0.00286041558217821,-0.00487329323902178,-30.2246402140626,0.231925749972929,0.0959301565733553,-0.000646519178465435,-0.0124009772731014,0.0105100732166067,-30,0,0,0,0,0,4,3,0.513932345971821,0.776246227364277,-1.24286763480738,0,0,0
1134,-30.0977742116069,0.0729389222075134,-0.00452540825368245,-0.000266681609461101,-0.00208417329792623,-0.00605693758422528,-30.0858291739673,-0.0954608986799255,-0.00489650260817797,0.00116617242037871,-0.0119852319944303,-0.0110501569242173,-30,0,0,0,0,0,4,3,0.0550411058967812,1.38944499680288,1.11480869763808,0,0,0
1135,-30.0975895137474,0.0715494802771042,-0.0102685745943314,0.000636216670696443,-0.000694715033016763,-0.00542958782164207,-30.1222515325707,-0.0693346724466374,0.0153002084860612,0.00546848989216355,-0.00936909837281198,-0.0117172407975414,-30,0,0,0,0,0,4,3,-0.302345924075039,1.07557918217447,1.14112366278202,0,0,0
1136,-30.0966008266957,0.0713925612096633,-0.015235838586851,0.00134135753502539,0.000380870961143417,-0.00450509077253285,-30.0498466133587,0.106604786126188,0.00797122240843937,0.00167609118426563,0.00479142698153813,-0.00904033826017424,-30,0,0,0,0,0,4,3,-0.0679158917092565,-0.692352270406189,0.888091381200545,0,0,0
1137,-30.0949343419793,0.0714272620942533,-0.0194492423330632,0.00199173469620966,-0.000311472845012624,-0.00392185741065959,-30.1541427744986,0.270902433577747,-0.0999784162659771,-0.000278497205360154,-0.00212855758217512,-0.00667678537715324,-30,0,0,0,0,0,4,3,0.336135269533249,-0.328949108937981,0.867635370247279,0,0,0
1138,-30.0925012774467,0.0709513259489824,-0.0232456630605685,0.00287445284634043,-0.00064040608700284,-0.00367116979243074,-30.1695850935711,0.0887629996909294,-0.0738431836490974,0.00732571098270131,-0.00223921885100359,-0.00981521616273825,-30,0,0,0,0,0,4,3,-0.393400911127979,0.0463958857185005,1.12920798357202,0,0,0
1139,-30.0893055819473,0.070334123129807,-0.0264235749301349,0.00351715205681427,-0.000594005238635624,-0.00268478961767041,-30.0889120486184,0.109221595615211,0.16290223362103,-0.00636661885246484,0.00731847582100787,0.0031359802410736,-30,0,0,0,0,0,4,3,0.814485982483242,-0.950290773331209,-0.63940249134942,0,0,0
1140,-30.0857954664962,0.0692649793339193,-0.0296346033175019,0.00350285757527891,-0.00154428765046441,-0.00373726225874684,-30.0601262073599,0.12900798972123,-0.0296664354716598,0.0155641254020128,0.00351176754718791,0.00795687628263887,-30,0,0,0,0,0,4,3,-1.43616012548145,-0.60919273416125,-0.736354757320568,0,0,0
1141,-30.0830276672193,0.0674160808603051,-0.0330380543093871,0.00203288821592575,-0.00215351557252293,-0.00306932525275573,-30.2493009588323,0.124698554863875,-0.0396680302938781,0.000447304323837063,-0.00455211006266417,-0.00604583642364357,-30,0,0,0,0,0,4,3,0.453871485280944,0.205813896538668,0.683919702952113,0,0,0
1142,-30.0805894559302,0.0653654826964407,-0.0360854447701478,0.00284354835097354,-0.0019476856037758,-0.00302562602218517,-30.0969618213978,0.100591673387743,-0.0768069439412051,-0.000951319025950727,-0.00317088903716231,-0.0102884672838929,-30,0,0,0,0,0,4,3,0.289055545390655,0.115905556940745,1.1824606162717,0,0,0
1143,-30.0771937378858,0.0634757617726305,-0.0388719848968638,0.00394799408111135,-0.00183176161720466,-0.00254768771126723,-30.0510349313756,0.0476622261166921,-0.167425887323634,0.00364747158781763,0.00071442763371041,0.0054708546617994,-30,0,0,0,0,0,4,3,-0.262677296030562,-0.166767215604425,-0.212233691532673,0,0,0
1144,-30.0734137754697,0.0615606150820181,-0.04138924117423,0.00361194877249778,-0.00199853611847747,-0.00248675052909044,-30.1637368155022,0.136580749470093,-0.359430161201345,-0.00335172213472519,0.00647131037089793,0.00113797270271412,-30,0,0,0,0,0,4,3,0.662645844476864,-0.920292536029979,0.605063052131277,0,0,0
1145,-30.0693636221308,0.0591019457190368,-0.0439619452088759,0.0044883269590274,-0.00291880950709979,-0.0026588412203087,-30.0921950634578,0.0750330181165096,-0.223348241588919,0.0099110236993,-0.0176145471211375,-0.0189632324304133,-30,0,0,0,0,0,4,3,-0.806712243014462,1.61138867588073,2.34301972621916,0,0,0
1146,-30.0641976614202,0.0569888348096706,-0.0455948451220532,0.00584403041426534,-0.00130741034284239,-0.000607249526893481,-30.1015283921149,-0.0206772692357206,0.0220169606919236,0.0228664771793515,0.0115638531278718,0.011437773491486,-30,0,0,0,0,0,4,3,-2.08359093370527,-1.11503077431573,-1.18781127053245,0,0,0
1147,-30.0594628183386,0.0551238861222851,-0.0457486710365421,0.00362585053200303,-0.00242249347546164,0.000300069814261656,-29.973893974939,0.00406376238743839,-0.034774439310786,-0.00408432291384854,0.00374761255812703,-0.0346544315342418,-30,0,0,0,0,0,4,3,0.356220241262909,-0.38288878058758,3.53499203204575,0,0,0
1148,-30.0543302316856,0.0525099744428735,-0.0445201087472339,0.00663971829162424,-0.00280533674282469,0.00215642171707344,-30.1001330247334,0.131809385768641,-0.0576621650130629,0.0228757991904737,-0.0150957563394854,-0.0136364078155821,-30,0,0,0,0,0,4,3,-2.08731386958052,1.24595686241126,1.47896511158433,0,0,0
1149,-30.0477423259929,0.0503276065117924,-0.0410952931138753,0.00653662930043467,-0.00155940304724655,0.00469323484871399,-30.0652283681446,-0.0542599025995532,-0.0319458334679491,0.00648857033525487,-0.00886314022053603,0.00318459172376792,-30,0,0,0,0,0,4,3,-0.518400297236276,0.99483382725271,-0.254567505440894,0,0,0
1150,-30.0414652388669,0.0492656164564705,-0.0362837331353781,0.00601759499613097,-0.000564581797163835,0.0049300003032372,-30.0656720379612,0.0163614900062076,0.0386008470607112,0.0261798896407635,0.00841243881284212,0.0133781271705382,-30,0,0,0,0,0,4,3,-2.4866448881539,-0.873966861296627,-1.41501441117525,0,0,0
1151,-30.0367665351798,0.0482640231865345,-0.0308077924607908,0.00338004597958438,-0.00143861111914621,0.0060224368667725,-30.0733554475591,0.104403100727604,0.0278691575712243,-0.0059749857438099,0.00590909383971834,-0.00744629502267056,-30,0,0,0,0,0,4,3,0.744209469499209,-0.799715585427041,0.688891187124608,0,0,0
1152,-30.0328868182114,0.0464255679635284,-0.0248792782825833,0.00437934989886153,-0.00223830510229813,0.00583438529551665,-29.8540344958096,0.192464021696817,0.0186744173784526,-0.00154591878837785,-0.00190341409537904,0.00649358707905387,-30,0,0,0,0,0,4,3,-0.13733912954298,-0.19458663385573,-0.686707542662292,0,0,0
1153,-30.0288219516008,0.0440899679328863,-0.0192079609287241,0.00375031680107119,-0.00243290186227976,0.00550838384990685,-29.9783057917811,-0.0503544412809196,-0.0872705336985575,0.00397210402065977,-0.00670135022041091,0.0191038518691264,-30,0,0,0,0,0,4,3,-0.440598818503691,0.77084390460293,-1.73584411951552,0,0,0
1154,-30.0258950026207,0.0420424763170728,-0.0140607594027354,0.00210343224152129,-0.00166208532020182,0.0047863662633922,-30.1480496750723,-0.0322751589568632,-0.0566237502375876,-0.0155331783845052,-0.0209992952084937,0.00783504357301936,-30,0,0,0,0,0,4,3,1.84941718859512,2.16447983876309,-0.670256856826761,0,0,0
1155,-30.0234965059044,0.0414626475942552,-0.0102201793209396,0.00269316849061051,0.000502422070971516,0.00289467427687623,-29.8292101634033,0.182265653766213,-0.189020266672384,0.0104729301154948,0.0047877936926891,-0.0116304834123967,-30,0,0,0,0,0,4,3,-1.3888726847429,-0.843310676801336,1.54108887458443,0,0,0
1156,-30.0206142861485,0.041543412485725,-0.00631381913982808,0.00307169658072346,-0.000340897905801095,0.00491796876372417,-30.0242238781719,0.0286032145402022,0.0165201142922365,0.00650654329900788,-0.0024301391430857,0.00576254607327347,-30,0,0,0,0,0,4,3,-0.602206573557025,0.185807485228166,-0.60929483591182,0,0,0
1157,-30.0179680246021,0.0412954120894803,-0.00134958183679002,0.00222084747808304,-0.000155108472466469,0.0050106862398569,-29.9197526152073,0.0334454758694629,-0.0621957966548768,-0.00696656110856353,-0.00724067880212535,-0.00325887718255671,-30,0,0,0,0,0,4,3,0.536161341270919,0.65717692847361,0.450279311565425,0,0,0
1158,-30.0154060967513,0.0414689030043912,0.00357681151351461,0.00290297558757907,0.000502083516965035,0.0048419608623289,-29.9945400576088,0.0524145223855247,-0.104342248907173,0.0147408289638879,0.00778932219655445,0.0137642916533733,-30,0,0,0,0,0,4,3,-1.48500278117111,-0.883761264426495,-1.16774466752299,0,0,0
1159,-30.0134181951105,0.0415290904584625,0.00864720450708054,0.0010729229299693,-0.000381718584935506,0.00529920982120839,-30.0291612073885,0.0426870133323548,0.0532979676929835,-0.00130918102715014,0.0128770549760006,-0.00239105797970526,-30,0,0,0,0,0,4,3,0.189240517492081,-1.37307952426477,0.132509862584559,0,0,0
1160,-30.0122356125556,0.0404608369370555,0.0139040339287073,0.00129222655013323,-0.00175479307990415,0.00521440651228116,-29.8775442505581,-0.100765880240319,-0.249228357258149,-0.00420175283326267,-0.00411856852040688,-0.00706893189717002,-30,0,0,0,0,0,4,3,0.175263784442501,0.613388612521326,1.2053499042333,0,0,0
1161,-30.0104111773038,0.0390127484035173,0.019406378875123,0.0023567684818404,-0.00114138793418275,0.00579006671224379,-29.971826227006,0.0242476341497461,-0.0357528452450998,0.00754761519748542,0.000347355692924325,-0.00330815837946409,-30,0,0,0,0,0,4,3,-0.811109065736517,-0.0832308375919246,0.402321528436609,0,0,0
1162,-30.0081399602124,0.0378297436690686,0.0256332617077475,0.00218584961654031,-0.00122462966283734,0.00666373693637394,-29.943611802693,-0.177861908491778,0.143647571503445,0.0066593327961949,-0.00176167806211398,0.00603254969678269,-30,0,0,0,0,0,4,3,-0.778709674233478,0.531891623194954,-0.890550112685159,0,0,0
1163,-30.0065440383265,0.0368710506838016,0.0323299554275871,0.00100600967161922,-0.000692762507003951,0.00672989807762841,-30.1426810752823,0.0520058635245485,0.0100068297860495,-0.00410219211961617,0.00156212872476527,0.0046889101306416,-30,0,0,0,0,0,4,3,0.695581362526147,-0.260224599525624,-0.488904672636259,0,0,0
1164,-30.0055222355163,0.0360481827743478,0.038627847259125,0.0010374203424644,-0.000952979345697518,0.00586588199566257,-30.0518197012638,-0.188023643946608,0.117446904960634,-0.00631239636516797,-3.34249700247346E-05,0.00567191603838665,-30,0,0,0,0,0,4,3,0.734879039044438,0.379389784895689,-0.802085413759933,0,0,0
1165,-30.0045824469069,0.0352849034299069,0.0439514320020317,0.000841933498372668,-0.000573584492180844,0.00478132840931233,-30.0915833684031,0.111317927011425,-0.0376119701251326,0.00372864528805304,-0.00760698123134828,-0.0058906904584244,-30,0,0,0,0,0,4,3,-0.189697791999033,0.538062269111977,0.664292986092706,0,0,0
1166,-30.0035336898376,0.0349803553374555,0.0490018711535842,0.00125570036252691,-3.55185146394787E-05,0.00531947108472325,-30.1375807009824,0.015017777341025,0.108842993147737,0.00357094107443219,-0.00149932327585917,0.00514377491769717,-30,0,0,0,0,0,4,3,-0.0819327054783537,0.119896772903867,-0.732063478065192,0,0,0
1167,-30.0025949096724,0.035004783630949,0.0541257866010045,0.000621781833762685,8.43686772833836E-05,0.00492849233208547,-30.0781129652803,-0.0911342306673869,0.199041386142991,-0.0077013209756446,0.00818559437919259,0.00544787856463941,-30,0,0,0,0,0,4,3,0.926358028124962,-0.636290976584485,-0.942870628749922,0,0,0
1168,-30.002070168694,0.0347710135074303,0.0583934787017616,0.000427432112404808,-0.000551915161810617,0.00360693197151821,-29.9904462774226,0.0327183605661922,0.207856816792553,0.0115531765734198,0.00626411162899823,0.00422164740474285,-30,0,0,0,0,0,4,3,-1.17442510249675,-0.691847884032207,-0.83787837405939,0,0,0
1169,-30.0023320990119,0.0338731621845201,0.0622093316134061,-0.000951204771170061,-0.00124379440345503,0.00402505900856084,-29.8722999273397,-0.0253800198516675,0.171274749210822,0.00151269574570208,-0.0160472598151453,-0.00130585422634159,-30,0,0,0,0,0,4,3,-0.406669719890836,1.65548602121787,-0.211964075787484,0,0,0
1170,-30.0034913375238,0.0334571086367099,0.0663264633452146,-0.00136723066206216,0.000411681616904549,0.00420929189963276,-30.1909076537088,0.221115121062394,0.120232672561035,0.00150718009707289,0.011314859088398,-0.00342755677084575,-30,0,0,0,0,0,4,3,0.231097297710386,-1.57371615096459,0.102290331962504,0,0,0
1171,-30.0047489470541,0.0330819379373668,0.0704681797476783,-0.00114801323782828,-0.00116202905474597,0.0040740995652232,-29.9965223435775,-0.0574590733548303,0.177361834672643,0.00156928116585873,-0.00651491480932454,0.000118812423700741,-30,0,0,0,0,0,4,3,-0.163883429430923,0.766409627642115,-0.36660491171536,0,0,0
1172,-30.006093535792,0.0323031113101249,0.074491138292939,-0.00154118257506702,-0.000395626545958036,0.00397189863001505,-30.063274951125,0.115745682745655,0.0886120854089283,-0.0120050659268355,-0.005876997083058,-0.0144464075060615,-30,0,0,0,0,0,4,3,1.32705649493346,0.35620834281449,1.2674165797883,0,0,0
1173,-30.0067302352826,0.0320856111533548,0.0783083058989324,0.000267724729865527,-3.93792474116363E-05,0.00366206760912558,-30.0461201198911,0.0758978723232885,0.27337707340277,-0.0358676248006,0.0109554711052771,0.0175823133628047,-30,0,0,0,0,0,4,3,3.67900271984211,-1.24734285517429,-2.30498548308601,0,0,0
1174,-30.0062781309288,0.031422585113161,0.0798008015214023,0.000635595028128188,-0.00128667795980022,-0.000677152221933755,-30.0916027724571,-0.123576629551992,0.0680423922871961,-0.0048996729805028,-0.00361554173776645,-0.0143702182557259,-30,0,0,0,0,0,4,3,0.673172842964439,0.608707432880628,1.3009370409982,0,0,0
1175,-30.0049231817644,0.0304402766812794,0.079238676673545,0.0020743539585455,-0.000677943545038464,-0.000447389784322754,-30.0884855020117,0.053758359567402,-0.0440322847864376,0.00730151783362314,8.96412047114443E-05,-0.0199773690261677,-30,0,0,0,0,0,4,3,-0.553180779339006,-0.116480839605948,2.08580147218965,0,0,0
1176,-30.0021839259591,0.0297041022854468,0.0796313890034201,0.0034045085243123,-0.000794411937172145,0.00123254680269996,-29.9657954100983,0.120555241009739,0.244556444450858,-0.00757207619894952,-0.00242489874617045,0.00623582161493208,-30,0,0,0,0,0,4,3,0.688798440091577,0.00137939259756653,-1.11269505039492,0,0,0
1177,-29.9990195791301,0.0289103834508239,0.0802464555475359,0.00292393673608034,-0.000793031751445954,-2.31273101788942E-06,-29.9701173028091,-0.0482924802638965,0.139585137904479,-0.00128360748508776,0.0331574009376028,0.00852105151008867,-30,0,0,0,0,0,4,3,0.0685953541269561,-3.21915513323249,-1.13127542681782,0,0,0
1178,-29.9965300297955,0.026507771683984,0.0798694460435692,0.00205501279607604,-0.00401219800701883,-0.000751527132463025,-29.8631119958308,0.313815117586815,0.0641703071779352,0.00990000123948253,-0.0161224704219946,0.00322890843344999,-30,0,0,0,0,0,4,3,-1.26377613228675,0.984616807025826,-0.45123145770087,0,0,0
1179,-29.9950373455535,0.0229878698883786,0.079480785656211,0.000930509466190884,-0.00302761000862746,-2.55647369268169E-05,-29.8166464491987,0.187259737073891,0.244644465100032,-0.020662573936147,-0.0116142600168375,-0.0142487187698592,-30,0,0,0,0,0,4,3,1.69955029201204,0.78690652753597,0.93558294678586,0,0,0
1180,-29.9932255540375,0.0203537372267095,0.0790484285292754,0.00269291034586429,-0.00224066114093862,-0.000839507792389779,-30.0362373626833,0.023030523581507,0.056052523906131,0.0224263908379025,-0.0052920953775508,-0.00175135332895815,-30,0,0,0,0,0,4,3,-2.17016435842375,0.483148490592066,0.0630302850835535,0,0,0
1181,-29.9911603075874,0.0183546321227777,0.0790889105383508,0.00143794261382459,-0.00175755291478908,0.00092072646236528,-29.7659343651925,0.00404090903892829,0.222016109960509,0.00112588104023233,0.002929717955264,0.00622102104936529,-30,0,0,0,0,0,4,3,-0.580719373638305,-0.301053613604257,-1.06613432485755,0,0,0
1182,-29.9903252853691,0.016446543007808,0.0799158307213084,0.000232067971970359,-0.00205862918469708,0.000733359699901648,-30.0129927361744,-0.0247213599231839,-0.0465456457226051,0.0114978351019658,-0.00152282152072711,0.00242661887802657,-30,0,0,0,0,0,4,3,-1.12379803784778,0.201724871919078,-0.149570596357446,0,0,0
1183,-29.9904915825644,0.0144887676970801,0.0810479289808725,-0.000564499780009728,-0.00185692716707349,0.00153100035763352,-29.9380838206332,0.0287420041556002,0.101474761460708,-0.00715215700391375,-0.00573274096985278,0.00232516815459292,-30,0,0,0,0,0,4,3,0.591383341657767,0.515790088674078,-0.435466338380707,0,0,0
1184,-29.9910555899039,0.0128897443628647,0.0822053794136733,-0.000563658910014448,-0.00134113069519547,0.000783896920651591,-30.0955227602533,0.0074840716350205,0.0937549160330658,0.0155558075524243,0.0118687805574451,-0.0128876599227732,-30,0,0,0,0,0,4,3,-1.36453523473589,-1.20184619901455,1.10125616021119,0,0,0
1185,-29.9915878292442,0.0109476861976979,0.0838590258937495,-0.000500466304895652,-0.00254299056048518,0.00252338503102712,-29.8943494136665,-0.00506996291958767,0.0620429010189957,-0.000253238729484534,0.000651445453767183,-0.00230282577280701,-30,0,0,0,0,0,4,3,-0.185977299718617,-0.055004619537543,0.106196775242709,0,0,0
1186,-29.9921027229571,0.00837719357272705,0.0864823378613216,-0.000529280130774556,-0.00259799752104361,0.00272324766422796,-29.9314741086335,-0.039097515308927,0.026375446475546,0.00191932793885845,0.00282291808822601,0.00774993389167725,-30,0,0,0,0,0,4,3,-0.328984576618842,-0.204096778204746,-0.827744282118817,0,0,0
1187,-29.9930635758385,0.00567714310385743,0.0890840495505388,-0.00139247207213043,-0.00280210959447048,0.00248034992046009,-30.0087110219817,-0.0902158817286781,0.238954002698396,-0.0132896372345787,-0.012637710298159,-0.00297810698125265,-30,0,0,0,0,0,4,3,1.34638576742119,1.44420279327325,-0.180097307271527,0,0,0
1188,-29.9941280048844,0.00359714899949889,0.0909645215744552,-0.000736629903709702,-0.00135788337285649,0.00128045937495806,-30.0134957627182,0.041220493321137,0.0679046369106733,0.00137690575967868,-0.0010846619086273,0.00658964171805585,-30,0,0,0,0,0,4,3,-0.110699050531524,0.0260252042204556,-0.794773445626932,0,0,0
1189,-29.995218543124,0.00225227799787912,0.0920461276370791,-0.00144452294689622,-0.00133186897931499,0.000882892721718265,-29.9555325559912,-0.116242842569673,0.194616155768578,-0.018333142056057,0.00065268389056689,0.00474555575411821,-30,0,0,0,0,0,4,3,1.74437931758806,0.167217296082656,-0.863787886948976,0,0,0
1190,-29.9964919454658,0.00100403267775405,0.0919653436143072,-0.00110266620362457,-0.00116462824220303,-0.00104452876968333,-29.8925292567653,-0.145035811877814,0.181172604037021,0.00797291631776184,0.000557702234677409,0.0104272506378536,-30,0,0,0,0,0,4,3,-1.01223311824559,0.234301400287886,-1.4050702718594,0,0,0
1191,-29.9984632542352,-4.34599088739825E-05,0.0909025989138474,-0.0028399540758848,-0.000930361367116056,-0.00108061263770641,-29.9355597858631,-0.135347822408197,0.136723347230675,0.00108631486892282,-0.000626824078714695,-0.00166014079299534,-30,0,0,0,0,0,4,3,-0.23751191516602,0.333378052687864,-0.107432615161816,0,0,0
1192,-30.0014199609755,-0.000807131591325221,0.0898800252373842,-0.00307343350185155,-0.000596988977433336,-0.000964486172529757,-30.0686683910264,-0.0531973695763796,0.0058032410783444,-0.00481590931484799,0.0136074295969721,0.000656705902995299,-30,0,0,0,0,0,4,3,0.618927713537669,-1.25434822054445,-0.0772770724562187,0,0,0
1193,-30.0043430623407,-0.00203128670531446,0.0886385842346124,-0.00277287593830827,-0.00185132635999978,-0.00151845665327884,-30.0362532670594,-0.101599166851847,-0.147053043837916,-0.00833066917317377,0.00858039969495357,-0.00708295926464572,-30,0,0,0,0,0,4,3,0.905573451436164,-0.654841635791663,1.0024020141404,0,0,0
1194,-30.0064467449549,-0.00421001617147909,0.0870489322684984,-0.00143451478571436,-0.00250613990370816,-0.00166111509175874,-30.0421506126534,-0.0295516921077132,0.183114249096758,-0.0024806808548165,0.000273155832268633,-0.0149595535411341,-30,0,0,0,0,0,4,3,0.33236931078853,0.0317878009885632,1.12972685591989,0,0,0
1195,-30.0073313631713,-0.00670024970274123,0.0855841209770361,-0.000334640308919119,-0.00247433343058302,-0.00126872595027041,-29.8290116260132,-0.000995047695501347,-0.0532290202832017,0.00976798407160136,0.00467081101804616,0.000729374835591373,-30,0,0,0,0,0,4,3,-1.31877515513379,-0.465091006413613,0.0335205570072661,0,0,0
1196,-30.008047278481,-0.00940713704229382,0.0848493421255343,-0.00109696902000153,-0.00293944896220925,-0.000200673507604159,-30.1366365409244,0.0154401650457303,0.0543012478128695,-0.0186313071207165,0.00357947766491914,0.00789480829403406,-30,0,0,0,0,0,4,3,2.13640379392055,-0.388828096583374,-0.898083325029145,0,0,0
1197,-30.0088735886085,-0.0125409808469173,0.0835165399935107,-0.000556099869154428,-0.00332824659214693,-0.00246503960200918,-29.9626765911839,-0.00452663519804156,0.196577620717718,-0.0152388133604294,-0.000257458841242769,0.00106822293899408,-30,0,0,0,0,0,4,3,1.44923451841072,0.03479915452036,-0.499977535334844,0,0,0
1198,-30.009204138913,-0.015851814532818,0.0803137167242186,-0.00010529056313477,-0.00329342556852969,-0.00394069427992699,-29.9314494838781,-0.0047782311428563,0.141452932161414,0.012933529652381,-0.00543568727185125,-0.00703834240266003,-30,0,0,0,0,0,4,3,-1.43045399748181,0.553125189470838,0.420928375943175,0,0,0
1199,-30.0095683084422,-0.0188686860055179,0.0770672316010118,-0.000622766458426178,-0.00274032275745327,-0.002552171566477,-30.0071135208259,0.0330979324760654,0.242139054765342,-0.0027055038248689,-0.00227669115007157,-0.00300374699533134,-30,0,0,0,0,0,4,3,0.284777424138691,0.161473250055026,-0.18390340999755,0,0,0
1200,-30.0101841042344,-0.0215282681670743,0.0743396798474091,-0.000608891512804708,-0.00257884615104393,-0.0029029342043028,-29.8964257503074,-0.0051181876815101,-0.00380212968319348,0.00445547882687417,-0.0234666085426748,0.0134365140074248,-30,0,0,0,0,0,4,3,-0.652696382072636,2.3568972296305,-1.33604714137609,0,0,0
