sys.exec.out.time {s},chaser.lvlh_rel_state.rel_state.trans.position[0] {m},chaser.lvlh_rel_state.rel_state.trans.position[1] {m},chaser.lvlh_rel_state.rel_state.trans.position[2] {m},chaser.lvlh_rel_state.rel_state.trans.velocity[0] {m/s},chaser.lvlh_rel_state.rel_state.trans.velocity[1] {m/s},chaser.lvlh_rel_state.rel_state.trans.velocity[2] {m/s},gnc.meas_rel_pos[0] {m},gnc.meas_rel_pos[1] {m},gnc.meas_rel_pos[2] {m},gnc.meas_rel_vel[0] {m/s},gnc.meas_rel_vel[1] {m/s},gnc.meas_rel_vel[2] {m/s},gnc.setpoint_pos[0] {m},gnc.setpoint_pos[1] {m},gnc.setpoint_pos[2] {m},gnc.setpoint_vel[0] {m/s},gnc.setpoint_vel[1] {m/s},gnc.setpoint_vel[2] {m/s},gnc.guidance.state_ {1},gnc.guidance.current_leg_ {--},gnc.cmd_force[0] {N},gnc.cmd_force[1] {N},gnc.cmd_force[2] {N},gnc.control.saturated_[0] {--},gnc.control.saturated_[1] {--},gnc.control.saturated_[2] {--}
0,-959.334149441162,-41.7366957536535,-33.9086760599166,0.767164630316929,-0.236728420442277,0.260776962028608,-959.474436712075,-41.8412104346977,-34.1046155168913,0.764011709494807,-0.236014990551127,0.246621436849732,-500,0,0,0,0,0,0,0,842.547702474669,107.283919924508,43.5470873488094,0,0,0
1,-958.146001342844,-41.919795083727,-33.6275519354216,1.60915510177929,-0.129470239702831,0.300994481458613,-958.082811155762,-42.0101073730059,-33.6081088438258,1.6169286137969,-0.133898753734874,0.310237940257097,-500,0,0,0,0,0,0,0,754.472760931834,97.4100901194992,36.1924236619419,0,0,0
2,-956.159839582258,-42.0005718112814,-33.3112121731433,2.36318683566004,-0.0320832154052097,0.331258022211558,-956.19789708468,-42.0442839878678,-33.173071441814,2.35949226085683,-0.021933347272352,0.328387022991853,-500,0,0,0,0,0,0,0,676.446568083677,86.2819027029708,33.5074405844427,0,0,0
3,-953.458609575744,-41.9895244122659,-32.9670944841874,3.03928926479238,0.0541780134198726,0.356594443430027,-953.537420087823,-42.0934150074828,-32.9132694266743,3.05885603328551,0.0553714654714231,0.348974965406637,-500,0,0,0,0,0,0,0,601.189236847094,78.6496834678233,30.9290423126848,0,0,0
4,-950.118864134267,-41.8960307404844,-32.59990268913,3.64021557938095,0.132809330129407,0.377448785156422,-950.114111528333,-41.9492768994474,-32.6424540968018,3.6577695498796,0.141272275060626,0.382713568519814,-500,0,0,0,0,0,0,0,534.451268068706,69.7713262928323,27.0135513416222,0,0,0
5,-946.211531176402,-41.728343912607,-32.2146418559711,4.17446153150088,0.202564325590153,0.392770259481185,-946.403751177569,-41.695337632242,-32.0796519188533,4.16754961704259,0.195293682196429,0.392734803261778,-500,0,0,0,0,0,0,0,476.052540650879,63.8613070448411,24.8858235115289,0,0,0
6,-941.799125491445,-41.4938562041493,-31.8158288934371,4.65035937416615,0.266411091319262,0.404586078551042,-941.81591157806,-41.5554054030486,-31.7142352776609,4.65472196782942,0.26664601950007,0.422977640382799,-500,0,0,0,0,0,0,0,418.159626373178,56.4462088560901,21.1307065170419,0,0,0
7,-936.939754732024,-41.1992283971205,-31.4076530225248,5.06838921040725,0.322844522754636,0.411528838110749,-936.782341584912,-41.2519408234541,-31.3986583593344,5.06648246546521,0.309113212787049,0.395825508539938,-500,0,0,0,0,0,0,0,366.916436623303,51.5925603682033,23.2147658646751,0,0,0
8,-931.687944484007,-40.8505931856425,-30.9919673630234,5.4352392606404,0.374425900277446,0.419634624610528,-931.68048988441,-40.8738837481631,-30.9896123457753,5.42759675139829,0.372696683002021,0.43571419544835,-500,0,0,0,0,0,0,0,320.60130462899,44.4780991961242,18.4078051467156,0,0,0
9,-926.092441984255,-40.4539331272042,-30.5709637560886,5.75577079512987,0.41889421666415,0.422190954788122,-926.140800414842,-40.5525199177854,-30.3785775811042,5.77122603647336,0.40894503298937,0.423213976741872,-500,0,0,0,0,0,0,0,275.158997182348,40.2105365366339,18.4357574880211,0,0,0
10,-920.199112760994,-40.0149378322878,-30.1476744710047,6.03089260691605,0.459096373246909,0.424231689033009,-920.162989198394,-40.1535034625725,-30.1656000171113,6.02841562107792,0.464833465432885,0.417716463702685,-500,0,0,0,0,0,0,0,237.484416288996,33.8236603818565,18.5595536639541,0,0,0
11,-914.0494823302,-39.5389332370009,-29.7225132379503,6.26837319554519,0.49291281736415,0.425956161048665,-913.926042385576,-39.3824683388472,-29.71450040939,6.25662784892466,0.491787595847182,0.432694295340914,-500,0,0,0,0,0,0,0,202.189299878686,29.5861770929761,16.1595712846886,0,0,0
12,-907.680019215871,-39.0312304018647,-29.2969891756602,6.47055658596209,0.522492852883807,0.424977331721353,-907.782369589954,-38.9594362781352,-29.1898449969894,6.46148874084087,0.524140194847033,0.415978788739491,-500,0,0,0,0,0,0,0,169.415865095821,25.5048530715671,16.7818111200297,0,0,0
13,-901.124742666843,-38.4959876854939,-28.8722334265353,6.64000043262331,0.54799257984377,0.424438071813409,-901.176998554873,-38.352828825406,-28.9242180713913,6.63581012443542,0.559621847143743,0.425412250133566,-500,0,0,0,0,0,0,0,138.772984666205,20.7434729364376,15.3072111294259,0,0,0
14,-894.415342065778,-37.9376254638341,-28.4487975910343,6.77880391564202,0.568731863461366,0.42235485418341,-894.437424655807,-37.9424639570086,-28.6546833236087,6.76907419678176,0.578803669580172,0.408988663073023,-500,0,0,0,0,0,0,0,111.967429633438,18.004560956,16.4105003399151,0,0,0
15,-887.580520141459,-37.3598929974533,-28.0269003182001,6.89084378412119,0.586733069313457,0.421376102729086,-887.541161968926,-37.4462748594982,-28.0058625653919,6.89382957346226,0.582747460148071,0.415699575988483,-500,0,0,0,0,0,0,0,85.6993665916251,16.6178037041894,14.4417675319354,0,0,0
16,-880.646796762484,-36.7648523044705,-27.6069171940777,6.9766058386985,0.60334831661653,0.418541431251901,-880.62745274079,-36.7537859552177,-27.7931180483482,6.98080708703231,0.601547654130233,0.413535835665448,-500,0,0,0,0,0,0,0,63.1741967783494,13.352806497412,14.2326525301516,0,0,0
17,-873.638565392067,-36.1548285158009,-27.1898012332708,7.0398597852589,0.616699260718006,0.415654522229562,-873.73673226108,-36.0468356554118,-27.177084357168,7.03480114566803,0.617630764598191,0.417933097595316,-500,0,0,0,0,0,0,0,43.9933499553575,10.3305948510044,12.5608589548043,0,0,0
18,-866.576677098855,-35.5329645979583,-26.7763191705023,7.08391888008503,0.627028574949729,0.411284505570376,-866.651735485647,-35.5316471462579,-26.9612742848202,7.08709734949461,0.6266091804453,0.417568005047969,-500,0,0,0,0,0,0,0,24.5937360218325,8.40237624798577,12.1657480648435,0,0,0
19,-859.480425371593,-34.9017351770038,-26.3672700848367,7.10858661044892,0.635430266957427,0.406799545979678,-859.401627575562,-34.8475194489326,-26.3621966670247,7.10772642526705,0.636821529404936,0.430100967910783,-500,0,0,0,0,0,0,0,8.0306126244194,6.01288595737154,9.71429654297108,0,0,0
20,-852.367807191685,-34.2632985611002,-25.9637851976316,7.11665058086252,0.641442964841439,0.400165509053198,-852.513413551001,-34.2878438806818,-25.9905598384398,7.11822329879373,0.630400649982728,0.396910911955109,-500,0,0,0,0,0,0,0,-6.79550277737144,5.53562276309081,12.2900284813687,0,0,0
21,-845.254502735362,-33.619087642157,-25.5654838723839,7.109960808804,0.646978873037348,0.396440777529129,-845.188745107335,-33.7214643113571,-25.6877628142768,7.12114439383748,0.645096832718475,0.401487778894268,-500,0,0,0,0,0,0,0,-21.7369491690771,2.93324535086671,11.2267477391269,0,0,0
22,-838.155362339707,-32.9706417763893,-25.1712408884888,7.08832207800002,0.64991285848112,0.392057289900466,-838.050799234211,-32.8255019664889,-25.0046976880432,7.08109080795844,0.656741915091839,0.394697275452149,-500,0,0,0,0,0,0,0,-32.0074823274207,-0.0231875762062259,10.5396678308715,0,0,0
23,-831.082996901483,-32.3207399853613,-24.7815541953234,7.05641068449127,0.649890723790483,0.387334013226214,-831.1421727926,-32.2916865189519,-24.6510425814141,7.07002592593018,0.659883674812769,0.388805853443094,-500,0,0,0,0,0,0,0,-44.7182470078184,-1.40499444337297,10.4214998185189,0,0,0
24,-824.048891807301,-31.6715510365926,-24.3964226787796,7.01180155959002,0.648487173858431,0.382954122314079,-824.141811555841,-31.5316500388714,-24.4009118725456,7.01585819277241,0.647430677274434,0.370814479795148,-500,0,0,0,0,0,0,0,-53.3021961655594,-1.67976764970059,11.7203757655763,0,0,0
25,-817.063661406517,-31.0239028879168,-24.0148246076191,6.95866222613166,0.646809123682404,0.380271957804819,-816.960005814337,-30.9160837475572,-24.0201837282692,6.95881719594799,0.648961124136732,0.388991249927745,-500,0,0,0,0,0,0,0,-61.9617079661247,-3.06394491855882,9.14124246376401,0,0,0
26,-810.135927304844,-30.3786247522717,-23.6369799707198,6.89680771620005,0.64374714765162,0.375452186408816,-810.117308945309,-30.4002668076213,-23.6312581385389,6.89022099082102,0.621311097531547,0.377819365660897,-500,0,0,0,0,0,0,0,-68.7874811914828,-1.33057613791202,9.48057971098802,0,0,0
27,-803.273448466571,-29.7355418019283,-23.263576221427,6.82815208820993,0.64241875318489,0.371394035770006,-803.331240884644,-29.5862299099894,-23.0894259490604,6.83821099757184,0.63868774447561,0.374243831813103,-500,0,0,0,0,0,0,0,-77.1586179878959,-4.69631462758222,8.75446871681047,0,0,0
28,-796.483813834124,-29.0954699882968,-22.8943441976969,6.75111913206535,0.637724874153693,0.367113473699588,-796.458420468257,-28.9374395359352,-22.9506145389988,6.7535680738439,0.638624210359684,0.360074255865894,-500,0,0,0,0,0,0,0,-82.4399664478763,-5.98754196409799,9.89380349140823,0,0,0
29,-789.773826693694,-28.4607375823548,-22.5286060181067,6.66885794410932,0.631739937825517,0.364409310360596,-789.687843989066,-28.4438561990252,-22.4390065245901,6.69139685294623,0.641482023967205,0.370756553981833,-500,0,0,0,0,0,0,0,-89.7639973164918,-7.26048999867002,7.80235765099699,0,0,0
30,-783.14978777992,-27.8326264800705,-22.1663531060832,6.57922174311692,0.624482266650634,0.360147110705677,-783.148851051561,-27.7476512296076,-22.1891036095471,6.57118896465583,0.625620304695395,0.370606778743137,-500,0,0,0,0,0,0,0,-90.8211943624598,-7.06672801032438,7.31752934478059,0,0,0
31,-776.615916172095,-27.211676153133,-21.8084342670223,6.4885231936819,0.617418387116457,0.355741767687653,-776.646485230645,-27.2622246612968,-21.6843237609168,6.50025447726346,0.620801268474126,0.344461861766488,-500,0,0,0,0,0,0,0,-96.732477265056,-7.55567752481893,8.92246134518489,0,0,0
32,-770.175662386246,-26.5980340843469,-21.4538578804193,6.39198724208265,0.609865750416443,0.353465507715278,-770.18262264053,-26.7208610570811,-21.506370137671,6.38719508419023,0.597503618915825,0.351818706292087,-500,0,0,0,0,0,0,0,-98.3542631379629,-6.30863977742031,7.83086964613322,0,0,0
33,-763.832766581181,-25.9913211117048,-21.1019093015826,6.29380677303433,0.603560194805978,0.350487085419763,-763.909881816967,-25.9046058378112,-21.026579597011,6.29497500679856,0.599939217943887,0.339592193111712,-500,0,0,0,0,0,0,0,-101.677737045923,-8.18471011876637,8.09393988285078,0,0,0
34,-757.589699358488,-25.3918516777202,-20.752577292496,6.19233042310682,0.595378673060609,0.348234231237963,-757.631359446043,-25.5277071414241,-20.86177864529,6.18900742194506,0.582859062539314,0.349299761646808,-500,0,0,0,0,0,0,0,-103.63802330242,-7.23049197108319,6.7935811258992,0,0,0
35,-751.4491052759,-24.8000866301808,-20.4059369968943,6.08885993200959,0.588151421964004,0.345104786165956,-751.48700669233,-24.7612367488558,-20.5715343529778,6.08841777859855,0.596322715952091,0.347352734188533,-500,0,0,0,0,0,0,0,-105.867764475195,-10.1097980974976,6.40779528710226,0,0,0
36,-745.413096843489,-24.2169884535872,-20.0623980645869,5.98315908823402,0.578044931192699,0.34203276611245,-745.603082737194,-23.997054939288,-19.9894368204423,5.9798306796959,0.581099703149218,0.328025359390129,-500,0,0,0,0,0,0,0,-106.776902495202,-10.1158604363458,7.17633770187162,0,0,0
37,-739.483220695891,-23.6439997824783,-19.7213490869516,5.87659595206005,0.567932410879077,0.340125365130755,-739.654019115047,-23.6543247869679,-19.601841820175,5.87255263510467,0.571073541275196,0.339624153201252,-500,0,0,0,0,0,0,0,-107.947225280372,-9.7987045535839,5.24126832022485,0,0,0
38,-733.660525619693,-23.0809650416975,-19.3829684133897,5.76879601787321,0.558137070653327,0.336696856173305,-733.552803420394,-23.1722380185271,-19.2735915577463,5.76911281086308,0.529206644827422,0.339120747870698,-500,0,0,0,0,0,0,0,-109.805674245519,-6.57618844568803,4.63510832842269,0,0,0
39,-727.946566555782,-22.5261143562251,-19.0480953389149,5.65912376909191,0.551564300167919,0.333111221408448,-728.005807589042,-22.5404037117776,-18.8981009244667,5.64615162516775,0.545493223106417,0.331060833585898,-500,0,0,0,0,0,0,0,-108.60354733869,-9.46851488708654,4.69011849034358,0,0,0
40,-722.341672974257,-21.9792826228634,-18.7166218889579,5.55066519296644,0.542099166475592,0.329896919565825,-722.383999408839,-22.041294700301,-18.5523473891705,5.567955877699,0.545550785092765,0.334630116808723,-500,0,0,0,0,0,0,0,-112.027588952221,-10.4724891086744,3.64168309746874,0,0,0
41,-716.846966982813,-21.442417960667,-18.3886231015616,5.43874822569162,0.531630157798442,0.326163846669649,-716.720049832479,-21.3949788621237,-18.3650309099767,5.43110679889272,0.545030861464438,0.309595668131333,-500,0,0,0,0,0,0,0,-109.670580224314,-11.7131284221963,5.77049500682014,0,0,0
42,-711.462945688091,-20.9166426566482,-18.063160718746,5.32929707871797,0.519920450158121,0.324822715145986,-711.446612738667,-20.8395504101919,-18.1637365352488,5.33523407381125,0.518196970146253,0.317288148660345,-500,0,0,0,0,0,0,0,-110.630181903791,-10.1405961942416,4.59865820446308,0,0,0
43,-706.18887501506,-20.4017907829501,-17.7394159353606,5.21884648726524,0.509783297154798,0.32272921005809,-706.061557361852,-20.4313376969606,-17.5780094397859,5.21770971988565,0.523507599206899,0.340478863696543,-500,0,0,0,0,0,0,0,-109.647857264861,-11.4880845267686,1.10813250991745,0,0,0
44,-701.024844619118,-19.8977498323197,-17.4193451694988,5.10921467027885,0.498298604005883,0.31747421390889,-701.09820122449,-19.9540099245801,-17.5089668510465,5.10858014623182,0.514028561518663,0.309399187356664,-500,0,0,0,0,0,0,0,-108.661612174201,-11.4948363027061,4.07801496642666,0,0,0
45,-695.969876610437,-19.4051969568283,-17.102885864623,5.00072349738207,0.486807146920173,0.31550563937663,-695.998220904013,-19.4794838165797,-16.9039731324828,4.99983831301268,0.49277806286941,0.313351465780646,-500,0,0,0,0,0,0,0,-107.987389493242,-10.3188386537816,2.4727996869009,0,0,0
46,-691.02309834033,-18.9235475549505,-16.7890305062037,4.89283440670669,0.47649165678857,0.312265976548644,-691.01368975651,-18.8465583672882,-16.9047705400223,4.89376427284883,0.474621252667481,0.296852822683953,-500,0,0,0,0,0,0,0,-107.349047771863,-9.76900853217171,4.12425881164924,0,0,0
47,-686.183842242928,-18.4519387329483,-16.4774245616763,4.78568020024281,0.466725987244576,0.311006393022726,-686.082761469181,-18.439935770815,-16.3600987482723,4.77338946337238,0.468386646033669,0.288196033884956,-500,0,0,0,0,0,0,0,-105.173423398875,-9.95879306173688,3.90059410804906,0,0,0
48,-681.450652858215,-17.9901905070122,-16.1670675826505,4.68070092472292,0.456770464639,0.309766813661808,-681.595474989191,-18.0621000742932,-16.2117095406326,4.68465941256655,0.45582696174198,0.310344389921553,-500,0,0,0,0,0,0,0,-105.274991278274,-9.45849602561155,1.38898008910991,0,0,0
49,-676.822555934549,-17.5381476613066,-15.8590235077164,4.57549400010569,0.447315226739061,0.306380704905255,-676.932261349234,-17.5175666830721,-16.0268449191353,4.56867974726159,0.432157651695953,0.301057715375404,-500,0,0,0,0,0,0,0,-103.003452027692,-8.18063180345111,1.94791830073017,0,0,0
50,-672.29851277805,-17.0949211546818,-15.5539727322027,4.47259376642392,0.439137786384663,0.30377890930072,-672.457158650537,-16.827156835545,-15.5622404855557,4.4713475988931,0.423245849547179,0.285519765423117,-500,0,0,0,0,0,0,0,-102.220442588235,-8.67027128362795,2.57250442879957,0,0,0
51,-667.876956486105,-16.66011691835,-15.2510604058997,4.37052072731532,0.430470686227014,0.302103328337624,-667.856964826579,-16.5116735939599,-15.3736475317468,4.34894773684916,0.431851209404343,0.308780756802803,-500,0,0,0,0,0,0,0,-99.1808440317585,-10.1617737525144,-0.130780616786783,0,0,0
52,-663.556029803113,-16.2347255886665,-14.9510896690364,4.27133305616393,0.420311973132437,0.297894102570804,-663.664686958591,-16.2337176619016,-14.9266180947457,4.26650176648865,0.409696120604301,0.302847898774404,-500,0,0,0,0,0,0,0,-99.3208027316837,-8.50217673662686,-0.431553687948941,0,0,0
53,-659.334368262312,-15.8186631723019,-14.655306221485,4.17199040438126,0.411812859524581,0.293728826931365,-659.21680081503,-15.6127709899382,-14.651514674765,4.17516699615154,0.412940950117004,0.275504730276942,-500,0,0,0,0,0,0,0,-99.0830979850945,-10.0685530318241,1.75255632183571,0,0,0
54,-655.211862755681,-15.4118830546083,-14.3624371986334,4.07302233483282,0.401747375734283,0.292065036061546,-655.200400395969,-15.3934629575479,-14.556256365338,4.06471530243238,0.401551508760711,0.294652823543066,-500,0,0,0,0,0,0,0,-96.0707294513003,-9.36822496097533,-0.352769623630479,0,0,0
55,-651.186882263893,-15.0148183096974,-14.0722089077112,3.97693921024722,0.392382114062115,0.288445728908331,-651.169414969676,-14.8952105301984,-13.9169714940446,3.97693518729136,0.381590561596616,0.282719277638849,-500,0,0,0,0,0,0,0,-95.3546887897839,-8.36863509926485,-0.437984775795584,0,0,0
56,-647.257628473281,-14.6266190426378,-13.7855026000385,3.88156898125512,0.384016419625064,0.285020659314358,-647.23606761422,-14.5551564033276,-14.067246619264,3.88674636593791,0.381071085686157,0.28976546684983,-500,0,0,0,0,0,0,0,-94.2025013653515,-8.99679576196054,-0.84205344645499,0,0,0
57,-643.423181104573,-14.2470995695898,-13.5022988214176,3.78732621836779,0.375022526466362,0.281440025933105,-643.484271845115,-14.2606470231562,-13.5777177595407,3.78662061648513,0.359022987422457,0.285406318502799,-500,0,0,0,0,0,0,0,-91.6935179582825,-7.38100469593326,-1.38519633119855,0,0,0
58,-639.681740999278,-13.8757661344988,-13.2228696140563,3.69555417621779,0.367644343588482,0.277470117213649,-639.641492626336,-13.7890477027396,-13.3346037073101,3.6914311014248,0.360784506203326,0.266824077739965,-500,0,0,0,0,0,0,0,-89.8601248898088,-8.5003552148534,-0.0132003593763521,0,0,0
59,-636.031111846121,-13.5123705816892,-12.9466318536476,3.6057051324492,0.359146762044777,0.275056038676527,-635.940783397185,-13.5837439628932,-12.9151131982753,3.62388549400869,0.341162281932772,0.278980260188227,-500,0,0,0,0,0,0,0,-90.5069826064994,-6.94874026749072,-2.06779962227214,0,0,0
60,-632.47072099326,-13.1566967991878,-12.6736592657328,3.51507655992471,0.352200802766421,0.270940199775872,-632.456669389986,-13.0675029322213,-12.7168549112501,3.50903682370384,0.350398557468637,0.256062423211595,-500,0,0,0,0,0,0,0,-85.9903435904116,-8.90484988242121,-0.172532498659283,0,0,0
61,-628.998640350596,-12.8089470946618,-12.4038597521795,3.42908571650267,0.343298606123525,0.268707271683025,-628.885280216976,-12.8104080858045,-12.4326760767796,3.4253248444764,0.355831331775093,0.266461547557048,-500,0,0,0,0,0,0,0,-84.7619240136892,-9.96231700590035,-1.78080260214561,0,0,0
62,-625.61199116682,-12.470628344224,-12.1369930641847,3.34421279948656,0.333338894537093,0.265073910382391,-625.830419667659,-12.2889238526342,-12.2190880237269,3.34312324692899,0.332909854439458,0.262552141030018,-500,0,0,0,0,0,0,0,-82.65148535758,-8.71313773867739,-1.81703805554801,0,0,0
63,-622.309163079715,-12.141644748493,-11.8737095792874,3.26144352574606,0.324628296850304,0.26153967092609,-622.241890624072,-12.1017954637496,-11.8713073584404,3.24874287250659,0.314411810790011,0.268078235207894,-500,0,0,0,0,0,0,0,-80.3905060025147,-7.23759015150189,-3.06520880390862,0,0,0
64,-619.088021316652,-11.8206340154211,-11.6145247678055,3.18083946374856,0.317393169273569,0.256875335103852,-618.955488473254,-11.7703217062476,-11.5844020325639,3.19071959335307,0.312700358571194,0.254990757939808,-500,0,0,0,0,0,0,0,-81.1609823887991,-7.72939244462426,-2.33027172885294,0,0,0
65,-615.947842324412,-11.5071042966893,-11.3594733700987,3.09951853070304,0.309666267711684,0.253273237144901,-616.23039736131,-11.579668943567,-11.5450870087329,3.09860181685196,0.310733001884935,0.240201035042165,-500,0,0,0,0,0,0,0,-77.3993869625747,-7.91396230135956,-0.929929486750734,0,0,0
66,-612.887056342483,-11.201393818233,-11.1073288477156,3.02205417383639,0.301754688807254,0.251059404357627,-612.897651277291,-11.2161423884287,-11.0060817939764,3.00494778033956,0.317661231925843,0.251038599083401,-500,0,0,0,0,0,0,0,-74.6994754793743,-9.33383841572682,-3.09169632038727,0,0,0
67,-609.902468187611,-10.904304905244,-10.8584473819269,2.94712164738988,0.292423137137624,0.246745688697023,-609.923932770068,-10.7166361074476,-10.7187039853229,2.95216145239766,0.292834861606887,0.238541891270689,-500,0,0,0,0,0,0,0,-75.3682796996294,-7.85021394579355,-2.41678115642315,0,0,0
68,-606.993121387181,-10.6158057192566,-10.6133910040485,2.87157196712648,0.284575234741176,0.24340956236223,-606.989511210388,-10.762973201913,-10.5929035081422,2.87016026292383,0.285073229315217,0.258769267700399,-500,0,0,0,0,0,0,0,-73.0370038716065,-6.98137652769569,-4.69111975375541,0,0,0
69,-604.158250688248,-10.3347200599162,-10.3727678611172,2.7981681629211,0.277596083793281,0.23787800001386,-604.295349623518,-10.2481420332857,-10.289047225161,2.79719147850289,0.282124829540088,0.255631251162462,-500,0,0,0,0,0,0,0,-71.1284486032533,-7.71619888743751,-4.98503066592427,0,0,0
70,-601.395847847002,-10.0609809931486,-10.1377744130189,2.72663609592903,0.26988204976945,0.232149113007626,-601.173943824832,-10.1271954055114,-10.1269822335791,2.73888770627585,0.251583162855796,0.221522056746086,-500,0,0,0,0,0,0,0,-71.5408829779201,-4.90392547455672,-1.8982412074504,0,0,0
71,-598.705062967643,-9.79354980781744,-9.90683425843022,2.65493407799846,0.264980320889808,0.229771495874478,-598.586250506865,-9.8615563786572,-9.94994711304009,2.6684499108289,0.26410494436717,0.232010051050852,-500,0,0,0,0,0,0,0,-69.6724900691601,-6.68738167940261,-3.30111087900506,0,0,0
72,-596.085104741303,-9.53191211255389,-9.67892591079826,2.5849820094485,0.258295069495639,0.226084506136745,-596.012855204032,-9.45504581090468,-9.78488682939278,2.59626980603446,0.250743519022911,0.223186410899417,-500,0,0,0,0,0,0,0,-67.6012701953829,-6.16426028048177,-2.74886743115619,0,0,0
73,-593.534044731725,-9.27669813831695,-9.45439684814436,2.51713794645378,0.252132878969555,0.223011732410778,-593.439566621314,-9.31283534937624,-9.42074052681662,2.50998368569188,0.257767699775064,0.230423498826623,-500,0,0,0,0,0,0,0,-64.1192353265605,-7.1510992787539,-4.20086882902903,0,0,0
74,-591.049154647308,-9.02813983244427,-9.23369518434128,2.45264126888111,0.244983733018552,0.218427814462996,-590.996963672368,-9.22912184282802,-9.27402963533871,2.45693649796632,0.26092685364676,0.213958331953294,-500,0,0,0,0,0,0,0,-63.6997224518949,-7.63444167901999,-2.847773924652,0,0,0
75,-588.628497727573,-8.78697234589238,-9.01681243025615,2.38867243609769,0.237351240056805,0.215373607777352,-588.814747962545,-8.99898119959192,-8.98219909306579,2.39059605252114,0.244337031403757,0.213055737191899,-500,0,0,0,0,0,0,0,-61.4301093270249,-6.43574074119183,-3.34117553305832,0,0,0
76,-586.270700492226,-8.55283803833117,-8.80321932270874,2.32692159539313,0.230917374937956,0.211847264747414,-586.287964122366,-8.61827981034965,-8.65859274283566,2.34022172409809,0.237276100639989,0.209875925782332,-500,0,0,0,0,0,0,0,-61.4462441650777,-6.49105044329959,-3.67040709256186,0,0,0
77,-583.974677683238,-8.32516525151031,-8.59321188599593,2.26512347834048,0.224428198582637,0.208202283615461,-583.979642071953,-8.22048459112257,-8.55313960686262,2.26856680374904,0.225529198578094,0.205998475624408,-500,0,0,0,0,0,0,0,-58.8973962309991,-6.11195067556431,-3.49356834871554,0,0,0
78,-581.739177279745,-8.1037921300102,-8.38676954919074,2.20587683524613,0.218318044403459,0.204715620143021,-581.679600032718,-8.15448986562643,-8.40226876652537,2.21334419471402,0.210361108647724,0.221846579220387,-500,0,0,0,0,0,0,0,-57.9752194059671,-4.7271311335195,-5.380120388988,0,0,0
79,-579.562549755473,-7.8878367729314,-8.18469482935407,2.14737669425848,0.213592669692807,0.199466619888998,-579.571325781405,-8.03141045179272,-8.23870813033544,2.12924926193396,0.217536827839618,0.207890942795017,-500,0,0,0,0,0,0,0,-53.7822746305856,-5.69086188037634,-4.31167801883082,0,0,0
80,-577.4422907273,-7.67708871734285,-7.9874279401317,2.09314030214651,0.207903441388524,0.195097554717317,-577.44273652647,-7.70412021453425,-8.03087648109705,2.09183472875209,0.197956764833539,0.203024279467947,-500,0,0,0,0,0,0,0,-54.2979998222687,-4.38743605428542,-4.24067498460055,0,0,0
81,-575.376524719972,-7.47137816911109,-7.79438001646766,2.0383907872949,0.203517655259378,0.191028966838821,-575.431333781409,-7.33533941779314,-7.86042824991869,2.0368561384747,0.197678142179054,0.18389566568436,-500,0,0,0,0,0,0,0,-52.8229462846532,-5.09713538231913,-2.66871006859859,0,0,0
82,-573.364703864169,-7.27040827464019,-7.60459428167148,1.9852508701654,0.19842213395373,0.188572264324313,-573.348600211252,-7.35730937120332,-7.6816634878946,1.9670961545707,0.21116064738569,0.185616132793468,-500,0,0,0,0,0,0,0,-50.0124150345667,-6.40144599616239,-3.19828630355764,0,0,0
83,-571.404648740382,-7.07518610164757,-7.41757116891743,1.9348589466272,0.192022212020229,0.185502170917417,-571.413668212668,-7.14486607484772,-7.37293696242359,1.94260466965379,0.186964867322699,0.18801527021263,-500,0,0,0,0,0,0,0,-51.4331305400437,-4.40675458257448,-4.05565309641583,0,0,0
84,-569.495734516244,-6.8853664855202,-7.23389298361689,1.88296873169836,0.187617020077696,0.181883241672459,-569.221365921893,-7.04973966549981,-7.21927035007113,1.87512580461258,0.195300071004028,0.169638894043437,-500,0,0,0,0,0,0,0,-49.0698486174725,-5.43052776940323,-2.52534870420148,0,0,0
85,-567.63746321647,-6.70046397957814,-7.05309825446258,1.83357389056674,0.182187991420334,0.179733849697757,-567.664071392397,-6.61785809189538,-7.05410068806431,1.81917214861918,0.196935796223884,0.178449511030991,-500,0,0,0,0,0,0,0,-46.5890720771237,-6.45786343859766,-3.73674972697048,0,0,0
86,-565.827410841978,-6.52150421227236,-6.87509316123631,1.78653013275292,0.175731543058836,0.176302643713439,-565.890885776493,-6.42498735696227,-6.69760726873585,1.79185454316695,0.172572052799117,0.194466451995876,-500,0,0,0,0,0,0,0,-47.4036827637091,-4.40723056598714,-6.05143066211593,0,0,0
87,-564.064923181885,-6.34797557142907,-6.70155217642738,1.73844327548454,0.171325738462519,0.17080620640519,-563.925282335995,-6.32526110870969,-6.53991401582694,1.73585781383353,0.167042224322755,0.178194954481887,-500,0,0,0,0,0,0,0,-45.735216711363,-4.05370021485608,-4.73966741653487,0,0,0
88,-562.34963286041,-6.17867599172839,-6.53285711028705,1.69213615432356,0.167273420792402,0.166609792098638,-562.266225810107,-6.13749860271393,-6.56962074873802,1.67916114830521,0.170869837928496,0.14824569519669,-500,0,0,0,0,0,0,0,-43.3836632103066,-4.81198658742175,-1.68532802219297,0,0,0
89,-560.679330192581,-6.01380789985688,-6.36687934146699,1.6484695969893,0.162462762970507,0.165370128983481,-560.746579950105,-5.97011947596675,-6.39760463142545,1.66734306263688,0.159984987887428,0.159234503224679,-500,0,0,0,0,0,0,0,-45.2411463634768,-4.05825983680933,-3.12824105961702,0,0,0
90,-559.053689902262,-5.85337357826454,-6.20269162148784,1.60281075603497,0.158405880351464,0.163030801947104,-559.011311295661,-5.6865662999521,-6.05171965852923,1.60467255857019,0.144869897438914,0.160722856347957,-500,0,0,0,0,0,0,0,-42.4446332656977,-3.11385714398717,-3.96884631773729,0,0,0
91,-557.472361282052,-5.69652398363879,-6.04132824909682,1.55984568531369,0.155293308922952,0.159719915836718,-557.472327809504,-5.62087273729729,-6.06927139829934,1.56754094149733,0.142710825881864,0.158937365005742,-500,0,0,0,0,0,0,0,-41.8094385307252,-3.0293371135918,-3.75519370397557,0,0,0
92,-555.933673112471,-5.54274470954672,-5.88313052261039,1.51752999111818,0.152265239236791,0.156699137206506,-556.133478224351,-5.56264781566477,-5.97318579410489,1.50731352707839,0.156475149571416,0.169742291740826,-500,0,0,0,0,0,0,0,-38.4643962591362,-4.52221932581206,-5.02785758587286,0,0,0
93,-554.43570595234,-5.39274000175796,-5.72869084675463,1.47840281559895,0.147744176250314,0.152202020499022,-554.635622481917,-5.3518327984248,-5.85457444674841,1.49292659777433,0.159188413545021,0.151315711657334,-500,0,0,0,0,0,0,0,-40.0214148135996,-5.21517575765255,-3.42242227223663,0,0,0
94,-552.977559599454,-5.24760280616219,-5.57780222698283,1.4378894116874,0.1425302147792,0.149597792280484,-552.944152556479,-5.14087396694563,-5.62928653099091,1.43446119588891,0.129202247411814,0.137291926634333,-500,0,0,0,0,0,0,0,-37.5578144759337,-2.63847680729014,-2.47061960145145,0,0,0
95,-551.558652344557,-5.10639125771965,-5.42910877374879,1.39992505222756,0.13989288207844,0.147810253305943,-551.563363456489,-5.2022403369356,-5.47926151670166,1.38911776257296,0.14175633712898,0.125501277051705,-500,0,0,0,0,0,0,0,-35.7850493443188,-3.77115303902678,-1.59160467176721,0,0,0
96,-550.176780850971,-4.96838340477908,-5.28179834602174,1.36381831810439,0.136122823832025,0.146830695087795,-550.206140252054,-4.80792996070704,-5.44889646920046,1.37493204455954,0.135213646222979,0.149709038156728,-500,0,0,0,0,0,0,0,-37.0809239518459,-3.90550470088384,-4.07311087727193,0,0,0
97,-548.831794482509,-4.83421277346022,-5.13656976370218,1.3261535472223,0.132218438650969,0.143647423790649,-548.893094057805,-4.93626675705576,-5.09641624187207,1.32618434224946,0.132893400638601,0.141910897060702,-500,0,0,0,0,0,0,0,-34.8322461093362,-3.41680654974858,-3.99825722232602,0,0,0
98,-547.523353840627,-4.70370221276992,-4.99454845471328,1.29072681546799,0.128802682665906,0.140414890085864,-547.402938822544,-4.64285950943665,-5.03815039153043,1.2887371304036,0.127881717757408,0.128425337907758,-500,0,0,0,0,0,0,0,-34.0678353952731,-3.50245275686752,-2.76623300771499,0,0,0
99,-546.249894171715,-4.57665023938002,-4.85513102017891,1.25619228187297,0.125301264466173,0.138439168544314,-546.218655961882,-4.4086650277474,-4.87958857710726,1.25148276384772,0.113286633235941,0.134209064375665,-500,0,0,0,0,0,0,0,-32.7109644610073,-2.51133326809927,-3.66172928335198,0,0,0
100,-545.010345971751,-4.45260414809166,-4.71815301873115,1.22290333900399,0.122790918360717,0.135535318294871,-545.021495149664,-4.51663743163798,-4.75049085249181,1.22134067232028,0.1047513651402,0.131153349888473,-500,0,0,0,0,0,0,0,-32.0910769326995,-1.44186165074404,-3.6143532838637,0,0,0
101,-543.803778366146,-4.33053367626144,-4.58403512237823,1.19023112263561,0.12135002502114,0.132718609370573,-543.751009101616,-4.3375977948113,-4.48216073266987,1.19039262071987,0.123892458971901,0.134025139235861,-500,0,0,0,0,0,0,0,-31.5372438687538,-3.71405030756751,-4.43819245824636,0,0,0
102,-542.629657412158,-4.21104020328524,-4.45312051313283,1.15800958362893,0.117636920862049,0.129128480936572,-542.561317571465,-4.08576424817132,-4.38977146249932,1.16641864674656,0.123256399119704,0.122018672746338,-500,0,0,0,0,0,0,0,-31.5192295317247,-4.15411141562774,-3.42232434963516,0,0,0
103,-541.487693757746,-4.09547986217279,-4.32523895056635,1.12591712635506,0.113483761291852,0.126652434758931,-541.551395866187,-3.98657057689813,-4.18317839393613,1.12889991938187,0.129361715426127,0.116188017470922,-500,0,0,0,0,0,0,0,-29.7872002058136,-4.96303038881644,-3.25244495921997,0,0,0
104,-540.376954323272,-3.98447716635284,-4.19979702479904,1.095561165084,0.108521630331222,0.124248230438624,-540.383244274566,-3.86812083282745,-4.25923983863597,1.10434180862743,0.0938617470257935,0.11979021695823,-500,0,0,0,0,0,0,0,-29.6676923136112,-1.64993303692445,-3.46054201855104,0,0,0
105,-539.296525446734,-3.87678005534276,-4.07681925941597,1.06529592528944,0.106872591750855,0.12172405586097,-539.498718757976,-3.81087651746243,-3.92913852378575,1.06990571701906,0.109776985247211,0.118989490333505,-500,0,0,0,0,0,0,0,-27.993134185954,-3.35594548979622,-4.04067198577902,0,0,0
106,-538.24556705488,-3.77158501674663,-3.95670320697746,1.03661980124207,0.103517485454206,0.11852391084692,-538.23055005516,-3.73528265305383,-4.02333078466241,1.02583822509007,0.103328052301063,0.114291620132065,-500,0,0,0,0,0,0,0,-26.1227223986867,-2.86223992399862,-3.3825004438817,0,0,0
107,-537.222319907175,-3.66949825816038,-3.83952554711532,1.00987371183644,0.100656031045654,0.115846185427331,-537.099097683754,-3.5484133061181,-4.0167792661297,1.00713579113665,0.101946765900803,0.107848452420702,-500,0,0,0,0,0,0,0,-26.5153837461574,-3.09784997784412,-2.75128670981075,0,0,0
108,-536.225977720176,-3.57039075117002,-3.72464417205377,0.982810289503633,0.097558982592428,0.113931512080415,-536.306100967863,-3.52666211535408,-3.86652465688222,1.00327895630575,0.0884587742885853,0.116842948672752,-500,0,0,0,0,0,0,0,-27.7156936948492,-1.79255319815037,-3.9512455535108,0,0,0
109,-535.257369168113,-3.47372762955696,-3.61215456075535,0.954405894027173,0.0957672605748171,0.111063398448567,-535.244650568959,-3.56538154017653,-3.65031886498752,0.949087584007396,0.102405079337681,0.111269790553693,-500,0,0,0,0,0,0,0,-24.4194572628222,-3.10974485341505,-3.82634132539422,0,0,0
110,-534.315524561963,-3.37951487627209,-3.50262779260905,0.929282275333303,0.0926582459274514,0.108003989256824,-534.324437594794,-3.22067844885134,-3.46307997936832,0.930380582917332,0.0988385344093997,0.115951633470101,-500,0,0,0,0,0,0,0,-24.3891831021458,-3.4424965432373,-4.66900338827351,0,0,0
111,-533.398844214684,-3.28857751688806,-3.3965388084355,0.904076941087458,0.0892164734730636,0.104187868262598,-533.391433641762,-3.27668048456099,-3.4900108113903,0.903705782688499,0.080356311541054,0.105939961181885,-500,0,0,0,0,0,0,0,-23.5877109853262,-1.48227018498342,-3.61397449540788,0,0,0
112,-532.506909640188,-3.20010182605376,-3.29375139926862,0.879791288085,0.0877349091248196,0.101400319531692,-532.627855010247,-3.00384763189272,-3.06553719759551,0.875248695045947,0.103334620404119,0.116088724826586,-500,0,0,0,0,0,0,0,-22.2691594841009,-4.3257667766264,-5.47779808746754,0,0,0
113,-531.638727856257,-3.11452947397285,-3.19471948596094,0.856570268446072,0.0834097960126967,0.0966762770768352,-531.775523177495,-3.06585970657345,-3.39685990311993,0.861829496103981,0.0830000403072881,0.102876990241359,-500,0,0,0,0,0,0,0,-22.6319032554084,-2.16828461758192,-3.49397921789606,0,0,0
114,-530.793825924768,-3.03220348220589,-3.09936634920973,0.83323273359747,0.0812421884692157,0.0940428239019331,-530.818765992533,-3.02904856118177,-3.19108585488375,0.819499762054453,0.064691268626308,0.0930070500575323,-500,0,0,0,0,0,0,0,-20.3124442203788,-0.411029740267267,-2.91853329598572,0,0,0
115,-529.971076878856,-2.9511665044666,-3.00647267188785,0.812264677328422,0.0808317677517933,0.0917560318968366,-529.926577132161,-2.91963434364867,-2.97490022449363,0.823668126806357,0.0726617067837765,0.101278299510842,-500,0,0,0,0,0,0,0,-22.5136584163132,-1.4269019910803,-4.17802950209696,0,0,0
116,-529.170471183439,-2.87104785369961,-2.91631229633143,0.788945524999712,0.0794055349736703,0.0885775252589691,-529.161624287067,-2.75152976390382,-2.873698351162,0.774001751162864,0.08482944931839,0.0959239364947249,-500,0,0,0,0,0,0,0,-19.0769265421529,-2.97988540403136,-3.84499694714849,0,0,0
117,-528.391462853907,-2.79313197946101,-2.82935266807852,0.769069906450563,0.0764262147496427,0.0853526105547984,-528.308755627365,-2.74364882400893,-2.83122068035012,0.757558619350683,0.083074400284469,0.0823896263082379,-500,0,0,0,0,0,0,0,-19.1383506803389,-2.82014238042903,-2.57652127012356,0,0,0
118,-527.632280225846,-2.71811554875688,-2.74495259694008,0.749294850971762,0.0736066472565901,0.0834583502311083,-527.459623131578,-2.82929931393316,-2.72676803259472,0.740758663290821,0.0666335922566384,0.0678365785387304,-500,0,0,0,0,0,0,0,-19.1566200659258,-1.00476059779752,-1.3301217886836,0,0,0
119,-526.89279991347,-2.645010990634,-2.66179550564477,0.729665987141774,0.0726024697843066,0.0828665652545961,-526.990940575061,-2.7105397313056,-2.62788704455489,0.725381783738261,0.0643608418380355,0.0673018106292627,-500,0,0,0,0,0,0,0,-18.5562972237039,-1.01500472119236,-1.4744069738165,0,0,0
120,-526.172660090428,-2.57291574175745,-2.579309913197,0.71061377178094,0.07158802876812,0.0821150261043379,-526.165165018859,-2.5909568607177,-2.75031002654106,0.703704412051739,0.0530418575750144,0.094249294677365,-500,0,0,0,0,0,0,0,-18.040111167456,-0.12227203606603,-3.92430941465439,0,0,0
121,-525.471482715417,-2.50138858305573,-2.49879329840214,0.691739728230175,0.0714662894203991,0.0789285085602056,-525.460470615966,-2.58806654977333,-2.67543284885592,0.688573703970695,0.0716800957637412,0.0826479686050418,-500,0,0,0,0,0,0,0,-17.9364291651384,-1.99187647682746,-2.91393116279233,0,0,0
122,-524.789062642269,-2.43091796434877,-2.42093894472954,0.673099739331662,0.0694749486570969,0.0767903664000681,-524.716043644704,-2.40761706504401,-2.46708150879396,0.671318865308359,0.070160687790034,0.0966870773523052,-500,0,0,0,0,0,0,0,-17.6997992414286,-2.20083464891538,-4.7345447176426,0,0,0
123,-524.125292985071,-2.36254317486818,-2.34611015857136,0.654437900718635,0.0672746312032331,0.0728773764607156,-524.011132022565,-2.36268602951782,-2.27127739690357,0.663704432342199,0.0750912406109854,0.0857137115274808,-500,0,0,0,0,0,0,0,-18.3481791890893,-2.7837520020629,-4.02881635894094,0,0,0
124,-523.480462143787,-2.29666014899867,-2.27476932796053,0.635222570485403,0.0644914207565688,0.0698147647719511,-523.218421655688,-2.22585278058707,-2.38858184887104,0.631658627283218,0.0599726734329689,0.0805038222353031,-500,0,0,0,0,0,0,0,-16.7290194169468,-1.54556178212276,-3.27321852578823,0,0,0
125,-522.853995686276,-2.23294126138163,-2.20619910234079,0.617709445344736,0.0629463552021979,0.0673352095679385,-522.934088492304,-2.20343426743824,-2.16815754417532,0.605084235140302,0.0625064391557672,0.0520915207862956,-500,0,0,0,0,0,0,0,-14.6402465294231,-1.84377538070024,-0.872836990278922,0,0,0
126,-522.243841578877,-2.17091657103789,-2.13903924510198,0.602599046324669,0.0611030263547289,0.0669926910403521,-522.190196813147,-2.14932326952941,-2.19169090895163,0.606168675296931,0.0508835150085547,0.0557181453726399,-500,0,0,0,0,0,0,0,-16.236473903399,-0.789704961796645,-1.18843271936074,0,0,0
127,-521.649609456789,-2.11020815061946,-2.07223992955016,0.585865445200774,0.0603138152497643,0.066615016685632,-521.470033693043,-2.00797083834685,-2.11041880036179,0.599690412719244,0.0594868058325439,0.0857340349134976,-500,0,0,0,0,0,0,0,-17.0289738858376,-1.93273890656068,-4.35256589062619,0,0,0
128,-521.072729302376,-2.05086045582594,-2.00729990509266,0.567893459716068,0.0583815751834825,0.0632747946533629,-521.211291911302,-2.03323404114301,-1.97478464879922,0.557923365885963,0.0657122227696113,0.060366752642211,-500,0,0,0,0,0,0,0,-13.3697527659919,-2.50475419467511,-2.08710596662266,0,0,0
129,-520.511851197453,-1.99373105823869,-1.94481446187512,0.553862317434785,0.0558772208258777,0.0617036634333199,-520.475634527784,-1.97357461461292,-1.98294645107947,0.55421792119563,0.0481042274763442,0.0454932233550695,-500,0,0,0,0,0,0,0,-14.4705230639955,-0.863273518408586,-0.583429433348001,0,0,0
130,-519.965440502696,-1.93828525303454,-1.88305345951837,0.53895956921902,0.0550143903820456,0.0618263913160036,-519.82445484517,-1.76502115435794,-2.03389560402616,0.539411900869872,0.0582619353368472,0.0643115462306324,-500,0,0,0,0,0,0,0,-14.2922803966471,-2.29615122496885,-2.36336341501091,0,0,0
131,-519.433973511392,-1.88441872531215,-1.82203898470173,0.523973939600926,0.0527186657692621,0.0602106511209711,-519.409888952386,-1.90639401906246,-1.90484366102284,0.53298393932864,0.0523583189381975,0.0474331653991249,-500,0,0,0,0,0,0,0,-14.4786160280917,-1.42304385569483,-0.933629217866813,0,0,0
132,-518.917479999272,-1.83241136126486,-1.76189519321862,0.509013426918991,0.0512960630807177,0.0600850045028987,-519.073267573018,-1.6983561807973,-1.67851247184917,0.506796980454873,0.0542227157288816,0.0517192276237674,-500,0,0,0,0,0,0,0,-12.5331628994504,-2.02555921129355,-1.81489781867841,0,0,0
133,-518.41504971318,-1.78212789025289,-1.70243342011165,0.495846862932151,0.0492708795608455,0.0588456190015888,-518.358651441445,-1.81124980014853,-1.67682927158538,0.499162330726312,0.0511703652834788,0.0704991717303961,-500,0,0,0,0,0,0,0,-13.1989301897415,-1.49453692805082,-3.69625862986885,0,0,0
134,-517.926257059467,-1.73360408705762,-1.64506989623397,0.48173720516368,0.047776727290743,0.0558890216136224,-517.832076723573,-1.89358649618135,-1.81122414812887,0.482560020814272,0.0408687816480097,0.0575663649496086,-500,0,0,0,0,0,0,0,-12.5918486342806,-0.299705172438278,-2.13418819870313,0,0,0
135,-517.451159661429,-1.68597702508992,-1.58991400141461,0.468457172365488,0.0474773976511238,0.0544298997386115,-517.574662393802,-1.72115115233383,-1.59337251573019,0.469771251231406,0.0595933807149506,0.0418824429249514,-500,0,0,0,0,0,0,0,-11.8278003355364,-2.51703576682739,-1.00149926103475,0,0,0
136,-516.988879791119,-1.63975796651197,-1.5356942306642,0.456102719864646,0.0449607208130842,0.0540162570036687,-517.004796202689,-1.66777679247724,-1.46367820718207,0.452474735875351,0.0524499387697108,0.0598176115990775,-500,0,0,0,0,0,0,0,-11.2378811821561,-1.90944029201659,-3.05440474554361,0,0,0
137,-516.538819783132,-1.59575180209587,-1.48292780218599,0.444016292588983,0.0430516086036027,0.0515230637196866,-516.537728654606,-1.46066186651416,-1.49868000457026,0.452208390627821,0.0347565731064904,0.0440401785157045,-500,0,0,0,0,0,0,0,-12.1453817535697,-0.554333577620731,-1.40665784242992,0,0,0
138,-516.10117028471,-1.55297717764574,-1.43175113433921,0.431282692694392,0.0424976412607724,0.0508370893106582,-516.131535272314,-1.59583072444461,-1.45417059246709,0.439386725365764,0.0406493396009268,0.0475674674442518,-500,0,0,0,0,0,0,0,-11.675601991949,-0.873272511203465,-1.848405559491,0,0,0
139,-515.676056722727,-1.51091599858428,-1.381494703071,0.418944153533186,0.0416247177664871,0.0496823664482156,-515.646417608605,-1.55070644387176,-1.4613945540163,0.42216061951034,0.0383961525100299,0.0544171026984777,-500,0,0,0,0,0,0,0,-10.9232267338239,-0.738202363259474,-2.51892116181516,0,0,0
140,-515.262963464339,-1.46966022157444,-1.33276324209894,0.407241670376303,0.0408868370618631,0.0477867949588033,-515.314087700486,-1.44257712388989,-1.41192976832055,0.403246934646449,0.0518190912866133,0.0484275138921089,-500,0,0,0,0,0,0,0,-9.69651806367224,-2.29675488088155,-2.01889185256979,0,0,0
141,-514.860929676201,-1.42992161895363,-1.28575844753087,0.396825392865777,0.0385903690597066,0.0462283181421848,-514.942733397899,-1.2591797524858,-1.34164414620852,0.396267955239736,0.0560136533599953,0.0245793426881607,-500,0,0,0,0,0,0,0,-9.74132872817582,-3.08300583102793,0.225354023600965,0,0,0
142,-514.469157680016,-1.39287260212279,-1.23918410360547,0.38671932519408,0.0355076653066707,0.0469257205451916,-514.435029228454,-1.55084048472994,-1.11039736436411,0.38233163788201,0.0446037649615758,0.0411446015752478,-500,0,0,0,0,0,0,0,-9.36310533129344,-1.3586955266977,-1.89366542879656,0,0,0
143,-514.087472217093,-1.35804414635444,-1.19297243371639,0.376651151549474,0.0341492471328289,0.0455029472121758,-513.992168826117,-1.48425827169607,-1.35213643133125,0.378574725882062,0.017400319825425,0.0502653354172681,-500,0,0,0,0,0,0,0,-9.87313493597196,1.22848456084963,-2.3222606790643,0,0,0
144,-513.716142404428,-1.32328051206928,-1.14833803507767,0.36600784927918,0.0353780221523658,0.043771491350065,-513.731588666753,-1.18120914814622,-1.16226259506957,0.372298077581058,0.0259343172942381,0.0515213119906842,-500,0,0,0,0,0,0,0,-9.76663042459922,-0.231013433131369,-2.82760600892928,0,0,0
145,-513.355446167164,-1.28801785507955,-1.10567612677046,0.355383729708814,0.0351472927806526,0.0415579526431543,-513.404425366853,-1.38775077854585,-1.05620096827559,0.342590188590333,0.0261009684063427,0.0508684052542641,-500,0,0,0,0,0,0,0,-7.45016812532671,0.16540471645742,-2.97443858887524,0,0,0
146,-513.004245972643,-1.25278775459864,-1.06547223298329,0.347015488915407,0.0353129091461029,0.0388542147291708,-513.181486516102,-1.309978136766,-0.909031044361842,0.352032216271885,0.0292794874519311,0.0274260932151163,-500,0,0,0,0,0,0,0,-8.84024859498439,-0.30799247166111,-0.924547232787945,0,0,0
147,-512.661934843132,-1.21762870843863,-1.0268337797513,0.337606849770066,0.0350051838607502,0.038427641510822,-512.715262596735,-1.08652210467944,-0.997067033418085,0.350110977574356,0.0365891490055653,0.012778877921982,-500,0,0,0,0,0,0,0,-9.5805725639654,-1.48587069119765,0.716246274637968,0,0,0
148,-512.329261597339,-1.1833663103381,-0.987736755498764,0.327740690489723,0.0335196133037615,0.0397716060370793,-512.343016885379,-1.06784403197369,-0.919813008853266,0.326799852087559,0.0228553144097808,0.042555741242224,-500,0,0,0,0,0,0,0,-7.99395143799788,-0.149843377030701,-2.41594810651587,0,0,0
149,-512.005929625625,-1.14992150311411,-0.94895643593565,0.318922468211145,0.0333700018033518,0.0377936515418771,-512.080643024475,-1.13600191284343,-1.13821128892452,0.31261346322441,0.0472801679531487,0.0606491639523504,-500,0,0,0,0,0,0,0,-7.100060273492,-2.45601296962801,-3.788493817386,0,0,0
150,-511.691092535644,-1.11777941037873,-0.912891626489734,0.310750111577993,0.0309141846686067,0.0343402269850016,-511.536939813545,-1.01472117462639,-0.914902177839067,0.305758681628925,0.0206373758636267,0.0437058123885643,-500,0,0,0,0,0,0,0,-7.50198853580336,-0.0342952371098866,-2.5407768831783,0,0,0
151,-511.384525505808,-1.08688226605968,-0.87961867331709,0.302383073330769,0.0308801053566941,0.0322100465728836,-511.344191539588,-0.979949064933026,-0.934218330540738,0.290331924339869,0.0334839760031475,0.0420082473555835,-500,0,0,0,0,0,0,0,-6.34480935481184,-1.3884994704487,-2.33238807447688,0,0,0
152,-511.085740272865,-1.05669632008345,-0.848458257591726,0.295186532424543,0.0294917873749777,0.0301145024835214,-511.055169079729,-1.11299865218429,-0.704707965606465,0.298482353583096,0.0281842541536178,0.0309310861179756,-500,0,0,0,0,0,0,0,-7.7378971988521,-0.592428110993207,-1.68369268058463,0,0,0
153,-510.794785096623,-1.02750063295394,-0.818943753899728,0.286723450309797,0.0288995877482275,0.0289189129093699,-510.701336974269,-0.898636722335458,-0.759052878063272,0.296327497562833,0.0248635269003986,0.0340511070591025,-500,0,0,0,0,0,0,0,-8.23007580774465,-0.689079245368939,-1.88700494978371,0,0,0
154,-510.512553997368,-0.998945464206417,-0.790669485513541,0.277738325597253,0.0282107509271914,0.0276343150488875,-510.628096265609,-0.805617760017131,-0.902302547516874,0.273529469870892,0.051110594146114,0.030767986020005,-500,0,0,0,0,0,0,0,-6.09675445587111,-3.49982389457714,-1.27219350696675,0,0,0
155,-510.238205580377,-0.972484535507879,-0.763547332727224,0.27095822661825,0.0247111073939702,0.0266134696549832,-510.261966329849,-1.09123161915089,-0.795431762907652,0.26639227315879,0.0247929558174046,0.0278376079953173,-500,0,0,0,0,0,0,0,-6.11529465618025,-0.296832343438688,-1.19289727371642,0,0,0
156,-509.970640286114,-0.947921753919361,-0.737394952038772,0.264172132881518,0.024414456474057,0.0256947717458201,-509.786549329172,-0.875952935037074,-0.681765213271387,0.238675048373259,0.0275631338312022,0.0428654201139977,-500,0,0,0,0,0,0,0,-4.29440617898273,-1.00440751304607,-2.923011584857,0,0,0
157,-509.709116791034,-0.924009444338519,-0.71316187961365,0.258873527306367,0.023410163522658,0.0227740318096843,-509.631822577566,-0.731266897253445,-0.713771056648693,0.265771509704121,0.0189319061504936,0.0216840225493675,-500,0,0,0,0,0,0,0,-7.31350581528092,-0.430656820542471,-0.740860141639361,0,0,0
158,-509.454189692446,-0.900814499069174,-0.690501705734221,0.250980816364293,0.0229797278885582,0.0225503975550071,-509.430585620732,-0.955599088473401,-0.928031925430765,0.248938111633742,0.0209500970770612,0.0138065171039576,-500,0,0,0,0,0,0,0,-6.03263992191059,-0.183811530759319,0.475412140465771,0,0,0
159,-509.206416803376,-0.877926582731893,-0.667567887012601,0.24456564943333,0.0227961054926629,0.0233205112203176,-509.359225867511,-0.892405535064247,-0.593423457799702,0.233371954967519,0.0237241952573213,0.0397200472533727,-500,0,0,0,0,0,0,0,-4.61874376173042,-0.58760845560364,-2.78515780973787,0,0,0
160,-508.96465201052,-0.855424219082087,-0.645584341574423,0.238962735302472,0.02220862245495,0.0206494031898927,-508.901262797924,-0.837527038614595,-0.602564081974871,0.235830368035541,0.0223464837247154,0.0240256907024275,-500,0,0,0,0,0,0,0,-5.78051120770659,-0.559594295242349,-1.197440906293,0,0,0
161,-508.728922825836,-0.833495308710715,-0.625378272861138,0.232495409237915,0.0216491992159146,0.0197660260568568,-508.742733954551,-0.861462512488484,-0.418393385289862,0.239036023558406,0.036707186933221,0.0097531636489084,-500,0,0,0,0,0,0,0,-6.41813444673829,-1.94779366834514,-0.138529594311117,0,0,0
162,-508.499879713201,-0.812819908101676,-0.605467410123635,0.225591232196566,0.0197016028077599,0.0200592292930482,-508.468458695928,-0.813050250933859,-0.569673875345538,0.231625450866469,-0.00251343029831723,0.0302386868911467,-500,0,0,0,0,0,0,0,-6.2256276947904,1.87744353169944,-1.88452093842359,0,0,0
163,-508.277803253324,-0.792179493960371,-0.586128745671421,0.218561153354806,0.021579226903779,0.018621695948858,-508.295877908955,-0.824517835664658,-0.706652323724017,0.221774586347555,0.00807574507720712,0.0180361638719142,-500,0,0,0,0,0,0,0,-5.58570281684471,0.841461163608605,-0.390311739743386,0,0,0
164,-508.062307502235,-0.770179451820619,-0.567540686778099,0.212430562904356,0.0224208580767441,0.01855752564208,-508.16111043439,-0.636333552931664,-0.440915571618315,0.210884372563351,0.0445254233936781,0.0105270582234406,-500,0,0,0,0,0,0,0,-4.76621638755525,-3.17987523350448,-0.17087467910743,0,0,0
165,-507.852518829927,-0.749348458567251,-0.548974862464465,0.20714703770347,0.019241128913654,0.0185767596448257,-507.762354286499,-0.618394199696872,-0.377516081019514,0.227156424363287,0.0278599298518796,0.0098085235651044,-500,0,0,0,0,0,0,0,-7.19093386332985,-1.54920458579422,-0.225820194471411,0,0,0
166,-507.649209456849,-0.730881822072146,-0.530184960973766,0.199472185526893,0.017692144901758,0.0190069859290826,-507.745149692202,-0.712387224391056,-0.561958881629292,0.19941587088433,0.0282474021320138,0.0196600275443415,-500,0,0,0,0,0,0,0,-4.45128770402904,-1.39996576441927,-0.842084991175561,0,0,0
167,-507.452284769557,-0.713889594369709,-0.51151027889105,0.194377067318869,0.0162923113532048,0.0183449150609455,-507.580614692582,-0.873867794145614,-0.623568258573192,0.20040225615281,0.0236264543697571,0.0181483809838995,-500,0,0,0,0,0,0,0,-4.87899623011686,-0.614909848684478,-0.567701581243571,0,0,0
168,-507.260640003659,-0.697904664820684,-0.493315339091416,0.18891253796874,0.0156775486126079,0.0180476945951022,-507.348868188935,-0.608995046374902,-0.518724019289487,0.188080036717434,0.00833200361913735,0.0161264637322365,-500,0,0,0,0,0,0,0,-4.11026729387389,0.38478973083607,-0.575198334644677,0,0,0
169,-507.074082715015,-0.682034660123538,-0.475485351168326,0.184202036510405,0.0160624616756157,0.0176146001204227,-506.916486907523,-0.632660546103687,-0.46176077404371,0.181637122376964,0.017683959703171,-0.00270640244071584,-500,0,0,0,0,0,0,0,-4.33073842265085,-0.503074878109729,1.194161792159,0,0,0
170,-506.892176982871,-0.666223665776063,-0.457191928403647,0.17961040088607,0.0155595278292877,0.0189744971269105,-506.872554013873,-0.65803336563267,-0.301358362435548,0.168960918447591,0.0212712344140386,0.0227288797464815,-500,0,0,0,0,0,0,0,-3.15098381701402,-0.811056710138518,-1.67017124977706,0,0,0
171,-506.714553068675,-0.651069623402323,-0.439050033849785,0.17563674987235,0.0147485580973603,0.0173112096266822,-506.514446849599,-0.603966825963293,-0.59926528076198,0.173181066998074,-0.0058544897329154,0.0233575831682569,-500,0,0,0,0,0,0,0,-4.28921300060926,1.79338262521813,-1.13722775530173,0,0,0
172,-506.541412482483,-0.635424311677176,-0.422195351560239,0.170644152431584,0.0165420661110703,0.0164006194410855,-506.529594736384,-0.594911058425801,-0.302170258009332,0.172676024983177,0.0246513132998068,0.031844226134964,-500,0,0,0,0,0,0,0,-4.20841302554912,-1.27530921312907,-2.58008209747773,0,0,0
173,-506.37336436695,-0.619519843585706,-0.406959580478644,0.165451035986683,0.015266870913201,0.0140735004593726,-506.402592618563,-0.45689042377928,-0.359117760342504,0.16495460181524,0.0185240251700379,0.0135292831994918,-500,0,0,0,0,0,0,0,-3.69027494439704,-0.938621669445233,-0.634692799264171,0,0,0
174,-506.210070293985,-0.604722229035319,-0.393138925828338,0.161137058436376,0.0143283592442383,0.0135699025845173,-506.27914052461,-0.613292732323967,-0.465417775419763,0.163758753412892,0.00345272639641202,0.018061151714254,-500,0,0,0,0,0,0,0,-3.81759429206907,0.881312825006731,-0.875279620585876,0,0,0
175,-506.051176148395,-0.589953157692604,-0.379921226356041,0.156651071338148,0.0152097845194438,0.0128676830594376,-505.792085820908,-0.71752879894695,-0.348796978229389,0.142365676108351,0.011618830344643,0.0044185544319181,-500,0,0,0,0,0,0,0,-2.65239596901943,0.273174563429599,0.255738513266968,0,0,0
176,-505.896086599896,-0.574606744402162,-0.36695843182767,0.153528348990234,0.0154830425285427,0.0130593481456814,-505.96036090806,-0.450162955403265,-0.233392704853553,0.153364228230078,0.0233790837895624,0.00443917793405118,-500,0,0,0,0,0,0,0,-3.41570100688757,-1.43758246814971,0.0228676163019883,0,0,0
177,-505.744515917516,-0.559842440692438,-0.353838809058441,0.149613299457499,0.0140455656353543,0.0131817709422003,-505.881046616034,-0.66319558395604,-0.316727744209843,0.161173134474329,0.0203437204108768,0.00465948424425115,-500,0,0,0,0,0,0,0,-4.35522021536589,-0.7079808731756,0.16750706399457,0,0,0
178,-505.597305633803,-0.546150797866009,-0.340427449686409,0.144807734051272,0.0133377202262476,0.0136433031354007,-505.655769279632,-0.380274601279899,-0.452941329388415,0.138040466556562,-0.00323715608066287,0.0162990219936511,-500,0,0,0,0,0,0,0,-2.49250809639157,1.08426481062609,-0.724019540588279,0,0,0
179,-505.454075225496,-0.532270909494505,-0.327169370407534,0.141652877586997,0.0144220575116028,0.0128743137468103,-505.3745775626,-0.499069878192727,-0.194367239466412,0.156935459728303,0.00446334516907461,0.00993408303361015,-500,0,0,0,0,0,0,0,-4.94439084763125,0.551805239477993,-0.604673824428191,0,0,0
180,-505.315189627786,-0.51757287576329,-0.314372628237218,0.136118445175942,0.0149740116502907,0.0127219223420233,-505.210526166259,-0.525750101353582,-0.257899463908147,0.121208481291731,0.0170776240563545,0.0170880863523418,-500,0,0,0,0,0,0,0,-1.69979579665537,-0.656262202928281,-1.19300970741788,0,0,0
181,-505.180307873313,-0.502926972901322,-0.302333876643824,0.133644532173551,0.0143177945677493,0.0113566670404998,-505.171974471145,-0.351343002561912,-0.205244843887113,0.131491473705588,0.0363405968802213,0.000950650789622032,-500,0,0,0,0,0,0,0,-2.80519842826878,-2.9313736828983,0.315424608812022,0,0,0
182,-505.048290776262,-0.49007482121927,-0.290806865762021,0.130390055875605,0.0113865094160073,0.0116988645282976,-505.003856646068,-0.522171557367681,-0.196806972544398,0.121251320372898,0.0125980496218019,0.00648814468800624,-500,0,0,0,0,0,0,0,-2.11741874515322,-0.215461847444826,-0.255200523711828,0,0,0
183,-504.919248076591,-0.478796011220196,-0.279282291985181,0.127695361568851,0.0111711113603513,0.0113514848074604,-504.853352770267,-0.600632072815082,-0.182225423594586,0.12027167462455,0.00675705735469479,-0.0204389853180349,-500,0,0,0,0,0,0,0,-2.32046192192033,0.525558410160685,2.40834937899267,0,0,0
184,-504.792727791564,-0.467362077876257,-0.266776997711874,0.125346665464779,0.0116967562260226,0.0136601184648667,-504.645632236022,-0.597006073630638,-0.28456879293823,0.121187956945186,0.0144235068287773,-1.85060777001932E-05,-500,0,0,0,0,0,0,0,-2.82753122247469,-0.248338535616456,0.570988193646478,0,0,0
185,-504.66898832044,-0.455789445744648,-0.252807211573199,0.12213281776356,0.0114485084816253,0.0142809395362188,-504.794605951093,-0.341965866808548,-0.222241439687761,0.135000997344452,0.0134469763229997,0.00952841444937847,-500,0,0,0,0,0,0,0,-3.91088783225907,-0.660765898682874,-0.508358565562325,0,0,0
186,-504.549102337732,-0.444671261775358,-0.238628617844992,0.117639240223776,0.0107878601735828,0.0140784302577738,-504.612033741833,-0.484746280732525,-0.348428203650761,0.108489875036368,-0.0038890807586474,0.0108479345784112,-500,0,0,0,0,0,0,0,-1.62492001997113,1.35840063732979,-0.387937050539599,0,0,0
187,-504.432578952146,-0.433204178158983,-0.224823835731315,0.115407435514914,0.0121463085793366,0.0135320869691513,-504.373495971058,-0.411715435990963,-0.27865314886365,0.11059652492477,0.000985116348475173,0.00834628265989005,-500,0,0,0,0,0,0,0,-2.31266055036157,0.72491923713441,-0.277321968261705,0,0,0
188,-504.318612487409,-0.420695375421405,-0.211436849943051,0.112525537638916,0.0128712974965246,0.0132431890194179,-504.350434646798,-0.445070644305077,-0.173404130033835,0.120953523938595,0.00756040454173235,0.0108767886210302,-500,0,0,0,0,0,0,0,-3.39448310026394,0.134100834436919,-0.740870602035346,0,0,0
189,-504.208105230743,-0.407756977823997,-0.198448309442203,0.108488899239291,0.0130054985479963,0.01273582007143,-504.18865679626,-0.503743788529662,-0.169398792292817,0.102251574564252,0.0140838991138933,0.0118124270621879,-500,0,0,0,0,0,0,0,-1.84784386390569,-0.400902334330005,-0.842445121633158,0,0,0
190,-504.100889499506,-0.394951904777804,-0.186173626334101,0.105942262405248,0.0126046480612119,0.0118146689585946,-504.146813312605,-0.591714005728933,-0.20094908309252,0.115075414766852,0.0158760758354493,0.0173618463264365,-500,0,0,0,0,0,0,0,-3.21391485147452,-0.404179572087059,-1.33428646645861,0,0,0
191,-503.996940888248,-0.382549301447049,-0.174912733550616,0.101954557942076,0.0122005594793019,0.0107090162615375,-504.091193419446,-0.326498441524073,-0.233286976133574,0.116883763712415,0.0170274651404861,0.00784590261190073,-500,0,0,0,0,0,0,0,-3.50598953235025,-1.04974963100046,-0.318016308922924,0,0,0
192,-503.897015966362,-0.370873564217882,-0.164224231937113,0.0978954583403839,0.0111509161146459,0.0106699239846625,-503.976394241101,-0.415256610131313,-0.0411228365294351,0.0946260929815481,0.0165159908948783,0.0158682149870349,-500,0,0,0,0,0,0,0,-1.50982081595203,-0.821085869225202,-1.50457582564462,0,0,0
193,-503.800301183101,-0.360133172665587,-0.154361674625543,0.0955334299809115,0.0103298675813917,0.00905620876705759,-503.975008357783,-0.421108470819837,-0.0966044129585275,0.0921707943998143,-0.00213636430994021,-0.00678292477382367,-500,0,0,0,0,0,0,0,-1.26706272441476,1.0558533726337,0.871501303299422,0,0,0
194,-503.705577027591,-0.349275356784346,-0.144975444991413,0.0939154306785874,0.0113857654311438,0.00971686818670947,-503.650468666798,-0.33320927535699,-0.0165140338138105,0.0839854492756298,0.00912307472773768,0.00933512564938655,-500,0,0,0,0,0,0,0,-1.09760759396649,-0.245888922059788,-0.900484497311034,0,0,0
195,-503.612577502609,-0.33801252189561,-0.135810125770699,0.0920832158118253,0.0111399048480788,0.00861450321763735,-503.554476863587,-0.396580093541654,-0.145041706326462,0.0820980534475459,0.0145130127606917,-0.000550632296448573,-500,0,0,0,0,0,0,0,-1.10085161758,-0.658141088985862,0.345146642297781,0,0,0
196,-503.521278073708,-0.32720167027814,-0.127136593462546,0.0905158971077215,0.0104817998712331,0.00873314978939599,-503.577647779201,-0.242579008357099,-0.117873969513002,0.105431171348148,0.015464766024121,0.00136599927454163,-500,0,0,0,0,0,0,0,-3.38782157641319,-1.0613185856979,0.0991480115718422,0,0,0
197,-503.432688043582,-0.317250477745043,-0.118213786807208,0.08666455915014,0.0094205864701271,0.00911428404945491,-503.404770749198,-0.275892166930205,-0.184657947605855,0.0847324267589168,0.01305609602237,0.0180769051058974,-500,0,0,0,0,0,0,0,-1.66370117749635,-0.753825268376586,-1.43837461537803,0,0,0
198,-503.347275121406,-0.308206783373157,-0.109843093875304,0.0841606726383473,0.00866680369740359,0.00762819543195625,-503.139748995486,-0.5233461558493,0.0171475980344601,0.092854339922395,0.00456708603128224,-0.00356777523145764,-500,0,0,0,0,0,0,0,-3.00593600126772,0.589983708570376,0.322482327076844,0,0,0
199,-503.264829109448,-0.299244940804372,-0.101948820563524,0.0807318261868167,0.00925688218054768,0.00816194244696777,-503.246833521949,-0.428323251692234,-0.112497457630384,0.0838316892434615,0.0114416724371565,0.000824479123245938,-500,0,0,0,0,0,0,0,-1.88950188044863,-0.287520740331177,0.142547002936175,0,0,0
200,-503.185285961113,-0.290131789915957,-0.0937270430634809,0.0783547212934935,0.00896942064294422,0.00828263467072887,-503.117979967652,-0.165744928029495,-0.189481104526761,0.0795330316340774,0.00455968910309897,0.00111297591689741,-500,0,0,0,0,0,0,0,-1.71734322810364,-0.124479054250907,0.267664617363781,0,0,0
201,-503.108021347242,-0.281224581930471,-0.085339606646445,0.0761748053054998,0.008844996244771,0.00849315589008881,-503.161811885889,-0.291420916959577,-0.168295961349806,0.0719199703056147,0.0124049476332266,-0.00227938002011481,-500,0,0,0,0,0,0,0,-0.868373258783141,-0.657652929403508,0.564529924711093,0,0,0
202,-503.032488868076,-0.272708397289034,-0.0766888263091333,0.0748905069603924,0.00818737359440311,0.00880883743007854,-502.866396209067,-0.224070887404498,-0.139707759997125,0.0741690584911687,0.00980221300103748,0.0153814381025362,-500,0,0,0,0,0,0,0,-1.68411343098303,-0.532079525294752,-1.25872829025937,0,0,0
203,-502.958841312944,-0.264787041681918,-0.068518177983969,0.0724041014970652,0.00765533830096114,0.00753353956685177,-502.984401041854,-0.230144419232756,-0.141031859464879,0.0542220752457901,0.0101239939616431,0.0182701397535548,-500,0,0,0,0,0,0,0,0.54659455912893,-0.552110557698802,-1.54495025642572,0,0,0
204,-502.886627119741,-0.257407772345773,-0.0620100030669753,0.0720233668769216,0.00710320135516179,0.0054827574886267,-502.946842152058,-0.201864298042939,-0.0617253705313049,0.0625690928936409,0.00840918915315489,-0.0135977273170022,-500,0,0,0,0,0,0,0,-0.363224985248608,-0.437190319229611,1.48322347276283,0,0,0
205,-502.81489725947,-0.250523156198953,-0.0559750334022681,0.0714371312088318,0.0066660313810635,0.00658724157098756,-502.697359516126,-0.418079586150618,-0.0489407228461551,0.0892894096762474,0.00144060237755655,0.00403733306771337,-500,0,0,0,0,0,0,0,-3.53422193537268,0.692098934545581,-0.305851861079027,0,0,0
206,-502.745498515688,-0.243511022451415,-0.0493464834939977,0.0673605835560174,0.00735823752809153,0.00667178972639693,-502.787331078749,-0.207855982141244,-0.213211326620135,0.0650573966564144,-0.000525156307215817,0.00349183913448203,-500,0,0,0,0,0,0,0,-0.931077508143231,0.46822759500407,0.0772387397920677,0,0,0
207,-502.678864689945,-0.235918656956305,-0.0427380586352399,0.0659071820174811,0.00782649433935387,0.00654558453786847,-502.639919365219,-0.0647260093063308,-0.120002089537467,0.0741266897544013,0.000224979773377895,0.00521311196727683,-500,0,0,0,0,0,0,0,-2.1328302450017,0.106954041274872,-0.281307017652749,0,0,0
208,-502.614309897892,-0.228038653948148,-0.036291040526469,0.0632024780145268,0.00793351248256035,0.0063496461090915,-502.820402301443,-0.391988187880104,0.113608675907822,0.0603469611887998,0.00404120970544028,-0.0229085653869403,-500,0,0,0,0,0,0,0,-0.393891515993225,0.379855405216181,2.06363918687839,0,0,0
209,-502.551343510854,-0.219915201852093,-0.0290955964752088,0.0627313829911411,0.00831339275374588,0.0080412408680165,-502.68182054452,-0.128410150092117,-0.0867428162726304,0.0464278750834473,0.0144547406566849,0.00608467826120718,-500,0,0,0,0,0,1,0,0.720853580694376,-1.18865376548426,-0.434982193575457,0,0,0
210,-502.488591672045,-0.212196148498461,-0.0215529018441293,0.0627719414212844,0.00712471406169003,0.00704387284310992,-502.645735807001,-0.283054609736585,0.0183193638788469,0.0624957552556156,0.0127253855970425,0.00665081234467518,-500,0,0,0,0,0,1,0,-0.958103911559754,-0.706429340231077,-0.701719962225212,0,0,0
211,-502.426647823168,-0.205424636873765,-0.0149430859371259,0.0611154733011434,0.00641830997559527,0.00617639379420631,-502.45960141865,-0.222966818296901,0.0423781483657802,0.0677683532002765,0.0142346962951367,0.00589415109461312,-500,0,0,0,0,0,1,0,-1.85763248272735,-0.97753599291987,-0.674171406192873,0,0,0
212,-502.366795426413,-0.199495068884948,-0.00908048820677104,0.058589165053747,0.00544082716704782,0.00554989853164123,-502.20829920876,-0.0681169069672388,-0.00731474644455903,0.0651693326796901,0.0127696565200426,0.015863175558822,-500,0,0,0,0,0,1,0,-2.10033485044999,-1.14073183806979,-1.57168806299308,0,0,0
213,-502.309692966427,-0.194624580451131,-0.00424889869093167,0.0556151669563928,0.00430015048276228,0.00411461766627175,-502.220024037893,-0.120359768408693,0.0191067866939974,0.0691202685904199,-0.0113629235822255,-0.00234903982498143,-500,0,0,0,0,0,1,0,-2.47197878325648,1.37701189503994,0.196690409110148,0,0,0
214,-502.255538647597,-0.189635885728526,5.44878653664733E-05,0.0526938520083012,0.00567723988761836,0.00449346404869488,-502.239518424775,-0.23482549108176,0.108900884131183,0.0459689361694225,0.00834841998719305,-0.0139343324884342,-500,0,0,0,0,0,1,0,-0.117856767392509,-0.365191016555785,1.17563148058106,0,0,0
215,-502.203045097194,-0.184141236432413,0.00493788246179363,0.0522938419886058,0.00531205974685599,0.00527328544145433,-502.250423657671,-0.315906700364704,-0.14636196078071,0.0607097223440303,-0.01008267654734,-0.00600137527458399,-500,0,0,0,0,0,1,0,-1.57012491906084,1.64008105546341,0.892861449019818,0,0,0
216,-502.151688683313,-0.17800910957786,0.0106361014996759,0.0504196172668407,0.00695219477019289,0.00612390202806612,-502.254826491594,0.0269419730971157,0.116674773892436,0.0523864168393863,0.000825458715121727,0.00858263211426943,-500,0,0,0,0,0,1,0,-0.728988700750342,-0.136429817706404,-1.09161275921182,0,0,0
217,-502.102032908126,-0.17112512204449,0.0161232767500024,0.0488914297764408,0.00681578073026446,0.00485100723160603,-502.187797031019,-0.177447065310803,-0.026201542698576,0.0454290406163542,0.00588471420882184,0.0262356661870354,-500,0,0,0,0,0,1,0,-0.167309999597331,-0.233577290260578,-2.57116353330639,0,0,0
218,-502.053811417066,-0.164426135768913,0.0195537324364645,0.0475502134666131,0.00658219277512753,0.00201036638332419,-502.007931199894,-0.213119452969549,-0.0736643845731969,0.0264602433513283,0.0144889875215084,-0.00180909610326006,-500,0,0,0,0,0,1,0,1.36983806465554,-1.02265984621175,0.328238379472399,0,0,0
219,-502.005840332954,-0.158355293557862,0.0213671046494499,0.0483919216536208,0.00555949266954241,0.00161567695651643,-501.943169610791,-0.176925892941216,0.00353504785591104,0.0422181037677018,0.00533368899760551,0.00691334046048793,-500,0,0,0,0,0,1,0,-0.335471155188373,-0.179517113878119,-0.698404141760615,0,0,0
220,-501.957979063009,-0.152885556866838,0.0224916309069783,0.0473302725376395,0.00537998161294702,0.000633687715585585,-502.082074359232,-0.00271321018396684,-0.0977061234793231,0.0385329370391204,0.0174617019365976,-0.00659541753385927,-500,0,0,0,0,0,1,0,0.310855014552462,-1.74074377329183,0.854954000344573,0,0,0
221,-501.910678499985,-0.148375949863373,0.0233101450666948,0.0472712290236458,0.00363923350643598,0.00100312124302149,-501.92310051414,-0.500208173109284,0.174692518764748,0.066754919707241,-0.00165805557924367,0.00823607521487105,-500,0,0,0,0,0,1,0,-2.82929094244342,1.16622190414293,-1.1729925590166,0,0,0
222,-501.865205676637,-0.144153565665509,0.0238966940699934,0.0436741527375245,0.00480553552260745,0.000171640099169146,-501.746010864428,0.0399075327845512,0.093507261381827,0.0502618969704508,0.0230232436358546,-1.72637752027205E-05,-500,0,0,0,0,0,1,0,-1.53416796818896,-2.38213942915456,-0.185288145243382,0,0,0
223,-501.822582029375,-0.140539077220706,0.0239771093364604,0.0415732199082387,0.00242344230349783,-9.95028164096912E-06,-501.676339556721,-0.156483357274296,0.0543837267787895,0.0351824537805596,0.000689051478011975,-0.00919744119068453,-500,0,0,0,0,0,1,0,-0.165566264614374,0.244061566747395,0.810976665510874,0,0,0
224,-501.781273292405,-0.137993599877902,0.0241931625886807,0.0410446719003003,0.00266751397532613,0.000442089161708403,-501.836589679091,-0.0721512630151964,-0.0311395529094841,0.0453132659462904,-0.0136520221983432,0.00820060366714896,-500,0,0,0,0,0,1,0,-0.858147236446151,1.50950474586472,-0.757781260895928,0,0,0
225,-501.741021016383,-0.134571323004956,0.0241866996841355,0.0394595800534472,0.00417704054475368,-0.000454424374266571,-501.730527261077,-0.0889074124902957,0.0752291120015075,0.0237639200131746,-4.18888085945103E-05,0.007362767687635,-500,0,0,0,0,0,1,0,1.08466252083606,0.182003705840042,-0.886734992766515,0,0,0
226,-501.701429636957,-0.130303300693419,0.0229822760520402,0.0397225578948676,0.00435900531216952,-0.00195481362460492,-501.786493696271,-0.0485115692577414,-0.0809760062930961,0.0312420749101203,-0.000648384953204559,0.00422051877576223,-500,0,0,0,0,0,1,0,0.44877990153056,0.161861633835939,-0.260099864990031,0,0,0
227,-501.661807100856,-0.125863372619708,0.0206588806019483,0.0395223010424216,0.00452085149399996,-0.00269211820245741,-501.671258072445,-0.0262160829782572,-0.028969120332802,0.0543689059526268,0.0115452950076791,-0.00312880371752701,-500,0,0,0,0,0,1,0,-2.09437445037183,-1.1020973348114,0.370818612418305,0,0,0
228,-501.623537875744,-0.121893536480673,0.018220987587452,0.0370165968595523,0.00341882108962935,-0.00218258940092664,-501.516923310435,-0.175588497624348,-0.087309803080941,0.0354880526066091,0.00218826127282321,0.00281495652465217,-500,0,0,0,0,0,1,0,-0.514958639790787,0.132350867966374,-0.106876046303335,0,0,0
229,-501.587068489619,-0.11840853248086,0.0158664797781975,0.0359221692648041,0.00355118719787881,-0.00252609713885688,-501.615376897654,-0.0151169876200227,0.0402821980966083,0.0160583521402702,0.0126235625220052,-0.0159368518568993,-500,0,0,0,0,0,1,0,1.62491858127999,-1.23212227696047,1.51312078949671,0,0,0
230,-501.550454060277,-0.115473427438318,0.0136837459075249,0.0373072291268806,0.002319024081488,-0.00184035254938208,-501.591237212401,-0.238785785614232,0.0415060663551259,0.0374555988839423,-0.00256919133788419,0.00125945499622438,-500,0,0,0,0,0,1,0,-0.56308546359135,0.734490705016884,-0.20895763233269,0,0,0
231,-501.513729171847,-0.112787150345045,0.011627533938519,0.0361424958291143,0.00305353088126819,-0.00227170294370582,-501.534375391135,-0.0803793648687457,0.0221954709168101,0.0592343674954486,0.00505132695380519,-0.000766840448715048,-500,0,0,0,0,0,1,0,-2.85468596727571,-0.344373965643028,0.0322931030378846,0,0,0
232,-501.479246765714,-0.109905762754204,0.00954880027753126,0.0328226973477887,0.00270924522900436,-0.00188425463172115,-501.563909557868,-0.15642686657243,-0.0629457254719984,0.0398054063654668,0.0131162952085761,0.0102947030324961,-500,0,0,0,0,0,1,0,-0.852721520810933,-0.998775787712748,-0.903578852305611,0,0,0
233,-501.447234479628,-0.107695895514047,0.00715429911602357,0.0312015107181264,0.00171049020117539,-0.00290413748195284,-501.396593221175,-0.169879578924554,-2.73095193609237E-05,0.0157436981983612,0.00209094680030464,-0.00489180103189407,-500,0,0,0,0,0,1,0,1.21881662251311,0.130664477818645,0.489234722228129,0,0,0
234,-501.415664898225,-0.105920090927455,0.00414971193392466,0.0319377210303421,0.00184112007274644,-0.00310567373833037,-501.353147297781,-0.133809072033031,-0.0771022885184471,0.0254308651138819,0.0185429838356769,-0.00303198363045087,-500,0,0,0,0,0,1,0,0.163208084174587,-1.58668023950163,0.457402940081982,0,0,0
235,-501.383873082692,-0.104872312772403,0.00106199690783263,0.0316461050743567,0.000254437615184959,-0.0030698488891473,-501.209467985895,-0.023951988319964,-0.0227031976469155,0.0374450282879994,0.00648725312736485,-0.0117746925871162,-500,0,0,0,0,0,1,0,-1.32556685700936,-0.600821336096558,1.22287565400545,0,0,0
236,-501.352992668444,-0.10491826224456,-0.00142828360587606,0.0301155126515525,-0.000346335272121878,-0.00191014925929456,-501.377549377715,-0.03237066707018,0.0432125889591059,0.0255171462203952,-0.0158820754155413,-0.00434091823150207,-500,0,0,0,0,0,1,0,0.203384133390736,1.65294887569449,0.347666645231996,0,0,0
237,-501.323015475978,-0.104438125571426,-0.00337794177937941,0.0298390056951817,0.00130660947133109,-0.00198926691895096,-501.199494516049,0.0601193457952022,-0.0952212253537563,0.0424407202166785,0.00891724258988121,0.00745808464509241,-500,0,0,0,0,0,1,0,-1.84508298956914,-1.01196295057853,-0.555366013801729,0,0,0
238,-501.294420855367,-0.103637471023468,-0.00557652597623475,0.0273501905604699,0.00029470005271687,-0.00240683236990802,-501.225365174757,-0.17296246613508,-0.0195585765579445,0.0435230749368238,-0.00938217768638022,-0.0239585727901986,-500,0,0,0,0,0,1,0,-1.90157714416877,1.28414270090818,2.43497443213575,0,0,0
239,-501.26795194569,-0.102700663208485,-0.00673882634016954,0.0255891155593701,0.00157891644483279,8.29149195454848E-05,-501.04312067093,-0.145839795326582,0.0102870586752086,0.030591994710907,-0.0073800972778875,-0.0104232901658665,-500,0,0,0,0,0,1,0,-0.972958129230771,1.02968931844191,1.02175489923623,0,0,0
240,-501.24297684031,-0.10060688482724,-0.00621294983545174,0.024361734585317,0.00260864208875478,0.000969241429347512,-501.197435284457,-0.158719011204825,-0.133136764505003,0.0187870723003336,0.010764010917517,0.00075417086032291,-500,0,0,0,0,0,1,0,0.516163338880218,-0.758963069342049,0.190856442977716,0,0,0
241,-501.218618252527,-0.0983777318506911,-0.00539628512948577,0.0243554526119207,0.00184966426512277,0.000663847713946675,-501.220789906642,0.0406207108019934,0.0758486805457955,0.0119872258767161,-0.00207668200048656,-0.00118200739449597,-500,0,0,0,0,0,1,0,1.24285722561281,0.126426778444669,-0.0334966216419941,0,0,0
242,-501.193945101119,-0.0964648740991022,-0.00508992476495731,0.0249906477671224,0.00197605247393342,-5.17019717919398E-05,-501.128048953843,0.0128013332145246,0.0316821104477224,0.0179673528604269,0.00172502528231782,-0.000403503482671217,-500,0,0,0,0,0,1,0,0.459362621644234,-0.198105194660831,-0.0230138726283231,0,0,0
243,-501.169013697382,-0.094587881746369,-0.00539188412198466,0.0248720707384888,0.00177793296244534,-0.000552394194376471,-501.18485830041,-0.0695004831213855,-0.0943000701097376,0.0104069020755554,-0.0045666042193568,-0.0162773081619105,-500,0,0,0,0,0,1,0,1.32902639326489,0.595661388178451,1.81633095641053,0,0,0
244,-501.143537141797,-0.0925121333406155,-0.00542436020175644,0.0260817614017783,0.00237356451438037,0.000486564626746566,-501.299331698642,-0.0806416899047289,-0.0525557045151737,0.0325831272627591,0.0176597346031534,0.0031923308183569,-500,0,0,0,0,0,1,0,-0.659649328992489,-1.60469008050588,-0.214121672805343,0,0,0
245,-501.118078253438,-0.0909409045991335,-0.00513305521266258,0.0248359850058768,0.000768893475784961,9.64577800391941E-05,-501.0431340455,0.0404015570716688,0.220162235322955,0.0158962188912417,0.00746591479332314,0.0147605926245026,-500,0,0,0,0,0,1,0,0.496646201876822,-0.827394593475651,-1.91638373309617,0,0,0
246,-501.093536585903,-0.0905857224949818,-0.00620564423111899,0.0242462979315463,-5.85282491679398E-05,-0.00224156282025056,-501.134561983944,-0.127940336690266,0.156190735467832,0.0387557932216225,0.0157091049356489,-0.00429519770459739,-500,0,0,0,0,0,1,0,-1.60645535427432,-1.31502982018436,0.117138299524074,0,0,0
247,-501.07032669786,-0.0913017410865229,-0.00835367646998486,0.0221737521361219,-0.00137350776181064,-0.00205365279244496,-501.030593726083,0.0142278910534479,-0.00334107628593376,0.0412768125149735,-0.0270857052518403,-0.0114386854683721,-500,0,0,0,0,0,1,0,-2.06649379933169,2.68011474307714,1.15055069940907,0,0,0
248,-501.049270280172,-0.0913351562167063,-0.00975163634955419,0.0199399462580033,0.00130667785330056,-0.000741333836082214,-501.074042451359,0.150488653195553,0.0405956936279851,0.0361833739269296,0.00299601065712682,-0.00684350161186872,-500,0,0,0,0,0,1,0,-1.47025248997486,-0.600578372103788,0.603158773930902,0,0,0
249,-501.030232435754,-0.0903287433265208,-0.0101787638333939,0.0181362454735593,0.000706148581585747,-0.000112214349757056,-501.087352761274,-0.191893865162048,0.0916463048742805,-0.00377831901440562,-0.00743127026873475,0.000693905226955062,-500,0,0,0,0,0,1,0,2.55253742398837,1.12691475719757,-0.252683132444067,0,0,0
250,-501.011177889775,-0.0890591781288552,-0.0109341105944458,0.0199723465834185,0.00183298298927757,-0.00139967729246793,-501.073304913629,-0.370732117073944,-0.0168748820080212,0.0217090754873667,0.00649470900896737,-0.00151898341525497,-500,0,0,0,0,0,1,0,-0.0242977214776756,0.0919933332511512,0.18564810554154,0,0,0
251,-500.991468227681,-0.0871801974509316,-0.0124175541596976,0.0194470657833105,0.00192497821597048,-0.0015671709549383,-501.072326921692,-0.268833411663233,-0.0559682324064495,0.0320256523946854,-0.00224006677291244,0.00284514763564215,-500,0,0,0,0,0,1,0,-1.05791139608472,0.761673500617711,-0.172578298751316,0,0,0
252,-500.972829691769,-0.0848743670845841,-0.0140988564335718,0.0178300617611937,0.00268668330582076,-0.00179482254229435,-500.838998601887,-0.208791413562565,0.0628296752599691,0.0314477746859602,0.0036090333040754,-0.00561970049952072,-500,0,0,0,0,0,1,0,-1.46678026482282,0.0566794967175891,0.436310699432133,0,0,0
253,-500.955920717956,-0.0821593204099173,-0.0156570108889287,0.0159883075987209,0.00274341076178128,-0.00132075900292394,-500.895530310657,-0.195901842577846,-0.081276249766455,0.0111238028114592,0.0129458914674663,-0.00129076271825147,-500,0,0,0,0,0,1,0,0.678680340168121,-0.90278546159094,0.291628771358057,0,0,0
254,-500.939841271692,-0.0798673122703281,-0.0171048561923725,0.0161706255623749,0.00184060614707857,-0.0015752617396928,-500.912008928384,-0.0513660142650347,-0.000972531265829035,0.0154352448977734,-0.0119754247005348,-0.0100526576641593,-500,0,0,0,0,0,1,0,0.28049336699114,1.30027449858355,1.00721082894759,0,0,0
255,-500.923671415711,-0.0773765704337763,-0.0184092390392851,0.0161695433575082,0.00314087818933069,-0.00103373733048595,-500.938068527844,-0.0243763364156636,-0.0302172640925796,0.00754987800199425,0.018030317971024,0.00590258340959505,-500,0,0,0,0,0,1,0,1.12114925548777,-1.75427912427107,-0.529823812774346,0,0,0
256,-500.907311497073,-0.0751128509922489,-0.020027915084566,0.0165498578713741,0.00138656119842512,-0.00220404623496162,-500.727138957513,-0.0655116857756277,0.0693023375067073,0.0197814285242928,-0.00677448315532143,-0.00425331893285334,-500,0,0,0,0,0,1,0,-0.52386493740321,0.808471687083399,0.286727218271919,0,0,0
257,-500.891248261562,-0.0733220455001152,-0.0221964366159728,0.015576825546582,0.0021950508214938,-0.00213272113778551,-500.767413222443,0.0170774142919034,0.00989592229887045,0.0150952907145265,0.00282529471636272,-0.00458023202870078,-500,0,0,0,0,0,1,0,0.0252973734336825,-0.316684300220078,0.438231358272337,0,0,0
258,-500.875872630555,-0.0712853363614966,-0.0242970592522368,0.0151746441425855,0.00187836843949549,-0.00206854661411904,-501.057698787977,-0.0973415144155645,-0.155691870857119,0.0115594658430211,0.00620367047887298,-0.0032617900378595,-500,0,0,0,0,0,1,0,0.959450991652716,-0.425684019056169,0.637562745500188,0,0,0
259,-500.860422307755,-0.0696198232889399,-0.0263693364178788,0.0157261722668945,0.0014526587315483,-0.00207652813709935,-500.956557057421,-0.0922068686851166,-0.143704484437088,0.0207873628691392,-0.0123723935773043,-0.0132775473962108,-500,0,0,0,0,0,1,0,-0.165622172072755,1.42165309510066,1.61516370849525,0,0,0
260,-500.844821566706,-0.067456330365183,-0.0278234291351804,0.0154761328280828,0.00287432688054017,-0.000831755494572595,-500.840589190569,0.119537665209113,0.0075333040451245,0.0244226094388895,0.0299585391823875,0.0131196074291819,-500,0,0,0,0,0,1,0,-0.76108256275071,-3.23492924865698,-1.32702735100844,0,0,0
261,-500.830170797211,-0.0661994605290882,-0.0293594726483267,0.0138248498037665,-0.00036058704374879,-0.00223970165889142,-500.650995577811,-0.255144263590636,-0.329888139643641,0.0280186653342506,0.00606619196826042,-0.0086283222669819,-500,0,0,0,0,0,1,0,-1.49987537780377,-0.0963306696447711,1.52260850598547,0,0,0
262,-500.817121973534,-0.0666081852060256,-0.0308305533244679,0.012273772825256,-0.000456862040057089,-0.000701882659443376,-500.797087340248,-0.137396387503634,-0.14327432884829,0.0201445462546765,-0.0134510942849198,-0.00580058284236062,-500,0,0,0,0,0,1,0,-0.420279944972397,1.61990220349925,0.866606941932643,0,0,0
263,-500.805197507233,-0.0662550874971709,-0.0312304808291893,0.0115756479224399,0.00116305847571834,-9.78377359259763E-05,-500.785812804262,-0.0444204774511374,-0.199353365218803,0.00718985136184093,0.00997403302053642,0.00535722287679374,-500,0,0,0,0,0,1,0,0.852640472339753,-0.908562347151367,-0.137015557241767,0,0,0
264,-500.793503602023,-0.065546324243716,-0.0316889751225009,0.0118119617572778,0.000254468964583619,-0.000819500781580107,-500.732439750549,-0.221270188107367,-0.218909281817155,0.0148337523541061,0.00994357915242718,0.00178989733346769,-500,0,0,0,0,0,1,0,-0.0184957343129089,-0.551817539027985,0.258828830287541,0,0,0
265,-500.781934318268,-0.0655677632955953,-0.0325554627305814,0.0113267317619174,-0.000297346411990631,-0.000913448306776088,-500.747863638783,-0.0115221486580904,-0.0793075281097901,-0.000371182008434631,-0.0155783849259705,0.000815107218649616,-500,0,0,0,0,0,1,0,1.53284547841009,1.58088278991323,0.0771043343546186,0,0,0
266,-500.770133320489,-0.0650746923317939,-0.0338264740332444,0.0122750673794564,0.00128348953852254,-0.00162929278142565,-500.825790428216,-0.0422740132716908,0.100457308457673,0.0259787088451114,0.00186217322542708,0.00376999037998347,-500,0,0,0,0,0,1,0,-0.946290028078552,-0.101669295999327,-0.577913654913694,0,0,0
267,-500.758665911293,-0.0638420248718122,-0.0357703655645003,0.0106596004069238,0.00118184589269659,-0.0022578794812782,-500.808764545839,-0.0860417213703795,-0.130948854108295,-0.0120878267107243,-0.00073441660416966,-0.0100113690270967,-500,0,0,0,0,0,1,0,2.82631176274982,0.245525103157725,1.26303461092626,0,0,0
268,-500.746742134824,-0.0625374565581461,-0.0380077548666976,0.0131881490520777,0.00142729153575963,-0.00221843519073028,-500.485978756577,-0.0329697654811913,-0.0340560498769567,0.0221889736700052,-0.00237280541234267,-0.0136002980337599,-500,0,0,0,0,0,1,0,-1.24693985384579,0.30322007219665,1.42814190312991,0,0,0
269,-500.734213487591,-0.0609585317534597,-0.0395380950617055,0.0118700354775337,0.00173055889555527,-0.000841784076575092,-500.725275151858,-0.088117744287662,-0.0972143701147851,0.00349971232947546,-0.00349442186039798,-3.00090106115898E-05,-500,0,0,0,0,0,2,0,1.10057907076766,0.525677674615122,0.197429641290729,0,0,0
270,-500.722057628788,-0.0589651504232494,-0.0406219553520694,0.0124416076182828,0.00225620381440474,-0.0013264556937117,-500.650315870338,-0.0405874766183487,-0.111426625397538,0.0191010380871044,0.00117644309535754,-0.00469745887351123,-200,0,0,0,0,0,0,1,599.390527931965,-0.0364693562990568,0.692599138146199,0,0,0
271,-500.423265750637,-0.056736430007282,-0.129683615907217,0.585051594436623,0.00220123708166524,-0.177093212708987,-500.314714660308,-0.206236940577925,-0.402363978826179,0.582004831935277,0.0217032006447934,-0.177038487631122,-200,0,0,0,0,0,0,1,542.428946127089,-1.75784618332349,18.5085767207645,0,0,0
272,-499.57673476694,-0.0554224309248517,-0.378506368160236,1.1079367813175,0.000426761483075608,-0.320822652834582,-499.439466380809,-0.139600640748963,-0.332724485343504,1.12468791401897,0.00486034891552836,-0.320960751426642,-200,0,0,0,0,0,0,1,486.410141359721,-0.206833610054909,32.7615241133512,0,0,0
273,-498.232196641613,-0.0551064927508875,-0.756790897973642,1.58108099090206,0.000205115377196163,-0.435990797452192,-498.255915118226,0.0262008457569684,-0.711378116066613,1.60477257407659,0.00530350717344529,-0.411267127575255,-200,0,0,0,0,0,0,1,436.034572828794,-0.582752408858466,42.5494689896587,0,0,0
274,-496.43729777513,-0.0551993526131477,-1.23884074640611,2.0086703582255,-0.000390834294474202,-0.528329527402995,-496.413584948291,-0.119626270676304,-1.28400409114494,2.00688569530383,0.00495298218033178,-0.523865156858944,-200,0,0,0,0,0,0,1,392.138600366199,-0.25604567668057,54.9545238681843,0,0,0
275,-494.234061827473,-0.0557240929084136,-1.80144541010305,2.39776759647566,-0.000658645893962629,-0.597080331867705,-494.37310366014,-0.180480115230384,-1.82521201781735,2.39989938956095,-0.00599371250073271,-0.596314858718141,-200,0,0,0,0,0,0,1,348.756268364184,0.96033148053404,63.2819099074488,0,0,0
276,-491.661293550648,-0.0559077612861796,-2.42295969080358,2.74774541188066,0.000291310039213956,-0.64612836898618,-491.693206741549,-0.102093063645936,-2.32543722040525,2.73232729128116,0.00190428473757801,-0.650958758318314,-200,0,0,0,0,0,0,1,310.153684354981,0.013757653534071,69.7467502726419,0,0,0
277,-488.756068615615,-0.0556141448385404,-3.08520323689983,3.0626897003226,0.000295923512806345,-0.678520602049372,-488.786056576637,-0.101583371885046,-3.03124113216667,3.06397615795322,0.00794953282204426,-0.693925085149437,-200,0,0,0,0,0,0,1,271.174497357953,-0.591786538434333,75.4549907792771,0,0,0
278,-485.553678194673,-0.0556180677524612,-3.7717518754249,3.3420848963351,-0.000303768866658088,-0.694720050714731,-485.522392518957,-0.100636483143659,-3.81708666988005,3.33694277305062,-0.0079179119628594,-0.714510704282871,-200,0,0,0,0,0,0,1,237.350507732852,0.993064162573258,79.0852437680472,0,0,0
279,-482.087491893571,-0.0554287248636555,-4.46810611507691,3.59028819489312,0.000682455867324067,-0.698115572999968,-482.094406825231,0.152980115859036,-4.3208625515632,3.59527772229848,0.000959778236863942,-0.678356233446612,-200,0,0,0,0,0,0,1,204.661041420614,-0.401938055404467,76.4773484477875,0,0,0
280,-478.389075985968,-0.0549501618794679,-5.16454202275129,3.80654764643752,0.000274671365452876,-0.694866793193557,-478.508560192699,0.149816048718091,-5.13014612436927,3.82516694229216,0.00790633855304764,-0.685856335879533,-200,0,0,0,0,0,0,1,174.500426156183,-1.09026595274095,78.8459258366919,0,0,0
281,-474.488400723757,-0.0552230742876099,-5.85236119830416,3.99481253041589,-0.000820495467342916,-0.680867570475639,-474.587368070111,-0.13016440465247,-5.99538488233759,3.99061650747911,-0.0170359707941773,-0.667986793042599,-200,0,0,0,0,0,0,1,150.113085392311,1.96392588872267,78.7894490689351,0,0,0
282,-470.411056627194,-0.0550636814195535,-6.52278813805813,4.15988888742698,0.00113928196253728,-0.660070270820738,-470.314488929267,-0.061437672601616,-6.50464085199656,4.15589427463352,-0.0114152972994834,-0.679521408751645,-200,0,0,0,0,0,0,1,125.039550395182,1.26440507515157,80.9614225791576,0,0,0
283,-466.180204593764,-0.0532938778722283,-7.16781090366976,4.30183319953133,0.00240032591089544,-0.630047227691221,-466.096054055331,-0.0576645287809797,-7.30372633810978,4.30077277027582,0.0133367184006005,-0.645817041460618,-200,0,0,0,0,0,0,1,102.114831083081,-1.21834278249809,79.1891568222814,0,0,0
284,-461.818537976046,-0.0515040558775013,-7.78036216808998,4.42152061918073,0.00117931871623882,-0.595115734918509,-461.714611843656,0.0153597591695421,-7.83470447282297,4.4603364070937,-0.00915655069517753,-0.60775346602178,-200,0,0,0,0,0,0,1,77.3955829779416,0.884935551178669,76.444755547824,0,0,0
285,-457.349306319754,-0.0498832289726886,-8.35567460083995,4.51696567681506,0.00206233597886455,-0.555557036046157,-457.242403694693,-0.0556060409506122,-8.40081512804174,4.51336363884639,0.00651662242109196,-0.548762281066838,-200,0,0,0,0,0,0,1,63.1484435047469,-0.540450160207971,71.6778583627673,0,0,0
286,-452.792072173293,-0.0480918725876749,-8.89164564780719,4.59752539584446,0.0015203779430311,-0.516425251586272,-452.690796289345,-0.018026508647633,-8.94150676446486,4.60888353707201,-0.00673334734110499,-0.540171492940609,-200,0,0,0,0,0,0,1,44.4932388714894,0.709387751405765,71.9001628229906,0,0,0
287,-448.163046970461,-0.0462172664704363,-9.38561791175477,4.66055073559407,0.00222883503223768,-0.471550412528269,-448.387266623693,0.0126678229840807,-9.39223311252828,4.66037854283235,0.011498230833516,-0.472041796298681,-200,0,0,0,0,0,0,1,30.7366789641514,-1.17515872931977,65.9886458549247,0,0,0
288,-443.478375043761,-0.0445762826387566,-9.83548713970963,4.70881805196485,0.00105313386637344,-0.428211561863247,-443.396195159722,0.0947156978652013,-9.97514284180666,4.72250428962167,0.00689714756876061,-0.429882604689979,-200,0,0,0,0,0,0,1,14.5419613572777,-0.879146152606464,62.9385461526112,0,0,0
289,-438.753531280824,-0.043962752905566,-10.2410200427838,4.7408954194138,0.000173926391164315,-0.382869424923424,-438.704856668245,0.0123531704721234,-10.1789950442259,4.7402577565014,0.0170081174662325,-0.37397325463772,-200,0,0,0,0,0,0,1,3.38393768635063,-1.7255180875675,57.7553155522237,0,0,0
290,-434.002641399841,-0.0446514604596262,-10.6019787625135,4.76090948577369,-0.00155134051727669,-0.339056981955215,-433.835068971827,-0.0218670513881621,-10.5440192048618,4.76115237933542,0.00200414977666153,-0.341443685920776,-200,0,0,0,0,0,0,1,-8.44509998988849,-0.156680874889829,55.2324070018011,0,0,0
291,-429.237674328222,-0.0462808414193542,-10.9184997880047,4.76905041526534,-0.0017074206145274,-0.293987933928301,-429.290929458627,-0.120290062736802,-10.8925368006249,4.75013669451382,0.00679320463506819,-0.289281836010695,-200,0,0,0,0,0,0,1,-16.4318105341277,-0.438740338033214,50.7132572023193,0,0,0
292,-424.468989816263,-0.048207222949836,-11.190852656139,4.76834341643482,-0.00214534147537727,-0.250716119608534,-424.372956957052,0.0336186027348111,-11.1010304760217,4.7716113748574,-0.0179817993132735,-0.244077949626588,-200,0,0,0,0,0,0,1,-28.4152235716361,1.73094272585773,46.6098559147023,0,0,0
293,-419.707270832714,-0.0494865113996595,-11.4199900367517,4.75511926585441,-0.000413234640430511,-0.207550551934731,-419.778499057893,-0.0252400155054081,-11.4980562973199,4.76827636814325,-0.0033297069643317,-0.20651580136894,-200,0,0,0,0,0,0,1,-37.2706386985388,0.383450727443986,43.6476927315339,0,0,0
294,-414.963370738282,-0.0497073112835625,-11.6059448855255,4.7327056138713,-2.83647063138621E-05,-0.164346357523126,-414.926247539891,-0.0515236427597544,-11.4794575902368,4.74181895589994,-0.00239175552444852,-0.161130432809977,-200,0,0,0,0,0,0,1,-44.3294005102116,0.342222837964361,39.0719584614714,0,0,0
295,-410.24588252491,-0.0495637606526372,-11.7497095068771,4.70229442539288,0.00031546704979588,-0.123166011760853,-410.243049322411,-0.00886731367816022,-11.4864554358724,4.70429794640968,0.00208905030456302,-0.127222175105243,-200,0,0,0,0,0,0,1,-49.9436959961466,-0.191170403099982,35.695128382269,0,0,0
296,-405.561932775417,-0.0493429984845,-11.8529523953168,4.6656279675534,0.000126058070219102,-0.0832997031404601,-405.618524399266,-0.0693690398396642,-11.7890642250231,4.66955772722353,-0.00450039494319773,-0.0823483556095207,-200,0,0,0,0,0,0,1,-55.718723923821,0.588777573999101,31.8129640109984,0,0,0
297,-400.917936298053,-0.04892159405087,-11.9171886727952,4.62238695562696,0.00071675142828937,-0.0451494488816607,-400.928054693702,0.0239097870892731,-11.9457409749768,4.60184547184478,0.0162493634997051,-0.0474841100526505,-200,0,0,0,0,0,0,1,-58.3284377970745,-1.67275592414906,28.6398929552187,0,0,0
298,-396.318858427143,-0.0490402325153865,-11.9442908170569,4.57578966914026,-0.000954027696269309,-0.00902973398411078,-396.366618149839,0.0831094702902975,-11.936517235532,4.58927559420964,-0.00732984661752235,-0.00230925708070411,-200,0,0,0,0,0,0,1,-66.1943231212869,0.56676572117164,24.1039601791344,0,0,0
299,-391.770767565031,-0.049709781916136,-11.9360855110154,4.52041206014761,-0.000385070311090709,0.025469897353781,-391.709774315347,0.0837144990780262,-11.9568735191431,4.5109064980885,0.00731997871200935,0.0113520864807696,-200,0,0,0,0,0,0,1,-67.6711011781568,-0.899426869356987,22.7785383902093,0,0,0
300,-387.278906548459,-0.0505434515843378,-11.8936820871342,4.46332961476853,-0.00128226808742702,0.0593673517507577,-387.204071549295,-0.0608768368640784,-11.8015795762096,4.46565282653776,0.00162669369535337,0.0477840950030865,-200,0,0,0,0,0,0,1,-72.1571395551865,-0.0409156958071801,18.8247496521106,0,0,0
301,-382.846829719269,-0.0518450064850304,-11.8184380061921,4.40084255619707,-0.00132084056743012,0.0911539333125382,-382.851112692826,-0.137839971299804,-11.7553188119175,4.39244902729274,0.000182838780610934,0.100352064336885,-200,0,0,0,0,0,0,1,-73.5426773436214,0.257396064538515,13.4754311901465,0,0,0
302,-378.478705016986,-0.053035972877096,-11.7136148608559,4.33542306594713,-0.00106109145587069,0.118526943783642,-378.39283130101,-0.0583675398040358,-11.7332849383937,4.34073116768391,0.0151686750796904,0.115187879881995,-200,0,0,0,0,0,0,1,-77.2874541663719,-1.40013242836096,11.9477818885879,0,0,0
303,-374.177970045272,-0.0547959010080692,-11.5814301051772,4.26606302611035,-0.00245876465253802,0.145879120084312,-374.2177000209,-0.0404194318406903,-11.5736166010548,4.26615219121537,-0.00381681625103756,0.139126182206127,-200,0,0,0,0,0,0,1,-78.1798190797368,0.462520488785137,9.23461498149689,0,0,0
304,-369.947409884052,-0.0570221707211021,-11.4229212026066,4.19507234476322,-0.00199377409415823,0.17117603218927,-370.019478920064,-0.0751083419905875,-11.5006214275436,4.20914922199458,-0.000782409174902849,0.179050336605862,-200,0,0,0,0,0,0,1,-80.8759643593306,0.22845760147146,5.09620919450106,0,0,0
305,-365.789744712508,-0.0589004526337198,-11.2405194468821,4.12027156966479,-0.00176278868525871,0.193666723262219,-365.790204731679,-0.161290624140731,-11.2180322021185,4.11705135523828,-0.00129451115337563,0.176216644400925,-200,0,0,0,0,0,0,1,-80.1247260604704,0.452032363619024,4.81439996414456,0,0,0
306,-361.706530723005,-0.0604359741659136,-11.0357654296632,4.04616978070975,-0.0013082534317705,0.215880160279223,-361.855555433181,-0.0924409785849396,-11.0257012490119,4.04784631457207,-0.000566809986754924,0.212719708153521,-200,0,0,0,0,0,0,1,-81.0735205908456,0.241562955845372,0.779431682671621,0,0,0
307,-357.698488667794,-0.0616221924177429,-10.8104314952228,3.96992599623549,-0.00106418314618783,0.234827604447057,-357.618391260076,-0.0508733549962742,-10.7570000824525,3.96528261618161,-0.000892348777338537,0.246693939829159,-200,0,0,0,0,0,0,1,-81.2914790980093,0.190981587726402,-3.15539381801095,0,0,0
308,-353.767405886257,-0.0625896403226369,-10.5678523896894,3.89224945748958,-0.000870711727232279,0.250371182951736,-353.788623922127,0.143022509393755,-10.4002023914487,3.8997435816654,0.0110809979312454,0.268379491876937,-200,0,0,0,0,0,0,1,-82.3971103222868,-1.39414481191205,-6.03754440479635,0,0,0
309,-349.914967498327,-0.0641561714647944,-10.3107858074743,3.81263608992697,-0.00226235033328876,0.263803492051649,-349.968520299649,-0.345275015440737,-10.2863766307958,3.80943900869495,-0.00401074905066896,0.244876608631913,-200,0,0,0,0,0,0,1,-81.0068602701974,1.09162493594837,-3.91490760159972,0,0,0
310,-346.141108750865,-0.0658714714878502,-10.0393911661712,3.73509102602186,-0.00116824902967514,0.2790262182819,-346.28815306777,-0.0339911345174616,-9.92786710439639,3.72983025476145,0.00951279287976628,0.275941741538453,-200,0,0,0,0,0,0,1,-80.4067193406057,-0.883297018941704,-7.73843994505253,0,0,0
311,-342.445117900541,-0.0674801521804813,-9.75455552056484,3.6568984455034,-0.00204911174517855,0.290685777176011,-342.389351426878,0.0246207813648363,-9.82339727044094,3.66357653191417,0.0105223783309857,0.292107112430766,-200,0,0,0,0,0,0,1,-81.5789503376606,-1.10147939582824,-9.56391670219475,0,0,0
312,-338.828152846982,-0.0700787747451528,-9.45860374932414,3.57703883492734,-0.00314813189368722,0.301259263708168,-338.813028407079,-0.143534693138279,-9.74024953768268,3.57689024131433,0.00477605119862689,0.307152678247091,-200,0,0,0,0,0,0,1,-80.0629673172743,-0.19053573358613,-11.2347687493437,0,0,0
313,-335.290590299842,-0.0733209736487529,-9.15299466416852,3.49809245942634,-0.00333626546807355,0.309999896730682,-335.355283362093,-0.110263959067653,-9.25837630762557,3.49357112396896,-0.0184421123264737,0.2978695090369,-200,0,0,0,0,0,0,1,-78.6465456727109,2.06473915078268,-11.2701982884389,0,0,0
314,-331.831294039177,-0.0756236912648145,-8.83877591894585,3.42050607836588,-0.0012691680976847,0.318477851534453,-331.753112001887,-0.0263116833949341,-8.93022051555332,3.4036826442361,-0.0158261022034747,0.301836666192128,-200,0,0,0,0,0,0,1,-76.8620404198356,1.63523358713733,-12.3232255881062,0,0,0
315,-328.448902425881,-0.0760740948186841,-8.51675408389019,3.34428243909548,0.000368362138872953,0.325605344346476,-328.414403036917,-0.104092533739885,-8.48169846932644,3.34634397776327,-0.00595620026566204,0.319544349492843,-200,0,0,0,0,0,0,1,-77.8055917024931,0.803805094045974,-14.9910380106315,0,0,0
316,-325.143611960491,-0.0753026757932512,-8.1885833385942,3.2663027543855,0.00117447658047403,0.330776506068846,-325.124491898812,-0.0922573220482591,-8.04753601677288,3.25190224101794,0.00324425516795612,0.355751002528976,-200,0,0,0,0,0,0,1,-74.9412403041696,-0.139910872699094,-19.4800282193519,0,0,0
317,-321.915698305521,-0.0741970585142009,-7.85771670526813,3.18952629014239,0.00103675899892919,0.33099646737547,-321.939902334152,0.0859594537655861,-7.85308345453469,3.18910455970084,-0.00924465065638772,0.331806640207247,-200,0,0,0,0,0,0,1,-75.0306513017795,0.7525461581076,-17.4744971116553,0,0,0
318,-318.764258291693,-0.0727829225543077,-7.52555241064092,3.11335651085807,0.00179151355824472,0.333371476896435,-318.866957991181,-0.0637410614489253,-7.61103996805691,3.10195452419413,0.0102328808658636,0.346389259093545,-200,0,0,0,0,0,0,1,-72.46153643705,-0.895805963688512,-19.4168459732406,0,0,0
319,-315.688101288944,-0.0714382537243218,-7.19224479506454,3.03895898936467,0.000897824737135156,0.33328216559902,-315.589892274286,0.0635190676966741,-7.15404922054094,3.04478816212897,0.00696409699869405,0.335183912500053,-200,0,0,0,0,0,0,1,-73.299031664326,-0.823447835262754,-19.2102928089234,0,0,0
320,-312.686695797005,-0.0709510813718547,-6.85867160727473,2.96385380357356,7.65211666759164E-05,0.333902927151478,-312.768608664905,-0.212427571733227,-6.80670587816954,2.98575017205052,0.00269245764531458,0.326887945494937,-200,0,0,0,0,0,0,1,-73.037799875242,0.155609378934995,-19.0753827931546,0,0,0
321,-309.760244178337,-0.0707956869513192,-6.52434277814431,2.88905133732258,0.0002342675734848,0.334793242032381,-309.777405236862,-0.186910498525665,-6.37925145136358,2.89986488459075,-0.00344526363965217,0.357223525519556,-200,0,0,0,0,0,0,1,-70.4316779853513,0.718347361016547,-22.9638496492285,0,0,0
322,-306.908030701257,-0.0702012292502611,-6.19128105179621,2.81537532422531,0.000954647580800901,0.331368108577295,-306.84147271191,-0.043429027843366,-6.21936336750063,2.82075166762118,0.0156109640030186,0.334070804220135,-200,0,0,0,0,0,0,1,-68.3922213382976,-1.47423834461513,-20.9683536870122,0,0,0
323,-304.128193752942,-0.0699827101750772,-5.86094384346133,2.7442989401326,-0.000517608782537649,0.329342857473049,-304.266880893223,0.0151401557120338,-5.83695143551847,2.75987787673291,0.00284075204844413,0.330536260604984,-200,0,0,0,0,0,0,1,-67.4540258868439,-0.314355516268481,-21.3797231894615,0,0,0
324,-301.41906239825,-0.0706565218997615,-5.53287691981756,2.67396385673443,-0.00083001381433707,0.326827122397239,-301.4670516263,0.0770322430492084,-5.53433323924303,2.66454320343755,-0.00574384180513674,0.311565901765675,-200,0,0,0,0,0,0,1,-63.5202170911559,0.420319694415257,-20.0879236980815,0,0,0
325,-298.778196828077,-0.0712754579976491,-5.20729025086509,2.60776736969844,-0.000407857103168019,0.324380233191028,-298.708473051736,-0.038014370907033,-5.24668140114475,2.59133464256695,-0.00176218239374317,0.330499273704858,-200,0,0,0,0,0,0,1,-61.7165181532236,0.252246981188383,-22.5565645681964,0,0,0
326,-296.203108615654,-0.0715563090634539,-4.88551866167281,2.54240774343547,-0.000153843981756089,0.319196496510938,-296.124289262419,-0.0285115988544704,-4.84019524267343,2.54304466560732,0.00136372262115846,0.323928999847265,-200,0,0,0,0,0,0,1,-62.0558880358936,-0.079349064406905,-22.7125094993797,0,0,0
327,-293.69357010045,-0.0717489404332493,-4.56884441934584,2.47666803027993,-0.00023141739370848,0.314185681335557,-293.802633262907,-0.203216113340752,-4.65607100230241,2.47490064535036,0.00300863791674432,0.321035073665653,-200,0,0,0,0,0,0,1,-59.8847980092217,0.105568435007071,-22.7913653619605,0,0,0
328,-291.248771042695,-0.0719267200848414,-4.25749472615814,2.41292848420688,-0.000124140809221356,0.3085463555759,-291.28228827842,0.142737936143991,-4.2641062948415,2.42820181304403,0.00148380885871306,0.310611882682763,-200,0,0,0,0,0,0,1,-60.2556047475628,-0.433856758159287,-22.5329756785933,0,0,0
329,-288.867844938166,-0.072266929282021,-3.9515006704849,2.34892237556825,-0.000556276376924272,0.303474491398628,-288.953051491475,-0.105574060539691,-3.93885181149188,2.3438438015136,0.00694944404946484,0.303789292955543,-200,0,0,0,0,0,0,1,-56.4782771684104,-0.483796283867102,-22.5012256725705,0,0,0
330,-286.549154091987,-0.0730643016192923,-3.6511262785314,2.28845739282828,-0.0010384678712123,0.297305223631086,-286.526090374618,-0.223127975986062,-3.55532905785011,2.29118066061133,0.00505084703336448,0.285300270635058,-200,0,0,0,0,0,0,1,-56.0658853118966,-0.058828751364323,-21.4193689478056,0,0,0
331,-284.290551068234,-0.0741313850211249,-3.35639419455526,2.22874722404547,-0.0010956978997598,0.292189452498849,-284.211375397011,-0.171667448810959,-3.3113971272276,2.23234124742401,0.0136682082564375,0.292728075322815,-200,0,0,0,0,0,0,1,-54.8113739483791,-1.02348592802184,-22.6500132778263,0,0,0
332,-282.091291726361,-0.075738049996402,-3.06748301988187,2.16976930409438,-0.00211763140960131,0.285663001132853,-282.183834303109,-0.0544489027045644,-3.10184369114931,2.18525312710035,-0.0205397656793171,0.273434364018097,-200,0,0,0,0,0,0,1,-54.157644103817,2.16287437334084,-21.1397490195111,0,0,0
333,-279.950444484867,-0.0767734740511668,-2.78441671918393,2.11192367028875,4.67845016523343E-05,0.280499097588388,-279.888039531746,-0.0550864383627692,-2.77999509023429,2.11653962841206,0.00365572514292227,0.281919761876052,-200,0,0,0,0,0,0,1,-51.877883777714,-0.255399637566688,-22.6319860071366,0,0,0
334,-277.866644972072,-0.0768536588784441,-2.50752683186977,2.05567281804871,-0.000207153155223973,0.273309342302149,-277.940437227948,-0.0556366871981062,-2.43882247774396,2.05379942804943,0.00412268531958548,0.283781978860987,-200,0,0,0,0,0,0,1,-49.499068349048,-0.300995157562335,-23.5005529306107,0,0,0
335,-275.838145686319,-0.07721061845947,-2.23856849979979,2.00132245813681,-0.000506765111988316,0.264635005222882,-275.986587688876,-0.0298188645298492,-2.22910133288871,1.98011404882768,-0.0149412413751928,0.258140460142939,-200,0,0,0,0,0,0,1,-46.0382295050161,1.55376186657898,-21.3558433485165,0,0,0
336,-273.862007976921,-0.0769398581011556,-1.97781427836999,1.95095010646837,0.00104828633193736,0.256899109134608,-273.873255400811,-0.0133946799057766,-1.97527552642279,1.95094349728499,0.0102805752930612,0.245746696682755,-200,0,0,0,0,0,0,1,-47.3478389268784,-1.00126816949457,-20.62411861543,0,0,0
337,-271.9367325837,-0.0763915389123097,-1.72414374246165,1.89959844955245,4.83526731911485E-05,0.250468080277734,-271.852903864227,-0.137608945501877,-1.63508151153713,1.89195673416577,-0.000650394915119833,0.264104283748264,-200,0,0,0,0,0,0,1,-45.489865688124,0.340257382515737,-23.1402653517521,0,0,0
338,-270.06239732116,-0.0761724271651646,-1.47833288235561,1.84906841253951,0.000389871722598509,0.241179311712836,-270.13133546847,-0.148489217331923,-1.47615389387276,1.82389758940043,-0.013887265200805,0.228629332218169,-200,0,0,0,0,0,0,1,-42.1270880031031,1.68570495474435,-19.9106254340714,0,0,0
339,-268.236454737882,-0.0749391146789293,-1.24082848075499,1.80281403975318,0.00207675442795578,0.233853015127372,-268.23645858777,-0.107100507725196,-1.38161859716821,1.81318292337797,-0.0018852156161385,0.236267771705437,-200,0,0,0,0,0,0,1,-44.8453751622568,0.402722577064241,-20.8635399762073,0,0,0
340,-266.458214218804,-0.0726603715147757,-1.01053635784828,1.75366437718826,0.00248073279607032,0.226756143855461,-266.565504427455,-0.035632854858089,-1.04385072766778,1.76292205738405,0.000870460379180501,0.21863493816386,-200,0,0,0,0,0,0,1,-43.1611968834954,-0.0157803282018722,-19.7757923610504,0,0,0
341,-264.728149741033,-0.0701869239206708,-0.787062204302828,1.70646221116073,0.00246616297862745,0.22021608049857,-264.825696647826,-0.0029335489056736,-0.88384691233162,1.7078394684194,0.0237746599262858,0.216202172173005,-200,0,0,0,0,0,0,1,-41.1325535462882,-2.37159889481723,-19.8525233926373,0,0,0
342,-263.044362433823,-0.068905987044464,-0.570458305602467,1.6611096917364,9.57114988933272E-05,0.213014687144204,-263.265914244691,-0.104276776078638,-0.570797142812498,1.63493681979644,-0.00621312027971625,0.208717453826442,-200,0,0,0,0,0,0,1,-36.9618534902627,0.829865580128901,-19.7301510970192,0,0,0
343,-261.403969550212,-0.0683948334051119,-0.361684597168084,1.61967272679539,0.000926596509207118,0.204553738384507,-261.337919251248,-0.209966101080532,-0.19711831994914,1.61819054029792,-0.00624623904438455,0.206107890470234,-200,0,0,0,0,0,0,1,-39.1432155272955,1.04455610659952,-20.2165524071251,0,0,0
344,-259.806128229861,-0.0669454173487845,-0.161139748280673,1.57600677832516,0.0019722363781636,0.19655803070966,-259.670229597337,0.15915191977135,0.00227104028750028,1.57440312219691,0.00218927782683058,0.200641446170291,-200,0,0,0,0,0,0,1,-38.0998530250173,-0.537231622225758,-20.0686866976041,0,0,0
345,-258.251449401462,-0.0652412711992265,0.0313547069209279,1.53334767248489,0.00143605722737369,0.188452423070215,-258.52384981812,-0.0637929898848353,-0.121716701080452,1.53810504341603,0.0188661959984006,0.181543019079868,-200,0,0,0,0,0,0,1,-36.7628047053633,-1.75903362007039,-17.9108685058259,0,0,0
346,-256.738423355305,-0.0646842189087264,0.216569011373082,1.49270200599189,-0.000321951903488117,0.181996703582893,-256.856723331281,-0.099111819648707,0.200676152014626,1.49480269036348,-0.0111917700517798,0.173589766903489,-200,0,0,0,0,0,0,1,-35.7668223737859,1.31740064447539,-17.7603289943782,0,0,0
347,-255.265559092765,-0.0643469734554948,0.395277116827648,1.45302403936809,0.000996443408710298,0.175439519381386,-255.132667710803,0.128151062855891,0.442586849084582,1.48247165755391,0.00987350736088829,0.172678587977932,-200,0,0,0,0,0,0,1,-37.9818303337858,-1.24365286180061,-18.1530324959624,0,0,0
348,-253.83348263901,-0.0639718265901721,0.567711249751724,1.41112665088048,-0.000246148827487594,0.169449814803644,-253.797888881625,-0.0349007515149155,0.494155246566792,1.40511629203692,-0.000424172909686797,0.174006025856526,-200,0,0,0,0,0,0,1,-32.9158514404417,0.112218793998511,-18.3889130787862,0,0,0
349,-252.440997637264,-0.0641614148995693,0.733178576626895,1.37384016180671,-0.000133027234062076,0.161503616040802,-252.417750914689,-0.0258734219689138,0.690901398674552,1.36155616672434,0.00304340153046651,0.16287717323928,-200,0,0,0,0,0,0,1,-31.320114843056,-0.252593309108824,-17.6695201212771,0,0,0
350,-251.084934404894,-0.0644203087938643,0.890796585120129,1.33828319610196,-0.000384762568714531,0.153750302012857,-250.922761611273,-0.0254794231716926,0.81547768538118,1.33461612455895,-0.00480276432830887,0.142076377430656,-200,0,0,0,0,0,0,1,-31.616089233349,0.531235279174272,-15.838593113828,0,0,0
351,-249.764236962435,-0.0645390140161782,1.04162038114538,1.30310950793902,0.000147351091141393,0.147914972688306,-249.772968808817,-0.0410715400482282,0.862487153670025,1.29832273100971,-0.0011389755538349,0.148966700054975,-200,0,0,0,0,0,0,1,-30.2863354833363,0.196040635479946,-16.6216443128376,0,0,0
352,-248.478246975891,-0.0642932261785294,1.18605208553858,1.26886772582189,0.000344224239640396,0.14096563593349,-248.397536381038,-0.170938928683169,1.49663680178476,1.26996883216517,0.00904828996206597,0.142271311467145,-200,0,0,0,0,0,0,1,-30.2018104544405,-0.562951138840259,-17.220404750284,0,0,0
353,-247.226578802103,-0.0642300634954033,1.32329235296243,1.23446563260995,-0.000217900679869857,0.133532148860992,-247.121372949414,-0.165622487168118,1.3727157302359,1.21341778772728,0.0042820779210828,0.145937188193222,-200,0,0,0,0,0,0,1,-27.0990328739002,-0.0969628177720432,-17.339150279794,0,0,0
354,-246.007903637225,-0.0644960799357615,1.45251875732965,1.20288113122007,-0.00031413378207193,0.124936510126667,-245.89854325877,-0.082087268084839,1.45544185686203,1.21620032481946,0.00473574997899656,0.117821144193705,-200,0,0,0,0,0,0,1,-29.822945964406,-0.309400461729978,-14.6929981330946,0,0,0
355,-244.821594136291,-0.0649644976550461,1.57493251522617,1.16973603073569,-0.00062270415956472,0.119907586417388,-244.876542974221,-0.213991355671377,1.53860286879681,1.15257490276127,-0.00897342841196147,0.109872457433268,-200,0,0,0,0,0,0,1,-25.5044043276853,1.3253255525389,-14.0644514809204,0,0,0
356,-243.666314949357,-0.0649241879408064,1.69185158446109,1.14082003592031,0.000703322045549601,0.113945049230418,-243.80339981123,-0.11031671681956,1.72426886631451,1.15508303829847,0.0117857177133008,0.109859045983668,-200,0,0,0,0,0,0,1,-27.9015042073874,-0.957938337690957,-14.4344423309958,0,0,0
357,-242.541139255091,-0.0646994478728338,1.80312910561919,1.10952934869991,-0.000253843928105982,0.108625622678492,-242.664675284199,-0.0788852194251236,1.84805461754005,1.09540910409389,0.00449328084382676,0.110145440993851,-200,0,0,0,0,0,0,1,-24.2115598409922,-0.291557645532428,-14.7106533344652,0,0,0
358,-241.445602155689,-0.065098741247114,1.90831322135956,1.08154208226758,-0.000544744808805316,0.101756607262027,-241.620232008587,-0.061669545210673,1.93469088826368,1.05876604835379,-0.00468897760848943,0.0839339314097239,-200,0,0,0,0,0,0,1,-22.6361408182051,0.592236851270289,-12.2627749174998,0,0,0
359,-240.376870097402,-0.0653470550995662,2.00750768771964,1.05592011125377,4.81152508046736E-05,0.0966451519179522,-240.358837300737,-0.0411568842997632,2.07483437895183,1.05073494639926,0.00111050903948815,0.100586483006359,-200,0,0,0,0,0,0,1,-24.3558200384521,-0.0287371353492884,-14.2083170585396,0,0,0
360,-239.3349291091,-0.0653129747653226,2.10105275378428,1.02795941106564,2.00424348190467E-05,0.0904589194352582,-239.260485946548,-0.12487284013472,2.08410916373808,1.04360064763593,-0.0110324385508239,0.0899279982703877,-200,0,0,0,0,0,0,1,-25.8390928704963,1.35298953535183,-13.1610181545149,0,0,0
361,-238.321444630172,-0.0646160778129881,2.18921863921747,0.999007864510018,0.0013737485156053,0.0858872481906774,-238.16752966866,0.0787967725980497,2.23459160195587,0.995838625378121,-0.00662907236485197,0.102652382005653,-200,0,0,0,0,0,0,1,-23.2488032004928,0.505313691289098,-14.7344214044771,0,0,0
362,-237.336016540483,-0.06298935781816,2.27163704319637,0.971845481926306,0.00187968911346978,0.0789630657230295,-237.361517506118,-0.406365125913078,2.20764841553151,0.973503122977113,-0.00169983391986066,0.0853602949101412,-200,0,0,0,0,0,0,1,-22.6272772854752,0.982713643812222,-12.9513263220771,0,0,0
363,-236.377133048564,-0.0606180016753331,2.34787833436177,0.945919382916438,0.00286302145334097,0.0735323986203552,-236.520509483579,-0.0300513140714107,2.51109597149936,0.950566542231216,0.0192722799518322,0.0761171837022598,-200,0,0,0,0,0,0,1,-22.0156352559632,-1.8671253670404,-12.6339103132247,0,0,0
364,-235.443838812613,-0.0586882410865949,2.41875787272563,0.920667031772812,0.000996497863171834,0.0682392229878746,-235.372937848089,0.0245225005492121,2.21611870206988,0.912639066007148,-0.0194169962897738,0.060326629635692,-200,0,0,0,0,0,0,1,-20.5180309045364,1.89265462787895,-10.464900367709,0,0,0
365,-234.534696893016,-0.0567451303913901,2.48509824932786,0.897615468078099,0.00288972139222512,0.0644529865400688,-234.747959903812,-0.0835173528398435,2.47827836023584,0.892428831871454,-0.0130957324190566,0.069365766284585,-200,0,0,0,0,0,0,1,-19.7469633795213,1.47660794758535,-11.8931333489302,0,0,0
366,-233.648527663197,-0.0531168350883964,2.54687944828269,0.87472089757007,0.00436686563908073,0.0591207697055894,-233.778924406338,0.165918842801757,2.59240331922293,0.874150182734806,0.0175659254503283,0.0430588482550408,-200,0,0,0,0,0,0,1,-19.8571694608055,-2.08843023063635,-9.49069146394993,0,0,0
367,-232.784849427379,-0.0497939062015041,2.60449299517823,0.852634594956361,0.0022789899120635,0.0561172741446611,-232.753445001877,-0.145155816975432,2.66001433351918,0.848773593027916,0.0100004393743877,0.049165379578569,-200,0,0,0,0,0,0,1,-19.3704692990381,-0.709732303487909,-10.2365666248953,0,0,0
368,-231.943179148808,-0.0478695136123197,2.65869803946305,0.830704583288997,0.0015697924927535,0.052303671576255,-231.867944118436,-0.193258717441289,2.85333491841145,0.82252371293597,0.00998416963148155,0.0548444989467673,-200,0,0,0,0,0,0,1,-18.5164830567253,-0.611899528265576,-11.1911197314996,0,0,0
369,-231.123232924549,-0.0466054185192504,2.70851707761109,0.809185926269293,0.000958395614024042,0.0473450453644665,-231.154746565722,0.0771362621439548,2.64606008462508,0.80082402014246,0.00135024487519172,0.05653628747437,-200,0,0,0,0,0,0,1,-17.7729088828026,-0.289297011807082,-10.9457489166872,0,0,0
370,-230.324420835728,-0.0457914300831689,2.75337895656332,0.7884363067283,0.000669579805555209,0.0423889642975925,-230.285476156733,-0.192655931474647,2.77913960511954,0.783017130253034,-0.00422771727360016,0.0435523222945684,-200,0,0,0,0,0,0,1,-17.7307607118364,0.808083590309309,-9.91351143969592,0,0,0
371,-229.546144926977,-0.0447175642054485,2.7937832048159,0.768114040072553,0.00147814965147221,0.0384295626784411,-229.64646941378,-0.106637106254647,2.81316239154652,0.776410070723238,-0.000440933709939754,0.0253829493744513,-200,0,0,0,0,0,0,1,-18.3480682447635,0.257367583503269,-8.16461972053816,0,0,0
372,-228.788140846428,-0.0431104716856281,2.83118383262811,0.747893562016061,0.0017360333209823,0.0363816605930651,-228.567496366155,0.031558411175141,2.79570981281177,0.749032351795032,0.00607654674107759,0.0393354359135881,-200,0,0,0,0,0,0,1,-17.7682424471924,-0.670771496458041,-9.52496321698235,0,0,0
373,-228.050356373845,-0.0417095783638048,2.86582707585575,0.727674133199974,0.00106575163038969,0.0329147736870156,-227.828075955008,0.0477618235914841,2.81562332248272,0.736487918015994,0.00145003652404139,0.029819433073849,-200,0,0,0,0,0,0,1,-17.9926398915832,-0.240527299587107,-8.61318995235034,0,0,0
374,-227.332720680109,-0.0407638382413797,2.89749682294482,0.707596470734799,0.000825726683659956,0.0304345849636264,-227.49293382881,0.0079170249958997,3.10358642798297,0.696005476919667,-0.0166686399105507,0.0304751268066381,-200,0,0,0,0,0,0,1,-14.6146800343466,1.65102994106327,-9.25468553662975,0,0,0
375,-226.63373553786,-0.0391123984867605,2.92576082069564,0.690372135100908,0.0024771507571836,0.026101891557466,-226.679820789419,-0.0768940848167737,2.97145316471506,0.676136922449922,0.00796720287910007,0.0135679235478842,-200,0,0,0,0,0,0,1,-14.2540506661545,-0.64293211827646,-7.29969868421854,0,0,0
376,-225.951431115128,-0.0369565149281616,2.95054640967601,0.674235843179226,0.00183461367341072,0.0234772306344346,-226.080310421488,-0.0129565142677944,2.85025583616148,0.680147969028097,0.00806175517105328,0.0112852560124731,-200,0,0,0,0,0,0,1,-15.8541760598335,-0.780262488569739,-6.82903727357027,0,0,0
377,-225.285909098847,-0.0355118080026419,2.97326160241839,0.656807847038394,0.00105479851556201,0.0219617047469217,-225.264572952764,0.0538618863289385,2.97287150813531,0.664492043346054,-0.012902739379227,0.0148350445197764,-200,0,0,0,0,0,0,1,-15.9200584290766,1.18255016526483,-7.42924746824826,0,0,0
378,-224.637964401023,-0.0338655104790045,2.99422393313962,0.639080971542709,0.00223779434882805,0.0199716354766785,-224.530505901909,0.00664850573822322,3.10036215373327,0.647262007624949,-0.0157803837696035,0.030248845266255,-200,0,0,0,0,0,0,1,-15.6651889586763,1.56474136548391,-9.22560883409205,0,0,0
379,-224.00798525709,-0.0308451307403505,3.01234653728215,0.620875921547104,0.00380296245200549,0.0162824652123148,-224.104633200731,-0.0169744580724447,2.99923760243366,0.627185632023813,-0.0110066235870815,0.0113569370683254,-200,0,0,0,0,0,0,1,-14.5092968009203,1.13461127485304,-7.13416891169986,0,0,0
380,-223.3952712679,-0.0264746596255157,3.02753894818204,0.60455137937841,0.00493797765978907,0.014110335161077,-223.397405882164,-0.149630131758496,3.05013543710163,0.614571951207498,0.00487288002437553,-0.0107162570633914,-200,0,0,0,0,0,0,1,-14.6623833564214,-0.188027738920561,-5.02864516786412,0,0,0
381,-222.798537292953,-0.0216304841050399,3.04158019530661,0.58891686153825,0.00475037154892644,0.013979798483823,-222.903080839456,0.139731151520013,3.16232556367484,0.576682551580791,0.000387916268888397,0.0163954269009809,-200,0,0,0,0,0,0,1,-11.8620934791679,-0.318253929928866,-7.96419381744776,0,0,0
382,-222.216734261929,-0.0170390812899859,3.05361092687269,0.574687687185929,0.00443243472770311,0.0100886193634488,-222.151305556993,0.121474059935723,2.89501143845986,0.55981641098559,0.00693242591791704,-0.00404120675351619,-200,0,0,0,0,0,0,1,-11.6790299845725,-0.936190711663151,-5.3859022015681,0,0,0
383,-221.648568242544,-0.0130745774819989,3.06291774589387,0.561643950098372,0.00349657135538907,0.00853139893390048,-221.684733020424,0.0545905430614455,3.07283415190302,0.563664481291747,-0.00389427810259457,0.00366209871930892,-200,0,0,0,0,0,0,1,-12.9969820883268,0.280246724136566,-6.51187817573693,0,0,0
384,-221.094275916163,-0.00943770097057868,3.07043279462029,0.546940074097777,0.0037771791670463,0.00650586188309021,-220.930212707368,-0.057045396141318,3.09745756509976,0.542563823852397,0.0210067748956116,0.00564620908710736,-200,0,0,0,0,0,0,1,-12.3959569705032,-1.98658669727853,-6.75953603891025,0,0,0
385,-220.554463351844,-0.00665364412254855,3.07571023568631,0.532684217546322,0.00179093348217029,0.0040559570033866,-220.506251525184,0.209200019406749,3.00661327691229,0.523042592495149,0.0274858998414015,0.00184040370962804,-200,0,0,0,0,0,0,1,-11.2917561991472,-3.16699002295365,-6.19726692478739,0,0,0
386,-220.028290692964,-0.00644604921174006,3.07859518050833,0.51966031286964,-0.00137574615398656,0.00172026913619941,-220.169175119911,0.160276940132028,3.08434004018768,0.513822158293078,-0.00733500585875226,-0.00995246334891637,-200,0,0,0,0,0,0,1,-11.0438655894861,0.412946705611171,-5.17343374548373,0,0,0
387,-219.514825339004,-0.00761516619216253,3.07958259563898,0.507270018967446,-0.000962490407542393,0.000260586224581028,-219.733846273483,-0.00423018240915933,3.10377205999797,0.505348238149596,0.00239799035100194,-0.0101867847984713,-200,0,0,0,0,0,0,1,-11.0671312679944,-0.231338670281876,-5.18886564014882,0,0,0
388,-219.013765169907,-0.00869316977542951,3.0791260196147,0.49484995289418,-0.00119351941792353,-0.00116770789765305,-219.069893532009,0.0481905557349524,3.11423498066974,0.4978048023244,-0.0110305788646725,0.00333066127322652,-200,0,0,0,0,0,0,1,-11.6406931684215,1.00667677499734,-6.56153608866214,0,0,0
389,-218.525665172612,-0.00938319104211194,3.07674663024628,0.481349201750991,-0.000186523729530877,-0.00358454034261441,-218.470498162433,0.0447589448236804,3.03582776996519,0.500486107695831,-0.0082995436515772,-0.00960454937611198,-200,0,0,0,0,0,0,1,-13.1076144447176,0.740436475510359,-5.11120060231917,0,0,0
390,-218.051446622131,-0.00919930879354771,3.07292959550239,0.467087981821464,0.000554285870108664,-0.00404264724546538,-218.062224045596,0.0271729666347846,3.25608293375332,0.46567267373198,0.00923628373901013,-0.0106844522039722,-200,0,0,0,0,0,0,1,-10.442819282007,-0.977974307170582,-5.44372064710942,0,0,0
391,-217.590337921005,-0.00913386468176862,3.06798388347503,0.455128861803387,-0.000423399614189966,-0.00584299487906448,-217.687263284568,-0.271434237149705,3.00289632558469,0.465435303441107,-0.000421571016252614,-0.0100376692152101,-200,0,0,0,0,0,0,1,-11.1690037749743,0.585025575924672,-5.00202572964838,0,0,0
392,-217.141432328175,-0.00926459333516618,3.06160427120711,0.442682106684577,0.000161939920357345,-0.00691022823220644,-217.033223874809,-0.0744846751519773,2.92835712126589,0.455231006179848,-0.0140195959147929,-0.000562313341294056,-200,0,0,0,0,0,0,1,-11.4566528683673,1.55092894178324,-5.80048290840238,0,0,0
393,-216.70526778747,-0.00832702885760316,3.05386909709165,0.429646480040984,0.00171318678490017,-0.00855384926135086,-216.635499625539,-0.0381039909343263,2.96683922407715,0.4325255962282,0.00833917288016551,-0.00258111389974245,-200,0,0,0,0,0,0,1,-9.98156037174258,-0.757709306147898,-5.67556705818006,0,0,0
394,-216.281441340037,-0.00699255895694211,3.04426579783644,0.418005703843448,0.00095575063678345,-0.0106471475962379,-216.196722399975,-0.143873191560388,2.80242057538634,0.399066068622736,0.00906436272653146,0.00649875604886936,-200,0,0,0,0,0,0,1,-7.51316206232299,-0.61868988953237,-6.25471675565962,0,0,0
395,-215.868249251515,-0.00634605546738899,3.03181793288418,0.408377049181088,0.000337254144508359,-0.0142439398845899,-215.794069994811,0.0909956936697423,3.05422879555599,0.388280728732912,-0.000469201511950591,0.0209746745853349,-200,0,0,0,0,0,0,1,-7.23993288366863,-0.135071236144426,-8.20592504964547,0,0,0
396,-215.464964424948,-0.00607624969897297,3.01484104937396,0.398190298233603,0.000202355860235045,-0.019704930985229,-215.555175047979,-0.207416023524739,3.0548514386222,0.392727330418824,-0.00941474324708812,-0.011556767110386,-200,0,0,0,0,0,0,1,-8.16238294592484,1.35630637175829,-4.95402616620579,0,0,0
397,-215.07162756154,-0.00519562899618866,2.99409000148428,0.388482712217574,0.00155888368309258,-0.0217925014918067,-215.075865659555,0.130878097288344,2.96008081198236,0.374862321675243,0.00666049776465899,-0.0288140606445711,-200,0,0,0,0,0,0,1,-7.33450084841502,-0.927805971042587,-3.0387555595076,0,0,0
398,-214.687229741275,-0.00410054333516732,2.97196852510454,0.380312883144665,0.00063128540286812,-0.022446520594347,-214.752526479677,0.231812838004392,2.88194196258782,0.381805842146264,0.00155129285519932,-0.0382841004211135,-200,0,0,0,0,0,0,1,-8.6755312552724,-0.618754961528715,-1.93547388306429,0,0,0
399,-214.311385947218,-0.00377850648382327,2.94998353251573,0.371375399664739,1.27863134591934E-05,-0.021519178107712,-214.186211630037,0.103141334860881,2.92666036568661,0.372250769994121,-0.00667925169427882,-0.0278807772583647,-200,0,0,0,0,0,0,1,-8.85265373933753,0.461642499706121,-3.06524300553675,0,0,0
400,-213.944791190979,-0.00353477045941923,2.92846064461978,0.361814365007958,0.000474683194997184,-0.0215220246040706,-213.798739577347,-0.124420770416826,2.86092169447727,0.376074610961829,-0.0161047144143648,-0.0405532443929756,-200,0,0,0,0,0,0,1,-10.0099819414891,1.85931298227013,-1.66651894965698,0,0,0
401,-213.587994605765,-0.00213028060729254,2.90782460443939,0.351779885665093,0.00233429489167416,-0.0197452719228465,-213.537898595182,0.0691260458451923,2.93997629031365,0.348352098254331,-0.00739731770689288,-0.0243314703029804,-200,0,0,0,0,0,0,1,-7.75941263506957,0.601479678998903,-3.44680555032925,0,0,0
402,-213.240573648592,0.000504864033250946,2.88770345040128,0.343061921165803,0.00293599286407115,-0.0204928733967861,-213.175391975703,0.0102179636400851,2.85699428870745,0.34138345138084,0.00451274170674145,-0.0171474436218678,-200,0,0,0,0,0,0,1,-7.78756118667804,-0.471710097954315,-3.99924421522811,0,0,0
403,-212.901998423594,0.00320511073736003,2.86660172123197,0.334088200103702,0.00246449852432615,-0.021706308715012,-212.853858963136,-0.0299138381860656,2.80567718537912,0.331948619038355,-0.00634259713958426,-0.028268206479835,-200,0,0,0,0,0,0,1,-7.48714397756296,0.694087390330558,-2.78453372277474,0,0,0
404,-212.572008730265,0.00601676090140226,2.84478926742668,0.325891324913506,0.00315879987335746,-0.021914693338895,-212.455841321606,0.0169644007882724,2.78916520295326,0.313200500401374,0.0116695490181944,-0.0138097607877132,-200,0,0,0,0,0,0,1,-6.40836739692629,-1.20088370339598,-4.1973543271352,0,0,0
405,-212.250019539619,0.00857520603225318,2.82191324581485,0.318086390995893,0.0019580881363147,-0.0238336340283343,-212.124233837461,0.146506531786488,2.64808350747746,0.315707328315027,0.0151215020268443,-0.0264835309187907,-200,0,0,0,0,0,0,1,-7.32226515658114,-1.80516326625741,-2.64781392307585,0,0,0
406,-211.935929011154,0.00963081835801504,2.79802423266469,0.310094845553183,0.000153134587621961,-0.023940594641414,-212.017886244074,0.0794142504270923,2.77318957762567,0.303638864141321,-0.0147414548012991,-0.010783285071867,-200,0,0,0,0,0,0,1,-6.32811392598397,1.31531697927573,-4.46805064806464,0,0,0
407,-211.62975874836,0.0104416964936314,2.77300501938408,0.302244900106306,0.00146861938202687,-0.0260941081572378,-211.558992051444,-0.0557251924142739,2.892486377741,0.300391376810737,0.00166504018877932,-0.0342669408065604,-200,0,0,0,0,0,0,1,-6.92115357818628,-0.0550536340493836,-2.35827867482596,0,0,0
408,-211.331267760123,0.0118828901258291,2.74692550095309,0.294737315227197,0.00141376486880818,-0.0260613715152795,-211.22457107764,0.00940162734259584,2.87476189251084,0.296377710994694,-0.000992371441558317,-0.0389082488764651,-200,0,0,0,0,0,0,1,-7.18862894418946,0.08043388947064,-1.85869889737516,0,0,0
409,-211.040300081512,0.013336978231361,2.7211722538939,0.287198549759103,0.00149440920668752,-0.0254415548547729,-210.941099932723,-0.022889022051493,2.7121521053966,0.287578683709791,-0.00082220422246795,-0.0313045427662535,-200,0,0,0,0,0,0,1,-6.87566850553267,0.127998466349781,-2.29384993416786,0,0,0
410,-210.756819288122,0.0148954867863817,2.69578629722763,0.279763306406087,0.00162260578571747,-0.0253268440483479,-210.980897790639,0.105768529397388,2.80134138755427,0.268004771384056,-0.00273079333011338,-0.00832335829127562,-200,0,0,0,0,0,0,1,-4.83868155712837,0.0615422742165617,-4.77034694598097,0,0,0
411,-210.480371707333,0.0165489249279179,2.66897330529908,0.27313068555418,0.00168426804923202,-0.0282960069198608,-210.570754819971,-0.0358126548443989,2.83398670427156,0.268158709322951,0.00201490273571788,-0.0493459353460229,-200,0,0,0,0,0,0,1,-5.67436129235368,-0.12986496388299,-0.733379873940821,0,0,0
412,-210.21008593642,0.0181683461527031,2.64120651979363,0.267441560858433,0.00155457372367549,-0.0272348732351375,-210.108086466811,0.0428444899299087,2.70360752642656,0.246464114962225,-0.00544446215273226,-0.0269215410985291,-200,0,0,0,0,0,0,1,-4.43023856259983,0.458757235413409,-2.71506094300021,0,0,0
413,-209.945343208074,0.0199523595216271,2.61334790284361,0.262043524238206,0.00201345099093817,-0.0284798099557716,-210.012436267223,0.00195309900643518,2.60122306104906,0.267210457972628,0.00481303669455854,-0.0293089401314234,-200,0,0,0,0,0,0,1,-6.69617326281706,-0.485209867468724,-2.27155210895578,0,0,0
414,-209.686931492894,0.0217233029647084,2.58493352250011,0.254780171216121,0.00152843382891554,-0.0283455381870453,-209.738994658092,-0.108408735996815,2.55756998089917,0.247541556269035,0.0077966571150216,-0.0487241213393986,-200,0,0,0,0,0,0,1,-5.27616631071866,-0.562848239508529,-0.242727827858477,0,0,0
415,-209.434708435828,0.0229703945534848,2.55727999058617,0.249666786499716,0.000965746957258828,-0.0269591143401904,-209.484816682431,0.0923453771464631,2.40863258666312,0.238034530042643,0.00839773123545585,-0.0282364259432515,-200,0,0,0,0,0,0,1,-4.83381963940264,-1.02446387783851,-1.99362257900109,0,0,0
416,-209.18776905135,0.0234239793422654,2.53013385611022,0.244212009838182,-5.85799890555974E-05,-0.0273305873696404,-209.332805880985,-0.0642009738293187,2.67684530830397,0.221508484947969,0.00779230386920455,-0.0375056985893672,-200,0,0,0,0,0,0,1,-3.48523673282599,-0.650828439261818,-1.60312075767122,0,0,0
417,-208.945591240343,0.0230400353313685,2.5025127305883,0.240143540867839,-0.00070931072065852,-0.0279097442143038,-208.980167905974,0.054209322773528,2.39588006359696,0.240671760143388,-0.00760196216143748,-0.0309531033106954,-200,0,0,0,0,0,0,1,-6.10684020239027,0.651777570596692,-1.69644979612437,0,0,0
418,-208.708686959058,0.0226567035768942,2.47483656593444,0.233665432975688,-5.73550918611637E-05,-0.0274395534826326,-208.560371009407,0.10822665544787,2.36082363272289,0.23952092779942,0.000985368706088728,-0.0176147101736785,-200,0,0,0,0,0,0,1,-6.83135076112709,-0.314990181504612,-2.96017624807793,0,0,0
419,-208.478857624099,0.0224419508833008,2.44722398922323,0.22599326860279,-0.000372152632303917,-0.02778202142112,-208.623505725438,-0.0818469442338978,2.48198254669134,0.225821336586647,-0.00811399734891843,-0.0273692933324857,-200,0,0,0,0,0,0,1,-5.33512220778954,0.975093623359639,-2.22703576013412,0,0,0
420,-208.255867308777,0.022557421537174,2.41928956542589,0.219987410875746,0.000603091963710303,-0.0280840209934494,-208.379544019805,-0.00393501833796792,2.31645483201357,0.232654216483893,0.00610394499744058,-0.0176926224360403,-200,0,0,0,0,0,0,1,-6.50633360877939,-0.602524463068122,-2.86364742042312,0,0,0
421,-208.039548311408,0.0228593439579282,2.39102610718018,0.212650604269361,7.50706621152909E-07,-0.0284394831698113,-207.98913011672,0.0746464155467182,2.58147532341846,0.214387207415377,0.00739730973840671,-0.0328287972069783,-200,0,0,0,0,0,0,1,-5.46046050809735,-0.889023804934108,-1.8800709261391,0,0,0
422,-207.829882240964,0.0224156622150115,2.36263582681803,0.206681765225554,-0.000888116126251358,-0.0283382995083691,-207.889123229944,-0.00214285177246341,2.33084234760377,0.21107486928085,0.000806929685302434,-0.0276687330749213,-200,0,0,0,0,0,0,1,-5.3292404681966,-0.0764072649853166,-1.89481138771541,0,0,0
423,-207.626128325736,0.0214894199178708,2.33432007496046,0.20082626623163,-0.000964370559916959,-0.0282904835300357,-207.570017772941,-0.0575042233417333,2.3225739978954,0.177321807295291,0.0015945066804187,-0.0174816147132502,-200,0,0,0,0,0,0,1,-2.59214518364758,-0.0444422213584032,-2.89698652446578,0,0,0
424,-207.427212259141,0.0205028601544173,2.30501645449356,0.197005112631405,-0.00100875060648129,-0.0303149761207576,-207.392285840557,-0.0468673017043209,2.36693730990125,0.201997165746248,0.00400243501246708,-0.0366617361036506,-200,0,0,0,0,0,0,1,-5.41514489351076,-0.306508897838066,-1.06770100943745,0,0,0
425,-207.232995160715,0.0193409362600912,2.27512976999504,0.1914296538925,-0.00131509892895678,-0.0294558099959216,-207.153438413152,0.018911512564512,2.15871626183853,0.198919044808734,-0.0248609758765253,-0.0453496220337353,-200,0,0,0,0,0,0,1,-5.58502765456952,2.44827456252351,0.217529679696475,0,0,0
426,-207.044149217406,0.0192500626240222,2.24672571228157,0.186263373525932,0.00113334936624247,-0.0273499096608896,-206.852256760163,-0.000644519790511333,2.226385917308,0.194172258046302,0.00557770662662667,-0.0510226751362175,-200,0,0,0,0,0,0,1,-5.71271228430361,-0.556481623081644,0.649495679005741,0,0,0
427,-206.860429687544,0.0201052625483669,2.22065700367832,0.181177031091607,0.000577048085013479,-0.0247851545275697,-206.753560553496,0.21613929693563,2.03908202163512,0.178646116461289,-0.00163584787516216,-0.0141658107716187,-200,0,0,0,0,0,0,1,-4.35749053913675,-0.268693806355043,-2.66158296610836,0,0,0
428,-206.681904355384,0.0205480239115032,2.1953747606515,0.17587334469826,0.000308472394059119,-0.0257768831363033,-206.493472985264,-0.00856134129811424,2.22541083435643,0.176227149628943,0.0181132723307398,-0.0150431779381298,-200,0,0,0,0,0,0,1,-4.63576899236562,-1.79420455047775,-2.94650387489988,0,0,0
429,-206.508870990182,0.0199594578692291,2.16904076737657,0.170193041393238,-0.00148560720587899,-0.026888486304718,-206.27402367874,-0.010214778632701,1.94238098605487,0.17223984580171,-0.00209745060060136,-0.0318598997728832,-200,0,0,0,0,0,0,1,-4.67593722269175,0.230174617325537,-0.698771994821421,0,0,0
430,-206.341045212599,0.0185890089752279,2.14262234402868,0.165459105864014,-0.00125529255793253,-0.025946181397407,-206.288111760352,0.191854122878308,2.05900809018951,0.162283994322997,0.00522857300346688,-0.0328463315004948,-200,0,0,0,0,0,0,1,-3.65217591159666,-0.906565546103305,-0.83338303032953,0,0,0
431,-206.177521057906,0.0168804882795285,2.11686786792961,0.16158953884643,-0.00216175050181445,-0.0255609891031784,-206.173843306536,-0.180827217905673,2.13205316550845,0.154329433304308,-0.0132753421476312,-0.00881321041491932,-200,0,0,0,0,0,0,1,-3.08525671735925,1.68918865057446,-3.38278528952497,0,0,0
432,-206.018170676824,0.0155633702308335,2.09023424225979,0.157110400851167,-0.000472487443928014,-0.0277042063996087,-206.37554987878,0.00508524090715178,2.09523580855373,0.15932030051312,0.00530625068060515,-0.0212186000538635,-200,0,0,0,0,0,0,1,-3.18093029375267,-0.540795549874818,-2.06861161172111,0,0,0
433,-205.863055736504,0.0148205287656774,2.06207468940239,0.153119220279099,-0.00101319754390815,-0.0286130701480283,-205.872662268283,0.064652450161661,2.12703153381752,0.14208906307241,-0.00476100243403891,-0.0213024383666228,-200,0,0,0,0,0,0,1,-2.46358177067445,0.346795343080569,-2.12381923097277,0,0,0
434,-205.711622982817,0.0139807606806483,2.03282885041582,0.149745863699037,-0.000666339232132656,-0.0298770622641487,-205.543373689693,0.138787970371109,2.0719687787226,0.142684542721465,-0.000700311548341776,-0.0315380538841689,-200,0,0,0,0,0,0,1,-3.18170689276137,-0.20754478590804,-0.990132169028316,0,0,0
435,-205.563636636807,0.0132106961834847,2.00299081102435,0.146227016517218,-0.000873791907163383,-0.0297974083422769,-205.583766276427,-0.005959865616121,1.92206942878147,0.154139987486145,-0.0124110250135284,-0.0347042773393609,-200,0,0,0,0,0,0,1,-4.24646619575966,1.25302223258508,-0.37371112362686,0,0,0
436,-205.419509594953,0.012963480912631,1.97374921336015,0.142027724416195,0.000379359097675611,-0.0286838734121008,-205.488252018611,-0.0814439525928026,1.97874673905681,0.14336993500795,0.0181417196987737,-0.0410791236126213,-200,0,0,0,0,0,0,1,-3.36048946357222,-1.65128406469176,0.150418883148513,0,0,0
437,-205.279066658364,0.0125172512196118,1.9456654464719,0.138858843702486,-0.00127182030502289,-0.0274822174358122,-205.266290822443,-0.0613266437903466,1.90401276033987,0.135041339384395,0.00574426221289652,-0.0387871735313478,-200,0,0,0,0,0,0,1,-2.97155229355392,-0.451772933708959,0.0706918324550361,0,0,0
438,-205.141633979253,0.0110195914253846,1.91866557297876,0.136007100905641,-0.00172350108430836,-0.0265162307759102,-205.046968219943,0.143176415540629,1.74772841231555,0.130893417157913,0.0104241016638258,-0.0274308425758623,-200,0,0,0,0,0,0,1,-2.99540527590515,-1.32876299746384,-0.752372567044871,0,0,0
439,-205.007245096015,0.00863175417721572,1.89227235029299,0.132770923834778,-0.00305217625382935,-0.0262687437170899,-204.92517163378,0.0117918421815563,1.84951432041854,0.136727682059153,-0.0162477383412546,-0.0191183937966378,-200,0,0,0,0,0,0,1,-3.82242493835608,1.60119014976235,-1.7871892611733,0,0,0
440,-204.876692382289,0.006380227147284,1.86585217021651,0.128334511100484,-0.00145087912530818,-0.0265696030266997,-204.80077641941,0.254511988712926,1.65829325606217,0.132766786498133,-0.00688148957114314,-0.025980822847557,-200,0,0,0,0,0,0,1,-3.67512581099272,0.179124979688462,-0.718504227368651,0,0,0
441,-204.750271563699,0.00501896745948526,1.83958239911345,0.124507539320406,-0.00127164512866273,-0.0259682046420918,-204.878824763829,-0.0228827794367527,1.8555754021778,0.112603887335314,0.00679731734090912,-0.00514999202405075,-200,0,0,0,0,0,0,1,-1.50273920587254,-0.633966175217407,-3.19615160195053,0,0,0
442,-204.627259287453,0.00343035504255456,1.81232536229595,0.121515985304199,-0.00190558459672757,-0.0285445148969689,-204.620254128023,-0.0218977793976189,1.92396194873131,0.128693136349313,0.0051972522572774,-0.007780579016149,-200,0,0,0,0,0,0,1,-3.62880537888502,-0.475929666932502,-3.06986599584771,0,0,0
443,-204.508163632404,0.00128685509702653,1.78302896375911,0.116674782481388,-0.00238142115113815,-0.030046094338233,-204.579843967609,-0.157944996881241,1.81766609496559,0.0976703648774083,0.00837516040732315,-0.0264316392777089,-200,0,0,0,0,0,0,1,-0.607348552522931,-0.521626046969833,-0.992168262160295,0,0,0
444,-204.392094478642,-0.00135537144483381,1.75248748144456,0.11546321404876,-0.0029030345618213,-0.0310363280702366,-204.387471025847,-0.0607548937461371,1.670689703318,0.109092196158603,0.00248447016917819,-0.019186184440916,-200,0,0,0,0,0,0,1,-2.13427756416592,-0.126937229425544,-1.42276096254439,0,0,0
445,-204.278016534963,-0.00432184332749938,1.72110851681429,0.112692499538284,-0.00302991467103193,-0.031720355452194,-204.269723333371,0.0359577802801464,1.79239499829617,0.0950669699726243,-0.00870070053011232,-0.0542350960119837,-200,0,0,0,0,0,0,1,-0.967250330519658,0.798154492450939,1.83871960460603,0,0,0
446,-204.165454071632,-0.0069526571789359,1.69024211523593,0.112433331365539,-0.0022317189969587,-0.0300123368898651,-204.275815109965,0.145512719295392,1.7936550683543,0.12477575014851,0.00378061951497832,-0.0178447380038942,-200,0,0,0,0,0,0,1,-3.92594479492104,-0.669087390088616,-1.80283633631917,0,0,0
447,-204.055290051984,-0.00951886171839206,1.66012717461938,0.107894749954619,-0.00290069630773807,-0.0302155037516903,-203.883014254251,-0.147392980269434,1.5719551146235,0.111024835028442,0.00757572054667518,-0.021822653645892,-200,0,0,0,0,0,0,1,-3.33645499434283,-0.462786094128651,-0.961644864657803,0,0,0
448,-203.949211399425,-0.012650899894352,1.63005702892582,0.104262818895424,-0.00336338533840811,-0.0299231585268699,-203.851688948135,-0.0667035416514826,1.48103639239498,0.102551399054843,-0.00956480353241516,-0.0459873085150326,-200,0,0,0,0,0,0,1,-2.55176200921452,1.08988743654448,1.6366580667133,0,0,0
449,-203.845825550631,-0.0154692943202846,1.601264553191,0.102510025067742,-0.00227340905800138,-0.0276610115843332,-203.823558876987,-0.000127345217322982,1.69757088312346,0.0956835355893375,-0.00402590520585416,-0.0218248003911633,-200,0,0,0,0,0,0,1,-1.92123580495942,0.402845211020062,-1.2126617271306,0,0,0
450,-203.744554676704,-0.0175412525571013,1.57332400006082,0.100031597923021,-0.00187051201156822,-0.0282189910199815,-203.769721284098,-0.0375713773861524,1.6019495706749,0.0909669567589544,-0.00222653326210761,-0.0361988834531586,-200,0,0,0,0,0,0,1,-1.55725310770004,0.297796080983066,0.415989203966059,0,0,0
451,-203.645230295748,-0.0192628385892541,1.54547135667021,0.098617624409164,-0.00157266530273482,-0.0274856627722082,-203.616544951974,-0.0292331228151724,1.49404406743439,0.107010937812162,-0.0104214222325556,-0.0211180261754383,-200,0,0,0,0,0,0,1,-3.46800387726856,1.1006084688859,-0.876285517324959,0,0,0
452,-203.548463321443,-0.0202851458209284,1.51821377616106,0.0949166557784458,-0.000471955182902322,-0.0270278458096922,-203.5004210444,-0.125121559570692,1.47079083462132,0.0944596633961218,0.000336698890804777,-0.0414048039363291,-200,0,0,0,0,0,0,1,-2.44512425081119,0.216573230060905,1.19889872439027,0,0,0
453,-203.454467850679,-0.0206487701987274,1.49210897054637,0.093075237431759,-0.000255299096217556,-0.0251809488726764,-203.536664328388,-0.0696595886178804,1.58926573668424,0.0781002805526297,-0.0198912459806021,-0.0263726891029982,-200,0,0,0,0,0,0,1,-0.736699398487109,2.12844377529597,-0.541262563068648,0,0,0
454,-203.361948774947,-0.0198398352450166,1.46668920523512,0.0919628247826954,0.00187316408710681,-0.0256580916670631,-203.449088830485,0.0356797529262257,1.38139514593412,0.0857977372451196,0.00135830344065651,-0.0237484162710924,-200,0,0,0,0,0,0,1,-1.68159606354239,-0.207189849918102,-0.387948664758987,0,0,0
455,-203.270927348433,-0.0180702382586961,1.44107823735693,0.090080192557929,0.00166602375624611,-0.0255630135805821,-203.318689964113,0.0402958386784818,1.29441651939922,0.105158671615965,-0.00233428817697463,-0.0136321518453321,-200,0,0,0,0,0,0,1,-3.87848723337023,0.1528371403405,-1.22561785426523,0,0,0
456,-203.182956258689,-0.0163277368300216,1.41569640380956,0.0858622703746804,0.00181897306633231,-0.0251987773216053,-203.052977898089,-0.0410582632328498,1.36333618524615,0.0883558941437117,0.00580259223605018,-0.0307623958126319,-200,0,0,0,0,0,0,1,-2.72963361819338,-0.498142697139319,0.349567210770882,0,0,0
457,-203.098330205937,-0.0147577887374813,1.39112011266247,0.0833905118945065,0.00132091678240006,-0.0239527114629981,-203.206636195919,0.0695757773865306,1.4061659556922,0.0699135281922029,0.0110194960047688,-0.0210675920793099,-200,0,0,0,0,0,0,1,-0.578080427381886,-1.24110115524994,-0.705572703453404,0,0,0
458,-203.01546158159,-0.0140574127756193,1.36682972630465,0.0823465536314736,7.98291302391211E-05,-0.0246276072206749,-202.966148131773,-0.0446982774852685,1.52526555470938,0.0970922517345402,-0.00760671700558564,-0.0135054387768264,-200,0,0,0,0,0,0,1,-3.77692890990888,0.850068255529101,-1.69998723173613,0,0,0
459,-202.935285987496,-0.0135524936315064,1.34216187044244,0.078004716614809,0.000930003498821896,-0.0247061797211655,-202.903287850006,-0.0434305487526716,1.22377862675245,0.0611235400528656,-0.00682204529756664,-0.00788067810156379,-200,0,0,0,0,0,0,1,-0.305778305274518,0.769065627262007,-1.65948944334852,0,0,0
460,-202.857903180256,-0.0122379550751706,1.31663773431668,0.0767602846790418,0.00169906834196747,-0.0263415503769981,-202.791441328166,-0.171031216954409,1.24976770248703,0.078332163377329,0.00166402104336858,-0.0228563018141747,-200,0,0,0,0,0,0,1,-2.25033368140073,0.17566032957196,-0.213905223556592,0,0,0
461,-202.782294322491,-0.0104510190244769,1.29057041810808,0.0744577915583717,0.00187479681789315,-0.0257920711854147,-202.771417289767,0.0611938263749223,1.09567147858247,0.0848465974988214,0.00276139739563547,-0.026831411729132,-200,0,0,0,0,0,0,1,-2.9418251703476,-0.398527392313392,0.491798215748255,0,0,0
462,-202.709129783274,-0.00877543592989607,1.2655285105791,0.0718720688676906,0.00147636325688282,-0.0242906084537377,-202.718212317575,0.0323161880345073,1.38797782366683,0.0682838304507768,0.00350835086982197,-0.0265156894340482,-200,0,0,0,0,0,0,1,-1.3919584099274,-0.415467463051212,-0.124386703928836,0,0,0
463,-202.638005212939,-0.00750678253537757,1.24135890069047,0.0703772931845443,0.00106093798942744,-0.0240479606596089,-202.558305446678,0.246694795268945,1.25963163790791,0.0519250595492902,-0.0269255392002859,-0.0102413006024245,-200,0,0,0,0,0,0,1,-0.075895061573318,2.1991643294907,-1.49513321557336,0,0,0
464,-202.568110780933,-0.00534626255228903,1.21652113490334,0.0694109822738035,0.00326009545334566,-0.0256271562097261,-202.575446050625,-0.185196404899005,1.13494746716481,0.0665210713393531,0.0161480718599545,-0.0421150907012744,-200,0,0,0,0,0,0,1,-1.50121503268598,-1.24441437619744,1.94161413579782,0,0,0
465,-202.499014869209,-0.00270834235544669,1.19195800108922,0.0687818965250209,0.00201573937047553,-0.0234988461004457,-202.511765507281,0.201067684154396,1.26781725208298,0.0737419840934386,0.00339022248064207,-0.0178024844247218,-200,0,0,0,0,0,0,1,-2.35066739478246,-0.741157616373,-0.75538606169378,0,0,0
466,-202.431549618037,-0.00106314570691722,1.16852931347099,0.066148778741301,0.0012746496644391,-0.0233573750304314,-202.569293248361,0.0119601566621587,1.18826289069237,0.0581800934118902,-0.0106722880947399,-0.0297742856198207,-200,0,0,0,0,0,0,1,-0.679422844466641,1.04330849614967,0.60090278059733,0,0,0
467,-202.365661280601,0.000733173386333006,1.14545462946358,0.0656282572497325,0.00231798282964169,-0.0227917763635245,-202.482413240115,0.00184824866342104,1.24689928421525,0.0827537865530791,0.0021212497960758,-0.0134455539229523,-200,0,0,0,0,0,0,1,-3.3105521750786,-0.215821476934422,-1.14924317613528,0,0,0
468,-202.301864547409,0.00294329613907155,1.12278866115166,0.0619654300949479,0.002102256461113,-0.0225385560912126,-202.22905296194,0.0679095239405644,1.12552032880133,0.069223550713421,0.00493438307632708,-0.0182095207001162,-200,0,0,0,0,0,0,1,-2.46424914746216,-0.629257355513837,-0.430088587591041,0,0,0
469,-202.241187637589,0.00473096332726166,1.10049995218651,0.059388717729414,0.00147307252390671,-0.0220377408319285,-202.259280363973,-0.148761723854982,1.34684868987751,0.0565114084867695,0.00700584308715806,-0.0132475987760491,-200,0,0,0,0,0,0,1,-1.13258012073185,-0.403060861005843,-1.36893750215011,0,0,0
470,-202.182719054523,0.00600252159276005,1.07798829614023,0.0575481371529131,0.00107003819092894,-0.0229847750297324,-202.224747320122,-0.117362707869368,1.19928570706132,0.0697926271357886,-0.0059655225785272,-0.0221467113877608,-200,0,0,0,0,0,0,1,-2.52976807333533,0.831277673591455,-0.183900275346568,0,0,0
471,-202.126429735078,0.00748824042775377,1.05538346945891,0.0550309431995198,0.00190139282427638,-0.0222237866496169,-202.025789305231,0.13103094673874,0.844404221237129,0.0452215751264052,-0.0199276056570093,-0.00246400257247201,-200,0,0,0,0,0,1,1,-0.470578902179487,1.73069867222345,-1.44240818522706,0,0,0
472,-202.072044614812,0.0102549885103327,1.03250275738004,0.053738823730612,0.00363209713874526,-0.0235370849483436,-202.078371842197,-0.114817123687353,1.08107409375579,0.0509761067902516,-0.000309508904298218,-0.0282350333657749,-200,0,0,0,0,0,1,1,-0.940866994630793,0.260585137804528,0.661355149065909,0,0,0
473,-202.018663931544,0.014017398604688,1.00934876226471,0.0530229831560302,0.00389271539074153,-0.0227706063558647,-202.129786808312,-0.106702219535043,0.979941682504743,0.0600057613776224,0.00997765603237434,-0.0354071648431404,-200,0,0,0,0,0,1,1,-1.74100252113814,-0.784361164167348,1.58083311930456,0,0,0
474,-201.966132997711,0.0175179683202047,0.987556398092788,0.0520398497516079,0.00310841770331029,-0.0208137066547008,-201.930605392197,-0.0711333082524526,0.866554765767966,0.0431609221739676,-0.0106353752502687,-0.0261827368824263,-200,0,0,0,0,0,1,1,-0.454881433003428,1.20580414153178,0.885164156706698,0,0,0
475,-201.914180577042,0.0212293004848086,0.967111301590899,0.0518654195671795,0.00431424133729655,-0.0200764246034263,-201.959643451149,0.010284307345349,1.03107641897335,0.0432521003505486,0.00403214388002808,-0.0263880538214602,-200,0,0,0,0,0,1,1,-0.405923132756938,-0.423783002693506,0.576652544199317,0,0,0
476,-201.862452937026,0.0253316613725444,0.947256272970705,0.0515901574430871,0.00389047441752428,-0.0196335285104619,-201.853978306482,-0.0201073805605979,0.824393432893175,0.045101124821805,0.0233246929432875,-0.00792059763090796,-200,0,0,0,0,0,1,1,-0.802155869215946,-2.29225453320756,-0.856727102695554,0,0,0
477,-201.811514484245,0.0280760201831431,0.92730792400589,0.0502865725462774,0.00159823937248868,-0.0202626117170306,-201.926846433469,0.259790331472812,1.06358654349782,0.06394079866154,0.00168449731125686,-0.0253349830585071,-200,0,0,0,0,0,1,1,-2.54038699921504,-0.68803039407131,0.406325218855063,0,0,0
478,-201.762344065434,0.0293302876523419,0.907701134095283,0.0480549414662778,0.000910289893541177,-0.0189500058089645,-201.60109948267,0.117089718952751,0.933574638709513,0.0237080486504091,0.00964287242602617,-0.0212513132976352,-200,0,0,0,0,0,1,1,0.831394100298258,-1.19846668050812,0.257982052344493,0,0,0
479,-201.7139564863,0.0296413352044896,0.888541173363744,0.0487201339705355,-0.000288200857059961,-0.019370222802163,-201.746257636449,0.0911551340825912,1.04656077081544,0.0465642867500768,0.0105184545674448,-0.0210851576430858,-200,0,0,0,0,0,1,1,-1.16391340211058,-1.23415572490966,0.0153942226776929,0,0,0
480,-201.665838521879,0.0287360774456553,0.869329719278954,0.0475160356114555,-0.0015223205567749,-0.0190521733168163,-201.847195483789,0.00899548007665746,0.923337535860822,0.0570179109456811,-0.00914133514478302,-0.0335907909299765,-200,0,0,0,0,0,1,1,-2.00740012699103,0.896142554324987,1.51240402127601,0,0,0
481,-201.618936460197,0.027661866651086,0.8512968770818,0.0462890767851244,-0.000626106730553806,-0.0170129913605062,-201.701649630088,-0.158451734562687,1.00664923756501,0.0391126418350957,-0.00979826250671538,-0.0226859246379326,-200,0,0,0,0,0,1,1,-0.507964923333029,1.29672971979691,0.255293988663235,0,0,0
482,-201.572901226854,0.0276841364325961,0.834393950935015,0.045781584229289,0.000670640241468369,-0.0167926544096262,-201.501466452228,0.137809178844611,0.858292778639229,0.0469376616271893,0.00294120409123296,-0.0124668037964088,-200,0,0,0,0,0,1,1,-1.69083325826392,-0.569738766812517,-0.469905177637583,0,0,0
483,-201.52806580714,0.0280699346501754,0.817677511956956,0.0438894167092676,0.000100950771755851,-0.0166394183926073,-201.533984727707,0.0144887148664727,0.680864539569148,0.0607097456550438,-0.00592607319396242,0.00174288138633858,-200,0,0,0,0,0,1,1,-3.00300511009054,0.563629889663297,-1.53601721777216,0,0,0
484,-201.485953552206,0.0284527449722016,0.800964398723717,0.0403351256993142,0.000664663896582041,-0.016785279451003,-201.363478946992,0.0238637637105484,0.884208223055329,0.0362801849157098,-0.00454536996947284,-0.0179647326395732,-200,0,0,0,0,0,1,1,-0.901060597586322,0.406809469526187,0.0280568178466625,0,0,0
485,-201.446097887331,0.0293208303485423,0.784289875189726,0.0393763955139932,0.00107150135006808,-0.0165633692778667,-201.431987425135,-0.114171115665021,0.469236036264196,0.0408581639989746,-0.00316764712443819,-0.0328220847256909,-200,0,0,0,0,0,1,1,-1.2218415496277,0.545106943773861,2.34373640004069,0,0,0
486,-201.406782912002,0.0306649141069213,0.768930266254796,0.0392546955258559,0.00161666043893514,-0.0141558119012304,-201.400679542595,0.0355979119300282,0.662888223757487,0.0414437553818893,0.0126547526803918,-0.0029140827183469,-200,0,0,0,0,0,1,1,-1.34301645299885,-1.33667109189924,-1.03436817568029,0,0,0
487,-201.368454597408,0.0316132596826143,0.754528334362874,0.0374018139807244,0.000280024435733311,-0.0146472653285805,-201.32603255876,0.078523595732402,0.739159228436166,0.0287826124390178,-0.00772395342189283,-0.0171810146379418,-200,0,0,0,0,0,1,1,-0.226196126381596,0.615348150724479,0.239783006921843,0,0,0
488,-201.3311826898,0.032200964915344,0.7399250046665,0.0371421343626611,0.00089538104211862,-0.0145592963279816,-201.301093913185,0.0261676472272429,0.594208891050664,0.0474412865938532,-0.00642069648809245,-0.00367345890957205,-200,0,0,0,0,0,1,1,-2.14194083301586,0.589734354354759,-0.821071891144122,0,0,0
489,-201.295264999732,0.0333912469645933,0.725409648849891,0.0346933768021052,0.0014851764523406,-0.0144703707703397,-201.230312676519,0.00845320560295772,0.927660564576254,0.0383401467772976,0.00444492560133902,-0.013351141528743,-200,0,0,0,0,0,1,1,-1.37338932469121,-0.461398971339818,-0.520206976278203,0,0,0
490,-201.261386671267,0.0346457468384048,0.710931558068787,0.0330633663060464,0.00102381667134963,-0.014485122630108,-201.293330599053,0.0131117673827455,0.661412044037254,0.0388982563169021,-0.00295325384751987,-0.0185570491257988,-200,0,0,0,0,0,1,1,-1.30316443358323,0.269101849986496,0.532880824505368,0,0,0
491,-201.228851642117,0.0358041387200284,0.696883975993793,0.0320071625344679,0.00129296202976838,-0.0136096018972146,-201.118276874514,0.0965019073007152,0.698813189388072,0.0301337058434433,-0.015441134422732,-0.0300816983582037,-200,0,0,0,0,0,1,1,-0.776816835315796,1.35110962767177,1.61054345704423,0,0,0
492,-201.196879333235,0.0377726752716889,0.684055966030898,0.0319382204375076,0.00264410555065219,-0.0120464067303369,-201.323818945654,0.150999297327211,0.53938391530216,0.0158504803595154,0.00644120517783267,-0.0192231430443997,-200,0,0,0,0,0,1,1,1.06258985535551,-0.946119112437689,0.843546473835652,0,0,0
493,-201.164357403327,0.0399437106003205,0.672008205537871,0.0331057265036002,0.00169795883255971,-0.0120496386981221,-201.028464495947,0.178383245098273,0.693043395478487,0.0387749540303693,0.00291515283777705,-0.022982017782239,-200,0,0,0,0,0,1,1,-1.82056641114261,-0.648281773974251,0.912114987266929,0,0,0
494,-201.131909255168,0.0413175627434042,0.660689046533743,0.0317912907578082,0.00104973886757414,-0.0105881287037746,-201.238752285934,0.113104736950228,0.595543305754638,0.0334901692942977,0.0065379519260752,0.00768593542321067,-200,0,0,0,0,0,1,1,-0.871512357562338,-0.880004666507975,-1.95968015383034,0,0,0
495,-201.101061176657,0.0419273090426347,0.649348411124721,0.0299043087311523,0.00016974903691778,-0.0120923432230542,-200.949363360931,0.115175826793758,0.668366657265553,0.0324021460675363,0.00199524896182032,-0.010926770201691,-200,0,0,0,0,0,1,1,-1.3414878848916,-0.429876549769548,-0.244056294362008,0,0,0
496,-201.071886773752,0.0418821436102008,0.63736899358341,0.0284446851849097,-0.000260087603530387,-0.0118658818837016,-201.023104756524,-0.096609598856881,0.67498531127034,0.0233233303549815,0.00137458111951368,-0.00600570797677323,-200,0,0,0,0,0,1,1,-0.286123522449939,0.055761085762394,-0.749399824863356,0,0,0
497,-201.043835379377,0.0416499416883559,0.625138950284906,0.0276578775782393,-0.000204322297504878,-0.0125938848416565,-201.159254930913,0.00216764985823353,0.63537495278191,0.0188819475190958,0.0105501053216535,-0.00942332626017799,-200,0,0,0,0,0,1,1,0.430315109917035,-1.05934583188181,-0.328417279546021,0,0,0
498,-201.016156066515,0.0409159419492352,0.612189370697237,0.0277005325941082,-0.00126368342829652,-0.0133053092710926,-200.87870639864,-0.0293346839878253,0.770608411650457,0.0238339211634199,-0.0100085010665115,-0.0091775618707785,-200,0,0,0,0,0,1,1,-0.625979319062349,1.0595194746268,-0.623460636223064,0,0,0
499,-200.988967150042,0.0401820284925189,0.598659495450701,0.0266771961357846,-0.000204148473489244,-0.0137540193565515,-201.015565420828,0.0229868864885333,0.607323169743816,0.0505573802871744,-0.00807275633259589,-0.0041708409800744,-200,0,0,0,0,0,1,1,-3.02460718706045,0.761301860282523,-0.797562241480192,0,0,0
500,-200.963888549682,0.0403585785146142,0.58519705848297,0.0234803432933352,0.00055724183585436,-0.01316950321856,-200.827952848537,0.209196736282305,0.675997178136091,0.000943996610465507,0.00202587054035532,-0.0067686991464021,-200,0,0,0,0,0,1,1,1.56150603602824,-0.620980526600142,-0.675124441631972,0,0,0
501,-200.939980880324,0.0406053067688091,0.571245462894282,0.0243344124010563,-6.3791045382793E-05,-0.0147340729902002,-200.850681481621,-0.0342422674670572,0.683363442659273,0.0151733161448533,-0.00320409173032405,-0.0214098613594344,-200,0,0,0,0,0,1,1,0.184031348757571,0.38889370796652,0.774259250624894,0,0,0
502,-200.915461745356,0.0407359650269388,0.556698457760454,0.0247041038461474,0.000325101751028872,-0.0143601142763428,-200.909269312318,0.0156540271129509,0.470316659452072,0.0238649135550423,0.00701229295766859,-0.0102977995965252,-200,0,0,0,0,0,1,1,-0.567952730867261,-0.732537349992761,0.0891466407483757,0,0,0
503,-200.891068420007,0.0406948094545271,0.542413203292478,0.0240826984676942,-0.000407417515815899,-0.0142101466061609,-200.836700412789,0.130366930298621,0.451337014389422,0.0291996228446146,-0.0015151278934187,-0.0165661028964871,-200,0,0,0,0,0,1,1,-1.24656145888246,-0.109221071255372,0.753936260869862,0,0,0
504,-200.867426084766,0.0402328055741514,0.52873549438765,0.0232025138266554,-0.000516595468654117,-0.0131449141291891,-200.766054132129,0.110735906798544,0.500066194676113,0.037402765362918,-0.00818171268423335,-0.00798613941748084,-200,0,0,0,0,0,1,1,-2.20816827203397,0.596699454826246,-0.201518447604142,0,0,0
505,-200.845316791122,0.0400145972489621,0.515947892283628,0.0210164666447615,8.01709039422693E-05,-0.0124293775413852,-200.89666351385,-0.0927917617479818,0.448607117188399,0.0108081842378474,0.00766718005448036,-0.00635070441823375,-200,0,0,0,0,0,1,1,0.712508603915833,-0.581134481952073,-0.262143792553422,0,0,0
506,-200.82414018971,0.0398041921209842,0.503126577845655,0.0213364872099221,-0.000500987181588333,-0.0132134050459161,-200.691279046432,-0.0267721821341274,0.500977125060325,0.0213761748100503,-0.0154959872766136,-0.00337438234302557,-200,0,0,0,0,0,1,1,-0.755059388141793,1.60314309192962,-0.664516015818094,0,0,0
507,-200.8033808738,0.0401047890475373,0.489711439472928,0.0201820577594816,0.00110217512964143,-0.0136163990710132,-200.778820781439,0.0270017112422083,0.468797786132311,0.00468275055601864,-0.0155382941846947,-0.0201536841083748,-200,0,0,0,0,0,1,1,1.08936650727593,1.49982599598505,1.07777283857285,0,0,0
508,-200.78254255602,0.0419568672508535,0.476190312729793,0.0214947425220512,0.00260197413425671,-0.0134264313502361,-200.913309611759,-0.00822206711611739,0.426000397174628,0.0124573062012914,-0.0113210344441439,-0.0314678859285362,-200,0,0,0,0,0,1,1,0.580888603388836,1.14854757864663,2.29478779850436,0,0,0
509,-200.760307628346,0.0451331159091721,0.463511615100126,0.0229758326390583,0.00375051791218658,-0.0119316110269623,-200.584330147828,0.0421079845933693,0.402300123681346,0.016922805912707,0.00683608939646353,-9.12294883329591E-05,-200,0,0,0,0,0,1,1,-0.523620295614223,-0.767824908833092,-0.795477298529396,0,0,0
510,-200.737840172189,0.0484997298993792,0.451263661823804,0.0219588960076969,0.00298270426686083,-0.0125638820749717,-200.642682400233,-0.0158867621452795,0.525387503295336,0.015458193564146,-0.0120267089905228,0.0100480269964032,-200,0,0,0,0,0,1,1,-0.26045455594937,1.23444442334284,-2.05557770623099,0,0,0
511,-200.716591691054,0.0520996574320561,0.437773376970752,0.0205373644108699,0.00421714406956134,-0.0144161019673771,-200.815164700848,0.138350583549545,0.637553314119744,0.0173685389669815,0.00408900029011369,-0.00897325490596376,-200,0,0,0,0,0,1,1,-0.106524495001667,-0.685601196110459,-0.377781137643113,0,0,0
512,-200.69627968752,0.0559740044736138,0.423119913898531,0.0200865263364284,0.00353154383033567,-0.0148906504634795,-200.688241679641,-0.0432654011167319,0.328717757827338,0.00727883526116585,0.0098946683278866,-0.0150952362840649,-200,0,0,0,0,0,1,1,0.648599833166173,-0.902936030555196,0.852088112751812,0,0,0
513,-200.675783601843,0.0590540753016028,0.408334662762321,0.0209058189133485,0.00262859302860127,-0.0146802164123418,-200.664881097543,0.0113019962535097,0.531850170929124,0.0111491491958736,0.0219839151687465,-0.00400082276133429,-200,0,0,0,0,0,1,1,0.214847275497902,-2.22099550938167,-0.663618065724819,0,0,0
514,-200.655036249628,0.0605721682200988,0.393212736755127,0.02058859657046,0.000407586800725362,-0.0155635192009092,-200.765489949419,0.121744137537785,0.410428634033774,0.0135562750718512,0.00391933222123634,-0.0378990427480902,-200,0,0,0,0,0,1,1,0.175352391653773,-0.635421497199204,2.96904700674147,0,0,0
515,-200.633709416096,0.0606620535563369,0.378787038886546,0.0220661169070811,-0.00022782182658423,-0.0132885192984391,-200.572570801778,-0.0346856767661225,0.37903931106904,0.0236595271237133,0.0102879296001369,-0.0193166291709648,-200,0,0,0,0,0,1,1,-1.220811108815,-0.959421606481447,1.1735842949584,0,0,0
516,-200.611957462566,0.0599545455849068,0.366211222576378,0.0214384768059403,-0.00118719852089572,-0.0118628640231611,-200.663226736213,-0.0429067228254652,0.324741436086191,0.0317911429681912,-0.002078001971743,-0.0123768404717731,-200,0,0,0,0,0,1,1,-1.85266082439254,0.293613642825231,0.588201175004926,0,0,0
517,-200.591251570586,0.0589141867753543,0.354968714608415,0.019973914082034,-0.000893524068916031,-0.0106215492440034,-200.655624075441,0.0134785602408638,0.356744442401346,0.0196009578744366,0.00910886277104641,-0.00359550410884414,-200,0,0,0,0,0,1,1,-0.648847636560899,-0.937843397586368,-0.353938473918278,0,0,0
518,-200.571727416074,0.0575517527450907,0.344258549466924,0.019074402933587,-0.00183134961494742,-0.0107984168711628,-200.684455875668,-0.0356620346606483,0.388283804877031,0.0226016057798034,0.0011710727570607,-0.0027621062368606,-200,0,0,0,0,0,1,1,-0.891248826644292,-0.0457832063847732,-0.500356986068002,0,0,0
519,-200.553244324869,0.0556975269213301,0.33337085732522,0.017891786896627,-0.00187710838841915,-0.0109764851014621,-200.528377559897,0.210280577678566,0.48742342394421,0.0226903594470349,-0.0235946535713645,-0.0183676443365819,-200,0,0,0,0,0,1,1,-1.21228082490876,1.93890420177932,0.86191758576977,0,0,0
520,-200.535736683233,0.0547898946332311,0.322974963599572,0.0171240670707089,6.18385362046538E-05,-0.00981499331825111,-200.502897405855,0.126605550182387,0.374435434856632,0.00635226814827893,0.000195308569365955,-0.0238795705312006,-200,0,0,0,0,0,1,1,0.370567996882069,-0.27274195730137,1.63908618340679,0,0,0
521,-200.518115972029,0.0547153642481709,0.31367426980564,0.0181178645893707,-0.00021090477026669,-0.00878683165657104,-200.653334446057,0.0207087995629364,0.43395783424565,-0.000100652950370483,-0.0115312379567751,-0.0207117599668571,-200,0,0,0,0,0,1,1,1.31673418715182,1.11170619655164,1.20326032819441,0,0,0
522,-200.499203435126,0.0550602991413369,0.304972181285477,0.019707361329779,0.000900768189734093,-0.00861802672871048,-200.607506455582,0.0436236681765526,0.275717427732287,0.00271539118655399,-0.0151686887185851,-0.0118309838699255,-200,0,0,0,0,0,1,1,0.943473792507943,1.42962153550541,0.63166353152798,0,0,0
523,-200.479007124244,0.0566758679068777,0.296285969164221,0.0206852842689867,0.00233036448573037,-0.00875482061227115,-200.414069931938,0.0195525192477937,0.310294261391827,0.015577929164482,0.0185051140023548,-0.0126982444520944,-200,0,0,0,0,0,1,1,-0.72965305257231,-1.88961643873107,0.649235922425783,0,0,0
524,-200.458547932129,0.0580614404257405,0.287895998568892,0.0202334854547429,0.000440774568445227,-0.00802494570717177,-200.510189498699,-0.0783415720881184,0.333477729431017,0.0275242307562085,-0.00688542029255852,-0.0101646147667052,-200,0,0,0,0,0,1,1,-1.73204407822275,0.845225173432089,0.349506017808484,0,0,0
525,-200.439046779506,0.0589248582459514,0.280363571659636,0.0187693128114283,0.0012860553570091,-0.00703930856447532,-200.51033515011,0.0525789964475069,0.303558548099378,0.0277177309083849,0.0163624025712833,0.0015845880993985,-200,0,0,0,0,0,1,1,-1.75110279061929,-1.74139825002335,-0.765575906138607,0,0,0
526,-200.421301730758,0.0593402419144343,0.273344400631159,0.0167208815040267,-0.000455293557644339,-0.00699818887049447,-200.270260535342,-0.0333803265277454,0.193914800487337,0.0250988198489692,-0.0128175755541567,-0.000659099469766375,-200,0,0,0,0,0,1,1,-1.9693609142128,1.34851820847116,-0.321919653998036,0,0,0
527,-200.405584886126,0.0595592393018639,0.266615263720314,0.0147131098998628,0.000893283457402425,-0.00645926148167392,-200.240679628605,0.0494455568564625,0.164458042846123,0.0173711967451709,-0.00539038972540776,0.000832149074119214,-200,0,0,0,0,0,1,1,-1.25576041730625,0.440147858827851,-0.412130993104168,0,0,0
528,-200.391591766129,0.0606726192099127,0.260205798574122,0.0132732478047189,0.00133346754264763,-0.00635908169565788,-200.375818090481,-0.0421593133177558,0.19182002708956,0.0190793352150753,-0.00702792996528781,-0.0144404661492033,-200,0,0,0,0,0,1,1,-1.15629734054615,0.787111623164292,1.06040656074121,0,0,0
529,-200.378617286337,0.0623996661917413,0.254504439982694,0.0126763365808616,0.00212062138480956,-0.00504340207014028,-200.301014041768,0.0363277447623738,0.231822788422874,0.0111004745910493,0.00102871292506359,-0.00799914063947416,-200,0,0,0,0,0,1,1,-0.508019375568447,-0.175526782031107,0.336268487101668,0,0,0
530,-200.366146125908,0.0644325356727763,0.249642248241773,0.0122662126718678,0.00194511235384755,-0.00468082305509879,-200.295894035952,-0.0121999946691902,0.0603594777101093,0.00185705204617032,0.00249093106308691,-0.00284841278310886,-200,0,0,0,0,0,1,1,0.406082867286661,-0.22469311697031,0.164122322890668,0,0,0
531,-200.353736989185,0.0662652981219362,0.244833911187275,0.0125520302024011,0.00172040771121795,-0.00493598245666027,-200.236420701383,0.105477718732571,0.143633643581276,0.0275519321869405,0.00271903058999301,-0.00837399036201102,-200,0,0,0,0,0,2,1,-2.28235181592715,-0.482858496464442,0.550131749038551,0,0,0
532,-200.342094181272,0.0677443163751718,0.240628719932955,0.0107342676623293,0.0012376230547591,-0.00347365890306461,-200.372844720528,0.112904832961295,0.327526628953514,0.0142889306443601,0.012325431016387,-0.000164797349670615,-30,0,0,0,0,0,0,2,339.316796376621,-1.45835276756129,-0.638573522939966,0,0,0
533,-200.186321712017,0.0682475265093995,0.14915933559869,0.300737737373396,-0.00023120747552126,-0.179585456723194,-200.258229627907,0.124799372844546,0.339931439843406,0.29818021895817,0.00247056716188305,-0.18102938376468,-30,0,0,0,0,0,0,2,310.698437359997,-0.496655461877398,17.4230754967812,0,0,0
534,-199.748340226561,0.067763252601939,-0.103652478986773,0.575164787886717,-0.000737346116330878,-0.326151879120516,-199.763039904809,0.0240980634138476,-0.358070724520248,0.566963244102813,0.00518356103227921,-0.326303195871781,-30,0,0,0,0,0,0,2,282.829755399337,-0.566552230055617,33.3464610362186,0,0,0
535,-199.04390926123,0.0667383706597036,-0.489343878869408,0.833648246441384,-0.00131242324014621,-0.445337843553955,-199.112671133375,-0.0382840798299344,-0.583630958291335,0.834078696146519,-0.0215190114629686,-0.464264841942837,-30,0,0,0,0,0,0,2,254.817472652098,2.22846930595673,47.5937461108664,0,0,0
536,-198.08942216257,0.0665363984914178,-0.981186961180559,1.07528802288719,0.000908473565496617,-0.538448099098453,-198.159296378665,0.00391666685043665,-1.23049673018521,1.07119302696068,0.00642213641408008,-0.525639017304727,-30,0,0,0,0,0,0,2,229.199290061261,-0.650046975108881,55.0248951908431,0,0,0
537,-196.90242574162,0.0671164833408328,-1.55661181021732,1.29867492416101,0.000251690616460676,-0.612493661143485,-196.920452961237,-0.0300754508668219,-1.42438042509025,1.30539364216396,-0.0287748751103879,-0.610418600100211,-30,0,0,0,0,0,0,2,203.301541706078,2.93763841277243,63.8906208602016,0,0,0
538,-195.500886950397,0.0688340544576252,-2.19583788733001,1.50438135404541,0.00318344704058839,-0.666043091796744,-195.479197558059,-0.0106987646234703,-2.29458539804843,1.50609852456427,0.00384637798067504,-0.667552363335837,-30,0,0,0,0,0,0,2,180.348542659691,-0.363240268820563,71.3444071296806,0,0,0
539,-193.90156254464,0.0718333205993291,-2.87970884513415,1.69425361170629,0.00281507918215396,-0.701776738337478,-193.921779916991,0.192879493255763,-2.71555893218573,1.69947443040914,0.00499302384945209,-0.714989845638563,-30,0,0,0,0,0,0,2,157.896116793069,-0.885061371456735,76.9301024282278,0,0,0
540,-192.120530247586,0.074203671918441,-3.59130993856653,1.86780382245189,0.00192561766292935,-0.72149649237409,-192.229080911777,-0.0200705051308573,-3.59357048124576,1.87433695007733,0.00934516728912522,-0.739492039100562,-30,0,0,0,0,0,0,2,137.024466815821,-0.894375718650807,81.1363448725477,0,0,0
541,-190.173771325671,0.0756802393766413,-4.31560094463538,2.02571272077385,0.00102751195002321,-0.727149983812502,-190.184163954035,0.215793365219425,-4.27268801583346,2.02066835653825,0.0205189775458871,-0.708392131410555,-30,0,0,0,0,0,0,2,118.301492254245,-2.48348448502756,79.3845891727224,0,0,0
542,-188.077545392207,0.0754644308346834,-5.04159053876779,2.16674115398029,-0.00145913538369275,-0.724886598755047,-188.116606895774,0.176501871341952,-5.17766966824819,2.16305613719994,-0.0137892005272733,-0.732314990457793,-30,0,0,0,0,0,0,2,99.9276000715548,1.02591631004342,83.5868383822757,0,0,0
543,-185.8470121605,0.0745169715400714,-5.75888878663055,2.29433263918121,-0.000435788891200032,-0.709761653949558,-185.810651171392,0.000886689604498114,-5.81136151982021,2.28744292737111,0.00872982358313762,-0.726228407325877,-30,0,0,0,0,0,0,2,82.8770096056723,-0.874755737522758,84.2455637722281,0,0,0
544,-183.495952683987,0.0736427870595292,-6.45646728690137,2.40779744066705,-0.00131258408396882,-0.685441198021014,-183.364373745633,0.0929822583804493,-6.50635848160872,2.40290292884608,0.0129064698465474,-0.675766945108476,-30,0,0,0,0,0,0,2,66.4384546066577,-1.47661150141564,80.589411474065,0,0,0
545,-181.039350444964,0.0715911228166256,-7.12710392775884,2.50542032939337,-0.0027907501371109,-0.65587133511127,-181.059952769049,0.0362958892430134,-7.03021168035551,2.51151920682843,0.0024537844846417,-0.648695856471115,-30,0,0,0,0,0,0,2,50.9679848552537,-0.317970226950197,78.9300090078225,0,0,0
546,-178.492101996844,0.0686408465993668,-7.76492815437262,2.58909251914139,-0.00310980760283694,-0.619810564973041,-178.494773232852,0.16422599656778,-7.84136991043676,2.60956362783391,0.00737018943448948,-0.620101607073128,-30,0,0,0,0,0,0,2,36.0331836823127,-1.06547093658451,77.6929005281863,0,0,0
547,-175.867808453341,0.0649979889778771,-8.36338734445531,2.65951321948081,-0.00417591239697176,-0.577135756269719,-175.91671029848,-0.0374549605428439,-8.25064523947179,2.67208177064592,-0.00577030932552871,-0.588174337776958,-30,0,0,0,0,0,0,2,24.6252435323672,0.651940853638559,75.3187242566393,0,0,0
548,-173.178511409054,0.0611479013768772,-8.91725810591612,2.71910107196372,-0.00352426788612008,-0.530629206396443,-173.176257845378,-0.027442522163092,-8.99029088844316,2.71416111394281,-0.0114596788330991,-0.520653806936411,-30,0,0,0,0,0,0,2,14.936404296475,1.2008529276361,70.0459624705274,0,0,0
549,-170.435072184117,0.0582240476792944,-9.42437538217611,2.76779776037156,-0.00232344469681581,-0.483624274273283,-170.313935762772,-0.082988938581532,-9.42403628274656,2.76531352730364,-0.0039976116483363,-0.469209223643782,-30,0,0,0,0,0,0,2,4.09651879517958,0.565739041996694,65.7689949298713,0,0,0
550,-167.648606647574,0.0561836144320955,-9.88349593206786,2.80515448057855,-0.00175742713289363,-0.43463107322108,-167.627291516007,0.166296786663712,-9.98984832053099,2.80380627961213,-0.0212165280664339,-0.437988232352835,-30,0,0,0,0,0,0,2,-5.12604492919883,1.78905923331597,63.7785198763455,0,0,0
551,-164.829160426059,0.0553209957356557,-10.2920705925959,2.8337603617382,3.21830482082629E-05,-0.382528882679257,-164.465125295798,-0.0354437234866533,-10.4619805136097,2.84214149709257,-0.000814758999809106,-0.401203033098215,-30,0,0,0,0,0,0,2,-15.2838991176619,0.152363346954217,61.0442643370409,0,0,0
552,-161.98607303658,0.0554297870282744,-10.647043537327,2.85243800164473,0.000185394051962656,-0.3274235584387,-162.042594869937,0.0211273656624569,-10.5807526621451,2.85393064682229,0.00239307783470533,-0.317863627382667,-30,0,0,0,0,0,0,2,-21.3078749423547,-0.281562514795447,52.9478680625569,0,0,0
553,-159.128938123953,0.0554748946906394,-10.9487645310699,2.86185385690103,-9.51847164726112E-05,-0.276021184465409,-158.999093219839,0.069272473157002,-10.885689000434,2.86000381545531,0.00899747602746297,-0.279532634757349,-30,0,0,0,0,0,0,2,-28.0021951058534,-1.0382925490603,49.7246414766029,0,0,0
554,-156.266013276194,0.0548611519012974,-11.1986788735395,2.86401815873448,-0.00113230673046074,-0.223807285072437,-156.170950490272,0.0426286309198633,-11.4240326610426,2.87004485828482,-0.0041633592870604,-0.23763305121264,-30,0,0,0,0,0,0,2,-34.6625848479381,0.331078666866313,46.6113704433491,0,0,0
555,-153.404505215022,0.0538950656702629,-11.3959256279912,2.85902060558506,-0.00079987111194797,-0.17068308285453,-153.49272940881,-0.159166727186121,-11.3417860895086,2.86724820711656,0.0109869414530241,-0.181736914082747,-30,0,0,0,0,0,0,2,-39.739361894036,-0.780360690930168,40.8572635872918,0,0,0
556,-150.551607523763,0.0527057562143685,-11.5411220106505,2.84679649845518,-0.00157875357154193,-0.119703603352463,-150.535420791249,0.187148102602267,-11.6365458221877,2.83482943608629,-0.00876153695477441,-0.113352248791749,-30,0,0,0,0,0,0,2,-42.4121020261312,0.501857490272907,34.6083165235502,0,0,0
557,-147.713665442824,0.05137869476613,-11.6372512592538,2.82910778862622,-0.0010753738290822,-0.0725465911720451,-147.717629469346,0.0411786978082574,-11.6563179855193,2.83810217132327,0.00707026085495423,-0.0687584886902022,-30,0,0,0,0,0,0,2,-48.3749581936357,-0.789383481111938,30.1884848400589,0,0,0
558,-144.897052566667,0.0499094713230795,-11.6864752515546,2.80413783928296,-0.00186307821043372,-0.0258901439740634,-145.03836035912,0.102747078971861,-11.7387946702857,2.79126005134283,0.00917514852376479,-0.0364818153317428,-30,0,0,0,0,0,0,2,-49.0492844160425,-1.1230090103202,27.1257708737457,0,0,0
559,-142.106453677092,0.0474857319876341,-11.6901229794949,2.77707889117721,-0.00298440616419151,0.0186067737690544,-142.096780301118,0.0230636718647596,-11.6788466125401,2.79522892694635,0.0066462926024478,0.0215530728616023,-30,0,0,0,0,0,0,2,-55.329332092398,-0.710756603974299,21.2023859389201,0,0,0
560,-139.347094556008,0.0441468689864763,-11.6500583321153,2.7416576214511,-0.00369332434286582,0.0615379747646121,-139.353184558007,0.214326241427559,-11.5683422312687,2.72977915369385,0.00404091559730778,0.0468876227061553,-30,0,0,0,0,0,0,2,-54.271546253371,-0.832744042585895,18.447922191922,0,0,0
561,-136.623393584362,0.040038070217729,-11.5684623539458,2.70576141355971,-0.00452427956832977,0.101669610987393,-136.520613790316,0.00512214689293609,-11.4591683009976,2.70007972711345,-0.0159434874859331,0.0923401519158774,-30,0,0,0,0,0,0,2,-56.9667451307133,1.58410445480744,13.6843214104074,0,0,0
562,-133.937952862447,0.0363067669979411,-11.4479744678168,2.66513607521693,-0.00293833243746512,0.139323675929025,-133.955891265205,0.0455530608937182,-11.3802653810286,2.64650002706459,-0.000579745582759077,0.13070163630891,-30,0,0,0,0,0,0,2,-56.7382201760489,-0.0331315635115288,9.69036713116612,0,0,0
563,-131.294066074102,0.0333527767121164,-11.2915255777959,2.622652135841,-0.00296965297100783,0.173592345147786,-131.377275144833,-0.12899870163697,-11.384953231708,2.60219684600644,-0.00740797942700862,0.1696525742295,-30,0,0,0,0,0,0,2,-57.4651343109777,0.998795345974802,5.80464904046594,0,0,0
564,-128.693970986592,0.0308834292143955,-11.1021955014526,2.57755151423271,-0.00196904808118222,0.205087077246213,-128.583273350702,0.204359464020251,-11.1186703091564,2.57962028249538,0.00125048702367677,0.199729184842591,-30,0,0,0,0,0,0,2,-60.7954815481338,-0.533767630408179,2.26442213405369,0,0,0
565,-126.14129257798,0.0286484456930178,-10.8819072032328,2.52781830233735,-0.00250092517088549,0.235510620706442,-126.201963094606,0.1003084403836,-10.8955030180736,2.54220002841336,0.0176489200456406,0.21975482905777,-30,0,0,0,0,0,0,2,-61.816076652123,-1.96550888533126,-0.184476869629691,0,0,0
566,-123.639398536007,0.0251657225805433,-10.6318879187434,2.47598218429933,-0.00446452709263333,0.264549864335123,-123.793134010211,-0.197857484118692,-10.5934067128145,2.47801779422801,-0.0103635662348577,0.259644578718127,-30,0,0,0,0,0,0,2,-60.2155114023783,1.43207159172315,-4.77764444618365,0,0,0
567,-121.189870097,0.0214181487516897,-10.3551288134715,2.42308520871011,-0.00303062622366723,0.288990651130934,-121.189343642097,0.0550265728425939,-10.3166977689838,2.40799901628355,-0.00692228153541406,0.285373673391702,-30,0,0,0,0,0,0,2,-58.42121434416,0.582175007856219,-7.90397180120258,0,0,0
568,-118.793297651705,0.0186794898875513,-10.0556620957584,2.37006876873075,-0.00244669657287779,0.309965098917213,-118.89648514182,0.0884517936310795,-10.0025277799078,2.36265864973469,0.00682308957055541,0.331425915176555,-30,0,0,0,0,0,0,2,-58.472894689829,-0.859212544317701,-13.1375359578399,0,0,0
569,-116.451152837987,0.0158040523468846,-9.73734013006984,2.31422821503847,-0.00330418510095441,0.326702241576654,-116.379521280252,0.224116280271288,-9.65541155777206,2.29861178967558,0.0088827275679203,0.307120776241317,-30,0,0,0,0,0,0,2,-57.1021364070535,-1.33650531733461,-11.4012545085876,0,0,0
570,-114.1637799552,0.0118324649805363,-9.40185284545228,2.26052521776642,-0.00463899803016795,0.344294839015934,-114.235948245081,0.0389494078042292,-9.35540347446144,2.28393884278833,-0.00149894709077175,0.351814545980755,-30,0,0,0,0,0,0,2,-59.9219877886713,0.0719958934687168,-16.4706476491526,0,0,0
571,-111.932646926117,0.00723034144223113,-9.05006915384492,2.2017474355849,-0.00456525391765642,0.359297043454466,-111.826771315373,-0.0120969881515753,-8.79843192882035,2.20276756284745,0.025281602805929,0.355578938899016,-30,0,0,0,0,0,0,2,-56.6232136539981,-2.50396630428975,-17.9610300322609,0,0,0
572,-109.759292242775,0.00141392565629386,-8.68473165029501,2.14496733952034,-0.00706758300350493,0.371401622472808,-109.805952382475,0.111519037373684,-8.71310950110347,2.14004517648711,-0.00247391042661886,0.364649480626446,-30,0,0,0,0,0,0,2,-54.3926128837613,0.024352967914519,-19.0387290604377,0,0,0
573,-107.642058786057,-0.00564069742781362,-8.30827760103422,2.08950416426139,-0.00704166831054238,0.38152956615779,-107.649942166082,-0.124827868907771,-8.1646489016356,2.08907337832703,-0.00568723512607252,0.369889710721128,-30,0,0,0,0,0,0,2,-53.6074535005387,0.818379250422794,-20.6596732688416,0,0,0
574,-105.580386988657,-0.0122724100307984,-7.92251991604439,2.03384333779905,-0.00622176154560696,0.390008929561436,-105.562166796718,-0.0496865631503952,-8.02342596944772,2.02168681838485,0.00906557931673442,0.391501246596156,-30,0,0,0,0,0,0,2,-51.0443482450486,-0.807184805372651,-23.1032727207202,0,0,0
575,-103.573956528981,-0.0188970441385756,-7.52993657377882,1.97902014749777,-0.00702751300013574,0.395180504655202,-103.730550517261,0.0591874830925536,-7.46441636247268,1.9820406748705,-0.0146071916864666,0.385050512432002,-30,0,0,0,0,0,0,2,-50.7429664525272,1.34234420246156,-23.5762185182548,0,0,0
576,-101.622344407157,-0.0252526725455441,-7.13239387067492,1.92420647004599,-0.00568374766535296,0.399927600635371,-101.642303191906,0.134487066299502,-7.16274286024249,1.93384778497472,-0.0188679049669838,0.387605836902042,-30,0,0,0,0,0,0,2,-50.1001721136608,1.61781636409938,-24.4350979697193,0,0,0
577,-99.7255045016812,-0.0301268115446834,-6.73057131222467,1.86947532017223,-0.00406453529413486,0.403740140625472,-99.7083379711032,-0.0204109294215779,-6.80537791328281,1.8720580524396,-0.00977477402486648,0.420797663771887,-30,0,0,0,0,0,0,2,-47.7891293017533,1.0182992613298,-28.4690105506231,0,0,0
578,-97.8835268768791,-0.0336815442828836,-6.32718884424486,1.81448010196325,-0.0030449362063463,0.403047478206437,-97.9140334005296,-0.119909594519562,-6.2256643509337,1.82190960007512,-0.000433206550676416,0.393369116876483,-30,0,0,0,0,0,0,2,-46.3628932064529,0.283139844106766,-26.8855829857809,0,0,0
579,-96.0955135384775,-0.0365842749200197,-5.9241596522335,1.7615469968755,-0.00276053080593708,0.403032727100828,-96.187409044122,-0.0428120247191674,-5.88827375838128,1.76551121370388,-0.012665317446818,0.392730809073591,-30,0,0,0,0,0,0,2,-44.1763032821445,1.35215579412013,-27.4965333905966,0,0,0
580,-94.3596856313271,-0.0386681276521191,-5.52193510769558,1.71010859750887,-0.00140718071669318,0.40143754970908,-94.5366257064102,-0.0428339027452511,-5.56604336217954,1.71218621737805,0.00636525203397331,0.393497593449804,-30,0,0,0,0,0,0,2,-42.1453703249846,-0.550857397906829,-28.2176726206213,0,0,0
581,-92.6746463858695,-0.0403501705576141,-5.12210137210835,1.65996902691201,-0.00195691094167458,0.398250551902083,-92.7335786751928,0.219739283306839,-5.11859143430225,1.6717594547331,-0.0104191521682768,0.402402087869971,-30,0,0,0,0,0,0,2,-41.7087881229243,0.602436650213997,-30.0030259183926,0,0,0
582,-91.0400579855454,-0.0420053093919629,-4.72625836718283,1.60920625919015,-0.00135337159022721,0.393456291397365,-91.0501408687858,-0.0694413677413458,-4.51891248574732,1.60932851769493,-0.000560581326703626,0.381771983229595,-30,0,0,0,0,0,0,2,-38.8325700319215,0.194940868153054,-29.1393733514648,0,0,0
583,-89.4547986750004,-0.0432606976814551,-4.33557870183968,1.56131054264752,-0.00115741148988824,0.387922698504715,-89.5037675547976,0.0978108165704834,-4.37314428573405,1.55492168436547,-0.0010478565417927,0.378975574375647,-30,0,0,0,0,0,0,2,-36.4846333269522,-0.0908359789616965,-29.1512688660966,0,0,0
584,-87.9164643949227,-0.0444630510938819,-3.95102593903716,1.5153557188212,-0.00124730078426014,0.381201679862152,-88.0279672840258,-0.252664461852963,-4.0787571024201,1.51549282271834,-0.00852913421982786,0.383628732622185,-30,0,0,0,0,0,0,2,-35.4933477037821,1.35824234568871,-30.2053590573783,0,0,0
585,-86.423969450925,-0.0450307731579033,-3.57385075675306,1.46963134488583,0.000111851158266936,0.373167406490876,-86.3209359950507,0.0316598413973958,-3.44696003707366,1.47192616555949,-0.0052228722603838,0.389194453894632,-30,0,0,0,0,0,0,2,-34.5507445658471,0.458967543243588,-32.0255253153159,0,0,0
586,-84.9773175453734,-0.044689000794372,-3.20567264138963,1.42366887964422,0.000571687996878973,0.363207603233499,-85.038652588073,0.0827602152630467,-2.99872404418064,1.4331288469443,0.00453784865252179,0.364717442067566,-30,0,0,0,0,0,0,2,-33.2355795182844,-0.619305295778273,-30.4742961183954,0,0,0
587,-83.575661938067,-0.0444265443075594,-2.84711583321986,1.37963900225347,-4.67790503600182E-05,0.353923987451573,-83.6766374046102,0.0513341204308398,-3.03300381828014,1.39639050820118,-0.0056136377132614,0.338243849089585,-30,0,0,0,0,0,0,2,-32.2857760108974,0.45869553046446,-27.7583772723982,0,0,0
588,-82.2168984965871,-0.0442435596777732,-2.49692131715542,1.33788526336751,0.000412742134957442,0.346482087309322,-82.1676704934316,-0.128797279764491,-2.42915322390874,1.33192148114556,0.0167267890658128,0.355075505620476,-30,0,0,0,0,0,0,2,-28.8568071276926,-1.4150843470523,-30.6492441142301,0,0,0
589,-80.8992717372397,-0.0445380061494379,-2.15627123511487,1.29736398250436,-0.00100164019618925,0.334834600135745,-80.88466300658,-0.144569127073421,-2.17112551535825,1.27733449913773,-0.0113960331134915,0.328894512616825,-30,0,0,0,0,0,0,2,-25.9641239006128,1.42874156549599,-28.547200230966,0,0,0
590,-79.6203925309826,-0.0448249603409392,-1.82714818946217,1.2603902485353,0.000427727030969425,0.323426590077607,-79.6681289764044,-0.128734695940018,-1.80254994131457,1.26120113581742,-0.00425151352658843,0.306999613791004,-30,0,0,0,0,0,0,2,-26.7838556289329,0.682620744538878,-27.0948614964713,0,0,0
591,-78.3784365609421,-0.044055590310128,-1.5085564048545,1.2235181908824,0.00111100768751968,0.313772002994155,-78.3685365945383,0.00564564779523925,-1.59803562889378,1.22883604627675,0.0104916175786922,0.318383329650524,-30,0,0,0,0,0,0,2,-26.1465314385989,-1.06045305345969,-28.6422617072648,0,0,0
592,-77.1735290396338,-0.0434744911028986,-1.20039428270273,1.18629274237497,5.1185345862561E-05,0.302567371515464,-76.9700163291486,-0.119086266375943,-1.43729330918286,1.18087210961996,0.00268056061727663,0.325433983610556,-30,0,0,0,0,0,0,2,-24.1471783036992,-0.0298835289757774,-29.6688117426898,0,0,0
593,-76.0053151942867,-0.0434379630111986,-0.904374699998827,1.15013010241424,2.1864491145539E-05,0.289486472141222,-76.052705365487,-0.130862437611397,-0.926048497547031,1.14652073943794,0.00417660465422007,0.292990528597433,-30,0,0,0,0,0,0,2,-22.54666321282,-0.155935590199212,-27.4469558646493,0,0,0
594,-74.8719945738395,-0.0434937999314996,-0.620916479857118,1.11650669658609,-0.000133544147693835,0.277443624359201,-74.9331039735513,-0.0797255752759672,-0.4891413005445,1.12825285622138,0.000531495955301932,0.277988495578703,-30,0,0,0,0,0,0,2,-22.959077675035,0.106301555021741,-26.8205669567813,0,0,0
595,-73.7723067671194,-0.0435739192007229,-0.349085198008352,1.08286479697468,-2.66990539634544E-05,0.266232571031692,-73.6871805536965,-0.105864668330243,-0.377068846182936,1.08594758424555,-0.0212846696764202,0.262122338942158,-30,0,0,0,0,0,0,2,-21.2203973171623,2.34019630430251,-25.4580962018499,0,0,0
596,-72.7051715104051,-0.0424302678356099,-0.0883454646120478,1.05140168946737,0.00231399551177512,0.255259651210019,-72.5195647129183,-0.0356598069174057,0.0161381902987002,1.04882633116253,-0.0199329285511572,0.259200169412636,-30,0,0,0,0,0,0,2,-19.8435036904166,2.06461246895053,-25.952293321861,0,0,0
597,-71.6690793022152,-0.0390837369394234,0.160869436001547,1.02077826822324,0.00437906069813488,0.243182548947819,-71.7427514542427,0.00188567255805088,0.0187190561129859,1.01427060911472,-0.0195519882626871,0.253384015698163,-30,0,0,0,0,0,0,2,-17.941558002987,1.95142748115261,-25.3758396820423,0,0,0
598,-70.6626747536313,-0.0337287606466512,0.397750122822956,0.992026171599344,0.00633088573858765,0.230590468703092,-70.5740367562961,0.120008165222112,0.556750316429724,1.01033762735993,0.0187779155392732,0.247341567392974,-30,0,0,0,0,0,0,2,-19.8856892234005,-2.11780788437154,-25.8476573721569,0,0,0
599,-69.6859732858879,-0.0284565485370074,0.622423855745621,0.961372405019487,0.00421353251835394,0.218769350388621,-69.7526447241839,0.0373768661295001,0.633881265279859,0.957069205174325,-0.010718953633069,0.203091416650456,-30,0,0,0,0,0,0,2,-16.2016310690647,0.997141631047898,-21.5769041956053,0,0,0
600,-68.7372151296078,-0.0237442582004875,0.836045316393822,0.936140145787512,0.00521104139045304,0.208483795627454,-68.6926720963156,0.133516968549253,0.861131927651819,0.934934101326634,0.018391813058016,0.19640179245003,-30,0,0,0,0,0,0,2,-16.1080659400321,-2.1062152429001,-21.3624431003066,0,0,0
601,-67.8136015488629,-0.0195861386067512,1.03947427336463,0.911083322601781,0.0031051918203238,0.198384249881207,-67.9491827214033,0.0106386582042393,1.1783419495058,0.915246085142798,-0.00482539522486368,0.202504668544882,-30,0,0,0,0,0,0,2,-15.6262430714732,0.461262206077889,-22.6071507534998,0,0,0
602,-66.9152071291517,-0.0162501414306091,1.23218406418669,0.885701345937541,0.0035667971614213,0.187045566615241,-66.9537566324085,0.0624472008633121,1.37398519091408,0.885808393688073,0.00234871288334209,0.190150051437297,-30,0,0,0,0,0,0,2,-14.6733261039903,-0.359765690060833,-21.7629755255579,0,0,0
603,-66.0415757145303,-0.0128630651255297,1.41366595024919,0.861557397378945,0.0032073503914935,0.175927936970647,-65.9987201937274,-0.0720845702968797,1.26595448081165,0.878698589833472,0.017839220393369,0.175296950618846,-30,0,0,0,0,0,0,2,-15.8724185958924,-1.63975289874314,-20.0616040235079,0,0,0
604,-65.1921154118611,-0.0104754045713572,1.58510003083459,0.83735994759772,0.00156796390339185,0.166949953060424,-65.310167350116,0.134876657264184,1.76821979720325,0.828393249262772,0.00200127359593845,0.166692248514016,-30,0,0,0,0,0,0,2,-12.2189902260452,-0.469880674122213,-20.2056644458081,0,0,0
605,-64.3653957234359,-0.00914225178207619,1.74649386390423,0.816075349988736,0.0010983359823638,0.155846298145973,-64.4064814720807,0.0136155913515917,1.75821053217167,0.814062573311048,0.00526591478929332,0.169628021289031,-30,0,0,0,0,0,0,2,-12.5932943869434,-0.553822661632516,-20.4792231932464,0,0,0
606,-63.5602045525449,-0.00832069293258832,1.89680283718782,0.794302929831203,0.000544775947669294,0.144780400280749,-63.5738398431786,0.0344621962377736,1.97280665280088,0.804822843781508,0.000181580692098413,0.14501237898498,-30,0,0,0,0,0,0,2,-13.3346046917937,-0.0870824616853884,-18.4468512040998,0,0,0
607,-62.7765280991142,-0.0078193059527316,2.03711962340862,0.773046741051325,0.000457991507594742,0.135861704209043,-62.9101699318139,-0.11514569286653,2.06811080843608,0.792669918660346,-0.00552445940967372,0.147840041433424,-30,0,0,0,0,0,0,2,-13.4466520024067,0.782737326700433,-18.9202257602146,0,0,0
608,-62.0142978333785,-0.00696979358362705,2.16838005652199,0.751410454128768,0.00124102739520792,0.126667825758999,-61.9892918294222,0.0411388273214275,2.23198639251854,0.733429262470511,0.0146628855673524,0.134161422301472,-30,0,0,0,0,0,0,2,-9.36434258820663,-1.5485662113781,-17.8801150151843,0,0,0
609,-61.2717380982584,-0.0065029571116442,2.28974249904928,0.733705134859576,-0.000307359855690594,0.116064187884598,-61.1719154301364,0.0337976452661275,2.38068882583012,0.730602899088893,-0.00382992301509177,0.128664041829548,-30,0,0,0,0,0,0,2,-10.7164590486166,0.315397010976922,-17.6277818346151,0,0,0
610,-60.5473799739521,-0.0066525036798461,2.4010105714462,0.715007628478498,8.25940152109361E-06,0.106479446405433,-60.5476098534935,-0.081614096966211,2.37995652685823,0.704805131101408,0.00112381009521899,0.123421020901068,-30,0,0,0,0,0,0,2,-9.3852934031538,0.0508471844105232,-17.1020151438233,0,0,0
611,-59.8410328372255,-0.00661872478428819,2.50255405423569,0.697683052280654,5.92909792261627E-05,0.0966144699821639,-59.6808601009644,-0.0667492101642727,2.61363141291206,0.706540177210264,-0.00259764791584998,0.0966877874623042,-30,0,0,0,0,0,0,2,-11.2922975190975,0.393263211913544,-14.8960415720545,0,0,0
612,-59.152176883371,-0.00636267091510341,2.59570303788712,0.680026389369776,0.000452811029709377,0.0896905562587119,-59.2993031497792,-0.0619700883724834,2.54713702795165,0.671986095440726,-0.0052835699841797,0.097727525412058,-30,0,0,0,0,0,0,2,-8.60000324451417,0.652297175162936,-14.8670265971091,0,0,0
613,-58.4798706480266,-0.00558362110187412,2.68119389158288,0.66458305480246,0.00110528211950643,0.0812973490175673,-58.7180624828,-0.093324926024295,2.80876707836403,0.648714984390103,0.00378573165797582,0.0806462442427791,-30,0,0,0,0,0,0,2,-7.43537347341035,-0.191923313748992,-13.682158581006,0,0,0
614,-57.822200562505,-0.00457422481402688,2.75846436190343,0.650754223089927,0.000913504064377075,0.0732491585259785,-57.8519833438417,-0.0654905227203366,2.7865171767772,0.628217955302325,0.00345956026137488,0.0774307690326285,-30,0,0,0,0,0,0,2,-7.11782884254921,-0.214974980696814,-13.3161112568172,0,0,0
615,-57.1781331082118,-0.0037681362146975,2.82776285680912,0.637377853191957,0.000698666795187982,0.0653532127361224,-57.1197145392698,0.00255605849363286,2.96064007901822,0.637948036778405,-0.00889882273200208,0.0423917481393808,-30,0,0,0,0,0,0,2,-9.55537459930095,0.884770156212942,-10.1604549719745,0,0,0
616,-56.5475479836885,-0.0026269657436983,2.89117287228904,0.623791092555997,0.00158366934223296,0.0614722643415178,-56.6590485915314,-0.0671229030325104,3.02624909350562,0.609063599056787,-0.00108489908484448,0.0754576431778038,-30,0,0,0,0,0,0,2,-7.58826272261598,0.242735714549469,-13.5982625047916,0,0,0
617,-55.9307311794044,-0.000921850402755229,2.94874585785154,0.609839724266333,0.00182655556091601,0.0536792797900383,-56.0111760574928,-0.0477198746820705,2.92542596691175,0.608054251568308,-0.0124267195465564,0.054194271768501,-30,0,0,0,0,0,0,2,-8.78307304184514,1.33811170401979,-11.2702791106736,0,0,0
618,-55.327696538938,0.00157386493115771,2.99983880219155,0.596227764267981,0.00316486898136917,0.0485120402654787,-55.3402341708516,-0.0578829330007758,2.85820631179173,0.592779210747111,0.00110112003830357,0.0415844086833759,-30,0,0,0,0,0,0,2,-8.59745273300788,0.00565386217119475,-9.87485349192104,0,0,0
619,-54.7378029169371,0.00474166602094404,3.04629900914404,0.583558092828883,0.00317072742099324,0.0444134341801187,-54.7009453714951,-0.0337170763612779,2.97134289366452,0.574236463153957,0.00956844192057085,0.0477610412815228,-30,0,0,0,0,0,0,2,-8.0217555724055,-0.889410039334529,-10.7187899154813,0,0,0
620,-54.1605898619765,0.00746778144385778,3.08816504311108,0.570866252037568,0.00228149899154397,0.0393236914400101,-54.2889980068429,-0.131286429754654,2.99432470256849,0.574348071132065,0.0409097790642146,0.0480671677295146,-30,0,0,0,0,0,0,2,-8.85681109952077,-3.82840504691216,-10.7953661780884,0,0,0
621,-53.5964375839972,0.00783518384721059,3.12516528189031,0.557436709594064,-0.00154669914115029,0.0346821120599581,-53.6002912184205,-0.216661556787332,3.06385839614233,0.562006205644641,0.00580019139972296,0.0395980461996447,-30,0,0,0,0,0,0,2,-9.00003812762317,-0.146696026397632,-10.0875214122491,0,0,0
622,-53.0455744227724,0.00621524761258339,3.1578705019658,0.544288279587111,-0.00169317947376265,0.0307335340737121,-53.032034348867,0.0117877219179911,3.32287529918879,0.530979242838516,-0.0100325758071995,0.0322262901042907,-30,0,0,0,0,0,0,2,-7.03385558611748,0.979682136883967,-9.86837960880665,0,0,0
623,-52.5069970608967,0.00501199038864283,3.18616581403272,0.532864761511408,-0.00071334098533053,0.0258616316792956,-52.4598251782684,0.0352161733436512,3.09206161197825,0.53514763756847,-0.00945247779502221,0.0224118037746937,-30,0,0,0,0,0,0,2,-8.59511340031024,0.874815432814918,-8.42530360142588,0,0,0
624,-51.9800697074153,0.00473616616854684,3.21064253849394,0.520989062145038,0.000161687872880079,0.0230965235906526,-51.8707982505152,-0.0394308643233598,3.16587762631857,0.521418137800495,0.0017118474829865,0.011069845368784,-30,0,0,0,0,0,0,2,-8.40021727901912,-0.0923230196519306,-7.43873978951554,0,0,0
625,-51.4646563088207,0.00485180233458803,3.23271472363776,0.509837118762219,6.95783374691254E-05,0.0210522662348361,-51.2180645813598,0.0324787782700787,3.37107633386369,0.503516028622864,-0.00221724958811257,0.0290671435580571,-30,0,0,0,0,0,0,2,-7.91547369956685,0.1567674022711,-9.64886702353308,0,0,0
626,-50.9608377329348,0.00499986012542159,3.25171407882994,0.497798639104373,0.000226530654135263,0.0169511871975187,-50.9964207538182,-0.0234692562065688,3.29962053948688,0.48750556991752,-0.00177560116816767,0.0344700186273019,-30,0,0,0,0,0,0,2,-6.75771548411563,0.224498629229905,-10.046242941704,0,0,0
627,-50.4687046840723,0.0053387181040568,3.26612954951508,0.486465700194351,0.000451176013250992,0.0118842213432505,-50.5148251502456,-0.0236726488718724,3.16127539424538,0.47924326776617,-0.010401405693795,0.0109488390449321,-30,0,0,0,0,0,0,2,-6.8946764761258,1.08748586712325,-7.41743469298398,0,0,0
628,-49.9872042139122,0.00633372333170033,3.27660250065222,0.476534328726755,0.00153882902868948,0.00906561139252033,-50.0819207440534,0.0805286485748528,3.24357169332703,0.466383995812385,0.00707247625018064,0.00308791730779392,-30,0,0,0,0,0,0,2,-6.47455809313169,-0.868304922167769,-6.79593511743346,0,0,0
629,-49.5152865279876,0.00743848170771037,3.28439999491408,0.467300237170931,0.000670682115041289,0.00653303632242904,-49.63102804237,-0.127833549906775,3.15143436701919,0.449113495239551,0.00904298183920343,0.00974380343742406,-30,0,0,0,0,0,0,2,-5.64929343921514,-0.648631084106792,-7.27724907778078,0,0,0
630,-49.0524090680817,0.0077849160339509,3.28924038905044,0.458453557148507,2.21806000320239E-05,0.00315125772335738,-48.8712451918327,-0.0209881808546107,3.19845455796769,0.442963701544141,0.0199149003968491,0.00642148564525965,-30,0,0,0,0,0,0,2,-6.55387977074868,-1.94951367797569,-7.03905768046134,0,0,0
631,-48.5986805411533,0.00683242248185058,3.29106929817873,0.449002649445068,-0.00192717411835088,0.000510284630704433,-48.5952869430027,-0.0693260342419092,3.41273481741199,0.431801884762571,0.00333906082934593,0.00209879959973699,-30,0,0,0,0,0,0,2,-5.98961459025161,-0.195254014450774,-7.03534959479768,0,0,0
632,-48.154174883891,0.00480769483065704,3.29010576143961,0.440007702386947,-0.00212228657108667,-0.00243381368854388,-48.0937441617296,-0.0148254743352271,3.3689275606041,0.442161485883692,-0.00511324578837761,-0.0216107868506472,-30,0,0,0,0,0,0,2,-8.02866026490999,0.540975527508215,-4.57677643614348,0,0,0
633,-47.7187799745541,0.00295600855142937,3.2878018027781,0.43078235267856,-0.00158109140215026,-0.00217048008338804,-47.7944583751837,-0.094422130880108,3.3452598577479,0.429589297300918,-0.00566910947193176,0.000484502039967887,-30,0,0,0,0,0,0,2,-7.37001297972431,0.755755208953392,-6.7389699194926,0,0,0
634,-47.2929723635094,0.00175289087611083,3.28470166506276,0.420832313454549,-0.000825150197009773,-0.00402590640739562,-47.4150865104774,0.0819042954011778,3.2716770541609,0.407538989444116,-0.00180415484979101,-0.00769951282792997,-30,0,0,0,0,0,0,2,-5.92372592345667,0.0166068941767456,-5.77340282552879,0,0,0
635,-46.8762474925881,0.000936120887591211,3.27972781354442,0.412616855313697,-0.000808396007119703,-0.00591856520907735,-47.106012345779,0.0238035069741148,3.21359614891938,0.425259530844191,-0.00139424804383647,0.0152033671811895,-30,0,0,0,0,0,0,2,-8.31392839286108,0.0918177904354173,-7.9475290159577,0,0,0
636,-46.4693448071961,0.000173740698721204,3.27268684523692,0.401187809931249,-0.000716370520516746,-0.00815895000547056,-46.5899331747401,0.15777265299538,3.12827651590919,0.426808217396714,5.27961812760423E-05,-0.0146973955513806,-30,0,0,0,0,0,0,2,-9.5009553901912,-0.320824924118364,-4.78681347668031,0,0,0
637,-46.0734305776025,-0.000702906882207913,3.26504780471983,0.390641166258366,-0.0010369316505874,-0.007115047572717,-45.8930936742198,0.259394517601982,3.16216190718547,0.397183243258576,-0.00164274881720361,-0.00637900342715653,-30,0,0,0,0,0,0,2,-7.93213697741793,-0.354514153483602,-5.68642347165528,0,0,0
638,-45.6876887806931,-0.00191698750220604,3.25764104892796,0.380842335537911,-0.00139123597553626,-0.00769466699518738,-45.624987573091,-0.169985363436453,3.36483345869872,0.385557513765512,-0.0066779399148906,0.000583456881076767,-30,0,0,0,0,0,0,2,-7.30577623036925,1.00776471836197,-6.78801260550511,0,0,0
639,-45.3118150508188,-0.00280424656200311,3.24903620272361,0.370904571439854,-0.000383287544200795,-0.00951118397881581,-45.3411521583057,0.0281907792857169,3.52036283221186,0.37695274554537,0.0198970160774981,-0.010828259637713,-30,0,0,0,0,0,0,2,-7.01297023792556,-2.04608316632124,-5.95789970065242,0,0,0
640,-44.94551873722,-0.00421048351672451,3.23887666155368,0.361687694089621,-0.00242919092486545,-0.0108043318504929,-45.037812862918,0.148413692791862,3.4179436105719,0.355320485740599,-0.00544861154834774,-0.0116173643426266,-30,0,0,0,0,0,0,2,-5.456422848224,0.24803376925105,-5.67415078688114,0,0,0
641,-44.5877270742869,-0.00651558812436168,3.22709248446479,0.353895024071381,-0.00218102366878409,-0.0127609929259382,-44.785414660465,0.0151659683510741,3.1089499566931,0.358175989857913,-0.015834054277503,-0.0278174916456336,-30,0,0,0,0,0,0,2,-6.24676966486133,1.55307349104816,-3.43615074882285,0,0,0
642,-44.2373918575853,-0.00791998666651216,3.21449828345214,0.346775646001588,-0.000627778516978633,-0.0124246407991321,-44.0448600298047,0.0606907815743412,3.21306387029457,0.367233319772736,-0.00154670065694867,-0.0117278140022663,-30,0,0,0,0,0,0,2,-8.63361191766428,0.0332885025461842,-5.25334634036251,0,0,0
643,-43.8956748983516,-0.0085310010505213,3.20221627941455,0.336658490535853,-0.000594255869200825,-0.0121354918144995,-43.769165478233,0.0837190862995643,3.40039260848561,0.353808036274424,-0.0161154900172522,-0.0156700553194383,-30,0,0,0,0,0,0,2,-7.84247267097635,1.44411082912609,-5.23377968502738,0,0,0
644,-43.5637489793645,-0.00840309358937368,3.19000995238435,0.327193406553218,0.000850064810430822,-0.0122735346326576,-43.5909369089652,-0.275210046066931,3.28077589421596,0.330618701592444,-0.00632855177252033,-0.01867256689067,-30,0,0,0,0,0,0,2,-5.87999634131396,1.1832752693859,-4.69429509936491,0,0,0
645,-43.2403363779307,-0.0069613120443221,3.17731581811711,0.319631593559196,0.00203349267520403,-0.0131118170614259,-43.2269690865998,0.00969359832235292,3.20653640764423,0.325504669348445,-0.00286648843789843,-0.0126937585152662,-30,0,0,0,0,0,0,2,-6.09652876164481,0.267261647145137,-5.14369696376184,0,0,0
646,-42.924706218569,-0.00479410725505229,3.16367465979505,0.311628440653679,0.00230091083135208,-0.0141674275384998,-42.8873003000734,0.0446330016814842,3.15719649744211,0.326257260780959,-0.00850871827759154,-0.0104129585951509,-30,0,0,0,0,0,0,2,-6.85112547794905,0.761605824396185,-5.27309713536913,0,0,0
647,-42.6174227008536,-0.0021123010068741,3.14915779425568,0.302938442120659,0.00306269566696665,-0.0148629841758811,-42.4169962368332,0.1384602528264,3.01701655081001,0.297764542933478,0.0215185497083308,-0.0207917702319132,-30,0,0,0,0,0,0,2,-4.94246181968137,-2.42877547648588,-3.95485607842871,0,0,0
648,-42.3176703158842,-0.000263925906472628,3.13392252464358,0.29656615599444,0.000634048403119705,-0.0156050952923792,-42.2814488178988,-0.0739827604655161,3.17320205625249,0.299665916815209,0.00608361601190654,-0.00799148837294218,-30,0,0,0,0,0,0,2,-5.40369404572337,-0.460396080259622,-5.54725527521077,0,0,0
649,-42.0249478985032,0.000139993382802622,3.11744729787406,0.288878141768003,0.000173784959249229,-0.0173424183299178,-41.9647386921631,0.0626894515335285,3.04595109955299,0.289106743487984,-0.00855467610172277,-0.00892828729436291,-30,0,0,0,0,0,0,2,-4.98119696447218,0.73008870710522,-5.19907346966968,0,0,0
650,-41.7396417729541,0.000678886146845532,3.09925860727935,0.281733586189489,0.000903995407943565,-0.0190322318415241,-41.7211329132487,0.09574747750635,2.97666436007569,0.304102652596236,-0.00604052064544999,-0.0252954365032001,-30,0,0,0,0,0,0,2,-6.96799943312625,0.412557109532299,-3.42378506983138,0,0,0
651,-41.461755063778,0.00178925993856726,3.08069216785552,0.274040268462549,0.00131674652008727,-0.0180977229532349,-41.6061583081915,0.0972462026601318,3.02720800522994,0.280972935026283,0.01352501894225,-0.0105566985266586,-30,0,0,0,0,0,0,2,-4.88497688624528,-1.54699429954526,-4.99874615779402,0,0,0
652,-41.1911898619437,0.00233257048124052,3.06181700277103,0.267089660372659,-0.00023012777506533,-0.0196499602624442,-41.1742624129192,0.0988454220136943,3.20729869683851,0.280516174541784,0.00347164111328843,-0.0282487896846461,-30,0,0,0,0,0,0,2,-5.70309262834011,-0.544854955356231,-3.5897184252124,0,0,0
653,-40.927486953085,0.0018300947669666,3.04220723399525,0.260316278209321,-0.000774828793613955,-0.0195670003024141,-41.1068950019219,-0.150896623004322,2.93786455847965,0.259429015026695,-0.0020703895728929,-0.021037401092979,-30,0,0,0,0,0,0,2,-3.72911149882566,0.508832203297935,-3.7719890076614,0,0,0
654,-40.6698179289278,0.00130973070301508,3.02202772227403,0.255021413078592,-0.000265904710095903,-0.0207899902642406,-40.486247533924,-0.0948014626437923,2.97163351907024,0.260094958898681,0.011229342760537,-0.0205768251060659,-30,0,0,0,0,0,0,2,-5.03700082202011,-0.93333135076612,-3.88558452753388,0,0,0
655,-40.4180040329271,0.000577228870407405,3.00097512355491,0.248606277213839,-0.00119910450751755,-0.0213127699088743,-40.5464839766381,0.15029676706975,2.89625209181451,0.259332434043582,0.00352134552249719,-0.0335222171486162,-30,0,0,0,0,0,0,2,-4.84027545108202,-0.65272808638922,-2.4402824687674,0,0,0
656,-40.1720958415443,-0.000948170017672296,2.97992865156681,0.243210388201947,-0.00185169821488771,-0.0207781118124778,-39.9613960399091,0.109499853647152,2.918031049097,0.254530895635459,-0.00896651291339108,-0.0229799676827261,-30,0,0,0,0,0,0,2,-5.53029748372768,0.677651584044804,-3.53806532992139,0,0,0
657,-39.9321870534413,-0.00246096477151405,2.95918837699482,0.23660730255809,-0.00117389770809385,-0.0206999422849502,-39.8726965933779,-0.155717849621281,3.01429103324371,0.25895066605328,-0.0191693107153887,-0.00667712911657433,-30,0,0,0,0,0,0,2,-6.14967341857216,2.22836677078143,-5.36086915482999,0,0,0
658,-39.6996737154227,-0.00252059827289361,2.93798770306208,0.228419092212272,0.0010546258730492,-0.0216983379876596,-39.6298929038346,0.0374436259514812,3.11571569786885,0.229513635818497,0.00721745204531313,-0.0196791797700007,-30,0,0,0,0,0,0,2,-3.6915777741805,-0.796632456434275,-4.26351341873762,0,0,0
659,-39.4740362137975,-0.00186424113413036,2.91550293513317,0.222855422640751,0.000258081113993383,-0.0232690951811619,-39.2620066180447,0.111779497001074,3.02241158863252,0.241661592880011,-0.00425140777499482,-0.0163907839992762,-30,0,0,0,0,0,0,2,-5.64214605191163,0.201581783497333,-4.40574477733743,0,0,0
660,-39.2547877813141,-0.00150529302591801,2.89198036080408,0.215641338945837,0.000459809930407157,-0.023773350926906,-39.2791334071567,-0.0093560093682748,2.82365346810278,0.215311817299449,0.0192993735731274,-0.0185316234822184,-30,0,0,0,0,0,0,2,-2.97291491563144,-1.91122533857619,-3.79414458798372,0,0,0
661,-39.0415018956197,-0.0020010576806564,2.86740709385542,0.210929929925535,-0.00145134700728654,-0.0253713931025368,-38.9687346035108,-0.032880210942291,3.03809127523512,0.217321333071667,-0.00327305787790913,-0.0240403634301328,-30,0,0,0,0,0,0,2,-3.79466410014513,0.393066209675495,-3.67214620745697,0,0,0
662,-38.8332211561679,-0.00325582134643211,2.84153628902042,0.205631264444034,-0.00105818627324738,-0.0263682206718766,-39.0813118422279,0.099262850158325,2.79367182697895,0.200650979306946,0.0032214003572475,-0.0334176836673343,-30,0,0,0,0,0,0,2,-1.90247424623891,-0.5206657360414,-2.24557528722448,0,0,0
663,-38.6290550962041,-0.00457431523023867,2.8146773922265,0.202700576014743,-0.00157880711177944,-0.0273484387720394,-38.808278273295,0.0143529672276898,2.86391784658828,0.219206485591646,-0.0129862191932546,-0.00490954205182856,-30,0,0,0,0,0,0,2,-4.3040920125746,1.26991598487008,-5.2368814879937,0,0,0
664,-38.4296790193887,-0.00551811133184043,2.78636733123733,0.196050958165679,-0.000308790516953395,-0.0292692080965397,-38.6607684783561,0.158998742853125,2.82506126505094,0.185036795734417,0.00427180386612766,-0.0352062156333754,-30,0,0,0,0,0,0,2,-1.18214261672948,-0.745177872319017,-2.12950096676433,0,0,0
665,-38.2347729458717,-0.00619947550718592,2.75644673510082,0.193760796433936,-0.00105394500939051,-0.0305710879460689,-38.4740089955451,-0.023148116289008,2.66520582412692,0.184321431670523,-0.0031101825450033,-0.0156244555266907,-30,0,0,0,0,0,0,2,-1.48412517596195,0.357314487078346,-3.76796609558476,0,0,0
666,-38.0427718736972,-0.00707474897469768,2.72466359542725,0.190240543804578,-0.000696607913299025,-0.0329938588663584,-37.9064031496886,0.0539771969257008,2.62418123200436,0.183979043405858,-0.00679222800011377,-0.0341116593278764,-30,0,0,0,0,0,0,2,-2.58509804120861,0.571268406159976,-1.83719653122109,0,0,0
667,-37.8541512104345,-0.00748568561513225,2.69156385851887,0.187000780444937,-0.000125271024321851,-0.0332043814683237,-37.8194756056552,-0.125156727042051,2.61174994325208,0.185644590477639,-0.0153052036666638,-0.0380928625802527,-30,0,0,0,0,0,0,2,-2.92550783645354,1.78083382075049,-1.4142136284789,0,0,0
668,-37.6687785418806,-0.00672049594985571,2.6585286331506,0.183744752165106,0.00165564439087711,-0.0328648319256064,-37.7296619444219,-0.0553645799889918,2.56492022251217,0.20011170114563,-0.00323411440780221,-0.0418606552654652,-30,0,0,0,0,0,0,2,-4.55184622571928,0.434140600758205,-0.943774918477811,0,0,0
669,-37.4871676702947,-0.00484771082877761,2.62651505813724,0.179477675184607,0.00208991968487363,-0.0311607203551157,-37.6398818523485,0.00963774906654804,2.72182005499914,0.19085197818709,-0.0147759308674708,-0.0257186963243901,-30,0,0,0,0,0,0,2,-3.80543411401206,1.45831758861398,-2.87177047755927,0,0,0
670,-37.3101068632776,-0.00202857963486108,2.59521673323192,0.174643910463585,0.00354833705391453,-0.0314341306613397,-37.3822459221234,-0.00353284249895142,2.62301417300362,0.1713647876491,-0.00152457326946312,-0.0298416361741274,-30,0,0,0,0,0,0,2,-2.37198692066327,0.159523011944215,-2.26186472859451,0,0,0
671,-37.1371246913159,0.00159955201587562,2.56345983161349,0.171320267070881,0.00370791936029295,-0.0320784268339208,-37.2232625736584,0.0067888712052324,2.57543206369589,0.16959708761386,0.000887723194835912,-0.0166637092474408,-30,0,0,0,0,0,0,2,-2.5131836140692,-0.102350061894056,-3.48449320264769,0,0,0
672,-36.9678928981124,0.0052563270999601,2.53061853619939,0.16714284022831,0.00360562541602364,-0.0336026091451171,-36.9791757056055,0.0533650705367377,2.51068808148621,0.173701328623731,0.0102027900962227,-0.0324150109638403,-30,0,0,0,0,0,0,2,-3.41178145116209,-1.12700915069574,-1.77987506658839,0,0,0
673,-36.8026809976552,0.00829849835264866,2.49720801489,0.163281162743997,0.00247871061563876,-0.0332169974821778,-36.8566004622122,-0.0338086911518912,2.49784358207975,0.168425904573719,-0.0046428773996158,-0.0306976554510357,-30,0,0,0,0,0,0,2,-3.12938953294755,0.531905122265362,-1.92592161905592,0,0,0
674,-36.6412621656194,0.0110432062520003,2.46404370747684,0.159556604651558,0.00301070047514275,-0.0331102291931969,-36.7897833978916,-0.115959162034664,2.41118832916137,0.173966704853287,0.0200192856042754,-0.025029002360537,-30,0,0,0,0,0,0,2,-3.8171036895455,-1.77001023635822,-2.31947642226903,0,0,0
675,-36.4839603091698,0.0131689577294988,2.43104271698255,0.155047248148971,0.00124079378492761,-0.0328900858961365,-36.3751522938327,0.0353590629587551,2.30417198258921,0.168749488183905,-0.00504281594974547,-0.0415181237657661,-30,0,0,0,0,0,0,2,-4.12464423072502,0.433563469057037,-0.456531588601814,0,0,0
676,-36.3307235219503,0.0146265984931276,2.39910007965233,0.151427066742752,0.00167448176221308,-0.0309938440990446,-36.4356562445593,0.0433193785868271,2.41103039987755,0.145498743342139,-0.00345930336879602,-0.0178223962170979,-30,0,0,0,0,0,0,2,-1.67856184509521,0.259291579705948,-3.0398211780453,0,0,0
677,-36.1809193876818,0.0164307453910071,2.36728858324899,0.148180681073364,0.00193380643415286,-0.0326279410606215,-36.1930747202613,0.0238532125746237,2.22317704627772,0.153810885062542,0.00137203903224867,-0.0298935269124969,-30,0,0,0,0,0,0,2,-2.99493906573167,-0.184910328374114,-1.45700140130575,0,0,0
678,-36.0344036336477,0.0182721412738996,2.33487516599958,0.144851040770675,0.00174897958478857,-0.0321976588790992,-36.1559387579363,-0.053555202299855,2.33542050783232,0.15528774919849,0.00828433321896989,-0.0342244514757531,-30,0,0,0,0,0,0,2,-3.21689740397637,-0.721322917297279,-1.24839586808932,0,0,0
679,-35.8912413320391,0.0196605077626203,2.30304606717091,0.141473884451122,0.0010277482830288,-0.0314592899196909,-35.8637484244401,0.138855406107529,2.27762263494941,0.14443184823864,-0.00313769347582424,-0.0315224491407947,-30,0,0,0,0,0,0,2,-2.7156879749838,0.0360585353673659,-1.40300035581936,0,0,0
680,-35.7513037522695,0.0207063254852052,2.27174497758855,0.138401446464461,0.00106388200260633,-0.031141750196195,-35.7137652162495,0.136704696272946,2.2676916860091,0.135866518219389,-0.0078905686220094,-0.0233276215708288,-30,0,0,0,0,0,0,2,-2.15912138943991,0.515647469655048,-2.20262121493531,0,0,0
681,-35.6144617283835,0.0220280604519809,2.24027828774426,0.135282427562604,0.00157958255423995,-0.0317904773281886,-35.6449046580379,-0.140341817618861,2.24908166729152,0.133235497537876,-0.0124493556871506,-0.0352053630890998,-30,0,0,0,0,0,0,2,-2.03374043771181,1.52561920395278,-0.977627025673065,0,0,0
682,-35.4803153746328,0.0243704837542986,2.20861288893811,0.133010426657882,0.00310525851361477,-0.0315394697236617,-35.2908531737208,-0.0163219926193077,2.26951304055028,0.128374728296967,-0.00734395380828424,-0.0385697432453316,-30,0,0,0,0,0,0,2,-2.25576648225518,0.767039366067039,-0.682051756567395,0,0,0
683,-35.3484380471688,0.0278592971941579,2.17738587785042,0.130744505285172,0.00387236331099995,-0.0309137066253131,-35.2441336723113,-0.0649579594876478,2.24562234198545,0.132559517094467,0.00786313456539184,-0.0322527441206968,-30,0,0,0,0,0,0,2,-2.76768436482415,-0.656397537563889,-1.26597027190121,0,0,0
684,-35.2192069445794,0.0314035031472336,2.14671298456631,0.127717931340773,0.00321604340478838,-0.0304309597498196,-35.1209491193026,0.0332737842783983,2.2145646567228,0.11573971280936,0.00218343735699428,-0.0338800080014591,-30,0,0,0,0,0,0,2,-1.33207304233086,-0.284891304256224,-1.04112851329969,0,0,0
685,-35.0923655478043,0.0344771202064422,2.11617524966969,0.125964842069971,0.00293118681129268,-0.0306438494418214,-35.0546182082294,-0.163848600450424,2.066120397883,0.135808398029218,0.0165683582096447,-0.0322135730388978,-30,0,0,0,0,0,0,2,-3.471603386463,-1.32913862006363,-0.910883491876225,0,0,0
686,-34.9680823944048,0.0367437919072114,2.08613407357779,0.122601946070013,0.00160214973803434,-0.029437273713997,-34.9235978823315,-0.00289564871258285,2.0561399135248,0.118922576024184,-0.0194892464031094,-0.0314327920637934,-30,0,0,0,0,0,0,2,-2.04506183775542,1.95471593773611,-0.969000620670264,0,0,0
687,-34.8466153945265,0.0393233309790077,2.05684238171755,0.120332208841674,0.0035569228356442,-0.0291452697063639,-34.9212268989902,0.101891388665521,2.03920698672288,0.12651084463197,0.0361151910319124,-0.0385341325314358,-30,0,0,0,0,0,0,2,-2.80863066521651,-3.81530188052228,-0.225000720302172,0,0,0
688,-34.7274904346148,0.0409726488379053,2.02837335373006,0.117918238150218,-0.000258293731038624,-0.0277918974515763,-34.7615987779085,0.0603606173879763,2.04823113301752,0.115606873086038,0.00120446323523869,-0.0367885389599344,-30,0,0,0,0,0,0,2,-2.03748975278669,-0.241167558299822,-0.417608370041612,0,0,0
689,-34.610532981591,0.0405938037621702,2.00094729058646,0.115996976354096,-0.000499400973176582,-0.0270595125594928,-34.4303151586014,0.0197526868795793,2.13322752235016,0.121611371507906,-0.00170591542043802,-0.0265305634005497,-30,0,0,0,0,0,0,2,-3.30050683358771,0.131086168284644,-1.61339870464534,0,0,0
690,-34.4963615800991,0.0401599949243087,1.97417317174181,0.112346077371296,-0.000368222861823004,-0.0264874037366267,-34.4801499673153,-0.0361068672831511,1.83875548610155,0.117842220347245,-0.000716337438709306,-0.034810103686318,-30,0,0,0,0,0,0,2,-2.82392210009381,0.143847478437233,-0.196500603571298,0,0,0
691,-34.3852162064255,0.0398637414120121,1.94838640927721,0.109945210538795,-0.000224289428394288,-0.0250852406133388,-34.3441387097039,0.0448998230844603,1.98096577532182,0.113761269444404,0.0031776413679339,-0.0329487503783779,-30,0,0,0,0,0,0,2,-2.68784952503257,-0.40756378296231,-0.667056512805845,0,0,0
692,-34.2765615844561,0.0394357119531702,1.92377727129234,0.10736441490494,-0.000631774348432967,-0.0241320934313495,-34.3356915780946,0.0849316532466196,1.90795413723743,0.0953645679752418,-0.0173079500015512,-0.034688515821059,-30,0,0,0,0,0,0,2,-0.865073641334902,1.56093169366188,-0.347056692368953,0,0,0
693,-34.1696707095898,0.0395844175659837,1.89968755302729,0.106417409905723,0.000929181908057707,-0.0240469739186729,-34.1461590507951,-0.183334999052337,2.02506537555641,0.11574507725,0.00853443304460887,-0.0172710948556385,-30,0,0,0,0,0,0,2,-3.28218962340985,-0.486773306356212,-2.32302126554898,0,0,0
694,-34.0652873384361,0.0402702591586728,1.87565357040942,0.102349387093187,0.000442495609417453,-0.024019532546006,-34.0819241889142,-0.150218815243339,1.87436478369023,0.0859576157733657,0.00264514199031415,-0.0395177028455046,-30,0,0,0,0,0,0,2,-0.43191319950825,0.0359234314552639,0.203040717170003,0,0,0
695,-33.9630708260719,0.0407307266718762,1.85176311701509,0.102083772710185,0.000478433621436357,-0.0237612460466733,-33.7475816053418,-0.0585371900686897,1.99246584234175,0.103583943119125,0.00361379201747408,-0.00608146789837075,-30,0,0,0,0,0,0,2,-2.86323110122894,-0.244304821610029,-3.37678489484642,0,0,0
696,-33.8631820542571,0.0410870444203605,1.82747741909028,0.0976934489225338,0.00023419638497167,-0.0248085834154662,-33.8538222175513,-0.0224621647587271,1.8745958365001,0.0927022328086287,-0.00377896075328525,-0.0231492091170628,-30,0,0,0,0,0,0,2,-1.56257884576024,0.422820404845979,-1.43427076129391,0,0,0
697,-33.7665724553009,0.0415326746595912,1.80250890262962,0.0955256805683845,0.000657056192301591,-0.0251276642264826,-33.9402890205603,-0.0206180738220766,1.62738319207681,0.0971494210370962,0.00248113599141344,-0.018035469885319,-30,0,0,0,0,0,0,2,-1.83436406258905,-0.206877451497191,-1.45121939562171,0,0,0
698,-33.6722427273881,0.0420863186677856,1.77730125881221,0.0931337628528882,0.000450226422041593,-0.0252867582968912,-33.5454531506945,-0.0846116588151183,1.82371021536342,0.0808112338600737,-0.0132338118466321,-0.0383244644892677,-30,0,0,0,0,0,0,2,-0.990217084618399,1.49260450229345,0.185026018199927,0,0,0
699,-33.579466348497,0.0432828655954224,1.75231687721969,0.0924192466923936,0.00194286262529594,-0.0246817242474951,-33.6890437709963,0.0470752101943124,1.94651253517677,0.0937850801778874,0.00618235371430138,-0.0311967461911702,-30,0,0,0,0,0,0,2,-2.00042047579609,-0.712385791818763,-0.773350451236526,0,0,0
700,-33.4880972290516,0.0448695669785505,1.72787642328989,0.0903192012650628,0.00123053382348156,-0.0241984235777551,-33.5234073073586,0.136553461213763,1.76751594226133,0.103272059025513,-0.00284512211672998,-0.0264264627504386,-30,0,0,0,0,0,0,2,-3.28039128783407,0.0114052892454718,-0.892385609478793,0,0,0
701,-33.3993658893798,0.0461058543144773,1.7042726590358,0.0871439335334136,0.00124203487079341,-0.0230079712322671,-33.1615123297004,0.0704754080358932,1.80808629193737,0.0828539522315198,0.01001558503547,-0.0131444139573482,-30,0,0,0,0,0,0,2,-1.96237056375128,-1.14250931961879,-2.30173118813992,0,0,0
702,-33.3137308032108,0.0467766600037205,1.68090107728407,0.0841260261535017,9.95719515696186E-05,-0.0237341173288324,-33.3025119194661,-0.169646463882583,1.64461419675198,0.0878904455872984,-0.0120018413478874,-0.0198138500079691,-30,0,0,0,0,0,0,2,-2.18402071979764,1.53947706255391,-1.30784339270706,0,0,0
703,-33.2308915761058,0.0476460031005504,1.65726442602478,0.0815525351318127,0.00163910837793089,-0.0235382665647898,-33.431469024984,0.0938673752256513,1.62535050797706,0.0868493287997687,-0.0174016965210176,-0.0237295041891082,-30,0,0,0,0,0,0,2,-1.82199483000893,1.55243490165046,-0.877750597043294,0,0,0
704,-33.1503499470797,0.0500613579110114,1.63388178205864,0.0795308697659847,0.00319159411335144,-0.0232262974993869,-33.3510170761502,0.193167756011945,1.65582118942236,0.0796517223371647,0.00532573825716365,-0.00789484557350197,-30,0,0,0,0,0,0,2,-1.26313808141608,-0.918909337740255,-2.52215782149453,0,0,0
705,-33.0721239222533,0.0527935124475837,1.60999633198218,0.0769207633477097,0.00227270823864965,-0.0245436742842618,-33.1040349366882,0.0849606951565927,1.72529806894585,0.0646160601044405,0.00246319829070655,-0.0227348466538777,-30,0,0,0,0,0,0,2,-0.25353613706775,-0.41624121938384,-1.17711147250393,0,0,0
706,-32.9956950803442,0.0548581037426634,1.58500660271479,0.075936649847787,0.00185646759919055,-0.0254354217509287,-32.9496921724006,0.0880997905677059,1.60845513193656,0.0589784428105213,-0.00540164186287208,-0.0487649892454301,-30,0,0,0,0,0,0,2,0.00154006374897264,0.363964605151796,1.65958866066988,0,0,0
707,-32.919265471036,0.0568965619612634,1.56015402293685,0.0769230098365475,0.00222044237749126,-0.024270053863798,-32.9330379085766,0.26728584477369,1.60134514771766,0.0714723516311473,-0.00512278031521167,-0.0222011666255399,-30,0,0,0,0,0,0,2,-1.28115934596155,-0.0222936580262127,-0.982573632881331,0,0,0
708,-32.8431747451068,0.0591058774380856,1.5358359178975,0.0752584461827786,0.00219818222107054,-0.0243655597396028,-32.8007368471406,0.00560274733045382,1.40855011370684,0.0674817832249593,-0.00650749189106691,-0.0330072888796982,-30,0,0,0,0,0,0,2,-1.14670462821478,0.639543694445783,0.483628660556135,0,0,0
709,-32.7682373436316,0.0616238535039834,1.51195381679785,0.0746167263709923,0.00283776428838915,-0.0233983982183096,-32.7697389359645,0.073644478619647,1.65099261335507,0.0918175734759449,0.0120757573918027,-0.0225862151973165,-30,0,0,0,0,0,0,2,-3.64227947566555,-1.35486469641956,-1.04336370697849,0,0,0
710,-32.6953914942103,0.0637842410182961,1.48922601557684,0.0710754692771966,0.00148300559894462,-0.0220559633245955,-32.5654369952529,0.209834132422484,1.43291075477658,0.0734477641334865,-0.0122117294578552,-0.0171086765457758,-30,0,0,0,0,0,0,2,-2.21390242284284,0.801504680940555,-1.15495385497558,0,0,0
711,-32.6255639377613,0.0656680328213948,1.46735315796615,0.0685798045144248,0.00228457150509374,-0.021688873130711,-32.8101294986289,-0.0493443142608966,1.45731840265504,0.0726863809241215,-0.00370814627669315,-0.0305880566622331,-30,0,0,0,0,0,0,2,-1.64837909515427,0.469503256191108,0.144168860913223,0,0,0
712,-32.5576038404616,0.0681873847175135,1.44617841999949,0.0673407790675057,0.0027541265315458,-0.0206601555029732,-32.4570117401727,0.0207097682528009,1.36294162928931,0.0804249132614481,-0.011157766022879,-0.0217884115613181,-30,0,0,0,0,0,0,2,-3.12846784579941,1.0743570657823,-0.547042102446806,0,0,0
713,-32.4916745682766,0.0714787391224598,1.42622948432284,0.0645182869007041,0.00382857679850625,-0.0192367304330899,-32.4958862582369,0.127149292166352,1.50798242949629,0.0581351774563954,0.00480324592638867,-0.0147948129684725,-30,0,0,0,0,0,0,2,-0.821745229165677,-0.734623176971571,-1.53648356214532,0,0,0
714,-32.4279800693194,0.0749400151217873,1.40659728025756,0.0628704716644591,0.00309396952892723,-0.0200270935406383,-32.5013725541849,0.0897616947946032,1.56984534070412,0.0683266745451728,0.0264303259679662,-0.011158501182562,-30,0,0,0,0,0,0,2,-1.82992234614747,-2.82255598638583,-2.02384056315203,0,0,0
715,-32.3664792756471,0.0766227314643603,1.38630414439773,0.0601309643535502,0.000271457567018448,-0.0205582244655506,-32.5011671388856,0.0129675166042331,1.51405787600713,0.0664270202406737,0.00499937158902013,-0.0119786665946873,-30,0,0,0,0,0,0,2,-1.64036774629618,-0.525872192110479,-1.83024909254552,0,0,0
716,-32.3075838431459,0.0766312755871824,1.3654982559467,0.0576597637021419,-0.000254375260609464,-0.0210526891038833,-32.2924289975664,0.133913109570924,1.38736345030697,0.0727459284957264,-0.0024540009579167,-0.0277209004312803,-30,0,0,0,0,0,0,2,-2.68973485443987,-0.0224261233501785,-0.00263685748592257,0,0,0
717,-32.250991677187,0.0763657316837206,1.34524067538104,0.0555251410161546,-0.000276718377826134,-0.0194617271579215,-32.180295041492,0.242186432065119,1.48321284012689,0.0574326948264633,-0.0155160096627773,-0.0203001782351942,-30,0,0,0,0,0,0,2,-1.38267939966236,1.06722810214749,-0.936407856734352,0,0,0
718,-32.1963196289434,0.07662264830113,1.32580180854364,0.0538189991894136,0.000790546638890758,-0.0194154078368959,-32.2124772450737,-0.0488830698373057,1.21801243019811,0.0606175308927712,0.00354433002649417,-0.00306011611518631,-30,0,0,0,0,0,0,2,-1.63679859912962,-0.256666862974806,-2.13001324887759,0,0,0
719,-32.1438288261613,0.0772848843194385,1.30602834657339,0.0511623913368125,0.000533917188383626,-0.0201305973631413,-31.924248738594,0.0658463949633804,1.35757623051321,0.0512332029248166,-0.0137145994310995,-0.013104469281529,-30,0,0,0,0,0,0,2,-1.2748228152936,1.23976715318319,-1.40470553287352,0,0,0
720,-32.0936258750974,0.0784387035485461,1.28570925718493,0.0492434104608088,0.0017737150401592,-0.020506914493743,-32.2841034469649,-0.00297374347604124,1.3618716820059,0.0439278819671333,-0.00829967583390475,-0.00903119908077088,-30,0,0,0,0,0,1,2,0.175418697216541,0.835915070342557,-1.82062345593471,0,0,0
721,-32.0449118511859,0.0806303702430232,1.26439631260412,0.0481841185586998,0.00260961348305626,-0.0221186015570184,-31.9610455004506,-0.124308110820568,1.20190031211864,0.0505785375009761,0.00161659305576066,0.00139686654686823,-30,0,0,0,0,0,1,2,-1.13576274919638,0.0869569160650705,-2.54348727892411,0,0,0
722,-31.9979950471718,0.0832834747093428,1.24160773492612,0.0456490639643106,0.00269658979608606,-0.0234576791529621,-32.1649797277811,0.148037409653095,1.4067235388968,0.0373830988556682,0.00523693857074281,-0.0270697533549541,-30,0,0,0,0,0,1,2,0.591649569995451,-0.819768676380472,-0.10647174229819,0,0,0
723,-31.9521745036131,0.0855701742039685,1.21787883744879,0.0459918679252406,0.00187680220049194,-0.0240002210385169,-31.9977758501436,0.137539808653127,1.26633682309185,0.0327904892445798,0.00127341725402053,-0.0133336451907641,-30,0,0,0,0,0,1,2,0.716502775829203,-0.402421342708307,-1.19930912710729,0,0,0
724,-31.9063096361489,0.0872457535734639,1.19314485345018,0.0457373974001816,0.00147435135148187,-0.0254676489043014,-31.8752743284505,0.00817316580429883,1.02261717831974,0.0519961245369543,0.010475769471092,-0.0309380632080027,-30,0,0,0,0,0,1,2,-1.44906379679437,-1.0639232787178,1.0485719641608,0,0,0
725,-31.860824833235,0.0881881716067009,1.16849945921062,0.0452327937971113,0.00041047925751442,-0.0238229557150265,-31.6442240368266,-0.0141859234971519,1.18500230325142,0.0423741775342354,0.00448077232589042,-0.012086031380122,-30,0,0,0,0,0,1,2,-0.94896967977043,-0.419705385594739,-1.16140146849064,0,0,0
726,-31.8163511359997,0.0883888120308504,1.14448678670132,0.0437144964260451,-9.2039826096652E-06,-0.0242018685732127,-31.7217200129665,-0.0339739713927995,1.06600926751598,0.042269833164261,0.00534196806866759,-0.0224162192064023,-30,0,0,0,0,0,1,2,-0.783543290493158,-0.46624886408116,0.109603385608267,0,0,0
727,-31.7729284062446,0.0881464986609228,1.12053498146064,0.0431311585845829,-0.000475427989240088,-0.0237015335815013,-31.7589985259943,-0.0324011634877891,1.20891075996867,0.0522797718354202,-0.00930355958568099,-0.0102539469448211,-30,0,0,0,0,0,1,2,-1.70998013155344,0.995158285543677,-1.39242682545523,0,0,0
728,-31.7309234671799,0.0881686751752266,1.0967990253292,0.0408787239863635,0.000519774503564764,-0.0237696088901063,-31.8396713095251,-0.136869295860465,0.894487307095057,0.0390880766387771,0.015463395194822,-0.0286410960564064,-30,0,0,0,0,0,1,2,-0.229465044827599,-1.27260092776127,1.07513499145052,0,0,0
729,-31.6898148041356,0.0880521591987078,1.07347795832731,0.0413389319392194,-0.000752812718398089,-0.0228726694645044,-31.6481762825327,0.0927083178497655,1.11814566331656,0.0308349828305329,0.0101590463140825,-0.018570225213841,-30,0,0,0,0,0,1,2,0.212854282012195,-1.20132126710778,-0.379268805249029,0,0,0
730,-31.6485375998746,0.0866986846915746,1.05035190886819,0.0412153340695457,-0.00195414289433597,-0.0233793779700938,-31.7204716638912,0.0436163579610103,0.928877306674666,0.0457505249126586,-0.00362943238534565,-0.0134994868639123,-30,0,0,0,0,0,1,2,-1.13410916348351,0.275710522612545,-0.507805926958101,0,0,0
731,-31.607944308248,0.0848824159436303,1.02709906008479,0.0399713616563587,-0.00167840048797655,-0.023125890330193,-31.6674716559039,0.0945381523701917,0.945588613895944,0.0348409741693983,-0.00769629467657856,-0.032770896283287,-30,0,0,0,0,0,1,2,-0.149154105132081,0.580553162917473,1.38591240053681,0,0,0
732,-31.5676113663142,0.0834943016352583,1.00451598319048,0.0406949130866177,-0.00109783418638929,-0.0220404960118403,-31.6006825067007,0.169973560385331,0.719656357125639,0.0344256706011474,-0.00317973788139946,-0.0367253053850895,-30,0,0,0,0,0,1,2,-0.241202046713379,-0.0219733326307169,2.23321782425767,0,0,0
733,-31.526318651921,0.082385494224253,0.983373066633777,0.041891142925768,-0.00111978632830234,-0.0202457252711749,-31.3879610698284,0.0526543229896161,1.11220453787427,0.0415210054751432,0.00998492572016446,-0.0177070639773403,-30,0,0,0,0,0,1,2,-1.37617840785746,-1.10380121799568,-0.453702678014511,0,0,0
734,-31.4851227974263,0.0807138306396012,0.963352935812544,0.0405007450143112,-0.00222354785931947,-0.0197940584262286,-31.2745989347924,0.0566225760344538,1.09267323330579,0.0290204066634147,0.0096935619535165,0.000671384078783255,-30,0,0,0,0,0,1,2,-0.352842796756658,-1.08260134742056,-2.2524848744899,0,0,0
735,-31.4454985787331,0.0779489832891417,0.942767244688692,0.0387471851817603,-0.00330615218106229,-0.0213767256175175,-31.5848931981019,0.102496719582839,0.982668999616646,0.0342852206737028,-0.00433726223053627,-0.0301463815530941,-30,0,0,0,0,0,1,2,-0.258735671166508,0.228732783887949,1.04930015607612,0,0,0
736,-31.4065367053957,0.0747572074381252,0.921839064257872,0.0391768859722738,-0.00307740495226066,-0.0204797686730274,-31.6128435612378,0.0814747598421035,0.862372848949972,0.0471977209151282,-0.0110845988807919,-0.0414347239453857,-30,0,0,0,0,0,1,2,-1.49408496903719,0.945510368394983,2.41872669663862,0,0,0
737,-31.3671799350909,0.0721525921737911,0.902728888299801,0.0395375957828111,-0.00213183357236057,-0.0177406950300541,-31.3193642768487,0.11109056291507,0.912808057663203,0.0516525949797539,0.0031297240855279,-0.0329257170526924,-30,0,0,0,0,0,1,2,-2.52653094427793,-0.535153534382929,1.46695558994283,0,0,0
738,-31.3281609235491,0.0697532291353667,0.88632313177407,0.0385013446140824,-0.00266690008774301,-0.0150704621346348,-31.18823814406,0.0733716561119796,0.945879742307815,0.028974634783715,0.00509883880142836,-0.00784046974692826,-30,0,0,0,0,0,1,2,-0.520987190251458,-0.656627192366795,-1.1077125099228,0,0,0
739,-31.290232063639,0.0667580230957374,0.870957861687493,0.0373561999391729,-0.00332351802123018,-0.0156596854145307,-31.2826531068971,-0.0334659277650995,0.985743050497872,0.0356806268882685,0.000178217637923358,-0.0161963744966609,-30,0,0,0,0,0,1,2,-1.00275647503257,0.0491100917378632,-0.351848651329654,0,0,0
740,-31.2533908961844,0.0634590774282706,0.855448947083956,0.0363262581202957,-0.00327437914192111,-0.0153577898440394,-31.3856981411033,0.0238795436986719,0.886304332230818,0.0404771988956293,0.0164970699960871,-0.0341531574111885,-30,0,0,0,0,0,1,2,-1.27632360735637,-1.69746608700606,1.64270707665722,0,0,0
741,-31.2170433315092,0.0593359938504087,0.841095060757007,0.0363695642895397,-0.00497179571607438,-0.0133499865621012,-31.1287672420309,0.132891842587145,0.851107798847593,0.031091139351558,-0.00411782377860422,-0.00397725296753496,-30,0,0,0,0,0,1,2,-0.851579451093917,0.145998692686132,-1.30449030094169,0,0,0
742,-31.1814353485379,0.0544372090236385,0.82748387193957,0.0348462483828554,-0.00482577876574485,-0.0138718738887223,-31.1851119030672,0.147612446563398,0.928006116779823,0.0298882323728743,-0.0108330369765506,-0.0121891225687465,-30,0,0,0,0,0,1,2,-0.618599431153055,0.788078804528261,-0.637099976684994,0,0,0
743,-31.1470472183013,0.0500054808401194,0.813532777361638,0.0339299824712534,-0.00403768479547141,-0.0140299998820096,-31.127926631977,0.0214710660117946,0.732402299401883,0.0568729133674203,0.00380682458663385,-0.00101227038652414,-30,0,0,0,0,0,1,2,-3.4314380727881,-0.423624590686974,-1.36357756015135,0,0,0
744,-31.1148852727711,0.045756034274193,0.800052489089277,0.0303942938349652,-0.004461211862041,-0.012929393391826,-30.9209836450696,0.157455034835434,0.891834155987902,0.0332901862506608,-0.0144423123979197,-0.0292531759701731,-30,0,0,0,0,0,1,2,-1.48705133492698,1.12932117012111,1.1416492850415,0,0,0
745,-31.0847071589826,0.0418595113596943,0.788007343913549,0.0299625368198339,-0.00333183776198596,-0.0111607420616191,-31.1097658804187,0.0700873013986473,0.768933419459667,0.0378931373449955,-0.000846947489755717,-0.0127858528995671,-30,0,0,0,0,0,1,2,-1.5697819736622,-0.0554798538217229,-0.259281548962627,0,0,0
746,-31.0554424703725,0.038499959078317,0.777222774412981,0.0285671061027862,-0.00338727075803332,-0.0104079252517946,-31.067581868008,0.192146862112479,0.697087824750036,0.0422142418867509,-0.0183734844824051,-0.00378308337092567,-30,0,0,0,0,0,1,2,-2.08626045265905,1.45305472401555,-1.0158673124075,0,0,0
747,-31.0280138339614,0.035839248316815,0.767070237426053,0.0262903548911388,-0.00193415789153587,-0.00989639004896975,-31.0947598741504,0.117933547567821,0.842724684023027,0.0246973943848898,-0.0058465693623077,-0.0141648082014628,-30,0,0,0,0,0,1,2,-0.280219690188144,0.348789841095127,-0.268968547899777,0,0,0
748,-31.0019308786633,0.034079491981335,0.757133133173574,0.0258755467709934,-0.00158536105595506,-0.00997767219801561,-31.1482485267168,-0.0914767744608661,0.877732661209965,0.0354024361827083,-0.00953523419990396,-0.00780069470917083,-30,0,0,0,0,0,1,2,-1.24374656483719,1.13647696891213,-0.975395851502847,0,0,0
749,-30.9768586447061,0.0330623880104149,0.74715723811626,0.0242689401748376,-0.000448851702481436,-0.00997357999282931,-30.9032569147785,-0.0697179911521703,0.66727757249146,0.0354355314232091,-0.000826916585078691,-0.0133287887013482,-30,0,0,0,0,0,1,2,-1.73703931276393,0.22212764081221,-0.00167627484810295,0,0,0
750,-30.9532659705147,0.032724629509174,0.737717849778924,0.0229167766899873,-0.000226670452826354,-0.00890474464657752,-30.8436145844673,-0.0896949702440663,0.738944300365387,0.0222690925806122,0.0144680103668592,-0.0165148475214166,-30,0,0,0,0,0,1,2,-0.539680089126721,-1.26741109619778,0.173596151410887,0,0,0
751,-30.9305114359538,0.0318642656075026,0.729027745861203,0.022592451411436,-0.00149406382100177,-0.00847534795628329,-30.9576690932569,-0.0166120559319035,0.715729897037228,0.0151714828959495,0.018459320868187,-0.00359786051003197,-30,0,0,0,0,0,1,2,0.398189896918825,-1.81270797495489,-1.07167374307126,0,0,0
752,-30.9081271691406,0.0294638414072526,0.719989303835502,0.022175727319919,-0.00330679068315941,-0.00960139509957801,-30.8006416957119,0.0733772972314306,0.697699151818626,0.0125409587964857,-0.00644860909895226,0.00209156791286315,-30,0,0,0,0,0,1,2,0.347187511775214,0.498106315432364,-1.60455509492357,0,0,0
753,-30.8863528876038,0.0264060955332059,0.70963896036459,0.0213723591127668,-0.00280870496250458,-0.0110990160782475,-30.9236005351082,0.0706889983044174,0.829372970416208,0.0296591221588771,0.000948610697688039,-0.00738801575951523,-30,0,0,0,0,0,1,2,-1.1187111456714,-0.236239066377639,-0.919944364880892,0,0,0
754,-30.8657187766337,0.0234792879240956,0.698527968877812,0.0198958727733773,-0.00304491516242163,-0.0111224754803773,-30.8739372890212,0.0392077372164008,0.759336120418667,0.0305210077789473,-0.0127044684013349,0.00709490650592379,-30,0,0,0,0,0,1,2,-1.30422619985231,1.19203136570069,-2.22816289142971,0,0,0
755,-30.8470565403615,0.0210304044276582,0.686957919693864,0.0174283245230167,-0.00185285725790837,-0.0120168091860227,-30.9330472276656,0.00792961243830586,0.78173085700285,0.00369403787655982,-0.0167444460321005,-0.00880263389128127,-30,0,0,0,0,0,1,2,1.49669066767517,1.65858537833343,-0.683198324877573,0,0,0
756,-30.8292963458716,0.0200068182286353,0.674172520620673,0.018091578660858,-0.000194322286985375,-0.0135542022616352,-30.68578868385,0.111097662339662,0.551365983275859,0.0108393545524064,0.00434291706075786,-0.00145545570489802,-30,0,0,0,0,0,1,2,0.287641912459405,-0.656487030755111,-0.957186396061915,0,0,0
757,-30.8114226002795,0.0194842480092118,0.66013838283774,0.0176556165062527,-0.000850824087835621,-0.0145139271478591,-30.9357893272496,0.0791639783751602,0.812950777959492,0.0302014747031494,-0.00212652800635792,-0.0154699746955944,-30,0,0,0,0,0,1,2,-1.1485688158158,0.0543248438854719,-0.0789040863595425,0,0,0
758,-30.7942448299841,0.0186606065550943,0.645945811249066,0.016700151573278,-0.000796464272557798,-0.0138708999464766,-30.8565962300191,0.0548596798432924,0.628487346345458,0.0239435875605696,0.00701300508295739,-0.00313638556013377,-30,0,0,0,0,0,1,2,-0.681166296018674,-0.811019867982324,-0.943336136677538,0,0,0
759,-30.7781261947957,0.0174586419268186,0.631917080610313,0.0155370314989219,-0.00160746892216744,-0.0141861777559748,-30.561934163572,0.103511648220993,0.479602818698735,0.0223850360555132,0.00783073784283402,-0.0208748989731804,-30,0,0,0,0,0,1,2,-1.1146352784073,-0.990097080725389,1.12828425992057,0,0,0
760,-30.7626598394804,0.0153561479449939,0.618500858667511,0.0153961969203805,-0.00259752464534263,-0.0126462154898398,-30.7886749683145,0.131159533362546,0.504194566638546,0.0205526200890689,-0.0100454371406994,-0.012904351461638,-30,0,0,0,0,0,1,2,-0.477912072277867,0.742224647344845,0.282046012886704,0,0,0
761,-30.7473676317786,0.013129746883229,0.606096365030276,0.0151883916460532,-0.001855283507918,-0.0121626987651623,-30.3886534434519,0.111480625706233,0.692773292415553,0.0138442801673791,0.0157778933984953,-0.0224594083615352,-30,0,0,0,0,0,1,2,-0.607121129834048,-1.800750591262,0.860394251322413,0,0,0
762,-30.7321428156215,0.0103741029904681,0.594436821836499,0.0152615812809407,-0.00365601006201718,-0.0111564069545025,-30.7601337566781,0.0868520490627567,0.503706157339043,0.0328230369096222,-0.00200008505686836,-0.020619767674741,-30,0,0,0,0,0,1,2,-1.76203617760596,0.0263044075613221,1.05456445279601,0,0,0
763,-30.7172173909604,0.00673127929470915,0.584234366436539,0.0145899048061191,-0.00362964477287417,-0.0092482767537017,-30.7318243588118,0.120033846905717,0.552516328501449,0.0165734442466388,0.0140853385822428,-0.00280689557139062,-30,0,0,0,0,0,1,2,-0.193695707040356,-1.64860155203572,-0.824343099863836,0,0,0
764,-30.7029830013772,0.00227733698016256,0.574717194033991,0.013878714576976,-0.00527824542153485,-0.00978583288677408,-30.7338370172669,0.025577301697792,0.508432262222171,0.00717110151069157,0.000178244504857233,-0.00523937469734762,-30,0,0,0,0,0,1,2,0.750563883464721,-0.0689790538813073,-0.492927054709581,0,0,0
765,-30.6889948591969,-0.00303540970651027,0.56447941258601,0.0140972931257253,-0.00534725068025998,-0.0106897964906359,-30.7066866453743,-0.0766606546318925,0.347765728226943,0.0246514399696889,0.000987196325324127,0.00675409106169437,-30,0,0,0,0,0,1,2,-1.05177070622028,0.0546016767313723,-1.37094056262332,0,0,0
766,-30.6757574643254,-0.0083553447211385,0.55359602613748,0.0123773861138793,-0.00529262497716663,-0.0110764162610578,-30.7606474737937,-0.133057133423202,0.464367766124108,0.0194815669324814,-0.000129868268488668,0.00381433222001981,-30,0,0,0,0,0,1,2,-0.426861745660716,0.279101093695271,-1.3101687542502,0,0,0
767,-30.6639844244732,-0.0135084152580737,0.542145828393382,0.0111684655818456,-0.00501351877546014,-0.0118235827382728,-30.7099877644164,0.0821911883443659,0.608179392185773,-0.0175668589872038,-0.0210096543323885,0.00175757317827378,-30,0,0,0,0,0,1,2,3.17666142755315,1.93658305655012,-1.39211610219892,0,0,0
768,-30.6520879344744,-0.0175536937121619,0.528736764227896,0.0126235076832416,-0.00307704234603933,-0.0149950118918398,-30.7132353757935,-0.0885551350845227,0.486852906433902,0.029940458681017,-0.00287152116371202,-0.0138027754556031,-30,0,0,0,0,0,1,2,-1.56757511651469,0.464262386540247,0.406571732692503,0,0,0
769,-30.6399384424018,-0.0203985765655006,0.514390549888864,0.0116759101324507,-0.00261272906774071,-0.0136971086092445,-30.6456410126948,-0.0372412013719379,0.345504423725592,0.0196464889749761,-0.00358885662606702,-0.0147401638856091,-30,0,0,0,0,0,1,2,-0.673366872108022,0.433368065350578,0.783007541109724,0,0,0
770,-30.6282745154059,-0.0227946063500167,0.501191336381056,0.0116522796711518,-0.00217933539939822,-0.0127013086040505,-30.5923510810164,-0.0626292846384076,0.435318521727033,0.0149203916070798,-0.00285756433638491,-0.00890463038134453,-30,0,0,0,0,0,1,2,-0.307336998675264,0.411015002915306,0.0198259946803864,0,0,0
771,-30.6167461886874,-0.0247684263844624,0.488580103330364,0.0114044469178313,-0.00176831078991115,-0.0125210739393779,-30.6460983307488,-0.230180294622182,0.361841367975354,0.0102116931666706,-0.000392895395950632,-0.00454912810818126,-30,0,0,0,0,0,1,2,0.271027344830577,0.499650128839427,-0.268769925132582,0,0,0
772,-30.6053426392355,-0.0262869139793691,0.475850424424841,0.0114025344401576,-0.00126867067804396,-0.0129382804809616,-30.6006989470219,-0.180512912654182,0.405355448303606,0.0301357127697249,0.00178729037246451,-0.0170294336258281,-30,0,0,0,0,0,1,2,-1.81217338292867,0.182296788061913,0.892232465975596,0,0,0
773,-30.5943431223917,-0.0274644027853923,0.46382627790425,0.0105970986675378,-0.00108631245482185,-0.0111097543690058,-30.5605064981735,-0.132099721451829,0.344727862905283,0.00539264776378328,0.00264718170476324,-0.0136315515337845,-30,0,0,0,0,0,1,2,0.581748219968691,-0.000518727572666577,0.673699427567889,0,0,0
774,-30.5833188436267,-0.0285509783517846,0.452760577270925,0.0114515018682176,-0.0010868449879403,-0.0110219171050664,-30.4508788411099,0.143870579300315,0.525874951507293,0.00627884018085455,0.00106994464175132,-0.00896662090184411,-30,0,0,0,0,0,1,2,0.273873664134411,-0.394735622775763,-0.155087812830174,0,0,0
775,-30.5718290131393,-0.0298351941889769,0.441571864029074,0.0115280641353297,-0.00148159001859446,-0.0113555279634205,-30.4446775848857,-0.196450355137964,0.580033299926858,0.0121084753330506,0.0129233307696599,-0.0136451846900299,-30,0,0,0,0,0,1,2,-0.321492363533632,-0.899432366690058,0.20445186914927,0,0,0
776,-30.5603679609496,-0.0317664922494654,0.430380991450154,0.0113941603702557,-0.00238101120556089,-0.0110261711368221,-30.4563056163114,-0.0698618960276267,0.360140049029021,-0.00273551806308453,-0.00165100678334685,-0.0142960011707019,-30,0,0,0,0,0,1,2,1.18616303893123,0.304824470389939,0.709320019012147,0,0,0
777,-30.5483076513411,-0.0339951041113626,0.419211391507966,0.0127263814735289,-0.00207621898261659,-0.0113134505622567,-30.5147629787771,-0.103003366552947,0.49940881846491,0.0161935296646399,0.00817757539937863,-0.0152727512463939,-30,0,0,0,0,0,1,2,-0.589827008909882,-0.61175080683197,0.528457487709575,0,0,0
778,-30.5356416074652,-0.0363771847842732,0.408272188167064,0.0126059609943743,-0.0026879483331331,-0.0105649142697982,-30.632325316075,0.0923896582584258,0.555170161646452,0.00237066099712641,-0.00436444018411359,-0.028252148835252,-30,0,0,0,0,0,1,2,1.02758453243734,0.251664701894508,1.7148745602323,0,0,0
779,-30.5220963014685,-0.0389393084761842,0.397991830179773,0.0144848461280512,-0.00243630479548126,-0.00999639805456878,-30.4305337257846,-0.148191248292057,0.29336903544895,0.0337251389245861,-0.00667367481457078,0.000869239194936533,-30,0,0,0,0,0,1,2,-2.51144644088936,0.963749978041191,-0.673661990391552,0,0,0
780,-30.5087884698431,-0.040893699486368,0.388553859682318,0.0121311858244556,-0.00147248144203953,-0.00887879006129846,-30.5403901267319,-0.195481313412163,0.398139959279721,0.0149290055725155,-0.0104411876543662,-0.0040571350355416,-30,0,0,0,0,0,2,2,-0.412120303787652,1.43508139226094,-0.390566415005282,0,0,0
781,-30.4969529492651,-0.0416486342186715,0.379646672704982,0.0115398475154229,-3.73897322151228E-05,-0.00893538795737855,-30.3244445816273,0.165451705242849,0.269892875920017,0.0232927209559376,0.00499970008571548,-0.0251191939241601,-30,0,0,0,0,0,4,3,-1.68038293233909,-0.830873419057245,1.97213364057598,0,0,0
782,-30.4854007783817,-0.0421014258358135,0.371988420215296,0.011565317582745,-0.000868199137174766,-0.00638112080031006,-30.4656197209952,0.165007270002212,0.298466209464921,-0.00206921546285201,0.000740220520446614,-0.00579604074989695,-30,0,0,0,0,0,4,3,1.13816098827563,-0.404036592049085,-0.0173283439401456,0,0,0
783,-30.4734256071109,-0.0431716581954609,0.365205292227276,0.0123847833678976,-0.00127227096332972,-0.00718539065614374,-30.5647798689563,-0.20463014173443,0.411527234715498,0.00677509872538865,0.0130952171024809,0.000999229564971954,-30,0,0,0,0,0,4,3,0.452049865373736,-0.900261426779231,-0.922977425928192,0,0,0
784,-30.461188846558,-0.0448940671328142,0.357506087074552,0.0120884291356929,-0.00217255202240722,-0.00821291753031251,-30.4278827011869,-0.0081607280121217,0.367477757947833,0.00625785836956877,-1.45831190175106E-05,0.0111014653365048,-30,0,0,0,0,0,4,3,0.229979565416914,0.0177797679259945,-1.84510204954615,0,0,0
785,-30.4496385902278,-0.0470577356285776,0.34850869395555,0.0110115985418294,-0.00215479071699168,-0.00978152561775621,-30.2317994565944,0.00736580558872814,0.304241717315434,0.019895336799762,-0.0110529049687228,-0.00883268899563584,-30,0,0,0,0,0,4,3,-1.52593476678742,1.09055888569483,0.274785464932716,0,0,0
786,-30.4391181456027,-0.048667219349048,0.339319192379892,0.0100296787041351,-0.00106418303806949,-0.00859716362994444,-30.3937875541845,-0.0770721606630208,0.365955349415231,0.00398786399997321,-0.0152581554294133,-0.0032126254863437,-30,0,0,0,0,0,4,3,0.388788708371592,1.67995986426737,-0.410648150196092,0,0,0
787,-30.4290914708181,-0.0488914265548911,0.330422326971692,0.0100234987087311,0.000615762297038155,-0.00919655875698627,-30.2951093723364,-0.0495706296901519,0.437821387153312,0.00887062697989943,0.000547304440762855,-0.0132158522067387,-30,0,0,0,0,0,4,3,-0.296843953317083,0.0444108153040183,0.445942446367245,0,0,0
788,-30.4190423241824,-0.0482534498239684,0.321473927715585,0.0100749640321959,0.000660185020363328,-0.00870025383886507,-30.1850544215606,-0.26762256886989,0.331689769524266,0.00106987418410487,-0.00847716187980943,0.0018971089302148,-30,0,0,0,0,0,4,3,0.263121424710657,1.38296132572072,-0.853090432070013,0,0,0
789,-30.4091649453171,-0.046901788565867,0.312350810946703,0.00967954073509697,0.0020431329665691,-0.00954585114719827,-30.5106225042697,-0.020408109608389,0.177874604159589,0.0201774999495607,-0.0131439977358003,0.00244437074936046,-30,0,0,0,0,0,4,3,-0.996504986416606,1.35521599279681,-0.600186283255223,0,0,0
790,-30.4000690017257,-0.0441810314926697,0.302896523076723,0.00851241696606445,0.00339837601976591,-0.00936235400229903,-30.4176700789951,0.0675615866656076,0.284300883265006,0.00314188719334114,-0.00217194162819515,-0.010004607505947,-30,0,0,0,0,0,4,3,0.52115143865611,0.0820709894883003,0.431858984064692,0,0,0
791,-30.3912304204411,-0.040741623635392,0.293505229596054,0.00916473832452187,0.00348043357928868,-0.00942043732277911,-30.3958025495269,-0.133486037143194,0.215050685696544,0.0110277592156366,-0.00306173287574753,-0.00200523582481125,-30,0,0,0,0,0,4,3,-0.311170822509782,0.573145361861141,-0.229577788911964,0,0,0
792,-30.3822701678742,-0.0369746103802552,0.284086726580024,0.00875577961629868,0.00405358713130803,-0.00941643820899684,-30.2728949376298,0.0670858034744024,0.200209258469516,0.0141327394408462,-0.00392228726845389,0.00682712739313862,-30,0,0,0,0,0,4,3,-0.867484068824963,0.258057119896584,-1.08313125625289,0,0,0
793,-30.3742109010078,-0.0327919817565741,0.274540774838304,0.00736268574215977,0.00431166435748359,-0.00967502653477037,-30.4614605205832,-0.192664418307986,0.228419725598386,0.00632364288859005,0.00572539967746169,-0.00296607667458985,-30,0,0,0,0,0,4,3,0.290556752307378,-0.187211131130198,-0.160231783737787,0,0,0
794,-30.366805828198,-0.0285739249417441,0.264693801446258,0.00744736473155717,0.00412444327719124,-0.0100189446891858,-30.4380259600565,-0.0560439186887335,0.279815871944687,0.0217852897307153,0.00167315107475268,0.00353705272917113,-30,0,0,0,0,0,4,3,-1.30247705295858,-0.0552272700978012,-0.913337016806487,0,0,0
795,-30.3601603558234,-0.024477073785885,0.254755641550431,0.00584364526438304,0.00406925058500768,-0.00985687380819569,-30.4802243038707,-0.145632607022972,0.421106807087399,-0.00166122203340197,0.0171026776477706,-0.00151800564007176,-30,0,0,0,0,0,4,3,1.12657081108162,-1.41900255073112,-0.690413050167623,0,0,0
796,-30.3541414413331,-0.0211173403654759,0.244251018712882,0.00619379036582582,0.00265020900633247,-0.0111524806576973,-30.256713197535,-0.12467797801048,0.295907428460991,-0.00524074917348563,-0.00258175042688772,-0.0275125035917815,-30,0,0,0,0,0,4,3,1.03750131241863,0.507530998709731,2.15943550225616,0,0,0
797,-30.3468522551139,-0.0182133723412732,0.233538386475552,0.00838487021912051,0.00315772127910671,-0.0102734659632362,-30.2910204838829,-0.0365588574254244,0.197856485790755,0.00222816809598355,-0.00302260740540072,0.00810003039784127,-30,0,0,0,0,0,4,3,0.359224158167529,0.375378455390921,-1.20571601136564,0,0,0
798,-30.3387505294223,-0.0148679682486198,0.222681288630162,0.00781822840974411,0.00353308122112522,-0.0114405504389572,-30.5604258546109,-0.138444442755835,0.414613776607156,0.00484952633102453,0.000772973219439267,0.000308135457862652,-30,0,0,0,0,0,4,3,0.635899076119272,0.199591563567743,-0.860041099000577,0,0,0
799,-30.3309979714825,-0.0112351008688853,0.210693067654865,0.00768655770854117,0.00373264785820026,-0.0125358491896633,-30.4881779788587,-0.0344550975074805,0.125034838588858,0.00417469982867273,0.0163085893278735,-0.0191280317365355,-30,0,0,0,0,0,4,3,0.558885974850037,-1.56194873777239,1.66273349647583,0,0,0
800,-30.3225600555217,-0.00828342850867555,0.198570640682056,0.00918954455841336,0.00217069211261922,-0.0117094700597173,-30.3193821990797,-0.00413135511286757,0.16422851130788,-0.00799870436252314,-0.0024598862559367,-0.0115363916839794,-30,0,0,0,0,0,4,3,1.43863483441172,0.254251335819405,0.825182145782181,0,0,0
801,-30.3125736765446,-0.00598562710313454,0.186667480128404,0.0107831079124559,0.00242490412233196,-0.0120973446726592,-30.4321710733755,-0.0531627504910792,0.0333456258271265,0.00270935375388912,0.00611619909757438,-0.00779561001781907,-30,0,0,0,0,0,4,3,0.59340677136213,-0.50529440877528,0.712869750127655,0,0,0
802,-30.3013447465061,-0.00381337417169056,0.174617422889532,0.0116747956543973,0.00191959578513343,-0.0120030442212051,-30.1467004797813,-0.106540293536078,0.149067342557331,0.0107279928182046,0.00605683908833732,-0.000506856918668615,-30,0,0,0,0,0,4,3,-0.779398322257922,-0.392603321761576,-0.247448993247801,0,0,0
803,-30.2900549090075,-0.00209006640926383,0.162767117287455,0.0109049879853109,0.00152701499801926,-0.0116973231337862,-30.1523562499747,-0.115155611968156,0.140984826737276,0.024799929508335,-0.00428791863014251,-0.0103336482385948,-30,0,0,0,0,0,4,3,-2.17528045088417,0.659103086950563,0.751395170384933,0,0,0
804,-30.2797146778547,-0.000233460146756246,0.152062351708468,0.00977610209948957,0.00218618985980957,-0.00971185378072057,-30.2139234666267,-0.0203963433593929,0.118788584601536,0.0335465015875246,0.00685671445340611,-0.00509107171853405,-30,0,0,0,0,0,4,3,-2.92680322549903,-0.644878758621826,0.271530002650332,0,0,0
805,-30.2709408202064,0.00163033829903076,0.143419820063908,0.00777228235939828,0.00154140311477555,-0.00757259012156211,-30.2309609606221,0.107743424739264,0.19073118197366,0.0126305839765209,-0.00132288786450572,0.00147096106245278,-30,0,0,0,0,0,4,3,-0.801136476407825,-0.0831980630279553,-0.528558470192598,0,0,0
806,-30.2636531058283,0.00313015602072696,0.135906607501759,0.00680319474352587,0.00145822653141421,-0.00745353439988154,-30.2068510949467,0.126385148652965,0.0795978207424267,0.00772388714961669,-0.00533058800279211,-0.0170182782313605,-30,0,0,0,0,0,4,3,-0.358686525068313,0.280288502973281,1.5426321816512,0,0,0
807,-30.2564726189753,0.00472854002968165,0.129128859048216,0.00755820645761216,0.00173853560332092,-0.00610219313653733,-30.1650480170951,0.178800217512342,-0.0175525967519184,0.00628658957959511,0.0155489412953702,-0.00811178218011224,-30,0,0,0,0,0,4,3,-0.298562923769362,-1.91249456456171,0.846283411515061,0,0,0
808,-30.2487486280033,0.00551083650110506,0.123424556211217,0.00789003350900998,-0.000173944530125586,-0.00530651284693253,-30.2555356091704,0.0317405951739062,0.0876433525948201,0.00182469916424064,-0.0250488451709505,-0.0126450596295563,-30,0,0,0,0,0,4,3,0.328601301916796,2.44140332674724,1.08921925776599,0,0,0
809,-30.2403786893624,0.00655759370646663,0.118393421955765,0.00885002250374755,0.00226745535807942,-0.00475604579369885,-30.2871517176799,-0.0634147753084616,0.0666475966237055,0.0101061028826369,-0.00802699974123624,0.0160506952697286,-30,0,0,0,0,0,4,3,-0.436306852903798,0.929529524740547,-1.73836472022027,0,0,0
810,-30.2322854946572,0.00928981749802026,0.11312814433154,0.00733606266456435,0.00319698764552819,-0.00577404128493643,-30.2146164680884,0.0230615460167778,0.0460938289738148,0.0169747851368289,0.00582314654038415,0.00219888284819442,-30,0,0,0,0,0,4,3,-1.26824557750614,-0.628437746071971,-0.312075942767072,0,0,0
811,-30.2255314380364,0.0121726071004182,0.107652970373084,0.00617224492355085,0.0025685871241159,-0.00517594474006454,-30.3548821384087,0.0359627052274815,0.233153752355473,0.0156230769709697,-0.0042824703912172,-0.00145323314300169,-30,0,0,0,0,0,4,3,-0.852543420279586,0.356321628666757,-0.320984190410777,0,0,0
812,-30.2197905767272,0.0149193699098422,0.102633046915419,0.00530958327734167,0.00292493309600878,-0.00486363427013899,-30.2519883547305,0.036363390289906,0.00134871183780291,0.0361374264149172,-0.00420030510920509,-0.0227991524214181,-30,0,0,0,0,0,4,3,-3.10976593203068,0.347303730340697,2.2772178184662,0,0,0
813,-30.2148630307841,0.0180180121294143,0.0996464201851984,0.00454666746937185,0.00327234683662789,-0.00110938445928408,-30.2508851098051,0.185903496139409,0.216124327936169,0.00204937329575505,0.00691626256865341,-0.0148237387221945,-30,0,0,0,0,0,4,3,0.296832890034774,-1.06343324914416,1.05012521634711,0,0,0
814,-30.2098578582067,0.0207586432978854,0.098809479001795,0.00546385181606506,0.0022089108882716,-0.000564778375716005,-30.1651784325221,0.217333947030377,0.208242373132286,-0.00325160915086057,-0.00356924131996367,0.00583699976673351,-30,0,0,0,0,0,4,3,0.655517780130344,-0.0777437620643861,-1.00018472293792,0,0,0
815,-30.2044981698923,0.0229286718631978,0.0976411347504703,0.0052551648682064,0.00213114073549449,-0.00177184237464188,-30.1941572199091,-0.133736932246451,0.0922172437590295,0.0232930409912663,-0.000260799568623488,-0.0211797177245033,-30,0,0,0,0,0,4,3,-1.94098965930843,0.293553821355251,1.93353728493228,0,0,0
816,-30.1993068779517,0.0252066277237443,0.0972243519809454,0.00512825348191784,0.00242476637093392,0.000938319038271129,-30.2317914922832,0.106396206497789,0.359836286159758,0.00942907419654533,-0.0153173138880475,0.00178834564454899,-30,0,0,0,0,0,4,3,-0.479324435088111,1.31893897580917,-0.898507136774415,0,0,0
817,-30.1946646683137,0.0282908706402506,0.0979819787314309,0.00415606556313336,0.00374371460546806,0.000577238777415914,-30.0164379218059,-0.0489337112435888,0.207390208719855,-0.00534913757116431,0.0173009178257783,-0.0160090195886843,-30,0,0,0,0,0,4,3,0.567789600728321,-1.63222436009065,1.18612154142872,0,0,0
818,-30.1899027080103,0.0312184707375111,0.0987886955601208,0.00536800302327749,0.00211148001954412,0.00103582991821142,-30.1405171187767,0.0256979371885533,0.032618230089065,0.00766648163411923,-0.00609783233998367,-0.00941281183043408,-30,0,0,0,0,0,4,3,-0.485613925858581,0.558387359621261,0.876044722865278,0,0,0
819,-30.1844200371692,0.0336091576572047,0.10029720763206,0.00559763306412294,0.00266988776279305,0.00198112649813537,-30.2372088316443,0.00734407235627387,0.172345094492725,0.00803852407014219,0.00128177270844366,-0.00259103727507162,-30,0,0,0,0,0,4,3,-0.329434743725521,-0.142865415556914,-0.0855864614782869,0,0,0
820,-30.1789766772805,0.036207620214112,0.102345265914621,0.00528913544096061,0.00252703198966961,0.00211508872791676,-30.2268366165928,0.00799816628433268,0.0992465481294607,0.0171094209152019,-0.0125646041819234,-0.00133060878258777,-30,0,0,0,0,0,4,3,-1.2572688583346,1.24046408562367,-0.0654322180001441,0,0,0
821,-30.174174664692,0.039354905089777,0.104850716586421,0.00431513107745945,0.00376753447870529,0.00289611257886723,-30.1715745491962,0.117598972799137,0.19447681599999,-0.00376964509177083,0.00799471209564432,-0.0162002278678334,-30,0,0,0,0,0,4,3,0.720113607569428,-1.03466915516271,1.23106915478336,0,0,0
822,-30.1691805148994,0.0426051004433083,0.107939360080352,0.00567329069545778,0.00273285067576199,0.00328076412412057,-30.1318294973927,-0.117906329440682,0.0993924404088309,-0.00110308421256673,0.0135723694526977,-0.00938869167959014,-30,0,0,0,0,0,4,3,0.373967416042125,-1.12142428638841,0.740084287141352,0,0,0
823,-30.1631218040948,0.0447772383267217,0.111349746682702,0.00644421598118425,0.00161141939887489,0.00353977913287274,-30.2633833489929,0.229876428678681,0.108104588610874,0.00347142904168092,0.00098636587055625,0.00195539467448169,-30,0,0,0,0,0,4,3,0.179623793817714,-0.558389444412986,-0.411748644669917,0,0,0
824,-30.1567557472413,0.0461094629370674,0.114663523737969,0.00628776853695483,0.00105302187589339,0.00308782610928039,-30.1879440347038,-0.0678622310145362,-0.032989856386021,0.0185946302760833,-0.0120168331891797,-0.00819406545859243,-30,0,0,0,0,0,4,3,-1.48357495820068,1.33740778094705,0.885386258631285,0,0,0
825,-30.150711762087,0.04783121764797,0.118567062222849,0.00580070069501439,0.00239048090386559,0.0047194006415788,-30.1021161998923,0.0746181359376902,0.0221086011679182,-0.000181040642524218,-0.0116089979116055,0.0030698406043015,-30,0,0,0,0,0,4,3,0.222336464037016,1.01166351928517,-0.351201262765986,0,0,0
826,-30.1449524534976,0.0507275284495971,0.123068487938649,0.00571778979231773,0.00340213540135028,0.00428347954794684,-29.9572119512864,-0.0214557211560029,0.0571524897867834,0.0123176240853177,0.0101544503732089,0.00259990471459031,-30,0,0,0,0,0,4,3,-1.31733850595906,-0.972533595008881,-0.374295451032598,0,0,0
827,-30.1398464191521,0.0536434193505455,0.127651720455161,0.0044944676199416,0.00242964015915777,0.00488335808331504,-30.0559790796506,0.192767915836217,0.071852556976536,0.00488696922280467,0.00141542824618517,0.00128566447238422,-30,0,0,0,0,0,4,3,-0.376738762979286,-0.527078656290951,-0.272271561191494,0,0,0
828,-30.1355850796172,0.0558095273211736,0.13255160059828,0.00402822714344435,0.00190257145728104,0.00491654667831256,-30.1466957447806,0.0621211643660901,0.144833769729948,0.00307694277823703,-0.00146761285507716,0.0192288259278383,-30,0,0,0,0,0,4,3,-0.0143027882625299,0.0225189567755356,-2.21255013224373,0,0,0
829,-30.1323215329197,0.0577233551426215,0.13665358759373,0.00249838280457101,0.0019250772328092,0.00328789260164691,-30.0638480394915,0.0785337247607725,0.307546336480156,0.00527232081575723,-0.00335925549313369,0.00790930999216822,-30,0,0,0,0,0,4,3,-0.399536002592694,0.178858099791824,-1.40602367217713,0,0,0
830,-30.1304535909509,0.059737866307987,0.139554118814624,0.00123727604628655,0.00210393900325387,0.00251355186527429,-30.2112245828749,0.000531375222435834,0.0566652632899223,0.00355781960923123,-0.00676810757376641,0.02466554106233,-30,0,0,0,0,0,4,3,0.0666672048266028,0.675748006931769,-2.57988463281284,0,0,0
831,-30.1300797122043,0.0621796721625561,0.141094195411998,-0.00049009725780239,0.002779669064398,0.000567122171377117,-30.0822139906796,0.129358963653176,0.258439661863581,0.00371175320158532,0.00500827101920505,0.017014697167211,-30,0,0,0,0,0,4,3,-0.2067473387993,-0.759545029226857,-2.21834904044826,0,0,0
832,-30.1314105686971,0.0645795667155242,0.140914749125007,-0.00217205772759285,0.00202011675738702,-0.000925506424860337,-30.1827928968196,0.164575293493688,0.144810282549652,-0.00943222767502189,0.00430822794150789,-0.00841016614402989,-30,0,0,0,0,0,4,3,1.30880856114132,-0.759973381138164,0.551396049303686,0,0,0
833,-30.1329233643091,0.0662196801338512,0.139732108596782,-0.000853680213057336,0.00126010636910262,-0.00144017101959199,-30.0571496093265,0.237185753483739,-0.0422933878981375,-0.00148403198385414,0.00727894246358156,0.0122182168136536,-30,0,0,0,0,0,4,3,0.262702417038438,-1.20226575332563,-1.13723490556908,0,0,0
834,-30.1340781390241,0.0668786493000778,0.137778620268266,-0.0014561685784773,5.78255013847343E-05,-0.00246662336248598,-30.3326547490947,0.209578563568685,0.315727270565062,0.0118395490875453,0.0183460020182085,-0.00410072255389067,-30,0,0,0,0,0,4,3,-0.518645410565151,-2.25375732895822,-0.221382285741057,0,0,0
835,-30.1358057553842,0.0658096061538,0.135400396583603,-0.00199900467395785,-0.00219591718367041,-0.00228966163051826,-30.209163807703,-0.0339312305302931,0.11273644445896,-0.0142418103653336,-0.00445003840736539,0.0113086144736467,-30,0,0,0,0,0,4,3,1.84250865193934,0.512866301797125,-1.35633433628259,0,0,0
836,-30.1376084066348,0.0638700918145929,0.131976011301059,-0.00160696793807665,-0.00168311610905355,-0.00455922463565395,-30.2326918960388,-0.178890494721736,0.174632693391901,-0.00157170476590232,0.00296538382914395,-0.00692665819890708,-30,0,0,0,0,0,4,3,0.622554268667842,0.0612426065290774,0.343400433106905,0,0,0
837,-30.1388794470661,0.0622175904736097,0.127318207299953,-0.000935164004919617,-0.00162189060353577,-0.00475658432117566,-30.1270711879549,-0.0395370592461797,0.0411649242304366,0.0195506262423298,0.0143469561025635,0.00742256989603369,-30,0,0,0,0,0,4,3,-1.70092024832311,-1.35562149176399,-0.824586838064243,0,0,0
838,-30.1407236642563,0.0599179155012736,0.12283812905265,-0.00275309646877651,-0.00297746466451014,-0.00420303151709101,-30.1953186114381,-0.0923510517182802,0.207517391705082,-0.000575884362568454,0.00464515193098717,-0.00730130843656655,-30,0,0,0,0,0,4,3,0.448225659132989,-0.279813089662157,0.315096060246492,0,0,0
839,-30.1432136532205,0.0568005410632161,0.118586565626001,-0.00222690254122104,-0.00325728964958474,-0.00430025306440408,-30.2236341914117,0.266891815531528,0.144934994864427,-0.00933822858864345,-0.0120750819317435,0.0110633287963679,-30,0,0,0,0,0,4,3,1.38109124168766,0.673724562111291,-1.39620286936564,0,0,0
840,-30.1454289687418,0.0538800910182344,0.113295780739405,-0.00220430927575738,-0.00258361631752183,-0.00628132496224741,-30.1224886225214,0.118309994032691,-0.0229030059296928,-0.0134788565724917,-0.0138636216234105,0.00153362798647981,-30,0,0,0,0,0,4,3,1.59286290229193,1.14974217427567,-0.107556786788595,0,0,0
841,-30.1471025274165,0.0518713237309945,0.10641763130549,-0.00114315354131092,-0.00143392397149451,-0.00747529048936789,-29.8906240592164,0.142067935368358,0.0515766400587743,0.00695964813182645,0.000808157975674763,0.00838787116644115,-30,0,0,0,0,0,4,3,-0.914716694749867,-0.364951668304192,-0.941940396761663,0,0,0
842,-30.1489114754514,0.0502549380526793,0.0989074757556469,-0.00247475382473306,-0.0017988532013957,-0.00754462592356152,-30.0954418520245,0.0343833063271279,0.323761176874453,-0.0121319259330865,0.0105364281999422,0.00781483325099203,-30,0,0,0,0,0,4,3,1.40407629735763,-1.12240943264847,-1.42900567884811,0,0,0
843,-30.1513812851245,0.0478948563999254,0.0903526773075546,-0.0024654548569452,-0.00292131477227675,-0.00956497515207792,-30.2628354598618,-0.0411596810551361,-0.2755569558462,0.00966771974864622,0.00587268371613475,-0.00807048315498118,-30,0,0,0,0,0,4,3,-0.441101055140956,-0.504949009503202,1.35816222719052,0,0,0
844,-30.1535481800788,0.0447210807340869,0.0814225064331668,-0.00186795083026421,-0.00342624180039328,-0.00829554515767289,-30.2990322689481,0.0971995412672584,0.119923160039239,-0.000132664892415013,-0.00558434661770319,-0.00672130869508967,-30,0,0,0,0,0,4,3,0.611331027137616,0.364035579235802,0.432284549430488,0,0,0
845,-30.1550560441039,0.0414768518195188,0.0730629606134488,-0.00114780713405796,-0.00306222243268027,-0.00842375968100991,-30.0068967152472,0.0202644288986796,-0.0229555041897219,-0.00378181972463472,0.0147488389621907,-0.0146851057128058,-30,0,0,0,0,0,4,3,0.391975402957874,-1.51541275401643,1.51442157966003,0,0,0
846,-30.1555489156849,0.0376569233762595,0.0650412643059182,0.000162307982642853,-0.00457763795983447,-0.00762001976149098,-30.20656253155,0.0299801290078435,0.2221680750284,0.0140803400998675,-0.0187072065575278,-0.00567794293581244,-30,0,0,0,0,0,4,3,-0.994908946886741,1.8107603977371,0.123458143524444,0,0,0
847,-30.1557127754678,0.0339846838095287,0.0577998695109788,-0.00048979099307363,-0.00276684608779553,-0.00686257100210171,-30.1256116404965,0.188830287534035,0.027757260081441,-0.0113695434938864,-0.00522096065637885,-0.0132536277458392,-30,0,0,0,0,0,4,3,1.38817763038167,0.144435490569815,1.26984825442104,0,0,0
848,-30.1552714585297,0.0312900410004749,0.0509050666232935,0.00137241481066373,-0.00262244562540544,-0.00692758264741937,-30.2251615351312,-0.0996108532363112,0.207175196213591,0.0141654899837904,-0.0121150087068044,-0.02176262599128,-30,0,0,0,0,0,4,3,-0.966225928116705,1.41072257715306,1.76191220670081,0,0,0
849,-30.1536463847126,0.0293729799709787,0.0449366085466921,0.00187830819760001,-0.00121168237707153,-0.00500948312694306,-30.1719400252689,0.023708555487925,0.180749000884835,-0.00799938297185399,-0.00638551327761533,0.00424838874481545,-30,0,0,0,0,0,4,3,1.14381834772311,0.591134216785684,-0.786336876251216,0,0,0
850,-30.1516366443244,0.028456847687358,0.0392361682650759,0.00214077190034076,-0.00062058831118136,-0.00639147580479233,-30.2529468713803,-0.0687463196403506,-0.0637770292756763,0.0162391828335719,-0.0124532252023605,-0.00272188760117135,-30,0,0,0,0,0,4,3,-1.11802454059651,1.38281515951675,0.399742818668488,0,0,0
851,-30.1497688415893,0.02852768846568,0.0333651511576844,0.00159514893765267,0.000762263820851897,-0.00535039688593901,-29.9599208973005,0.0586744444548915,-0.0261935230500577,-0.00224532360129676,0.00762962055644331,-0.0158067849140841,-30,0,0,0,0,0,4,3,0.144374154730752,-0.880310944554114,1.63306553750852,0,0,0
852,-30.1475633291782,0.0288498026085986,0.0285415378721042,0.00281619398228476,-0.000118041523347324,-0.00429718624188858,-30.16179232309,0.0658565076440014,-0.0405368677753492,-0.0132608297213685,-0.00106203028347354,0.000546364994497411,-30,0,0,0,0,0,4,3,1.64966761831692,-0.0255099869406491,0.0264372361009573,0,0,0
853,-30.1441522213239,0.0287189833283467,0.0236693661969305,0.00400569282153512,-0.000143602272082526,-0.00544750403301275,-30.2057415932059,0.125442905819564,0.0210308407322687,-0.00280301273184916,-0.00258557317085375,-0.0225961008991981,-30,0,0,0,0,0,4,3,0.691784459596638,0.00767150544624756,2.21754840845527,0,0,0
854,-30.1391356476593,0.0285792162370331,0.0187664544775197,0.00602778359180885,-0.000135938464857833,-0.00435890905676482,-30.2507746339062,0.118804176288251,-0.073551401708233,0.0010985416563797,0.0068012519782324,-0.0164613323969187,-30,0,0,0,0,0,4,3,0.391695102174487,-0.917733550399743,1.79323604310834,0,0,0
855,-30.1323513677846,0.0279844128303924,0.01490225130731,0.00754107471214973,-0.0010536730638212,-0.003369935345423,-30.1920036675203,0.0510733322197783,-0.0312633934676461,0.0241238362785265,0.00834102019660511,0.0137037885664327,-30,0,0,0,0,0,4,3,-2.02837629281203,-0.936248684100067,-1.30785206970798,0,0,0
856,-30.1260008571835,0.0264626454235846,0.011753942443927,0.00516008427856796,-0.00198986719260232,-0.00292598417348701,-29.9083084359051,-0.201876489901024,-0.138365310551231,0.016369961424642,0.00369035955396208,0.00683643800436647,-30,0,0,0,0,0,4,3,-1.82037927065395,0.0347170244058391,-0.406913179334185,0,0,0
857,-30.121642642935,0.024490166085692,0.00930263416863448,0.00355662811259465,-0.00195509648210394,-0.00197616198412134,-30.1549128133871,-0.0826945450228442,0.196540595651491,-0.00882082165318515,0.0186986308136514,-0.00861661973767225,-30,0,0,0,0,0,4,3,1.19190779209278,-1.70447399131945,0.468580782464243,0,0,0
858,-30.1175015331384,0.0216828181464296,0.00706743578474924,0.0047254466926977,-0.00365960437954151,-0.0024945729163657,-30.119683488873,-0.0984415758735841,0.134879323925958,0.00121818031073006,0.00802341740473079,-0.00777451704501718,-30,0,0,0,0,0,4,3,0.117548946672918,-0.60545858872591,0.507693056649803,0,0,0
859,-30.112563573747,0.0177204871454077,0.00470125709011663,0.00515055528811228,-0.00426506346754141,-0.00223790445779792,-30.1124682848806,0.150187193122455,-0.0537404818900823,0.00626722589883643,-0.006724557181694,0.0028304516159268,-30,0,0,0,0,0,4,3,-0.40178602012241,0.37208133192449,-0.175564197812516,0,0,0
860,-30.1076246066143,0.0136414720071116,0.00252765896279981,0.00472742495653796,-0.00389297080950203,-0.00210916591797915,-30.2728423628004,0.194618342374839,0.0219410026347936,0.0110221897142358,0.0141792999175226,-0.00615051803271551,-30,0,0,0,0,0,4,3,-0.556534245822815,-1.80716667650194,0.571169798001964,0,0,0
861,-30.1029035104081,0.00884493134738589,0.000804620988762965,0.00471499813196001,-0.0057001167910059,-0.00133690503327968,-30.1341889346115,-0.159434723788679,-0.0555848322061106,-0.0247569307003909,-0.0109929346921751,0.00766073171479716,-30,0,0,0,0,0,4,3,2.74407093926217,1.41816291679487,-0.654903507067495,0,0,0
862,-30.0974408716443,0.00385385432404267,-0.00173738090324591,0.00620958915547339,-0.00428204261063585,-0.00374752819706779,-30.2568102825238,0.18423241625589,0.0572796564977663,0.0279606030786732,-0.0109953102468689,-0.00403239557971889,-30,0,0,0,0,0,4,3,-2.28243974281978,0.731066192175109,0.288680244976356,0,0,0
863,-30.0919541058281,-6.26170249793853E-05,-0.00459774845408773,0.00476446490107054,-0.00355090418646952,-0.00197278517605329,-30.1844835787584,0.0804826940104836,-0.0818369559275166,-0.00973822584004968,-0.0223945839150684,-0.00566523038498503,-30,0,0,0,0,0,4,3,1.34278974152175,2.07849300348587,0.730196950353536,0,0,0
864,-30.0864605118933,-0.00257429074956913,-0.00679150221331128,0.00622260347634197,-0.00147244813442265,-0.00241513765542946,-30.0833751819143,0.176895543948076,-0.0673114159567973,0.026633487709492,0.00627361524314036,0.0109814709362804,-30,0,0,0,0,0,4,3,-2.49659840712058,-0.981152612210188,-0.963524261714447,0,0,0
865,-30.0814733971066,-0.00453727702674373,-0.00869111720636381,0.00375193237084339,-0.00245352961926385,-0.00138337522653663,-30.0408350200304,-0.0539992747847279,-0.169852392526811,-0.00012141553080212,-0.0129941972418807,6.21829945060995E-05,-30,0,0,0,0,0,4,3,0.0938115931410475,1.40741827375753,0.333486485603011,0,0,0
866,-30.0775770621738,-0.00628709537833408,-0.0100002472748916,0.00404078763377182,-0.00104611219125222,-0.00123496492900804,-30.0640530695441,6.03025866323468E-06,0.048485515476478,-0.0136374965326482,-0.000112320414018199,-0.0014056522093754,-30,0,0,0,0,0,4,3,1.49185579235308,0.0112199808844934,0.0435941899845836,0,0,0
867,-30.0729942864258,-0.00732761828138332,-0.011754210701465,0.00512447026983003,-0.00103493799024348,-0.00227327079358885,-30.1070843171609,-0.0606986371123409,0.0454572601455274,0.0262745439245743,-0.012608684484586,-0.0178782184711608,-30,0,0,0,0,0,4,3,-2.41328575813555,1.38226572268328,1.69690732682503,0,0,0
868,-30.0681423620766,-0.00767137767672889,-0.0125894037466793,0.00458021764082618,0.000347412668697128,0.000603046085196329,-30.0127333906163,0.00280714079057594,0.0733070084086918,0.00566279189682131,-0.00066953290391156,0.00158658669466935,-30,0,0,0,0,0,4,3,-0.540812408449437,0.0613390088100041,-0.305272686284319,0,0,0
869,-30.0638666032596,-0.00729328575012989,-0.0119180154197616,0.0039713476128152,0.000408766496663271,0.000739914221782333,-29.8893508918177,0.126225955064828,0.0231649191892208,-0.0115551864059068,-0.00677390345078265,-0.0155886458440363,-30,0,0,0,0,0,4,3,0.93422042422606,0.424938434948609,1.51253474602519,0,0,0
870,-30.0590363571488,-0.0066720562288359,-0.0109789769376803,0.00568926492718527,0.000833685410615664,0.00113767286552357,-30.1507489056756,-0.0338507347190359,0.135171910553204,0.000928666144035669,-0.00535013324005165,-0.00144984237269859,-30,0,0,0,0,0,4,3,0.208631196947723,0.602714793443236,-0.125359583836549,0,0,0
871,-30.0533211022999,-0.00553701350175301,-0.00997221330865117,0.0057411756952755,0.00143639299294965,0.000875843089420757,-30.1589632751466,-0.255565989370519,0.0868385827085546,0.0164467391420707,0.00115793873798636,-0.00204493353820224,-30,0,0,0,0,0,4,3,-1.32674736391391,0.395338104942403,0.0308161884031151,0,0,0
872,-30.0480457244453,-0.00390292798400848,-0.00863250140060923,0.00480985179242122,0.00183177224019162,0.00180385184876596,-29.9453602169032,-0.0668323448892837,0.0109739382012639,-0.00680913698193589,0.0131000802125899,0.00893503584967971,-30,0,0,0,0,0,4,3,0.571634131999925,-1.17634333148042,-0.915451461370499,0,0,0
873,-30.0433581541609,-0.00265933650896531,-0.00736762204746955,0.00456498560139982,0.000655405626138418,0.000725980715655727,-29.8431935040283,-0.152729125116819,0.110472260243175,-0.00547134517972576,-0.0154684776420314,0.00743988149251089,-30,0,0,0,0,0,4,3,0.23352152602911,1.85230601443677,-0.96493266973744,0,0,0
874,-30.0390539248359,-0.00107778178882941,-0.00707913644571535,0.00404322917577019,0.0025076984898432,-0.000148857243582368,-30.1491178771329,0.0716679333053005,0.00797475296499862,0.0129893111443607,0.0164676448237668,0.0132165236077843,-30,0,0,0,0,0,4,3,-1.00069536017021,-1.79010034898728,-1.33760186670842,0,0,0
875,-30.0358418270413,0.000534881065524878,-0.00736317479923407,0.00238089568830581,0.000717620793452339,-0.000418743580882883,-29.9294864484448,-0.155101792656308,0.00306323084982726,-0.00641126836210432,0.0100036872222188,-0.00980714805359379,-30,0,0,0,0,0,4,3,0.500099733100057,-0.690165136909263,0.974588343659725,0,0,0
876,-30.0329454315751,0.000907417037567143,-0.00762295115130678,0.00341199300911931,2.74462207528169E-05,-0.000101098827079923,-30.0740178992555,0.123557861976316,0.169134066996024,0.000598219750869307,-0.00771409366560662,0.00852952817410033,-30,0,0,0,0,0,4,3,0.0882138234241578,0.524293642608029,-1.19122095140208,0,0,0
877,-30.0299266420235,0.00119700768429703,-0.0081895130907887,0.00262532644708643,0.000551729808948056,-0.0010317969781894,-29.9484420012154,0.01058896626788,0.0930161530955335,0.00530055566801157,-0.0128238764197576,-0.00176742998259492,-30,0,0,0,0,0,4,3,-0.633171564370369,1.26120970944,-0.00928930793157481,0,0,0
878,-30.0275346213477,0.0023793551868425,-0.00901265485955595,0.00215884105277508,0.00181295900591403,-0.000614353029399443,-29.8878720438396,-0.00516641967247045,-0.0229680988779116,0.00787433797138806,0.00685506805421087,-0.00922613904067947,-30,0,0,0,0,0,4,3,-1.01168970945957,-0.675173966076146,0.96855010182377,0,0,0
879,-30.0253981018869,0.00385474866491493,-0.00893781831253826,0.00211459777158869,0.00113782222962051,0.00076404194218099,-29.8863418042253,0.00146893644546606,-0.0195265306237995,-0.0034741068526494,0.00705566800406371,-0.00571816949836394,-30,0,0,0,0,0,4,3,0.120094293715603,-0.708504673297303,0.610870011083993,0,0,0
880,-30.023029855632,0.0046383215590756,-0.00801057606184823,0.00262199316890525,0.000429317609704832,0.00109030093472935,-29.9984294097133,-0.0594521685391313,-0.170555131750676,-0.00544197974348084,-0.000808932971595596,0.0216925961708914,-30,0,0,0,0,0,4,3,0.54105679377469,0.199797634237822,-1.82814935358778,0,0,0
881,-30.0208658840549,0.00516752685885534,-0.00776973476370762,0.00170547498479259,0.00062908728547874,-0.000608355581870498,-29.8982619839672,-0.0512491333321239,0.0895052781500002,0.0204924567763353,0.00761217754451766,0.0208389369356129,-30,0,0,0,0,0,4,3,-2.25272170969905,-0.658719487787518,-2.26290424986129,0,0,0
882,-30.0207621035189,0.00546728579241168,-0.00839377284174141,-0.00149791637130262,-2.95766004092333E-05,-0.000638812130391995,-29.975928210129,0.103512437111382,-0.0319377475078199,-0.00312784123542156,-0.00141561544668296,-0.0126646534438835,-30,0,0,0,0,0,4,3,0.264640543800252,-0.0654633295544677,1.33034083940399,0,0,0
883,-30.0217014303654,0.0054049802518191,-0.00866436731941013,-0.000380524232274745,-9.50399077934995E-05,9.73057723347819E-05,-30.1479119967844,0.0140936188205787,-0.0668787781980953,-0.00577538475470709,-0.00665235633831837,-0.00188938129292987,-30,0,0,0,0,0,4,3,0.873362469039526,0.637048396190679,0.322695685689178,0,0,0
884,-30.021663872983,0.0056284547068546,-0.00877124066929439,0.000455530002003935,0.000541983519905315,-0.000311286650607447,-29.7316523216308,0.015731557225852,0.0161515148485062,0.0121228517700505,0.00044725734228936,-0.00725660779523616,-30,0,0,0,0,0,4,3,-1.74898053374352,-0.07618884868064,0.693357749826604,0,0,0
885,-30.0215858786427,0.00613237518631006,-0.00822860289212962,-0.000299053267301074,0.000465852932223495,0.00139677704271226,-30.1517028976419,0.0725691907553703,0.0570305665050319,-0.00264570535545588,0.00318854542196245,-0.00400030236492241,-30,0,0,0,0,0,4,3,0.56797633082929,-0.463992923706986,0.285969103482177,0,0,0
886,-30.0215871542312,0.00636622651773962,-0.00694134641903165,0.000296447042551984,1.84423779188192E-06,0.001177569240549,-30.1680653527251,-0.00718011646302016,-0.0531661060464292,-0.00219713128294418,-0.0153744477376543,-0.00930155865915408,-30,0,0,0,0,0,4,3,0.555843833744577,1.55180500669147,1.03648807800827,0,0,0
887,-30.0207315140121,0.00714396999229643,-0.00560467535343459,0.00141493028634751,0.00155363846898673,0.00149545837613334,-30.0328148838706,0.00240516896225536,0.0110178783103545,0.00846030338692924,-0.00398879581641727,-0.00676356217668884,-30,0,0,0,0,0,4,3,-0.780400570951746,0.394069243717216,0.654320461048175,0,0,0
888,-30.019363835662,0.00889466061094549,-0.00361222890819507,0.00132071051723645,0.00194773582790406,0.00248946402178868,-29.9762522640897,0.0959021601943018,-0.139350574491265,-0.00872194184005089,0.00649741712961148,-0.000377728365957378,-30,0,0,0,0,0,4,3,0.824698712184428,-0.841546033349751,0.316473985578268,0,0,0
889,-30.017643568337,0.0104216145091136,-0.00131395617868885,0.00211972230245502,0.00110616629018982,0.00210686168888856,-30.1046663709418,-0.184328439700283,0.197762939563472,0.00186070179712694,0.00240864002012747,0.0101581835907341,-30,0,0,0,0,0,4,3,0.0232625621708061,0.127792877387819,-1.41134423820035,0,0,0
890,-30.0160199821818,0.0115916754678485,0.000276718043406604,0.00112716544058105,0.0012339497553153,0.00107476837112457,-30.1950941702359,-0.0973359296281605,-0.110241182438347,-0.0117771954154293,-0.00684285422093018,-0.00468289679672575,-30,0,0,0,0,0,4,3,1.56790788201477,0.878957281349339,0.688772044549268,0,0,0
891,-30.0141003800842,0.013265084646357,0.00102718607068754,0.00271186236740903,0.00211286287692814,0.000425724816395669,-30.0253572879129,0.0683992461227842,0.193053586905773,0.0099661205146369,0.00159017862158921,0.00208361793375983,-30,0,0,0,0,0,4,3,-0.945897475637932,-0.295816354404489,-0.594468967187529,0,0,0
892,-30.0119370194555,0.0152300551392492,0.00156868103021607,0.00161492978705511,0.00181707205956772,0.000657575807927555,-30.0795627846628,0.0824264438947269,-0.0273238320087199,0.0107704014414097,-0.00189346219893962,0.0080479606614093,-30,0,0,0,0,0,4,3,-0.917914574815307,0.0244933321045081,-0.750148402123491,0,0,0
893,-30.0109158665131,0.0170593893984614,0.00227825961615187,0.000427412920166657,0.00184158910917982,0.000761916296877094,-30.1393989513634,-0.00515083300171715,0.098868736695372,-0.00924662667044219,-0.0275865662940214,-0.0195687907230665,-30,0,0,0,0,0,4,3,1.2034605697711,2.76895829540557,1.7591415989159,0,0,0
894,-30.0094441439485,0.0202854475654851,0.00322076332306692,0.00251613907881348,0.00461052108226997,0.00112250859382735,-29.9598684778746,0.0853193416829924,-0.0276616176024063,0.0165816690034011,0.00821064184192577,-0.00842990962432901,-30,0,0,0,0,0,4,3,-1.73842994459097,-0.991702867558562,0.898314197637714,0,0,0
895,-30.0072231523162,0.0244001495138339,0.00526649863017272,0.00192636771470665,0.00361887740934655,0.00296912862527782,-30.0900793663545,0.0279538814160139,-0.0695157104646912,0.00806864148391801,0.0136300313302725,-0.00757262340819037,-30,0,0,0,0,0,4,3,-0.626705415682897,-1.41891089585928,0.89629376174842,0,0,0
896,-30.0052007749259,0.0273095863475883,0.00876288248297256,0.00211868632031359,0.00219999138013957,0.00402358807590081,-30.0351054870768,0.000482691539379194,0.0630990068032928,0.00723152271113027,0.00669887807885914,-0.0192968533149865,-30,0,0,0,0,0,4,3,-0.652941296959352,-0.670853190964673,1.80348731789207,0,0,0
897,-30.0026712455658,0.0291741696699638,0.0136412390879765,0.00294085355488056,0.00152916945090164,0.00573289910029142,-29.8007525927222,0.00943916943320017,0.0436896398295882,-0.00157716222353673,-0.00256013977650973,0.00994448469658687,-30,0,0,0,0,0,4,3,-0.240778592201953,0.237135638784573,-1.08182774931786,0,0,0
898,-30.0002018536481,0.0308219106937736,0.0190694657909948,0.00199776561310646,0.00176630586516063,0.00512382060135343,-29.8631881415583,-0.0916815236845618,-0.0336860980447932,-0.00614763015290609,0.0065216094336591,-0.00842918301926888,-30,0,0,0,0,0,4,3,0.341139298407203,-0.468797895996786,0.910290498016475,0,0,0
899,-29.99776173307,0.0323538183082988,0.0243801501157873,0.00288258346120041,0.00129750304288299,0.00549730590138546,-29.9879665246416,0.0827851345876926,0.0537499629917081,0.00777884346616767,-0.0127185453215296,0.0213116227527514,-30,0,0,0,0,0,4,3,-0.801951297333511,1.10628426297757,-2.23866220125855,0,0,0
900,-29.9959603609661,0.0342044728281302,0.0293683341565067,0.000719881101564639,0.00240379827206873,0.00447966723675784,-29.8849631669963,0.00507110107429207,-0.0859126869038534,-0.000594655949963381,-0.00622992757758069,-0.00143918787241941,-30,0,0,0,0,0,4,3,-0.170608071011154,0.612850555609485,0.315744161049648,0,0,0
901,-29.9951896413845,0.0369147027146213,0.0340096256747004,0.000821650557684949,0.00301665604316558,0.00480288745863875,-29.8586325739459,0.0293636342352948,-0.0611170271371293,0.0147309145774756,-0.00216322546262431,-0.013528498805689,-30,0,0,0,0,0,4,3,-1.75582630985573,0.157595277791842,1.47508393484316,0,0,0
902,-29.9944574682933,0.040010189724685,0.0399459117567264,0.000643328951420144,0.00317431459988899,0.00706973794175207,-30.0219639790917,-0.033575472830216,-0.0159075667670045,-0.0125379581019686,0.000134442555357717,0.00647392943135577,-30,0,0,0,0,0,4,3,1.29772376838033,0.0537066901246602,-0.615577809601568,0,0,0
903,-29.9935810075563,0.0432113387455805,0.0463268750023465,0.00110921524321985,0.00322797744105373,0.00569206370907833,-29.9645049810282,0.00386294304685276,-0.0710802851253435,0.0131357614418271,0.00351175062014822,-0.00390375955002094,-30,0,0,0,0,0,4,3,-1.38456618212636,-0.358900948108527,0.532536525252781,0,0,0
904,-29.9927667606827,0.0462598920219973,0.0526901346863013,0.000519655485942672,0.00286912251032222,0.00703462197591698,-29.9648009990797,0.0051329524417288,0.147790533764911,0.0126541512761656,-0.00445943195589823,0.0160275922194561,-30,0,0,0,0,0,4,3,-1.33581312945718,0.435677290706365,-1.89834028947543,0,0,0
905,-29.9933935533144,0.0493468723600142,0.0595298752870544,-0.00177334664632242,0.00330482933925077,0.00664549706835733,-29.9158762087336,0.0893138995239208,0.229257686555354,0.0142122558344765,0.012616447610274,-0.0128422897491545,-30,0,0,0,0,0,4,3,-1.58947316598038,-1.44027256007524,0.825713601804745,0,0,0
906,-29.9954271823439,0.05193159547959,0.0670242187623471,-0.00229344084071316,0.00186461093086851,0.00834333532830389,-30.065077862507,-0.0178824285727494,0.149608241175488,-0.00244759008388078,-0.00143035707400404,0.00415824206398129,-30,0,0,0,0,0,4,3,0.374914733402127,0.178800564545903,-0.715040688749106,0,0,0
907,-29.9978458741563,0.0538856017709009,0.0749757160050896,-0.00254415610858615,0.00204339552113097,0.00755973053584008,-30.1033541329607,0.0205318653840234,0.0137126164484426,0.0169925096511231,-0.0125396676113372,0.0136881075225922,-30,0,0,0,0,0,4,3,-1.4925426991909,1.21290303036568,-1.3962359851561,0,0,0
908,-30.0014112152464,0.0565354708559959,0.0825754257900999,-0.00458650053745188,0.00325633603049272,0.00764025336966871,-29.9884177870286,0.0316996708982108,0.0575742994417064,-0.00709469906367793,0.000610170584406556,0.00116579800692822,-30,0,0,0,0,0,4,3,0.686305480424899,-0.124416400237077,-0.231728399576235,0,0,0
909,-30.0058419720231,0.0597295896839147,0.0898820692313553,-0.00427519465438846,0.00313189701761862,0.00697294808214544,-29.9332778614795,0.280157979162817,0.0496527359163472,-0.00943549725723159,0.0207603503295743,-0.00197886894131816,-30,0,0,0,0,0,4,3,0.810105448682258,-2.63635099128306,0.0985814222991219,0,0,0
910,-30.0098003815303,0.0615433007238887,0.096591835912606,-0.0036417655838342,0.000495521625686921,0.00644641469700561,-29.9715217438215,0.147667783217061,0.348074949904979,0.0199082606037426,-0.000494879747939139,0.00853907649702706,-30,0,0,0,0,0,4,3,-2.04778257273118,-0.245847591640207,-1.55005754951266,0,0,0
911,-30.0147123677209,0.0619159296755682,0.1032262886218,-0.00618209681577911,0.000249727699639633,0.00682318846316772,-30.0420779422747,-0.0260234968434521,0.225615886739902,-0.00899511786937211,0.0019710152245499,-0.0084081177486166,-30,0,0,0,0,0,4,3,0.983667671486628,-0.145054528768086,0.389580001381857,0,0,0
912,-30.0204131327722,0.0620931188869572,0.10982589911774,-0.00521955286874684,0.00010464520881396,0.00637576846118089,-29.9166679996816,0.22077783482544,-0.0583573719203658,0.00990420808970737,0.00442730520994355,0.00834227346275988,-30,0,0,0,0,0,4,3,-1.15708480960764,-0.884286190645235,-0.717512602435257,0,0,0
913,-30.026293884891,0.0617556396623582,0.116361475066203,-0.00654186211474811,-0.000779609681535851,0.00669574703895734,-30.0890087533108,0.0407280002170629,0.0241655404615827,-0.00615052491846618,-0.00327989616620939,0.00217157231687997,-30,0,0,0,0,0,4,3,0.793069998468204,0.246533616186813,-0.265488312611162,0,0,0
914,-30.0326564318793,0.0610992864058593,0.122674175861137,-0.00618343773582639,-0.000533102184118932,0.005929556173689,-30.1498538222544,0.197186485814868,0.0304077406276608,-0.0098530638459964,0.00895659687455432,0.00369172925425005,-30,0,0,0,0,0,4,3,1.28501402910838,-1.29003265908517,-0.429988406680327,0,0,0
915,-30.0385494826052,0.0599211495350871,0.127986346795972,-0.00560299727952877,-0.00182317715373901,0.00469462789961309,-29.9249932367096,0.125001218796082,0.0933791785814533,0.0116770449744208,-0.0131608699840553,-0.00445755157095492,-30,0,0,0,0,0,4,3,-1.31771802402281,1.06608456081336,0.258996799932585,0,0,0
916,-30.0445186622772,0.0586310381247461,0.133238859666611,-0.00633505315082992,-0.000757050328042755,0.00581059732532189,-30.0547063640408,0.118022663426961,0.165440008587447,-0.00480614981113675,0.00537791264512228,-0.00996406405738097,-30,0,0,0,0,0,4,3,0.590027709195269,-0.77383659136615,0.665526388563203,0,0,0
917,-30.0504107413533,0.0574870653477421,0.139062148646941,-0.00544909477221157,-0.00153090103322288,0.005835739585846,-29.7824841694298,-0.0655777843090693,0.255118223499443,-0.0157906589516138,-0.00395998499738109,0.0286960869451137,-30,0,0,0,0,0,4,3,1.144034234021,0.527154068356247,-3.37984514151026,0,0,0
918,-30.0566819826527,0.0562197180535022,0.143307545340122,-0.00709424800368143,-0.00100380309025142,0.00265550058642418,-30.1535132681697,0.176071385282796,0.250079765218338,-0.00340501230275822,-0.00148713977262496,-0.00465595068890028,-30,0,0,0,0,0,4,3,0.647527766615293,-0.203428793303096,-0.0345644615466469,0,0,0
919,-30.0635673376446,0.0551141933692298,0.14571232823457,-0.00667659469857793,-0.00120725208277677,0.00215395159329272,-30.1013762602174,0.0401498883364549,0.148517748714507,0.00339442846976939,-0.00192051523841827,0.00354729422073523,-30,0,0,0,0,0,4,3,-0.136690326542147,0.111751747168917,-0.651764919502538,0,0,0
920,-30.0705296214526,0.053962820624845,0.147684241537098,-0.00724806849392271,-0.00109550013248423,0.00179003127111049,-30.0934175048921,0.145464761404563,-0.0743513714907987,-0.0150946752948984,-0.0116702727638808,-0.00404928264568895,-30,0,0,0,0,0,4,3,1.69630253927398,0.876097753578956,0.553631007550493,0,0,0
921,-30.0769942472327,0.0533053469815039,0.149048623815443,-0.00568141098683914,-0.000219451328211207,0.000938306828258972,-29.9438017900415,-0.0131711304417451,0.118826302880559,-0.0198108631675913,-0.00717590295653804,0.00112663877287139,-30,0,0,0,0,0,4,3,1.86868989684221,0.743932556537295,-0.350316483048256,0,0,0
922,-30.0821595662145,0.053457833898114,0.149185045797318,-0.00464965933198747,0.0005244213899748,-0.00066573845157054,-29.8284646343846,0.039791058264775,0.20201866206558,-0.00742664753726903,0.00350652427755271,-0.00216543796511937,-30,0,0,0,0,0,4,3,0.399594022496015,-0.430234544284821,-0.187493527619223,0,0,0
923,-30.0867435993152,0.0537671340515909,0.14830349682836,-0.00451851868713008,9.41733550305837E-05,-0.00109739573525383,-29.9683293242819,0.0443498229996014,0.0583227470251888,0.00835496653766585,-0.0114254079003774,-0.00826436026723195,-30,0,0,0,0,0,4,3,-0.898838005202735,1.05384114403854,0.709790532672818,0,0,0
924,-30.0913212831929,0.0543882466202894,0.147769442971441,-0.00463653955245224,0.00114804661944036,2.93192392392776E-05,-30.206555315189,0.0279349953830369,0.253496338174937,-0.00889189501136483,0.00935027721709091,-0.0169809192701396,-30,0,0,0,0,0,4,3,1.30230013151453,-0.990897712475165,1.19109925066408,0,0,0
925,-30.095081835999,0.0550408312178478,0.147732660058254,-0.00288459703947064,0.000157116041792291,-0.000103357331885191,-30.2704134383586,-0.0966109380696098,0.113725061470261,-0.002546765687337,0.0146034519880953,0.00376959036352594,-30,0,0,0,0,0,4,3,0.795503445450876,-1.26712332267031,-0.604409159293116,0,0,0
926,-30.0979149678345,0.054564373617512,0.147125330781218,-0.0027819343145236,-0.00111003555172871,-0.00111132705932804,-30.1778056320124,0.00559358953842118,0.227633605779212,-0.0118078295999548,0.000576785090060328,0.00954108054507141,-30,0,0,0,0,0,4,3,1.53639422402024,-0.0688656880828751,-1.40937526606556,0,0,0
927,-30.1006819573482,0.0534198801331221,0.144964094658659,-0.0027526056826052,-0.00117895734600767,-0.00321115177021704,-30.290085284226,0.107463841523412,0.136576039905791,-0.00154357209762207,0.0066381715795444,-0.00949776119002775,-30,0,0,0,0,0,4,3,0.734527778214162,-0.878744841001264,0.676624039191192,0,0,0
928,-30.1029424455837,0.0518015439993782,0.141712624051963,-0.00176838531568032,-0.00205772069127624,-0.00329205298804733,-30.0535991706074,0.000384214428337366,0.0747070761926778,-0.00643728885966054,-0.00448615753051853,0.02285565880037,-30,0,0,0,0,0,4,3,0.750927227180788,0.447847324195178,-2.43498003242235,0,0,0
929,-30.1053403892496,0.0499677309616096,0.137301246130004,-0.00302809622795055,-0.00160991154148978,-0.00553036470024909,-30.1795543544967,0.00410862158275051,0.32661318065131,-0.0144141554356292,0.00178601146778602,0.000549886306414793,-30,0,0,0,0,0,4,3,1.80052425255623,-0.186818389944103,-0.708214991944099,0,0,0
930,-30.1080124470812,0.0482643842446824,0.130866843965967,-0.00231649674149215,-0.0017967898728704,-0.00733863109783567,-29.9922631307739,0.168215057131493,0.0889588758414384,-0.013996284364752,0.014931760286889,-0.0029782612243074,-30,0,0,0,0,0,4,3,1.38415469802294,-1.82960614295189,0.119908370747863,0,0,0
931,-30.1098173511377,0.0455527726533821,0.123059673907706,-0.00129355463977128,-0.00362643799932774,-0.00827598034740492,-29.9422487827683,-0.0710220499684309,0.180913632032906,-0.0107932181336541,0.00723011932181624,-0.0105905514754323,-30,0,0,0,0,0,4,3,0.963819378902005,-0.580967832244762,0.697227883477414,0,0,0
932,-30.1105351648453,0.0416358415891548,0.114665440351285,-0.000142124927641005,-0.00420743128878861,-0.00851279150397552,-30.0111601936327,-0.115067429834829,0.172660659445698,-0.00108302843418694,0.0116033043206126,0.00273124162668393,-30,0,0,0,0,0,4,3,0.130623230684147,-0.930195572391598,-0.618445481559789,0,0,0
933,-30.1108658118851,0.0369633116675125,0.105883594498636,-0.000519303072937814,-0.00513763469654894,-0.00905079976618741,-30.1872462767644,0.0529540710470037,0.0399689553717373,-0.00630824933171605,0.00611204769411899,-0.0319514294674713,-30,0,0,0,0,0,4,3,1.00531748670048,-0.717112911505906,3.11520503600366,0,0,0
934,-30.1099173821372,0.0314671172354752,0.0975293333435747,0.00241654139478901,-0.00585475946179506,-0.00765850467791564,-30.1856178600301,-0.0116768188653944,0.265493593911271,0.00368607326813164,0.00450144245104316,-0.0155126360522923,-30,0,0,0,0,0,4,3,0.00262839324698511,-0.426790607373528,1.02027641740669,0,0,0
935,-30.1071376043554,0.025398969445233,0.0902099155042069,0.00314320264239519,-0.00628154386688235,-0.00698052278204669,-30.2404078015156,0.0381088941039295,0.0797328750991745,-0.00233468231867854,-0.0093638641860943,-0.00108571359795307,-30,0,0,0,0,0,4,3,0.714283834899121,0.860168630401571,-0.0508943904030418,0,0,0
936,-30.1037757730018,0.019547500834236,0.0829414813082043,0.00358031660458805,-0.00542139759748336,-0.00755646239891835,-30.1571283565439,0.0707468536587822,0.146830014241381,0.00368011069215869,-0.0230708674751691,-0.00755475330495174,-30,0,0,0,0,0,4,3,-0.0537543561281253,2.16559304019935,0.461815302012412,0,0,0
937,-30.1000542235299,0.0152089035450399,0.0755520093250391,0.00386287796910442,-0.00325580005549074,-0.00722255232573297,-30.094270212834,0.103010176332629,-0.0271016623568,0.0157524203290195,-0.0184926490440628,-0.0116507120834187,-30,0,0,0,0,0,4,3,-1.38670160723398,1.64324455174102,1.21927453305547,0,0,0
938,-30.0962311623439,0.0127747539050131,0.0692410486944997,0.00378373743546132,-0.00161250519604957,-0.00539934709589145,-30.03082823116,-0.0162742598534666,0.0784428803726319,0.0013982118022256,0.00239670310624016,-0.00501461580885568,-30,0,0,0,0,0,4,3,-0.0781647179024803,-0.207121790917083,0.344575820140305,0,0,0
939,-30.0923558988664,0.011058691492933,0.0639771974454878,0.00396687391434559,-0.00181962245009783,-0.00512839945398824,-30.0742377787876,0.0816226049093272,0.204207123320801,0.00856934287067448,-0.0129664260236729,-0.020651249488492,-30,0,0,0,0,0,4,3,-0.70845872949218,1.13339739254863,1.6567107022076,0,0,0
940,-30.0880350864501,0.00980578705943505,0.0596631193650006,0.00467519194629866,-0.000686192990465739,-0.0034999409375976,-30.0493166249933,0.0403323899167478,0.217892236290155,0.0179747378298532,-0.00785367978848119,-0.0128116504160112,-30,0,0,0,0,0,4,3,-1.69884053299862,0.704703199014623,0.845380569020812,0,0,0
941,-30.0836393412805,0.0094719769596837,0.0570602368193234,0.00411678245360459,1.85678545623332E-05,-0.0017056723074407,-29.9637367175183,-0.0905893737508732,0.0374122545662439,0.00358463168952023,-0.0100729855455256,0.0024875840156865,-30,0,0,0,0,0,4,3,-0.430989733915434,1.1884773020543,-0.323582910701138,0,0,0
942,-30.0797931335018,0.0100847922941846,0.0553898501483892,0.00357565812089686,0.00120705646691252,-0.00163495370839212,-30.1908405721599,0.0447818206583634,0.289648042525712,-0.00853322382764701,-0.00701263575474645,0.00225839624113665,-30,0,0,0,0,0,4,3,1.23500352708446,0.611699934157918,-0.80513570916509,0,0,0
943,-30.0760940943817,0.0115976778159541,0.0530181639570268,0.00382203312343378,0.00181871332256808,-0.00310848802643311,-30.2386957369617,-0.0799022827589168,0.0637465700925328,0.000573105691315798,-0.0129174333997701,-0.00355689788931348,-30,0,0,0,0,0,4,3,0.42008090479186,1.45154790549484,0.228196648746282,0,0,0
944,-30.0720510843214,0.0141421623476177,0.0498232960795124,0.00426395105964064,0.00327024966662795,-0.00328136028902741,-30.0912209004591,-0.0947232075649421,0.100931225079878,0.00734958802875763,0.0146549211821452,-0.0121500818558796,-30,0,0,0,0,0,4,3,-0.552517001957487,-1.27604570308464,1.01314573542821,0,0,0
945,-30.0676117689562,0.0167744026792991,0.0470785156312138,0.00461497448346773,0.00199422725737993,-0.00220829043950631,-29.879289571174,-0.0612442654309156,-0.0549778496060714,0.0238528909852504,0.0027430193027958,0.00947689060616194,-30,0,0,0,0,0,4,3,-2.62670995617706,-0.151813399417748,-0.837733361404051,0,0,0
946,-30.0642047789181,0.0186927648986409,0.0455326943678344,0.0021993615189408,0.00184248978186262,-0.000882712287431656,-30.045365665401,-0.0997764750337948,0.0093973679271472,-0.0025498283277455,0.0017338229010185,-0.0123390062009203,-30,0,0,0,0,0,4,3,0.345714163576473,0.0261706599657393,1.21510588423774,0,0,0
947,-30.0614479426507,0.0205483396389852,0.0449279957132188,0.00331446301607335,0.00186865725414378,-0.000326978644365192,-30.0506030017589,-0.0960525713674096,0.148794794548832,0.00718105113688285,0.00768828209293111,-0.0152014049841903,-30,0,0,0,0,0,4,3,-0.616899110170553,-0.576723066558292,1.22255090932136,0,0,0
948,-30.0579010086203,0.0221286515995334,0.0452327801613098,0.00377974403486842,0.00129196075440405,0.000936428450810906,-30.0586321289424,0.0560159394975642,0.167098025524117,-0.00391726865794768,0.0187154736792908,-0.00178298015269052,-30,0,0,0,0,0,4,3,0.508991123679531,-1.98357924692421,-0.155898035779182,0,0,0
949,-30.0540085822171,0.022428818145132,0.0459189617638645,0.00400498240421502,-0.000691635162791532,0.000435879085691107,-30.2062523860495,0.00254796955014014,0.0692090036721066,0.0117180320613027,-0.00115372214093523,-0.00994236725181386,-30,0,0,0,0,0,4,3,-0.759298434031348,0.110276274993243,0.855818717837172,0,0,0
950,-30.0499527840502,0.021792337632844,0.0469132578291435,0.00410691555566578,-0.000581330182484328,0.0015526899761665,-30.1050119528489,0.0564260005790023,0.117887136598098,0.0166792971697325,-0.000765862475148304,0.0131740775554866,-30,0,0,0,0,0,4,3,-1.45790581127547,-0.0362657536431743,-1.55318202874486,0,0,0
951,-30.0469143104908,0.021192895358462,0.0484602975234287,0.00197003725720244,-0.000617560501167965,0.00154195333407564,-29.9444382835814,0.0519953499728931,0.0867565604350304,0.00301521217682929,0.0211085583052495,0.0098429681729904,-30,0,0,0,0,0,4,3,-0.412644650520125,-2.21484653047073,-1.1578099381691,0,0,0
952,-30.0455122874203,0.0194679172345669,0.0497497583705661,0.000833882241183905,-0.00283240142028723,0.00103726876145517,-30.0288605475278,-0.169338076371861,-0.164851389929895,0.00970311453474143,-0.00945625767933855,0.00528842679372645,-30,0,0,0,0,0,4,3,-0.912590358418524,1.28430192067758,-0.199139899512854,0,0,0
953,-30.0450652443883,0.0172776833002219,0.0510446029027137,6.03399833646368E-05,-0.0015480725552093,0.00155262389802391,-29.9237467605941,0.112132534958001,-0.0395193420663124,-0.00258185160842179,-0.00602959058036598,0.0106483607068509,-30,0,0,0,0,0,4,3,0.10567868203037,0.378693988120596,-0.985797386552461,0,0,0
954,-30.0453339203244,0.0159189560465366,0.0522146274985715,-0.000597887106012283,-0.00116938790211739,0.000787598439340146,-30.0342283319237,-0.0466761297177231,0.223876630961476,0.00280019830867449,-0.019880192874058,-0.0146242577949114,-30,0,0,0,0,0,4,3,-0.211563167020106,2.08137154684125,1.01467251756819,0,0,0
955,-30.0456349571017,0.0157902647158527,0.0534158687760319,-3.96595720595293E-06,0.000911996422068094,0.00161473341803186,-30.0425919139038,0.0406497771130974,0.0379103484379948,0.00217435207139986,0.000493237107008017,-0.000532344615843424,-30,0,0,0,0,0,4,3,-0.132251379332346,-0.130623264926996,-0.0225862352916472,0,0,0
956,-30.0456953685367,0.0166369549354293,0.0550626674116141,-0.000116835466375095,0.000781377097033039,0.00167889454741484,-30.0916714126166,0.0269644699266436,-0.106722932307909,-0.0189548883118223,0.006278485003697,-0.00903884582838318,-30,0,0,0,0,0,4,3,2.07883165641534,-0.681777440222988,1.11733044745414,0,0,0
957,-30.0446998524309,0.0170774169909487,0.0563481400941973,0.0021076646169829,9.95423684467847E-05,0.000891476056074141,-30.1715478698577,0.00645679471343822,0.194301360660297,-0.000152635007739453,-0.000728639207235965,-0.0108761248086789,-30,0,0,0,0,0,4,3,0.35835924048939,0.0599503312967201,0.699009759547301,0,0,0
958,-30.0422174229695,0.0172069333740085,0.0573349696136154,0.00285724549074404,0.000159485941383767,0.00108198597316533,-30.0275474159651,0.0676819409582731,0.172095630811222,0.0164583343200479,-0.0177562274924933,0.00907518483947239,-30,0,0,0,0,0,4,3,-1.59073860007459,1.64025886733278,-1.25170974556968,0,0,0
959,-30.0403629054687,0.018186572142978,0.0585674749310509,0.000851874246497753,0.00179978619982023,0.00138354815388103,-30.1083196549582,0.0519794521489707,-0.0174100776760948,-0.00194003039600284,-0.00161669177446262,0.00689999616769232,-30,0,0,0,0,0,4,3,0.410642349516779,0.0577102731483205,-0.655179461417042,0,0,0
960,-30.0396163611359,0.0200152085512482,0.0595688674520082,0.000641021711768791,0.0018574797588319,0.000619293190584347,-29.9621162393811,-0.00563178751454853,-0.0079398396327294,0.00937368700333892,0.00472244065002244,0.000992226765390233,-30,0,0,0,0,0,4,3,-1.01313622157169,-0.460980489973147,-0.0833429972735645,0,0,0
961,-30.0393526385505,0.0216422164201192,0.0605237417965436,-0.000113395309576893,0.0013965300293031,0.00129065351592177,-30.1114655991292,0.0738994431798168,-0.0991587533154869,-0.007615102887624,0.00769810054384321,-0.000313924268408935,-30,0,0,0,0,0,4,3,0.984441487020879,-0.917608940743955,0.229709933471867,0,0,0
962,-30.0390518641718,0.022579929639039,0.0615208954029934,0.000714795920234395,0.00047889212079625,0.000703441761220924,-29.9706987850715,0.00102070358975801,0.073513105207272,0.00922170345679758,0.00719251815525379,0.00450813204551173,-30,0,0,0,0,0,4,3,-0.980772775536726,-0.721293222704895,-0.597839414965717,0,0,0
963,-30.038892554457,0.0226981922149234,0.0623744445673682,-0.000396092179053282,-0.000242374508006665,0.0010039470144287,-29.9272165824909,0.13210683239659,0.157533347571989,0.00175277881210899,-0.00625647494673592,-0.00973370758013004,-30,0,0,0,0,0,4,3,-0.320844716229121,0.361433829880411,0.658304062869026,0,0,0
964,-30.0391579228167,0.0226365445919839,0.0637105177249569,-0.000134471439530651,0.000119073277736971,0.00166813388090395,-29.9461982746625,0.15406604233939,0.117110839519615,0.00396728399070894,0.00888279224353822,0.0138403219903181,-30,0,0,0,0,0,4,3,-0.504331849745816,-1.1964113090326,-1.61825387807104,0,0,0
965,-30.0400626078327,0.02215741787637,0.065009545504897,-0.00167508404699544,-0.00107733242957427,0.000930321111061141,-30.1214422535835,0.162562571955967,0.150935511798814,-0.00306690538930082,0.00420042352953415,0.00231204129125328,-30,0,0,0,0,0,4,3,0.549575046097059,-0.745167496865348,-0.533075152722955,0,0,0
966,-30.0417524361391,0.0207074941185588,0.0655493623193744,-0.0017047688722028,-0.00182252017185033,0.000149321549969562,-29.838044205661,0.117577120540122,0.0634047224437264,-0.00168524798790487,0.00574449531743755,-0.00513612996904499,-30,0,0,0,0,0,4,3,-0.155386789887429,-0.809603772823999,0.386803552017046,0,0,0
967,-30.0433707869272,0.0184801811731956,0.065878678521902,-0.00153183357709188,-0.00263211676635466,0.000509266979736774,-29.9362538267481,0.0200672875366054,0.0744848681250531,-0.0136160499583675,-0.0278693325412202,-0.00432295892642775,-30,0,0,0,0,0,4,3,1.2341126493329,2.74679867904881,0.283326156392669,0,0,0
968,-30.0443856977453,0.0172214482370695,0.0660197734120653,-0.000498170928209662,0.0001146455651949,-0.00022734045187261,-29.9331764096897,0.150160263930939,0.291054972281199,0.0150032573414435,-0.0232564616215093,0.00802701056988603,-30,0,0,0,0,0,4,3,-1.63397291476504,2.02532563428905,-1.384811001551,0,0,0
969,-30.0459500810337,0.0183487799811557,0.0659210844678906,-0.0026305220300945,0.00214001310417818,3.05164964423382E-05,-29.9875599801073,-0.0727031644485345,0.0662353853346374,0.00304375207250163,0.0197470114716639,-0.00481581154699318,-30,0,0,0,0,0,4,3,-0.329255247035536,-1.82929481826932,0.349110384030044,0,0,0
970,-30.0485664154668,0.0195741563317087,0.0661835478171855,-0.00260202136408554,0.00031073060313281,0.000494400915850669,-30.0032673885149,-0.049710913176921,0.167395378293364,0.0104358716463496,-0.00406650498292817,-0.00304445963838366,-30,0,0,0,0,0,4,3,-1.03705238760521,0.506072324646659,-0.0303447927483618,0,0,0
971,-30.0515323746343,0.0201379424652896,0.0670438896517578,-0.00332970524817312,0.000816834750164858,0.00122647024393164,-30.1298762215754,-0.111186780664634,-0.0913183357199819,0.000987394834621703,0.0100761593731847,-0.0068000606102306,-30,0,0,0,0,0,4,3,0.161012959688582,-0.785242375989203,0.862642732463024,0,0,0
972,-30.0544921220453,0.0205621588129244,0.0684939843650662,-0.00258966931100889,3.15927176394283E-05,0.00167353126524774,-30.1077400321427,0.0629085721810249,0.0472514435255709,0.00253315445957411,0.00190578296411408,-0.0113063918601482,-30,0,0,0,0,0,4,3,-0.0378353816719313,-0.316395440773458,1.03613629896368,0,0,0
973,-30.0567141009675,0.0204355596667104,0.0705224934012555,-0.00185410239752851,-0.000284795177938699,0.00238330042509651,-30.0446068286286,-0.0370362043507033,0.0120460210703412,-0.00721497973766802,-0.0165228372203617,-0.0172642107918366,-30,0,0,0,0,0,4,3,0.81071163102407,1.72635613073757,1.70232903704298,0,0,0
974,-30.0576681646342,0.0210139383136266,0.0731697746113918,-5.38853150673335E-05,0.00144154640992296,0.00291080373642432,-30.0141053853166,-0.0562384752443777,-0.175015232530793,0.00293042518018737,-0.000760409443913857,-0.0064182687099698,-30,0,0,0,0,0,4,3,-0.264831747385515,0.188517894880141,0.991857336058565,0,0,0
975,-30.0574459635975,0.0225497533190743,0.0765031234429312,0.000498508123926976,0.00163007858623193,0.00375575621496574,-30.1931876290303,-0.0351791120611225,0.120222336477148,0.00428306809351689,0.00323458664765952,0.00170751231663929,-30,0,0,0,0,0,4,3,-0.0419315512911492,-0.253100440643707,-0.411195904618225,0,0,0
976,-30.0571159633721,0.0240532820678979,0.0801275609736484,0.000161432704346133,0.00137697691168262,0.00349320485166849,-30.0296797460722,0.043419143595867,0.0640476131457733,-0.00696518192235813,0.0104338241183544,0.0151839578819819,-30,0,0,0,0,0,4,3,0.755877684380201,-1.13022069902718,-1.64649101448973,0,0,0
977,-30.0573137329618,0.0248651345234957,0.0827795686441548,-0.000557396920929416,0.000246722743817138,0.00181099528329104,-30.1699545700208,-0.0110444536017158,0.0674274376388252,0.0145757924993512,0.00611700472266401,-8.09153874958824E-05,-30,0,0,0,0,0,4,3,-1.11767010989358,-0.58961156506297,-0.126763336528062,0,0,0
978,-30.0582958105194,0.0248170712514961,0.0849544160581051,-0.00140656864394466,-0.000342855102581181,0.00253891755568239,-30.0553532668501,0.0573187445480489,0.131788882167347,0.00945051515415058,-0.00170940908984055,-0.00424950825691938,-30,0,0,0,0,0,4,3,-0.83434498171494,0.056303419887957,0.161373061357245,0,0,0
979,-30.05992462219,0.0245023844339554,0.0878492027624075,-0.0018508719123167,-0.00028652493941037,0.00325077036425393,-29.9607925005634,0.0235931547868091,-0.0207239058545051,0.00811215746501233,-0.00523040548454618,-0.00396956795278082,-30,0,0,0,0,0,4,3,-0.889630745374475,0.475854238881,0.438404606987092,0,0,0
980,-30.0619128212818,0.0244538059697471,0.0915694694598364,-0.00212528473303811,0.000189359454566682,0.00418983649334644,-30.054896447617,0.193232546212942,0.0440539273601131,-0.00900341917283476,-0.0101346920263817,0.00894549565646783,-30,0,0,0,0,0,4,3,1.01013481251738,0.627004110212289,-0.982657420367009,0,0,0
981,-30.0640669072389,0.0249566554423588,0.0950477018111733,-0.00218324235689968,0.000816326335709125,0.00276664288571392,-30.0321746240156,-0.125036044353337,0.213703169036327,0.0199597385017352,0.00591857394712129,-0.00193949550977108,-30,0,0,0,0,0,4,3,-1.93162460214229,-0.341785306005455,-0.233456787095547,0,0,0
982,-30.0669854451187,0.0256021202959883,0.0984467577508041,-0.00365350673880161,0.000474599216735332,0.00403183991818262,-30.1055118756641,-0.0857271758560632,0.177567625330986,-0.00943845026909875,0.00183430731261218,0.000643554080119617,-30,0,0,0,0,0,4,3,1.15486877823803,-0.0119763795490919,-0.419490658673935,0,0,0
983,-30.0704107489488,0.026070713769219,0.101902246625106,-0.00319739147570616,0.000462584610489355,0.00287902540189992,-30.0128713372882,-0.0996940813430674,-0.0505999678039511,-0.00673616622749732,0.00386883167966018,0.0016764392046776,-30,0,0,0,0,0,4,3,0.699359297326046,-0.187495005279883,-0.0664439848598583,0,0,0
984,-30.0734016426998,0.0264395423298147,0.104491985827223,-0.00278453662527686,0.000275067605946897,0.00230034861388699,-30.0153951231737,-0.0517814869216511,0.108224965752118,-0.0124661537110291,-0.00397171194451011,0.014051436350852,-30,0,0,0,0,0,4,3,1.27740561745037,0.500734168294313,-1.62159356658944,0,0,0
985,-30.076365901663,0.0269649546947694,0.105768350808166,-0.00314449388357723,0.000775752362131142,0.000252472427940116,-30.1347917852129,0.0320583709411413,0.0774895898381972,0.00414299818941972,-0.0118094246823765,-0.0147125618227536,-30,0,0,0,0,0,4,3,-0.144716248516256,1.11682572635537,1.31627700259897,0,0,0
986,-30.0790722933762,0.0282991291838715,0.106507002135269,-0.00226804098736276,0.00189259065983661,0.00122461076901403,-30.0124382438697,0.162230718557634,0.173937452485409,0.00907561469175458,0.00347066947327759,0.00299034438124179,-30,0,0,0,0,0,4,3,-0.88268498143606,-0.671528384443026,-0.646909343094996,0,0,0
987,-30.0818789455381,0.0298559698817348,0.107837323251455,-0.00334520627548418,0.00122108553973136,0.00143630275945641,-30.1191909736765,-0.0018072245738263,0.084916867175279,-0.0044099759501024,0.0133663921805873,0.0100671924407315,-30,0,0,0,0,0,4,3,0.679379542363168,-1.33302476891107,-1.1765529784237,0,0,0
988,-30.0854393151306,0.0304105316045827,0.108621461336731,-0.00377585797981833,-0.000111967443795619,0.000132082804138572,-30.0996770673863,0.166074786707281,0.0581381195534948,-0.0113940548841697,0.000589859316259366,0.00620114645387429,-30,0,0,0,0,0,4,3,1.3387596231896,-0.391135505040499,-0.736390884494418,0,0,0
989,-30.0890475237501,0.0301029762906129,0.108002478989328,-0.00344092984371847,-0.000503148806943082,-0.00137013069406185,-29.9456298804626,-0.0519490466879876,0.251934387070078,-0.00442976061228403,0.00149071685005579,-0.017534330354646,-30,0,0,0,0,0,4,3,0.33423582215369,-0.0451735916296037,1.24956426132445,0,0,0
990,-30.0919155720792,0.0295772417683338,0.106916962661518,-0.00229501843306599,-0.000548325020122767,-0.00080118897265773,-30.1475075687617,-0.136873642911411,-0.00741314602309365,0.000971568908932147,0.00797914404831231,0.00431149126683536,-30,0,0,0,0,0,4,3,0.197858246630136,-0.524167119008409,-0.416322834637349,0,0,0
991,-30.0943043417916,0.0287668313138403,0.105896090436019,-0.00248262824456419,-0.00107250081269428,-0.00124051153291783,-30.095128040965,0.0703563895915269,0.116895274286101,0.0120942314729328,-0.0117724358651699,-0.0106720616580235,-30,0,0,0,0,0,4,3,-1.01916706536325,1.03653080733394,0.833415617230152,0,0,0
992,-30.0968191830237,0.0282126168807328,0.105306034233671,-0.00254672425890362,-3.5933416213485E-05,6.04153521634419E-05,-30.2324259620028,-0.0589478330195793,0.197327081395845,0.00903488816554568,-0.0174084388174094,-0.0048588358126384,-30,0,0,0,0,0,4,3,-0.438636892548932,1.8587395477801,0.09122941847215,0,0,0
993,-30.099481385505,0.0291060626629103,0.105553413104808,-0.00277758356674025,0.00182282023246287,0.000434401277634311,-30.1694165908527,0.146860323027558,0.201750583292512,0.0128124663004345,-0.0023093083657492,0.0145731308454846,-30,0,0,0,0,0,4,3,-0.942413448338066,-0.0627898094801953,-1.86081425113349,0,0,0
994,-30.103270980246,0.0308974997123033,0.10571476686029,-0.00480173817438336,0.00176004805122247,-0.000111186744540612,-30.0646695965902,0.0932855228680053,0.165699928180675,-0.00584351383593287,0.00656670311102883,-0.0143317793985245,-30,0,0,0,0,0,4,3,0.713690576773765,-0.843241356838893,1.1017780834911,0,0,0
995,-30.1074277073011,0.0322359230475004,0.105696549606425,-0.00351166545152752,0.000916791447089849,7.44309615170729E-05,-29.8617650636913,-0.0780400617128411,0.0712689009572018,0.000969359467806924,0.00919693367116858,0.00970498054616796,-30,0,0,0,0,0,4,3,-0.373405819398033,-0.763613243691176,-1.1130358565312,0,0,0
996,-30.1114833236932,0.0327709129324492,0.105534644570076,-0.00459967864884234,0.000153182873770141,-0.000397967331861563,-30.0347796806355,-0.139844062807933,0.243776523732517,0.00391366780014881,-0.00483607099338124,0.00327547279578523,-30,0,0,0,0,0,4,3,-0.321807418743927,0.76329522495399,-0.815100327043558,0,0,0
997,-30.1164986869234,0.0333057489231783,0.10498064051298,-0.00543112088338368,0.000916483008141235,-0.000709833429701816,-30.2585788059768,-0.0143987505958138,0.0687191673482365,-0.00106570403173638,-0.0110082573498196,0.00487042836387459,-30,0,0,0,0,0,4,3,0.623728015127139,1.12962323617359,-0.624481171083932,0,0,0
998,-30.1219609482208,0.0347870345434472,0.103824612373609,-0.00549362228904443,0.0020460831427071,-0.00160220813122112,-30.0232686999748,0.0268689327069041,0.0330219876244766,-0.00883401523427138,-0.00420362273371979,0.00894057284897864,-30,0,0,0,0,0,4,3,0.92993892337678,0.36662440795817,-0.960101260146817,0,0,0
999,-30.1275106297513,0.0370164125516585,0.101550409991363,-0.00560606759157917,0.00241267293775777,-0.00294617080707934,-30.2710544704766,0.000687185432358885,0.067244183069671,-0.00280967645892277,0.0096933997141046,0.00625541066296783,-30,0,0,0,0,0,4,3,0.823076586845532,-0.970714342275178,-0.760029432436125,0,0,0
1000,-30.1331341740978,0.0389437158705217,0.098038627738665,-0.00564129384528356,0.00144192851218662,-0.00407738317835599,-30.1238957940703,0.0232665339034759,0.0664017187342496,-0.000497633614295064,0.00239773523009102,0.00611869552352211,-30,0,0,0,0,0,4,3,0.297554949570057,-0.286306590816054,-0.74467298982071,0,0,0
1001,-30.1389619037766,0.040242487266576,0.0935977230066099,-0.00601434057896391,0.00115560815509648,-0.00480433413405123,-30.0251189014799,0.177039102909271,0.0609511234097474,0.00153289816715421,0.00948987837126159,0.00548573599733021,-30,0,0,0,0,0,4,3,-0.103052013755537,-1.3030660429447,-0.670475846552516,0,0,0
1002,-30.1452678763098,0.0407465644936367,0.0886049278094677,-0.00659769099481453,-0.000147458834278188,-0.00518111057060113,-29.957839001525,-0.0839118974960086,0.0653619652949625,-0.00486602633019827,0.0023149666701609,-0.0014544103542746,-30,0,0,0,0,0,4,3,0.402280636069732,-0.0636728720240731,0.014717104837535,0,0,0
1003,-30.1517333667171,0.0405672643215471,0.0832726657019827,-0.00633335502485231,-0.000211144038032085,-0.00548348384876252,-30.226143230947,-0.138189911570965,0.192981277611587,-0.00771029052854469,-0.000845166377291254,-0.00395804557476007,-30,0,0,0,0,0,4,3,1.22331551474852,0.360896460871056,0.00984200225283322,0,0,0
1004,-30.1576653343816,0.0405365527241906,0.0773280564256762,-0.00553080186343141,0.000149714723125243,-0.00640593511403693,-30.2881624577414,-0.127645272585804,0.126348013117218,-0.0155238324137513,-0.000504877171080282,0.000700401198224444,-30,0,0,0,0,0,4,3,2.12870815685788,0.305778262279637,-0.322736146056881,0,0,0
1005,-30.1626213791015,0.0408391255200411,0.0700106291808638,-0.00438173102901251,0.000455425288532443,-0.00822920377029885,-30.1692231720599,0.0202222303101803,-0.0109578380020471,-0.0115401609262953,0.00828616974828041,-0.00907204784738603,-30,0,0,0,0,0,4,3,1.49246243674936,-0.869061435448401,0.929120460742698,0,0,0
1006,-30.1661693659157,0.0408600031113316,0.0615211880354994,-0.00271436434214557,-0.000413676498383786,-0.00875009021437969,-30.1070562871863,-0.0688953965291275,-0.0107155876331984,-0.00552181955171704,0.00751624495464015,-0.0127871149964626,-30,0,0,0,0,0,4,3,0.766294529544311,-0.61383370240576,1.30014267491265,0,0,0
1007,-30.1681503939008,0.040139404994212,0.0529048931230192,-0.00124761637995424,-0.0010275258464389,-0.00848285880750921,-30.2499589503458,-0.0564407705377386,0.0509574283787091,0.0214953014778695,0.0130500459253755,-0.00776809992886465,-30,0,0,0,0,0,4,3,-1.64961224709532,-1.19212305146207,0.674895136129047,0,0,0
1008,-30.1696958292797,0.0385158494783421,0.045257020698546,-0.00184283356980239,-0.00221959382508913,-0.00681274252588979,-30.277354716987,-0.128730942745697,0.0767501520424322,0.008743071285378,-0.00883178442561428,-0.00973410426476528,-30,0,0,0,0,0,4,3,-0.319597694563803,1.14064032805282,0.819910122391664,0,0,0
1009,-30.171342538678,0.0368665861462087,0.0388271654333713,-0.00145038937564635,-0.00107893858425455,-0.00604706440501298,-30.2483554157507,0.0395435253535306,-0.0553198843377412,0.00130898175440655,-0.00270548305624622,-0.0123533141772423,-30,0,0,0,0,0,4,3,0.36581265606072,0.191461254917561,1.34597118639971,0,0,0
1010,-30.1721726108033,0.0358833802333034,0.033077986715658,-0.000209602819471957,-0.000887480328009871,-0.00545159604636027,-30.234776299077,0.00923185871661392,-0.00182724372337058,-0.00430984808495767,-0.0113945878570141,0.0211545378793833,-30,0,0,0,0,0,4,3,0.900537406649863,1.12099506826818,-2.11179930049159,0,0,0
1011,-30.1728872275788,0.0355563787239057,0.0265842836482326,-0.00122013627674819,0.000233473933726847,-0.00753556118696616,-30.2097608871531,0.0230044809754876,-0.0895608357125511,-0.0123404368467897,0.0112604734056456,-0.00777261023543126,-30,0,0,0,0,0,4,3,1.65356545898515,-1.17205630251553,0.956382694968229,0,0,0
1012,-30.1732106996455,0.035203805847401,0.0187327899384959,0.000573044252803928,-0.000938627523402921,-0.00816786413775198,-30.1853874921491,-0.0803008752387827,0.00590278133621653,0.00859209251153749,-0.00131759509576991,-0.0338636753055448,-30,0,0,0,0,0,4,3,-0.488434266855576,0.292361260054556,3.37456196788205,0,0,0
1013,-30.171534305173,0.0344113790694253,0.0118495493983706,0.00278038054083288,-0.000646230405022078,-0.00559915677990103,-30.1077427632835,0.0139024463643325,0.106528872309443,0.00840265154087682,-0.0111907037950524,-0.00665873700718485,-30,0,0,0,0,0,4,3,-0.624779627520681,1.09126548677658,0.452815956099599,0,0,0
1014,-30.1687948113074,0.0343107955310938,0.00662501478956085,0.002698798112116,0.000445057152153452,-0.00484989022444782,-30.1327298344515,-0.0452710721128873,-0.00261943142384677,0.0082393042899859,-0.00592826549830085,-0.00832592335508334,-30,0,0,0,0,0,4,3,-0.55847076009552,0.68336869405586,0.837831198356028,0,0,0
1015,-30.1659693721292,0.0350975511212124,0.00225121924494445,0.00295231808219049,0.00112844824426205,-0.00389776085526147,-30.3876920681118,0.133472816981652,0.0933372557301507,-0.00267925070711934,-0.0239586022699699,-0.00460636129650547,-30,0,0,0,0,0,4,3,1.04330920693553,2.12891459303369,0.273961618190246,0,0,0
1016,-30.1625768370639,0.0372904461532074,-0.00195996969457143,0.00383260618663162,0.00325733232082706,-0.00452482840007513,-29.9955382092407,0.0301478202456737,0.0688374271296349,0.00446351341652047,-0.0113448642722747,-0.00363355259529745,-30,0,0,0,0,0,4,3,-0.455274923170684,1.07419078673613,0.225680405270475,0,0,0
1017,-30.1588141339187,0.0410848844796602,-0.00624906476865753,0.00369292117149151,0.00433153854862131,-0.00405332625234639,-30.1411630451033,-0.176214746970226,-0.0461757236957938,0.0162657843472572,-0.00834133975852619,-0.00746680429370928,-30,0,0,0,0,0,4,3,-1.34425234451914,1.18656346979307,0.839031876762516,0,0,0
1018,-30.1552505258818,0.0460097306178745,-0.00952984679123253,0.00343467490951851,0.0055181486790294,-0.00250817329821658,-30.2862658640179,-0.105346944135469,0.0636703835985461,-2.96453400615653E-05,-0.00282415888936093,0.00433430331325559,-30,0,0,0,0,0,4,3,0.575496262042012,0.493109777207031,-0.560771098522651,0,0,0
1019,-30.1518439441031,0.0517744273433369,-0.0124489940874008,0.00337829531144976,0.00601123723876548,-0.00333010313104124,-30.2629513687114,-0.0221737185841922,-0.0911298647989238,0.0086100090252145,0.00308963627684409,-0.00323577614237748,-30,0,0,0,0,0,4,3,-0.335098165098688,-0.264616190516024,0.505837343835595,0,0,0
1020,-30.1483893689052,0.0576533665078205,-0.015496688754497,0.0035309967817151,0.0057466345044576,-0.00276532055802875,-30.2446181221826,0.0157388614377845,-0.0995850672834002,0.0115886176073792,0.00211857879208456,0.00473044691378372,-30,0,0,0,0,0,4,3,-0.669625516372768,-0.243335602084025,-0.273874556811572,0,0,0
1021,-30.1451859094432,0.0632783456963258,-0.0181083554367849,0.00287600125156115,0.00550331788040889,-0.0024578511566811,-30.1297177837244,0.0883026164539505,-0.0234188065691071,-0.00291853034091636,0.00173476069544125,-0.0155960050497163,-30,0,0,0,0,0,4,3,0.55128860154039,-0.350081302452026,1.60643811810985,0,0,0
1022,-30.1415267560744,0.068606621937796,-0.020258939268311,0.00444246039250567,0.00515322944813877,-0.00184369323777141,-29.972576350465,0.106864744866518,0.0865231472880934,-0.00555338263821856,-0.00742349467496849,-0.0138506378723456,-30,0,0,0,0,0,4,3,0.500490964751922,0.528619977763812,1.21201749265837,0,0,0
1023,-30.1364665214394,0.0740241607712799,-0.0219061950672904,0.00567810938918325,0.00568184144070085,-0.00145111542927131,-30.3001702822717,0.0878173472162991,-0.0868181452264998,0.00557590418903378,0.00203906821416148,0.00780735243705102,-30,0,0,0,0,0,4,3,0.0427501456400096,-0.379541515848746,-0.607098953252103,0,0,0
1024,-30.1310084832125,0.0795162318762973,-0.0235827000957091,0.00523786370850066,0.00530229486723593,-0.00190178511725454,-30.0559723714652,0.0597249896724949,0.034507770304867,0.00106985844719663,0.00639574164989466,-0.00772777398929048,-30,0,0,0,0,0,4,3,0.0049588982106918,-0.759024144334455,0.703761858319314,0,0,0
1025,-30.1255069201174,0.0844390189080931,-0.0252672631263036,0.00576537403162521,0.00454327490281888,-0.00146746466498188,-30.230976067494,0.0794307775404559,0.102217992295589,0.0143806627453563,0.0190172530435086,0.0144460539363484,-30,0,0,0,0,0,4,3,-0.976114139547537,-2.06058685943177,-1.64904137822602,0,0,0
1026,-30.1206890209434,0.0879520134381023,-0.0269138724719617,0.00387034270747753,0.0024827080217706,-0.00182529413997351,-30.2304553160178,0.270034701373983,0.139102323152147,-0.013696898337746,-0.00371652266212447,0.00231993162359237,-30,0,0,0,0,0,4,3,1.83060046581024,-0.168417136535519,-0.51019780866353,0,0,0
1027,-30.1164194462404,0.0903504852205098,-0.0296093546821279,0.00466839422933534,0.00231423123687222,-0.00356585697838135,-30.1356064708833,0.0460998939669845,-0.109065432989906,0.00477157336321243,0.0169907164822149,0.00888983234704424,-30,0,0,0,0,0,4,3,-0.205944394554644,-1.79127143615546,-0.670852368724612,0,0,0
1028,-30.1120777542892,0.0917690826510908,-0.0333261040833824,0.00401492037864216,0.000522962029098678,-0.00386747898142758,-30.1278272914806,0.12359275735165,-0.0397645983438914,-0.00837419766047199,0.00597044687274237,0.00274311775799852,-30,0,0,0,0,0,4,3,1.09307434900839,-0.844230201977536,-0.194782579112069,0,0,0
1029,-30.1077859944056,0.091869916427332,-0.0376816827624246,0.00456836920675588,-0.000321303112222813,-0.00484380675229401,-30.1418690798006,0.0159885685665398,0.166298367473212,0.00760113842907969,0.0117925172645994,0.00761985009333088,-30,0,0,0,0,0,4,3,-0.476375683306862,-1.21122886359302,-1.09458174427951,0,0,0
1030,-30.1037938922163,0.090943006928585,-0.0427113294258268,0.00341575385504127,-0.00153252400967703,-0.00521520995989484,-30.0696987857119,0.155881262029462,-0.119892606496569,0.00292466566636422,0.0140137512608775,-0.00774664116233922,-30,0,0,0,0,0,4,3,-0.153068995212523,-1.71313765014668,1.01444932922706,0,0,0
1031,-30.1000487868915,0.0885539216765366,-0.0475480355466441,0.00407464509662304,-0.00324565069122679,-0.00445835719187353,-30.1522881337474,0.0948657506723049,-0.0783792382938921,0.00728404580876457,-0.0135465756723182,-0.00547854011684157,-30,0,0,0,0,0,4,3,-0.423828313381747,1.16492606588721,0.704612488271941,0,0,0
1032,-30.0958499325252,0.0858907454244473,-0.0516263168903438,0.00432325091975948,-0.00208070720538367,-0.00369826316623869,-29.9889423554864,0.106463441932868,0.000612310637934085,0.0222188286330246,-0.00735158582106105,-0.00627186083120098,-30,0,0,0,0,0,4,3,-2.24399815232967,0.522231698240369,0.62596146184423,0,0,0
1033,-30.0920233879646,0.0840711948562524,-0.054278648162541,0.00333034689869614,-0.00155840238704171,-0.0016061622155931,-29.9149884581652,0.257836009838394,0.0300316576476195,-0.0029068043130452,0.00876396031289546,0.00844685685350181,-30,0,0,0,0,0,4,3,0.120657347635015,-1.39206805096633,-0.90474900064542,0,0,0
1034,-30.0890019537396,0.0818167586274766,-0.0562341835938152,0.00271235905323628,-0.00295047973559934,-0.00230475944847111,-29.9906325329799,0.175079052212237,0.0247991796301859,0.0152131940737718,-0.0202567856045189,0.0130831310484684,-30,0,0,0,0,0,4,3,-1.54005434141742,1.67552045602742,-1.35791146410721,0,0,0
1035,-30.0873104485335,0.0797040619437623,-0.0584035204417944,0.000670721157997057,-0.00127492010775754,-0.0020334256016185,-30.0798707379691,0.197271795392501,-0.102712047727395,0.0224762890105352,0.0160106875631378,-0.00654569914322007,-30,0,0,0,0,0,4,3,-2.08788742511528,-1.99561234709878,0.859994009776798,0,0,0
1036,-30.0869944292165,0.0774313726236917,-0.0593719472308187,-3.81694779936026E-05,-0.00327046270864947,9.67423762214276E-05,-30.1196048714329,-0.0183084684907354,-0.117910391788892,-0.00911843535384306,-0.0110628457087953,-0.0376333734816771,-30,0,0,0,0,0,4,3,1.1510532782502,1.142901507861,3.9991581317455,0,0,0
1037,-30.0851407016702,0.0747323565450982,-0.0584243778787989,0.00374603304482697,-0.00212757210725741,0.00179749696388585,-30.2391241553043,-0.200824376087802,-0.103008304150149,-0.00287130329463892,-0.00199666811421793,0.0105098136601718,-30,0,0,0,0,0,4,3,0.765378640072434,0.601315563597398,-0.844964757716877,0,0,0
1038,-30.0814708350573,0.0729054302935953,-0.0572019337409963,0.00359342965688278,-0.00152628537521201,0.000647428464644677,-30.2484008966365,0.059916507395633,-0.0704262637535215,-0.000986738346521793,0.00359524004129503,-0.0038775260998319,-30,0,0,0,0,0,4,3,0.595475627925123,-0.479357018920769,0.528605137490233,0,0,0
1039,-30.0774862595729,0.0711394624170378,-0.0566197684866742,0.00437569242499515,-0.00200565752181611,0.00051671518264582,-30.0512778751215,0.076631155818423,-0.00400473689951006,0.0225672169724455,-0.000344701296490275,-0.00063007657052693,-30,0,0,0,0,0,4,3,-2.15416594700155,-0.118792181987818,0.0710171308517131,0,0,0
1040,-30.0737840511291,0.069074445459717,-0.0552693058454084,0.00302912537733776,-0.00212438277328031,0.00218453137342737,-29.9985239376635,0.075696073304784,-0.00711484818460044,-0.00310935452443051,-0.0064136720699797,-0.00243876495639372,-30,0,0,0,0,0,4,3,0.307983327770078,0.489975060388402,0.258106192008573,0,0,0
1041,-30.0705592168216,0.0671950499095743,-0.053128069346438,0.0034205265155317,-0.00163441563253547,0.00209785089031921,-30.0415946130492,0.107862490685057,0.119735770601477,-0.00513133789431482,-0.00245038489393419,0.011729711177363,-30,0,0,0,0,0,4,3,0.596323015529787,0.0293135080233052,-1.41244265893926,0,0,0
1042,-30.0674868379613,0.065575280903266,-0.0517239637111381,0.00272390640602721,-0.00160512922881745,0.000710527292702006,-30.1489731047311,0.0200272678641522,-0.244275848590355,0.000276859142290148,-0.0141143810830653,0.0119768853708638,-30,0,0,0,0,0,4,3,0.270260295233196,1.37138357257823,-0.70913683990567,0,0,0
1043,-30.0649491219852,0.0646558393258071,-0.0513549898613688,0.00235136799054394,-0.000233758361908808,2.75107515528613E-05,-30.1668923102436,0.213859870224854,-0.0884090204771074,0.0187381462333684,0.00840237467073088,0.00939426632572569,-30,0,0,0,0,0,4,3,-1.54003000284963,-1.2679572075228,-0.762608591618354,0,0,0
1044,-30.0633896165691,0.0637881267093504,-0.0509951051798391,0.000767803837365138,-0.0015016727312187,0.000692637308272884,-29.8907506476711,-0.0860191850919599,0.00269124080502218,-0.0075453151805552,-0.0044701825302115,0.00317520275082821,-30,0,0,0,0,0,4,3,0.536032813397701,0.61905662320507,-0.322902756692865,0,0,0
1045,-30.0625750480009,0.0625959761063816,-0.0506196683042351,0.000861185037693159,-0.000882634643191446,5.82183509435265E-05,-30.2009908028154,0.0564723339363975,0.150927625141698,0.00789325991233527,-0.0115480970486825,-0.0100482017932822,-30,0,0,0,0,0,4,3,-0.387344385602761,1.04186503699546,0.702964929044821,0,0,0
1046,-30.0615736454486,0.062234283736474,-0.0501950152020219,0.00114179557866871,0.000159246680509891,0.000791025768236701,-29.9762720535892,-0.0246285185450724,-0.250252235192201,0.00324560649619655,-0.00485346437156197,-0.0042027551361768,-30,0,0,0,0,0,4,3,-0.372016542441194,0.534603474246342,0.920779984002081,0,0,0
1047,-30.0602029375124,0.0626608434857662,-0.0489733511020268,0.00159982789782553,0.000693867305530671,0.00165219874251645,-30.0039849737728,0.0141729184029389,-0.144033499843814,-0.00630418683052008,0.00498636004563409,0.00869808376669864,-30,0,0,0,0,0,4,3,0.63838863059764,-0.526981841369287,-0.581741376982237,0,0,0
1048,-30.0586222733551,0.0630912137530208,-0.0477613150356479,0.00156130149019981,0.0001668621808945,0.000771881811585703,-30.0058742116113,-0.000621753792670154,0.0968919983327049,0.00493534871095003,-0.0282288388833705,0.0228657497600019,-30,0,0,0,0,0,4,3,-0.481786447872325,2.82412739592239,-2.4803589726656,0,0,0
1049,-30.0581675992671,0.0646701423136902,-0.0476128415513992,-0.000652242016829411,0.00299098917219476,-0.000474411058552948,-30.0066652432091,0.0808616973794905,-0.139087124044703,-0.0108061200365844,-0.000660932850301637,0.000503519984871683,-30,0,0,0,0,0,4,3,1.09394249007671,-0.0956301097288173,0.227822249602237,0,0,0
1050,-30.0583840210554,0.0676133028412851,-0.0484399654160939,0.000219235900009196,0.00289532669579649,-0.00118003925396769,-30.1199344241102,0.0221007185663802,-0.0376391188476918,0.00916558247642654,-0.0062715898677199,0.00631949572784783,-30,0,0,0,0,0,4,3,-0.676689399422315,0.582957549639229,-0.556671335089399,0,0,0
1051,-30.0585994097241,0.0708001198627736,-0.0495481220280491,-0.00064997588992959,0.00347830170215246,-0.00103606820119797,-30.0399558505522,0.0486343562036246,0.035656570298613,0.00194424360265375,-0.0087463370822951,0.0076426683259174,-30,0,0,0,0,0,4,3,-0.114512659160961,0.777364995822261,-0.835579973188966,0,0,0
1052,-30.0596098889398,0.0746671061540841,-0.0508166193027476,-0.00137108667713022,0.00425566508461045,-0.00150075595889732,-30.03992662958,0.0966340397110185,0.0488926858166928,0.00203170990857879,0.00617720617904895,-0.00457551433816744,-30,0,0,0,0,0,4,3,-0.123317731697798,-0.810988697326932,0.359766062183358,0,0,0
1053,-30.0608868080644,0.0785172824156982,-0.0521617003273605,-0.00118267218056277,0.00344468240716469,-0.00118944943512247,-30.1649262489777,0.0469667362658534,0.0208139241022385,-0.00707103618215142,-0.00292530159648446,-0.0138758583967607,-30,0,0,0,0,0,4,3,1.03695611617047,0.198596687116739,1.34595799147159,0,0,0
1054,-30.0612244886736,0.0820612546716995,-0.0533233891660222,0.000507325177434973,0.00364325537129403,-0.00113432105385719,-30.2031079544099,0.00325179265748342,-0.0165878589791347,0.0118489107574126,0.00417901784155683,0.00349249921911099,-30,0,0,0,0,0,4,3,-0.778675166921411,-0.42440536947065,-0.31607420395283,0,0,0
1055,-30.0610921116717,0.0854923212453946,-0.0542687662794368,-0.000242478286711723,0.00321887209217447,-0.000756257604594307,-29.9065891332081,0.146861574250946,-0.19942295154808,0.00528981018057367,-0.0125885851972361,-0.00308782007232995,-30,0,0,0,0,0,4,3,-0.71580275164113,0.965135371221719,0.707627910329156,0,0,0
1056,-30.0612965287129,0.089193779417071,-0.0545311989214022,-0.000166122827387331,0.00418403391099045,0.000231378740998309,-29.8952683190591,0.0928685377116598,-0.0416626991022333,0.0173311063291821,-0.00110242959793524,-0.00505699755727888,-30,0,0,0,0,0,4,3,-1.94257399479994,-0.0754941156297951,0.589025153932355,0,0,0
1057,-30.0618628132069,0.0933400999288127,-0.0533734610050514,-0.000966010056592484,0.00410860338377379,0.00208428600783669,-30.1903777213302,0.178994972149035,-0.112804074296516,-0.000753420183763055,0.0055779527426938,0.00785503770371727,-30,0,0,0,0,0,4,3,0.456097461036778,-0.915785218567449,-0.559895621778695,0,0,0
1058,-30.0628997829025,0.0969908051487589,-0.0516509911700012,-0.00110809319697183,0.00319280063541748,0.0013606862507037,-30.1892238163319,0.0975140407340573,-0.104511893081146,-0.0111059951857054,-0.00467241687898742,0.00831574183994292,-30,0,0,0,0,0,4,3,1.48904715123435,0.272213606430628,-0.622550397832001,0,0,0
1059,-30.0637724841383,0.100319690343065,-0.0510686581555587,-0.00063766528049104,0.00346496444401133,-0.000196127053043381,-30.0237170619783,0.0814887488724732,-0.216749973981983,0.0108857054370117,0.0152664867278169,-0.0198439430047349,-30,0,0,0,0,0,4,3,-1.04113641974461,-1.68962617052664,2.41789424843746,0,0,0
1060,-30.0638182084902,0.102939867853338,-0.0500982746816807,0.000546761757422185,0.00177538530272887,0.00213662007302476,-30.1074687680786,0.148381532794192,0.043288531819737,-0.00849224661298079,0.00600354649006497,-0.0030150165152261,-30,0,0,0,0,0,4,3,1.06416219745519,-0.897117714594881,0.214924587883136,0,0,0
1061,-30.0628506012267,0.104266680941519,-0.0483097417524129,0.0013882968196033,0.000878236069002629,0.00144025152205827,-30.0895399660483,0.0129229326877331,-0.0873530258216702,0.00281635472417756,0.0125569895015311,-0.0134001302279688,-30,0,0,0,0,0,4,3,-0.102555540321157,-1.28154481552857,1.51471907444022,0,0,0
1062,-30.0609154769437,0.104504154013564,-0.0463540395198411,0.00248219452514683,-0.000403296251435457,0.0024709010789015,-30.0547138694108,0.0430814645210282,-0.00647287692798071,-0.00496464831904125,-0.00349438015617073,0.00458499378070423,-30,0,0,0,0,0,4,3,0.605892570725662,0.263275086575017,-0.445553624214462,0,0,0
1063,-30.0584130038286,0.104232487567702,-0.0442674075446787,0.00252257652852639,-0.000140042612055661,0.00170235385240523,-30.1178903501639,0.14420353931679,-0.224701425458867,0.00407708749929392,-0.0157359234365342,0.0045322107045124,-30,0,0,0,0,0,4,3,-0.171928049601683,1.28518526501984,-0.00381821953350531,0,0,0
1064,-30.0559492246437,0.104735042827672,-0.0425090575563847,0.00240501089119754,0.00114514793459835,0.00181437662190226,-30.1216899068254,0.169627317644659,-0.243621620539144,0.00248169845156796,0.00272560002048697,0.00182605740950777,-30,0,0,0,0,0,4,3,-0.00479003150602719,-0.611814637338014,0.304637500127512,0,0,0
1065,-30.0534308838763,0.105574288362857,-0.0406043993301117,0.00263171654851766,0.000533335318432645,0.00199489044235758,-30.0569178419537,0.153166278470258,-0.149887246153836,0.014544639521965,-0.00216956694968642,-0.00720263862439765,-30,0,0,0,0,0,4,3,-1.3406282682891,-0.0893758619718735,1.02003835474744,0,0,0
1066,-30.0508365656567,0.106062963362606,-0.0377768814260296,0.00255730691493597,0.000444007119198481,0.00366016523749992,-29.9406138431934,0.236435512975752,-0.255823969964631,0.0198789114980872,0.00398222361203945,-0.00223881234909467,-30,0,0,0,0,0,4,3,-2.10666346342192,-0.871093387155449,0.735529174838729,0,0,0
1067,-30.0486693634428,0.106071458382928,-0.0330797555957475,0.00177757744575786,-0.000427016712916119,0.00573426407747336,-30.1145367860445,0.197655047932838,0.00406244368595323,0.00697995879474708,-0.01353228125031,0.0154988805119097,-30,0,0,0,0,0,4,3,-0.468922307385773,0.957918029165325,-1.55801293856287,0,0,0
1068,-30.0476419827706,0.106123406622485,-0.0276699634590395,0.000277038527183999,0.00053090619147544,0.00508566910132418,-30.1046127377756,0.217557065706561,-0.0289701278874945,-0.0102855181486178,-0.012111640775657,0.0137674708384185,-30,0,0,0,0,0,4,3,1.23777729041298,0.776049946152577,-1.31880682806686,0,0,0
1069,-30.0474797117453,0.107042316370629,-0.0234892457575415,4.7094739637348E-05,0.0013069098151892,0.00327581873077403,-29.9413652176379,0.00918859041131261,-0.0100097176222085,0.00381331589757221,-0.000510794943811077,0.000992020418929325,-30,0,0,0,0,0,4,3,-0.498601154481347,0.0327023135584825,-0.0791826066485154,0,0,0
1070,-30.0476235515917,0.108365587170872,-0.0200541016533705,-0.000334697102411514,0.0013396270330458,0.00359455833341886,-30.0100890238845,0.268742545825956,-0.0249576404759408,0.0101067684303047,-0.0073836294110436,0.0143754132936234,-30,0,0,0,0,0,4,3,-0.990498795261379,0.200877849452449,-1.38762604841046,0,0,0
1071,-30.0488101133897,0.109805667118704,-0.0165265938801855,-0.00203845177991017,0.00154052691641499,0.00346085448088423,-30.0643269344834,-0.118766549697081,-0.0772455048739939,0.000704712362005435,-0.0137260423460968,-0.0165724132306447,-30,0,0,0,0,0,4,3,0.0581826327662074,1.61013733400384,1.81173233281246,0,0,0
1072,-30.0501326137738,0.1121512704308,-0.0125187383010397,-0.000606295843240667,0.00315067360580622,0.00455453010150179,-30.0604817041804,0.130247574036442,0.143605857020045,-0.00364939283386007,-0.00370724638840358,-0.00322942404882518,-30,0,0,0,0,0,4,3,0.485902691746836,0.110229490767475,0.0357306908424293,0,0,0
1073,-30.0505717355112,0.115357055435496,-0.00814775359058807,-0.00027202776573369,0.00326088831863382,0.00418736338381851,-29.8805503716317,0.0976704860986341,-0.179500671101164,0.0192624339954706,0.0263338547333214,0.00056939553238206,-30,0,0,0,0,0,4,3,-2.16514265628357,-2.82872644552941,0.302061788964122,0,0,0
1074,-30.0514161977673,0.117203617112097,-0.0030359097055384,-0.00141647067836868,0.000432230565420544,0.00603658540088804,-30.0627954940242,0.0251796220945811,-0.036731717813101,0.0077286478128484,0.0202462414606705,0.0157753871227594,-30,0,0,0,0,0,4,3,-0.64727379323636,-2.07498339025621,-1.50407527664974,0,0,0
1075,-30.0536195302329,0.116598364891803,0.00276620210614658,-0.0029902992747987,-0.00164274210631091,0.00556800058572834,-30.0246092073031,0.139722916016318,0.0802674943597279,-0.0152455440994488,0.00234045252597668,0.0178968902830483,-30,0,0,0,0,0,4,3,1.57377282455111,-0.513491084630305,-1.95022401702429,0,0,0
1076,-30.0568645978291,0.11469885051572,0.00710100846496456,-0.00350039079280254,-0.00215629377404071,0.00310172568675869,-30.1317585707811,-0.0145169030950531,-0.0602228080840757,-0.0126947227744336,-0.00503778081258222,0.0103426515603846,-30,0,0,0,0,0,4,3,1.53298941900565,0.532811887448328,-0.913819539870307,0,0,0
1077,-30.0602337436017,0.112808939528146,0.00931433803597752,-0.00323830290417654,-0.00162353483206554,0.0013248750573493,-30.0326156867825,0.0821366238597868,-0.0632888725912357,0.00402979923653493,-0.00377671657489959,-0.00303936455594207,-30,0,0,0,0,0,4,3,-0.337748550088417,0.213398409770385,0.430514200776678,0,0,0
1078,-30.0634151418642,0.111292113007221,0.0109001599641765,-0.0031243720525566,-0.00141012334527878,0.00184674450299649,-30.1068993313925,0.307293455407099,-0.0971382708981088,-0.00387799828066008,0.00761182544288553,0.00158542331492627,-30,0,0,0,0,0,4,3,0.601598490851011,-1.37576945510275,0.0357342103035902,0,0,0
1079,-30.066337390639,0.109194097715116,0.0125193665098584,-0.00272022347761419,-0.00278591115021836,0.00139157815340148,-29.9280411118323,-0.041960892129876,0.109036884646069,0.00503390964382649,0.00132069516243476,-0.000735972271310863,-30,0,0,0,0,0,4,3,-0.64730874071807,-0.0481477319837235,-0.144476542161052,0,0,0
1080,-30.0693209499644,0.106384125233245,0.0141093600657996,-0.00324680023362413,-0.00283403979050693,0.00178852950193688,-30.0715397948815,0.0714530172654658,-0.0896239181982978,0.0100261536707253,-0.0154978408462298,0.00115253848895636,-30,0,0,0,0,0,4,3,-0.859535777309522,1.40687805009205,0.0639939875009595,0,0,0
1081,-30.0728172497069,0.104253540952418,0.0162447766862775,-0.00374564136890548,-0.00142713481532811,0.00248241768083709,-30.1650189025428,0.134324080290168,0.153011955104102,0.00786106824596322,-0.00312488966023251,-0.0023704904582611,-30,0,0,0,0,0,4,3,-0.456069019510734,0.0438408054429147,-0.0689748643820946,0,0,0
1082,-30.0767358128168,0.10284833595306,0.0188761427951208,-0.00409141331713854,-0.00138328035442885,0.00278039523021906,-30.1974177799918,0.158883563247614,-0.000216770618536914,0.00217009944629305,0.00103057990971245,0.0113803623898411,-30,0,0,0,0,0,4,3,0.177825615354243,-0.420825117466472,-1.13760269774704,0,0,0
1083,-30.0812135640124,0.101254639951642,0.0212223725159196,-0.00486428429067889,-0.00180411796401809,0.00191223884013766,-30.0979406538054,0.450376949150649,0.0650534912140182,-0.00827644953726421,-0.00177663853408735,0.00824085554272593,-30,0,0,0,0,0,4,3,1.02352626133722,-0.723090044892564,-0.954192536700629,0,0,0
1084,-30.0861265185571,0.0990889605316018,0.0224311706496146,-0.00496193695243289,-0.00252724547817575,0.000505381006645598,-29.8076271537094,0.0176213618031703,-0.0718112739985689,-0.0106177474732221,-0.0108828253873143,-0.00603529658172667,-30,0,0,0,0,0,4,3,0.677029054740963,1.05303981512509,0.747152206169805,0,0,0
1085,-30.0905878621848,0.0970882301775646,0.0229046818111091,-0.00396076167334774,-0.00147422195772753,0.000441416836195599,-30.0161160981411,0.159041240487592,0.0796177653059109,0.0142573647303448,0.00833192276405138,-0.0166570496642484,-30,0,0,0,0,0,4,3,-1.3935042767522,-1.15127475738032,1.50646943581302,0,0,0
1086,-30.0944069870122,0.0950384021140903,0.0243562282241872,-0.00367703255539468,-0.00262544442477687,0.00246161660696214,-30.078517485533,-0.0961296096838177,-0.0981650824791598,-0.000669007692301987,-0.00389663298332344,-0.00401877578702448,-30,0,0,0,0,0,4,3,0.223935740296174,0.581922517699979,0.598207743660767,0,0,0
1087,-30.0977832516424,0.0927039193910964,0.0269137749885617,-0.00307544962003242,-0.00204352513648534,0.00265334297523906,-30.1348313160207,0.102761235298584,-0.0442283445658149,0.00492898745274455,0.00602433393289464,-0.00786967504783446,-30,0,0,0,0,0,4,3,-0.223236113233031,-0.807955863886633,0.875424193915076,0,0,0
1088,-30.1005911708947,0.0902564254953616,0.0299236089620042,-0.00254022562970138,-0.00285146871859605,0.00336620399802548,-30.0362650536224,0.0506710800611453,0.07939411620441,-0.00565238473043058,0.0120792314559528,-0.00213830169977364,-30,0,0,0,0,0,4,3,0.637768580287845,-1.30926530571757,0.0550419375685442,0,0,0
1089,-30.1029106501368,0.0867503180955877,0.0330532040513052,-0.00209883372495824,-0.00416075337054312,0.00289288830004611,-30.0550886548568,0.051195431913958,0.0540809427439965,0.00155907785157163,0.00483651370075805,0.0165668329773715,-30,0,0,0,0,0,4,3,-0.0457304754434787,-0.586042233903721,-1.76484518322514,0,0,0
1090,-30.1057111049578,0.082296541462054,0.0354016268570285,-0.00350231749211447,-0.00474680506014305,0.00180427309035544,-30.0731824482878,0.0882736826125178,-0.029261691320554,-0.00368277720083469,-0.00965239170198746,-0.0098226313226554,-30,0,0,0,0,0,4,3,0.514642616659081,0.78869180497371,1.04078651490665,0,0,0
1091,-30.108649300401,0.0779440806831554,0.0373275604167946,-0.00237401735010425,-0.00395812272964995,0.00204734229220982,-30.1661074752863,-0.048400075319736,-0.0926989716195562,-0.0207473199438313,-0.00067667004847556,-0.0106965380824209,-30,0,0,0,0,0,4,3,2.40694694495567,0.164467155487028,1.2550517514812,0,0,0
1092,-30.1097805766143,0.0740681602390088,0.038827702513033,0.000111223826618244,-0.0037937221399841,0.000952385707401089,-30.1313610965842,-0.0540468590526211,-0.237366148062231,0.000313033915058742,-0.0161210342640126,-0.00473864847009334,-30,0,0,0,0,0,4,3,0.231418801662533,1.72019714450651,0.948597143133795,0,0,0
1093,-30.1092303585981,0.0711345388943193,0.0399807710426597,0.000989305782481521,-0.0020735262965708,0.00135355743988542,-29.9573916562394,-0.18074357683073,-0.0337753156244238,0.00938689014345653,-0.0151702166380468,-0.0202124748724744,-30,0,0,0,0,0,4,3,-1.02390570186688,1.87850881746614,2.08879811849628,0,0,0
1094,-30.1077526726079,0.0700002892739681,0.0423809302851534,0.00196654023171235,-0.0001949730161669,0.0034465437000812,-30.0009932903968,0.121357974678715,-0.123823025862045,0.00426860190639034,0.00307108684430012,0.0219624404038382,-30,0,0,0,0,0,4,3,-0.424873609845457,-0.549824633787442,-1.94859798865973,0,0,0
1095,-30.1066792346225,0.0695304067661567,0.0453726299307916,0.000180134005328456,-0.000744796533709005,0.00253725853724427,-30.1186445804116,-0.0162637790308109,0.081488943155716,-0.00654471957321619,-0.0105422319421714,0.00999708098570959,-30,0,0,0,0,0,4,3,0.891761118144722,1.08675075227876,-1.16268598488239,0,0,0
1096,-30.1066736839226,0.0693289716667981,0.0471903743121152,-0.00016934856128787,0.000341919533705021,0.00109831015183318,-30.386344780346,0.148133245197942,0.0782735284334043,-0.00873094523679798,-0.0116519787237482,0.00584180321551755,-30,0,0,0,0,0,4,3,1.64578408437171,0.868931381978936,-0.740727378418563,0,0,0
1097,-30.1066177628412,0.0701053315732962,0.0474081601288529,0.000280801418617765,0.00121079555070549,-0.000662838702317158,-30.2108779735138,-0.0138950548658228,0.0572960344414402,-0.00945801868589313,-0.0073767542015005,-0.0075405857965085,-30,0,0,0,0,0,4,3,1.36755781561683,0.765465529881695,0.63946651076797,0,0,0
1098,-30.1056624570734,0.0716988430635481,0.0464055456222358,0.00162966211026987,0.00197622280489984,-0.00134268827926504,-30.1555055285095,0.0689935489933363,0.0594610357343485,-0.00115534503435626,0.0157464321168262,-0.00699771619425212,-30,0,0,0,0,0,4,3,0.426545560454663,-1.71263030966929,0.580849547956515,0,0,0
1099,-30.1036764188357,0.0728187477791223,0.0450705395683712,0.00234242192019039,0.000263582904473568,-0.00132748071300886,-30.0851401891686,0.00175976241387715,-0.0986212875319951,-0.00328537451891379,0.00160604997954039,-0.00580912144616207,-30,0,0,0,0,0,4,3,0.498817830228632,-0.164124522781793,0.778154719680197,0,0,0
1100,-30.1008780472643,0.0730002663160864,0.0437838641404782,0.00325434430675999,9.94477781560914E-05,-0.00124606961448395,-29.9395257351153,-0.00011056294414416,0.132147579593696,-0.00210779067702808,-0.00850771232872862,-0.0186632419064071,-30,0,0,0,0,0,4,3,0.0898305379335003,0.850992358761151,1.60202903145332,0,0,0
1101,-30.0969744128106,0.0735252182604352,0.0429953090670453,0.00455313071670138,0.000950447225315336,-0.000331321853410001,-29.9223122634809,0.0967058474286221,0.0948621140902374,0.0186509200315194,-0.0146667690648315,0.00733256096188176,-30,0,0,0,0,0,4,3,-2.02046747619008,1.27326521162591,-0.922980324368651,0,0,0
1102,-30.0934164053132,0.0751123303244771,0.0431540388886,0.00256310517843634,0.00222376911842445,0.000649225863379078,-30.1094995407684,0.153111541291927,-0.0880381736557711,0.0111604066842261,0.00159653538768196,0.00859958723366715,-30,0,0,0,0,0,4,3,-0.897041586885903,-0.465876621352051,-0.683882376055173,0,0,0
1103,-30.0914032712364,0.0771031759073991,0.0439310360406825,0.00146322087966634,0.00175791597560432,0.00090501508108703,-29.9982244049286,0.0866476006871555,0.02465511414818,-0.0190920340538132,0.0107732758890752,-0.00284095447592792,-30,0,0,0,0,0,4,3,1.90565221523862,-1.25062279028183,0.234785219296432,0,0,0
1104,-30.0892555577349,0.0782357549532535,0.0441575516308157,0.00283191109419653,0.000507235812411911,-0.000452285334543841,-30.0895426330076,0.0584495061516079,-0.026443585775301,0.0111218041652463,0.000880069401201316,-0.00385758983817278,-30,0,0,0,0,0,4,3,-0.933095150509344,-0.204905952423347,0.43864615536788,0,0,0
1105,-30.0865468859999,0.0786405565859116,0.0441980338971599,0.00258565381494885,0.000302361364488199,0.000533306127301051,-30.0448298999643,0.0146327938010085,0.207737027546882,0.0154470183152852,-0.0102518458826857,0.000983301277063372,-30,0,0,0,0,0,4,3,-1.45504203159984,0.995919000666554,-0.513804182800101,0,0,0
1106,-30.0846187573968,0.0794408997851457,0.0451308943434826,0.00127078258819592,0.00129832211422849,0.00133270942739291,-30.0767329955072,-0.0387236105838612,0.166606398393673,-0.00255602928645812,-0.00375317428613683,-0.00315691955697485,-30,0,0,0,0,0,4,3,0.409068919660127,0.452764649781406,-0.0175208410898617,0,0,0
1107,-30.083229567689,0.080965600132051,0.0462904088167154,0.00150752397634182,0.00175107403042145,0.000986270117663786,-30.246718051543,0.11898696981261,-0.0840932448679389,0.00809578426876014,0.00199084164573319,0.00157931639929999,-30,0,0,0,0,0,4,3,-0.316142323790102,-0.43705810419854,0.0102548498058791,0,0,0
1108,-30.0818190925635,0.0824981530443172,0.0473955001644267,0.00131348224542022,0.00131402574684444,0.00122395781887522,-30.1569392301183,0.0955019324560328,0.180371491067295,0.00480542741022324,0.00318755163302101,-0.00331446807279594,-30,0,0,0,0,0,4,3,-0.166664280785651,-0.509759028214166,-0.029296174854995,0,0,0
1109,-30.0805713847335,0.0835573046135672,0.0486676410785297,0.00118195743759984,0.000804271681355322,0.00132035663849902,-30.1387700383045,0.170075595165514,-0.0844012656940823,0.00974945132044306,-0.000494604789818991,0.00550064853102456,-30,0,0,0,0,0,4,3,-0.697405055435207,-0.290690711349129,-0.381262321714292,0,0,0
1110,-30.0797580888172,0.084216243229774,0.0501342855865308,0.000444701861523769,0.000513600150781211,0.00161309554890051,-30.1332389989113,0.0136008347251825,-0.0394504810146108,0.0160673822026399,0.00433609382843879,0.00495767310385107,-30,0,0,0,0,0,4,3,-1.34026022244135,-0.460811052294244,-0.416866348355885,0,0,0
1111,-30.079895865428,0.0844994607504233,0.0521346439738143,-0.00072007523686831,5.28279001514444E-05,0.00238788185509269,-30.0159718929303,0.129567280485864,0.0469364870172788,-0.00603214564257927,0.0101554035772902,-0.0108539141102485,-30,0,0,0,0,0,4,3,0.635158350118596,-1.27467491870075,0.991518436990297,0,0,0
1112,-30.0800320979057,0.083914944603174,0.0545753921763376,0.000447639665756694,-0.00122186051986161,0.00249335711418745,-30.0230003686682,0.0118592092903246,0.100642097610898,-0.00508850160485306,0.00103077932830618,0.0261643103610881,-30,0,0,0,0,0,4,3,0.554850897821762,-0.126796351411268,-2.81771523133061,0,0,0
1113,-30.0805171598092,0.0826296726533966,0.0559680126474049,-0.00141824097162304,-0.00134869134860207,0.000292294121050248,-29.9316261111964,0.289264134295898,-0.0280354331430602,-0.00825063701013256,-0.00461335932536737,0.00100588845380577,-30,0,0,0,0,0,4,3,0.688315923406044,-0.117192336055059,-0.0445179790944562,0,0,0
1114,-30.0817417304102,0.0812223760617791,0.0559702211528645,-0.00103102144446762,-0.00146590520532522,-0.000287959800558927,-30.1946972401171,0.0763033474642364,0.141849115050683,-0.00145813465038094,-0.0116416330207778,0.016347240998331,-30,0,0,0,0,0,4,3,0.535207945272254,1.01155660714931,-1.91842232993447,0,0,0
1115,-30.0833613060569,0.0802622364397966,0.0548699635725865,-0.00220848006801908,-0.000454376933283373,-0.0019122961554173,-30.0962411117192,0.0306892663765911,0.0973981202643007,0.00467175543829974,0.000114443548663306,-0.0139553411097455,-30,0,0,0,0,0,4,3,-0.274693320391492,-0.0728228876195127,1.20073787044595,0,0,0
1116,-30.0851880750451,0.0797714593087383,0.0534317754357537,-0.00144484521011438,-0.000527183950753898,-0.000964245760710138,-30.1249604086124,0.235782889631798,0.0521510419394625,-0.00531246854699013,-0.00568725495235409,0.00533572499537212,-30,0,0,0,0,0,4,3,0.781167671923846,0.0971597159718126,-0.637874583416137,0,0,0
1117,-30.0866440185836,0.0792928439877681,0.0519567455420327,-0.00146726141181096,-0.000430052273446111,-0.00198580948770344,-30.1275313265216,0.0191648735837571,0.193482923548798,-0.00317499998304681,-0.017934147787836,-0.00842523625679247,-30,0,0,0,0,0,4,3,0.572562651347892,1.75508503161608,0.455557778581652,0,0,0
1118,-30.087758780298,0.0797403294193623,0.0498809871308698,-0.000762298173095346,0.00132501789023367,-0.00216585958245651,-30.1004262764875,0.180115874831011,0.134693443465182,-0.00879378414692122,0.00955607222940544,-0.00398662147164266,-30,0,0,0,0,0,4,3,1.08023096766719,-1.31583897260257,0.129275260233901,0,0,0
1119,-30.0881394322161,0.0804074136834034,0.0473244526685975,8.29975495012565E-07,9.14637098959951E-06,-0.00294737452615846,-30.1199068259983,-0.0860690597059031,0.132811658629328,0.0103218807650621,-0.00371144107432781,-0.00347192818353374,-30,0,0,0,0,0,4,3,-0.792374424509677,0.543282226844587,0.0815695010947178,0,0,0
1120,-30.0883561115504,0.0806882156851065,0.0447061819432239,-0.000434041792028899,0.000552453556615142,-0.00228907214370407,-30.0032282181555,0.249141401747956,0.100717460687148,0.00322625964938085,0.00868325775789856,-0.00353317695158249,-30,0,0,0,0,0,4,3,-0.316169528627016,-1.36660857928577,0.151882773783953,0,0,0
1121,-30.0888322277444,0.0805573738791372,0.0425813020691432,-0.000518114067548916,-0.000814144325359578,-0.00196066897163743,-30.0821099823227,0.206056223726774,0.154609046209649,-0.0100469563824973,-0.0134350668178261,0.010295657781815,-30,0,0,0,0,0,4,3,1.16891560289517,0.931394234329059,-1.3387838706008,0,0,0
1122,-30.0895182946973,0.0802089054788243,0.0397403522224139,-0.000854396736372958,0.000117205584453325,-0.00372115670149463,-29.9669351051154,0.170491617535667,0.27894553454965,0.00439723310573403,-0.0142393265726975,-0.0151678323762058,-30,0,0,0,0,0,4,3,-0.505853100342638,1.08294942219841,0.958892168521278,0,0,0
1123,-30.0901567450517,0.080867598582835,0.0365076379001221,-0.000422288137971918,0.0012001765241275,-0.00274436341179157,-30.0067536726031,0.0618836626569795,-0.0603779878447533,0.00786222047496784,0.011306546337536,0.00337754347299838,-30,0,0,0,0,0,4,3,-0.772714702290506,-1.25442195906756,-0.216998371610331,0,0,0
1124,-30.0909071361205,0.0814405780432719,0.0339929991779991,-0.00107838962272169,-5.42229175814634E-05,-0.00228476829907246,-30.0277575350248,0.0261752299519606,0.174317535488226,0.000852262993014496,0.000718691717877217,-0.0137064541544976,-30,0,0,0,0,0,4,3,-0.0297112292518908,-0.124219631691643,1.02201034447331,0,0,0
1125,-30.0915966473017,0.0813242518027435,0.0320288841357677,-0.000300490777358335,-0.000178435337641923,-0.00164362705158009,-29.9779765750908,0.143311418610582,0.224136252843765,0.00555299963133272,-0.0120212875070802,0.00844989516229715,-30,0,0,0,0,0,4,3,-0.599346812951587,0.91550591348686,-1.29326202191724,0,0,0
1126,-30.0925943549364,0.0816035747285466,0.0302147860771761,-0.00169499074603514,0.000737081112358718,-0.00198427020484421,-30.0738604188238,-0.026018008288697,0.0177177820412597,-0.00345940891073018,0.000586195652192256,0.00103262177125681,-30,0,0,0,0,0,4,3,0.493661728720559,-0.00658354864183155,-0.1386977412082,0,0,0
1127,-30.0941952793533,0.0823373593051097,0.027987089533745,-0.00150696551286689,0.000730481471974131,-0.00247116381969306,-30.2029130133078,0.126800850889859,-0.0270601932239211,-0.00946997837560972,0.00476477233935931,0.0132259928338895,-30,0,0,0,0,0,4,3,1.35282386417661,-0.730078935715648,-1.2684788969411,0,0,0
1128,-30.0957882669786,0.0827027793814326,0.0245858655041871,-0.001679405552622,3.52964342367188E-07,-0.00433124756366374,-30.1549155616324,0.112664980240142,-0.0441068470105751,0.00739168081560596,-0.00219522708023429,-0.0114258608838974,-30,0,0,0,0,0,4,3,-0.429336958295789,-0.00580725245685434,1.23079978241089,0,0,0
1129,-30.097120024263,0.0827002408461835,0.0207965765735095,-0.000983870580517776,-5.43345409677422E-06,-0.00324747966591974,-30.1682019553495,0.146135264981455,0.0506249784521813,-0.00774800176069791,0.00684631010283176,0.000936766335970195,-30,0,0,0,0,0,4,3,1.11120408676878,-0.976901540246085,-0.194926590501382,0,0,0
1130,-30.0978426081374,0.0822063420113076,0.0170447243411953,-0.000461508021859275,-0.000982370493940338,-0.00425633544640916,-30.0994282541243,0.0157504362462644,0.0559839163399424,-0.0117697432293111,0.015701921785009,-0.00181043954497326,-30,0,0,0,0,0,4,3,1.37583083117964,-1.60169305099343,0.0690761218174407,0,0,0
1131,-30.0978579929192,0.0804231068051815,0.0122607008745308,0.000430517357996971,-0.00258410558305437,-0.00531190303078617,-30.1433647921342,0.178317371203044,0.0935382390980888,0.000728185561221201,-0.00650194149369162,0.0106842389102553,-30,0,0,0,0,0,4,3,0.213911028146337,0.293559406963073,-1.2555003692217,0,0,0
1132,-30.0978615491046,0.0779857756109231,0.00647094536789628,-0.000437829200276218,-0.00229056051036216,-0.00626741901582848,-30.1729713273184,0.181451563244247,-0.121313724213121,0.00930322477974908,0.00207078185960081,-0.0129940629392752,-30,0,0,0,0,0,4,3,-0.584379823338157,-0.569981312448575,1.54203374235376,0,0,0
1133,-30.0978765506036,0.0754102406276337,0.000901219084158358,0.000408128715401145,-0.00286051428638504,-0.00487221442553553,-30.224671895746,0.231924776087709,0.0958915946315447,-0.00064614157581208,-0.0124010759773082,0.0105111520300929,-30,0,0,0,0,0,4,3,0.513957949073249,0.776258045555401,-1.24289839227238,0,0,0
1134,-30.0978055037967,0.0729378465443249,-0.00456292469935114,-0.000266284263117523,-0.0020842797603054,-0.00605592676036547,-30.0858604661572,-0.095461974343114,-0.00493401905384666,0.00116656976672229,-0.0119853384568094,-0.0110491461003575,-30,0,0,0,0,0,4,3,0.0550639556421146,1.38945779436717,1.11478264814344,0,0,0
1135,-30.0976203864927,0.0715483027635301,-0.0103051241208563,0.000636655727069238,-0.000694816803659662,-0.00542866130287713,-30.1222824053159,-0.0693358499602116,0.0152636589595363,0.00546892894853635,-0.00936920014345488,-0.0117163142787765,-30,0,0,0,0,0,4,3,-0.302328084221785,1.07559171426591,1.14110410995857,0,0,0
1136,-30.0966312453907,0.0713912929700123,-0.0152714953053999,0.00134182930370908,0.00038079126597225,-0.00450422938656209,-30.0498770320537,0.106603517886537,0.00793556568989047,0.00167656295294933,0.00479134728636697,-0.00903947687420348,-30,0,0,0,0,0,4,3,-0.0679022311875528,-0.69234176440977,0.888076556040567,0,0,0
1137,-30.0949643051389,0.0714259198192128,-0.0194840363995993,0.00199217977792405,-0.000311542930515723,-0.0039209907982815,-30.1541727376582,0.270901091302706,-0.100013210332513,-0.000278052123645756,-0.00212862766767822,-0.00667591876477516,-30,0,0,0,0,0,4,3,0.336150687680962,-0.32893941583759,0.867618297142542,0,0,0
1138,-30.0925308018453,0.0709499082756449,-0.0232795935824796,0.00287488320727597,-0.000640487377588464,-0.0036703137658595,-30.1696146179697,0.0887615820175919,-0.0738771141710086,0.00732614134363684,-0.00223930014158922,-0.009814360136167,-30,0,0,0,0,0,4,3,-0.393384898424349,0.0464068501237379,1.12919024195872,0,0,0
1139,-30.0893346769805,0.0703326365030667,-0.0264566626531646,0.00351757996932707,-0.000594061429320693,-0.00268395881952679,-30.0889411436516,0.109220108988471,0.162869145898,-0.00636619093995204,0.0073184196303228,0.00313681103921723,-30,0,0,0,0,0,4,3,0.814501381298388,-0.950282181009222,-0.639419395717722,0,0,0
1140,-30.0858241523467,0.0692634215368139,-0.0296668550971228,0.00350325029100152,-0.00154437269170892,-0.00373641981020768,-30.0601548932104,0.129006431924124,-0.0296986872512807,0.0155645181177354,0.0035116825059434,0.00795771873117803,-30,0,0,0,0,0,4,3,-1.43614202535264,-0.609181114442588,-0.736374498615242,0,0,0
1141,-30.0830559724538,0.0674144819031545,-0.0330694661642322,0.00203325586921908,-0.00215351400864625,-0.00306848822006156,-30.2493292640668,0.124696955906724,-0.0396994421487232,0.000447671977130399,-0.00455210849878749,-0.0060449993909494,-30,0,0,0,0,0,4,3,0.453891330420507,0.2058169380653,0.683898823392387,0,0,0
1142,-30.0806173917187,0.06536387549409,-0.0361160381956212,0.0028439193617367,-0.00194770687490536,-0.00302482481892312,-30.0969897571862,0.100590066185392,-0.0768375373666786,-0.000950948015187569,-0.00317091030829187,-0.0102876660806309,-30,0,0,0,0,0,4,3,0.289074315891236,0.115910898458403,1.18244168279644,0,0,0
1143,-30.0772213031715,0.0634741279657975,-0.0389017911308893,0.00394836596052222,-0.00183179761960932,-0.00254691685713646,-30.0510624966613,0.0476605923098591,-0.167455693557659,0.00364784346722849,0.000714391631305751,0.00547162551593017,-30,0,0,0,0,0,4,3,-0.262659353400159,-0.166760347750293,-0.212251164477698,0,0,0
1144,-30.0734409719346,0.0615589562123184,-0.0414182864399492,0.0036123127018474,-0.00199855116637365,-0.00248599900516582,-30.1637640119671,0.136579090600393,-0.359459206467064,-0.00335135820537557,0.00647129532300175,0.00113872422663874,-30,0,0,0,0,0,4,3,0.662663844471714,-0.920287713500961,0.605045990270253,0,0,0
1145,-30.0693904710138,0.0591002560714778,-0.0439902350086488,0.00448865763986175,-0.00291885560870209,-0.00265808066137953,-30.0922219123408,0.0750313284689506,-0.223376531388691,0.00991135438013435,-0.0176145932227398,-0.0189624718714841,-30,0,0,0,0,0,4,3,-0.806691613331884,1.61139666533607,2.34300024992579,0,0,0
1146,-30.0642241560793,0.0569871197813309,-0.0456224195640206,0.00584441281448861,-0.00130741962001249,-0.000606575467393185,-30.101554886774,-0.0206789842640603,0.0219893862499562,0.0228668595795748,0.0115638438507017,0.0114384475509863,-30,0,0,0,0,0,4,3,-2.0835761844094,-1.11502641654205,-1.18782352759854,0,0,0
1147,-30.0594889509351,0.0551222179877542,-0.0457755611758381,0.00362619417227546,-0.00242238903622982,0.000300763786611664,-29.9739201075356,0.00406209425290747,-0.034801329450082,-0.00408397927357611,0.00374771699735885,-0.0346537375618918,-30,0,0,0,0,0,4,3,0.356238142428743,-0.3828958882417,3.53497641508934,0,0,0
1148,-30.0543560279131,0.052508389327214,-0.0445463097816323,0.00664004692894264,-0.0028052741532251,0.00215710734953065,-30.100158820961,0.131807800652982,-0.0576883660474613,0.0228761278277921,-0.0150956937498858,-0.0136357221831249,-30,0,0,0,0,0,4,3,-2.08729514085726,1.24595377368262,1.47894895040741,0,0,0
1149,-30.0477677736209,0.0503261319299539,-0.0411208433896144,0.00653699820308266,-0.00155924684402831,0.00469384995284605,-30.0652538157726,-0.0542613771813917,-0.0319713837436881,0.00648893923790286,-0.00886298401731779,0.00318520682789998,-30,0,0,0,0,0,4,3,-0.518386292245079,0.994821156094563,-0.254577915302621,0,0,0
1150,-30.0414903024158,0.0492643055242586,-0.0363086936840478,0.00601799849400314,-0.000564411256479785,0.00493056101513725,-30.0656971015101,0.0163601790739957,0.0385758865120415,0.0261802931386357,0.00841260935352617,0.0133786878824383,-30,0,0,0,0,0,4,3,-2.48663511084335,-0.873981293500608,-1.41502056126791,0,0,0
1151,-30.036791209637,0.0482629410037518,-0.0308321832561578,0.00338042059521717,-0.0014383245055258,0.00602301614857506,-30.0733801220163,0.104402018544821,0.0278447667758573,-0.00597461112817712,0.00590938045333875,-0.007445715740868,-30,0,0,0,0,0,4,3,0.744221356850283,-0.799742082423517,0.688882040535086,0,0,0
1152,-30.0329111325417,0.0464247394039534,-0.0249030827036702,0.00437969781689265,-0.00223808531185656,0.00583497904313598,-29.85405881014,0.192463193137242,0.0186506129573657,-0.00154557087034672,-0.00190319430493747,0.0064941808266732,-30,0,0,0,0,0,4,3,-0.137325292685357,-0.194606955780737,-0.686719308582051,0,0,0
1153,-30.0288459214432,0.0440893539669261,-0.0192311781432701,0.00375065784173829,-0.00243269225383156,0.00550896590872235,-29.9783297616234,-0.0503550552468799,-0.0872937509131035,0.00397244506132687,-0.00670114061196271,0.0191044339279419,-30,0,0,0,0,0,4,3,-0.440584982885789,0.77082417169003,-1.73585589096798,0,0,0
1154,-30.0259186208805,0.0420420776595745,-0.01408342130057,0.00210379948812127,-0.00166186516921094,0.00478690075612658,-30.1480732933321,-0.0322755576143615,-0.0566464121354222,-0.0155328111379052,-0.0209990750575028,0.00783557806575374,-30,0,0,0,0,0,4,3,1.84942770045476,2.164458620979,-0.670264982304529,0,0,0
1155,-30.0235197191338,0.0414624137254376,-0.0102423523722548,0.00269361086751975,0.00050253223812837,0.00289511630858205,-29.8292333766326,0.182265419897395,-0.189042439723699,0.0104733724924041,0.00478790385984595,-0.0116300413806908,-30,0,0,0,0,0,4,3,-1.38887049597519,-0.843321225779386,1.54108901751648,0,0,0
1156,-30.0206370719525,0.0415433142070003,-0.00633553704441692,0.00307211092118472,-0.000340736629364462,0.00491843984299724,-30.0242466639759,0.0286031162614774,0.0164983963876476,0.00650695763946914,-0.00242997786664907,0.00576301715254655,-30,0,0,0,0,0,4,3,-0.602202435995175,0.185791554141952,-0.60929850802995,0,0,0
1157,-30.0179903936516,0.0412954835149362,-0.00137083509545517,0.00222126806644265,-0.00015493024461237,0.00501114415749426,-29.9197749842567,0.0334455472949188,-0.062217049913542,-0.00696614052020392,-0.00724050057427125,-0.00325841926491935,-30,0,0,0,0,0,4,3,0.536164020533851,0.657158962837288,0.450276026319019,0,0,0
1158,-30.0154280354441,0.0414691296998067,0.00355600216406285,0.00290341800485746,0.000502214942520193,0.00484239060876619,-29.9945619963016,0.0524147490809403,-0.104363058256625,0.0147412713811663,0.00778945362210961,0.0137647213998106,-30,0,0,0,0,0,4,3,-1.48500314551345,-0.883774860372842,-1.16774602346781,0,0,0
1159,-30.0134397077815,0.0415294792412009,0.00862684026343788,0.0010733341124784,-0.000381521270398649,0.00529966999862781,-30.0291827200595,0.0426874021150932,0.0532776034493408,-0.00130876984464105,0.0128772522905374,-0.00239059780228584,-30,0,0,0,0,0,4,3,0.189242424583138,-1.37310003328393,0.132504573329902,0,0,0
1160,-30.0122567386999,0.040461408646724,0.0138841529184376,0.00129258847248263,-0.0017546263311656,0.00521491206905903,-29.8775653767024,-0.100765308530651,-0.249248238268418,-0.00420139091091326,-0.00411840177166833,-0.00706842634039214,-30,0,0,0,0,0,4,3,0.175269844496218,0.613370794228134,1.20533911057605,0,0,0
1161,-30.0104319314283,0.0390134708278862,0.019386988053279,0.00235714639922757,-0.00114125352588354,0.00579053870626586,-29.9718469811306,0.024248356574115,-0.0357722360669438,0.00754799311487259,0.00034749010122354,-0.00330768638544202,-30,0,0,0,0,0,4,3,-0.811105349226066,-0.0832457232705839,0.40231311067809,0,0,0
1162,-30.0081603403946,0.0378306115051183,0.0256143403069573,0.00218622015084911,-0.00122447173841383,0.00666420350558644,-29.9436321828751,-0.177861040655728,0.143628650102655,0.0066597033305037,-0.00176152013769047,0.0060330162659952,-30,0,0,0,0,0,4,3,-0.778705967300072,0.531874095080503,-0.89055892680483,0,0,0
1163,-30.0065640413698,0.0368720881422014,0.0323114871249157,0.00100639381213741,-0.000692579086641116,0.00673033585929238,-30.1427010783255,0.0520069009829483,0.00998836148337812,-0.00410180797909798,0.0015623121451281,0.00468934791230557,-30,0,0,0,0,0,4,3,0.69558295456085,-0.260245016478707,-0.488911514197313,0,0,0
1164,-30.0055418600783,0.0360493772531345,0.0386098181427446,0.00103779202267796,-0.000952848585022343,0.00586632361329913,-30.0518393258258,-0.188022449467821,0.117428875844254,-0.00631202468495442,-3.32942093495593E-05,0.00567235765602321,-30,0,0,0,0,0,4,3,0.734881120147055,0.379374319870598,-0.802093517290828,0,0,0
1165,-30.0046016954265,0.0352862044817235,0.0439338331197393,0.000842313810257767,-0.000573501887669884,0.00478174911192533,-30.0916026169227,0.111319228063242,-0.037629569007425,0.00372902559993814,-0.00760689862683732,-0.00589026975581141,-30,0,0,0,0,0,4,3,-0.189697326148344,0.538051406557248,0.664286113595991,0,0,0
1166,-30.0035525491297,0.0349817358715577,0.0489846821813443,0.00125609374341846,-3.54405385603775E-05,0.00531986740525327,-30.1375995602746,0.0150191578751272,0.108825804175497,0.00357133445532375,-0.00149924529978007,0.00514417123822719,-30,0,0,0,0,0,4,3,-0.0819343249831926,0.119886214227753,-0.732068732173714,0,0,0
1167,-30.0026133762783,0.035006240079699,0.0541089907519483,0.000622174651764786,8.44436951113258E-05,0.00492888167215332,-30.0781314318862,-0.0911327742186368,0.199024590293934,-0.0077009281576425,0.00818566939702053,0.00544826790470726,-30,0,0,0,0,0,4,3,0.926355679536597,-0.63630139126478,-0.942875971058595,0,0,0
1168,-30.0020882540385,0.0347725186164246,0.0583770819117638,0.00042779878442426,-0.000551892093621648,0.00360734291435746,-29.9904643627672,0.0327198656751864,0.207840420002555,0.0115535432454393,0.0062641346971872,0.0042220583475821,-30,0,0,0,0,0,4,3,-1.17442559900962,-0.691853201069093,-0.837886674763319,0,0,0
1169,-30.0023498329985,0.0338747178283408,0.062193355016204,-0.000950868326194268,-0.00124371419923052,0.00402548969463241,-29.8723176613263,-0.0253784642078467,0.171258772613619,0.00151303219067787,-0.0160471796109208,-0.00130542354027002,-30,0,0,0,0,0,4,3,-0.406667896415267,1.65547488950777,-0.211975191200237,0,0,0
1170,-30.0035087105875,0.0334587495474181,0.0663108820830016,-0.00136684576747915,0.000411771939298906,0.0042096529958648,-30.1909250267726,0.221116761973102,0.120217091298822,0.0015075649916559,0.0113149494107924,-0.00342719567461371,-30,0,0,0,0,0,4,3,0.231093554379639,-1.57372846502544,0.102285384863727,0,0,0
1171,-30.0047659613833,0.0330836575731888,0.0704529906645004,-0.00114768736501699,-0.00116196302604425,0.00407451839870894,-29.9965393579067,-0.0574573537190083,0.177346645589465,0.00156960703867002,-0.00651484878062282,0.000119231257186487,-30,0,0,0,0,0,4,3,-0.163881988053634,0.766399585500298,-0.366616416897579,0,0,0
1172,-30.0061102158034,0.0323048992465521,0.0744763491438769,-0.00154083872838848,-0.000395560639272608,0.00397228065968688,-30.0632916311363,0.115747470682082,0.0885972962598662,-0.012004722080157,-0.00587693117637257,-0.0144460254763897,-30,0,0,0,0,0,4,3,1.32705547028831,0.356198176273093,1.26740795511924,0,0,0
1173,-30.0067465670008,0.0320874243238026,0.0782938905559944,0.000268073587892103,-3.93956214136523E-05,0.00366243287852462,-30.0461364516093,0.0758996854937363,0.273362658059832,-0.0358672759425734,0.0109554547312751,0.0175826786322037,-30,0,0,0,0,0,4,3,3.67900049747589,-1.24734484411498,-2.30499317934004,0,0,0
1174,-30.0062941390678,0.031424295410833,0.0797867712486645,0.000635897050923169,-0.00128686821828659,-0.000676743913967966,-30.0916187805961,-0.12357491925432,0.0680283620144583,-0.00489937095770782,-0.00361573199625281,-0.0143698099477602,-30,0,0,0,0,0,4,3,0.673174656962925,0.60872303813392,1.3009242707471,0,0,0
1175,-30.0049388815254,0.030441785994643,0.0792250409831073,0.00207466760360243,-0.000678157947625671,-0.000447012482183373,-30.0885012017727,0.0537598688807656,-0.0440459204768754,0.00730183147868008,8.94268021242382E-05,-0.0199769917240284,-30,0,0,0,0,0,4,3,-0.553180744322691,-0.116462417973955,2.08579101335659,0,0,0
1176,-30.0021993152514,0.0297054148969905,0.0796181313351798,0.00340480924916409,-0.000794590442334399,0.00123292258335478,-29.9658107993906,0.120556553621283,0.244543186782618,-0.00757177547409773,-0.00242507725133271,0.0062361973955869,-30,0,0,0,0,0,4,3,0.688799146191014,0.00139461789070455,-1.11270611312393,0,0,0
1177,-29.9990346712021,0.0289115108328665,0.0802335704320427,0.00292423008748274,-0.000793223941465095,-1.94473478256317E-06,-29.9701323948811,-0.0482913528818538,0.139572252788985,-0.00128331413368537,0.0331572087475836,0.008521419506324,-30,0,0,0,0,0,4,3,0.06859620313074,-3.21913816899466,-1.13128645621037,0,0,0
1178,-29.9965448878758,0.0265087166770894,0.079856983766757,0.00205519008818257,-0.00401237119038834,-0.000751048357810718,-29.8631268539111,0.31381606257992,0.064157844901123,0.00990017853158905,-0.0161226436053641,0.0032293872081023,-30,0,0,0,0,0,4,3,-1.26376414533662,0.984632235376567,-0.451254410612476,0,0,0
1179,-29.9950520138327,0.022988682748965,0.0794687712689746,0.000930708706577936,-0.0030277027300146,-2.51464588821981E-05,-29.8166611174778,0.187260549934478,0.244632450712796,-0.02066237469576,-0.0116143527382247,-0.0142483004918146,-30,0,0,0,0,0,4,3,1.69955970453167,0.78691417395351,0.93556514775587,0,0,0
1180,-29.9932400151356,0.0203544161620218,0.0790368080881971,0.00269312825864408,-0.00224083525786874,-0.000839135940000723,-30.0362518237813,0.0230312025168193,0.0560409034650527,0.0224266087506823,-0.00529226949448093,-0.0017509814765691,-30,0,0,0,0,0,4,3,-2.17015722750556,0.483164544414454,0.0630163407268045,0,0,0
1181,-29.9911745466207,0.0183551997172202,0.0790776442058307,0.00143816918332523,-0.00175760334235118,0.000921065506929261,-29.7659486042257,0.00404147663337076,0.222004843627989,0.00112610760973297,0.00292966752770191,0.00622136009392927,-30,0,0,0,0,0,4,3,-0.580713552521964,-0.301049706036932,-1.06614569664891,0,0,0
1182,-29.9903393057403,0.0164470794556948,0.0799049014754465,0.00023227916534759,-0.00205864168674288,0.000733697529478624,-30.0130067565456,-0.0247208234752971,-0.046556574968467,0.0114980462953431,-0.0015228340227729,0.00242695670760354,-30,0,0,0,0,0,4,3,-1.12379111644319,0.201725049227885,-0.14958252082342,0,0,0
1183,-29.9905053914778,0.0144893211592093,0.0810373264199023,-0.000564287404888478,-0.00185688286865993,0.00153131742098565,-29.9380976295465,0.0287425576177293,0.101464158899738,-0.0071519446287925,-0.00573269667143923,0.00232548521794505,-30,0,0,0,0,0,4,3,0.591389721972302,0.515784551908464,-0.43547683959398,0,0,0
1184,-29.9910691772618,0.0128903228257478,0.0821950746220676,-0.000563433134458613,-0.00134111925230225,0.000784183339117747,-30.0955363476112,0.00748465009790361,0.0937446112414601,0.0155560333279802,0.0118687920003383,-0.0128873735043071,-30,0,0,0,0,0,4,3,-1.36453063757559,-1.20184850022963,1.10124812794779,0,0,0
1185,-29.9916012144164,0.0109483061610856,0.0838490262865979,-0.000500285352132177,-0.00254291885646265,0.00252370728672884,-29.8943627988387,-0.00506934295619994,0.0620329014118441,-0.000253057776721059,0.000651517157789709,-0.00230250351710529,-30,0,0,0,0,0,4,3,-0.185968624650503,-0.055013029866571,0.106184548886841,0,0,0
1186,-29.9921159321038,0.00837788590098713,0.086472655325156,-0.000529105508676205,-0.00259792549329029,0.00272355753081973,-29.9314873177802,-0.039096822980667,0.0263657639393804,0.0019195025609568,0.00282299011597932,0.00775024375826903,-30,0,0,0,0,0,4,3,-0.32897562053536,-0.204105365636599,-0.827755903705663,0,0,0
1187,-29.9930766155576,0.00567791232779043,0.0890746728715219,-0.00139230789290365,-0.0028020258033918,0.00248065258439594,-30.0087240617008,-0.0902151125047451,0.238944626019379,-0.0132894730553519,-0.0126376265070803,-0.00297780431731679,-30,0,0,0,0,0,4,3,1.34639542893685,1.44419287571752,-0.180108820307079,0,0,0
1188,-29.9941408599305,0.00359796330380454,0.0909554117298208,-0.000736419836564323,-0.00135787560085315,0.00128069415312295,-30.0135086177643,0.0412213076254426,0.067895527066039,0.00137711582682406,-0.00108465413662395,0.00658987649622074,-30,0,0,0,0,0,4,3,-0.110694347153831,0.0260227984115101,-0.794778703754152,0,0,0
1189,-29.9952311874315,0.00225310224793325,0.092037246577722,-0.00144431301033193,-0.00133185427744687,0.000883119042374999,-29.9555452002986,-0.116242018319618,0.19460727470922,-0.0183329321194928,0.000652698592435016,0.00474578207477494,-30,0,0,0,0,0,4,3,1.74438361254656,0.167214177395735,-0.863792756895935,0,0,0
1190,-29.996504377225,0.00100482865568681,0.0919566827301142,-0.0011024507392582,-0.00116469926727619,-0.00104431498272476,-29.8925416885245,-0.145035015899881,0.181163943152828,0.00797313178212821,0.000557631209604244,0.0104274644248121,-30,0,0,0,0,0,4,3,-1.01222980116374,0.234306910839337,-1.40507432878687,0,0,0
1191,-29.9984754667794,-4.2703620826555E-05,0.0908941430338525,-0.00283973186419955,-0.000930369763958018,-0.00108041377682587,-29.9355719984073,-0.13534706612015,0.13671489135068,0.00108653708060808,-0.000626832475556656,-0.00165994193211479,-30,0,0,0,0,0,4,3,-0.23750971124612,0.333377379795966,-0.107435589489881,0,0,0
1192,-30.0014319459456,-0.000806377974541425,0.089871760003079,-0.0030732011145987,-0.000596985714578386,-0.000964303537003013,-30.0686803759965,-0.0531966159595958,0.00579497584403917,-0.00481567692759514,0.0136074328598271,0.000656888538522043,-30,0,0,0,0,0,4,3,0.618928444752578,-1.25435005406352,-0.0772788055402826,0,0,0
1193,-30.0043548355892,-0.00203054676276292,0.0886305232393763,-0.00277268603226168,-0.001851355348088,-0.00151822910801242,-30.0362650403078,-0.101598426909296,-0.147061104833152,-0.00833047926712718,0.00858037070686535,-0.0070827317193793,-30,0,0,0,0,0,4,3,0.905578007328418,-0.654840216867944,1.00239538160423,0,0,0
1194,-30.0064583389891,-0.00420933141026102,0.087041105384022,-0.00143434915551663,-0.00250621734483617,-0.00166087023320254,-30.0421622066877,-0.0295510073464952,0.183106422212281,-0.00248051522461876,0.000273078391140622,-0.0149593086825779,-30,0,0,0,0,0,4,3,0.332375935837246,0.0317941755789281,1.12971802383323,0,0,0
1195,-30.0073427931085,-0.00669965029683599,0.0855765346517114,-0.000334476813359497,-0.00247442647296444,-0.00126849235847139,-29.8290230559504,-0.000994448289596101,-0.0532366066085264,0.00976814756716098,0.00467071797566474,0.000729608427390394,-30,0,0,0,0,0,4,3,-1.31876864481534,-0.465082900987281,0.0335123704780133,0,0,0
1196,-30.008058552443,-0.00940659493780135,0.0848419949380554,-0.00109682421172059,-0.00293946845677074,-0.000200433304915799,-30.1366478148865,0.0154407071502227,0.0542939006253906,-0.0186311623124356,0.00357945817035765,0.00789504849672242,-30,0,0,0,0,0,4,3,2.13641186101647,-0.38882723133621,-0.898092650923023,0,0,0
1197,-30.0088847249468,-0.0125405100632649,0.0835094334085856,-0.000555969294529862,-0.00332836716239842,-0.00246479678839451,-29.9626877275222,-0.0045261644143892,0.196570514132793,-0.0152386827858048,-0.000257579411494256,0.00106846575260875,-30,0,0,0,0,0,4,3,1.44924373362486,0.034810269978204,-0.499987603526462,0,0,0
1198,-30.0092151446553,-0.015851494052845,0.0803068462951759,-0.000105160437171246,-0.0032936047047837,-0.0039404660006379,-29.9314604896205,-0.00477791066288336,0.141446061732371,0.0129336597783445,-0.00543586640810526,-0.00703811412337094,-30,0,0,0,0,0,4,3,-1.43044499859345,0.553142462136293,0.420919288872351,0,0,0
1199,-30.0095791766369,-0.0188685005983257,0.0770605739193548,-0.000622620457370443,-0.00274041550054532,-0.00255197689603164,-30.0071243890206,0.0330981178832576,0.242132397083685,-0.00270535782381317,-0.00227678389316362,-0.00300355232488597,-30,0,0,0,0,0,4,3,0.284784560422517,0.161482153549847,-0.183909561678772,0,0,0
1200,-30.0101948238521,-0.0215281775643158,0.0743332090631158,-0.000608740498950271,-0.0025789432701445,-0.00290275504717474,-29.896436469925,-0.00511809707875152,-0.00380860046748675,0.00445562984072861,-0.0234667056617754,0.0134366931645529,-30,0,0,0,0,0,4,3,-0.652690044222776,2.35690676033504,-1.33605211552031,0,0,0
