sys.exec.out.time {s},chaser.lvlh_rel_state.rel_state.trans.position[0] {m},chaser.lvlh_rel_state.rel_state.trans.position[1] {m},chaser.lvlh_rel_state.rel_state.trans.position[2] {m},chaser.lvlh_rel_state.rel_state.trans.velocity[0] {m/s},chaser.lvlh_rel_state.rel_state.trans.velocity[1] {m/s},chaser.lvlh_rel_state.rel_state.trans.velocity[2] {m/s},gnc.meas_rel_pos[0] {m},gnc.meas_rel_pos[1] {m},gnc.meas_rel_pos[2] {m},gnc.meas_rel_vel[0] {m/s},gnc.meas_rel_vel[1] {m/s},gnc.meas_rel_vel[2] {m/s},gnc.setpoint_pos[0] {m},gnc.setpoint_pos[1] {m},gnc.setpoint_pos[2] {m},gnc.setpoint_vel[0] {m/s},gnc.setpoint_vel[1] {m/s},gnc.setpoint_vel[2] {m/s},gnc.guidance.state_ {1},gnc.guidance.current_leg_ {--},gnc.cmd_force[0] {N},gnc.cmd_force[1] {N},gnc.cmd_force[2] {N},gnc.control.saturated_[0] {--},gnc.control.saturated_[1] {--},gnc.control.saturated_[2] {--}
0,-1046.33974714196,-4.85458666132458,10.2273337002844,-0.600664630447678,-0.0817804637869818,0.783410661149522,-1046.48003441287,-4.95910134236879,10.0313942433097,-0.603817551269801,-0.0810670338958314,0.769255135970647,-500,0,0,0,0,0,0,0,1153.34182395272,18.0249060743207,-96.988302083684,0,0,0
1,-1046.36358652796,-4.92736085727148,10.9621944129649,0.552930539578835,-0.0637679281036326,0.685657915971983,-1046.30039634087,-5.01767314655042,10.9816375045607,0.560704051596448,-0.0681964421356748,0.694901374770467,-500,0,0,0,0,0,0,0,1036.5303875221,16.8549905066683,-91.4534124861681,0,0,0
2,-1045.29239704235,-4.98270685041175,11.6002525758175,1.58939492649869,-0.0469240581787386,0.58987176177034,-1045.33045454477,-5.0264190269981,11.7383933071467,1.58570035169548,-0.036774190045881,0.587000762550635,-500,0,0,0,0,0,0,0,932.090873919993,13.7302570585843,-82.176862869357,0,0,0
3,-1043.23710799831,-5.02277078007271,12.145588315411,2.52113378679426,-0.0332038011576387,0.500272261449406,-1043.31591851039,-5.12666137528962,12.1994133729242,2.54070055528739,-0.0320103491060882,0.492652783426016,-500,0,0,0,0,0,0,0,832.561781492047,13.4543576611881,-73.6641050884499,0,0,0
4,-1040.29997349497,-5.04925186859628,12.604231523957,3.35308973147228,-0.0197583759182155,0.416543101675231,-1040.29522088904,-5.10249802755928,12.5616801162852,3.37064370197094,-0.0112954309869963,0.421807885038623,-500,0,0,0,0,0,0,0,743.526071580986,11.3345391538182,-67.3041487364327,0,0,0
5,-1036.57551921254,-5.06334696405085,12.9811711448934,4.09577617062471,-0.00843181501925816,0.336915545419464,-1036.76773921371,-5.0303406836859,13.1161610820111,4.08886425616642,-0.0157024584129828,0.336880089200056,-500,0,0,0,0,0,0,0,664.649052810775,11.6309272086701,-59.9203310840279,0,0,0
6,-1032.1479193565,-5.06596688131336,13.2811871524747,4.75938441491596,0.00319198048228967,0.262740576708061,-1032.16470544312,-5.12751608021261,13.3827807682509,4.76374700857923,0.00342690866309804,0.281132138539818,-500,0,0,0,0,0,0,0,587.954710028309,9.91234129411542,-54.8787753904836,0,0,0
7,-1027.09515506368,-5.05782188526099,13.5087309094605,5.3461073973392,0.01309801166297,0.192014514070816,-1026.93774191657,-5.11053431159459,13.5177255726509,5.34420065239717,-0.000633298304617157,0.176311184500005,-500,0,0,0,0,0,0,0,519.455418593424,10.2843984536509,-44.6665695953023,0,0,0
8,-1021.48998005095,-5.03958446052258,13.6699725700834,5.86421123733682,0.023376837887964,0.1301751726823,-1021.48252545135,-5.0628750230432,13.6723275873315,5.85656872809471,0.0216476206125389,0.146254743520122,-500,0,0,0,0,0,0,0,457.308178093235,7.9609879848325,-41.9701295266751,0,0,0
9,-1015.39785407057,-5.01222958241092,13.7701634020663,6.32001055872997,0.0313329184104335,0.0699480826466905,-1015.44621250116,-5.11081637299213,13.9625495770507,6.33546580007345,0.0213837347356532,0.0709711046004406,-500,0,0,0,0,0,0,0,397.345844994971,8.08325927241895,-35.0222096141455,0,0,0
10,-1008.87995920367,-4.97685716588982,13.8131695370869,6.71575274638034,0.0394119147181646,0.0158397363038296,-1008.84383564107,-5.11542279617447,13.7952439909803,6.71327576054221,0.0451490069041405,0.00932451097350629,-500,0,0,0,0,0,0,0,346.360095227922,5.71594490193489,-28.5229390793112,0,0,0
11,-1001.99185186549,-4.93458913601526,13.8049645972225,7.06043903467999,0.0451241450983215,-0.0324451968334429,-1001.86841192086,-4.77812423786157,13.8129774257827,7.04869368805947,0.0439989235813542,-0.0257070625411938,-500,0,0,0,0,0,0,0,298.86745503578,5.15635611758773,-25.0552485974461,0,0,0
12,-994.782847645806,-4.8868884155999,13.7499477560601,7.35754839910447,0.0502772957045929,-0.0777571612057939,-994.885198019889,-4.81509429187038,13.8570919347309,7.34848055398324,0.051924637667819,-0.086755704187656,-500,0,0,0,0,0,0,0,254.922340641453,4.43772481695887,-19.0386134506963,0,0,0
13,-987.298722888495,-4.83439362372643,13.6524474946601,7.61068350230124,0.0547122880185127,-0.117387169579922,-987.350978776526,-4.69123476363845,13.6004628498042,7.60649319411335,0.066341555318486,-0.116412991259764,-500,0,0,0,0,0,0,0,214.052638141717,2.7483139954283,-15.559626573632,0,0,0
14,-979.581920621696,-4.77830832579899,13.5169519126871,7.82290543175153,0.0574583078987218,-0.153724661567202,-979.604003211725,-4.78314681897349,13.3110661801127,7.81317571289127,0.0675301140175282,-0.167090852677589,-500,0,0,0,0,0,0,0,177.890435134323,2.81328223619416,-9.91304709246637,0,0,0
15,-971.67097360483,-4.71944432895213,13.3478893535828,7.9989762746588,0.0602696857519471,-0.184500676688818,-971.631615432296,-4.80582619099706,13.368927106391,8.00196206399987,0.0562840765865605,-0.19017720342942,-500,0,0,0,0,0,0,0,143.067024464605,3.98324472333808,-7.72013386983999,0,0,0
16,-963.601381736799,-4.65718378653651,13.1491642559386,8.14019650873695,0.0642513990693149,-0.213030025533649,-963.582037715105,-4.64611743728365,12.9629634016681,8.14439775707076,0.0624507365830186,-0.218035621120101,-500,0,0,0,0,0,0,0,112.724299723135,3.04716121626544,-4.122364691326,0,0,0
17,-955.405736320951,-4.59140940946161,12.9237609577798,8.25108555688564,0.0672973550778105,-0.237839916965349,-955.503903189964,-4.48341654907251,12.9364778338826,8.24602691729477,0.0682288589579954,-0.235561341599595,-500,0,0,0,0,0,0,0,86.405114650451,2.14394720234549,-2.3168215078057,0,0,0
18,-947.112366605098,-4.5230405424064,12.6745303068659,8.3356462933197,0.069440379063878,-0.260669837431315,-947.18742499189,-4.52172309070593,12.489575192548,8.33882476272928,0.0690209845594485,-0.254386337953722,-500,0,0,0,0,0,0,0,60.492373710852,2.141347725467,0.459483410276263,0,0,0
19,-938.747382293696,-4.45252981190482,12.4039926803172,8.39431652689458,0.0715810819376299,-0.280439220067114,-938.668584497665,-4.39831408383363,12.4090660981293,8.39345634171271,0.0729723443851393,-0.25713779813601,-500,0,0,0,0,0,0,0,37.9915348240595,1.49939372915334,0.895647617342373,0,0,0
20,-930.334987769124,-4.38019923536735,12.1140585494473,8.43046718112491,0.0730800711147851,-0.299450110254095,-930.480594128439,-4.40474455494897,12.0872839086392,8.43203989905611,0.0620377562560738,-0.302704707352184,-500,0,0,0,0,0,0,0,17.7571983512665,2.60571348429057,6.09590291794007,0,0,0
21,-921.89651077202,-4.30581640002061,11.8078916085616,8.44648463885162,0.0756855995800386,-0.312893443408512,-921.830753143993,-4.4081930692207,11.6856126666687,8.4576682238851,0.073803559261166,-0.307846442043373,-500,0,0,0,0,0,0,0,-2.10531610052419,1.43603021232479,7.41341887099997,0,0,0
22,-913.451934518172,-4.22941277147245,11.4891595355114,8.44266669983068,0.0771216575557846,-0.324569149554099,-913.347371412677,-4.08427296157198,11.6557027359571,8.43543542978911,0.083950714166504,-0.321929164002416,-500,0,0,0,0,0,0,0,-16.8488001535558,-0.226525493506442,8.8815109283275,0,0,0
23,-905.018529724841,-4.15240428372748,11.1596831219587,8.42414277027373,0.076895318126427,-0.334373797796965,-905.077705615957,-4.12335081731816,11.2901947358679,8.43775801171263,0.0868882691487125,-0.332901957580085,-500,0,0,0,0,0,0,0,-33.6203899393487,-0.442125280234929,10.7098062862727,0,0,0
24,-896.612006904955,-4.07572984519763,10.821574420008,8.38890406842427,0.0764535590934879,-0.341824266129668,-896.704926653495,-3.93582884747642,10.817085226242,8.39296070160666,0.0753970625094914,-0.353963908648599,-500,0,0,0,0,0,0,0,-45.8862168536755,0.331951444003701,13.7622204123758,0,0,0
25,-888.246806190879,-3.9991100608477,10.477773203479,8.34150052499442,0.076786009788284,-0.345751941744612,-888.143150598699,-3.89129092048809,10.4724140828288,8.34165549481075,0.0789380102426118,-0.337032649621686,-500,0,0,0,0,0,0,0,-57.8792482836772,-0.111219183284995,12.758436796511,0,0,0
26,-879.935008196252,-3.92237934751166,10.1297985577959,8.28209832300794,0.0766754170560605,-0.350164329086021,-879.916389836717,-3.94402140286133,10.1355203899768,8.2755115976289,0.0542393669359871,-0.34779714983394,-500,0,0,0,0,0,0,0,-67.7183800894561,2.46410611212394,14.5086742034403,0,0,0
27,-871.687494132558,-3.84447151117058,9.77853625841361,8.21293389784051,0.0791402558077072,-0.352321722709788,-871.745286550631,-3.69515961923161,9.95268653078017,8.22299280720242,0.0754092470984267,-0.349471926666691,-500,0,0,0,0,0,0,0,-78.8087076189798,-0.150605471379451,15.0418196051087,0,0,0
28,-863.514666014302,-3.7654061324655,9.42567507473563,8.13272702046234,0.0789905016411391,-0.35335584373821,-863.489272648435,-3.60737568010387,9.36940473343365,8.13517596224089,0.07988983784713,-0.360395061571904,-500,0,0,0,0,0,0,0,-86.5390509272196,-0.774232424505258,17.3006966903231,0,0,0
29,-855.425856492104,-3.68680227933272,9.07317033403114,8.04489822706075,0.0782172045855597,-0.351604516707842,-855.339873787475,-3.66992089600313,9.1627698275477,8.06743713589765,0.0879592907272469,-0.345257273086605,-500,0,0,0,0,0,0,0,-96.063966014815,-1.45608728071844,16.2001876535651,0,0,0
30,-847.429635487268,-3.60931260028092,8.72217661788558,7.94754965892495,0.0767621534728069,-0.350328407226057,-847.42869875891,-3.52433734981793,8.69942611442167,7.93951688046386,0.0779001915175681,-0.339868739188598,-500,0,0,0,0,0,0,0,-99.0942905285663,-0.741344452120955,16.5880216900165,0,0,0
31,-839.532252689676,-3.53292058462664,8.37286966650933,7.84722221535457,0.0760218777859975,-0.348229293026212,-839.562821748226,-3.5834690927905,8.49698017261479,7.85895349893613,0.079404759143667,-0.359509198947377,-500,0,0,0,0,0,0,0,-106.769706397161,-0.773537728785696,18.9569595495081,0,0,0
32,-831.738970508243,-3.45728489949121,8.0271535507546,7.73935004874374,0.0752494923852803,-0.343142462827072,-831.745930762527,-3.58011187222542,7.97464129350291,7.73455789085132,0.0628873608846623,-0.344789264250262,-500,0,0,0,0,0,0,0,-109.963927560078,0.871487655984619,18.5296438380204,0,0,0
33,-824.055140637287,-3.38159907018518,7.6865519987218,7.62831755726359,0.0761221661302637,-0.337998370352889,-824.132255873073,-3.29488379629161,7.7618817032934,7.62948579102782,0.0725011892681734,-0.34889326266094,-500,0,0,0,0,0,0,0,-114.684067356637,-0.660351334234124,19.3655628595072,0,0,0
34,-816.484661714266,-3.30580646118052,7.3517900631156,7.51264886811477,0.0754630518233479,-0.331460601467704,-816.52632180182,-3.44166192488445,7.24258871032165,7.509325866953,0.062943441302053,-0.330395071058859,-500,0,0,0,0,0,0,0,-117.87994309166,0.588979719563607,18.5543296852426,0,0,0
35,-809.031438376803,-3.23004828420777,7.02341874782823,7.39380614629344,0.0760533020737093,-0.32521532555024,-809.069339793234,-3.19119840288271,6.85782139174475,7.39336399288241,0.0842245960617967,-0.322967377527663,-500,0,0,0,0,0,0,0,-121.197719701773,-2.04006280041425,18.5810949692768,0,0,0
36,-801.698689562605,-3.15501436056247,6.70157393011576,7.27170006345419,0.0740145452121686,-0.31840575571759,-801.888675456309,-2.9350808462633,6.77453517426042,7.26837165491607,0.0770693171686868,-0.332413162439911,-500,0,0,0,0,0,0,0,-123.059814578989,-1.83677002434208,19.6922458954702,0,0,0
37,-794.488927835916,-3.08191753699249,6.3873384877976,7.14783279675559,0.0721791017839379,-0.309995572233306,-794.659726255072,-3.09224254148203,6.50684575457415,7.1437894798002,0.0753202321800579,-0.310496784162809,-500,0,0,0,0,0,0,0,-125.059495469875,-1.34753813504172,18.0359869071326,0,0,0
38,-787.404039604006,-3.01041153084093,6.08093761086565,7.0219523444465,0.070832910379253,-0.302735482506626,-787.296317404708,-3.10168450767047,6.19031446650908,7.02226913743637,0.0419024845533476,-0.300311590809232,-500,0,0,0,0,0,0,0,-127.634278934221,2.01312056000619,17.6505301479051,0,0,0
39,-780.446300271062,-2.9385713731475,5.78187330303946,6.89353500506942,0.0728474048632741,-0.295320993765325,-780.505541304322,-2.95286072870002,5.9318677174877,6.88056286114525,0.0667763278017729,-0.297371381587876,-500,0,0,0,0,0,0,0,-127.045203505881,-0.771911322777255,17.8734027238122,0,0,0
40,-773.616652789316,-2.86610924001237,5.49053783712527,6.76576891461455,0.0720768613341247,-0.287278161540721,-773.658979223898,-2.92812131745003,5.65481233691267,6.78305959934711,0.0755284799512977,-0.282544964297823,-500,0,0,0,0,0,0,0,-130.988001486914,-1.69660536022972,16.944871755957,0,0,0
41,-766.916735223162,-2.79487997673444,5.2070883939496,6.63407491505177,0.0703816651564639,-0.279546726993489,-766.789818072828,-2.74744087819114,5.23068058553449,6.62643348825287,0.0837823688224596,-0.296114905531805,-500,0,0,0,0,0,0,0,-129.063712679631,-2.88335512586368,19.1501293821115,0,0,0
42,-760.34747184639,-2.72593929400147,4.93264791801303,6.50446189369382,0.0674997002692589,-0.269261395034458,-760.331138896967,-2.64884704754518,4.83207210151021,6.51039888878711,0.065776220257391,-0.276795961520099,-500,0,0,0,0,0,0,0,-130.377611084777,-1.27992793064874,18.0154519489895,0,0,0
43,-753.908474975957,-2.65907885596356,4.66817658982711,6.37354146205393,0.0662211757776005,-0.259607691379483,-753.781157322749,-2.68862576997406,4.82958308540188,6.37240469467435,0.0799454778297018,-0.241858037741029,-500,0,0,0,0,0,0,0,-129.678154821937,-2.61729624302205,14.5266376032992,0,0,0
44,-747.600107237988,-2.59416563151431,4.41181997241904,6.24320180794531,0.0636052730203644,-0.253032296069015,-747.673463843361,-2.65042572377471,4.32219829087127,6.24256728389828,0.0793352305331446,-0.26110732262124,-500,0,0,0,0,0,0,0,-128.909800703107,-2.63267160576505,17.4663356803815,0,0,0
45,-741.421596968767,-2.53187600055256,4.16370681202494,6.11382832298566,0.0609739888127084,-0.243121326538764,-741.449941262343,-2.60616286030396,4.36261954416514,6.11294313861627,0.0669449047619451,-0.245275500134747,-500,0,0,0,0,0,0,0,-128.394431336941,-1.48216475558658,15.8023109251444,0,0,0
46,-735.372217271588,-2.4716424037445,3.92487838696869,5.98493987422753,0.0594932047631082,-0.234463091678248,-735.362808687768,-2.39465321608225,3.8091383531501,5.98586974036967,0.0576228006420198,-0.249876245542939,-500,0,0,0,0,0,0,0,-127.861356661432,-0.97297363203749,17.3693478479937,0,0,0
47,-729.451391565081,-2.41263499765622,3.69569367964583,5.85672137064761,0.0585216072707154,-0.223834266597723,-729.350310791334,-2.40063203552299,3.81301949304974,5.84443063377717,0.060182266059809,-0.246644625735493,-500,0,0,0,0,0,0,0,-125.742441795049,-1.21696253493492,17.0384235874498,0,0,0
48,-723.657705813797,-2.35472119495729,3.47713110745789,5.73065987352879,0.0573059980398387,-0.213220033612052,-723.802527944773,-2.42663076223827,3.43248914947578,5.73461836137242,0.0563624951428187,-0.212642457352307,-500,0,0,0,0,0,0,0,-125.856780247697,-0.782987989805323,14.3992674362791,0,0,0
49,-717.990182498106,-2.29780601456529,3.26808089576368,5.60439517524958,0.0565243626801682,-0.204809431357898,-718.099887912791,-2.27722503633083,3.10025948434474,5.59758092240548,0.0413667876370607,-0.210132420887748,-500,0,0,0,0,0,0,0,-123.558316414966,0.417771308955587,14.8127231200853,0,0,0
50,-712.447739367667,-2.24107210196313,3.06779544593803,5.48049982125599,0.0569434624034396,-0.195691844509488,-712.606385240155,-1.97330778282635,3.05952769258503,5.47925365372517,0.041051525565956,-0.213950988387091,-500,0,0,0,0,0,0,0,-122.712594892207,-0.158536990942907,15.276043453539,0,0,0
51,-707.028729696189,-2.18420724819192,2.87704327297864,5.35752864602324,0.0567862451391014,-0.185743399492658,-707.008738036662,-2.03576392380184,2.75445614713157,5.33595565555708,0.0581667683164304,-0.179065971027479,-500,0,0,0,0,0,0,0,-119.578089482384,-1.74514898403935,12.3976848084848,0,0,0
52,-701.731183889631,-2.12829293538992,2.69491785452914,5.23757052201734,0.0550423803888395,-0.178440033754093,-701.839841045109,-2.12728500862502,2.7193894288198,5.23273923234206,0.0444265278607033,-0.173486237550494,-500,0,0,0,0,0,0,0,-119.594241143988,-0.188082768820279,11.9098448974098,0,0,0
53,-696.553596081179,-2.0733439543408,2.5200549858375,5.11761252655016,0.0548555816807552,-0.17121830172017,-696.436028633897,-1.86745177197709,2.52384653255755,5.12078911832043,0.0559836722731786,-0.189442398374593,-500,0,0,0,0,0,0,0,-119.20685456425,-1.86346368336368,13.8965467723442,0,0,0
54,-691.495689772707,-2.01941946377455,2.3535956775195,4.99820877688059,0.0529933993482867,-0.161633227548365,-691.484227412995,-2.0009993667141,2.15977651081485,4.98990174448014,0.052797532374715,-0.159045440066845,-500,0,0,0,0,0,0,0,-116.021719622025,-1.27775450404331,11.5849909850548,0,0,0
55,-686.555643479374,-1.9670643187863,2.19566998702122,4.88189123415796,0.0517168905648445,-0.154152808274399,-686.538176185157,-1.8474565392873,2.35090740068783,4.8818872112021,0.0409253380993451,-0.159879259543881,-500,0,0,0,0,0,0,0,-115.112368749896,-0.39762073135992,11.2861111530125,0,0,0
56,-681.731448014868,-1.91554562070218,2.04524276651846,4.7665070645336,0.0513205056473126,-0.146636817018496,-681.709887155806,-1.84408298139195,1.76349874729293,4.77168444921639,0.0483751717084057,-0.141892009483023,-500,0,0,0,0,0,0,0,-113.748670610027,-1.14935120805668,10.6622034537165,0,0,0
57,-677.021954163591,-1.86479918016076,1.90217067164371,4.6524877522848,0.050172375262744,-0.139443328539156,-677.083044904133,-1.8783466337272,1.82675173352061,4.65178215040213,0.0341728362188386,-0.135477035969461,-500,0,0,0,0,0,0,0,-111.012125231947,0.339409645570531,9.89420012990491,0,0,0
58,-672.425118010421,-1.81445650454617,1.76601119498672,4.54119127844582,0.0505129759905788,-0.132813118670259,-672.384869637479,-1.72773807278694,1.65427710173298,4.53706820365282,0.0436531386054232,-0.143459158143942,-500,0,0,0,0,0,0,0,-108.937081090324,-0.909837714968432,11.0373616109282,0,0,0
59,-667.938484660439,-1.76439786249857,1.63717046817341,4.43208284950889,0.0496043080404317,-0.124807064178197,-667.848156211503,-1.8357712437026,1.66868912354576,4.45026321106837,0.0316198279284272,-0.120882842666497,-500,0,0,0,0,0,0,0,-109.330008683831,0.509559694562475,8.75090601955818,0,0,0
60,-663.561210922238,-1.71453818841821,1.5153923230807,4.32247092211198,0.050115040058288,-0.118687674852229,-663.547159318964,-1.62534432145172,1.47219667756339,4.31643118589111,0.0483127947605045,-0.133565451416506,-500,0,0,0,0,0,0,0,-104.548799951182,-1.58059083314702,10.4121517865239,0,0,0
61,-659.291087877429,-1.6652128824872,1.40058187765653,4.21778234738897,0.0485355717403126,-0.11087444120136,-659.177727743809,-1.66667387362987,1.37176555305641,4.21402147536269,0.0610682973918807,-0.113120165327337,-500,0,0,0,0,0,0,0,-103.046692048652,-2.77348199192832,8.56848542662088,0,0,0
62,-655.124947181961,-1.61806349912158,1.2927887273679,4.11450525968004,0.0457631949262424,-0.104653884770587,-655.343375682801,-1.43635900753175,1.21069376782576,4.11341570712247,0.0453341548286077,-0.10717565412296,-500,0,0,0,0,0,0,0,-100.654819346646,-1.66069746779728,8.2961778766445,0,0,0
63,-651.060881593944,-1.5731301131452,1.19116901291964,4.01363201273387,0.0441035769310125,-0.0985289279872268,-650.993609138301,-1.53328082840181,1.19357123376665,4.0009313594944,0.033887090870719,-0.0919903637054229,-500,0,0,0,0,0,0,0,-98.1059176728369,-0.322147430268279,6.81189390300899,0,0,0
64,-647.096453430387,-1.52918708432341,1.09501164724034,3.91522959995247,0.0437824807272369,-0.0937305842772839,-646.963920586988,-1.47887477514988,1.12513438248187,3.92510972955698,0.039089670024862,-0.0956151614413279,-500,0,0,0,0,0,0,0,-98.5831317817223,-0.951217452186451,7.31124737916904,0,0,0
65,-643.230631314087,-1.48587968402323,1.0040847975522,3.8164203415064,0.0428323199453296,-0.0880676711462504,-643.513186350986,-1.55844433090086,0.818471158918013,3.81550362765532,0.0438990541185799,-0.101139873248986,-500,0,0,0,0,0,0,0,-94.523990063561,-1.27301675005628,8.47704500706256,0,0,0
66,-639.461533800608,-1.44368336525915,0.919417000513333,3.72178100124937,0.0415603174069265,-0.0812148329724836,-639.472128735416,-1.4584319354549,1.02066405425253,3.70467460775254,0.0574668605255157,-0.0812356382467096,-500,0,0,0,0,0,0,0,-91.5232033044213,-2.82982218164177,6.0822357161659,0,0,0
67,-635.785651173858,-1.40353746863746,0.840453687463494,3.62998921508824,0.0387314757210083,-0.0766603111715161,-635.807115756315,-1.21586867084107,0.980197084067586,3.63502902009602,0.0391432001902715,-0.0848641085978502,-500,0,0,0,0,0,0,0,-91.8886704969713,-1.482582677345,6.52601669164985,0,0,0
68,-632.201710460727,-1.36554679178299,0.766434600237432,3.53789755332256,0.0372498777515022,-0.0713262188766659,-632.198100283934,-1.51271427443936,0.78692209614366,3.53648584911991,0.0377478723255429,-0.0559665135384975,-500,0,0,0,0,0,0,0,-89.2523843441232,-0.749358683675581,4.02280716156243,0,0,0
69,-628.708628734321,-1.32867111588443,0.696553934709176,3.44826983750562,0.0365014738638566,-0.0683848626936994,-628.845727669591,-1.24209308925388,0.780274570665448,3.44729315308741,0.0410302196106639,-0.050631611545098,-500,0,0,0,0,0,0,0,-87.0378599695579,-1.61883578255863,3.50261201317891,0,0,0
70,-625.304079581789,-1.29297859442751,0.629418492338973,3.36083212816689,0.0348835688914639,-0.0658370084841717,-625.082175559619,-1.35919300679032,0.640210671778725,3.37308373851371,0.0165846819778099,-0.0764640647457115,-500,0,0,0,0,0,0,0,-87.1440227321327,1.05991781579964,6.36598513101371,0,0,0
71,-621.986895090122,-1.25756459956855,0.566409251905165,3.27354223397107,0.0359444207027847,-0.0601325501900819,-621.868082629344,-1.32557117040831,0.523296397295297,3.28705806680151,0.0350690441801467,-0.0578939950137075,-500,0,0,0,0,0,0,0,-84.9696414214634,-0.855762077198039,4.74280670678015,0,0,0
72,-618.755966685005,-1.22204760502958,0.508353879871079,3.18831905534396,0.0350895682679085,-0.0559304398754917,-618.683717147734,-1.14518130338037,0.402392961276561,3.19960685192992,0.0275380177951805,-0.0588285351128193,-500,0,0,0,0,0,0,0,-82.5932508975235,-0.463439172757303,5.07806758872881,0,0,0
73,-615.609049940436,-1.18718931395379,0.454712935939199,3.10551909645327,0.0346270136307113,-0.0513050644786676,-615.514571830024,-1.22332652501309,0.488369257266936,3.09836483569137,0.0402618344362205,-0.0438932980628227,-500,0,0,0,0,0,0,0,-78.8073399090884,-1.57953039359588,3.4125912917484,0,0,0
74,-612.543102338032,-1.15335164402601,0.404848459663378,3.02637976399341,0.0330483261941858,-0.0483795709588509,-612.490911363092,-1.35433365440975,0.364514008665939,3.03067499307862,0.0489914468223944,-0.0528490534685529,-500,0,0,0,0,0,0,0,-78.085676581678,-2.19047737341993,4.55587732952342,0,0,0
75,-609.555875050393,-1.12139813845773,0.35858144245271,2.94807917143215,0.0308586849048766,-0.0441106210285473,-609.742125285365,-1.33340699215726,0.393194779643068,2.9500027878556,0.0378444762518281,-0.046428491614,-500,0,0,0,0,0,0,0,-75.5160282148307,-1.11763364086828,3.85645960211386,0,0,0
76,-606.645685099254,-1.09109786619231,0.316256195484485,2.87230467296798,0.0297418594404771,-0.0404974580492565,-606.662948729394,-1.15653963821079,0.460882775357568,2.88560480167294,0.03610058514251,-0.0424687970143385,-500,0,0,0,0,0,0,0,-75.2345827085062,-1.29697923782943,3.32511415071871,0,0,0
77,-603.811140633298,-1.0620040938874,0.277394434851562,2.79678798501543,0.0284456849984655,-0.037183797886155,-603.816105022012,-0.957323433499656,0.317466713984877,2.800231310424,0.0295466849939227,-0.0393876058772086,-500,0,0,0,0,0,0,0,-72.390920998376,-1.04002163239296,3.30382715975111,0,0,0
78,-601.050686211628,-1.03407803247408,0.241837299007175,2.72412452528339,0.0274064378118649,-0.033889821287043,-600.991108964601,-1.08477576809031,0.226338081672547,2.73159188475128,0.0194495020561291,-0.0167588622096763,-500,0,0,0,0,0,0,0,-71.1769705459267,0.224601330567709,1.22321005762254,0,0,0
79,-598.362372363759,-1.00655891395114,0.208605786587376,2.65250570420248,0.0276317991555544,-0.0325331452859438,-598.371148389691,-1.15013259281246,0.154592485606008,2.63437827187796,0.0315759573023655,-0.0241088223799246,-500,0,0,0,0,0,0,0,-66.6955304084129,-0.857330544611633,2.10169726678045,0,0,0
80,-595.743398423384,-0.979355423593104,0.177086236090489,2.58544506343938,0.0267751814526019,-0.0304684646402574,-595.743844222554,-1.00638692078451,0.133637695125137,2.58413949004497,0.0168285048976169,-0.0225417398896279,-500,0,0,0,0,0,0,0,-66.9262605593887,0.329923351807323,1.98689859871252,0,0,0
81,-593.191596501488,-0.952414922943523,0.147697208830031,2.51816169850958,0.0271058200278799,-0.0282719810725542,-593.246405562924,-0.816376171625575,0.0816489753789975,2.51662704968938,0.0212663069475556,-0.0354052822270155,-500,0,0,0,0,0,0,0,-65.1698938430901,-0.493878351504414,3.37723027194356,0,0,0
82,-590.706130371997,-0.925555693333368,0.121228400143364,2.45277424763569,0.0266126391627884,-0.0246290979298357,-590.69002671908,-1.0124567898965,0.0441591939202444,2.434619532041,0.0393511525947484,-0.0275852294606801,-500,0,0,0,0,0,0,0,-62.0818997659403,-1.91020167968184,2.67020455822753,0,0,0
83,-588.284536450234,-0.899897823020236,0.0980155224117065,2.39041680686242,0.0247031015257841,-0.0217618278092393,-588.293555922519,-0.969577796220379,0.14264972890555,2.39816252988901,0.0196457568282543,-0.0192487285140266,-500,0,0,0,0,0,0,0,-63.2291411438624,-0.0254200903846677,1.63957339359156,0,0,0
84,-585.925910119295,-0.875207093748569,0.0773157459746319,2.32683862906226,0.0246783569762611,-0.0196022177950465,-585.651541524944,-1.03958027372818,0.0919383795203929,2.31899570197647,0.032361407902593,-0.0318465654240678,-500,0,0,0,0,0,0,0,-60.5964871477591,-1.15698024280294,3.00077978336599,0,0,0
85,-583.629478053256,-0.851106902639562,0.0594333470906802,2.26602897393129,0.0235220251756907,-0.0161286338524379,-583.656086229183,-0.768501014956802,0.0584309134889475,2.25162723198374,0.0382698299792405,-0.0174129725192042,-500,0,0,0,0,0,0,0,-57.8505507400072,-2.28998096801045,1.62443542494253,0,0,0
86,-581.39254541237,-0.828729558820097,0.0443082602556547,2.20783893677913,0.0212326623732517,-0.0140890688950219,-581.456020346885,-0.732212703510006,0.221794152756116,2.21316334719316,0.0180731721135325,0.00407473938741505,-500,0,0,0,0,0,0,0,-58.4042940255466,-0.342891804333242,-0.851062244253737,0,0,0
87,-579.214191806899,-0.80766803115709,0.0301155201821894,2.14886962535905,0.02089039287265,-0.0142635134998907,-579.074550961009,-0.784953568437708,0.191753680782634,2.14628416370804,0.0166068787328858,-0.00687476542319364,-500,0,0,0,0,0,0,0,-56.4793144487865,-0.0907807364131663,0.303969180754097,0,0,0
88,-577.093788340345,-0.786822727350968,0.0163261830478643,2.09193926969808,0.0208002147320788,-0.0132834126974953,-577.010381290042,-0.745645338336501,-0.0204374554031048,2.07896426367973,0.0243966318681733,-0.0316475095994429,-500,0,0,0,0,0,0,0,-53.8756637878888,-0.948372510144323,3.2056258707505,0,0,0
89,-575.028868449456,-0.766496410455829,0.00492506096286677,2.03790401504265,0.0198524191267492,-0.00948871310577859,-575.096118206981,-0.722807986565694,-0.0258002289955985,2.05677748069023,0.0173746440436709,-0.0156243388645804,-500,0,0,0,0,0,0,0,-55.4855116550621,-0.291848431235701,1.61403434444923,0,0,0
90,-573.018854739454,-0.746789618997992,-0.00330105431342133,1.98212617916263,0.0195611636270539,-0.00693242987298504,-572.976476132853,-0.579982340685547,0.147670908645191,1.98398798169785,0.00602518071450385,-0.00924037547213115,-500,0,0,0,0,0,0,0,-52.4458459040792,0.557446609920709,0.628695729922732,0,0,0
91,-571.063149181999,-0.72694945202581,-0.00952359725605526,1.92928705600733,0.020119170047792,-0.00548321919859418,-571.06311570945,-0.651298205684305,-0.0374667464585735,1.93698231219098,0.0075366870067035,-0.0062657700295694,-500,0,0,0,0,0,0,0,-51.5719998001977,0.54892771069826,0.701510495874087,0,0,0
92,-569.159837978855,-0.706555542781987,-0.0142177303182462,1.87733752514621,0.0206686483019488,-0.00387611941198707,-569.359643090735,-0.726458648900036,-0.104273001812753,1.86712106110641,0.0248785586365734,0.00916703512233352,-500,0,0,0,0,0,0,0,-47.9928199291709,-1.03493856585727,-0.708157508607846,0,0,0
93,-567.306763848889,-0.68640410805383,-0.0181064819289222,1.82881197976238,0.0196342210943635,-0.00387438031465415,-567.506680378465,-0.645496904720661,-0.143990081922696,1.84333576193776,0.0310784583890714,-0.00476068915634195,-500,0,0,0,0,0,0,0,-49.3202154368452,-1.81685202946581,0.764049079479587,0,0,0
94,-565.502793481463,-0.667678049739867,-0.021110244272323,1.77913095770412,0.0178178956362368,-0.0021055032454389,-565.469386438487,-0.560949210523306,-0.0725945482804007,1.77570274190563,0.00448992826885048,-0.0144113688915897,-500,0,0,0,0,0,0,0,-46.6315013135888,0.672905594161564,1.58632598571977,0,0,0
95,-563.747116817595,-0.649523452072487,-0.0219973129115404,1.73222493008716,0.0184912997140917,0.00035744672260607,-563.751827929527,-0.745372531288439,-0.0721500558644079,1.72141764043257,0.0203547547646319,-0.0219515295316316,-500,0,0,0,0,0,0,0,-44.6381081842031,-0.54473041388631,2.33945306489198,0,0,0
96,-562.037306878847,-0.631304278674378,-0.0200766160633845,1.68739786298657,0.0179470470630172,0.00350885976154547,-562.06666627993,-0.470850834602337,-0.187174739242104,1.69851158944172,0.0170378694539716,0.00638720283047938,-500,0,0,0,0,0,0,0,-45.717826384312,-0.762085276192484,-0.26437080456373,0,0,0
97,-560.37299405399,-0.613738030456997,-0.0161649296342262,1.6412293762352,0.0171854492000406,0.00434016714410557,-560.434293629286,-0.715792014052532,0.0239885921958807,1.64126017126235,0.0178604111876725,0.00260364041415775,-500,0,0,0,0,0,0,0,-43.2574298676627,-0.354457090662186,-0.308341225807536,0,0,0
98,-558.753624627874,-0.596729579193204,-0.0115025881621311,1.59751094661845,0.0168314532457305,0.00500879416930466,-558.633209609791,-0.53588687585994,-0.0551045249792733,1.59552126155406,0.0159104883372331,-0.00698075800880111,-500,0,0,0,0,0,0,0,-42.2857069358248,-0.519275082003431,0.808284850838658,0,0,0
99,-557.177424101782,-0.580157537778509,-0.00559811895946691,1.55489218981812,0.0163126297436503,0.00682380072263822,-557.14618589195,-0.412172326145887,-0.0300556758878185,1.55018267179287,0.0042979985134185,0.00259369655398943,-500,0,0,0,0,0,0,0,-40.7258953953879,0.394544800949923,-0.199258303623306,0,0,0
100,-555.643117784842,-0.563647418511816,0.00160394235614902,1.51372192371612,0.0167076087668285,0.00760316824614127,-555.654266962755,-0.627680702058132,-0.0307338914045083,1.51215925703241,-0.00133194445368876,0.00322119983974295,-500,0,0,0,0,0,0,0,-39.907391777731,1.38855584948514,-0.260652201165279,0,0,0
101,-554.149574131061,-0.546245319063782,0.00957685757634527,1.47336682736548,0.0180965900596305,0.00836503903548447,-554.096804866532,-0.553309437613641,0.111451247284706,1.47352832544974,0.0206390240103916,0.00967156890077279,-500,0,0,0,0,0,0,0,-39.1592228119098,-0.957283525811881,-1.19005938464669,0,0,0
102,-552.696062936658,-0.528627162303227,0.0178741899589815,1.4336564913968,0.0171397233286547,0.00825163623551095,-552.627723095966,-0.403351207189313,0.0812232405924889,1.44206555451442,0.0227592015863096,0.00114182804527724,-500,0,0,0,0,0,0,0,-38.9511092595107,-1.46921774425233,-0.276629285712702,0,0,0
103,-551.282102952928,-0.512221840211848,0.0265657138310711,1.39426494777111,0.0156709208168052,0.00915323442703442,-551.345805061368,-0.403312554937195,0.168626270461292,1.39724774079793,0.0315488749510803,-0.00131118286097398,-500,0,0,0,0,0,0,0,-37.0331639570562,-2.34826238523364,-0.206134254825186,0,0,0
104,-549.906573543198,-0.497724853146076,0.036147092206573,1.35679530565295,0.0133230532606163,0.0100302655119497,-549.912863494492,-0.381368519620688,-0.0232957216303576,1.36557594919638,-0.00133683004481211,0.00557225203155598,-500,0,0,0,0,0,0,0,-36.7318679306534,0.896420043722587,-0.510633759894883,0,0,0
105,-548.568377799687,-0.483953394151914,0.04649873669242,1.31959747323249,0.0142198646993307,0.0106936115805573,-548.770571110929,-0.418049856271577,0.194179472322642,1.32420726496211,0.0171242581956861,0.00795904605309232,-500,0,0,0,0,0,0,0,-34.8795842743533,-0.876326107025459,-1.18426354995452,0,0,0
106,-547.26649659703,-0.470171506911484,0.0571306423478544,1.28416577290585,0.0133439097454827,0.0105897913335815,-547.25147959731,-0.433869143218677,-0.00949693533709981,1.27338419675385,0.0131544765923398,0.0063575006187272,-500,0,0,0,0,0,0,0,-32.8354604807644,-0.44770937279663,-0.616756191198521,0,0,0
107,-545.998995745765,-0.457051276960341,0.0678761980409994,1.25083699142125,0.0128965501368099,0.0109197344450482,-545.875773522344,-0.335966324918066,-0.109377520973383,1.24809907072145,0.0141872849919593,0.00292200143841854,-500,0,0,0,0,0,0,0,-33.058360027458,-0.746795849359792,-0.0734451018950883,0,0,0
108,-544.764898087166,-0.444527948440151,0.0792901025033512,1.21735974396474,0.0121501068166964,0.0119265641470816,-544.845021334853,-0.40079931262421,-0.0625903823251014,1.23782841076685,0.0030498985128537,0.0148380007394189,-500,0,0,0,0,0,0,0,-34.0927984069798,0.496608773963049,-1.35861930929168,0,0,0
109,-543.564865439252,-0.432129355964062,0.0911919275153181,1.18270637039289,0.0126470782304007,0.0118962214710154,-543.552146840098,-0.52378326658363,0.0530276232831466,1.17738806037312,0.0192848969932647,0.0121026135761407,-500,0,0,0,0,0,0,0,-30.6345123571157,-0.880923166159211,-1.31631660418036,0,0,0
110,-542.397765183731,-0.419922576388697,0.102927990506438,1.15149478757901,0.0117664808539398,0.0115931191946294,-542.406678216562,-0.261086148967947,0.142475803747171,1.15259309516304,0.0179467693358881,0.0195407634079066,-500,0,0,0,0,0,0,0,-30.445953083181,-1.27250463565292,-2.23902794828501,0,0,0
111,-541.26183854733,-0.408792186733719,0.113943065609497,1.12035864773671,0.0104942993311608,0.0104541924901171,-541.254427974408,-0.396895154406655,0.0204710626547039,1.11998748933775,0.00163413739915122,0.0122062854094043,-500,0,0,0,0,0,0,0,-29.4898929849596,0.630376568898188,-1.26157066624984,0,0,0
112,-540.15651177566,-0.397982542816921,0.124295369139891,1.09029556951815,0.0111249895246271,0.0102669693598825,-540.277457145718,-0.201728348655885,0.352509570813003,1.0857529764791,0.0267247008039261,0.0249553746547764,-500,0,0,0,0,0,0,0,-28.0203833564728,-2.26901338308084,-3.20055660710365,0,0,0
113,-539.080640321294,-0.387991912200656,0.133455179715134,1.06144687591515,0.00885627270193584,0.00806852612314257,-539.217435642532,-0.339322144801255,-0.0686852374438589,1.06670610357306,0.00844651699652726,0.0142692392876667,-500,0,0,0,0,0,0,0,-28.2357390722426,-0.166007410050217,-1.28955345387895,0,0,0
114,-538.033603326769,-0.379218493789998,0.141425584986784,1.03262775464551,0.00869056551933206,0.00788813294360924,-538.058543394535,-0.376063572765878,0.0497060793127601,1.0188947831025,-0.00786035432357559,0.0068523590992084,-500,0,0,0,0,0,0,0,-25.7723915211806,1.53816257788931,-0.78464806854636,0,0,0
115,-537.01412951875,-0.369758710331578,0.149354377522072,1.0063206409032,0.0102290024118141,0.00798389845290703,-536.969629772056,-0.338226549513654,0.180926824916285,1.01772409038114,0.00205894144379724,0.0175061660669127,-500,0,0,0,0,0,0,0,-27.8331494940024,0.470558954647583,-2.11247025652384,0,0,0
116,-536.02206854966,-0.359294281188633,0.156898245812178,0.97780152599859,0.0106998567078345,0.00711950710861275,-536.013221653287,-0.239776191392849,0.19951219098161,0.962857752161742,0.0161237710525542,0.0144659183443686,-500,0,0,0,0,0,0,0,-24.2593319095999,-1.13282472246972,-1.84561621640008,0,0,0
117,-535.056737034345,-0.349160708634183,0.163522237803956,0.9528616547613,0.00956728940258829,0.00614215245937355,-534.974029807803,-0.299677553182101,0.161654225532357,0.94135036766142,0.0162154749374146,0.00317916821281306,-500,0,0,0,0,0,0,0,-24.1869771505359,-1.02219238737725,-0.641225272346019,0,0,0
118,-534.116229273821,-0.340104387064834,0.169801987411011,0.928154703681749,0.00854535451762457,0.00643087596889147,-533.943572179553,-0.451288152241115,0.187986551756375,0.919618516000808,0.00157229951767291,-0.00919089572348637,-500,0,0,0,0,0,0,0,-24.0747072409743,0.74534635271494,0.543116468835887,0,0,0
119,-533.200291177244,-0.331186231208821,0.17699042436922,0.90372300182321,0.00929095802857613,0.00795937657599388,-533.298431838835,-0.39671497188042,0.210898885459108,0.899438798419697,0.00104933008230505,-0.00760537804933954,-500,0,0,0,0,0,0,0,-23.3470161642991,0.688496935530334,0.338740034015738,0,0,0
120,-532.308433450028,-0.321550900419089,0.185597230206398,0.879993827212766,0.00997970421131835,0.00926721802632791,-532.300938378459,-0.339592019379338,0.0145971168623381,0.873084467483564,-0.00856646698178732,0.021401486599355,-500,0,0,0,0,0,0,0,-22.7065699914393,1.53583073693741,-2.16934289366018,0,0,0
121,-531.440153759928,-0.310803160925119,0.194264911354439,0.856565527881303,0.0115157755694484,0.00808095542272103,-531.429141660476,-0.397481127642722,0.0176253609006574,0.853399503621822,0.0117295819127905,0.0118004154675572,-500,0,0,0,0,0,0,0,-22.4816670412294,-0.377995935993604,-1.21529226855703,0,0,0
122,-530.595125737818,-0.299476264300859,0.202241902420686,0.833491027778053,0.0111380185422114,0.00788563619338101,-530.522106740253,-0.276175364996103,0.156099338356264,0.831710153754749,0.0118237576751485,0.0277823471456181,-500,0,0,0,0,0,0,0,-22.1268018949692,-0.630025037522646,-3.09043339127434,0,0,0
123,-529.773124287582,-0.288653141822991,0.20910830941513,0.810511354242921,0.0105082272811034,0.00585972748456165,-529.658963325076,-0.288795996472635,0.28394107108292,0.819777885866486,0.0183248366888556,0.0186960625513269,-500,0,0,0,0,0,0,0,-22.6598619364961,-1.25489167594029,-2.43748839729853,0,0,0
124,-528.974322575909,-0.278772240779597,0.214346821439005,0.787091979093195,0.00925357553167632,0.00463008364895423,-528.71228208781,-0.207964872367998,0.100534300528487,0.78352803589101,0.0047348282080764,0.0153191411123062,-500,0,0,0,0,0,0,0,-20.928239413482,-0.0575530760716433,-1.7329827122876,0,0,0
125,-528.198033834776,-0.269547331272885,0.218621450683011,0.765485694101802,0.00919624442537158,0.00393094859441523,-528.278126640804,-0.240040337329494,0.256663008848478,0.752860483897368,0.00875632837894085,-0.0113127401872276,-500,0,0,0,0,0,0,0,-18.7297951081297,-0.395552163235097,0.617948001025805,0,0,0
126,-527.442096519513,-0.260548763282412,0.223240645229141,0.74639027180797,0.00880089246661829,0.00531781733736181,-527.388451753783,-0.238955461773936,0.170588981379494,0.749959900780231,-0.00141861887955595,-0.00595672833035039,-500,0,0,0,0,0,0,0,-20.2190865704569,0.619772811503467,0.254494870276051,0,0,0
127,-526.706013526862,-0.251437876700758,0.229203973991829,0.725776990492288,0.00942088110460599,0.00662005627884943,-526.526437763116,-0.149200564428147,0.1910251031802,0.739601958010758,0.00859387168738563,0.0257390745067151,-500,0,0,0,0,0,0,0,-20.9073202748442,-0.560986039882268,-2.95595765703191,0,0,0
128,-525.991110829133,-0.242297378529349,0.234963930985542,0.7040279999528,0.00886011593099224,0.00491169701394378,-526.12967343806,-0.224670963846418,0.267479187278987,0.694057906122695,0.016190763517121,0.00200365500279183,-500,0,0,0,0,0,0,0,-17.1464437361495,-1.16973442401927,-0.735323874837158,0,0,0
129,-525.295937114965,-0.234022038996748,0.239877844408652,0.686319965980979,0.00769056385781613,0.00492572421767212,-525.259720445297,-0.213865595370977,0.2017458552043,0.686675569741824,-8.2429491717299E-05,-0.0112847158605783,-500,0,0,0,0,0,0,0,-18.1481160835892,0.435974139913685,0.72497987564923,0,0,0
130,-524.618858931798,-0.22611339144296,0.245629875775675,0.667837840656305,0.00812673207435074,0.00658836121460338,-524.477873274272,-0.0528492927663505,0.0947877312678847,0.668290172307158,0.0113742770291524,0.00907351612923209,-500,0,0,0,0,0,0,0,-17.8732706821717,-1.03172911738254,-1.09692707545898,0,0,0
131,-523.96025629662,-0.218502429593464,0.252153338256276,0.649367870818703,0.00709519279491161,0.00646857162418679,-523.936171737614,-0.240477723343776,0.169348661935166,0.658377870546418,0.00673484596384708,-0.00630891409765943,-500,0,0,0,0,0,0,0,-17.9654435794142,-0.192529149697156,0.29219408589561,0,0,0
132,-523.320065168573,-0.211503405901963,0.259280768635776,0.631015616710065,0.00690285546451625,0.0077962271864821,-523.47585274232,-0.0774482254344096,0.34266349000523,0.628799170245947,0.00982950811268008,-0.000569549692649165,-500,0,0,0,0,0,0,0,-15.9282115399555,-0.828054360399188,-0.628372010745543,0,0,0
133,-522.697283887464,-0.205014493316869,0.267158793075409,0.614547527057794,0.00607497053773573,0.00796871350738826,-522.640885615729,-0.234136403212508,0.292762941601676,0.617862994851955,0.00797445626036904,0.0196222662361956,-500,0,0,0,0,0,0,0,-16.5045282537385,-0.329172819611888,-2.54775250682291,0,0,0
134,-522.091397819224,-0.199104022439511,0.274330380602814,0.59722420935696,0.00574597191834625,0.00638382246541946,-521.99721748333,-0.359086431563232,0.108176128707914,0.598047025007552,-0.00116197372438708,0.00806116580140569,-500,0,0,0,0,0,0,0,-15.8102675340942,0.834370235565171,-1.0224688375564,0,0,0
135,-521.502377838786,-0.192940781662038,0.280646569936045,0.58081614784466,0.00658051004222601,0.0062574041001705,-521.625880571159,-0.228114908905955,0.277188055620459,0.582130226710578,0.0186964931060528,-0.00629005271348953,-500,0,0,0,0,0,0,0,-14.9612615287394,-1.41341949279337,0.0746291601080352,0,0,0
136,-520.929261664101,-0.187066901525216,0.287340418883445,0.565417145681461,0.005167250174576,0.00713857967595155,-520.945178075672,-0.215085727490491,0.359356442365574,0.561789161692166,0.0126564681312026,0.0129399342713603,-500,0,0,0,0,0,0,0,-14.2885600178731,-0.835475358139277,-2.01270631186718,0,0,0
137,-520.37136927931,-0.182317313900331,0.293857398507799,0.550367389605797,0.00433192576651677,0.00590346973831923,-520.370278150784,-0.047227378318618,0.278105196123523,0.558559487644635,-0.00396310973059549,-0.00157941546566292,-500,0,0,0,0,0,0,0,-15.1153924628956,0.490765729696785,-0.398268845680754,0,0,0
138,-519.828811144662,-0.177739925136281,0.300024905017726,0.534749614880899,0.00482285242272216,0.00643994215863852,-519.859176132266,-0.220593471935146,0.277605446889845,0.542853647552272,0.0029745507628766,0.00317032029223215,-500,0,0,0,0,0,0,0,-14.5670124906949,0.143731867582633,-0.872242923002905,0,0,0
139,-519.301634560604,-0.172845129792313,0.306477332034301,0.519604002118501,0.00496673902929005,0.00647304944820737,-519.271995446481,-0.212635575079792,0.226577481089002,0.522820468095654,0.00173817377283289,0.0112077856984695,-500,0,0,0,0,0,0,0,-13.7380559166027,0.251453772876295,-1.57393353202496,0,0,0
140,-518.789247801166,-0.167752591704391,0.31257584340182,0.50516952915835,0.00521833819667578,0.00573171161735375,-518.840372037313,-0.140669494019836,0.233409317180208,0.501174793428495,0.016150592421426,0.00637243055065932,-500,0,0,0,0,0,0,0,-12.4367352682235,-1.33372025410293,-1.10406168942635,0,0,0
141,-518.290615904498,-0.163201048099968,0.318085626262595,0.492094436825673,0.00388474979216298,0.00529483811941811,-518.372419626196,0.00754081836786655,0.262199927584951,0.491536999199632,0.0213080340924517,-0.016354137334606,-500,0,0,0,0,0,0,0,-12.4088606675714,-2.14588504598091,1.1110138782907,0,0,0
142,-517.804868968202,-0.160389174892881,0.324270756895239,0.479400827898038,0.00173899788636023,0.00708219528588294,-517.77074051664,-0.318357057500035,0.453057496136596,0.475013140585969,0.0108350975412654,0.00130107631593916,-500,0,0,0,0,0,0,0,-11.9598330253174,-0.446795639126468,-1.03622262386711,0,0,0
143,-517.331761444561,-0.158873511773786,0.331167843306996,0.466814417204549,0.00129232906524054,0.00671868547519272,-517.236458053586,-0.285087637115407,0.172003845692139,0.468737991537137,-0.0154565982421633,0.0114810736802849,-500,0,0,0,0,0,0,0,-12.4008830465425,2.11583509844715,-1.49211505941277,0,0,0
144,-516.871494047827,-0.156523199896827,0.337532054456963,0.453720380015522,0.00340829535628688,0.00601671762158162,-516.886940310152,-0.0144518359737651,0.323607494465062,0.460010608317399,-0.0060354095018408,0.0137665382622008,-500,0,0,0,0,0,0,0,-12.2271802114352,0.63244462213161,-2.02386881515021,0,0,0
145,-516.424278047477,-0.152798618265311,0.342938806755461,0.440711337353788,0.00404086893835993,0.0048037212445281,-516.473257247167,-0.252531541731607,0.392413965250339,0.427917796235307,-0.00500545543594992,0.0141141738556379,-500,0,0,0,0,0,0,0,-9.84526512919734,1.00560862705821,-2.19624531606447,0,0,0
146,-515.988910979843,-0.148254893692345,0.346874051607012,0.430022221542622,0.00504658099699654,0.00307241924830215,-516.166151523302,-0.205445275859705,0.503315240228462,0.4350389488991,-0.0009868406971753,-0.00835570226575239,-500,0,0,0,0,0,0,0,-11.1715918433055,0.50957462143694,-0.171060253881686,0,0,0
147,-515.564722634141,-0.142953466245406,0.350202687279351,0.41835512632894,0.00555627464123293,0.00359103746811573,-515.618050387744,-0.0118468624862201,0.379969433612569,0.430859254133231,0.00714023978604804,-0.0220577261207242,-500,0,0,0,0,0,0,0,-11.8498246378344,-0.690330253632364,1.44583374484729,0,0,0
148,-515.152400229525,-0.137742293499929,0.354921873097915,0.40629129185489,0.00486607180352107,0.00585373503904174,-515.166155517565,-0.0222200151355127,0.422845619743413,0.405350453452726,-0.00579822709045971,0.00863787024418646,-500,0,0,0,0,0,0,0,-10.2027343101417,0.624262739316997,-1.70947826390547,0,0,0
149,-514.751587234634,-0.132564036970409,0.36023026317777,0.395334458222958,0.00549044213382287,0.00476883501938519,-514.826300633483,-0.118644446699733,0.170975410188897,0.389025453236224,0.0194006082836198,0.0276243474298585,-500,0,0,0,0,0,0,0,-9.24994405665589,-1.70277193496252,-3.10438556336365,0,0,0
150,-514.361378922728,-0.127924932959239,0.363703737774823,0.385081095107868,0.00378776662858346,0.00218351148427154,-514.207226200629,-0.0248666972068989,0.361693186425491,0.3800896651588,-0.00648904217639654,0.0115490968878343,-500,0,0,0,0,0,0,0,-9.59451411462252,0.698637612053452,-1.87829606163441,0,0,0
151,-513.981493654896,-0.123787797463587,0.365241390623476,0.374689079437788,0.00448650522339558,0.0008972643347126,-513.941159688676,-0.0168545963369321,0.310641733399828,0.362637930446888,0.00709037586984902,0.0106954651174125,-500,0,0,0,0,0,0,0,-8.38147366733735,-0.675328394311038,-1.69082997854091,0,0,0
152,-513.611387851785,-0.119638912719448,0.365498696531959,0.365522166629434,0.00381126501171723,-0.000377859502224243,-513.580816658648,-0.175941244820285,0.509248988517219,0.368817987787986,0.00250373179035737,0.000438724132229898,-500,0,0,0,0,0,0,0,-9.72016546150191,0.101509310604834,-1.06237039025743,0,0,0
153,-513.251055905025,-0.115776842017238,0.364919140382218,0.355141842490226,0.00391287722853903,-0.000775801385253794,-513.157607782671,0.013087068601242,0.424810016218674,0.364745889743263,-0.000123183619289917,0.00435639276447884,-500,0,0,0,0,0,0,0,-10.1593734089838,-0.0138557752734924,-1.28525930888523,0,0,0
154,-512.901339407354,-0.111870839396199,0.363885944611869,0.344291202970139,0.00389912888305563,-0.00128487760815088,-513.016881675595,0.0814568647930877,0.252252882608536,0.340082347243778,0.0267989721019783,0.00184879336296661,-500,0,0,0,0,0,0,0,-7.97447137318836,-2.842810939784,-0.689385101513732,0,0,0
155,-512.56134589371,-0.109393074155876,0.362465401856895,0.335696001287738,0.00105640250212096,-0.00155174060181962,-512.585106643182,-0.228140157798882,0.330580971676468,0.331130047828278,0.00113825092555536,-0.000327602261485591,-500,0,0,0,0,0,0,0,-7.942791496464,0.342455223042228,-0.628401717204376,0,0,0
156,-512.229926121424,-0.108165402403331,0.360818670053947,0.327143760304352,0.00139894198771725,-0.00173728042277821,-512.045835164482,-0.036196583521044,0.416448408821333,0.301646675796093,0.0045476193448625,0.0154333679453994,-500,0,0,0,0,0,0,0,-6.07299725064599,-0.382368767444162,-2.3762336121826,0,0,0
157,-511.906290436307,-0.106957613637857,0.357975662524391,0.320126714180127,0.00101663629023967,-0.00394513652736206,-511.828996222839,0.0857849334472172,0.357366485489348,0.32702469657788,-0.00346162108192473,-0.00503514578767888,-500,0,0,0,0,0,0,0,-9.04447721210941,0.174592241298039,-0.211218392210809,0,0,0
158,-511.590946343853,-0.10585363357883,0.354262845159112,0.310562038831374,0.00119132484514651,-0.00347550534406271,-511.567342272139,-0.160638222983056,0.116732625462568,0.308519334100823,-0.000838305966350536,-0.0122193857951122,-500,0,0,0,0,0,0,0,-7.71724886580499,0.405107042601167,0.988473328586086,0,0,0
159,-511.284405808563,-0.104459714124646,0.351507398330398,0.302520129120827,0.0015965149027959,-0.0020312312885461,-511.437214872697,-0.118938666457,0.425651827543297,0.291326434655016,0.00252460466745437,0.014368304744509,-500,0,0,0,0,0,0,0,-6.25821372010658,-0.0145831338314368,-2.28813412953749,0,0,0
160,-510.985478120216,-0.102870458604634,0.348466577601543,0.295334445069719,0.00158199687382632,-0.00404672452491517,-510.92208890762,-0.0849732781371419,0.391486837201095,0.292202077802789,0.00171985814359172,-0.000670437012380432,-500,0,0,0,0,0,0,0,-7.3760299650396,-0.00203925808488786,-0.715929973164147,0,0,0
161,-510.694147372765,-0.101289442745361,0.344294917211116,0.287327212211095,0.0015800357702892,-0.00429246828864971,-510.707958501479,-0.129256646523131,0.551279804782392,0.293867826531586,0.0166380234875956,-0.0143053306965981,-500,0,0,0,0,0,0,0,-7.9708656502001,-1.4052890557133,0.32797346009503,0,0,0
162,-510.411021730577,-0.100412009274643,0.340456954288577,0.278924865428634,0.000174831962446613,-0.00337911019185055,-510.379600713305,-0.100642352106825,0.376250489066674,0.284959084098537,-0.0220402011436305,0.00680034740624797,-500,0,0,0,0,0,0,0,-7.73670698324411,2.4053048185767,-1.43253571875814,0,0,0
163,-510.136340663353,-0.0990344846883508,0.336658494130305,0.270437101435814,0.00258021826797476,-0.00421341657420693,-510.154415318985,-0.131372826392639,0.216134916077709,0.273650534428563,-0.0109232635585971,-0.00479894865115071,-500,0,0,0,0,0,0,0,-7.05622280488694,1.35507200864499,0.047625032959653,0,0,0
164,-509.869678213706,-0.0957766931177354,0.332704421012019,0.262888367292413,0.0039353655746332,-0.00369085917318324,-509.968481145861,0.03806920577122,0.459329536171803,0.261342176951409,0.0260399308915672,-0.0117213265918227,-500,0,0,0,0,0,0,0,-6.19725540341884,-2.68013150069916,0.253473586838659,0,0,0
165,-509.61012172179,-0.0931813604006438,0.329306823585526,0.256225220222828,0.00125530035279263,-0.00310094385622128,-509.519957178362,0.0377728984697349,0.500765605030476,0.276234606882645,0.00987410129101824,-0.0118691799359426,-500,0,0,0,0,0,0,0,-8.58354633153981,-1.06295592604129,0.185386783533311,0,0,0
166,-509.358405453642,-0.0924574926185865,0.32669625344835,0.247208130515865,0.000192436102922787,-0.00211552191345654,-509.454345688995,-0.0739628949374966,0.294922332792825,0.247151815873303,0.0107476933331786,-0.00146248029819766,-500,0,0,0,0,0,0,0,-5.8064902093409,-0.926843543442868,-0.443596635765883,0,0,0
167,-509.114397906658,-0.0927284478932884,0.324518112292274,0.240807168457124,-0.000734345829601332,-0.00223751743888467,-509.242727829683,-0.252706647669194,0.212460132610133,0.246832357291065,0.00659979718695096,-0.00243405151593062,-500,0,0,0,0,0,0,0,-6.19778006974093,-0.154566423356708,-0.181515113627203,0,0,0
168,-508.876958407195,-0.0935400444300452,0.322392991814938,0.234072223016739,-0.000888846277929963,-0.00200930187077553,-508.96518659247,-0.00463042598426357,0.296984311616868,0.233239721765433,-0.00823439127140052,-0.00393053273364127,-500,0,0,0,0,0,0,0,-5.39359899160252,0.83269997910858,-0.200915349869608,0,0,0
169,-508.645859562386,-0.0940125125156725,0.32042124952524,0.228125773864737,-5.60889165602809E-05,-0.00193119211512416,-508.488263754895,-0.0446383984958217,0.334145826649855,0.225560859731296,0.00156540911099503,-0.0222521946762627,-500,0,0,0,0,0,0,0,-5.57955846334027,-0.0672641141078599,1.55692781432656,0,0,0
170,-508.420631414637,-0.0941022036343197,0.319417238839169,0.222331796440177,-0.000123292406343876,-7.39233671462891E-05,-508.401008445638,-0.0859119034909264,0.475250804807268,0.211682314001698,0.00558841417840698,0.00368045925242476,-500,0,0,0,0,0,0,0,-4.36621450889323,-0.387017610858845,-1.31854753485701,0,0,0
171,-508.20087110753,-0.0944189827086285,0.318752365047417,0.217188432218107,-0.000510264391538351,-0.00125327451557433,-508.000764888455,-0.0473161852695982,0.158537118135222,0.214732749343832,-0.0211133122218141,0.00479309902600033,-500,0,0,0,0,0,0,0,-5.47174515747367,2.2059635927206,-0.796384138870477,0,0,0
172,-507.986747964291,-0.0938262367983684,0.317277719043652,0.211057870520203,0.00169575698433825,-0.00169293105444368,-507.974930218192,-0.053312983546994,0.437302812594559,0.213089743071796,0.00980500417307467,0.0137506756394348,-500,0,0,0,0,0,0,0,-5.35911387079536,-0.873874450213479,-2.2496731891326,0,0,0
173,-507.778839762768,-0.0925673897108787,0.314648759094383,0.20475776662426,0.000821938077464737,-0.00356181326692795,-507.808068014381,0.0700620300955479,0.362490579230523,0.204261332452817,0.00407909233430171,-0.00410603052680877,-500,0,0,0,0,0,0,0,-4.80999721651882,-0.548033293621266,-0.314378105780168,0,0,0
174,-507.57677752847,-0.0920194430327159,0.31105676859677,0.199366920772451,0.000273955860928983,-0.00361948837591664,-507.645847759095,-0.100589946321364,0.238777919005345,0.201988615748967,-0.0106016769868973,0.000871760753820087,-500,0,0,0,0,0,0,0,-4.90716605670625,1.26134759133246,-0.564731913392699,0,0,0
175,-507.380177458881,-0.0911147878426702,0.307301787300821,0.193833319579835,0.00153535538181516,-0.00388771972078672,-507.121087131394,-0.218690429097016,0.338426035427473,0.179547924350038,-0.00205559879298563,-0.0123368483483063,-500,0,0,0,0,0,0,0,-3.71261817221673,0.642940737492595,0.55683276397568,0,0,0
176,-507.188415332377,-0.0892579425312047,0.303720076998267,0.189691511992985,0.00217833611352061,-0.00327370541176297,-507.252689640541,0.0351858464676923,0.437285803972384,0.189527391232829,0.0100743773745404,-0.0118938756233932,-500,0,0,0,0,0,0,0,-4.44735984220054,-1.07780943038942,0.314815954394555,0,0,0
177,-507.00117727008,-0.0876184879058139,0.300711907791821,0.184785144922583,0.00110057433885311,-0.00274022180086375,-507.137707968598,-0.190971631169416,0.337822972640419,0.196344979939413,0.00739872911437564,-0.0112625084988129,-500,0,0,0,0,0,0,0,-5.35908205674629,-0.357929649098732,0.450604904600452,0,0,0
178,-506.819277431875,-0.0866968501938402,0.298401071607943,0.179015238950999,0.000742702168217143,-0.00187857177899853,-506.877741077704,0.0791793463922695,0.185887191905937,0.172247971456289,-0.0158321741386933,0.000777147079251817,-500,0,0,0,0,0,0,0,-3.46931499022055,1.42485872108479,-0.449489091737055,0,0,0
179,-506.6423087012,-0.0852417009730998,0.296331752263527,0.174922252219114,0.00216759756889369,-0.0022581003070552,-506.562811038304,-0.0520406696713216,0.429133883204649,0.190204834360421,-0.00779111477363446,-0.0051983310202553,-500,0,0,0,0,0,0,0,-5.89486135943416,0.883192816706089,-0.338434664383768,0,0,0
180,-506.470610121433,-0.0826324759644474,0.294185402764172,0.168475264067009,0.00305085301425867,-0.00203135674883836,-506.365946659906,-0.0908097015547397,0.350658567093243,0.153565300182798,0.00515446542032245,0.00233480726148009,-500,0,0,0,0,0,0,0,-2.62463669846693,-0.333827138922765,-0.934797860334496,0,0,0
181,-506.303815501649,-0.0797485233148051,0.291655144721646,0.165113667040534,0.00271705319389592,-0.00302758870906372,-506.295482099481,0.0718354470246045,0.388744177478357,0.16296060857257,0.0247398555063679,-0.0134336049599414,-500,0,0,0,0,0,0,0,-3.70509665829452,-2.617656444686,0.56587214103743,0,0,0
182,-506.14076109129,-0.0783402787951764,0.288977285369871,0.160995765048853,9.94366730506522E-05,-0.00232615109066714,-506.096326961096,-0.110437014943587,0.382977178587494,0.151857029546147,0.00131097687884518,-0.0075368709309585,-500,0,0,0,0,0,0,0,-2.99304903242225,0.0897763420026556,-0.012267264079138,0,0,0
183,-505.981532763783,-0.0781959383537813,0.286651496220693,0.157461119770415,0.000189244930727215,-0.00232376650032606,-505.91563745746,-0.200031999948667,0.383708364611288,0.150037432826114,-0.00422480907492932,-0.0341142366258214,-500,0,0,0,0,0,0,0,-3.17246836769095,0.822544907390266,2.64400693335956,0,0,0
184,-505.825655336256,-0.0775954036144684,0.285651587081485,0.15429539725972,0.00101182556423074,0.000325403663264723,-505.678559780715,-0.207239399368849,0.267859791855129,0.150136688740127,0.00373857616698542,-0.0133532208793022,-500,0,0,0,0,0,0,0,-3.65654931258348,0.0406211820391564,0.799602504219959,0,0,0
185,-505.673364608363,-0.0765632480839146,0.286452227467656,0.150286799106498,0.00105248632116857,0.00127779404528217,-505.798982239016,0.0372603308521851,0.317017999353094,0.16315497868739,0.00305095416254296,-0.00347473104155815,-500,0,0,0,0,0,0,0,-4.71753339070669,-0.379616077958666,-0.286562894550372,0,0,0
186,-505.525711277634,-0.0757005450471286,0.28778889873095,0.145020149599319,0.000672920353149055,0.00139814651660708,-505.588642681735,-0.115775564004296,0.177989312925181,0.135870784411911,-0.0140040205790812,-0.00183234916275549,-500,0,0,0,0,0,0,0,-2.40979307772046,1.63195318591671,-0.172743709574814,0,0,0
187,-505.382183086887,-0.0742116357363464,0.289070380827572,0.142036325809259,0.00230489911898445,0.00116617784365636,-505.323100105799,-0.0527228935683271,0.235241067695237,0.137225415219115,-0.00885629311187699,-0.0040196264656049,-500,0,0,0,0,0,0,0,-3.07634131031381,0.991075098324353,-0.0685194888299843,0,0,0
188,-505.241953561598,-0.0714111829862636,0.290244328487017,0.138422952536756,0.00329600697964588,0.00118341666277688,-505.273775720987,-0.0957864518699352,0.328277048396233,0.146850938836435,-0.00201488597514635,-0.00118298373561085,-500,0,0,0,0,0,0,0,-4.13754244167045,0.393061501254505,-0.538255723231381,0,0,0
189,-505.105904727569,-0.0679186237909345,0.291321973073429,0.13367481802348,0.00368911222484676,0.000974183580053301,-505.086456293086,-0.163905434496599,0.320371490222816,0.127437493348441,0.00476751279074371,5.07905708111815E-05,-500,0,0,0,0,0,0,0,-2.57083674867242,-0.148940410081174,-0.64582203752675,0,0,0
190,-504.973849195828,-0.064303968760222,0.291979995589573,0.13043611885414,0.00354019877356862,0.000343356412505269,-505.019773008928,-0.261066069711351,0.277204538831155,0.139569271215744,0.00681162654780599,0.00589053378034716,-500,0,0,0,0,0,0,0,-3.91738110371914,-0.159030515357897,-1.14346245569703,0,0,0
191,-504.845743394071,-0.060843265322631,0.291910781290755,0.125775252549002,0.00338120921941713,-0.000479522440543723,-504.939995925268,-0.00479240539965534,0.233536538707797,0.140704458319341,0.00820811488060132,-0.00334263609018052,-500,0,0,0,0,0,0,0,-4.19045398139818,-0.811226677260821,-0.132809468397542,0,0,0
192,-504.722325233161,-0.0578676475115016,0.291548271904538,0.121061407065693,0.00257002713948182,-0.000243206548089736,-504.8017035079,-0.102250693424932,0.414649667312217,0.117792041706857,0.0079351019197142,0.00495508445428272,-500,0,0,0,0,0,0,0,-2.17579715488604,-0.589008805121556,-1.32480778005271,0,0,0
193,-504.602763021988,-0.0555921140180358,0.290631643553176,0.118062497605786,0.00198104058862796,-0.00158868849663019,-504.77747019667,-0.116567412172285,0.348388905220192,0.114699862024689,-0.0104851913027039,-0.0174278220375115,-500,0,0,0,0,0,0,0,-1.91504580912788,1.28165395461496,1.04600439331076,0,0,0
194,-504.485819616532,-0.052970236215749,0.289503453283928,0.115825018574446,0.0032627157133894,-0.000666743229393307,-504.430711255739,-0.0369041547883934,0.41796486446153,0.105895037171488,0.00100002500998325,-0.00104848576671622,-500,0,0,0,0,0,0,0,-1.72808120567088,-0.0261941914215378,-0.731081152251439,0,0,0
195,-504.371211851763,-0.0497206092498958,0.288412253245787,0.11339026059388,0.00323653942940354,-0.00151459701735734,-504.313111212741,-0.108288180895939,0.279180672690024,0.103405098229601,0.0066096473420164,-0.0106797325314433,-500,0,0,0,0,0,0,0,-1.714287397478,-0.444388372409761,0.509611907764278,0,0,0
196,-504.258898474359,-0.0467062549571202,0.287080491608141,0.111236897540505,0.00279216970429268,-0.00114802406310299,-504.315268179852,0.0379164069639202,0.296343115557684,0.126152171780931,0.00777513585718058,-0.00851517457795735,-500,0,0,0,0,0,0,0,-3.98468081838977,-0.853346399645899,0.258831226680368,0,0,0
197,-504.149872519738,-0.0443407374068931,0.28624274926809,0.106815551997719,0.0019388659854176,-0.000525333243940995,-504.121955225354,-0.00298242659205577,0.219798588469443,0.104883419606495,0.00557437553766047,0.00843728781250148,-500,0,0,0,0,0,0,0,-2.24443150994101,-0.551472700581935,-1.28332595818903,0,0,0
198,-504.044585899236,-0.0426775968087739,0.285091336553231,0.103757217317165,0.00138741630702978,-0.00177610157915897,-503.837059773316,-0.257816969284917,0.412082028462995,0.112450884601212,-0.00271230135909157,-0.0129720722425729,-500,0,0,0,0,0,0,0,-3.57096891348965,0.786864074478991,0.473043167331297,0,0,0
199,-503.942813050217,-0.040896729698454,0.28369581642441,0.0997890927272048,0.00217431880635496,-0.00101305992308964,-503.924817462718,-0.169975040586316,0.273147179357549,0.10288895578385,0.00435910906296374,-0.00835052324681148,-500,0,0,0,0,0,0,0,-2.43926065294916,-0.095960825123742,0.28875796596605,0,0,0
200,-503.84447495784,-0.0387703785483579,0.28285414254898,0.0968874767291041,0.00207838420429609,-0.000668982520759198,-503.77716896438,0.0856164833381044,0.1871000810857,0.0980657870696879,-0.00233134733554916,-0.00783864127459066,-500,0,0,0,0,0,0,0,-2.25224077820926,0.0619017668787076,0.409663965287667,0,0,0
201,-503.748932732456,-0.0366610317255333,0.282398655853238,0.0941974022128804,0.0021403102823975,-0.000240801106419886,-503.802723271103,-0.0468573667546402,0.199442301149877,0.0899425672129954,0.00570026167085313,-0.0110133370166235,-500,0,0,0,0,0,0,0,-1.38881017909435,-0.476311433576033,0.702449099362597,0,0,0
202,-503.655625811341,-0.0347588698098932,0.282421382047728,0.0924169208835242,0.00166401415865717,0.000286955989926674,-503.489533152332,0.0138786400746425,0.219402448359736,0.0916954724143005,0.00327885356529153,0.00685955666238429,-500,0,0,0,0,0,0,0,-2.19048093676639,-0.355642636678438,-1.1247605629579,0,0,0
203,-503.564693215076,-0.033272666248776,0.282173358259437,0.0894478935153588,0.00130839408296096,-0.0007816641291577,-503.590252943987,0.00136995620038641,0.209659676778526,0.0712658672640838,0.00377704974364296,0.0099549360575453,-500,0,0,0,0,0,0,0,0.0539191615646475,-0.380444886765069,-1.41481295931158,0,0,0
204,-503.47566999789,-0.032154495871768,0.280466893395916,0.0885977435335433,0.000927947607939282,-0.00263106531719215,-503.535885030206,0.0233889784310655,0.280751525931586,0.0791434695502626,0.00223393540593238,-0.021711550122821,-500,0,0,0,0,0,0,0,-0.842576894613512,-0.270171497455369,1.60965196041893,0,0,0
205,-503.387594079002,-0.0313616293949943,0.278486048390883,0.0875549888869895,0.000657786248582751,-0.00133032077006301,-503.270056335658,-0.19891805934666,0.285520358946996,0.105407267354405,-0.0045676427549242,-0.00388022927333719,-500,0,0,0,0,0,0,0,-4.00061406412529,0.854600394185739,-0.183017790560273,0,0,0
206,-503.302299559385,-0.0302765220758526,0.277292583367591,0.0830343923252778,0.00151242918144749,-0.00105444117745146,-503.344132122447,0.00537851823431777,0.113427740241454,0.0807312054256749,-0.00637096465385986,-0.00423439176936636,-500,0,0,0,0,0,0,0,-1.38485629767421,0.626339428917351,0.196583696453728,0,0,0
207,-503.220207921356,-0.02845091619188,0.276267881511295,0.0811491089276285,0.00213878352589063,-0.000994207492778343,-503.181262596631,0.142741731458094,0.199003850609068,0.0893686166645487,-0.00546273104008534,-0.00232668006336997,-500,0,0,0,0,0,0,0,-2.57433647319326,0.260789641092346,-0.165339694881138,0,0,0
208,-503.14062127692,-0.0261817246357725,0.275265860075665,0.0780243638703549,0.00239960050645896,-0.00100841647166583,-503.346713680471,-0.190131258567729,0.425165576509956,0.075168847044628,-0.00149270227066111,-0.0302666279676976,-500,0,0,0,0,0,0,0,-0.823457343520804,0.529532744201569,2.17633164374985,0,0,0
209,-503.063037311875,-0.0235173527815121,0.275191686612525,0.0771447587210988,0.00292914359397201,0.000860285946711503,-503.193514345541,0.0679876989784642,0.217544466815103,0.060841250813405,0.00907049149691107,-0.00109627666009781,-500,0,0,0,0,0,0,0,0.30290360974165,-1.04302454764804,-0.325461267620425,0,0,0
210,-502.986070808217,-0.0211097236443396,0.275639627353098,0.0767879981276519,0.00188611558006123,3.55341424999045E-05,-503.143214943173,-0.0919681848824632,0.315511893076074,0.0765118119619832,0.00748678711541367,-0.000357526355934839,-500,0,0,0,0,0,0,0,-1.3647513098523,-0.56474234177644,-0.595271150558665,0,0,0
211,-502.910304168901,-0.019505972438237,0.275325149705385,0.0747450964440524,0.00132138736937245,-0.000663649556260193,-502.943257764383,-0.0370481538613726,0.332646384008291,0.0813979763431855,0.00913777368891389,-0.000945892255853384,-500,0,0,0,0,0,0,0,-2.25328210555286,-0.839681061168644,-0.570703542431244,0,0,0
212,-502.83701011266,-0.018604414281957,0.274429637537314,0.0718429584341764,0.000481729932841796,-0.00112607501276341,-502.678513895006,0.112773747635752,0.276195379299526,0.0784231260601196,0.00781055928583662,0.00918720201441732,-500,0,0,0,0,0,0,0,-2.48528481600017,-1.00660342385517,-1.47111096004078,0,0,0
213,-502.766836672434,-0.0186259738401653,0.272665131541483,0.0685034289789299,-0.000524848040772582,-0.00240140346144968,-502.6771677439,0.0556388382022719,0.296020816926413,0.082008530612957,-0.0161879221057604,-0.00886506095270286,-500,0,0,0,0,0,0,0,-2.84651757349596,1.5075145341715,0.294464461417461,0,0,0
214,-502.699971901832,-0.018397049637462,0.270530385770442,0.0652265851653556,0.000982697060984887,-0.00186659216034379,-502.683951679011,-0.0635866549906964,0.379376782036259,0.0585016693264769,0.00365387716055958,-0.0202943886974729,-500,0,0,0,0,0,0,0,-0.48226357462662,-0.238214406074565,1.27068530567477,0,0,0
215,-502.635118533161,-0.0175334571543962,0.269129635358385,0.0644808370434576,0.000744488709423168,-0.000934763838847052,-502.682497093638,-0.149298921086688,0.117829792115882,0.0728967173988821,-0.0146502475847728,-0.0122094245548854,-500,0,0,0,0,0,0,0,-1.92467755261254,1.76362260065066,0.985282871256774,0,0,0
216,-502.571743311732,-0.0159071473972637,0.268693840020242,0.0622703234106808,0.00250813254176588,6.41005567076913E-05,-502.674881120013,0.189043935277712,0.374732512413003,0.0642371229832264,-0.00361860351330529,0.002522830642911,-500,0,0,0,0,0,0,0,-1.07395005829693,-0.016227519224896,-1.00174808911711,0,0,0
217,-502.510400401252,-0.0134071239829026,0.268193386168262,0.0604150810960148,0.00249191575470593,-0.00106427107570684,-502.596164524145,-0.0197290672492158,0.225868566719683,0.0569526919359281,0.00156084923326331,0.0203203878797225,-500,0,0,0,0,0,0,0,-0.502940145302539,-0.116626788827899,-2.48377592141162,0,0,0
218,-502.450814348027,-0.0109735206702521,0.265778939244576,0.0587557684393461,0.00237529255067894,-0.00376399394820792,-502.404934130855,-0.0596668378708878,0.172560822234915,0.0376657983240613,0.0102820872970598,-0.00758345643479217,-500,0,0,0,0,0,1,0,1.04328842930409,-0.908875053964209,0.413223999009387,0,0,0
219,-502.391792408453,-0.0090526714284892,0.261886557152295,0.0592881596430599,0.00146640666293747,-0.00402130811526946,-502.32912168629,-0.027623270811843,0.244054500358756,0.0531143417571408,0.00124060299100058,0.00127635538870204,-500,0,0,0,0,0,1,0,-0.653190803133695,-0.0688137574763714,-0.615744539587716,0,0,0
220,-502.33318536466,-0.00762066889540694,0.257441016928688,0.0579256618160388,0.00139759942847103,-0.00486929855632168,-502.457280660883,0.142551677787464,0.137243262542386,0.0491283263175197,0.0134793197521217,-0.0120984038057665,-500,0,0,0,0,0,1,0,0.00172869001445797,-1.63303533078709,0.93535385549188,0,0,0
221,-502.275435721641,-0.00703958745924761,0.252821790924461,0.0575740761723986,-0.000235435245764232,-0.00436921867341544,-502.287857735796,-0.358871810705158,0.404204164622514,0.0770577668559938,-0.00553272433144389,0.00286373529843412,-500,0,0,0,0,0,1,0,-3.13006121400813,1.27101605455471,-1.09478185908844,0,0,0
222,-502.219802378859,-0.00663949943628457,0.248099670234749,0.0536924204033318,0.00103561340898034,-0.00507321079084166,-502.10060756665,0.177421599013775,0.317710237546583,0.0602801646362582,0.0192533215222275,-0.00526211466521353,-500,0,0,0,0,0,1,0,-1.82680133032636,-2.2801753502503,-0.109209008571813,0,0,0
223,-502.167298846477,-0.0067439642785861,0.242997295873792,0.051314797902076,-0.00124454253174087,-0.00513052442515605,-502.021056373823,-0.0226882443321764,0.273403913316121,0.0449240317743968,-0.00297893335722672,-0.0143180153341996,-500,0,0,0,0,0,1,0,-0.450290429794362,0.343269824387025,0.884993706787718,0,0,0
224,-502.116383132629,-0.00781686938795818,0.238153313113254,0.0505171176627728,-0.000901267273249088,-0.00455726823504332,-502.171699519315,0.0580254674747473,0.182820597615089,0.054785711708763,-0.0172208034469185,0.00320124627039724,-500,0,0,0,0,0,1,0,-1.13517213224667,1.60602940974235,-0.685765822269902,0,0,0
225,-502.066789335435,-0.00791511650845774,0.233206550150407,0.04867024669769,0.000704773751412098,-0.00533552672793347,-502.056295580128,0.0377487940062025,0.284248962467779,0.0329745866574173,-0.00351415560193609,0.0024816653339681,-500,0,0,0,0,0,1,0,0.815132494515054,0.275917972181204,-0.816664458332368,0,0,0
226,-502.018114607973,-0.00707238945015958,0.227178608500922,0.0486786565266193,0.000980682445176084,-0.00672061216050868,-502.103178667287,0.0747193419855182,0.123220326155786,0.0401981735418719,-0.004026707820198,-0.000545279760141522,-500,0,0,0,0,0,1,0,0.186539980387515,0.253232098048764,-0.191912676297419,0,0,0
227,-501.969659785674,-0.00596509245151897,0.220145590179234,0.0482308389480149,0.00123391241306469,-0.00734544090646283,-501.979110757263,0.0936821971899321,0.170517589244483,0.0630774438582201,0.00825835592674384,-0.00778212642153244,-500,0,0,0,0,0,1,0,-2.34952287129564,-1.01319998705425,0.437177463664277,0,0,0
228,-501.922802412774,-0.00523776755531492,0.213109176989625,0.0454844174909485,0.000220737801870502,-0.00672618009403714,-501.816187847465,-0.0589327286989893,0.107578386321232,0.0439558732380053,-0.00100982201493563,-0.00172863416845833,-500,0,0,0,0,0,1,0,-0.763211628871518,0.218847658891542,-0.042293355796632,0,0,0
229,-501.877982305644,-0.00490760238471275,0.206264535071274,0.0441558532029013,0.000439593567554524,-0.00696265060361567,-501.906290713678,0.0983839424761242,0.230680253389685,0.0242920360783673,0.00951196889168089,-0.0203734053216581,-500,0,0,0,0,0,1,0,1.38337781951973,-1.14796477412034,1.57598002538644,0,0,0
230,-501.833248054061,-0.00504199840943433,0.199697374502271,0.0453132510280137,-0.000708384834791946,-0.00617253485698444,-501.874031206185,-0.128354356585349,0.227519694949872,0.0454616207850753,-0.00559660025416413,-0.00307272731137797,-500,0,0,0,0,0,1,0,-0.798099666137741,0.816368738587111,-0.147766658761946,0,0,0
231,-501.788627900951,-0.00534219523878427,0.193359860283722,0.0439270635529441,0.000107992314465532,-0.00650200787562472,-501.809274120238,0.0270655902375155,0.203927797262013,0.0670189352192783,0.00210578838700254,-0.00499714538063394,-500,0,0,0,0,0,1,0,-3.08334528145217,-0.264710019175285,0.0918589435393681,0,0,0
232,-501.746468623409,-0.00536654213855262,0.187100468763084,0.04039193122846,-0.000156684756016553,-0.00601515361450466,-501.831131415562,-0.0518876459567789,0.114605943013554,0.047374640246138,0.0102503652235552,0.00616380404971256,-500,0,0,0,0,0,1,0,-1.07520119348884,-0.921261230441959,-0.845592290998364,0,0,0
233,-501.706991841695,-0.00598385227954326,0.180623489235459,0.0385613246737842,-0.00107793512220069,-0.00693808368659499,-501.656350583242,-0.0681675356900509,0.173441880600074,0.023103512154019,-0.000697478523071442,-0.00892574723653622,-500,0,0,0,0,0,1,0,1.00234995108151,0.206082923687246,0.545690962453474,0,0,0
234,-501.668164309131,-0.00695875136751648,0.173632189739284,0.0390938646193034,-0.000871862498297234,-0.00704504513659199,-501.605646708688,-0.0348477324730923,0.0923801892869127,0.0325870087028432,0.0158300012646333,-0.00697135502871249,-500,0,0,0,0,0,1,0,-0.0474074529092916,-1.51330466151714,0.512375124297424,0,0,0
235,-501.629315393807,-0.00858726627331314,0.166651186592633,0.0386042157912445,-0.00238516628600335,-0.0069169475936266,-501.454910297011,0.0723330581791258,0.142885992037885,0.0444031390048872,0.00384764922617655,-0.0156217912915955,-500,0,0,0,0,0,1,0,-1.53049330646707,-0.529431038975906,1.27640714508378,0,0,0
236,-501.591573189746,-0.0112371401450253,0.160358786931505,0.0368810336183464,-0.00291458008413803,-0.00566718631375029,-501.616129899017,0.0613104550293542,0.204999659496487,0.0322826671871891,-0.0184503202275574,-0.00809795528595781,-500,0,0,0,0,0,1,0,0.00399307931585113,1.72241111269703,0.399796209602807,0,0,0
237,-501.554924176872,-0.0132905150123386,0.15469598458189,0.0364171773305779,-0.00119216872885801,-0.00565841760146535,-501.431403216943,0.151266956354289,0.0628527010075133,0.0490188918520746,0.00641846438969211,0.00378893396257802,-500,0,0,0,0,0,1,0,-2.03908275132076,-0.944380351677789,-0.504598798272829,0,0,0
238,-501.519842483541,-0.0149548640512322,0.148871081351676,0.033746214267729,-0.00213652769424358,-0.0059902255782438,-501.450786802931,-0.0842798591628442,0.134889030769966,0.0499190986440829,-0.0118134054333407,-0.0275419659985344,-500,0,0,0,0,0,1,0,-2.09033625854659,1.34990026165975,2.48441853831351,0,0,0
239,-501.487066144702,-0.0164164300276037,0.144167189525726,0.0318079989197077,-0.000786603356482417,-0.00341677980224497,-501.262234869942,-0.0595555621457009,0.161193074541104,0.0368108780712446,-0.00974561707920271,-0.0139229848876569,-500,0,0,0,0,0,1,0,-1.15661806723954,1.09367283221167,1.06991233968348,0,0,0
240,-501.455958320503,-0.016656190822521,0.141234160438175,0.030408336249939,0.000307082579318492,-0.00244878682316196,-501.410416764649,-0.0747683172001062,0.0143103457686234,0.0248336739649556,0.0084624514080807,-0.00266385739218656,-500,0,0,0,0,0,1,0,0.337466132802728,-0.696708506407857,0.23776504768141,0,0,0
241,-501.425636915591,-0.0166974645417802,0.138672581888892,0.0302345325421063,-0.000389629354438423,-0.00267451918960848,-501.427808569706,0.122300978110904,0.219917547564173,0.0178663058069017,-0.00431597562004775,-0.00452037429805113,-500,0,0,0,0,0,1,0,1.06898655872212,0.186995605782966,0.0122023346767667,0,0,0
242,-501.395166171738,-0.0169936020759826,0.135679405922955,0.0307067969266135,-0.000202645136503693,-0.00331232310981455,-501.329270024462,0.0922726052376441,0.172451441135635,0.023683502019918,-0.00045367232811929,-0.00366412462069383,-500,0,0,0,0,0,1,0,0.290189846932664,-0.139177977663359,0.021509579798113,0,0,0
243,-501.364597857855,-0.0172658378681037,0.132154725702102,0.0304297855478789,-0.000341826191636401,-0.00373713229370598,-501.380442460884,0.00782156075687972,0.0432465397143495,0.0159646168849454,-0.00668636337343854,-0.01946204626124,-500,0,0,0,0,0,1,0,1.16442323327257,0.652993215830094,1.8597115466953,0,0,0
244,-501.333640641487,-0.0172811733278298,0.128974497062399,0.0314854109669146,0.000311155934520214,-0.00262412119432032,-501.489435198331,-0.00541072989194321,0.0818431527489814,0.0379867768278953,0.0155973260232932,8.16449972900163E-05,-500,0,0,0,0,0,1,0,-0.819807286127716,-1.54891114254543,-0.171850805226964,0,0,0
245,-501.302853025189,-0.0177444691520114,0.126191217519091,0.0300898342733031,-0.00123774658524256,-0.00294194285539995,-501.227908817252,0.113597992518791,0.351486508054708,0.021150068158668,0.00545927473229562,0.0117221919890634,-500,0,0,0,0,0,1,0,0.340810818636523,-0.773123458267144,-1.87519221501576,0,0,0
246,-501.273130385674,-0.0193687802530868,0.122115467694452,0.0293544327919145,-0.00201087502229675,-0.00520940928787272,-501.314155783715,-0.0567233944483713,0.284511847393403,0.0438639280819908,0.0137567581625201,-0.00726304417221955,-500,0,0,0,0,0,1,0,-1.75808124076846,-1.26222902735527,0.157280722435149,0,0,0
247,-501.244883211744,-0.0220107606941998,0.117033991132532,0.027140229447461,-0.00327308518848211,-0.00495261977273431,-501.205150239967,0.083518871445771,0.122046591316583,0.0462432898263126,-0.0289852826785118,-0.0143376524486614,-500,0,0,0,0,0,1,0,-2.21402850269795,2.73149052495964,1.18967206223298,0,0,0
248,-501.2189292431,-0.0239180888816446,0.11277066712468,0.0247686096671674,-0.000541570199587353,-0.00357302280765293,-501.243701414288,0.217905720530614,0.16311799710222,0.0410120373360936,0.00114776260423891,-0.00967519058343943,-500,0,0,0,0,0,1,0,-1.61380090503357,-0.55058770148512,0.641283064139504,0,0,0
249,-501.195129737247,-0.0247349448103525,0.109544627476506,0.0228309437691027,-0.00109214022991158,-0.0028782768766582,-501.252250062766,-0.12630006664588,0.211369696184181,0.000916379281137768,-0.00922955908023207,-0.00207215729994609,-500,0,0,0,0,0,1,0,2.41286219741901,1.17555604131497,-0.215523662373753,0,0,0
250,-501.17144567573,-0.0252393207219749,0.106055201741332,0.0245367147408656,8.33899226997856E-05,-0.00410170658718001,-501.233572699584,-0.306912259667064,0.100114430327757,0.0262734436448139,0.00474511594238958,-0.00422101270996706,-500,0,0,0,0,0,1,0,-0.16019896531432,0.13931292509517,0.221872410341192,0,0,0
251,-501.147235013806,-0.0250862738471622,0.101900959223232,0.0238847324041141,0.00022270471948663,-0.00420667254959439,-501.228093707817,-0.206739488059464,0.0583502809764801,0.0364633190154891,-0.00394234026939629,0.000205646040986062,-500,0,0,0,0,0,1,0,-1.19014448591415,0.807713003058557,-0.137265166051566,0,0,0
252,-501.124220439461,-0.0244597067867291,0.0976106540094283,0.0221445070526975,0.00103043031481029,-0.00437326284564021,-500.990389349578,-0.14837675326471,0.174539185702969,0.0357622199774639,0.00195278031306494,-0.00819814080286658,-500,0,0,0,0,0,1,0,-1.59544329859043,0.101475475222926,0.47073570888072,0,0,0
253,-501.103056938803,-0.0233785310767099,0.0935038293364293,0.0201829509664785,0.00113192314123167,-0.00383959573329296,-501.042666531504,-0.137121053244638,0.027884590458903,0.0153184461792168,0.0113344038469167,-0.00380959944862048,-500,0,0,0,0,0,1,0,0.553488445085373,-0.859198278202394,0.325190763944242,0,0,0
254,-501.082841111474,-0.0226762103049401,0.0895661928481583,0.0202487773714319,0.000272719196313145,-0.00403594697696985,-501.055008768166,0.0058250877003533,0.105698517774702,0.0195133967068304,-0.0135433116513002,-0.0125133429014364,-500,0,0,0,0,0,1,0,0.15867786564994,1.34268098972932,1.03993725459423,0,0,0
255,-501.062649773962,-0.0217321515645084,0.0858294974448531,0.0201343865742903,0.00161539923516612,-0.00343762169284323,-501.077046886095,0.0312680824536044,0.0740214723915587,0.0115147212187763,0.0165048390168594,0.00349869904723777,-500,0,0,0,0,0,1,0,1.00262165031178,-1.71302006659315,-0.497912849506894,0,0,0
256,-501.042380102071,-0.0209732683025388,0.0818346184667641,0.0204045512718862,-9.76318864940064E-05,-0.00455251393284783,-500.862207562511,-0.0113721030859177,0.171164871058037,0.0236361219248048,-0.00825867624024055,-0.00660178663073955,-500,0,0,0,0,0,1,0,-0.639197067458592,0.848611830195891,0.31784892095788,0,0,0
257,-501.022515759237,-0.0206465911005608,0.077344679248252,0.0193243773177506,0.000750986987129519,-0.00442703525345534,-500.898680720119,0.0697528686914577,0.109437038163095,0.0188428424856952,0.00138123088199843,-0.00687454614437061,-500,0,0,0,0,0,1,0,-0.0869228083315379,-0.277628825582759,0.46858053811087,0,0,0
258,-501.00344467553,-0.0200344188853131,0.0729761407348305,0.0188180305585787,0.000473359423743617,-0.00431000805581783,-501.185270832952,-0.046090596939381,-0.0584186708700519,0.0152028522590143,0.0047986614631211,-0.00550325147955829,-500,0,0,0,0,0,1,0,0.850256440002964,-0.387684952433348,0.667162489695932,0,0,0
259,-500.984401626695,-0.0197549064935516,0.0686881703325012,0.0192682680145426,8.56658766993903E-05,-0.0042663975529369,-501.08053637636,-0.0423419518897283,-0.0486469776867085,0.0243294586167873,-0.0137393864321532,-0.0154674168120483,-500,0,0,0,0,0,1,0,-0.271873108958412,1.45862254699477,1.64403563657825,0,0,0
260,-500.965308060785,-0.0189399279383869,0.0650693876539537,0.0189197160797724,0.00154429250231255,-0.00297121764485242,-500.961075684648,0.168054067635909,0.100426120834259,0.0278661926905791,0.0286285048041599,0.0109801452789021,-500,0,0,0,0,0,1,0,-0.864467899762486,-3.19895861568781,-1.29886676955873,0,0,0
261,-500.947261593573,-0.0189951109390362,0.0614184504558312,0.0171726885550793,-0.00165465782236451,-0.00432997838298077,-500.768086374173,-0.207939914000584,-0.239110216539483,0.0313665040855635,0.0047721211896447,-0.0107185989910712,-500,0,0,0,0,0,1,0,-1.60047766020959,-0.0613322909633031,1.55008033218609,0,0,0
262,-500.930911505598,-0.0206804263809107,0.0578811011553307,0.0155284893903834,-0.00171597193309611,-0.00274409603735659,-500.910876872311,-0.0914686286785192,-0.0545626743684916,0.023399262819804,-0.0147102041779588,-0.00784279622027384,-500,0,0,0,0,0,1,0,-0.518172537357585,1.65395767515292,0.893404970764367,0,0,0
263,-500.915777633861,-0.0215694170010552,0.0554624067063076,0.0147397686230484,-6.20080905058258E-05,-0.00209311056995554,-500.89639293089,0.00026519304497824,-0.112660477683307,0.0103539720624494,0.00874896645431226,0.00336195004276418,-500,0,0,0,0,0,1,0,0.757388655535486,-0.875427031521183,-0.110874048909805,0,0,0
264,-500.900963653912,-0.0220691432052394,0.0530315146051725,0.0148880169374209,-0.000937443280746658,-0.00276897786356356,-500.839899802438,-0.17779300706889,-0.134188792089482,0.0179098075342491,0.00875166690709691,-0.000159579748515761,-500,0,0,0,0,0,1,0,-0.111181148548066,-0.51958067657191,0.284335559030539,0,0,0
265,-500.886361143516,-0.0232663764194633,0.0502378964749053,0.0143171550767216,-0.0014570225706076,-0.00281818969495251,-500.852290464031,0.0307792382180415,0.00348583109569658,0.00261924130636956,-0.0167380610845875,-0.00108963416952681,-500,0,0,0,0,0,1,0,1.44265679742527,1.61224763202266,0.101991754761288,0,0,0
266,-500.871611391694,-0.023917283186506,0.0470839686184249,0.015182177483327,0.000155209748701656,-0.00349034171517071,-500.927268499421,-0.00111660412640288,0.181367751109343,0.0288858189489819,0.000733893435606203,0.00190894144623841,-500,0,0,0,0,0,1,0,-1.03404489605525,-0.0711561353078145,-0.553629646842526,0,0,0
267,-500.857277374093,-0.0237976466739045,0.0433003478050844,0.0134857321875904,8.4064248550054E-05,-0.00407624627447256,-500.907376008639,-0.0459973431724718,-0.0518781407387106,-0.00926169493005769,-0.0018321982483162,-0.0118297358202911,-500,0,0,0,0,0,1,0,2.74092151028412,0.275214511176563,1.28672986350653,0,0,0
268,-500.842566847105,-0.0235759896423317,0.0392653876162118,0.0159355418741342,0.000359250449156292,-0.00399516930178501,-500.581803468859,0.00599170143462299,0.0432170926059527,0.0249363664920617,-0.00344084649894601,-0.0153770321448147,-500,0,0,0,0,0,1,0,-1.33002971148875,0.332101247025355,1.45126902926956,0,0,0
269,-500.827329091602,-0.0230506812106792,0.0359786501180341,0.0145408821901428,0.000691366920281115,-0.0025778063543761,-500.818390755869,-0.0502098937448816,-0.0216976249350455,0.00617055904208464,-0.00453361383567213,-0.0017660312884126,-500,0,0,0,0,0,1,0,1.01972560752957,0.553781171056977,0.219998378711351,0,0,0
270,-500.812539627645,-0.0220824298184247,0.0331786154683382,0.0150379940561681,0.00124513736859688,-0.00302273974481171,-500.740797869195,-0.00370475601352406,-0.0376260545771306,0.0216974245249897,0.000165376649549688,-0.00639374292461123,-500,0,0,0,0,0,1,0,-0.688146714108107,-0.00912815292792068,0.714626401615384,0,0,0
271,-500.797997067144,-0.0208418531947566,0.0304190889944885,0.0140475780721892,0.00123601706787742,-0.00249602322417231,-500.689445976816,-0.1703423637654,-0.242261273924474,0.0110008155708435,0.0207379806310055,-0.00244129814630721,-500,0,0,0,0,0,1,0,0.278810396547966,-1.73311333556975,0.728652362479668,0,0,0
272,-500.783979442468,-0.0204723948093544,0.0280515843581675,0.0139879819901699,-0.000497098721403358,-0.002239176530486,-500.646711056337,-0.104650604633466,0.0738334671749002,0.0307391146916352,0.00393648871104939,-0.00237727512254551,-500,0,0,0,0,0,1,0,-1.7804893564891,-0.184347661838007,0.090060577904751,0,0,0
273,-500.771098494008,-0.0210616581884138,0.0259392968097996,0.0117742241879165,-0.000681427328737288,-0.00198447699209614,-500.794816970622,0.0602456803194421,0.0713520787168288,0.0354658073624433,0.00441696446751184,0.0227391928848407,-500,0,0,0,0,0,1,0,-1.95694679500105,-0.562187807390068,-2.41662344591773,0,0,0
274,-500.760885930929,-0.0220241705098148,0.0229135279348757,0.00865000501587602,-0.00124359600053381,-0.00406566842780742,-500.73717310409,-0.086451088572971,-0.0222498168039558,0.00686534209420378,0.00410022047427217,0.000398702116243489,-500,0,0,0,0,0,1,0,0.787811998758949,-0.237119870281275,0.00462942198356271,0,0,0
275,-500.752130088479,-0.0233863311636898,0.0185587565331133,0.00886155865522564,-0.00148072426432887,-0.00464420478893601,-500.891171921146,-0.148142353485661,-0.00520785118118736,0.0109933517405149,-0.00681579087109895,-0.00387873163937213,-500,0,0,0,0,0,1,0,0.683008668240504,0.977863794081216,0.398288866299587,0,0,0
276,-500.743154372839,-0.0243781273889286,0.0138279566244685,0.00908996140465122,-0.000502867468353772,-0.00481773365202343,-500.77506756374,-0.0705634297486848,0.1113504270228,-0.00632815919485072,0.00111010723001028,-0.00964812298415736,-500,0,0,0,0,0,1,0,2.18295104696549,0.0301161364963418,0.742111444370137,0,0,0
277,-500.733182944132,-0.0248659485751844,0.00886226628276121,0.0108529224968646,-0.000472774087281801,-0.00511477372198121,-500.763170905154,-0.0708351756216905,0.0628243710159277,0.0121393801274801,0.00718083522195611,-0.020519256822046,-500,0,0,0,0,0,1,0,0.312403797560389,-0.57641317095223,1.92627694017275,0,0,0
278,-500.722162899003,-0.0256269308723484,0.00444167775534649,0.0111880619721752,-0.00104918921224083,-0.00372679352718153,-500.690877223286,-0.0706453462635465,-0.0408931166998085,0.00604593868769673,-0.00866333230844214,-0.0235174470953215,-500,0,0,0,0,0,2,0,0.777160577803254,1.00762392337131,2.43353094293177,0,0,0
279,-500.710507055682,-0.0261723116918292,0.00157976398051156,0.0121246938470769,-4.15718335636802E-05,-0.00199773259690172,-500.717421987342,0.182236529030863,0.148823327494224,0.0171142212524394,0.000235750535976194,0.0177616069564542,-200,0,0,0,0,0,0,1,599.723421849441,-0.388048111659345,-2.07380735063387,0,0,0
280,-500.413115032867,-0.026411106511242,-0.0921849464018795,0.582565180010235,-0.000436017759596183,-0.185825209676996,-500.532599239598,0.178355104086317,-0.057789048019862,0.601184475864881,0.00719564942799858,-0.176814752362972,-200,0,0,0,0,0,0,1,540.946750892709,-1.07627515097249,17.7970533323369,0,0,0
281,-499.57055968012,-0.0273881406798199,-0.352281062204261,1.10246975491259,-0.00151804961242493,-0.334634282878315,-499.669527026474,-0.10232947104468,-0.495304746237693,1.09827373197581,-0.0177335249392593,-0.321753505445275,-200,0,0,0,0,0,0,1,489.511680855368,1.97801143601529,33.1659600370029,0,0,0
282,-498.230490314614,-0.0279197842997939,-0.746846459039961,1.5776083053144,0.000454764701585807,-0.454740508625611,-498.133922616687,-0.0342937754818565,-0.728699172978385,1.57361369252095,-0.0120998145604349,-0.474191646556518,-200,0,0,0,0,0,0,1,438.906475981279,1.2785690070072,48.8765630016086,0,0,0
283,-496.437164826497,-0.026828058652063,-1.24704968898309,2.00899717633316,0.00172868757007016,-0.545887234376144,-496.353014288064,-0.0311987095608144,-1.38296512342312,2.00793674707765,0.0126650800597752,-0.561657048145541,-200,0,0,0,0,0,0,1,391.912353868363,-1.20411058685589,58.9316350614003,0,0,0
284,-494.233418270308,-0.0257034954402035,-1.82708557763296,2.39846233359093,0.000520439264271885,-0.614384069708814,-494.129492137918,0.0411603196068398,-1.88142788236595,2.4372781215039,-0.00981543014714446,-0.627021800812085,-200,0,0,0,0,0,0,1,344.531172125445,0.899222375500766,66.4650358459404,0,0,0
285,-491.6616976351,-0.0247352588164677,-2.46535821444115,2.74495609592328,0.00141603465399775,-0.662338483467943,-491.554795010039,-0.0304580707943913,-2.51049874164294,2.74135405795461,0.00587032109622516,-0.655543728488623,-200,0,0,0,0,0,0,1,308.974184224618,-0.526115968033734,70.5753703321482,0,0,0
286,-488.759833334311,-0.0235839050369755,-3.14468580026496,3.05875694357238,0.000886673875164793,-0.696477008326994,-488.658557450364,0.00648145890306633,-3.19454691692263,3.07011508479993,-0.00736705140897129,-0.720223249681331,-200,0,0,0,0,0,0,1,270.305606420736,0.723742223090997,78.4114188019783,0,0,0
287,-485.561392891095,-0.0223367739879171,-3.84893253914404,3.33811800211536,0.0016075893193603,-0.712158961929987,-485.785612544327,0.0365483154665999,-3.85554773991756,3.33794580935364,0.0108769851206386,-0.712650345700399,-200,0,0,0,0,0,0,1,237.776644153291,-1.16079514299706,78.9761300498751,0,0,0
288,-482.098985515263,-0.0213108222577633,-4.56397894260111,3.58669595680877,0.000444314742271455,-0.718060404072701,-482.016805631224,0.117981158246195,-4.70363464469813,3.6003821944656,0.00628832844465862,-0.719731446899433,-200,0,0,0,0,0,0,1,203.995391815888,-0.864795160958251,81.3804139793395,0,0,0
289,-478.403682526798,-0.0212999642978614,-5.27891214213533,3.80391550644162,-0.000422597840870505,-0.711916353175201,-478.355007914219,0.035015959079828,-5.21688714357739,3.80327784352922,0.0164115932341977,-0.703020182889497,-200,0,0,0,0,0,0,1,176.382231475516,-1.71119124157943,80.7357925761045,0,0,0
290,-474.504362182395,-0.0225790699574766,-5.98403234614428,3.99473452234327,-0.00213561245719743,-0.69842077048832,-474.336789754381,0.000205339113987499,-5.92607278849252,3.99497741590501,0.00141987783674079,-0.700807474453881,-200,0,0,0,0,0,0,1,149.175837918261,-0.142398461902054,81.9328930223732,0,0,0
291,-470.426928055859,-0.0247866481127436,-6.67112262759339,4.16014778599348,-0.00227954327034422,-0.675843397700221,-470.480183186264,-0.0987958694301918,-6.64515964021359,4.14123406524196,0.00622108197925138,-0.671137299782615,-200,0,0,0,0,0,0,1,126.836959848332,-0.424516459064754,80.4040492586887,0,0,0
292,-466.194883746264,-0.0272790979613286,-7.3331067887223,4.30395753591274,-0.00270535491720298,-0.648197378457502,-466.098850887053,0.0545467277233185,-7.24328460860502,4.30722549433532,-0.0185418127550992,-0.641559208475556,-200,0,0,0,0,0,0,1,101.475152340573,1.74508782006329,78.6424900647657,0,0,0
293,-461.831293205389,-0.0291124221390294,-7.96450633737653,4.42324329582712,-0.000961293049515651,-0.614661553701128,-461.902521430567,-0.00486592624477802,-8.04257259794473,4.43640039811595,-0.00387776537341684,-0.613626803135336,-200,0,0,0,0,0,0,1,80.1650030495395,0.39750838983124,77.4478255094231,0,0,0
294,-457.358656367917,-0.0298753611100012,-8.55975181422911,4.5220528319566,-0.000564584187148853,-0.575878695703568,-457.321533169526,-0.0316916925861932,-8.43326451894046,4.53116617398524,-0.00292797500528351,-0.57266277099042,-200,0,0,0,0,0,0,1,61.5264489405283,0.356180885700737,74.1328061369229,0,0,0
295,-452.796507234401,-0.0302621568361248,-9.11498279134392,4.60226916174593,-0.000209006418129769,-0.534622997510114,-452.793674031902,0.0104342901383521,-8.85172872033917,4.60427268276273,0.00156457683663738,-0.538679160854504,-200,0,0,0,0,0,0,1,45.1600797875314,-0.177326263940442,71.5713735261287,0,0,0
296,-448.162236824444,-0.0305600418664847,-9.62769189536503,4.66629668244565,-0.000386763073562355,-0.49082662964792,-448.218828448293,-0.0505860832216489,-9.56380372507135,4.67022644211577,-0.00501321608697918,-0.489875282116981,-200,0,0,0,0,0,0,1,29.4150126850085,0.602493775141216,68.1151356618408,0,0,0
297,-443.471876732072,-0.0306456909869349,-10.0958282841405,4.71444931336414,0.000215465762680035,-0.445469425803358,-443.481995127721,0.0421856901532082,-10.1243805863221,4.69390782958196,0.0157480778340958,-0.447804086974348,-200,0,0,0,0,0,0,1,17.5732072972464,-1.65917916371599,65.029169870079,0,0,0
298,-438.739390162435,-0.0312598857124407,-10.5182469145471,4.75054999248699,-0.00144385425285501,-0.399384927707021,-438.78714988513,0.100889817093243,-10.5104733330222,4.76403591755636,-0.00781967317410805,-0.392664450803615,-200,0,0,0,0,0,0,1,1.17070801462376,0.580187683224318,60.2873917464059,0,0,0
299,-433.97925293006,-0.032413631074111,-10.8942489250349,4.76975095720293,-0.00086363587671534,-0.352627556182335,-433.918259680376,0.101010649920051,-10.9150369331626,4.76024539514382,0.00684141314638472,-0.366745367055346,-200,0,0,0,0,0,0,1,-8.18802015362917,-0.886162614478574,58.5046105718599,0,0,0
300,-429.204552822371,-0.0337202842220341,-11.2228584078769,4.77967636242224,-0.00174966926339069,-0.304595117091007,-429.129717823206,-0.0440536695017747,-11.1307558969523,4.78199957419147,0.0011592925193897,-0.316178373838678,-200,0,0,0,0,0,0,1,-19.9405217727339,-0.0278219129354204,53.8793491777724,0,0,0
301,-424.426154143841,-0.0354837392165922,-11.5037405726719,4.77714775580945,-0.0017772399132801,-0.257166571632368,-424.430437117398,-0.121478704031366,-11.4406213783973,4.76875422690512,-0.000273560565239052,-0.247968440608022,-200,0,0,0,0,0,0,1,-28.0145484557165,0.270313464586638,47.6780868175968,0,0,0
302,-419.655026745984,-0.0371256561700095,-11.7388144406221,4.76513212155855,-0.00150659351472783,-0.21297368850013,-419.569153030008,-0.0424572230969494,-11.7584845181599,4.77044022329534,0.0147231730208332,-0.216312752401776,-200,0,0,0,0,0,0,1,-37.9057162695183,-1.38740285588942,45.1482442764974,0,0,0
303,-414.900928226846,-0.0393257330526315,-11.9292651051929,4.7430903920601,-0.00289355974870841,-0.167915070913089,-414.940658202474,-0.0249492638852526,-11.9214516010705,4.74317955716512,-0.00425161134720795,-0.174668008791273,-200,0,0,0,0,0,0,1,-44.4366393115648,0.4750596624913,41.3097040812684,0,0,0
304,-410.172507271756,-0.0419815116020427,-12.0753718285078,4.7137762220519,-0.00241799656666576,-0.124282114569995,-410.244576307768,-0.0600676828715281,-12.1530720534448,4.72785309928326,-0.00120663164741038,-0.116407810153404,-200,0,0,0,0,0,0,1,-52.2961573127898,0.240798530484094,35.94692512223,0,0,0
305,-405.477916030495,-0.0442788174134549,-12.1790490556406,4.67542969730623,-0.00217661452435899,-0.0830515037316101,-405.478376049665,-0.146668988920466,-12.156561810877,4.67220948287972,-0.0017083369924759,-0.100501582592905,-200,0,0,0,0,0,0,1,-56.2641961886412,0.464171677088522,34.3632818810444,0,0,0
306,-400.823734896931,-0.0462230344260291,-12.2415321004766,4.63295591598051,-0.00171181815278349,-0.0418916665469495,-400.972759607106,-0.0782280388450551,-12.2314679198253,4.63463244984283,-0.000970374707767915,-0.0450521186726516,-200,0,0,0,0,0,0,1,-61.5177257700707,0.253493548466902,28.9681477069157,0,0,0
307,-396.215324177226,-0.0478077678664658,-12.2644725072988,4.58388718166765,-0.00145764774346553,-0.00396290291762741,-396.135226769508,-0.0370589304449971,-12.2110410945285,4.57924380161378,-0.00128581337461624,0.00790343246447493,-200,0,0,0,0,0,0,1,-65.6539266223608,0.202699198351618,23.6317389426096,0,0,0
308,-391.658748387796,-0.0491637081698453,-12.2512441631223,4.5292842236872,-0.00125423138649845,0.0304486163986022,-391.679966423666,0.156448441546547,-12.0835941648816,4.53677834786303,0.0106974782719792,0.0484569253238032,-200,0,0,0,0,0,0,1,-70.3179019389709,-1.38264471029101,19.3214957973828,0,0,0
309,-387.15962879774,-0.051108880591743,-12.2047816746103,4.46897353822645,-0.00263611228868333,0.0625082454458416,-387.213181599061,-0.332227724567685,-12.1803724979319,4.46577645699442,-0.00438451100606353,0.0435813620261053,-200,0,0,0,0,0,0,1,-72.1512825013196,1.10290654974172,20.0026087932532,0,0,0
310,-382.721516324282,-0.0531931476323168,-12.1255391200941,4.40727065783382,-0.00153242188563411,0.096009431021521,-382.868560641187,-0.0213128106619282,-12.0140150583193,4.40200988657342,0.0091486200238073,0.0929249542780739,-200,0,0,0,0,0,0,1,-74.4638673749677,-0.872236381056874,14.7355346888312,0,0,0
311,-378.347014107847,-0.0551612853543348,-12.0147979239025,4.34175094911099,-0.0024038535217126,0.125507423823075,-378.291247634185,0.0369396481909829,-12.0836396737786,4.34842903552177,0.0101676365544517,0.126928759077831,-200,0,0,0,0,0,0,1,-78.2604082838072,-1.09064295182713,11.4744034397741,0,0,0
312,-374.040312943406,-0.058110039110227,-11.8753608023575,4.27166768741691,-0.00349365357428687,0.153403550712998,-374.025188503503,-0.131565957503354,-12.1570065907161,4.27151909380389,0.00443052951802724,0.159296965251921,-200,0,0,0,0,0,0,1,-79.1015323733829,-0.179921036796017,8.38431665624,0,0,0
313,-369.804558444715,-0.061693228827475,-11.7092333400437,4.19985634651531,-0.00367272495434028,0.178888946128597,-369.869251506966,-0.098636214246375,-11.8146149835007,4.19533501105793,-0.0187785718127404,0.166758558434815,-200,0,0,0,0,0,0,1,-79.794998091861,2.07512960976679,6.95337412351994,0,0,0
314,-365.64113643335,-0.0643279613791602,-11.5180658943143,4.12700220490231,-0.00159673931275774,0.203484003840348,-365.56295439606,-0.0150159535092798,-11.6095104909217,4.11017877077254,-0.0161536734185477,0.186842818498024,-200,0,0,0,0,0,0,1,-79.8919682851343,1.64539924887333,4.53473913204108,0,0,0
315,-361.550976730075,-0.0651015734704999,-11.3033120882036,4.05333065795864,4.95152690904775E-05,0.226062043008049,-361.516477341111,-0.0931200123917006,-11.2682564736398,4.05539219662643,-0.00627504713544452,0.220001048154417,-200,0,0,0,0,0,0,1,-82.5062649804204,0.813744738327853,0.536408131837987,0,0,0
316,-357.536352225592,-0.0646447464340963,-11.0673071656114,3.97593041985678,0.000864140354661758,0.245988067731935,-357.517232163913,-0.0815993926891041,-10.9262598437901,3.96152990648923,0.00293391894214385,0.270962564192065,-200,0,0,0,0,0,0,1,-81.1185263210972,-0.130193108836177,-5.24373673162631,0,0,0
317,-353.599414659061,-0.0638452720219593,-10.8142100976546,3.89795388432175,0.000734808656614662,0.2602465808312,-353.623618687693,0.0963112402578277,-10.8095768469212,3.8975321538802,-0.00954660099870226,0.261056753662978,-200,0,0,0,0,0,0,1,-82.5059780126343,0.76203761935457,-4.48652167245536,0,0,0
318,-349.740950551471,-0.0627290068105528,-10.5461418754005,3.81898416105366,0.00149772302370653,0.275930829159698,-349.843650250959,-0.0536871457051704,-10.6316294328165,3.80758217438972,0.00993909033132543,0.288948611356807,-200,0,0,0,0,0,0,1,-81.0709169370534,-0.886534741722202,-7.63160227004765,0,0,0
319,-345.961285791738,-0.0616741221013051,-10.2639893402914,3.7403535319935,0.000612047474477097,0.288414990075525,-345.86307677708,0.0732831993196908,-10.2257937657678,3.74618270475781,0.00667831973603599,0.290316736976558,-200,0,0,0,0,0,0,1,-82.8921169216209,-0.814398372242981,-8.58008616612008,0,0,0
320,-342.261244745849,-0.061468835987083,-9.96936625115577,3.65973666684704,-0.000201472964975243,0.300872883038681,-342.343157613749,-0.202945326348455,-9.91740052205058,3.68163303532401,0.00241446351366342,0.29385790138214,-200,0,0,0,0,0,0,1,-83.4769883049024,0.164444301330568,-9.55098909411283,0,0,0
321,-338.642236803741,-0.0615876455464864,-9.66251665857854,3.57828704018097,-3.61451841731886E-05,0.312868365626176,-338.659397862266,-0.177702457120832,-9.51742533179781,3.58910058744914,-0.00371567639731016,0.335298649113352,-200,0,0,0,0,0,0,1,-81.5912630203815,0.726972553972681,-14.4950142477396,0,0,0
322,-335.104615590417,-0.0612598748622847,-9.34619089435895,3.49696063924035,0.000691687196271795,0.319825114967492,-335.038057601071,-0.0344876734553896,-9.37427321006337,3.50233698263623,0.0153480036184895,0.322527810610331,-200,0,0,0,0,0,0,1,-80.1575830614811,-1.46582501493817,-13.5042346409064,0,0,0
323,-331.647461597923,-0.0613006779944087,-9.02256346280045,3.41735289386066,-0.000773292575484348,0.327470791259408,-331.786148738205,0.0238221878927023,-8.9985710548576,3.43293183046098,0.00258506825549743,0.328664194391344,-200,0,0,0,0,0,0,1,-79.7208855696883,-0.306151201335148,-14.8692773294192,0,0,0
324,-328.269928630649,-0.0622266267061158,-8.69188326608447,3.33771794639649,-0.00107860416619288,0.333930604250569,-328.317917858698,0.0854621382428541,-8.69333958550993,3.32829729309961,-0.00599243215699254,0.318669383619006,-200,0,0,0,0,0,0,1,-76.1938935925647,0.428318939213546,-14.4802591908807,0,0,0
325,-324.970293598229,-0.0630906707587837,-8.35504660083555,3.26155667456262,-0.000649482955811868,0.339781948185548,-324.900569821888,-0.0298295836681676,-8.3944377511152,3.24512394743112,-0.00200380824638702,0.345900988699379,-200,0,0,0,0,0,0,1,-74.7112550993368,0.260039991975038,-17.8012233677075,0,0,0
326,-321.746685443101,-0.0636097419904464,-8.01405542847954,3.1856624553306,-0.000388658885109375,0.342239432449507,-321.667866089867,-0.0205650317814629,-7.96873200948015,3.18629937750246,0.00112890771780517,0.346971935785834,-200,0,0,0,0,0,0,1,-75.2942055705116,-0.0717607082175914,-18.7597295596231,0,0,0
327,-318.599402683838,-0.0640338864912858,-7.67083799612636,3.10890561088897,-0.000459629981410519,0.344234849596989,-318.708465846296,-0.195501059398788,-7.75806457908293,3.1071382259594,0.00278042532904228,0.351084241927085,-200,0,0,0,0,0,0,1,-73.2968909033489,0.112959585893348,-19.5922950345427,0,0,0
328,-315.5280777202,-0.0644366526942598,-7.32624479157464,3.03374620349349,-0.000345902681782642,0.344990129682204,-315.561594955925,0.150228003534572,-7.332856360258,3.04901953233064,0.00126204698615178,0.347055656789067,-200,0,0,0,0,0,0,1,-73.7787633212138,-0.426660705684322,-20.0398529583907,0,0,0
329,-312.532210312844,-0.0649954999809921,-6.98090627884496,2.95799044551357,-0.000771790851139592,0.345725703251671,-312.617416866152,-0.0983026312386619,-6.96825741985194,2.95291187145892,0.00673392957524952,0.346040504808586,-200,0,0,0,0,0,0,1,-70.0563534135878,-0.476787695047628,-20.6675356411547,0,0,0
330,-309.610459351284,-0.0660053188179914,-6.6356610640129,2.88551244907641,-0.00124784616786107,0.344801859769526,-309.587395633915,-0.216068993184762,-6.53986384333162,2.88823571685946,0.00484146873671571,0.332796906773499,-200,0,0,0,0,0,0,1,-69.6487804181151,-0.0520088873020477,-20.1999629906867,0,0,0
331,-306.760910543774,-0.0672788053884649,-6.29108091754986,2.81358635756462,-0.00129912668543063,0.344395246116245,-306.681734872551,-0.164814869178299,-6.24608385022221,2.81718038094316,0.0134647794707667,0.344933868940211,-200,0,0,0,0,0,0,1,-68.3545683492136,-1.01684820872007,-22.0012191935767,0,0,0
332,-303.982995254309,-0.069085999503155,-5.94786770191701,2.74224442087362,-0.00231526161514542,0.342067649710737,-304.075537831056,-0.0477968522113174,-5.98222837318444,2.75772824387958,-0.0207373958848612,0.329839012595982,-200,0,0,0,0,0,0,1,-67.6217487258453,2.16933329290876,-21.0194445132293,0,0,0
333,-301.275905218796,-0.0703162418480071,-5.60654262499973,2.67193624778848,-0.000145222163897119,0.340618408128638,-301.213500265675,-0.0486292061596095,-5.60212099605009,2.67655220591179,0.00346371847737281,0.342039072416301,-200,0,0,0,0,0,0,1,-65.2282200598289,-0.249113435418062,-22.9996652495299,0,0,0
334,-298.638352188423,-0.0705856815147984,-5.26790845933335,2.60316914559256,-0.000393656383030236,0.336685015493555,-298.712144444299,-0.0493687098344605,-5.19920410520754,2.60129575559328,0.00393618209177921,0.347157652052393,-200,0,0,0,0,0,0,1,-62.7052866707309,-0.294880789509,-24.3173569948242,0,0,0
335,-296.068622265841,-0.0711264531923283,-4.93416575349615,2.53628905123568,-0.000687885805524282,0.330834504653417,-296.217064268398,-0.0237346992627075,-4.92469858658507,2.51508064192655,-0.0151223620687288,0.324339959573474,-200,0,0,0,0,0,0,1,-59.0739356558593,1.55970560539829,-22.5845987841773,0,0,0
336,-293.563772245577,-0.0710341799358794,-4.60600691079374,2.47340957300962,0.00087243367928182,0.325515261402495,-293.575019669466,-0.00748900174050046,-4.60346815884654,2.47340296382625,0.0101047226404057,0.314362848950642,-200,0,0,0,0,0,0,1,-60.1902570436922,-0.995494260559566,-22.2293485773711,0,0,0
337,-291.122264106434,-0.0706591803523381,-4.28270621848711,2.40960571325483,-0.0001224345437884,0.321118611212902,-291.03843538696,-0.131876586941905,-4.19364398756259,2.40196399786815,-0.000821182132099382,0.334754814683433,-200,0,0,0,0,0,0,1,-58.1195290128944,0.345871387093749,-25.0881934932181,0,0,0
338,-288.744106474266,-0.0706083787771968,-3.96540976307063,2.3467069417921,0.000224038747436322,0.313506294163252,-288.813044621576,-0.142925168943955,-3.96323077458778,2.32153611865302,-0.0140530981759672,0.300956314668586,-200,0,0,0,0,0,0,1,-54.5275226221508,1.69116015548463,-22.169169917683,0,0,0
339,-286.426655711765,-0.0695384778865745,-3.65491043515659,2.28819275089896,0.00191576458708274,0.307522146816705,-286.426659561654,-0.101699870932841,-3.7957005515698,2.29856163452375,-0.00204620545701153,0.30993690339477,-200,0,0,0,0,0,0,1,-57.0028443290678,0.408020287566834,-23.4022892363374,0,0,0
340,-284.169101106453,-0.0674184078883647,-3.35043683948829,2.22691456048614,0.00232437607383641,0.301456148737498,-284.276391315104,-0.030390891231678,-3.38375120930779,2.23617224068192,0.000714103656946588,0.293334943045897,-200,0,0,0,0,0,0,1,-55.0644414379837,-0.0106285832313029,-22.5659918859741,0,0,0
341,-281.971775574984,-0.0650990609872111,-3.05189486030887,2.16773470651228,0.00231431862160146,0.295657832282337,-282.069322481776,0.00215431402778606,-3.14867956833766,2.16911196377095,0.0236228155692598,0.291643923956772,-200,0,0,0,0,0,0,1,-52.7725514135425,-2.36659018498155,-22.8670332590018,0,0,0
342,-279.832620901892,-0.0639677646422351,-2.75961521500808,2.11057235977129,-5.17250997468283E-05,0.288930442651998,-280.05417271276,-0.0993385536764093,-2.75995405221811,2.08439948783133,-0.00636055687835641,0.284633209334236,-200,0,0,0,0,0,0,1,-48.3316033576134,0.834732795188459,-22.9434128289874,0,0,0
343,-277.74857920843,-0.06360187463682,-2.4748152686192,2.05750798292884,0.000783506741039545,0.280696375187052,-277.682528909467,-0.20517314231224,-2.31024899140025,2.05602579643138,-0.00638932881255212,0.282250527272778,-200,0,0,0,0,0,0,1,-50.2375218242044,1.04927916587969,-23.6045547444773,0,0,0
344,-275.718618928652,-0.0622934695911809,-2.19813092910957,2.00240962735457,0.00183330480758482,0.272700187785929,-275.582720296127,0.163803867528953,-2.0347201405414,2.00080597122631,0.00205034625625181,0.27678360324656,-200,0,0,0,0,0,0,1,-48.9151565303762,-0.532642360683088,-23.6089200435732,0,0,0
345,-273.743150706096,-0.0607262339522004,-1.92960169252663,1.9485236885849,0.00130116724344009,0.26438552959212,-274.015551122753,-0.0592779526378092,-2.08267310052801,1.95328105951603,0.018731306014467,0.257476125601773,-200,0,0,0,0,0,0,1,-47.2970037060974,-1.75457469617108,-21.5822663591213,0,0,0
346,-271.820454875216,-0.0603021101439425,-1.66865689754473,1.89686553882978,-0.000452918469333209,0.25753017013529,-271.938754851192,-0.0947297108839231,-1.68454975690319,1.89896622320137,-0.0113227366176249,0.249123233455886,-200,0,0,0,0,0,0,1,-46.0191126177533,1.32173308353034,-21.5432238317823,0,0,0
347,-269.948822573011,-0.0600939252482307,-1.41470458214915,1.84639647532634,0.000869290002858404,0.250399942727725,-269.815931191049,0.132404111063155,-1.36739484989221,1.87584409351216,0.00974635395503639,0.247639011324271,-200,0,0,0,0,0,0,1,-47.9525469691182,-1.23944361762995,-22.0291114326427,0,0,0
348,-268.128655558852,-0.0598441097751656,-1.16767781967742,1.79393514182813,-0.000369657954372492,0.243680004310474,-268.093061801467,-0.030773034699909,-1.24123382286236,1.78792478298457,-0.000547682036571694,0.248236215363356,-200,0,0,0,0,0,0,1,-42.6063546955228,0.116314273056987,-22.3411538906109,0,0,0
349,-266.358528218875,-0.0601553917920197,-0.92841895662266,1.74631607861412,-0.000252905269745382,0.234861732889293,-266.335281496299,-0.0218673988613642,-0.970696134575002,1.73403208353174,0.00292352349478321,0.236235290087771,-200,0,0,0,0,0,0,1,-40.7326453605754,-0.248617551755592,-21.6821367396271,0,0,0
350,-264.635037914733,-0.0605323954864538,-0.697945061416462,1.70066108806164,-0.00050110392033804,0.226109068151579,-264.472865121112,-0.0215915098642821,-0.773263961155411,1.69699401651863,-0.00491910567993238,0.214435143569377,-200,0,0,0,0,0,0,1,-40.7536714096388,0.535093587721802,-19.8969864346269,0,0,0
351,-262.95689310357,-0.0607657412520238,-0.475321433309982,1.65562595670195,3.44100759168115E-05,0.219160858654695,-262.965624949953,-0.0372982672840737,-0.65445466078534,1.65083917977263,-0.00125191656905948,0.220212586021364,-200,0,0,0,0,0,0,1,-39.1526680773583,0.199788191474095,-20.7123492805657,0,0,0
352,-261.323198358633,-0.0606312350755246,-0.260253037992994,1.6117603462084,0.000234601014149439,0.210997995196496,-261.24248776378,-0.167276937580164,0.0503316782531887,1.61286145255167,0.00893866673657501,0.21230367073015,-200,0,0,0,0,0,0,1,-38.8011697276068,-0.559312798497173,-21.3310304295214,0,0,0
353,-259.733330323882,-0.0606760900879446,-0.0536338047111952,1.56797223901723,-0.000324313227808461,0.202262460148937,-259.628124471193,-0.16206851376066,-0.00421042743772036,1.54692439413456,0.00417566537314419,0.214667499481168,-200,0,0,0,0,0,0,1,-35.4361904710697,-0.0934295097931002,-21.4583290932413,0,0,0
354,-258.185722695397,-0.061046935884146,0.143630983369487,1.52723891474708,-0.000417380162351955,0.192287580318463,-258.076362316942,-0.0786381240332236,0.146554082901865,1.54055810834647,0.00463250359871653,0.1851722143855,-200,0,0,0,0,0,0,1,-37.9030862007638,-0.305974111805206,-18.8103296043538,0,0,0
355,-256.679511544422,-0.0616171064643533,0.332670676326619,1.48518097506635,-0.000722963496408642,0.185812881630529,-256.734460382351,-0.210643964480684,0.296341029897266,1.46801984709193,-0.00907368774880539,0.175777752646408,-200,0,0,0,0,0,0,1,-33.3330639444908,1.32865670384191,-18.1704573244353,0,0,0
356,-255.213126532309,-0.0616755690758181,0.514741622372086,1.44758613947991,0.000606035708932143,0.178347879852714,-255.350211394182,-0.107068097954571,0.547158904225504,1.46184914185807,0.0116884313766833,0.174261876605964,-200,0,0,0,0,0,0,1,-35.4844913974435,-0.954706941759188,-18.5205054690474,0,0,0
357,-253.785408007501,-0.0615467033004881,0.689644893744009,1.40784827538182,-0.00034830604255102,0.171478543562309,-253.908944036609,-0.0757324748527778,0.734570405664862,1.39372803077581,0.00439881872938172,0.172998361877668,-200,0,0,0,0,0,0,1,-31.5549150043639,-0.288416923232616,-18.7689769990965,0,0,0
358,-252.395660898679,-0.062039055247299,0.856885440997003,1.37164252235164,-0.000636399860370778,0.163020686550445,-252.570290751577,-0.0586098592108579,0.88326310790112,1.34886648843785,-0.00478063266005489,0.145198010698142,-200,0,0,0,0,0,0,1,-29.7460673406308,0.595282984427205,-16.2863272856164,0,0,0
359,-251.040824588632,-0.0623776596741295,1.01653205764056,1.33802750271454,-4.08112872968403E-05,0.156289389765052,-251.022791791967,-0.0381874888743265,1.08385874887275,1.33284233786004,0.00102158250138663,0.160230720853459,-200,0,0,0,0,0,0,1,-31.23865020207,-0.0257832723900105,-18.1907895830914,0,0,0
360,-249.720661497693,-0.0624312011270813,1.16889766766606,1.30229553795997,-6.62744144005363E-05,0.148459670756614,-249.646218335142,-0.121991066496479,1.15195407761986,1.31793677453026,-0.0111187554000435,0.147928749591743,-200,0,0,0,0,0,0,1,-32.5012407827419,1.3558576729973,-17.096783114414,0,0,0
361,-248.43661725232,-0.0618193787998387,1.31423221388108,1.26579057388932,0.00128991765813989,0.142227609162943,-248.282702290808,0.0815934716111991,1.35960517661948,1.26262133475742,-0.00671290322231738,0.158992742977919,-200,0,0,0,0,0,0,1,-29.6967288941256,0.50810337900934,-18.6184846510309,0,0,0
362,-247.188075985368,-0.0602752578881871,1.45215355043681,1.23128842097199,0.00179832442867552,0.13363225349823,-247.213576951004,-0.403651025983105,1.38816492277194,1.23294606202279,-0.00178119860465492,0.140029482685342,-200,0,0,0,0,0,0,1,-28.8674523002719,0.985421912431702,-16.7792781140781,0,0,0
363,-245.973314441697,-0.0579840737081488,1.58222410952963,1.19823183939889,0.00278404220543648,0.126525324701618,-246.116690876713,-0.0274173861042264,1.74544174666721,1.20287899871366,0.0191933007039277,0.129110109783522,-200,0,0,0,0,0,0,1,-28.0545181179413,-1.86449529818432,-16.4018944716866,0,0,0
364,-244.791170249065,-0.056132134190821,1.70525673773202,1.16605377520537,0.00091983438004964,0.119555940158149,-244.720269284541,0.0270786074449859,1.50261756707627,1.1580258094397,-0.019493659772896,0.111643346805966,-200,0,0,0,0,0,0,1,-26.3620423748886,1.89520876239963,-14.1695698147492,0,0,0
365,-243.640004090638,-0.054264559203499,1.82207646057491,1.13627648716487,0.00281531415507776,0.114098327060918,-243.853267101435,-0.0810367816519524,1.8152565714829,1.13108985095823,-0.013170139656204,0.119011106805434,-200,0,0,0,0,0,0,1,-25.4024508929538,1.4790875289243,-15.5316238235092,0,0,0
366,-242.518438730826,-0.0507095694902691,1.93267021385009,1.10685143023841,0.00429466149177355,0.107103804032147,-242.648835473967,0.168326108399884,1.97819408479032,1.10628071540314,0.0174937213030212,0.0910418825815981,-200,0,0,0,0,0,0,1,-25.3304005923801,-2.08602434710189,-13.0605764277405,0,0,0
367,-241.425799610053,-0.0474577888904086,2.03744049551607,1.07842512823861,0.002208897954925,0.102450878840158,-241.394395184551,-0.142819699664336,2.09296183385703,1.07456412631016,0.00993034741724923,0.0954989842740657,-200,0,0,0,0,0,0,1,-24.6676222619143,-0.707395342396251,-13.7358220951206,0,0,0
368,-240.361415718384,-0.0456024610373197,2.13716110406134,1.05034057720542,0.00150175586799134,0.0970042683129617,-240.286180688011,-0.190991664866289,2.33179798300973,1.0421597068524,0.00991613300671939,0.099545095683474,-200,0,0,0,0,0,0,1,-23.6436093092169,-0.60962997093936,-14.6181055343669,0,0,0
369,-239.324820144947,-0.0444053982115046,2.2308724921086,1.02284794050452,0.000892367595226014,0.0904321320375272,-239.35633378612,0.0793362824517007,2.1684154991226,1.01448603437769,0.0012842168563937,0.0996233741474307,-200,0,0,0,0,0,0,1,-22.7359358655296,-0.287094250542771,-14.2991684129883,0,0,0
370,-238.315244864746,-0.0436564607744362,2.31802438338653,0.996299992903227,0.000605505591627067,0.083884793315657,-238.276300185751,-0.190520962165914,2.34378503194275,0.990880816427961,-0.0042917914875283,0.0850481513126329,-200,0,0,0,0,0,0,1,-22.5354812712942,0.810221073084658,-13.1923851951488,0,0,0
371,-237.331918723314,-0.0426457285117886,2.3991397821792,0.970350146785322,0.00141595756927829,0.0783588375952766,-237.432243210117,-0.104565270560987,2.41851896890982,0.978646177436007,-0.000503125792133673,0.0653122242912867,-200,0,0,0,0,0,0,1,-23.0001313233676,0.259443120335342,-11.3682603669483,0,0,0
372,-236.374409036574,-0.0410999296484314,2.47569846231454,0.94466800630666,0.00167563785213264,0.0747712048200971,-236.153764556302,0.0335689532123377,2.44022444249821,0.945806796085632,0.00601615127222794,0.0777249801406201,-200,0,0,0,0,0,0,1,-22.2731504959601,-0.668753033647469,-12.6529468990584,0,0,0
373,-235.442500100611,-0.0397585525987956,2.5479744058989,0.919147969145447,0.00100711331241083,0.0697932689383616,-235.220219681775,0.0497128493564933,2.49777065252588,0.927961753961467,0.00139139820606253,0.066697928325195,-200,0,0,0,0,0,0,1,-22.3557360325974,-0.23856551931924,-11.6653341375713,0,0,0
374,-234.535962407924,-0.0388706058348783,2.61578099568962,0.893925997409664,0.000768777873198846,0.0658323307516334,-234.696175556625,0.00981025740240116,2.82187060072777,0.882335003594532,-0.0167255887210118,0.0658728725946452,-200,0,0,0,0,0,0,1,-18.8411492462035,1.65293835729637,-12.2310284609201,0,0,0
375,-233.653143810654,-0.037275261476262,2.67871694816952,0.871708895898506,0.00242190842057604,0.0600505328815054,-233.699229062213,-0.0750569478062751,2.72440929218894,0.85747368324752,0.00791196054249251,0.0475165648719237,-200,0,0,0,0,0,0,1,-18.3489102003261,-0.641082158636701,-10.2004750715703,0,0,0
376,-232.791925182749,-0.0351737990116665,2.73674180023106,0.850726886135032,0.00178101465936481,0.0560095199704462,-232.920804489109,-0.0111737983512994,2.63645122671652,0.856639011983902,0.00800815615700737,0.0438175453484847,-200,0,0,0,0,0,0,1,-19.8222922201724,-0.778468018998139,-9.65465698828151,0,0,0
377,-231.952263450263,-0.0337819152277973,2.79129681731807,0.828595643638037,0.0010027511381664,0.0531113947923188,-231.93092730418,0.0555917791037831,2.790906723035,0.836279839945697,-0.0129547867566227,0.0459847345651734,-200,0,0,0,0,0,0,1,-19.7661293862092,1.1842951174547,-10.1802869025873,0,0,0
378,-231.134813302061,-0.0321869137964487,2.84273366322343,0.806303499864339,0.00218724977600636,0.0497732390726872,-231.027354802948,0.0083271024207791,2.94887188381709,0.814484535946578,-0.0158309283424252,0.0600504488622636,-200,0,0,0,0,0,0,1,-19.3937439887621,1.56643862940096,-11.9027886538605,0,0,0
379,-230.33982715671,-0.0292163441762076,2.89000026218698,0.783666834392839,0.00375388672070811,0.0447710461633265,-230.436475100351,-0.0153456715083019,2.8768913273385,0.789976544869548,-0.0110556993183789,0.0398455180193371,-200,0,0,0,0,0,0,1,-18.1247042862536,1.13626127485449,-9.7383344566107,0,0,0
380,-229.566473052828,-0.0248942326682897,2.93304139546093,0.763040150909874,0.00489033433190551,0.0413213293887148,-229.568607667092,-0.14804970480127,2.95563788438051,0.773060722738962,0.00482523669649197,0.0164947371642464,-200,0,0,0,0,0,0,1,-18.1688569397125,-0.186424260046658,-7.56074948518566,0,0,0
381,-228.813338429689,-0.0200970151016376,2.97367166857545,0.743228856382656,0.00470409843546733,0.0399489197704659,-228.917881976192,0.141264620523415,3.09441703694368,0.730994546425197,0.000341643155429294,0.0423645481876238,-200,0,0,0,0,0,0,1,-15.2636906901349,-0.31669355658976,-10.4252888926497,0,0,0
382,-228.079250914203,-0.0155511848947558,3.01106751362956,0.724944151321362,0.00438756020607356,0.0348517301150515,-228.013822209267,0.122961956330954,2.85246802521673,0.710072875121022,0.00688755139628749,0.0207219039980865,-200,0,0,0,0,0,0,1,-14.9796430935676,-0.934679052290657,-7.77712645024212,0,0,0
383,-227.362797232979,-0.0116308870921416,3.04455140448162,0.707962309969623,0.00345303535086811,0.032124375722236,-227.398962010859,0.0560342334513028,3.05446781049077,0.709982841162999,-0.00393781410711553,0.0272550755076444,-200,0,0,0,0,0,0,1,-16.2003600945814,0.281712943808948,-8.83444317174599,0,0,0
384,-226.664098578225,-0.00803691107955487,3.07509134720523,0.68943388763572,0.00373491474849974,0.0289645549767541,-226.500035369431,-0.0556446062502941,3.1021161176847,0.685057637390339,0.0209645104770651,0.0281049021807712,-200,0,0,0,0,0,0,1,-15.5056930001726,-1.98516183520592,-9.01472245344652,0,0,0
385,-225.983649276155,-0.00529449659386446,3.10227721832924,0.671463413412238,0.00174991182679635,0.0254159510546404,-225.935437449495,0.210559166935433,3.03318025955522,0.661821788361065,0.0274448781860275,0.0232003977608819,-200,0,0,0,0,0,0,1,-14.3113039371175,-3.16560615247362,-8.38640029519863,0,0,0
386,-225.320501334995,-0.00512731338061223,3.12598957758012,0.654831231682739,-0.00141554769297005,0.0220168813894554,-225.461385761942,0.161595675963155,3.13173443725947,0.648993077106177,-0.00737480739773575,0.0103441489043396,-200,0,0,0,0,0,0,1,-13.9765361867342,0.414289387847264,-7.29788376495291,0,0,0
387,-224.673617579712,-0.00633564348741199,3.14675856868805,0.638935468641563,-0.00100111446532639,0.0195288528969586,-224.892638514191,-0.00295065970440879,3.17094803304705,0.637013687823713,0.00235936629321794,0.00908148187390626,-200,0,0,0,0,0,0,1,-13.9160917539901,-0.230035309912977,-7.25004425348473,0,0,0
388,-224.042594728641,-0.0074517028357279,3.16507252919219,0.623109448834436,-0.00123100654847186,0.0171067726340926,-224.098723090743,0.0494320226746541,3.20018149024723,0.626064298264657,-0.0110680659952208,0.0216051418049721,-200,0,0,0,0,0,0,1,-14.4089836449791,1.00794255417277,-8.56087716099167,0,0,0
389,-223.427889896951,-0.00817866310249969,3.18048697054223,0.606298970869425,-0.000222916447608215,0.0137302672358469,-223.372722886773,0.0459634727632926,3.13956811026114,0.625435876814265,-0.00833593636965453,0.00771025820234937,-200,0,0,0,0,0,0,1,-15.7981419078814,0.741666691438868,-7.05016204075722,0,0,0
390,-222.830329668785,-0.00803066312613958,3.19352089081603,0.588821179166507,0.000518913684754967,0.012346032970129,-222.84110709225,0.0283416123021928,3.37667422906696,0.587405871077022,0.00920091155365643,0.00570422801162218,-200,0,0,0,0,0,0,1,-13.0583729232024,-0.976774379970029,-7.32377125929614,0,0,0
391,-222.249050816898,-0.00800006905165538,3.20451647983019,0.573735590822081,-0.000457726667086353,0.00965245949544424,-222.345976180461,-0.270300441519592,3.13942892193986,0.584042032459802,-0.000455898069149001,0.00545778515929867,-200,0,0,0,0,0,0,1,-13.7122508850579,0.586190689954084,-6.82463635980959,0,0,0
392,-221.683057973909,-0.00816462817085773,3.2132011444372,0.55824951966365,0.000128605376626258,0.00772435913214092,-221.574849520543,-0.0733847099876688,3.07995399449598,0.570798419158921,-0.014052930458524,0.0140722740230533,-200,0,0,0,0,0,0,1,-13.930142874806,1.55206246582773,-7.5671353912973,0,0,0
393,-221.132803345209,-0.00725991897763178,3.21968524414384,0.542258898778748,0.00168081099269435,0.00525155859134099,-221.063035183278,-0.0370368810543549,3.13265537112935,0.545138014965964,0.00830679708795969,0.0112242939529494,-200,0,0,0,0,0,0,1,-12.3877311300408,-0.756605946687259,-7.38774013755364,0,0,0
394,-220.597800983883,-0.0059573465629989,3.22348752225427,0.52774478208677,0.000924331876714755,0.00236000636100001,-220.513082043822,-0.142837979166445,2.98164229980417,0.508805146866059,0.00903294396646277,0.0195059100061072,-200,0,0,0,0,0,0,1,-9.85435059896267,-0.617618438313387,-7.91387560021907,0,0,0
395,-220.0762668424,-0.00534177324090502,3.22366212146474,0.515321759392282,0.000306812875337613,-0.00200479820533647,-220.002087585696,0.0919999758962263,3.24607298413655,0.495225438944105,-0.000499642781121337,0.0332138162645884,-200,0,0,0,0,0,0,1,-9.51836872301913,-0.134035673680319,-9.81352759473194,0,0,0
396,-219.567396122406,-0.00510192994842604,3.2185544817775,0.502417072959655,0.000172871693043004,-0.00820425482380152,-219.657606745436,-0.206441703774192,3.25856487102574,0.496954105144877,-0.00944422741428016,-5.60909489585818E-05,-200,0,0,0,0,0,0,1,-10.3801970236153,1.3573061489764,-6.51152064715562,0,0,0
397,-219.071154283743,-0.0042503513148905,3.20894863020149,0.490065596255391,0.00153028388772209,-0.0110014952876361,-219.075392381757,0.131823374969642,3.17493944069956,0.47644520571306,0.0066318979692885,-0.0180230544404006,-200,0,0,0,0,0,0,1,-9.49373580779123,-0.926836546868134,-4.54757343735907,0,0,0
398,-218.586459521804,-0.00318343609742806,3.19727668432125,0.479323603187959,0.000603545336435257,-0.0123372123212067,-218.651756260206,0.232729945242131,3.10725012180453,0.480816562189558,0.00152355278876645,-0.0281747921479732,-200,0,0,0,0,0,0,1,-10.7781436985429,-0.617815169360907,-3.39702102881174,0,0,0
399,-218.112856247148,-0.00288874127059898,3.18507317916015,0.467883373805356,-1.41573117504125E-05,-0.0120642920534415,-217.987681929967,0.104031100074105,3.16175001233103,0.468758744134737,-0.00670619531948843,-0.0184258912040942,-200,0,0,0,0,0,0,1,-10.9005105535395,0.462557331800633,-4.48091090425264,0,0,0
400,-217.650971167493,-0.00267156225270863,3.17269062988158,0.455886782760359,0.000448513066855552,-0.0126950493388854,-217.504919553861,-0.123557562210116,3.10515167973907,0.47014702871423,-0.0161308845425064,-0.0317262691277904,-200,0,0,0,0,0,0,1,-12.0048637637017,1.86020357867087,-3.03767644669911,0,0,0
401,-217.201287261266,-0.00129288347679667,3.16057990014092,0.443481867085142,0.00230884250779062,-0.0115204704151886,-217.151191250683,0.0699634429756882,3.19273158601518,0.44005407967438,-0.00742277009077642,-0.0161066687953225,-200,0,0,0,0,0,0,1,-9.70302546607157,0.602350123126265,-4.77479629249811,0,0,0
402,-216.763317884243,0.00131718502677623,3.14839435254852,0.432456549966106,0.00291129270260311,-0.0128453410860418,-216.698136211355,0.0110302846336104,3.11768519085469,0.430778080181143,0.0044880415452734,-0.00949991131112348,-200,0,0,0,0,0,0,1,-9.68153559540506,-0.470864723794561,-5.28537925059702,0,0,0
403,-216.336471014098,0.00399309588420326,3.13466305721848,0.42123663835648,0.00244052745047226,-0.0146118841452419,-216.28833155364,-0.0291258530392223,3.07373852136563,0.419097057291133,-0.00636656821343816,-0.021173781910065,-200,0,0,0,0,0,0,1,-9.33304262183294,0.694908527422261,-4.03009885172476,0,0,0
404,-215.920426237636,0.00678112717935345,3.11967965241431,0.410852841526101,0.00313553263369945,-0.0153499596489839,-215.804258828977,0.0177287670662235,3.06405558794089,0.398162017013969,0.0116462817785364,-0.00724502709780208,-200,0,0,0,0,0,0,1,-8.20768404344249,-1.20008571198608,-5.40360846610157,0,0,0
405,-215.514540151935,0.0093166597761819,3.10311431502143,0.400918464078452,0.00193553059353948,-0.0177759663202135,-215.388754449777,0.147247985530417,2.92928457668404,0.398539401397586,0.0150989444840691,-0.0204258632106699,-200,0,0,0,0,0,0,1,-9.07643124020479,-1.80439041946774,-3.8159828323011,0,0,0
406,-215.118654293288,0.010350043242901,3.08503988918934,0.390853239668207,0.000131234245799603,-0.0183680863047454,-215.200611526208,0.0801334753119783,3.06020523415032,0.384397258256344,-0.0147633551431215,-0.00521077673519842,-200,0,0,0,0,0,0,1,-8.03850277321882,1.31606856368819,-5.5993327947808,0,0,0
407,-214.732735395074,0.0111393536341264,3.06536072638552,0.380983593601475,0.00144738453178676,-0.0209855405955869,-214.661968698158,-0.055027535273779,3.18484208474244,0.379130070305906,0.0016438053385392,-0.0291583732449094,-200,0,0,0,0,0,0,1,-8.58906963427516,-0.0543254633063622,-3.45384684499393,0,0,0
408,-214.356489227267,0.0125596210277742,3.04416754142733,0.37150880648816,0.00139314820649975,-0.0213963196284443,-214.249792544784,0.010078358244541,3.17200393298508,0.373149202255658,-0.00101298810386675,-0.03424319698963,-200,0,0,0,0,0,0,1,-8.81533513599796,0.0811420938975926,-2.91968816700716,0,0,0
409,-213.989708127231,0.0139933874049166,3.02286699766684,0.362053736339526,0.00147438222609133,-0.0212002746120299,-213.890507978442,-0.0222326128779373,3.01384684916954,0.362433870290214,-0.000842231203064143,-0.0270632625235104,-200,0,0,0,0,0,0,1,-8.46237107213685,0.128688346062289,-3.32136744598804,0,0,0
410,-213.632305526085,0.0155321586596357,3.00151950758682,0.352751577410026,0.00160315844874552,-0.021490291062636,-213.856384028602,0.106405201270642,3.10707459791346,0.340993042387996,-0.00275024066708533,-0.00448680530556373,-200,0,0,0,0,0,0,1,-6.38653618159583,0.0622136641672488,-5.76546866527055,0,0,0
411,-213.283779099131,0.0171664571566355,2.97834944125584,0.344299959063287,0.00166543609724347,-0.0248458296188278,-213.374162211769,-0.0351951226156813,3.14336284022831,0.339327982832057,0.00199607078372934,-0.0458957580449899,-200,0,0,0,0,0,0,1,-7.18447385966781,-0.129216833141571,-1.69714987595764,0,0,0
412,-212.943210168052,0.0187673234715224,2.95384805929284,0.336838464293018,0.00153629467341346,-0.0241533907874808,-212.841210698443,0.0434434672487279,3.01624906592577,0.31586101839681,-0.00546274120299429,-0.0238400586508723,-200,0,0,0,0,0,0,1,-5.90368044279403,0.459387185801973,-3.64849226676431,0,0,0
413,-212.609934058732,0.020533342517196,2.92889468854306,0.329713248859672,0.00199574221130201,-0.0257499694594985,-212.67702711788,0.002534082002004,2.91676984674851,0.334880182594094,0.00479532791492238,-0.0265790996351503,-200,0,0,0,0,0,0,1,-8.13396402364907,-0.484600955496246,-3.17562972998198,0,0,0
414,-212.284694157257,0.022286827813113,2.9030421345635,0.320766693869498,0.00151122573016507,-0.0259509163847267,-212.336757322455,-0.107845211148411,2.87567859296256,0.313528078922412,0.00777944901627113,-0.04632949953708,-200,0,0,0,0,0,0,1,-6.67929324733126,-0.562254479330292,-1.11840723221712,0,0,0
415,-211.967304761156,0.023516962473004,2.87762310442958,0.314012821397553,0.00094904168907952,-0.0248839451270913,-212.017413007759,0.0928919450659823,2.72897570050653,0.30238056494048,0.00838102596727655,-0.0261612567301525,-200,0,0,0,0,0,0,1,-6.20323047852951,-1.02388648685962,-2.84182572799781,0,0,0
416,-211.656818787165,0.0239540938531698,2.85239962749754,0.306959039084052,-7.47806699859041E-05,-0.0255596754243399,-211.801855616801,-0.0636708593184143,2.99911107969129,0.284255514193839,0.00777610318827425,-0.0357347866440667,-200,0,0,0,0,0,0,1,-4.82184018578262,-0.650268600190596,-2.42474349497591,0,0,0
417,-211.352673229609,0.0235542049595431,2.82640421069491,0.301331897471037,-0.000724999580060013,-0.0264284896999367,-211.38724989524,0.0547234924017026,2.71977154370357,0.301860116746587,-0.00761765102083897,-0.0294718487963283,-200,0,0,0,0,0,0,1,-7.41151188417913,0.652318117280492,-2.4923582077743,0,0,0
418,-211.055340267818,0.0231554041758315,2.80007115599691,0.293334335871483,-7.26042047968989E-05,-0.0262338612887934,-210.907024318167,0.108725356046807,2.68605822278536,0.299189830695215,0.000970119593152993,-0.0164090179798394,-200,0,0,0,0,0,0,1,-8.10493443318706,-0.314462671408913,-3.73121464758677,0,0,0
419,-210.766582632773,0.022925611284004,2.77353288367007,0.284180869345289,-0.000386983105916297,-0.0268383972743723,-210.911230734111,-0.0813632838331946,2.80829144113819,0.284008937329146,-0.00812882782253081,-0.026425669185738,-200,0,0,0,0,0,0,1,-6.57843226469261,0.97560934991947,-2.97401596370258,0,0,0
420,-210.486126779418,0.0230264669739632,2.74641718383308,0.276730794557522,0.000588694273501982,-0.0273895090793938,-210.609803490446,-0.00346597290117873,2.64358245042076,0.28939760016567,0.00608954730723226,-0.0169981105219847,-200,0,0,0,0,0,0,1,-7.7201530356759,-0.602022784920868,-3.58735384864305,0,0,0
421,-210.213768401059,0.0233141906431869,2.71872956562801,0.267985896889217,-1.3248740394963E-05,-0.0279816441042126,-210.163350206371,0.0751012622319769,2.9091787818663,0.269722500035233,0.0073833102913906,-0.0323709581413795,-200,0,0,0,0,0,0,1,-6.64554959078058,-0.888533553603013,-2.58126174959465,0,0,0
422,-209.949453474246,0.0228567109067898,2.69068442477337,0.260644104883076,-0.000901713261968538,-0.0281052080936603,-210.008694463226,-0.00170180308068511,2.65889094555911,0.265037208938372,0.000793332549585254,-0.0274356416602124,-200,0,0,0,0,0,0,1,-6.4863319673845,-0.0759296487971552,-2.57421772509697,0,0,0
423,-209.692406570487,0.0219170672920929,2.66249481018972,0.25344982764856,-0.000977575574038914,-0.0282706631749801,-209.636296017692,-0.0570765759675111,2.65074873312466,0.22994536871222,0.00158130166629674,-0.0174617943581946,-200,0,0,0,0,0,0,1,-3.72194483583777,-0.043977014694652,-3.55531803042986,0,0,0
424,-209.441519669443,0.0209175227737632,2.63310955206403,0.248323149315363,-0.00102151544373872,-0.030497452844683,-209.406593250859,-0.046452639084975,2.69503040747173,0.253315202430206,0.00398967017520964,-0.0368442128275759,-200,0,0,0,0,0,0,1,-6.51833374130222,-0.306061739351014,-1.70563953218586,0,0,0
425,-209.196621040762,0.0197430121349946,2.60294422452378,0.241474612341456,-0.00132750888083012,-0.0298300136836402,-209.117064293199,0.0193135884394154,2.48653071636727,0.24896400325769,-0.0248733858283987,-0.045723825721454,-200,0,0,0,0,0,0,1,-6.66227173937083,2.44871140596104,-0.400678860589135,0,0,0
426,-208.958350884762,0.0196398951261985,2.57407488189896,0.235066776010106,0.00112127329297803,-0.0279056903583434,-208.76645842752,-0.000254687288335033,2.55373508692539,0.242975660530476,0.00556563055336223,-0.0515784558336713,-200,0,0,0,0,0,0,1,-6.76464919800761,-0.556053680759553,0.050375409516362,0,0,0
427,-208.726433311862,0.0204831789596226,2.54736414289937,0.228769658689614,0.00056529179088029,-0.0255128594112076,-208.619564177814,0.216517213346885,2.36578916085616,0.226238744059296,-0.00164760416929535,-0.0148935156552566,-200,0,0,0,0,0,0,1,-5.38474605030094,-0.268274009764235,-3.24222675618667,0,0,0
428,-208.500905774146,0.0209143623800611,2.52127260538605,0.222285074401176,0.000297072886544431,-0.0266672073557398,-208.312474404026,-0.00819500282955637,2.55130867909099,0.222638879331858,0.0181018728232251,-0.0159335021575663,-200,0,0,0,0,0,0,1,-5.63893912513355,-1.7937972766634,-3.50926714242534,0,0,0
429,-208.282036511745,0.0203145664807568,2.49397115117955,0.215453054691459,-0.00149666676204334,-0.0279325393894159,-208.047189200302,-0.00985967002117329,2.26731136985786,0.217499859099931,-0.00210851015676571,-0.0329039528575811,-200,0,0,0,0,0,0,1,-5.65560750938898,0.230570355718918,-1.24422745395761,0,0,0
430,-208.069512354054,0.0189332153869682,2.46643582005157,0.209595805806893,-0.00126603697952053,-0.0271354125903632,-208.016578901806,0.192198329290049,2.38282156621239,0.206420694265876,0.00521782858187888,-0.034035562693451,-200,0,0,0,0,0,0,1,-4.60891162297566,-0.906179516767986,-1.36208686307968,0,0,0
431,-207.862399287816,0.0172141137317232,2.43942333825683,0.204630618618186,-0.00217216831630515,-0.0268872516907033,-207.858721536446,-0.180493592453478,2.45460863583568,0.197370513076064,-0.0132857599621219,-0.0101394730024442,-200,0,0,0,0,0,0,1,-4.01960823471434,1.68956318111914,-3.89526997142694,0,0,0
432,-207.660542165426,0.0158867482069201,2.41139861769181,0.199082765525065,-0.000482565052936931,-0.0291596267941345,-208.017921367382,0.00540861888323834,2.41640018398574,0.201292665187019,0.00529617307159623,-0.0226740204483893,-200,0,0,0,0,0,0,1,-4.0934237839385,-0.5404345449261,-2.56539832313255,0,0,0
433,-207.46397602686,0.0151339887299976,2.38172254363575,0.194049220712841,-0.00102295777685731,-0.0301901956268742,-207.473582558639,0.0649659101259813,2.44667938805089,0.183019063506152,-0.00477076266698807,-0.0228795638454687,-200,0,0,0,0,0,0,1,-3.35474123333716,0.347144446446844,-2.60540239155491,0,0,0
434,-207.272121631583,0.0142846215827903,2.35084207752391,0.189659114996747,-0.000675779415198159,-0.0315687128763638,-207.103872338459,0.139091831273251,2.38998200583069,0.182597794019175,-0.000709751731407279,-0.033229704496384,-200,0,0,0,0,0,0,1,-4.0520347249994,-0.207208489405774,-1.45699356202299,0,0,0
435,-207.084717885395,0.0135052602432656,2.31925832220402,0.185148535796524,-0.000882945734848396,-0.0315967231067446,-207.104847525015,-0.00566530155634006,2.23833693996114,0.193061506765451,-0.0124201788412134,-0.0365035921038286,-200,0,0,0,0,0,0,1,-5.09645562651462,1.25334848723402,-0.826314669539415,0,0,0
436,-206.902152999631,0.0132490165719772,2.28816664938406,0.1799818655517,0.000370456520284819,-0.0305842504175791,-206.970895423289,-0.0811584169334565,2.29316417508072,0.181324076143455,0.0181328171213829,-0.0429795006180996,-200,0,0,0,0,0,0,1,-4.19061676776695,-1.65096487827137,-0.288378288351481,0,0,0
437,-206.724227696938,0.0127940138801093,2.2581348686534,0.175869408952984,-0.00128046386629251,-0.0294774240965257,-206.711451861017,-0.061049881129849,2.21648218252137,0.172051904634893,0.0057356186516269,-0.0407823801920612,-200,0,0,0,0,0,0,1,-3.7822867414543,-0.451462102902992,-0.354726345836615,0,0,0
438,-206.550244657928,0.0112878402644663,2.22909517428876,0.172097231710286,-0.00173188588233229,-0.0286002342202748,-206.455578898618,0.143444664379711,2.05815801362555,0.166983547962558,0.0104157168658019,-0.0295148460202269,-200,0,0,0,0,0,0,1,-3.78719699901902,-1.32846101533961,-1.1648314252284,0,0,0
439,-206.380214551849,0.00889174467800714,2.20057621455187,0.167963215379063,-0.00306030734019568,-0.0284357950641803,-206.298141089614,0.0120518326823477,2.15781818467742,0.171919973603438,-0.0162558694276209,-0.0212854451437282,-200,0,0,0,0,0,0,1,-4.59571518111658,1.6014832773974,-2.18709185498202,0,0,0
440,-206.214907466866,0.00663220381707326,2.17195003484264,0.162650942806296,-0.00145877661867923,-0.0288141406481677,-206.138991503988,0.254763965382715,1.9643911206883,0.167083218203946,-0.00688938706451418,-0.028225360469025,-200,0,0,0,0,0,0,1,-4.43033881241854,0.179410775685988,-1.1062461944741,0,0,0
441,-206.054597374614,0.00526315844947095,2.14339939736926,0.157969636673884,-0.0012793193871539,-0.0282849992002956,-206.183150574744,-0.022638588446767,2.15939240043361,0.146065984688791,0.00678964308241796,-0.00746678658225458,-200,0,0,0,0,0,0,1,-2.24029731939124,-0.633687131348262,-3.57210614264176,0,0,0
442,-205.898539692107,0.00366700775610111,2.11379174611347,0.154144681843095,-0.00191298517865648,-0.0309285584346087,-205.891534532677,-0.0216611266840723,2.22542833254883,0.161321832888209,0.00518985167534849,-0.0101646225537888,-200,0,0,0,0,0,0,1,-4.34911422346697,-0.475662914166704,-3.43439440971878,0,0,0
443,-205.747221803192,0.00151621530673449,2.08207990722376,0.148490540555584,-0.00238860416938346,-0.0324925520777741,-205.818902138397,-0.157715636671533,2.11671703843024,0.129486122951604,0.00836797738907783,-0.02887809701725,-200,0,0,0,0,0,0,1,-1.31080801836632,-0.521366465564717,-1.34562437513548,0,0,0
444,-205.599733377188,-0.00113306280646041,2.04906284739439,0.146485989015677,-0.00290995761419375,-0.033540652924367,-205.595109924394,-0.0605325851077637,1.96726506926782,0.14011497112552,0.00247754711680574,-0.0216905092950464,-200,0,0,0,0,0,0,1,-2.82127726376454,-0.126689541465046,-1.76547920903101,0,0,0
445,-205.455019414762,-0.00410634794636491,2.01515265549015,0.142941751400018,-0.00303661832724247,-0.0342781269435455,-205.446726213171,0.0361732756612809,2.08643913697203,0.125316221834359,-0.00870740418632286,-0.0567928675033352,-200,0,0,0,0,0,0,1,-1.63816975709448,0.798393867309724,1.50640847638945,0,0,0
446,-205.312584956157,-0.00674375704619312,1.98170367140835,0.14192806273547,-0.00223820590776395,-0.032619377618998,-205.422945994491,0.145721619428135,2.08511662452672,0.15427048151844,0.00377413260417307,-0.0204517787330271,-200,0,0,0,0,0,0,1,-4.58115616286252,-0.668856499273577,-2.12505537575074,0,0,0
447,-205.173294201784,-0.00931636478756957,1.94895890573319,0.136653482420013,-0.00290701506625795,-0.0328677677328338,-205.001018404051,-0.147190483338611,1.86078684573731,0.139783567493836,0.0075694017881553,-0.0244749176270355,-200,0,0,0,0,0,0,1,-3.97631994128152,-0.462559212138308,-1.27408192877107,0,0,0
448,-205.038815776403,-0.0124546358365605,1.91621562689394,0.132303626723497,-0.00336953277862579,-0.0326168263345487,-204.941293325113,-0.0665072775936911,1.7671949903631,0.130592206882916,-0.00957095097263284,-0.0486809763227114,-200,0,0,0,0,0,0,1,-3.17663403806516,1.09010965245067,1.33370765154495,0,0,0
449,-204.907739263905,-0.0152790934993175,1.88471044518045,0.129850541703142,-0.00227938829133943,-0.0303924290339144,-204.885472590261,6.28556036441543E-05,1.98101677511291,0.123024052224738,-0.00403188443919222,-0.0245562178407445,-200,0,0,0,0,0,0,1,-2.53146004195151,0.403062732711933,-1.50641176615136,0,0,0
450,-204.779469429047,-0.0173569347476,1.85402118585291,0.126689002255251,-0.00187629964195685,-0.0309846670310463,-204.804636036441,-0.0373870595766511,1.88264675646699,0.117624361091184,-0.00223232089249625,-0.0389645594642233,-200,0,0,0,0,0,0,1,-2.15316403623722,0.298006208402927,0.131162433488345,0,0,0
451,-204.653820792773,-0.0190842164395187,1.8233872435156,0.124608724177194,-0.00157827037621981,-0.0302822809363896,-204.625135448998,-0.029054500665437,1.77195995427979,0.133002037580191,-0.0104270273060405,-0.0239146443396197,-200,0,0,0,0,0,0,1,-4.04993286002292,1.10081173193493,-1.1524554745976,0,0,0
452,-204.531387687416,-0.0201120571055879,1.7933190344031,0.120257816691804,-0.000477416274426931,-0.0298521836751219,-204.483345410373,-0.124948470855351,1.74589609286336,0.11980082430948,0.000331237799280169,-0.0442291418017587,-200,0,0,0,0,0,0,1,-3.01339161020135,0.216773161782685,0.931121994449146,0,0,0
453,-204.412368018028,-0.0204810676891164,1.76437738170233,0.117782475493236,-0.000260610307417531,-0.0280300111428573,-204.494564495736,-0.0694918861082694,1.8615341478402,0.102807518614106,-0.0198965571918021,-0.0292217513731791,-200,0,0,0,0,0,0,1,-1.29162286993765,2.12863949139675,-0.800893158362491,0,0,0
454,-204.295450897389,-0.0196773488074014,1.73609750602581,0.116051677064775,0.00186804238647892,-0.0285289640451757,-204.382590952926,0.0358422393638409,1.6508034467248,0.1098865895272,0.00135318174002862,-0.026619288649205,-200,0,0,0,0,0,0,1,-2.22347704686803,-0.207002652730544,-0.639678028529095,0,0,0
455,-204.180642179764,-0.0179127928542615,1.70760598756494,0.11356592617655,0.00166106298976095,-0.0284529607614778,-204.228404795444,0.0404532840829164,1.56094426960723,0.128644405234586,-0.0023392489434598,-0.0165220990262278,-200,0,0,0,0,0,0,1,-4.40763093257145,0.153018326180147,-1.46967863659168,0,0,0
456,-204.069479492303,-0.0161751949616443,1.67932586900773,0.108759735609715,0.00181412727271524,-0.0281051300455638,-203.939501131704,-0.0409057213644725,1.62696565044432,0.111253359378746,0.00579774644243311,-0.0336687485365904,-200,0,0,0,0,0,0,1,-3.24633367446754,-0.497963201514366,0.11294355277039,0,0,0
457,-203.962242853854,-0.0146100295230904,1.65183612792609,0.105714221725881,0.0013161987750929,-0.0268729936249066,-204.070548843837,0.0697235366009215,1.66688197095582,0.0922372380235772,0.0110147779974617,-0.0239878742412184,-200,0,0,0,0,0,0,1,-1.08262611468468,-1.24092487294801,-0.934976517789795,0,0,0
458,-203.857330336292,-0.0139142849589694,1.62461954839664,0.104110635604816,7.52847806313293E-05,-0.0275594541465091,-203.808016886475,-0.0445551496686187,1.78305537680137,0.118856333707883,-0.00761126135519343,-0.0164372857026606,-200,0,0,0,0,0,0,1,-4.26959959783883,0.85023643485658,-1.92238218333667,0,0,0
459,-203.755663589694,-0.0134138584606536,1.59701511534219,0.0992229473142129,0.000925565377221852,-0.027647237475891,-203.723665452204,-0.0432919135818187,1.4786318716522,0.0823417707522696,-0.00682648341916669,-0.0108217358562893,-200,0,0,0,0,0,0,1,-0.786846170818869,0.769232169080306,-1.87509015767547,0,0,0
460,-203.657328757489,-0.0121036708998988,1.56854625610451,0.0974461113720164,0.00169480459439012,-0.0292896941622616,-203.590866905399,-0.170896932779137,1.50167622427487,0.0990179900703036,0.00165975729579123,-0.0258044455994382,-200,0,0,0,0,0,0,1,-2.7200651962327,0.175818135979151,-0.422907888605908,0,0,0
461,-203.56129368851,-0.0103209399433247,1.5395281688048,0.0946243953469764,0.00187065143709965,-0.0287452311836876,-203.550416655786,0.0613239054560745,1.34462922927919,0.105013201287426,0.00275725201484196,-0.0297845717274049,-200,0,0,0,0,0,0,1,-3.40048681717072,-0.398373012396345,0.289198714182107,0,0,0
462,-203.468215739142,-0.00864945368712413,1.51153145776029,0.0915322928881005,0.00147231489486733,-0.0272468229104847,-203.477298273443,0.0324421702772792,1.63398077084802,0.0879440544711866,0.00350430250780648,-0.0294719038907952,-200,0,0,0,0,0,0,1,-1.83980890023338,-0.415314591335207,-0.320771152616512,0,0,0
463,-203.377677891074,-0.0073847836702556,1.48440492265434,0.0895436314688991,0.0010570196952715,-0.0270053719897538,-203.297978124812,0.246816794134067,1.50267765987178,0.071091397833645,-0.0269294574944418,-0.0131987119325694,-200,0,0,0,0,0,0,1,-0.51318353374032,2.19931216117605,-1.68548412648662,0,0,0
464,-203.288857995359,-0.00522810307952226,1.45660994263802,0.0880955803329537,0.00325633612605244,-0.0285839537318433,-203.296193265051,-0.185078245426238,1.37503627489949,0.0852056693985033,0.0161443125326612,-0.0450718882233916,-200,0,0,0,0,0,0,1,-1.92818040974909,-1.24427476241365,1.75711627254018,0,0,0
465,-203.201312350916,-0.00259389128369074,1.42909102658765,0.08699677218581,0.00201208318510282,-0.0264533966849237,-203.214062988988,0.201182135226152,1.50495027758141,0.0919568597542278,0.00338656629526936,-0.0207570350091998,-200,0,0,0,0,0,0,1,-2.7675599974468,-0.741020899979241,-0.934197054242841,0,0,0
466,-203.115861296252,-0.000952301100258796,1.40270963056326,0.0839055206512775,0.00127109113165026,-0.0263080340195079,-203.253604926576,0.0120710012688171,1.42244320778464,0.0759368353218667,-0.0106758466275288,-0.0327249446088972,-200,0,0,0,0,0,0,1,-1.08647367903478,1.04344266021524,0.427608045320434,0,0,0
467,-203.032439629036,0.000840520119080029,1.37668689334301,0.0829381847505815,0.00231454569095645,-0.0257370197583607,-203.14919158855,0.00195559539616806,1.47813154809468,0.100063714053928,0.00211781265739056,-0.0163907973177885,-200,0,0,0,0,0,0,1,-3.70798822829203,-0.215692456531392,-1.31718336441051,0,0,0
468,-202.951550840699,0.00304724168901044,1.35107902190855,0.0788396264895353,0.00209889183767606,-0.0254769145464125,-202.87873925523,0.0680134694905033,1.35381068955822,0.0860977471080084,0.00493101845289014,-0.0211478791553161,-200,0,0,0,0,0,0,1,-2.85229620034092,-0.629128784270021,-0.592833463584839,0,0,0
469,-202.874212202648,0.00483158710285906,1.32585597516346,0.0758379892534274,0.00146979305451765,-0.024967863124774,-202.892304929031,-0.148661100079384,1.57220471285446,0.072960680010783,0.00700256361776901,-0.0161777210688946,-200,0,0,0,0,0,0,1,-1.51145814301667,-0.402934161618132,-1.52663731881946,0,0,0
470,-202.799501560019,0.00609992334180711,1.30041886881205,0.0735829963175722,0.0010668739191971,-0.0259053656802788,-202.841529825618,-0.117265306120321,1.42171627973314,0.0858274863004476,-0.00596868685025904,-0.0250673020383073,-200,0,0,0,0,0,0,1,-2.89968897880931,0.831399297266545,-0.336702355635553,0,0,0
471,-202.727379452029,0.00758251483130272,1.27489875321709,0.0706616737429625,0.00189830390228212,-0.025133586916352,-202.626739022181,0.131125221142289,1.06391950499532,0.060852305669848,-0.0199306945790035,-0.00537380283920705,-200,0,0,0,0,0,0,1,-0.83175252262286,1.73081901561578,-1.59045872606993,0,0,0
472,-202.657560678079,0.0103462345643911,1.24911412724726,0.0689754142501005,0.0036291306474242,-0.026434933331275,-202.663887905465,-0.114725877633295,1.29768546362301,0.0662126973097402,-0.000312475395619274,-0.0311328817487063,-200,0,0,0,0,0,0,1,-1.29349392004469,0.260699294828517,0.51791724762461,0,0,0
473,-202.589135562678,0.0141057248063188,1.22306870910857,0.0678752713203609,0.00388984410681972,-0.0256554317791954,-202.700258439446,-0.106613893333412,1.1936616293486,0.0748580495419531,0.00997478474845253,-0.0382919902664711,-200,0,0,0,0,0,0,1,-2.08528807530273,-0.784250688178429,1.44187576794991,0,0,0
474,-202.521939708263,0.0176034583754618,1.19839846351858,0.0665174137293357,0.00310561669342008,-0.0236844766467084,-202.486412102749,-0.0710478181971955,1.07739683119375,0.0576384861516954,-0.010638176260159,-0.0290535068744339,-200,0,0,0,0,0,0,1,-0.791024409672056,1.20591326241029,0.750557025055883,0,0,0
475,-202.455692456852,0.0213120382409348,1.17509004562046,0.0659775252247708,0.0043115389325885,-0.0229321328035559,-202.50115533096,0.0103670451014752,1.23905516300291,0.0573642060081399,0.00402944147532003,-0.0292437620215897,-200,0,0,0,0,0,0,1,-0.734109938894976,-0.423678237734953,0.446265876153151,0,0,0
476,-202.390030892879,0.0254117446746591,1.15238721101596,0.0653459135236176,0.00388786884814768,-0.0224732689341893,-202.381556262335,-0.0200272972584832,1.02952437093843,0.0588568809023354,0.0233220873739109,-0.0107603380546353,-200,0,0,0,0,0,0,1,-1.12257556556375,-2.29215414287413,-0.983014936413324,0,0,0
477,-202.32551042689,0.0281535451325729,1.12960746027994,0.063694858560322,0.00159572597821765,-0.0230855206299864,-202.440842376114,0.259867856422242,1.26588607977187,0.0773490846755846,0.00168198391698583,-0.0281578919714628,-200,0,0,0,0,0,0,1,-2.85322371533,-0.687934104543067,0.284017037602533,0,0,0
478,-202.263101139838,0.0294053221389446,1.10718653294337,0.061124405389023,0.000907822506402415,-0.0217552206218613,-202.101856557074,0.117164753439353,1.1330600375576,0.0367775125731542,0.0096404050388874,-0.024056528110532,-200,0,0,0,0,0,1,1,0.525961856831787,-1.19837001076745,0.139532735938003,0,0,0
479,-202.201809305218,0.0297139594121059,1.08523049531332,0.0614591953229639,-0.00029055301367751,-0.0221570132680072,-202.234110455367,0.0912277582902074,1.24325009276502,0.0593033481025052,0.0105161024108272,-0.0238719481089299,-200,0,0,0,0,0,1,1,-1.46211389951728,-1.23406575766314,-0.0993053746370416,0,0,0
480,-202.141113365933,0.0288063841831446,1.06324176743867,0.0599329354883167,-0.00152460324571688,-0.0218197855560512,-202.322470327843,0.00906578681414677,1.11724958402053,0.0694348108225422,-0.009143617833725,-0.0363584031692114,-200,0,0,0,0,0,1,1,-2.29854042656815,0.896230209744206,1.40134114888007,0,0,0
481,-202.081951483944,0.0277299118916321,1.0424511890046,0.0583918322405323,-0.00062834751854783,-0.0197607112649378,-202.164664653836,-0.158383689322141,1.19780354948781,0.0512153972905036,-0.00980050329470941,-0.0254336445423641,-200,0,0,0,0,0,1,1,-0.792210421379016,1.29681770811522,0.147757355260789,0,0,0
482,-202.023966673295,0.0277499795359281,1.02281073666724,0.0575779957268045,0.000668478749971264,-0.0195198494440487,-201.952531898668,0.137875021947943,1.04670956437146,0.0587340731247048,0.00293904259973585,-0.0151939988308312,-200,0,0,0,0,0,1,1,-1.96834351513371,-0.56965430386947,-0.574019245659791,0,0,0
483,-201.96748418886,0.0281336441876401,1.00337758747913,0.055387152305683,9.88450320049212E-05,-0.0193455048337134,-201.973403109426,0.0145524244039375,0.866564615091326,0.0722074812514592,-0.00592817893371335,-0.000963205054767539,-200,0,0,0,0,0,1,1,-3.27394190629395,0.56371304456346,-1.6368087247059,0,0,0
484,-201.9140198291,0.0285143656190812,0.983969171344484,0.0515416156158125,0.000662591825016685,-0.0194696645321093,-201.791545223887,0.023925384357428,1.0672129956761,0.0474866748322081,-0.0045474420410382,-0.0206491177206795,-200,0,0,0,0,0,1,1,-1.16557703544744,0.406893435388964,-0.0695142192842422,0,0,0
485,-201.863099667062,0.0293804128317735,0.964621287004657,0.0502989150712875,0.00106949764041413,-0.0192255765208122,-201.848989204866,-0.11411153318179,0.649567448079127,0.0517806835562688,-0.00316965083409214,-0.0354842919686364,-200,0,0,0,0,0,1,1,-1.48008994589517,0.545188149772794,2.24929430070538,0,0,0
486,-201.813000607716,0.0307225163949831,0.946610731947281,0.0499003615991817,0.00161470318643749,-0.016795371237457,-201.806897238309,0.0356555142180901,0.840568689449973,0.0520894214552152,0.0126527954278941,-0.00555364205457343,-200,0,0,0,0,0,1,1,-1.59514766890402,-1.33659057122559,-1.1257731734426,0,0,0
487,-201.764161607806,0.0316689358442473,0.929580723848569,0.0477775323229057,0.000278128822734626,-0.0172637364573781,-201.721739569158,0.0785792718940349,0.91421161792186,0.0391583307811991,-0.00772584903489152,-0.0197974857667394,-200,0,0,0,0,0,1,1,-0.472353939803418,0.615426359701082,0.151325340830217,0,0,0
488,-201.716645601206,0.0322547833617386,0.912372618499148,0.047254628410613,0.000893560328886637,-0.017152260178721,-201.686556824591,0.0262214656736375,0.766656504883311,0.0575537806418051,-0.00642251720132443,-0.00626642276031145,-200,0,0,0,0,0,1,1,-2.38226441499918,0.589808788785168,-0.906670733735478,0,0,0
489,-201.670743746528,0.0334432633247537,0.895276198111429,0.0445492277706058,0.00148339387515357,-0.017039422923119,-201.605791423316,0.00850522196311815,1.09752711383779,0.0481959977457981,0.00444314302415199,-0.0159201936815223,-200,0,0,0,0,0,1,1,-1.60801692794851,-0.461324746341436,-0.603034859523355,0,0,0
490,-201.627134680397,0.0346960060576364,0.87824111379572,0.042669005853009,0.00102208585216305,-0.0170299458566797,-201.659078608184,0.0131620266019771,0.828721599764187,0.0485038958638646,-0.00295498466670645,-0.0211018723523705,-200,0,0,0,0,0,1,1,-1.53223237001899,0.269174413466691,0.452744035708674,0,0,0
491,-201.585115994716,0.0358526901600007,0.861660928706578,0.0413688501762209,0.00129127693669089,-0.0161298767550141,-201.474541227113,0.0965504587406875,0.863590142100857,0.0394953934851963,-0.0154428195158095,-0.0326019732160032,-200,0,0,0,0,0,1,1,-1.00045689429282,1.35118103409957,1.53301703739861,0,0,0
492,-201.543900933259,0.0378195662031044,0.846325010094447,0.0410620531913618,0.00264246974048249,-0.014541842967224,-201.670840545678,0.151046188258627,0.701652959365709,0.0249743131133697,0.00643956936766297,-0.0217185792812868,-200,0,0,0,0,0,1,1,0.844249780019384,-0.94604931328355,0.768552009397267,0,0,0
493,-201.502371121087,0.0399890113761675,0.831794283633983,0.0419976729483749,0.00169641197126757,-0.0145200267712123,-201.366478213707,0.17842854587412,0.852829473574599,0.047666900475144,0.00291360597648492,-0.0254524058553292,-200,0,0,0,0,0,1,1,-2.0337336201002,-0.648217689396731,0.839581638383725,0,0,0
494,-201.461144066148,0.0413613281672647,0.818017347543761,0.0404571735067946,0.00104821657389533,-0.0130331948096994,-201.567987096914,0.113148502374088,0.752871606764656,0.042156052043284,0.0065364296323964,0.00524086931728588,-200,0,0,0,0,0,1,1,-1.07963101050027,-0.879939967987816,-2.0298301452579,0,0,0
495,-201.421740331585,0.0419695834713625,0.804244365897596,0.0383497545977782,0.000168286668543017,-0.0145118738305896,-201.270042515858,0.115218101222486,0.823262612038427,0.0408475919341623,0.00199378659344556,-0.0133463008092264,-200,0,0,0,0,0,1,1,-1.54467416169973,-0.429814861789528,-0.311895143154218,0,0,0
496,-201.384227937666,0.0419229735464077,0.789858229544941,0.0366752339047193,-0.000261511938309959,-0.0142596928130969,-201.335445920438,-0.0965687689206742,0.827474547231871,0.0315538790747911,0.00137315678473411,-0.00839951890616857,-200,0,0,0,0,0,1,1,-0.484496066603239,0.0558218593679374,-0.814997203846885,0,0,0
497,-201.348050767485,0.0416893772111301,0.775247268304599,0.0356788957963608,-0.000205685495077829,-0.0149618169510081,-201.463470319021,0.00220708538100774,0.785483270801604,0.0269029657372172,0.0105487421240805,-0.0117912583695296,-200,0,0,0,0,0,1,1,0.236644064321101,-1.05928838317007,-0.391840704650248,0,0,0
498,-201.312452572629,0.0409540487554452,0.759942706614221,0.0355172918116018,-0.00126497667861127,-0.0156472519522365,-201.175002904753,-0.0292965771816153,0.91836174756744,0.0316506803809135,-0.0100097943168263,-0.0115195045519225,-200,0,0,0,0,0,1,1,-0.815062228585178,1.05957258604586,-0.684773039942635,0,0,0
499,-201.277546486322,0.0402188654059704,0.744083921666903,0.0342947924261852,-0.000205395888825318,-0.0160698081620793,-201.304144757109,0.0230237234019848,0.752747595960018,0.058174976577575,-0.00807400374793197,-0.00648662978560214,-200,0,0,0,0,0,1,1,-3.20920814353992,0.761352927989227,-0.856832213359822,0,0,0
500,-201.2449473702,0.040394166256348,0.728318787767821,0.0309037918430565,0.000555990655800531,-0.0154590206573226,-201.109011669055,0.209232324024039,0.819118907420941,0.00836744516018688,0.00202461936030149,-0.00905821658516464,-200,0,0,0,0,0,1,1,1.38127882209201,-0.620926584078227,-0.732416156325418,0,0,0
501,-201.213710901423,0.0406396886332431,0.712090769623172,0.0315685771361067,-6.4951188054596E-05,-0.0169973177830074,-201.124411502721,-0.0342078856026232,0.824208749388164,0.0224074808799037,-0.00320525187299585,-0.0236731061522416,-200,0,0,0,0,0,1,1,0.00807491745075639,0.388940958504832,0.718893116447829,0,0,0
502,-201.182049868635,0.0407692098268812,0.695293654579949,0.0317537491829623,0.000323990197720268,-0.0165970041560035,-201.175857435598,0.0156872719128933,0.608911856271567,0.0309145588918572,0.00701118140435999,-0.0125346894761859,-200,0,0,0,0,0,1,1,-0.739741017990276,-0.732492684261785,0.0356452350754557,0,0,0
503,-201.150696838943,0.0407269604524945,0.678784670085166,0.0309524726530623,-0.000408494575325456,-0.0164206432295838,-201.096328831725,0.130399081296588,0.58770848118211,0.0360693970299826,-0.00151620495292825,-0.0187765995199099,-200,0,0,0,0,0,1,1,-1.41428203954763,-0.109177667300352,0.702242989626774,0,0,0
504,-201.120272412505,0.0402638870768576,0.662909641632493,0.0298969376304315,-0.000517656655567122,-0.0153289788247079,-201.018900459868,0.11076698830125,0.634240341920956,0.044097189166694,-0.00818277387114635,-0.0101702041129997,-200,0,0,0,0,0,1,1,-2.37191799693356,0.596743410512134,-0.251460272541946,0,0,0
505,-201.09155418146,0.0400446176355394,0.647951170378277,0.0275399303134424,7.91118684982144E-05,-0.0145869742219803,-201.142900904188,-0.0927617413614045,0.580610395283048,0.0173316479065283,0.00766612101903631,-0.00850830109882889,-200,0,0,0,0,0,1,1,0.552637017722989,-0.581088619180822,-0.310390680683206,0,0,0
506,-201.063937457085,0.0398331851905619,0.632985427438785,0.0276932847118857,-0.000501982864644399,-0.0153445929871059,-200.931076313806,-0.0267431890645496,0.630835974653456,0.0277329723120138,-0.0154969829596697,-0.00550557028421528,-200,0,0,0,0,0,1,1,-0.911144603588381,1.60318467409607,-0.711114920885383,0,0,0
507,-201.036902602176,0.0401328017183589,0.617452284183137,0.0263763534214761,0.00110121101664413,-0.015721147148915,-201.012342509815,0.0270297239130299,0.596538630842521,0.0108770462180132,-0.015539258297692,-0.0222584321862766,-200,0,0,0,0,0,1,1,0.936980397829648,1.49986638194314,1.03276595694262,0,0,0
508,-201.00994920011,0.0419839440776924,0.601839557628632,0.0275306328270265,0.00260106814712899,-0.0155048126836377,-201.140716255849,-0.0081949902892785,0.551649642073466,0.0184931965062667,-0.0113219404312716,-0.0335462672619378,-200,0,0,0,0,0,1,1,0.432112861071017,1.14858402370572,2.25132744204685,0,0,0
509,-200.981755587969,0.0451593055583545,0.587095599040376,0.0288573262408099,0.00374964917457966,-0.0139836825407685,-200.805778107451,0.0421341742425516,0.525884107621596,0.0228042995144586,0.00683522065885661,-0.0021433010021392,-200,0,0,0,0,0,1,1,-0.668873736543057,-0.767790414370765,-0.837438115029273,0,0,0
510,-200.953481899924,0.0485250661272818,0.572808666858687,0.0276898798089465,0.00298186529848642,-0.0145897004764602,-200.858324127968,-0.0158614259173769,0.646932508330219,0.0211891773653956,-0.0120275479588972,0.00802220859491461,-200,0,0,0,0,0,1,1,-0.402269480604546,1.23447764772448,-2.0960858761519,0,0,0
511,-200.926575825652,0.0521241742126036,0.55730563921404,0.0261215819678854,0.0042163457344868,-0.0164157052225982,-201.025148835447,0.138375100330093,0.757085576363033,0.022952756523997,0.00408820195503915,-0.0109728581611849,-200,0,0,0,0,0,1,1,-0.244977981505648,-0.6855703961641,-0.416885336607578,0,0,0
512,-200.900751124007,0.0559977389130626,0.540665583281323,0.0255277203134812,0.00353077765290811,-0.0168641691868444,-200.892713116128,-0.0432416666772831,0.44626342721013,0.0127200292382187,0.00989390215045904,-0.0170687550074298,-200,0,0,0,0,0,1,1,0.513423308434575,-0.902906881691338,0.814348646322716,0,0,0
513,-200.874883555909,0.0590770638739134,0.523919768340116,0.0262076040417003,0.00262786588304576,-0.0166277644471038,-200.863981051609,0.0113249848258203,0.647435276506919,0.0164509343242254,0.021983188023191,-0.00594837079609623,-200,0,0,0,0,0,1,1,0.0828686707956063,-2.22096877197074,-0.700033473404215,0,0,0
514,-200.848902370807,0.0605944478734728,0.506863195697072,0.0257544910503846,0.000406895721441891,-0.0174852039963262,-200.959356070599,0.121766417191159,0.524079092975719,0.0187221695517758,0.00391864114195287,-0.0398207275435072,-200,0,0,0,0,0,1,1,0.0464951860204155,-0.635396948577606,2.93391456839928,0,0,0
515,-200.822475873939,0.0606836486885212,0.490528658902772,0.0270995628366009,-0.000228499623409148,-0.015184452144678,-200.761337259622,-0.0346640816339382,0.490780931085266,0.0286929730532332,0.010287251803312,-0.0212125620172037,-200,0,0,0,0,0,1,1,-1.3466227860799,-0.959397017063324,1.13969433954984,0,0,0
516,-200.795755039396,0.0599754610921853,0.476069708600106,0.0263428059063716,-0.00118788146061724,-0.0137331432614704,-200.847024313044,-0.0428858073181867,0.43459992210992,0.0366954720686225,-0.00207868491146453,-0.0142471197100824,-200,0,0,0,0,0,1,1,-1.97549858077501,0.293640105782826,0.555512126788396,0,0,0
517,-200.770207765536,0.0589344131388274,0.462969671739837,0.0247523595030365,-0.000894219888565171,-0.0124662774728982,-200.834580270392,0.013498786604337,0.464745399532768,0.0243794032954391,0.00910816695139727,-0.00544023233773903,-200,0,0,0,0,0,1,1,-0.768779788759746,-0.937814268348401,-0.385467565291632,0,0,0
518,-200.745966527691,0.0575712923928626,0.450427442537164,0.023730137668914,-0.00183202623214711,-0.0126177638865389,-200.858694987285,-0.0356424950128764,0.494452697947271,0.0272573405151304,0.001170396139861,-0.00458145325223669,-200,0,0,0,0,0,1,1,-1.00834407694328,-0.0457546239603473,-0.530760070670873,0,0,0
519,-200.72288752287,0.0557163967103133,0.437733001103066,0.0224278933349524,-0.00187777048300276,-0.0127705837898258,-200.698020757899,0.210299447467549,0.591785567722056,0.0272264658853603,-0.0235953156659481,-0.0201617430249456,-200,0,0,0,0,0,1,1,-1.32660507273899,1.93893267165972,0.832603167050447,0,0,0
520,-200.700902091266,0.0548081021166849,0.425555540315203,0.0215435519275211,6.11769310668771E-05,-0.0115839787625389,-200.668062813888,0.126623757665841,0.477016011572263,0.0107717530050911,0.000194646964228178,-0.0256485559754883,-200,0,0,0,0,0,1,1,0.258950327267203,-0.2727122117545,1.61082357440431,0,0,0
521,-200.678918726961,0.0547329250643538,0.41449827921765,0.022423701751691,-0.000211536890292109,-0.010530928475429,-200.814137200989,0.0207263603791194,0.534781843657661,0.00420518421194974,-0.0115318700768005,-0.0224558567857151,-200,0,0,0,0,0,1,1,1.20775598078267,1.11173428692181,1.17602199125618,0,0,0
522,-200.655755764291,0.0550772526272187,0.404064436129249,0.0239023896721512,0.000900185362959894,-0.0103373907293363,-200.764058784746,0.0436406216624343,0.374809682576059,0.00691041952892617,-0.0151692715453593,-0.0135503478705514,-200,0,0,0,0,0,1,1,0.837075616599606,1.42964591121106,0.605415421903017,0,0,0
523,-200.631418440561,0.0566922599907326,0.393671120999829,0.0247722957312672,0.00232982277601583,-0.0104496170622384,-200.566481248255,0.0195689113316485,0.407679413227435,0.0196649406267626,0.0185045722926402,-0.0143930409020617,-200,0,0,0,0,0,1,1,-0.833531566166653,-1.88959505192732,0.623945263751296,0,0,0
524,-200.606924858534,0.0580772929019997,0.383598503817606,0.0242152702594756,0.000440237058468572,-0.00969539105116923,-200.658566425104,-0.0783257196118592,0.429180234679732,0.0315060155609412,-0.00688595780253518,-0.0118350601107026,-200,0,0,0,0,0,1,1,-1.83346870588697,0.845247219477236,0.3251455417108,0,0,0
525,-200.583493229774,0.0589401662657266,0.374407719352353,0.0226484931907152,0.00128550406940987,-0.00868553329486446,-200.654781600378,0.0525943044672821,0.397602695792096,0.0315969112876718,0.0163618512836841,-6.16366309906385E-05,-200,0,0,0,0,0,1,1,-1.85012792801211,-1.74137373730297,-0.789041728485127,0,0,0
526,-200.561918998959,0.059354996919316,0.365754299131264,0.0205000758167856,-0.000455850502697524,-0.00862042070490712,-200.410877803543,-0.0333655715228638,0.286324698987441,0.0288780141617281,-0.0128181324992098,-0.00228133130417903,-200,0,0,0,0,0,1,1,-2.06604580908721,1.34854439296671,-0.34451626755698,0,0,0
527,-200.542471714675,0.0595734324006359,0.357414830241346,0.0183948071134072,0.000892715680594816,-0.00805765150538129,-200.377566457155,0.0494597499552345,0.255257609367155,0.0210528939587153,-0.00539095750221537,-0.00076624094958816,-200,0,0,0,0,0,1,1,-1.35015648156145,0.440176250311068,-0.433891123775495,0,0,0
528,-200.52484441665,0.0606862461876517,0.349418761512485,0.0168599210124566,0.00133290602382089,-0.00793385823764831,-200.509070741001,-0.0421456863400168,0.281032990027923,0.0226660084228131,-0.00702849148411455,-0.0160152426911937,-200,0,0,0,0,0,1,1,-1.24845936027843,0.787140521091489,1.03945828906353,0,0,0
529,-200.508329574019,0.0624127323100414,0.342154305629613,0.0161704009326474,0.00212006060583269,-0.00659477968429453,-200.43072632945,0.036340810880674,0.319472654069793,0.014594538942835,0.00102815214608671,-0.0095505182536284,-200,0,0,0,0,0,1,1,-0.598001235382912,-0.175496836370019,0.316106517223255,0,0,0
530,-200.492409486664,0.0644450505149034,0.335752302451577,0.0156700139123114,0.00194457037650285,-0.0062090301090546,-200.422157396708,-0.0121874798270632,0.146469531919914,0.00526085328661392,0.00249038908574221,-0.00437661983706468,-200,0,0,0,0,0,1,1,0.318229464753702,-0.224663948920095,0.144722919866641,0,0,0
531,-200.476640546968,0.0662772900905566,0.329427213853068,0.0158678473189319,0.00171990313834987,-0.00644124196078247,-200.359324259166,0.105489710701191,0.228226946247068,0.0308677493034714,0.00271852601712493,-0.00987924986613321,-200,0,0,0,0,0,1,1,-2.36812641201454,-0.482832023114875,0.531471094119185,0,0,0
532,-200.461724792797,0.0677557934096573,0.323728122026447,0.0139643565810536,0.00123709675277961,-0.00495616377314137,-200.492475332053,0.112916309995781,0.410626031047005,0.0175190195630844,0.0123249047144075,-0.00164730221974737,-200,0,0,0,0,0,1,1,-0.766951292202433,-1.45832309143232,-0.656521840119274,0,0,0
533,-200.448331741595,0.0682637355620806,0.318594301164412,0.0128216743810243,-0.000221218626845728,-0.00531101684278609,-200.520239657485,0.124815581897227,0.509366405409129,0.0102641559657975,0.00248055601055858,-0.00675494388427237,-200,0,0,0,0,0,1,1,0.0140637183899255,-0.497686764850313,-0.343238422391021,0,0,0
534,-200.435666348482,0.0677936758094163,0.313039086836524,0.0125089864880407,-0.000718905789084957,-0.00579929216479477,-200.45036602673,0.0241284866213249,0.0586208413030496,0.00430744270413641,0.00520200135952513,-0.00595060891605975,-200,0,0,0,0,0,1,1,0.469987783046178,-0.568457109195163,0.477819208999876,0,0,0
535,-200.422906390503,0.0667905419243881,0.307229053817936,0.0130109955436723,-0.00128736757147472,-0.00582099517537304,-200.491668262648,-0.0382319085652499,0.212941974396008,0.0134414452488071,-0.0214939557942971,-0.0247479935642548,-200,0,0,0,0,0,1,1,-0.360807999584926,2.22585939656021,2.04891540763347,0,0,0
536,-200.409591949252,0.0666161094602085,0.302283728592332,0.0136186876286837,0.000938497144342172,-0.0040699188045622,-200.479466165347,0.00399637781922739,0.0529739595876832,0.00952369170217316,0.00645215999292564,0.00873916298916423,-200,0,0,0,0,0,1,1,0.00656316047746264,-0.653208754931018,-0.97986421809179,0,0,0
537,-200.396296966016,0.0672280046963679,0.297699167226272,0.012970928927703,0.000285287622125943,-0.00509894935239558,-200.414324185633,-0.0299639295112868,0.429930552353337,0.0196896469306519,-0.0287412781047226,-0.00302388830912096,-200,0,0,0,0,0,1,1,-1.14031632179906,2.93405566949484,-0.557472273794578,0,0,0
538,-200.384030733675,0.0689803287203305,0.292564944384787,0.0115615848024276,0.00321935505454758,-0.0051689233536022,-200.362341341337,-0.010552490360765,0.193817433666368,0.0132787553212858,0.00388228599463424,-0.00667819489269516,-200,0,0,0,0,0,2,1,-0.603192849454894,-0.367123618741893,0.28018462193678,0,0,0
539,-200.372726337187,0.0720161283177322,0.287580166126866,0.0110474351977416,0.00285223806993827,-0.00480043345339309,-200.392943709538,0.193062300974166,0.451730079075287,0.016268253900584,0.0050301827372364,-0.0180135407544777,-30,0,0,0,0,0,0,2,339.159062029018,-0.889142875671973,0.897893917297201,0,0,0
540,-200.216819809203,0.0744219903334757,0.19464033915783,0.300693083480485,0.00195947854800135,-0.181198577162335,-200.325370473394,-0.0198521867158226,0.192379796478602,0.307226211105926,0.00937902817419722,-0.199194123888808,-30,0,0,0,0,0,0,2,309.928119836195,-0.898198443988076,19.5346527959236,0,0,0
541,-199.779084185424,0.0759307269442012,-0.0594764694475679,0.574718399025677,0.00105798856537567,-0.327147775979512,-199.789476813787,0.216043852786985,-0.0165635406456543,0.569674034790075,0.0205494541612396,-0.308389923577566,-30,0,0,0,0,0,0,2,282.611550148568,-2.48703312169793,30.8721194390479,0,0,0
542,-199.076181068375,0.0757437054184957,-0.447906734364461,0.831037847157952,-0.00143203662659697,-0.449818035595802,-199.115242571942,0.176781145925764,-0.583985863844859,0.827352830377597,-0.0137621017701775,-0.457246427298547,-30,0,0,0,0,0,0,2,255.495202106125,1.02264788516622,46.8926144575445,0,0,0
543,-198.124465883807,0.0748216499116411,-0.94539954599225,1.07235389976441,-0.000412080131537947,-0.545266529766686,-198.088104894699,0.00119136797606778,-0.997872279181915,1.06546418795431,0.0087535323427997,-0.561733283143004,-30,0,0,0,0,0,0,2,229.629790993967,-0.877735970232105,58.1690728726643,0,0,0
544,-196.93960750067,0.0739695020565106,-1.52705591158234,1.29733366314648,-0.00129222354911794,-0.618138271778754,-196.808028562316,0.0933089733774307,-1.57694710628969,1.29243915132551,0.0129268303813983,-0.608464018866216,-30,0,0,0,0,0,0,2,204.37214199208,-1.47930098489469,64.000296099201,0,0,0
545,-195.539075106035,0.0719365637031916,-2.17274869193107,1.50370930118781,-0.00277365841999531,-0.673331564969604,-195.55967743012,0.0366413301295795,-2.07585644452774,1.50980817862287,0.00247087620175729,-0.666156086329449,-30,0,0,0,0,0,0,2,180.138536997953,-0.320370280434888,70.7673215220004,0,0,0
546,-193.94076168587,0.0690017874952081,-2.86463966150826,1.69290319176777,-0.00309589927668902,-0.710527460852923,-193.943432921878,0.164586937463621,-2.94108141757239,1.71337430046028,0.0073840977606374,-0.71081850295301,-30,0,0,0,0,0,0,2,156.549435797727,-1.06758365099098,76.9640131304458,0,0,0
547,-192.16169509337,0.0653712922501325,-3.58511498109702,1.86522278289691,-0.00416509747868186,-0.73049321403995,-192.210596938508,-0.0370816572705885,-3.47237287611349,1.87779133406203,-0.00575949440723881,-0.741531795547189,-30,0,0,0,0,0,0,2,136.642060470814,0.650112755265058,81.0979253069458,0,0,0
548,-190.217700160115,0.061530554662346,-4.3187632749378,2.02276549787208,-0.0035163839966286,-0.736867231852195,-190.215446596439,-0.0270598688776232,-4.39179605746484,2.01782553985117,-0.0114517949436077,-0.726891832392163,-30,0,0,0,0,0,0,2,118.648339207761,1.19929923211601,81.472775354146,0,0,0
549,-188.123710374896,0.0586132197789008,-5.05406971464282,2.1652163923161,-0.00231829184843542,-0.733803214442304,-188.002573953551,-0.0825997664819256,-5.05373061521327,2.16273215924818,-0.00399245879995591,-0.719388163812803,-30,0,0,0,0,0,0,2,99.7319319822832,0.564445412959443,82.0462776117069,0,0,0
550,-185.895141012474,0.0565766498495839,-5.78124313416594,2.29192882707943,-0.00175485136117415,-0.720594651409871,-185.873825880907,0.166689822081201,-5.88759552262907,2.29058062611301,-0.0212139522947144,-0.723951810541626,-30,0,0,0,0,0,0,2,82.6895891505123,1.78801558530904,84.1703720994208,0,0,0
551,-183.546508374527,0.0557153982329963,-6.48995092576499,2.40534725731778,3.2342585617426E-05,-0.696866432681389,-183.182473244265,-0.0350493209893127,-6.65986084677879,2.41372839267215,-0.000814599462399943,-0.715540583100347,-30,0,0,0,0,0,0,2,64.992107221316,0.15155858821862,84.8737800035923,0,0,0
552,-181.091743305741,0.0558232066414567,-7.17008032295874,2.5041976510935,0.000183268788492331,-0.663431829582931,-181.148265139098,0.0215207852756392,-7.10378944777681,2.50569029627106,0.002390952571235,-0.653871898526898,-30,0,0,0,0,0,0,2,51.7275006510894,-0.282136827674778,79.5947687482434,0,0,0
553,-178.545105962622,0.0558651623077998,-7.81561234399753,2.58909275620256,-9.93627303640937E-05,-0.627665911240545,-178.415261058508,0.0696627407741624,-7.75253681336168,2.58724271475684,0.00899329801357149,-0.631177361532484,-30,0,0,0,0,0,0,2,38.1062506413318,-1.03865528290547,78.6228097799718,0,0,0
554,-175.919554853102,0.0552462994203988,-8.42227339134359,2.66202770017563,-0.0011383681216433,-0.585684942102374,-175.82449206718,0.0430137784389648,-8.64762717884666,2.66805439972596,-0.00416942067824296,-0.599510708242577,-30,0,0,0,0,0,0,2,24.8435441617646,0.330914510946366,77.246325181951,0,0,0
555,-173.226995741667,0.0542732860456106,-8.98409535164246,2.72311106594982,-0.000807663255102051,-0.53798285124301,-173.315219935455,-0.158788506810773,-8.92995581315979,2.73133866748132,0.01097914930987,-0.549036682471227,-30,0,0,0,0,0,0,2,13.4965731227779,-0.780337917365455,72.7635798734423,0,0,0
556,-170.479287355063,0.0530754107983619,-9.49716228361065,2.77232708218014,-0.00158809300403629,-0.488170010258781,-170.463100622549,0.18751775718626,-9.59258609514786,2.76036001981125,-0.00877087638726877,-0.481818655698067,-30,0,0,0,0,0,0,2,4.89019926397384,0.502052124354356,67.3670377601024,0,0,0
557,-167.687378066984,0.0517383447741134,-9.96046121446539,2.81151280459477,-0.00108604478229898,-0.438442730509033,-167.691342093506,0.0415383478162407,-9.97952794073097,2.82050718729182,0.00705958990173745,-0.43465462802719,-30,0,0,0,0,0,0,2,-6.66803454216961,-0.789035685806226,63.4245186841809,0,0,0
558,-164.862158089785,0.0502578431428104,-10.3726584648054,2.83894954080738,-0.00187496392327594,-0.385961847672251,-165.003465882238,0.103095450791592,-10.4249778835365,2.82607175286725,0.00916326281092256,-0.39655351902993,-30,0,0,0,0,0,0,2,-12.6002435222496,-1.12251718267544,60.505307670066,0,0,0
559,-162.012721230809,0.047821712393181,-10.7320527816629,2.85994679140541,-0.00299730338650587,-0.332834222016488,-162.003047854836,0.0233996522703065,-10.7207764147081,2.87809682717454,0.00663339538013343,-0.32988792292394,-30,0,0,0,0,0,0,2,-23.8035870077815,-0.710138842553956,54.4303451218102,0,0,0
560,-159.148576812659,0.0444694891022593,-11.037908741551,2.86836495017117,-0.0037071493681885,-0.278880019001429,-159.154666814658,0.214648861543341,-10.9561926407045,2.85648648241392,0.0040270905719851,-0.293530371059886,-30,0,0,0,0,0,0,2,-27.339314612076,-0.832006780285193,51.2654223873975,0,0,0
561,-156.278286234313,0.0403465033088316,-11.2902058648155,2.87223874931808,-0.0045388278441154,-0.225714693303177,-156.175506440268,0.00543057998403868,-11.1809118118672,2.86655706287182,-0.0159580357617187,-0.235044152374693,-30,0,0,0,0,0,0,2,-34.3046934066468,1.58494241620379,45.8662388612038,0,0,0
562,-153.408441729493,0.0366003492498831,-11.4897478926308,2.8674724251253,-0.00295348670516598,-0.173366326969227,-153.426380132251,0.0458466431456602,-11.4220388058426,2.84883637697295,-0.000594899850459931,-0.181988366589341,-30,0,0,0,0,0,0,2,-38.030877432794,-0.0322033012453272,41.0429142706192,0,0,0
563,-150.546164275871,0.033630981318963,-11.6379652217013,2.85710377946494,-0.00298525499531454,-0.123063022100555,-150.629373346602,-0.128720497030123,-11.7313928756133,2.83664848963038,-0.00742358145131533,-0.127002793018841,-30,0,0,0,0,0,0,2,-42.4061022698348,0.999799139191779,36.1630650531107,0,0,0
564,-147.697348370862,0.0311458678035535,-11.7367430300474,2.84054858312963,-0.00198497767376021,-0.0744847959834912,-147.586650734973,0.204621902609409,-11.7532178377512,2.84261735139229,0.00123455743109878,-0.0798426883871134,-30,0,0,0,0,0,0,2,-49.088433669284,-0.532699548328696,31.4907045142138,0,0,0
565,-144.869099472164,0.0288948163645604,-11.7870875354995,2.81596960152032,-0.00251713111879444,-0.0261931935901914,-144.92976998879,0.100554811055142,-11.8006833503403,2.83035132759633,0.0176327140977316,-0.0419489852388638,-30,0,0,0,0,0,0,2,-53.1755927820519,-1.96438103188345,27.796265224567,0,0,0
566,-142.06808560654,0.0253957913018452,-11.7895605983234,2.78607812946067,-0.00448092509438459,0.0212602164055099,-142.221821080745,-0.19762741539739,-11.7510793923945,2.78811373938936,-0.010379964236609,0.0163549307885133,-30,0,0,0,0,0,0,2,-54.367731777446,1.43325125445568,21.8666657059378,0,0,0
567,-139.299006071838,0.0216317920417059,-11.7467142015727,2.75209917792805,-0.00304707832256816,0.0644473528043709,-139.298479616935,0.0552402161326101,-11.708283157085,2.7370129855015,-0.00693873363431499,0.0608303750651381,-30,0,0,0,0,0,0,2,-55.1043393162798,0.583392931166279,17.3335288076562,0,0,0
568,-136.565386231119,0.0188767128861918,-11.6623438538131,2.71515736076636,-0.00246308525939174,0.104309291467081,-136.668573721234,0.08864901662972,-11.6092095379625,2.7077472417703,0.00680670088404146,0.125770107726423,-30,0,0,0,0,0,0,2,-57.4375767345622,-0.857968121663586,10.6414083032827,0,0,0
569,-133.871450095688,0.0159849563082633,-11.5402453809949,2.6727300133689,-0.00332043316480541,0.13990577818279,-133.799818537952,0.224297184232666,-11.4583168086972,2.65711358800601,0.00886647950406931,0.120324312847453,-30,0,0,0,0,0,0,2,-58.1117217246963,-1.33524231887226,10.8842023326491,0,0,0
570,-131.220113450109,0.0119972185931495,-11.3822113739906,2.6299586045341,-0.0046550479002923,0.176180473186391,-131.29228173999,0.0391141614168424,-11.3357620029998,2.65337222955601,-0.00151499696089611,0.183700180151212,-30,0,0,0,0,0,0,2,-62.7526594756202,0.0732713732559265,4.30150599087844,0,0,0
571,-128.615237565174,0.00737914495558527,-11.1893529544479,2.57980728698447,-0.00458110415682162,0.209557523609973,-128.509361954431,-0.0119481846382211,-10.9377157294233,2.58082741424702,0.0252657525667638,0.205839419054523,-30,0,0,0,0,0,0,2,-61.0640175158401,-2.50267888739994,1.2914895533943,0,0,0
572,-126.060579722358,0.00154703038650113,-10.9647762798122,2.5295211522246,-0.00708313084552663,0.239617003039051,-126.107239862059,0.111652142103891,-10.9931541306207,2.52459898919138,-0.00248945826864056,0.232864861192689,-30,0,0,0,0,0,0,2,-60.2454191950205,0.0256415426562741,-1.30017785802754,0,0,0
573,-123.556531377205,-0.00552295607939294,-10.7113865893198,2.47858725689859,-0.00705684769028638,0.267183784683074,-123.56441475723,-0.124710127559351,-10.5677578899212,2.47815647096423,-0.00570241450581652,0.255543929246411,-30,0,0,0,0,0,0,2,-60.6868175819623,0.819661705700353,-4.41887714479867,0,0,0
574,-121.104416309681,-0.0121696477226447,-10.4315533891894,2.4256536605031,-0.00623654189672978,0.292504780246453,-121.086196117742,-0.0495838008422415,-10.5324594425927,2.41349714108889,0.0090507989656116,0.293997097281173,-30,0,0,0,0,0,0,2,-59.1773218734062,-0.805912294876677,-8.33479084293194,0,0,0
575,-118.705637812031,-0.0188088293069124,-10.1283854867018,2.37191249945745,-0.00704182900927461,0.313853481111772,-118.862231800311,0.0592756979242168,-10.0628652753957,2.37493302683017,-0.0146215076956055,0.303723488888571,-30,0,0,0,0,0,0,2,-59.768839082395,1.34359937371212,-10.2466183380658,0,0,0
576,-116.3613427421,-0.0251785405265992,-9.80444087086424,2.31668631513944,-0.0056975995089153,0.334058754842499,-116.381301526849,0.134561198318447,-9.83478986043181,2.32632763006817,-0.0188817568105461,0.321736991109171,-30,0,0,0,0,0,0,2,-59.8701599531186,1.61905328441772,-12.5041193900534,0,0,0
577,-114.072907390276,-0.0300662951857197,-9.46113942244197,2.26019235260819,-0.00407791663895191,0.352567607945971,-114.055740859697,-0.0203504130626142,-9.53594602350011,2.26277508487556,-0.00978815536968352,0.369625131092386,-30,0,0,0,0,0,0,2,-58.166026768161,1.01951636309358,-17.8906210622384,0,0,0
578,-111.841703381689,-0.033634145524296,-9.10197908173577,2.20222149432427,-0.00305779272131594,0.365777081231441,-111.872209905339,-0.119862195760975,-9.00045458842461,2.20965099243614,-0.000446063065646056,0.356098719901487,-30,0,0,0,0,0,0,2,-57.220679432936,0.284330698086555,-17.6089628132994,0,0,0
579,-109.66798018331,-0.0365494700859099,-8.72967856556584,2.14523064448618,-0.00277286434878618,0.378847529430523,-109.759875688954,-0.0427772198850576,-8.69379267171363,2.14919486131456,-0.0126776509896671,0.368545611403287,-30,0,0,0,0,0,0,2,-55.3997347535482,1.35331953873682,-19.4669757969014,0,0,0
580,-107.550979224465,-0.0386453831491993,-8.34551318340489,2.08877603164838,-0.00141896788487428,0.38950655780039,-107.727919299548,-0.0428111582423313,-8.38962143788885,2.09085365151756,0.00635346486579222,0.381566601541113,-30,0,0,0,0,0,0,2,-53.6295265526607,-0.549724170094559,-21.3774172783337,0,0,0
581,-105.490203838901,-0.0403389322379178,-7.95190327388732,2.03277850963945,-0.00196813538137594,0.397736358540558,-105.549136128224,0.219750521626536,-7.94839333608122,2.04456893746054,-0.0104303766079781,0.401887894508445,-30,0,0,0,0,0,0,2,-53.3586214896056,0.60353661754474,-24.2920027786821,0,0,0
582,-103.486103123229,-0.0420050209634186,-7.55128584949243,1.97542570341761,-0.00136404707017136,0.40352208073083,-103.496186006469,-0.0694410793128015,-7.34393996805692,1.97554796192238,-0.000571256806647775,0.39183777256306,-30,0,0,0,0,0,0,2,-50.5624241792998,0.196007839290381,-24.4958973201922,0,0,0
583,-101.53823601728,-0.0432708004051473,-7.14566704805735,1.92031064450017,-0.00116751750206724,0.407738182385664,-101.587204897078,0.0978007138467912,-7.18323263195172,1.91392178621813,-0.0010579625539717,0.398791058256596,-30,0,0,0,0,0,0,2,-48.2177688276577,-0.0898051722964121,-25.5126405617562,0,0,0
584,-99.6447798242434,-0.0444829695834182,-6.73683472319835,1.86660306810076,-0.00125682668352089,0.409948530324512,-99.7562827133464,-0.2526843803425,-6.86456588658129,1.8667401719979,-0.00853866011908861,0.412375583084545,-30,0,0,0,0,0,0,2,-47.1614517730973,1.35923477259386,-27.5084265352919,0,0,0
585,-97.8051376852242,-0.0450599344680163,-6.32684954132008,1.81268168230058,0.000102891384554081,0.410043935185326,-97.7021042293499,0.0316306800872828,-6.19995882164068,1.81497650297423,-0.00523183203409665,0.426070982589082,-30,0,0,0,0,0,0,2,-46.0934418387232,0.459921843235099,-30.2071806156268,0,0,0
586,-96.0197162502028,-0.0447268438620854,-5.91812238229874,1.7581605781631,0.00056328320341072,0.407432674283844,-96.0810512929024,0.0827223721953333,-5.71117378508975,1.76762054546318,0.00452944385905354,0.408942513117912,-30,0,0,0,0,0,0,2,-44.5999519605135,-0.618389130296021,-29.4719037416117,0,0,0
587,-94.2879922866744,-0.0444725253878545,-5.51204663500889,1.70528669133542,-5.46513573649772E-05,0.40474041996392,-94.3889677532177,0.0512881393505447,-5.69793462006916,1.72203819728314,-0.00562151002026636,0.389060281601932,-30,0,0,0,0,0,0,2,-43.4258842218784,0.459574723325547,-27.5101589200548,0,0,0
588,-92.6081120260244,-0.0442971648434779,-5.10810701638887,1.65447359308005,0.000405366817161841,0.403159563668787,-92.5588840228689,-0.128850884930196,-5.04033892314219,1.6485098108581,0.0167194137480172,0.411752981979942,-30,0,0,0,0,0,0,2,-39.733213040072,-1.41423960494133,-31.0946203517098,0,0,0
589,-90.9785033228126,-0.0445987140328373,-4.708201407594,1.60474163750741,-0.00100847128126463,0.396671932823025,-90.9638945921529,-0.144629834956821,-4.72305568783739,1.58471215414078,-0.0114028641985669,0.390731845304105,-30,0,0,0,0,0,0,2,-36.5434262297721,1.42954608977033,-29.6270731547357,0,0,0
590,-89.3968992004306,-0.0448922249774203,-4.31499805143612,1.55846425346051,0.000421443343344763,0.389753664450896,-89.4446356458525,-0.128801960576499,-4.29039980328851,1.55927514074262,-0.00425779721421309,0.373326688164292,-30,0,0,0,0,0,0,2,-37.0382427825572,0.683383642574306,-28.7518692098522,0,0,0
591,-87.8615418577673,-0.0441289003582476,-3.92815505288631,1.51224850278457,0.00110520142121366,0.383951153600936,-87.8516418913635,0.00557233774711965,-4.01763427692559,1.51756635817892,0.0104858113123861,0.388562480257304,-30,0,0,0,0,0,0,2,-36.0533520351653,-1.05972580673285,-30.8209794718793,0,0,0
592,-86.3725727544996,-0.0435533778536724,-3.54819171188774,1.4656869200628,4.58380693616304E-05,0.375994437889086,-86.1690600440144,-0.119165153126716,-3.78509073836787,1.46026628730779,0.0026752133407757,0.398861049984177,-30,0,0,0,0,0,0,2,-33.6885086427503,-0.0291910278241368,-32.315923521682,0,0,0
593,-84.9296082587343,-0.0435219645646034,-3.17740794850269,1.42023832827339,1.69831997000286E-05,0.365591529626444,-84.9769984299346,-0.130946439164802,-3.19908174605089,1.41662896529709,0.00417172336277456,0.369095586082656,-30,0,0,0,0,0,0,2,-31.7088996698398,-0.155279457947852,-30.5113951161638,0,0,0
594,-83.5307787303873,-0.043582460655957,-2.81677522213125,1.37741717066453,-0.000137979923432262,0.355691296574559,-83.5918881300991,-0.0798142360004246,-2.68500004281863,1.38916333029982,0.000527060179563505,0.356236167794061,-30,0,0,0,0,0,0,2,-31.7325567697834,0.106922454044499,-30.2536166937689,0,0,0
595,-82.1747188121671,-0.0436668180811737,-2.46587711769521,1.3346992348909,-3.07406974373501E-05,0.34612220869344,-82.0895925987441,-0.105957567210694,-2.49386076586979,1.33778202216177,-0.0212887113198941,0.342011976603905,-30,0,0,0,0,0,0,2,-29.599017018689,2.3407862664108,-29.213476128651,0,0,0
596,-80.8602118717437,-0.0425270154442524,-2.1246616212919,1.29431112051903,0.00231034032840335,0.336325136244019,-80.6746050742568,-0.0357565545260482,-2.02017796638115,1.29173576221419,-0.0199365837345289,0.340265654446636,-30,0,0,0,0,0,0,2,-27.8243660729053,2.06517148250499,-29.9862095119013,0,0,0
597,-79.5855846574946,-0.0391839487265897,-1.79401106939972,1.2549391793294,0.00437578709327472,0.324991888059124,-79.6592568095221,0.00178546077088459,-1.93616144928829,1.24843152022089,-0.0195552618675473,0.335193354809467,-30,0,0,0,0,0,0,2,-25.5246384030446,1.95195526521296,-29.6470125823702,0,0,0
598,-78.3492944026272,-0.0338320566147659,-1.47515004764881,1.21763684376041,0.00632799335407762,0.312745234277762,-78.260656405292,0.119904869253997,-1.31614985404204,1.23594829952099,0.0187750231547632,0.329496332967644,-30,0,0,0,0,0,0,2,-27.0735171415152,-2.11731205398431,-30.3173335886803,0,0,0
599,-77.1511490243812,-0.0285625829067583,-1.16833331313456,1.17864958152683,0.00421094833436763,0.300903934782405,-77.2178204626772,0.0372708317597492,-1.15687590360032,1.17434638168167,-0.0107215378170553,0.285226001044241,-30,0,0,0,0,0,0,2,-22.9989972428127,0.997612118186031,-26.2088482972234,0,0,0
600,-75.9891644394023,-0.0238527123815901,-0.872755802720615,1.14531571940903,0.00520878697751743,0.290264561519169,-75.9446214061101,0.13340851436815,-0.847669191462618,1.14410967494815,0.0183895586450804,0.278182558341745,-30,0,0,0,0,0,0,2,-22.5217246825951,-2.10577289324434,-26.1229174512492,0,0,0
601,-74.8603038265231,-0.0196966980227806,-0.587875933362782,1.1124015909319,0.00310323557805766,0.279508460082259,-74.9958849990635,0.01052809878821,-0.449008257221611,1.11656435347292,-0.00482735146712983,0.283628878745934,-30,0,0,0,0,0,0,2,-21.6646653491652,0.461678949136563,-27.4648713601502,0,0,0
602,-73.7643926943907,-0.0163625142173813,-0.314508141467015,1.07941617121998,0.00356512591908843,0.267240403605625,-73.8029421976475,0.0623348280765399,-0.172707014739619,1.07952321897051,0.00234704164100921,0.270344888427681,-30,0,0,0,0,0,0,2,-20.3464375017557,-0.359373820254001,-26.6890748132889,0,0,0
603,-72.7007173917414,-0.0129769737379457,-0.0534197140387649,1.04792992234488,0.00320594998734971,0.254949120614368,-72.6578618709386,-0.0721984789092956,-0.201131183476303,1.0650711147994,0.0178378199892252,0.254318134262567,-30,0,0,0,0,0,0,2,-21.1913877380631,-1.63938504110392,-25.0295510593041,0,0,0
604,-71.6684223797818,-0.0105906092295942,0.196338852038996,1.01665633024483,0.00156677303914483,0.244580569540678,-71.7864743180366,0.134761452605947,0.379458618407658,1.00768963190989,0.00200008273169143,0.244322864994271,-30,0,0,0,0,0,0,2,-17.1960145549153,-0.469531178381036,-25.1912037362424,0,0,0
605,-70.665809574578,-0.00925851660563193,0.43457122173131,0.988564618752236,0.00109740721723249,0.231895477552584,-70.7068953232228,0.013499326528036,0.446287889998749,0.986551842074547,0.00526498602416201,0.245677200695642,-30,0,0,0,0,0,0,2,-17.2413935610092,-0.553497255472273,-25.4602958495617,0,0,0
606,-69.6913972593358,-0.00843777258102988,0.660054272351767,0.960255299280779,0.000544075618496177,0.219081983237174,-69.7050325499694,0.034345116589332,0.73605808796483,0.970775213231085,0.000180880362925296,0.219313961941406,-30,0,0,0,0,0,0,2,-17.6674562231697,-0.0867782694711935,-23.4035123700702,0,0,0
607,-68.744901665247,-0.00793699763202837,0.873726171178758,0.932731945040964,0.000457469021594242,0.208272841317758,-68.8785434979467,-0.115263384545827,0.904717356206217,0.952355122649986,-0.00552498189567422,0.22025117854214,-30,0,0,0,0,0,0,2,-17.4784252691051,0.783024958659076,-23.8345525666264,0,0,0
608,-67.8259855314633,-0.00708792695457597,1.07639087619868,0.905096230345746,0.0012406633245537,0.197067616453896,-67.8009795275071,0.0410206939504786,1.13999721219522,0.887115038687489,0.0146625214966982,0.20456121299637,-30,0,0,0,0,0,0,2,-13.1095448137347,-1.54829353757078,-22.7361157240274,0,0,0
609,-66.9326070788175,-0.00662134587418247,1.26709606197301,0.881656002549516,-0.000307506680869289,0.184352167181144,-66.8327844106955,0.0336792565035893,1.35804238875386,0.878553766778833,-0.00383006984027046,0.196952021126095,-30,0,0,0,0,0,0,2,-14.1898078564923,0.315648471019868,-22.4112868901172,0,0,0
610,-66.0630350685587,-0.00677095751380009,1.44555453818319,0.857483706461286,8.27708297815997E-06,0.172574455643908,-66.0632649481001,-0.081732550800165,1.42450049359522,0.847281209084196,0.00112382777667606,0.189516030139543,-30,0,0,0,0,0,0,2,-12.6015910122194,0.0510823239327245,-21.8006040011447,0,0,0
611,-65.2168214414609,-0.00673707648670517,1.6120637982966,0.834939107841862,5.94781931773925E-05,0.16045309074144,-65.0566487051998,-0.0668675618666897,1.72314115697296,0.843796232771472,-0.00259746070189875,0.16052640822158,-30,0,0,0,0,0,0,2,-14.2663258667476,0.393481193923255,-19.4989231361039,0,0,0
612,-64.3931947129304,-0.00648078615181833,1.76789876523321,0.812311017964952,0.00045309757639649,0.151225877634587,-64.5403209793386,-0.0620882036091983,1.71933275529774,0.804270724035903,-0.00528328343749258,0.159262846787933,-30,0,0,0,0,0,0,2,-11.346430444913,0.652504750967655,-19.3649501893888,0,0,0
613,-63.5909683167748,-0.00570137992030694,1.9137564649409,0.792137871475452,0.00110570947251799,0.140497597191845,-63.8291601515482,-0.0934426848427278,2.04132965172205,0.776269801063094,0.00378615901098739,0.139846492417057,-30,0,0,0,0,0,0,2,-9.96865980321309,-0.191730531413283,-18.0673085451498,0,0,0
614,-62.807990809437,-0.00469148612107747,2.0490498146875,0.773813367254321,0.000914072325702073,0.130096452183475,-62.8377735907737,-0.0656077840273872,2.07710262956127,0.751277099466719,0.00346012852269987,0.134278062690125,-30,0,0,0,0,0,0,2,-9.4521627651246,-0.214797284215213,-17.582011528135,0,0,0
615,-62.0429985422606,-0.00388476581652532,2.17401569248313,0.756167448991534,0.000699363260717824,0.119842376920865,-61.9845799733186,0.00243942889180505,2.30689291469223,0.756737632577982,-0.00889812626647224,0.0968809123241235,-30,0,0,0,0,0,0,2,-11.7046033111609,0.884933768863614,-14.3018770617968,0,0,0
616,-61.2956492690504,-0.00274287555400867,2.29073817537821,0.738528912814062,0.0015844116214796,0.113609642771214,-61.4071498768932,-0.0672388128428208,2.42581439659479,0.723801419314852,-0.00108415680559784,0.1275950216075,-30,0,0,0,0,0,0,2,-9.5658421776988,0.242893306245425,-17.6111309539396,0,0,0
617,-60.56601558756,-0.0010369699152712,2.39928022221784,0.720734783098711,0.00182739434126227,0.103481546935526,-60.6464604656484,-0.0478349941945865,2.37596033127804,0.718949310400687,-0.0124258807662102,0.103996538913989,-30,0,0,0,0,0,0,2,-10.6020101087718,1.33825806501019,-15.151574553955,0,0,0
618,-59.8539067379002,0.00145960722118969,2.49902013834967,0.703480258883248,0.00316575463291114,0.0960051581389693,-59.8664443698138,-0.0579971907107439,2.35738764794985,0.700031705362378,0.00110200568984553,0.0890775265568665,-30,0,0,0,0,0,0,2,-10.2702817966102,0.0057938124369345,-13.6225279515863,0,0,0
619,-59.1584858789836,0.00462831157944702,2.59183528238599,0.68735922117337,0.00317164822498157,0.0896315557479532,-59.1216283335416,-0.0338304308027749,2.51687916690647,0.678037591498445,0.00956936272455917,0.0929791628493573,-30,0,0,0,0,0,0,2,-9.56050248276124,-0.889275410850367,-14.3316746187487,0,0,0
620,-58.4791059135549,0.00735537054202346,2.67780200948491,0.671398110974593,0.0022824645158035,0.0823082508178314,-58.6075140584213,-0.131398840656489,2.58396166894232,0.674879930069091,0.0409107445884742,0.0910517271073359,-30,0,0,0,0,0,0,2,-10.2729648900664,-3.82827677753444,-14.2730960486182,0,0,0
621,-57.8159694632703,0.00772374915300225,2.75669328641882,0.654872378176901,-0.00154571292396272,0.0754808513792366,-57.8198230976936,-0.21677299148154,2.69538640067085,0.659441874227478,0.00580117761691053,0.0803967855189232,-30,0,0,0,0,0,0,2,-10.3045412273606,-0.146571778727972,-13.430451353234,0,0,0
622,-57.1691363381897,0.00610480330458333,2.82913040534311,0.638791744591852,-0.00169218442218727,0.0693997531069805,-57.1555962642844,0.011677277609991,2.99413520256609,0.625482707843257,-0.0100315807556241,0.0708925091375591,-30,0,0,0,0,0,0,2,-8.23707825575698,0.979803520342429,-13.0775213188881,0,0,0
623,-56.5374436758089,0.00490256206552193,2.89505406264005,0.624591126811115,-0.000712302412908126,0.0624532042382748,-56.4902717931805,0.0351067450205303,2.80094986058558,0.626874002868177,-0.0094514392225998,0.0590033763336729,-30,0,0,0,0,0,0,2,-9.70685670045665,0.874930432218919,-11.5022373545385,0,0,0
624,-55.9201049230311,0.0046277753089716,2.95511539605958,0.610084745234768,0.000162723304652334,0.0576752076216747,-55.8108334661309,-0.0395392551829351,2.91035048388421,0.610513820890225,0.00171288291475876,0.0456485293998062,-30,0,0,0,0,0,0,2,-9.42971515676065,-0.0922097811100056,-10.385553907749,0,0,0
625,-55.3168418938913,0.00474444331621863,3.01079177597362,0.596439973507072,7.06066583745297E-05,0.0536829589050252,-55.0702501664304,0.0323714192517093,3.14915338619954,0.590118883367717,-0.00221622126720717,0.0616978362282461,-30,0,0,0,0,0,0,2,-8.87138800391097,0.156879288217298,-12.4680903952237,0,0,0
626,-54.727601795352,0.00489353523571687,3.06148108493517,0.582038134339696,0.000227571633749956,0.0477013376224558,-54.7631848162354,-0.0235755810962735,3.10938754559211,0.571745065152843,-0.00177456018855298,0.065220169052239,-30,0,0,0,0,0,0,2,-7.6481368828135,0.224607181047845,-12.7407919964081,0,0,0
627,-54.1523498947987,0.00523344975983368,3.10574065360262,0.568463239146453,0.000452251264176767,0.0408231531768502,-54.198470360972,-0.0237779172160955,3.00088649833292,0.561240806718272,-0.0104003304428693,0.0398877708785318,-30,0,0,0,0,0,0,2,-7.72713994988325,1.08758887871912,-9.99055008451902,0,0,0
628,-53.5899157299024,0.0062295356149117,3.14428184270289,0.556403535555986,0.0015399154058901,0.0362639956196397,-53.6846322600436,0.0804244608580642,3.1112510353777,0.546253202641616,0.00707356262738126,0.0302863015349132,-30,0,0,0,0,0,0,2,-7.25605574407433,-0.868205184454255,-9.25113222424673,0,0,0
629,-53.0391396380826,0.00733538660044509,3.17844278367824,0.545147226578558,0.000671780984917793,0.0320623428880726,-53.1548811524649,-0.127936645014041,3.04547715578335,0.526960484647177,0.00904408070907993,0.0352731100030676,-30,0,0,0,0,0,0,2,-6.38628615978779,-0.648534780879912,-9.61826531187346,0,0,0
630,-52.4993765762738,0.00768293349666771,3.20801350868333,0.534377185209006,2.33074290526797E-05,0.0270833713037585,-52.3182127000248,-0.0210901633918939,3.11722767760057,0.518887329604641,0.0199160272258698,0.0303535992256607,-30,0,0,0,0,0,0,2,-7.25230756041443,-1.94942239580319,-9.26981527776722,0,0,0
631,-51.9706398220458,0.00673156783360519,3.23301148612409,0.523094915555291,-0.00192604425749343,0.0229170288091512,-51.9672462238952,-0.0694268888901545,3.35467700535735,0.505894150872794,0.00334019069020337,0.0245055437781838,-30,0,0,0,0,0,0,2,-6.65492263948894,-0.195165291240028,-9.15990838853309,0,0,0
632,-51.4529146287182,0.00470797584372807,3.25372738258814,0.512353976812659,-0.00212114513214216,0.0185189983462148,-51.3924839065567,-0.0149251933221561,3.33254918175263,0.514507760309404,-0.0051121043494331,-0.000657974815888501,-30,0,0,0,0,0,0,2,-8.66580821782697,0.541060821587622,-6.59930088191641,0,0,0
633,-50.9460065956139,0.00285740816630345,3.27168427424416,0.501461821227236,-0.00157999661655166,0.0173990651654317,-51.0216849962435,-0.094520731265234,3.32914232921396,0.500268765849594,-0.00566801468633315,0.0200540472887877,-30,0,0,0,0,0,0,2,-7.98350659247232,0.755842931163783,-8.66368938730668,0,0,0
634,-50.4503160739917,0.00165537560060407,3.28749653868654,0.489918185294099,-0.000824074748406165,0.014229978014513,-50.5724302209598,0.081806780125671,3.27447192778468,0.476624861283666,-0.0018030794011874,0.0105563715939787,-30,0,0,0,0,0,0,2,-6.51762568644704,0.0166943798673983,-7.60458101496723,0,0,0
635,-49.9652680677114,0.000839682745269508,3.30015555897454,0.48017680117074,-0.000807316300559666,0.0110918952628255,-50.1950329209023,0.0237070688317931,3.2340238943495,0.492819476701234,-0.00139316833727643,0.0322138276530923,-30,0,0,0,0,0,0,2,-8.89188182831884,0.0919026960640571,-9.68943055400824,0,0,0
636,-49.4915369820964,7.83662970101199E-05,3.30953543556463,0.467284237481454,-0.000715325703440547,0.00767285769463143,-49.6121253496405,0.157677278593669,3.1651251062369,0.492904644946919,5.38409983522419E-05,0.00113441214872136,-30,0,0,0,0,0,0,2,-10.066213795411,-0.320738657022561,-6.44369142734593,0,0,0
637,-49.0302291153936,-0.000797274560228992,3.31717108275787,0.455331610187267,-0.00103596161207162,0.00760307367175714,-48.8498922120109,0.259300149923961,3.21428518522351,0.461873687187477,-0.00164177877868784,0.00833911781731761,-30,0,0,0,0,0,0,2,-8.48758429472581,-0.354422421979137,-7.26248215217877,0,0,0
638,-48.5804732477199,-0.00201040170895971,3.3239568756048,0.444179656111878,-0.00139029870954585,0.00597284118243483,-48.5177720401177,-0.170078777643207,3.43114928537556,0.448894834339479,-0.00667700264890019,0.014250965058699,-30,0,0,0,0,0,0,2,-7.85393935371241,1.00785782017643,-8.28739507662101,0,0,0
639,-48.141914301431,-0.00289672921468134,3.32852450668853,0.432937327026537,-0.000382363064828789,0.00316677603543676,-48.171251408918,0.0280982966330387,3.59985113617678,0.438985501132053,0.0198979405568701,0.00184970037653958,-30,0,0,0,0,0,0,2,-7.55604729536937,-2.04599064895308,-7.38467231000752,0,0,0
640,-47.7142150215269,-0.00430204689441122,3.33057731758181,0.422460538844625,-0.00242827841824768,0.000942905413392064,-47.8065091472249,0.148322129414175,3.50964426660003,0.416093330495603,-0.00544769904172997,0.00012987292125832,-30,0,0,0,0,0,0,2,-5.9963147551106,0.248125645344647,-7.03227582532589,0,0,0
641,-47.2962598745334,-0.00660623025928793,3.3301031133654,0.41344883487153,-0.00218009385483894,-0.00188780669663453,-47.4939474607115,0.0150753262161478,3.21196058559371,0.417729800658062,-0.0158331244635579,-0.0169443054163299,-30,0,0,0,0,0,0,2,-6.78508514438325,1.55316179392349,-4.72949062955443,0,0,0
642,-46.8869614588251,-0.00800970544212763,3.32797201750314,0.405147945839509,-0.00062686308003071,-0.00237114852961324,-46.6944296310444,0.0606010627987257,3.32653760434557,0.425605619610657,-0.00154578522000074,-0.00167432173274749,-30,0,0,0,0,0,0,2,-9.17170269897682,0.0333763964026229,-6.48564303541638,0,0,0
643,-46.4874456233238,-0.00861983038453407,3.32535943866734,0.393883674463551,-0.000593393507225319,-0.00284968421464898,-46.3609362032052,0.0836302569655515,3.5235357677384,0.411033220202122,-0.0161146276552767,-0.00638424771958777,-30,0,0,0,0,0,0,2,-8.38144961380177,1.44420225159657,-6.40864676351802,0,0,0
644,-46.0988522125943,-0.00849107770690383,3.32207967614358,0.383302952569681,0.00085089354676169,-0.00370577649422849,-46.126040142195,-0.275298030184461,3.41284561797518,0.386728247608907,-0.00632772303618946,-0.0101048087522409,-30,0,0,0,0,0,0,2,-6.42074447650066,1.18336836398787,-5.81521036072627,0,0,0
645,-45.7198733281733,-0.00704846510852891,3.31761766520893,0.374654377969938,0.00203432622389258,-0.00521490380816548,-45.7065060368425,0.00960644525814611,3.34683825473605,0.380527453759187,-0.00286565488920988,-0.00479684526200578,-30,0,0,0,0,0,0,2,-6.63973330223372,0.267352598404696,-6.21399198327152,0,0,0
646,-45.3497504017822,-0.00488042645779201,3.31156021289094,0.36559097294509,0.00230174518642766,-0.00689651231927031,-45.3123444832866,0.0445466824787445,3.305082050538,0.38021979307237,-0.00850788392251596,-0.00314204337592144,-30,0,0,0,0,0,0,2,-7.39729034066374,0.761695027294107,-6.29595976348385,0,0,0
647,-44.9890222052908,-0.00219779420969316,3.30402231667909,0.355865061373299,0.0030635146014725,-0.00817555308246445,-44.7885957412704,0.138374759623581,3.17188107323342,0.350691162186119,0.0215193686428367,-0.0141043391384965,-30,0,0,0,0,0,0,2,-5.4919247360711,-2.42868638353083,-4.93332823261718,0,0,0
648,-44.636849846371,-0.000348592493631621,3.29520258005856,0.348479296345808,0.000634883262892581,-0.00946106451237859,-44.6006283483856,-0.0740674270526751,3.33448211166747,0.351579057166577,0.00608445087167942,-0.00184745759294159,-30,0,0,0,0,0,0,2,-5.95664901988653,-0.460310233062592,-6.48421846404079,0,0,0
649,-44.292710635152,5.61680396629129E-05,3.2846184592812,0.339798411862492,0.000174631915073702,-0.0117038528264592,-44.2325014288119,0.0626056261903888,3.21312226096013,0.340027013582474,-0.00855382914589829,-0.00328972179090437,-30,0,0,0,0,0,0,2,-5.53769850062363,0.730171662209052,-6.09727234282982,0,0,0
650,-43.9569710589457,0.000595916056942737,3.27183323776653,0.331680057395668,0.000904858270848477,-0.0138634783876949,-43.9384621992402,0.0956645074164472,3.14923899056287,0.354049123802415,-0.00603965778254508,-0.0201266830493708,-30,0,0,0,0,0,0,2,-7.52798798176106,0.412636763421613,-4.28580967618865,0,0,0
651,-43.6296158350421,0.00170713354859517,3.25821718868555,0.323030679192613,0.00131757225160946,-0.0133653213904441,-43.7740190794556,0.0971640762701597,3.20473302605997,0.329963345756348,0.0135258446737722,-0.00582429696386784,-30,0,0,0,0,0,0,2,-5.44829641672352,-1.54691261991754,-5.82703635573315,0,0,0
652,-43.3105299500122,0.00225127925366992,3.24387171781456,0.315140477719773,-0.000229286434873128,-0.0153226074290389,-43.2936025009876,0.0987641307861237,3.38935341188204,0.328566991888899,0.00347248245348063,-0.0239214368512408,-30,0,0,0,0,0,0,2,-6.26949418691461,-0.54477650692031,-4.38656313864001,0,0,0
653,-42.9992382514698,0.00174963896980155,3.22840125740322,0.307442913058074,-0.000773999216716807,-0.0156153799013277,-43.1786463003068,-0.150977078801487,3.12405858188761,0.306555649875449,-0.00206955999599575,-0.0170857806918926,-30,0,0,0,0,0,0,2,-4.29827238693132,0.50891015720255,-4.53953909458597,0,0,0
654,-42.6948974072316,0.0012301191775211,3.21199898814869,0.301238301264811,-0.000265046469625104,-0.0171867731376626,-42.5113270122278,-0.0948810741692863,3.1616047849449,0.306311847084899,0.0112302010010078,-0.0169736079794879,-30,0,0,0,0,0,0,2,-5.60853068403434,-0.933257951762212,-4.62584877194101,0,0,0
655,-42.3973145980409,0.000498474972476657,3.19438794542213,0.29392710777884,-0.00119824791947694,-0.0180325282674462,-42.525794541752,0.150218013171819,3.08966491368173,0.304653264608583,0.0035222021105378,-0.0302419755071881,-30,0,0,0,0,0,0,2,-5.41373737735437,-0.652656237397419,-3.15513227664466,0,0,0
656,-42.106527064651,-0.0010260706580885,3.17647186937092,0.287648139602456,-0.00185084867512144,-0.0177972251979437,-41.8958272630159,0.109421953006736,3.11457426690111,0.298968647035968,-0.0089656633736248,-0.019999081068192,-30,0,0,0,0,0,0,2,-6.10521017756506,0.677722431349009,-4.22924042698302,0,0,0
657,-41.8226158405703,-0.00253802489060261,3.15857360499088,0.280174335003838,-0.00117306415823222,-0.0179964705845949,-41.7631253805069,-0.155794909740369,3.21367626123977,0.302517698499028,-0.019168477165527,-0.00397365741621905,-30,0,0,0,0,0,0,2,-6.72551908888905,2.22843753603344,-6.02998678085764,0,0,0
658,-41.5469648585264,-0.00259683378799433,3.13994768051714,0.271127266010423,0.00105544078852763,-0.0192519799740076,-41.4771840469382,0.0373673904363805,3.3176756753239,0.272221809616648,0.00721826696079156,-0.0172328217563488,-30,0,0,0,0,0,0,2,-4.26781286778832,-0.796561476951917,-4.91206917501293,0,0,0
659,-41.2790428111336,-0.00193965018837742,3.11978985394577,0.264716262003091,0.000258921314502532,-0.0210612421942329,-41.0670132153808,0.111704087946827,3.22669850744513,0.28352243224235,-0.00425056757448567,-0.0141829310123472,-30,0,0,0,0,0,0,2,-6.21821679347349,0.201648581554912,-5.03510391365553,0,0,0
660,-41.0183515848933,-0.00157987081136184,3.09836435315561,0.256666015620557,0.000460632610555646,-0.0217867367222901,-41.042697210736,-0.00943058715371864,3.03003746045432,0.256336493974169,0.0193001962532759,-0.0165450092776026,-30,0,0,0,0,0,0,2,-3.54825497594492,-1.91115845102016,-4.40557399314838,0,0,0
661,-40.764453608384,-0.00207479697249105,3.07567480981858,0.251129370403589,-0.00145049115505343,-0.0235902467366917,-40.6916863162751,-0.0329539502341256,3.24635899119828,0.257520773549721,-0.00327220202567602,-0.0222592170642876,-30,0,0,0,0,0,0,2,-4.36870472242191,0.393128103035853,-4.2667962759678,0,0,0
662,-40.5163806679841,-0.00332870079406474,3.05148955485493,0.245016168873434,-0.00105731951506724,-0.0247779567884211,-40.764471354044,0.0991899707106924,3.00362509281346,0.240035883736346,0.00322226711542764,-0.0318274197838788,-30,0,0,0,0,0,0,2,-2.47464566554655,-0.520606652964149,-2.82450820723904,0,0,0
663,-40.2732316481043,-0.00464630878192446,3.02613196121826,0.241281536619095,-0.00157790179278034,-0.0259357900451188,-40.4524548251952,0.0142809736760041,3.07537241558005,0.257787446195998,-0.0129853138742555,-0.003496893324908,-30,0,0,0,0,0,0,2,-4.87383496920939,1.26996944007354,-5.80105549866929,0,0,0
664,-40.0356713312919,-0.00558919882235619,2.99915171626111,0.233838427623002,-0.000307884528345714,-0.0280219215698031,-40.2667607902593,0.158927655362609,3.03784565007471,0.222824265191741,0.00427270985473535,-0.0339589291066388,-30,0,0,0,0,0,0,2,-1.74890493865541,-0.745126296198753,-2.67979838948555,0,0,0
665,-39.8033692762388,-0.00626963491628376,2.97040108412661,0.230765239948386,-0.00105299409115459,-0.0294781487672801,-40.0426053259123,-0.0232182756981059,2.87916017315271,0.221325875184973,-0.00310923162676737,-0.0145315163479018,-30,0,0,0,0,0,0,2,-2.04737686667276,0.357359714072949,-4.30516871151524,0,0,0
666,-39.5747500590647,-0.00714393717096323,2.93963864360698,0.226472346499866,-0.000695615621436905,-0.0320451067273145,-39.4383813350561,0.0539080087294352,2.8391562801841,0.220210846101146,-0.00679123570825165,-0.0331629071888325,-30,0,0,0,0,0,0,2,-3.14432194000252,0.571307553366295,-2.36202184148494,0,0,0
667,-39.3502786708976,-0.00755388001114866,2.90742002467596,0.222470389070129,-0.000124276224108853,-0.032390608550801,-39.3156030661183,-0.125224921438068,2.82760610940917,0.22111419910283,-0.0153042088664508,-0.03727908966273,-30,0,0,0,0,0,0,2,-3.48021377804649,1.78087072952122,-1.92730325254534,0,0,0
668,-39.1298122519087,-0.00678770043354509,2.87513513445396,0.218462607679861,0.00165663024384751,-0.0321776516852008,-39.19069565445,-0.0554317844726812,2.78152672381552,0.234829556660385,-0.00323312855483182,-0.0411734750250596,-30,0,0,0,0,0,0,2,-5.10156435713852,0.434176424428544,-1.44570594512509,0,0,0
669,-38.9138541187805,-0.00491395121277869,2.84374909249626,0.213454309890837,0.0020908600408194,-0.0305925535263344,-39.0665683008343,0.00957150868254697,2.93905408935816,0.224828612893319,-0.014774990511525,-0.0251505294956088,-30,0,0,0,0,0,0,2,-4.34972468766341,1.45835603378741,-3.36305522915544,0,0,0
670,-38.703182012167,-0.00209388811382045,2.81296274251669,0.207889843772797,0.00354926006182652,-0.0309780725677252,-38.7753210710128,-0.00359815097791078,2.84076018228839,0.204610720958311,-0.00152365026155113,-0.0293855780805129,-30,0,0,0,0,0,0,2,-2.91042995380563,0.159561328110935,-2.74296255652549,0,0,0
671,-38.4973139229424,0.00153516996783537,2.78160879753697,0.203846143001276,0.00370885046798774,-0.0317282919072554,-38.5834518052848,0.00672448915719216,2.79358102961937,0.202122963544255,0.000888654302530696,-0.0163135743207754,-30,0,0,0,0,0,0,2,-3.04539274385585,-0.102314408567454,-3.9558046271612,0,0,0
672,-38.2959109172341,0.00519288067378543,2.74906736379494,0.19895936371935,0.00360656570540073,-0.0333527513396884,-38.3071937247272,0.053301624110563,2.72913690908177,0.205517852114771,0.0102037303855998,-0.0321651531584117,-30,0,0,0,0,0,0,2,-3.93739776202257,-1.1269762867811,-2.24175850232237,0,0,0
673,-38.0992317422875,0.00823598143308312,2.71585896877686,0.194399166636611,0.00247962980779726,-0.0330623354493097,-38.1531512068445,-0.0338712080714567,2.7164945359666,0.199543908466332,-0.0046419582074573,-0.0305429934181676,-30,0,0,0,0,0,0,2,-3.64808843294423,0.531938236888643,-2.37868973011645,0,0,0
674,-37.9070387279467,0.0109816016102876,2.68280392201619,0.189986940380727,0.00301160524890394,-0.0330461148670561,-38.0555599602189,-0.116020766676376,2.62994854370071,0.204397040582455,0.0200201903780366,-0.0249648880343962,-30,0,0,0,0,0,0,2,-4.32858413780768,-1.76997750445091,-2.76340828396181,0,0,0
675,-37.7196448655997,0.013108242958947,2.64982372364705,0.184800903680257,0.00124167192585301,-0.032912364234389,-37.6108368502626,0.0352983481882032,2.52295298925372,0.198503143715192,-0.00504193780882008,-0.0415404021040186,-30,0,0,0,0,0,0,2,-4.6286406709939,0.433597084505601,-0.891865768105585,0,0,0
676,-37.5369872383948,0.0145667394198654,2.61781740080673,0.180515068499803,0.00167531773957901,-0.0310986924985059,-37.6419199610038,0.0432595195135649,2.62974772103195,0.17458674509919,-0.00345846739143009,-0.0179272446165592,-30,0,0,0,0,0,0,2,-2.17483458791148,0.259327700115879,-3.46677098040797,0,0,0
677,-37.3584223892351,0.0163717340821158,2.5858613680757,0.176614088368738,0.0019346661472515,-0.032811919751355,-37.3705777218146,0.0237942012657323,2.44174983110443,0.182244292357916,0.0013728987453473,-0.0300775056032305,-30,0,0,0,0,0,0,2,-3.48327379216247,-0.184878277066195,-1.8757491018858,0,0,0
678,-37.1837949158881,0.0182139816826887,2.55322585227888,0.172641055104484,0.00174982367778972,-0.032457636826772,-37.3053300401768,-0.0536133618910658,2.55377119411161,0.183077763532299,0.00828517731197104,-0.0344844294234258,-30,0,0,0,0,0,0,2,-3.69711627287636,-0.721291007414972,-1.65909944588064,0,0,0
679,-37.0131586710886,0.0196031818393367,2.52110008797924,0.168631737695002,0.00102857090863501,-0.0317924068416603,-36.9856657634897,0.138798080184246,2.49567665575775,0.17158970148252,-0.00313687085021803,-0.0318555660627642,-30,0,0,0,0,0,0,2,-3.18763862127263,0.0360909246533118,-1.80579670523908,0,0,0
680,-36.8463736852004,0.0206498174441594,2.48943051643143,0.164938388235385,0.00106469454080079,-0.0315453653982694,-36.8088351491803,0.1366481882319,2.48537722485198,0.162403459990312,-0.00788975608381494,-0.0237312367729033,-30,0,0,0,0,0,0,2,-2.62267570067059,0.515679231917693,-2.59763077241364,0,0,0
681,-36.6832995274392,0.0219723678869148,2.45752606476905,0.161209737634991,0.00158039988481868,-0.0322621589918215,-36.7137424570936,-0.140397510183927,2.46632944431631,0.159162807610263,-0.0124485383565719,-0.0356770447527327,-30,0,0,0,0,0,0,2,-2.48879584683917,1.52564885602504,-1.36495441335935,0,0,0
682,-36.5235250114637,0.0243156080199771,2.42535596360678,0.15833942440178,0.00310607430882499,-0.0320769693063834,-36.3340628105517,-0.0163768683536292,2.48625611521895,0.153703726040865,-0.00734313801307401,-0.0391072428280533,-30,0,0,0,0,0,0,2,-2.70224698298299,0.76706753801466,-1.06178794763256,0,0,0
683,-36.3666121627563,0.0278052331276416,2.39355947313438,0.155486534859283,0.00387316990418496,-0.0315149478257935,-36.2623077878987,-0.0650120235541641,2.46179593726941,0.157301546668577,0.00786394115857686,-0.0328539853211773,-30,0,0,0,0,0,0,2,-3.20553909106023,-0.656370068749358,-1.63819334242109,0,0,0
684,-36.2129268338067,0.031350237246455,2.36225433733621,0.151884335257165,0.00321683284757856,-0.0310939954757268,-36.1146690085299,0.0332205183776197,2.4301060094927,0.139906116725751,0.00218422679978446,-0.0345430437273662,-30,0,0,0,0,0,0,2,-1.76127365551526,-0.284863716733685,-1.40590764624877,0,0,0
685,-36.0622011898485,0.0344246506811317,2.33102348684353,0.149566916891695,0.00293198690962621,-0.0313668358069035,-36.0244538502737,-0.163901069975735,2.28096863505684,0.159410472850942,0.0165691583079783,-0.0329365594039799,-30,0,0,0,0,0,0,2,-3.89213958454686,-1.32911369084636,-1.26828132971569,0,0,0
686,-35.9145924610637,0.0366921037505692,2.30023012999711,0.145651006713153,0.0016029138249871,-0.0302184440373344,-35.8701079489903,-0.00294733686922509,2.27023596994413,0.141971636667323,-0.0194884823161567,-0.0322139623871308,-30,0,0,0,0,0,0,2,-2.45694776875166,1.95474290535412,-1.31907570117517,0,0,0
687,-35.7703473075104,0.0392724053410913,2.27012894186962,0.142839441950318,0.00355768199462183,-0.0299828919244087,-35.8449588119741,0.101840463027605,2.25249354687494,0.149018077740613,0.03611595019089,-0.0393717547494806,-30,0,0,0,0,0,0,2,-3.21189015011308,-3.81527594514421,-0.567811618801824,0,0,0
688,-35.6289803843671,0.0409224685605203,2.24079473420043,0.139894918300474,-0.000257560100439665,-0.0286844407591679,-35.6630887276608,0.0603104371105913,2.26065251348789,0.137583553236293,0.00120519686583765,-0.037681082267526,-30,0,0,0,0,0,0,2,-2.43217786830769,-0.241140560804948,-0.753196800223169,0,0,0
689,-35.4903059866383,0.0405443540556155,2.21244939531579,0.137454172698303,-0.000498675256648138,-0.0280053315185863,-35.3100881636488,0.0197032371730246,2.3447296270795,0.143068567852113,-0.00170518970390958,-0.0274763823596432,-30,0,0,0,0,0,0,2,-3.68668045791378,0.131112496044909,-1.94182101819467,0,0,0
690,-35.3549316065068,0.0401112575338507,2.18470351332958,0.133294828856165,-0.000367524832125723,-0.0274849210903611,-35.338719993723,-0.0361556046736091,2.04928582768932,0.138790971832114,-0.000715639409012024,-0.0358076210400524,-30,0,0,0,0,0,0,2,-3.20165719576538,0.143875150248421,-0.517809551373396,0,0,0
691,-35.2230862143251,0.0398156902324137,2.15789404551629,0.130396483918341,-0.000223615907776451,-0.0261329516791666,-35.1820087176035,0.0448517719048619,2.1904734115609,0.134212542823951,0.00317831488855174,-0.0339964614442057,-30,0,0,0,0,0,0,2,-3.05723684718799,-0.407535032664897,-0.981300678701222,0,0,0
692,-35.0942236233315,0.0393883251443614,2.13221275989242,0.127329069046634,-0.000631119037903201,-0.0252285001332697,-35.15335361697,0.0848842664378107,2.11638962583752,0.115329222116935,-0.0173072946910215,-0.0357849225229792,-30,0,0,0,0,0,0,2,-1.22621497775348,1.56096093622653,-0.654286999377113,0,0,0
693,-34.9676060426637,0.039537695978651,2.10700295316639,0.125906158008319,0.000929854513771128,-0.0251905693666589,-34.944094383869,-0.18338172063967,2.23238077569552,0.135233825352596,0.00853510565032229,-0.0184146903036245,-30,0,0,0,0,0,0,2,-3.63519376752157,-0.486747123752889,-2.62329252102859,0,0,0
694,-34.8439665417384,0.0402241988978459,2.08180244155578,0.121372886565569,0.000443144282373263,-0.0252088244166921,-34.8606033922165,-0.150264875504166,2.08051365483659,0.104981115245747,0.00264579066326996,-0.0407069947161906,-30,0,0,0,0,0,0,2,-0.776904740141655,0.0359506846813367,-0.090327838054109,0,0,0
695,-34.7229538996045,0.0406853251538276,2.05670048863838,0.120652522496851,0.000479103194195632,-0.0249947871574047,-34.5074646788745,-0.0585825915867383,2.19740321396504,0.122152692905791,0.00361446159023336,-0.00731500900910214,-30,0,0,0,0,0,0,2,-3.20033993283019,-0.244280975849859,-3.66330552701986,0,0,0
696,-34.6047185697969,0.0410423062187958,2.03115981454996,0.115817805239066,0.000234853731770288,-0.0260848325064714,-34.5953587330911,-0.0225069029602918,2.07827823195977,0.110826589125161,-0.00377830340648663,-0.0244254582080681,-30,0,0,0,0,0,0,2,-1.89194144633393,0.422844146569247,-1.71401064311273,0,0,0
697,-34.4902016938374,0.0414885951643871,2.00489435322724,0.113215868060077,0.000657716833641085,-0.0264451449593838,-34.6639182590968,-0.0206621533172807,1.82976864267443,0.114839608528788,0.00248179663275293,-0.0193529506182202,-30,0,0,0,0,0,0,2,-2.15612433468533,-0.206855356640732,-1.72424222352684,0,0,0
698,-34.3783938170583,0.0420428978071806,1.97834928209218,0.110399865614642,0.000450883237006697,-0.026643976082854,-34.2516042403647,-0.0846550796757233,2.0247582386434,0.0980773366218276,-0.013233155031667,-0.0396816822752305,-30,0,0,0,0,0,0,2,-1.30452518145341,1.49262566251815,-0.0813482497637441,0,0,0
699,-34.2685584210767,0.0432401031880961,1.95198849898577,0.109271170260443,0.00194352275279555,-0.0260771604703041,-34.378135843576,0.0470324477869861,2.14618415694286,0.110637003745936,0.00618301384180099,-0.0325921824139792,-30,0,0,0,0,0,0,2,-2.30742868744162,-0.712366279754071,-1.0331500724878,0,0,0
700,-34.1605395729345,0.0448274578026074,1.92613417618341,0.106766726267335,0.0012311803439869,-0.0256305788576797,-34.1958496512415,0.13651135203782,1.96577369515485,0.119719584027785,-0.00284447559622464,-0.0278586180303632,-30,0,0,0,0,0,0,2,-3.58025910029552,0.0114248555468249,-1.14568558727337,0,0,0
701,-34.0555581103322,0.0460643725383848,1.90108060456925,0.103196646223488,0.00124264256604271,-0.0244752896683145,-33.8177045506528,0.0704339262598007,2.00489423747082,0.0989066649215942,0.0100161927307193,-0.0146117323933956,-30,0,0,0,0,0,0,2,-2.25525739085388,-1.14248712559153,-2.54861523560208,0,0,0
702,-33.9540630120806,0.0467357849545855,1.87622480958214,0.0997933287201902,0.000100177668567083,-0.0252350853186322,-33.9428441283359,-0.169687338931718,1.83993792905005,0.103557748153987,-0.0120012356308899,-0.0213148179977689,-30,0,0,0,0,0,0,2,-2.47008655872686,1.53949824095243,-1.54839405832322,0,0,0
703,-33.8557445746944,0.0476057276936288,1.85107108916089,0.0968436450999858,0.00163970114359547,-0.0250713025674843,-34.0563220235725,0.0938270998187297,1.81915717111317,0.102140438767942,-0.017401103755353,-0.0252625401918027,-30,0,0,0,0,0,0,2,-2.1013998296492,1.55245617589784,-1.11206032304607,0,0,0
704,-33.7600953980025,0.0500216702640742,1.82614007544414,0.094454847887277,0.00319217893206433,-0.0247898661173487,-33.960762527073,0.193128068365008,1.84807948280786,0.094575700458457,0.00532632307587654,-0.00945841419146378,-30,0,0,0,0,0,0,2,-1.53604499169967,-0.91888844431767,-2.75031754646935,0,0,0
705,-33.6671245131477,0.0527544129572407,1.80067648217791,0.0914864980579229,0.00227330490367958,-0.0261362637607082,-33.6990355275826,0.0849215956662496,1.91597821914158,0.0791817948146537,0.00246379495573647,-0.0243274361303241,-30,0,0,0,0,0,0,2,-0.520108426300171,-0.416222686906147,-1.39921282525075,0,0,0
706,-33.5763047078064,0.0548196111925094,1.77408035755951,0.0901528373828035,0.00185708676441732,-0.0270554944690646,-33.5303017998628,0.0880612980175519,1.79752888678129,0.0731946303455379,-0.0054010226976453,-0.0503850619635659,-30,0,0,0,0,0,0,2,-0.258859434828279,0.363979673729427,1.44344842279401,0,0,0
707,-33.4858294162343,0.0568586926785021,1.74759467194351,0.0907981801325657,0.00222107023512418,-0.0259160724271973,-33.4996018537749,0.267247975490929,1.78878579672431,0.0853475219271656,-0.00512215245757875,-0.0238471851889392,-30,0,0,0,0,0,0,2,-1.5355484851668,-0.0222807052239817,-1.19285307455471,0,0,0
708,-33.3960298686004,0.0590686334299036,1.72161830254731,0.0888009148411112,0.00219880505740961,-0.0260359488900594,-33.3535919706342,0.00556550332227183,1.59433249835666,0.0810242518832919,-0.00650686905472784,-0.0346776780301548,-30,0,0,0,0,0,0,2,-1.39524124706081,0.63955589882824,0.279102806302159,0,0,0
709,-33.3077122749749,0.0615872273542326,1.69605433625949,0.0878346389731328,0.00283837603619896,-0.0250916215041537,-33.3092138673077,0.0736078524698962,1.83509313281671,0.105035486078085,0.0120763691396125,-0.0242794384831607,-30,0,0,0,0,0,0,2,-3.88512087319306,-1.35485261890104,-1.24224241731735,0,0,0
710,-33.2218067962387,0.0637481998627303,1.67162260568876,0.0839768093930695,0.00148356396278856,-0.0237704871794004,-33.0918522972813,0.209798091266918,1.6153073448885,0.0863491042493594,-0.0122111710940113,-0.0188232004005807,-30,0,0,0,0,0,0,2,-2.45120583037342,0.801520926867292,-1.34829464971894,0,0,0
711,-33.1392323212096,0.0656325404119125,1.64802529099057,0.0811722994605158,0.00228511006779817,-0.0234231543872689,-33.3237978820772,-0.0493798066703789,1.63799053567946,0.0852788758702125,-0.00370760771398872,-0.032322337918791,-30,0,0,0,0,0,0,2,-1.88029182286678,0.46952038473963,-0.0437472794798217,0,0,0
712,-33.0588303508524,0.0681524232230315,1.62510707928281,0.0796320254062918,0.00275465047590024,-0.0224127142385121,-32.9582382505636,0.020674806758319,1.54187028857262,0.0927161596002341,-0.0111572420785245,-0.023540970296857,-30,0,0,0,0,0,0,2,-3.35513945889628,1.07437459433582,-0.729643547459544,0,0,0
713,-32.9807567547123,0.0714442815772813,1.60339715254241,0.0765156840439833,0.00382906033552616,-0.0210060482751509,-32.9849684446726,0.127114834621174,1.68515009771586,0.0701325745996746,0.00480372946340858,-0.0165641308105335,-30,0,0,0,0,0,0,2,-1.04332057062227,-0.734602615583206,-1.71388711437838,0,0,0
714,-32.9052081776405,0.074906048169886,1.58198790847952,0.0745812323668775,0.00309446762139021,-0.0218117498151127,-32.978600662506,0.0897277278427019,1.74523596892608,0.0800374352475912,0.0264308240604292,-0.0129431574570365,-30,0,0,0,0,0,0,2,-2.04654219974709,-2.82253786172832,-2.19615619214851,0,0,0
715,-32.8321364060366,0.0765892596475061,1.5599031098074,0.0715621610200549,0.000271950013323987,-0.0223567921949778,-32.9668242692752,0.0129340447873789,1.68765684141679,0.0778582169071783,0.00499986403532567,-0.0137772343241146,-30,0,0,0,0,0,0,2,-1.85217315216753,-0.525854493107324,-1.99759025042212,0,0,0
716,-32.7619461391833,0.0765982947244704,1.53729238271724,0.0688182341451426,-0.000253886159037939,-0.0228637044045167,-32.7467912936038,0.133880128708212,1.55915757707752,0.083904398938727,-0.00245351185634517,-0.0295319157319137,-30,0,0,0,0,0,0,2,-2.89685730666515,-0.0224090717819071,-0.165123580963672,0,0,0
717,-32.6943285113749,0.0763332223777724,1.51521821629247,0.066417596766679,-0.000276264455262397,-0.0212837876899304,-32.6236318756798,0.242153922759171,1.65319038103832,0.0683251505769878,-0.0155155557402135,-0.0221222387672031,-30,0,0,0,0,0,0,2,-1.58525130633913,1.06724772850301,-1.09415688535632,0,0,0
718,-32.6288937740825,0.0765905923738664,1.49395241216965,0.06445192467755,0.000790999395765399,-0.0212471290369697,-32.6450513902129,-0.0489151257645693,1.38616303382412,0.0712504563809076,0.00354478278336881,-0.00489183731526012,-30,0,0,0,0,0,0,2,-1.83494285766493,-0.256648026807743,-2.28314233612223,0,0,0
719,-32.5658966312576,0.0772532792096189,1.47234302032263,0.0615421439259471,0.000534369305992349,-0.0219706505972386,-32.3463165436904,0.0658147898535608,1.52389090426245,0.0616129555139512,-0.0137141473134907,-0.0149445225156263,-30,0,0,0,0,0,0,2,-1.46866246401435,1.23978515164195,-1.55332955696226,0,0,0
720,-32.5054374294904,0.0784075503559701,1.45018032972972,0.0593761620567436,0.00177416900592539,-0.0223539747019622,-32.6959150013579,-0.0030048966686172,1.52634275455068,0.0540606335630681,-0.00829922186813856,-0.0108782592889901,-30,0,0,0,0,0,0,2,-0.0142333535909458,0.835931980151091,-1.96485958020235,0,0,0
721,-32.4467111498478,0.0805996872720254,1.42701740500367,0.0580758822042776,0.00261009973312227,-0.0239714122102081,-32.3628447991125,-0.124338793791566,1.3645214045182,0.0604703011465539,0.00161707930582667,-0.000455944106321434,-30,0,0,0,0,0,0,2,-1.32134051643039,0.0869696570004654,-2.68344839840425,0,0,0
722,-32.3900201356287,0.0832532806369954,1.40237372407609,0.055305719799768,0.00269708156225568,-0.025314992777452,-32.5570048162381,0.148007215580748,1.56748952804676,0.0470397546911256,0.00523743033691243,-0.028927066979444,-30,0,0,0,0,0,0,2,0.410034163363578,-0.819757464852739,-0.242272358149125,0,0,0
723,-32.3346576233794,0.0855404833809166,1.37678579875379,0.055419148227651,0.00187731954739804,-0.0258608834606717,-32.38025896991,0.137510117830075,1.42524378439684,0.0422177695469901,0.00127393460092663,-0.0151943076129189,-30,0,0,0,0,0,1,2,0.538740985120895,-0.402413695752813,-1.3310568075018,0,0,0
724,-32.2794773925628,0.0872165953792919,1.35019003308273,0.0549408464536467,0.0014748991491661,-0.0273304695994405,-32.2484420848644,0.00814400761012685,1.17966235795229,0.0611995735904194,0.0104763172687763,-0.0328008839031417,-30,0,0,0,0,0,1,2,-1.62307318931315,-1.06391974209788,0.920763674409599,0,0,0
725,-32.224898327513,0.0881595467559533,1.32368126455681,0.0542178730727203,0.000410997374378305,-0.0256868065859925,-32.0082975311046,-0.0142145483478996,1.34018410859761,0.0513592568098445,0.00448129044275431,-0.013949882251088,-30,0,0,0,0,0,1,2,-1.11933061877534,-0.419699947579632,-1.28537999208642,0,0,0
726,-32.1715461229634,0.0883607020325137,1.2978047489639,0.0524864380671971,-8.69155598934002E-06,-0.0260656238148223,-32.0769149999301,-0.0340020813911362,1.21932722977857,0.051041774805413,0.00534248049528792,-0.024279974448012,-30,0,0,0,0,0,1,2,-0.950347480681069,-0.466243886746519,-0.0106570147559379,0,0,0
727,-32.1194554526175,0.0881188965764758,1.27198972163575,0.0516951009656504,-0.000474925311869576,-0.0255641472490984,-32.1055255723672,-0.0324287655722361,1.36036550014378,0.0608437142164877,-0.00930305690831047,-0.0121165606124182,-30,0,0,0,0,0,1,2,-1.87332027691443,0.99516322197552,-1.50907493904573,0,0,0
728,-32.0689880897223,0.0881415654675546,1.24639222096964,0.0492396319645685,0.000520256809935843,-0.0256300133689658,-32.1777359320675,-0.136896405568137,1.04408050273549,0.0474489846169821,0.0154638775011931,-0.0305015005352658,-30,0,0,0,0,0,1,2,-0.389426597563167,-1.27259493898303,0.961989048055599,0,0,0
729,-32.0196175900539,0.0880255300537588,1.22121226956083,0.0495017014212684,-0.000752333288561598,-0.0247299618406112,-31.977979068451,0.0926816887048165,1.26587997455008,0.0389977523125819,0.010159525743919,-0.0204275175899477,-30,0,0,0,0,0,1,2,0.0561829056438752,-1.20131595180153,-0.489008190105382,0,0,0
730,-31.9702743313496,0.0866725404096284,1.19623092619432,0.0491846750757762,-0.00195365019326282,-0.0252326044859105,-32.0422083953662,0.0435902136790641,1.07475632400079,0.0537198659188892,-0.0036289396842725,-0.015352713379729,-30,0,0,0,0,0,1,2,-1.2875698011566,0.275713541069122,-0.614241310028685,0,0,0
731,-31.9218061165709,0.0848567566593242,1.17112732291253,0.0477518703409126,-0.00167792335993398,-0.0249741082719319,-31.9813334642268,0.0945124930858856,1.08961687672368,0.0426214828539522,-0.00769581754853599,-0.034619114225026,-30,0,0,0,0,0,1,2,-0.299481356941666,0.580556768681828,1.28267766905523,0,0,0
732,-31.873784840237,0.0834691160139386,1.14669891876059,0.0482910770540889,-0.00109736248314369,-0.0238828656848094,-31.9068559806235,0.169948374764012,0.861839292695751,0.0420218345686186,-0.00317926617815387,-0.0385676750580585,-30,0,0,0,0,0,1,2,-0.388471495614872,-0.021970131712637,2.13308892041435,0,0,0
733,-31.8249859477963,0.0823607739733267,1.12371692825232,0.0493073421751698,-0.00111932694033024,-0.0220814408204344,-31.6866283657037,0.0526296027386899,1.25254839949281,0.0489372047245451,0.00998538510813657,-0.0195427795265998,-30,0,0,0,0,0,1,2,-1.52046374104702,-1.10379771629104,-0.55081884632565,0,0,0
734,-31.7764617554268,0.0806895595083826,1.10186477906793,0.0477412243988788,-0.00222310883368482,-0.0216223199204004,-31.5659378927929,0.0565983049032352,1.23118507656118,0.0362608860479824,0.00969400097915115,-0.00115687741538853,-30,0,0,0,0,0,1,2,-0.494212819212391,-1.08259670772159,-2.3466824115835,0,0,0
735,-31.7296828671109,0.07792515863364,1.07945490071146,0.0458160557957313,-0.00330570195631245,-0.0231967832936243,-31.8690774864797,0.102472894927337,1.11935665563942,0.0413540912876738,-0.00433681200578643,-0.031966439229201,-30,0,0,0,0,0,1,2,-0.397254155807925,0.228735410723969,0.957930611641265,0,0,0
736,-31.6837359063218,0.0747338297147178,1.0567110841839,0.0460781957432688,-0.00307696162079049,-0.0222909239943486,-31.890042762164,0.0814513821186962,0.997244868876004,0.0540990306861232,-0.0110841555493217,-0.0432458792667069,-30,0,0,0,0,0,1,2,-1.62981754428438,0.94551279069478,2.33009818891868,0,0,0
737,-31.6375596375557,0.0721296369502051,1.03579451441511,0.0462752868915182,-0.00213142978232284,-0.0195422668917989,-31.5897439793135,0.111067607691484,1.04587368377851,0.058390286088461,0.00313012787556564,-0.0347272889144372,-30,0,0,0,0,0,1,2,-2.65954065021903,-0.535148002939531,1.38098152388669,0,0,0
738,-31.5918828242872,0.0697306508050527,1.01759226107683,0.0450792584854049,-0.00266654843262487,-0.0168618272185793,-31.4519600447981,0.0733490777816656,1.07714887161057,0.0355525486550375,0.0050991904565465,-0.00963183483087285,-30,0,0,0,0,0,1,2,-0.651334775907471,-0.656617201217981,-1.19111426013386,0,0,0
739,-31.547454099393,0.0667357996751273,1.00044099951359,0.0437780225202922,-0.00332315954180239,-0.0174402485686522,-31.5398751426511,-0.0334881511857096,1.11522618832397,0.0421024494693879,0.000178576117351153,-0.0179769376507824,-30,0,0,0,0,0,1,2,-1.13049466163655,0.0491186906363039,-0.432758611569698,0,0,0
740,-31.5042673386087,0.0634372092512366,0.983157179610217,0.0425956276497294,-0.00327402910510099,-0.0171269830619748,-31.6365745835276,0.0238576755216379,1.01401256475708,0.046746568425063,0.0164974200329073,-0.0359223506291239,-30,0,0,0,0,0,1,2,-1.40150767545117,-1.697457354334,1.56420993339824,0,0,0
741,-31.4617248384042,0.0593144619219671,0.967039998468353,0.0424900667355382,-0.00497147038918859,-0.0151073314677556,-31.3734487489259,0.132870310658703,0.977052736558939,0.0372116417975564,-0.00411749845171843,-0.00573459787318932,-30,0,0,0,0,0,1,2,-0.974266681903918,0.146009223854436,-1.38064568579895,0,0,0
742,-31.420069091674,0.0544160036701734,0.951677635557951,0.0408212836219342,-0.00482545175894751,-0.0156168242576518,-31.4237456462033,0.147591241209933,1.0521998803982,0.0358632676119531,-0.0108327099697532,-0.0139340729376761,-30,0,0,0,0,0,1,2,-0.738835468788698,0.788088514555458,-0.710992467028798,0,0,0
743,-31.3797769817256,0.0499846033930231,0.935987989804763,0.0397629170912113,-0.0040373558791867,-0.0157620987093917,-31.3606563954013,0.0214501885646983,0.854857511845009,0.0627058479873782,0.00380715350291855,-0.00274436921390624,-30,0,0,0,0,0,1,2,-3.54927200793531,-0.423615727421252,-1.43527810229939,0,0,0
744,-31.3418514973186,0.0457354620546954,0.920782223709668,0.0360884455469163,-0.00446093478237494,-0.0146482062333139,-31.147949869617,0.157434462615936,1.01256389060829,0.0389843379626119,-0.0144420353182537,-0.0309719888116609,-30,0,0,0,0,0,1,2,-1.60253405702721,1.1293346065935,1.07207109994951,0,0,0
745,-31.306047030329,0.0418392062814475,0.907025076592208,0.0355210995856049,-0.00333158231497734,-0.012865890138859,-31.3311057517651,0.0700669963204005,0.887951152138326,0.0434517001107665,-0.000846692042747092,-0.014491000976807,-30,0,0,0,0,0,1,2,-1.68295850754645,-0.0554647883660918,-0.326802206595953,0,0,0
746,-31.271290012437,0.0384799031817778,0.894542346457293,0.0339932093214489,-0.00338702939004998,-0.0120990541083379,-31.2834294100726,0.19212680621594,0.814407396794347,0.0476403451054136,-0.0183732431144217,-0.00547421222746892,-30,0,0,0,0,0,1,2,-2.19717569039618,1.45307069901029,-1.0813935708418,0,0,0
747,-31.2384999894234,0.0358194235410091,0.882705852936558,0.0315870312240546,-0.00193393603460647,-0.0115731280072472,-31.3052460296124,0.117913722792015,0.958360299533531,0.0299940707178055,-0.00584634750537829,-0.0158415461597402,-30,0,0,0,0,0,1,2,-0.388915012555793,0.348807304953798,-0.332565983093038,0,0,0
748,-31.2071835820673,0.0340598965196859,0.871099315051975,0.0310457819991753,-0.00158512482123449,-0.0116397596019184,-31.3535012301208,-0.0914963699225152,0.991698843088366,0.0405726714108903,-0.00953499796518338,-0.00946278211307364,-30,0,0,0,0,0,1,2,-1.35026468084738,1.13649253636337,-1.03711947486937,0,0,0
749,-31.1770028840771,0.0330430279592978,0.859468791580197,0.0293156384461011,-0.000448618627989806,-0.0116207081488679,-31.1034011541494,-0.0697373512032874,0.779589125955397,0.0404822296944726,-0.000826683510587061,-0.0149759168573868,-30,0,0,0,0,0,1,2,-1.84142066114836,0.222143053465281,-0.0615865661721182,0,0,0
750,-31.1484238505484,0.0327054936395127,0.848389850555972,0.0278428053144683,-0.000226455982953436,-0.0105366808247334,-31.0387724645009,-0.0897141061137276,0.849616301142434,0.0271951212050933,0.0144682248367321,-0.0181467836995724,-30,0,0,0,0,0,1,2,-0.64196719150748,-1.26739427144575,0.115445767672376,0,0,0
751,-31.1208022330938,0.0318453470631507,0.838075482590879,0.0274005958411433,-0.00149384332557831,-0.0100919004180591,-31.1479598903969,-0.0166309744762555,0.824777633766904,0.0199796273256567,0.0184595413636105,-0.00521441297180777,-30,0,0,0,0,0,1,2,0.297957048228067,-1.81269218740854,-1.12811397035303,0,0,0
752,-31.0936674191732,0.0294451583038051,0.827428259194705,0.026868687469052,-0.00330653949506838,-0.0112023612109217,-30.9861819457445,0.0733586141279832,0.805138107177829,0.0172339189456187,-0.00644835791086123,0.000490601801519474,-30,0,0,0,0,0,1,2,0.248971996927135,0.498118562830156,-1.65933639450761,0,0,0
753,-31.067256462289,0.0263876767626758,0.815484840622271,0.0259527550690889,-0.00280842477774756,-0.0126841628013128,-31.1045041097933,0.0706705795338873,0.935218850673888,0.0342395181151992,0.000948890882445059,-0.00897316248258046,-30,0,0,0,0,0,1,2,-1.21494359193325,-0.23623024731228,-0.97312145308973,0,0,0
754,-31.0420969318942,0.0234611450539799,0.802796674052875,0.0243663229566655,-0.00304464276235034,-0.0126916453477638,-31.0503154442817,0.0391895943462852,0.863604825593729,0.0349914579622354,-0.0127041960012637,0.00552573663853731,-30,0,0,0,0,0,1,2,-1.3985149076601,1.1920404114338,-2.27978331504119,0,0,0
755,-31.0190179705108,0.0210125317159928,0.789665516526207,0.0217913308842757,-0.00185258907125938,-0.0135698211360395,-31.1050086578148,0.00791173972664052,0.884438453835193,0.00805704423781875,-0.0167441778454515,-0.010355645841298,-30,0,0,0,0,0,1,2,1.4043128918478,1.65859430509187,-0.733312323540581,0,0,0
756,-30.9969472657474,0.0199892350302834,0.775335210129712,0.0223495999023154,-0.000194010268325187,-0.0150909685985161,-30.8534396037259,0.11108007914131,0.652528672784897,0.0150973757938638,0.00434322907941805,-0.00299222204177895,-30,0,0,0,0,0,1,2,0.197141628065348,-0.656483066224426,-1.0058351413919,0,0,0
757,-30.9748667673938,0.0194669848655407,0.759772449822665,0.0218111075845141,-0.000850496156424687,-0.0160343702963665,-31.0992334943638,0.0791467152314891,0.912584844944416,0.0343569657814108,-0.00212620007494699,-0.0169904178441019,-30,0,0,0,0,0,1,2,-1.23722958941345,0.0543265770317208,-0.126127905478647,0,0,0
758,-30.9535835846964,0.0186436602782072,0.744067634599959,0.0207554896545811,-0.000796156476001353,-0.0153749101228321,-31.0159349847314,0.0548427335664053,0.726609169696351,0.0279989256418726,0.00701331287951384,-0.00464039573648924,-30,0,0,0,0,0,1,2,-0.768022594724482,-0.811016755084194,-0.989178765743777,0,0,0
759,-30.9334585381992,0.0174420017346455,0.728543124632647,0.0194945242524213,-0.00160716574501259,-0.0156736933045869,-30.7172665069755,0.10349500802882,0.576228862721068,0.0263425288090126,0.00783104101998887,-0.0223624145217926,-30,0,0,0,0,0,1,2,-1.19971986695031,-0.990094118056527,1.08378372673712,0,0,0
760,-30.9140824732851,0.0153397993318102,0.713647639357388,0.0192581295325635,-0.00259724629360687,-0.0141171933661558,-30.9400976021192,0.131143184749362,0.599341347328423,0.0244145527012519,-0.0100451587889636,-0.0143753293379539,-30,0,0,0,0,0,1,2,-0.56126006588687,0.742229509397637,0.238850239138546,0,0,0
761,-30.8949750295713,0.0131136737227942,0.699780460631184,0.0189569382893036,-0.00185501063081813,-0.0136170604721469,-30.5362608412446,0.111464552545798,0.78645738801646,0.0176128268106295,0.0157781662755952,-0.0239137700685198,-30,0,0,0,0,0,1,2,-0.688760998573673,-1.80074573265111,0.818462230819063,0,0,0
762,-30.8760272664393,0.0103582974319281,0.686674838911111,0.018938938103978,-0.00365574843532959,-0.0125941709941975,-30.9040182074958,0.0868362435042168,0.595944174413656,0.0365003937326595,-0.00199982343018077,-0.022057531714436,-30,0,0,0,0,0,1,2,-1.84200295827427,0.0263098560096433,1.01386482261629,0,0,0
763,-30.8574690305193,0.00671571691891039,0.675042937185478,0.0181781741799879,-0.00362941820873437,-0.0106693796108833,-30.8720759983706,0.120018284529918,0.643324899250388,0.0201617136205076,0.0140855651463826,-0.00422799842857222,-30,0,0,0,0,0,1,2,-0.27201936530957,-1.6485930836981,-0.863849955643555,0,0,0
764,-30.8396898926604,0.0022620067083802,0.664112968387578,0.0173799481765871,-0.00527800900761347,-0.0111902969307205,-30.8705439085501,0.0255619714260096,0.597828036575759,0.0106723351103027,0.000178480918778612,-0.00664383874129404,-30,0,0,0,0,0,1,2,0.673854306070002,-0.0689720347298805,-0.531272199022114,0,0,0
765,-30.8222430389826,-0.00305048898866106,0.652479033397845,0.0175134885253915,-0.00534698861118161,-0.0120776102734612,-30.8399348251601,-0.0766757339140433,0.435765349038778,0.0280676353693552,0.000987458394402497,0.00536627727886903,-30,0,0,0,0,0,1,2,-1.12689388661542,0.0546056283878369,-1.40815842596446,0,0,0
766,-30.8056309795606,-0.00837016676564713,0.640216149907895,0.0157105255562939,-0.00529237197191264,-0.0124475701680412,-30.8905209890288,-0.133071955467711,0.550987889894523,0.0228147063748961,-0.000129615263234676,0.00244317831303641,-30,0,0,0,0,0,1,2,-0.500428659431917,0.279105437258889,-1.34629361109269,0,0,0
767,-30.7905653701793,-0.013522981000075,0.627403100664554,0.014420473272416,-0.00501326215813395,-0.0131781083750337,-30.8365687101225,0.0821766226023646,0.693436664456945,-0.0143148512966334,-0.0210093977150623,0.000403047541512928,-30,0,0,0,0,0,1,2,3.10462254990837,1.9365865263015,-1.42717808306518,0,0,0
768,-30.7754565214126,-0.0175679639406274,0.612647790067554,0.0157962231730738,-0.00307670976949278,-0.0163329531283719,-30.8366039627317,-0.0885694053129882,0.57076393227356,0.0331131741708492,-0.00287118858716546,-0.0151407166921352,-30,0,0,0,0,0,1,2,-1.63810949162151,0.464257669342523,0.372543804666401,0,0,0
769,-30.7601730005545,-0.0204125340488969,0.596971891400525,0.0147712609675524,-0.00261243436239526,-0.0150185100444016,-30.7658755708474,-0.0372551588553342,0.428085765237253,0.0227418398100778,-0.00358856192072157,-0.0160615653207663,-30,0,0,0,0,0,1,2,-0.742432839312889,0.433366509782826,0.749985001602119,0,0,0
770,-30.7454515064875,-0.0228082782570484,0.58245950081358,0.0146720688223055,-0.00217905939709081,-0.0140062354856585,-30.709528072098,-0.0626429565454393,0.516586686159557,0.0179401807582335,-0.0028572883340775,-0.0102095572629525,-30,0,0,0,0,0,1,2,-0.374961931627405,0.411014746498628,-0.0122176460238654,0,0,0
771,-30.7309402963168,-0.0247818245239779,0.568551538401484,0.0143504321987609,-0.00176804066153141,-0.0138095835081417,-30.7602924383782,-0.230193692761697,0.441812803046474,0.0131576784476002,-0.000392625267570897,-0.00583763767694508,-30,0,0,0,0,0,1,2,0.204817031996302,0.499649912280485,-0.29986183839844,0,0,0
772,-30.7166268052256,-0.0263000381939955,0.554541512633497,0.0142764369793103,-0.00126839314937668,-0.0142104419854295,-30.711983113012,-0.180526036868809,0.484046536512261,0.0330096153088776,0.00178756790113179,-0.018301595130296,-30,0,0,0,0,0,1,2,-1.87699530486372,0.182295283624438,0.862066440005081,0,0,0
773,-30.7027885675667,-0.0274772701821071,0.54125333104138,0.0134006435989931,-0.00108607722989178,-0.0123656375152692,-30.6689519433485,-0.132112588848543,0.422154916042414,0.00819619269523858,0.0026474169296933,-0.0148874346800479,-30,0,0,0,0,0,1,2,0.518284617173113,-0.000516515272243445,0.644433635919965,0,0,0
774,-30.6889951099019,-0.0285636050940733,0.52893982362485,0.014186321601952,-0.00108659881347445,-0.0122616249684597,-30.5565551073851,0.143857952558027,0.602054197861218,0.0090136599145889,0.00107019081621718,-0.0102063287652374,-30,0,0,0,0,0,1,2,0.211744223311348,-0.394734986737771,-0.183475519198691,0,0,0
775,-30.6748040181371,-0.0298475691284506,0.516519440507465,0.0141957772278328,-0.00148133618953028,-0.0125791412112318,-30.5476525898835,-0.196462730077438,0.654980876405249,0.0147761884255537,0.012923584598724,-0.0148687979378412,-30,0,0,0,0,0,1,2,-0.382313662788309,-0.899432999717528,0.176918040973618,0,0,0
776,-30.660708010281,-0.031778617050306,0.504112943322395,0.013996364565141,-0.00238076498444522,-0.0122337850606188,-30.5566456656428,-0.0698740208284673,0.433872000901262,-0.000133313868199172,-0.00165076056223118,-0.0155036150944986,-30,0,0,0,0,0,1,2,1.12662271810553,0.304824097880053,0.682617507647332,0,0,0
777,-30.6460774906287,-0.0340069732995607,0.491743673659722,0.0152646025066736,-0.00207595241000441,-0.0125051554789433,-30.6125328180647,-0.103015235741145,0.571941100616666,0.0187317506977845,0.00817784197199081,-0.0164644561630805,-30,0,0,0,0,0,1,2,-0.648109433649067,-0.611753725716792,0.50256341507472,0,0,0
778,-30.6309044499805,-0.0363887967506091,0.479620661207701,0.0150817374630965,-0.00268769886314506,-0.0117408060686434,-30.7275881585904,0.0923780462920899,0.626518634687089,0.00484643746584867,-0.00436419071412555,-0.0294280406340973,-30,0,0,0,0,0,1,2,0.970532570595891,0.251662978828375,1.68976679403555,0,0,0
779,-30.6149138576041,-0.0389506678098025,0.46817224957204,0.0168996447159496,-0.00243604502310566,-0.0111565884553531,-30.5233512819203,-0.148202607625675,0.363549454841217,0.0361399375124845,-0.00667341504219519,-0.000290951205847819,-30,0,0,0,0,0,1,2,-2.56729118740794,0.963746719470868,-0.698003789097652,0,0,0
780,-30.5992209973551,-0.0409048235137498,0.457581909365891,0.0144864529797083,-0.00147227142210212,-0.0100233172396212,-30.630822654244,-0.195492437439545,0.467168008963294,0.0172842727277682,-0.0104409776344288,-0.00520166221386439,-30,0,0,0,0,0,1,2,-0.466781964288911,1.43508263832197,-0.414169796540149,0,0,0
781,-30.5850592842334,-0.041659548946886,0.447537955854959,0.0138369735410115,-3.71841007255722E-05,-0.0100643797772874,-30.4125509165956,0.165440790514634,0.337784159069993,0.0255898469815261,0.00499990571720503,-0.0262481857440689,-30,0,0,0,0,0,1,2,-1.73388286496135,-0.830872152749771,1.94925025626691,0,0,0
782,-30.5712383395869,-0.042112156816601,0.438758388022796,0.013805744198863,-0.000868036367836053,-0.00749474164728517,-30.5514572822004,0.164996539021424,0.365236177272421,0.000171211153265995,0.000740383289785327,-0.00690966159687206,-30,0,0,0,0,0,1,2,1.08579344907414,-0.404031407021381,-0.039506194857636,0,0,0
783,-30.5570504404125,-0.0431822117586837,0.430869261445491,0.0145698125281686,-0.00127207937950834,-0.00828375528262917,-30.648404702258,-0.204640695297653,0.477191203933714,0.00896012788565966,0.0130954086863023,-9.91350615134699E-05,-30,0,0,0,0,0,2,2,0.400796615949974,-0.900259478034923,-0.94446890171608,0,0,0
784,-30.5426556877328,-0.0449044207708546,0.422079256715566,0.0142193869030215,-0.00217234380327043,-0.00929613821659361,-30.5093495423616,-0.00817108165016204,0.432050927588847,0.00838881613689735,-1.43748998807248E-05,0.0100182446502237,-30,0,0,0,0,0,4,3,0.179817471033531,0.0177796532883966,-1.86592632020007,0,0,0
785,-30.5290008749534,-0.0470678732795777,0.412006158904539,0.0130897600998207,-0.00215456740596668,-0.0108496967332276,-30.31116174132,0.00735566793772802,0.367739182264423,0.0219734983577532,-0.0110526816576978,-0.00990086011110729,-30,0,0,0,0,0,4,3,-1.57502635313537,1.09055682989433,0.254607646581883,0,0,0
786,-30.5164280262216,-0.0486771506770268,0.401755948166924,0.012056330055413,-0.00106399360000755,-0.00965039328152731,-30.4710974348034,-0.0770820919909996,0.428392105202264,0.00601451535125114,-0.0152579659913513,-0.00426585513792658,-30,0,0,0,0,0,4,3,0.340743334481645,1.67996078311713,-0.43019869661187,0,0,0
787,-30.504399853443,-0.0489011641217436,0.391813251586191,0.0119998417782719,0.000615963243808436,-0.0102349763135707,-30.3704177549614,-0.0495803672570044,0.499212311767811,0.0108469700494402,0.000547505387533136,-0.0142542697633231,-30,0,0,0,0,0,4,3,-0.343861495021317,0.0444101957606953,0.427002352796688,0,0,0
788,-30.4923989003572,-0.048262991226811,0.381833752409105,0.0120022377839715,0.00066037741842379,-0.00972401942636022,-30.2584109977354,-0.267632110272733,0.392049594217787,0.00299714793588048,-0.00847696948174897,0.000873343342719653,-30,0,0,0,0,0,4,3,0.217107201882723,1.38296116872036,-0.871433522707539,0,0,0
789,-30.480618210917,-0.0469111316952117,0.37169413959939,0.0115588909735922,0.00204333564557597,-0.0105550632685044,-30.5820757698697,-0.0204174527377338,0.237217932812276,0.022056850188056,-0.0131437950567934,0.00143515862805436,-30,0,0,0,0,0,4,3,-1.04153347906628,1.35521441115481,-0.617951728429987,0,0,0
790,-30.4696662992657,-0.0441901804731568,0.361237846382275,0.0103450090856548,0.00339856072635178,-0.0103571367380287,-30.4872673765351,0.0675524376851205,0.342642206570558,0.00497447931293154,-0.00217175692160928,-0.0109993902416767,-30,0,0,0,0,0,4,3,0.477086821776998,0.0820708167906875,0.414654611026557,0,0,0
791,-30.4590179393657,-0.0407505850051509,0.3508588855837,0.0109517077552552,0.00348062674971168,-0.0104009706696969,-30.4635900684515,-0.133494998512953,0.27240434168419,0.0128147286463699,-0.00306153970532453,-0.00298576917172901,-30,0,0,0,0,0,4,3,-0.354292727733957,0.573143967558359,-0.246231766195479,0,0,0
792,-30.448292983924,-0.0369833819957365,0.340466912309586,0.010498222120741,0.00405377431988067,-0.0103828310905416,-30.3389177536796,0.0670770318589211,0.256589444199078,0.0158751819452885,-0.00392210007988125,0.00586073451159388,-30,0,0,0,0,0,4,3,-0.909682687169569,0.258055944270282,-1.09925233955754,0,0,0
793,-30.4385130040519,-0.0328005725194675,0.329961566684949,0.00906167544313036,0.00431183917341994,-0.0106274059359404,-30.5257626236272,-0.192673009070879,0.283840517445032,0.00802263258956064,0.00572557449339805,-0.00391845607575986,-30,0,0,0,0,0,4,3,0.249261988298389,-0.187211431198046,-0.175835427314078,0,0,0
794,-30.4294301441182,-0.0285823388852078,0.319169132642305,0.00910395421287132,0.00412462495720563,-0.0109574728461635,-30.5006502759767,-0.0560523326321973,0.334291203140734,0.0234418792120294,0.00167333275476707,0.00259852457219338,-30,0,0,0,0,0,4,3,-1.34288736924959,-0.0552286102123127,-0.928434863500807,0,0,0
795,-30.4211487681973,-0.024485318460809,0.308299307120554,0.00745886539125935,0.00406941000476489,-0.0107816606291109,-30.5412127162446,-0.145640851697896,0.474650472657522,-4.6001906525657E-05,0.0171028370675279,-0.00244279246098692,-30,0,0,0,0,0,4,3,1.08702562314176,-1.41900200335699,-0.705021699216352,0,0,0
796,-30.4135348217358,-0.0211254134738199,0.296876668212323,0.00776863782049914,0.00265039590443597,-0.0120637111733989,-30.3161065779377,-0.124686051118824,0.348533077960432,-0.0036659017188123,-0.00258156352878422,-0.028423734107483,-30,0,0,0,0,0,4,3,0.998803327756593,0.507528455116069,2.14530725482743,0,0,0
797,-30.4046904825663,-0.0182212553109299,0.285259515806023,0.00992033120937627,0.0031579152443567,-0.0111712631338968,-30.3488587113354,-0.036566740395081,0.249577615121226,0.00376362908623931,-0.00302241344015073,0.00720223322718072,-30,0,0,0,0,0,4,3,0.321354514046789,0.375374824805235,-1.21937855296052,0,0,0
798,-30.3950725269076,-0.014875651943384,0.273511281191518,0.00931523403891697,0.0035332857679462,-0.0123250151565682,-30.6167478520961,-0.138452126450599,0.465443769168512,0.00634653196019739,0.000773177766260247,-0.000576329259748355,-30,0,0,0,0,0,4,3,0.598842508172526,0.199586476275174,-0.873254612362188,0,0,0
799,-30.3858417257758,-0.0112425742054843,0.260645181736065,0.00914604376338571,0.00373286522991506,-0.013407128751042,-30.543021733152,-0.0344625708440795,0.174986952670058,0.00563418588351727,0.0163088066995883,-0.0199993112979142,-30,0,0,0,0,0,4,3,0.522624877952292,-1.56195552827067,1.6499572244513,0,0,0
800,-30.3759626077237,-0.00829068550269715,0.247657967860859,0.0106124670466279,0.00217090530807405,-0.0125677544281103,-30.3727847512817,-0.00413861210688918,0.213315838486684,-0.0065757818743086,-0.00245967306048187,-0.0123946760523724,-30,0,0,0,0,0,4,3,1.40314768999421,0.254244530261965,0.812835928263875,0,0,0
801,-30.3645711627188,-0.00599266234292805,0.234902964022711,0.0121703207899443,0.0024251354501857,-0.0129427343170806,-30.4841685595497,-0.0531697857308727,0.0815811097214332,0.00409656663137751,0.00611643042542812,-0.00864099966224048,-30,0,0,0,0,0,4,3,0.558680455961736,-0.505303471081066,0.700937746781182,0,0,0
802,-30.3519724342763,-0.00382017874657781,0.222013888265234,0.0130271829896383,0.00191982652171504,-0.0128356799754884,-30.1973281675516,-0.106547098110965,0.196463807933033,0.0120803801534456,0.00605706982491893,-0.00133949267295188,-30,0,0,0,0,0,4,3,-0.813381680241444,-0.392612786269962,-0.258978348570878,0,0,0
803,-30.3393471998683,-0.00209665124641036,0.209337263190591,0.0122233990147825,0.00152722222474459,-0.0125173169820002,-30.2016485408354,-0.115162196805303,0.187554972640412,0.0261183405378066,-0.00428771140341719,-0.0111536420868088,-30,0,0,0,0,0,4,3,-2.20853697210978,0.659095533952324,0.740254263400061,0,0,0
804,-30.3277051306121,-0.000239866311512369,0.197818762556632,0.0110613723639253,0.00218634184158403,-0.0105193197317456,-30.2619139193841,-0.020402749524149,0.1645449954497,0.0348317718519603,0.00685686643518057,-0.00589853766955905,-30,0,0,0,0,0,4,3,-2.95934934642776,-0.644881144469759,0.260763776056504,0,0,0
805,-30.3176621669321,0.00162405378150638,0.188374947358091,0.00902523248335865,0.00154149244829366,-0.0083676783155659,-30.2776823073479,0.107737140221739,0.235686309267842,0.0138835341004813,-0.00132279853098761,0.000675872868448999,-30,0,0,0,0,0,4,3,-0.832988795352369,-0.083194427344717,-0.538959905380584,0,0,0
806,-30.3091372882206,0.00312395613909559,0.180072760071178,0.00802457699282546,0.00145830652005603,-0.00823638483750647,-30.252335277339,0.126378948771334,0.123763973311846,0.00894526939891629,-0.00533050801415029,-0.0178011286689855,-30,0,0,0,0,0,4,3,-0.389856385213586,0.280292903872362,1.53258492027485,0,0,0
807,-30.3007508170839,0.00472241613318728,0.172518199028418,0.00874880109649786,0.00173860468166413,-0.00687296037325497,-30.2093262152037,0.178794093615847,0.0258367432282837,0.00747718421848081,0.0155490103737134,-0.00888254941682988,-30,0,0,0,0,0,4,3,-0.329065991440725,-1.91248922460304,0.83658145522642,0,0,0
808,-30.2918512430278,0.0055047815737702,0.166049080885609,0.0090506085567531,-0.000173880437072057,-0.00606536695354814,-30.2986382241949,0.0317345402465713,0.130267877269212,0.00298527421198376,-0.025048781077897,-0.0134039137361719,-30,0,0,0,0,0,4,3,0.298749027191437,2.44140902729655,1.07985561907877,0,0,0
809,-30.2823354014857,0.00655160739735155,0.16026501291575,0.00998125942896661,0.00226752617247689,-0.00550305108025152,-30.3291084298032,-0.0634207616175767,0.10851918758369,0.011237339807856,-0.00802692892683876,0.0153036899831759,-30,0,0,0,0,0,4,3,-0.465517121179102,0.92953441591903,-1.74740737348497,0,0,0
810,-30.2731252868703,0.00928390592274492,0.154258580743769,0.00843867324293356,0.00319706430643845,-0.00650933447190479,-30.2554562603014,0.0230556344415025,0.0872242653860436,0.0180773957151981,0.00582322320129441,0.00146358966122606,-30,0,0,0,0,0,4,3,-1.29682705091696,-0.628433589012446,-0.320807496894693,0,0,0
811,-30.2652825666382,0.0121667623665039,0.148053878271582,0.00724696537347775,0.0025686443218804,-0.00589969985434294,-30.3946332670105,0.0359568604935672,0.273554660253972,0.0166977974208966,-0.0042824131934527,-0.00217698825728009,-30,0,0,0,0,0,4,3,-0.880513208068704,0.356327598358136,-0.329410494779934,0,0,0
812,-30.2584805994079,0.0149135795310401,0.142315903696425,0.00635707986689501,0.00292498107255818,-0.00557597432879553,-30.2906783774112,0.0363575999111039,0.0410315686188093,0.0371849230044705,-0.00420025713265569,-0.0235114924800746,-30,0,0,0,0,0,4,3,-3.13713554562463,0.347310513443361,2.26908611076984,0,0,0
813,-30.2525188166445,0.0180122366124807,0.138622570432431,0.00556764932576953,0.00327232666765966,-0.00181044923513958,-30.2885408956655,0.185897720622475,0.255100478183402,0.00307035515215273,0.00691624239968518,-0.01552480349805,-30,0,0,0,0,0,4,3,0.27004627611571,-1.06341968121347,1.0422793934382,0,0,0
814,-30.2465056121865,0.0207528546905976,0.137090105424783,0.00645893935345836,0.00220890485037085,-0.00125474921912568,-30.201826186502,0.217328158423089,0.246522999555274,-0.00225652161346728,-0.00356924735786442,0.00514702892332384,-30,0,0,0,0,0,4,3,0.629304534350657,-0.0777315810597352,-1.00774889144293,0,0,0
815,-30.2401634830876,0.0229228924839076,0.135237283397366,0.00622496002089897,0.00213116583471054,-0.00245082046396042,-30.2298225331044,-0.133742711625741,0.129813392405925,0.0242628361439589,-0.000260774469407441,-0.0218586958138219,-30,0,0,0,0,0,4,3,-1.966638548187,0.293562870192227,1.92624279657034,0,0,0
816,-30.2340147116992,0.0252008535817257,0.13414694850685,0.00607342267676177,0.00242475105528965,0.000270201848751542,-30.2664993260307,0.106390432355771,0.396758882685663,0.0103742433913893,-0.0153173292036917,0.0011202284550294,-30,0,0,0,0,0,4,3,-0.504425687077468,1.31895205565763,-0.905540610874266,0,0,0
817,-30.2284393710391,0.028285085683675,0.134241834372053,0.00507715964411325,0.0037437078391188,-8.01224666159457E-05,-30.0502126245313,-0.0489394962001644,0.243650064360477,-0.00442804349018442,0.017300911059429,-0.0166663808327162,-30,0,0,0,0,0,4,3,0.543229598080967,-1.63221211354257,1.17933795455067,0,0,0
818,-30.2227680399507,0.0312126875836419,0.134396454483113,0.00626565437675663,0.00211149077279544,0.000389004973984183,-30.1733824507171,0.0256921540346841,0.0682259890120577,0.00856413298759837,-0.00609782158673235,-0.0100596367746613,-30,0,0,0,0,0,4,3,-0.509648397325539,0.558397850603867,0.869511699442016,0,0,0
819,-30.2163991637808,0.0336033833691788,0.135263366778147,0.00647240102108764,0.00266989468289859,0.00134475961112629,-30.2691879582559,0.0073382980682479,0.207311253638811,0.00891329202710688,0.00128177962854921,-0.00322740416208069,-30,0,0,0,0,0,4,3,-0.352953286198828,-0.142854558991417,-0.0918820910695529,0,0,0
820,-30.2100922003559,0.0362018552014,0.136680213351606,0.00614157846738677,0.00252704381850509,0.00148904011973435,-30.2579521396681,0.00799240127162074,0.133581495566445,0.0179618639416281,-0.0125645923530879,-0.00195665739077018,-30,0,0,0,0,0,4,3,-1.28028211482651,1.24047443276555,-0.0714972520558718,0,0,0
821,-30.2044486394589,0.0393491451191515,0.13856472018901,0.00514579034794982,0.00376753185346882,0.00228028191903501,-30.201848523963,0.117593212828511,0.228190819602579,-0.00293898582128047,0.00799470947040785,-0.0168160585276657,-30,0,0,0,0,0,4,3,0.697595630054063,-1.03465737269781,1.22522421356141,0,0,0
822,-30.1986344479947,0.0425993479446861,0.141042534636138,0.00648271968929361,0.00273286791871065,0.00267494543549783,-30.1612834304881,-0.117912081939304,0.132495614964617,-0.000293655218730903,0.0135723866956464,-0.00999451036821288,-30,0,0,0,0,0,4,3,0.351932382849243,-1.12141450568603,0.734459806892054,0,0,0
823,-30.1917766635832,0.0447715102432813,0.143852043572209,0.0072329381362401,0.00161145018169124,0.00294385002657025,-30.2920382084813,0.22987070059524,0.140606885500381,0.00426015119673677,0.000986396653372605,0.00135946556817919,-30,0,0,0,0,0,4,3,0.158061297288932,-0.558381066527741,-0.417160327818682,0,0,0
824,-30.1846319921414,0.0461037714949873,0.146574778279172,0.00705627933469475,0.00105306712974051,0.00250168027506289,-30.2158202796039,-0.0678679224566164,-0.00107860184481806,0.0193631410738232,-0.0120167879353326,-0.00878021129280993,-30,0,0,0,0,0,4,3,-1.50467354817449,1.33741463844649,0.88017833297063,0,0,0
825,-30.1778293530355,0.0478255573152042,0.149897012173503,0.00654950392353509,0.00239049844742805,0.00414294578297172,-30.1292337908408,0.0746124756049244,0.0534385511185728,0.000567762585996488,-0.011608980368043,0.00249338574569441,-30,0,0,0,0,0,4,3,0.201691323081937,1.01167308559445,-0.356215676806587,0,0,0
826,-30.1713308678654,0.0507218943421889,0.153826754184871,0.00644734551050075,0.0034021691300719,0.00371657289962903,-29.9835903656541,-0.021461355263411,0.0879107560330051,0.0130471798035007,0.0101544841019305,0.0020329980662725,-30,0,0,0,0,0,4,3,-1.33753724904185,-0.972525699666227,-0.37912131869326,0,0,0
827,-30.1655046482167,0.0536378099584529,0.157847774734521,0.00520528504325988,0.00242965742181315,0.00432584718826742,-30.0816373087152,0.192762306444125,0.102048611255896,0.00559778664612295,0.00141544550884054,0.000728153577336604,-30,0,0,0,0,0,4,3,-0.396504047181878,-0.527069163772303,-0.276912580245452,0,0,0
828,-30.1605416387526,0.0558039374576306,0.162194775949393,0.00472075570864047,0.00190259228906642,0.00436830282890192,-30.1716523039159,0.062115574502547,0.174476945081061,0.00376947134343315,-0.00146759202329177,0.0186805820784277,-30,0,0,0,0,0,4,3,-0.0336425265114606,0.0225280533240834,-2.21701209800489,0,0,0
829,-30.1565944962485,0.0577177964112853,0.165753100323797,0.00317304662553774,0.00192511911114146,0.00274881236065747,-30.0881210028204,0.0785281660294362,0.336645849210223,0.00594698463672396,-0.00335921361480143,0.00737022975117878,-30,0,0,0,0,0,4,3,-0.418456458031636,0.178865029421271,-1.41031467353832,0,0,0
830,-30.1540605977184,0.0597323539300313,0.168119064083871,0.0018945253927087,0.00210398759550345,0.00198350496231421,-30.2348315896424,0.000525862844480127,0.085230208559169,0.00421506895565338,-0.00676805898151684,0.0241354941593699,-30,0,0,0,0,0,4,3,0.0481562837194348,0.675754172462724,-2.58400983305533,0,0,0
831,-30.1530379737088,0.062174220721462,0.169133551023727,0.000150147112212518,0.00277973940568331,4.59956480757528E-05,-30.1051722521842,0.129353512212082,0.286479017475309,0.00435199757160023,0.00500834136049037,0.0164935706439096,-30,0,0,0,0,0,4,3,-0.224855252791686,-0.759541160473201,-2.22231509934158,0,0,0
832,-30.1537368695429,0.0645741928904291,0.168437359938095,-0.00154837644628709,0.00202019905147505,-0.00143786795298488,-30.2051191976653,0.164569919668592,0.17233289336274,-0.00880854639371613,0.00430831023559592,-0.00892252767215444,-30,0,0,0,0,0,4,3,1.2910930347022,-0.759970862896777,0.547586980489964,0,0,0
833,-30.1546340552473,0.0662144027465714,0.166746655297697,-0.000246138790128613,0.00126021480898756,-0.001943930668787,-30.0788603002648,0.237180476096459,-0.0152788411972224,-0.00087649056092542,0.0072790509034665,0.0117144571644586,-30,0,0,0,0,0,4,3,0.245369656622121,-1.20226604253957,-1.14088803405141,0,0,0
834,-30.1551891593639,0.0668734859289994,0.164293654351596,-0.000864366152705473,5.79453314270449E-05,-0.00296188414064934,-30.3537657694345,0.209573400197607,0.342242304648392,0.0124313515133171,0.0183461218482508,-0.00459598333205403,-30,0,0,0,0,0,4,3,-0.535603612462637,-2.25375898522029,-0.224886276091381,0,0,0
835,-30.1563326362559,0.0658045565871077,0.161424348447659,-0.00142252271343209,-0.00219580810539494,-0.00277656315998459,-30.2296906885746,-0.0339362800969855,0.138760396323017,-0.0136653284048079,-0.00444992932908991,0.0108217129441804,-30,0,0,0,0,0,4,3,1.82591421763005,0.512865493102962,-1.35969208706407,0,0,0
836,-30.1575663072941,0.063865173604387,0.157517200147546,-0.00104548673772329,-0.00168296306335149,-0.00503784534980554,-30.2526497966981,-0.178895412931942,0.200173882238388,-0.00101022356554897,0.00296553687484602,-0.00740527891305866,-30,0,0,0,0,0,4,3,0.606321949951192,0.0612371383792828,0.34018012682909,0,0,0
837,-30.1582831661035,0.0622128289929839,0.152384845367256,-0.000388278188828566,-0.00162173214614547,-0.00522705780436408,-30.1464749069924,-0.0395418207268054,0.0662315622977397,0.0200975120584208,0.0143471145599538,0.00695209641284527,-30,0,0,0,0,0,4,3,-1.71680139185735,-1.35562781454177,-0.827672765880007,0,0,0
838,-30.1595876017236,0.0599132947281774,0.147438308882643,-0.00222041751373562,-0.00297734223881506,-0.00466546867476133,-30.2141825489054,-0.0923556724913764,0.232117571535075,-4.32054075275696E-05,0.00464527435668224,-0.00776374559423688,-30,0,0,0,0,0,4,3,0.432685638563554,-0.279816090685471,0.312139416353539,0,0,0
839,-30.1615518501721,0.0567960446087963,0.14272826031658,-0.00170809829063266,-0.00325716272184116,-0.0047547800476049,-30.2419723883632,0.266887319077108,0.169076689555005,-0.00881942433805507,-0.0120749550039999,0.0106088018131671,-30,0,0,0,0,0,4,3,1.365887210532,0.673720862245773,-1.39903356042672,0,0,0
840,-30.1632551444501,0.0538757375295248,0.136986854957746,-0.0016990683762172,-0.00258345742373574,-0.0067280332778781,-30.1403147982297,0.118305640543981,0.000788068288647747,-0.0129736156729515,-0.0138634627296244,0.00108691967084912,-30,0,0,0,0,0,4,3,1.5779911637545,1.14973499187448,-0.110268103662207,0,0,0
841,-30.1644300730208,0.0518671418186705,0.129665841847496,-0.000651132680285579,-0.00143373934095549,-0.00791430301579422,-29.9079516048207,0.142063753456034,0.0748248506007806,0.00745166899285179,0.000808342606213786,0.00794885864001482,-30,0,0,0,0,0,4,3,-0.929263689643852,-0.364961767533446,-0.944535565203043,0,0,0
842,-30.1657534295849,0.0502509287955654,0.121720463928208,-0.00199559172382666,-0.00179869187516857,-0.00797605504667936,-30.112283806158,0.034379297070014,0.346574165047014,-0.0116527638321801,0.0105365895261693,0.0073834041278742,-30,0,0,0,0,0,4,3,1.38984399553399,-1.12241754675696,-1.43148874288145,0,0,0
843,-30.1677503562294,0.0478910227693213,0.112737954269258,-0.00199884841637442,-0.00292112526829563,-0.00998896447669835,-30.2792045309668,-0.0411635146857402,-0.253171678884497,0.010134326189217,0.00587287322011586,-0.00849447247960162,-30,0,0,0,0,0,4,3,-0.455023556988155,-0.504960292640106,1.35579060572915,0,0,0
844,-30.169456748622,0.0447174240063851,0.103387458002743,-0.00141354893747542,-0.00342607973927516,-0.00871220193697786,-30.3149408374912,0.0971958845395565,0.141888111608815,0.000321737000373782,-0.00558418455658506,-0.00713796547439464,-30,0,0,0,0,0,4,3,0.5977079749451,0.364026686579393,0.430020324221834,0,0,0
845,-30.1705161765212,0.0414733579913167,0.0946148736223582,-0.000705332147416595,-0.00306205911857814,-0.00883317721943682,-30.0223568476645,0.0202609350704775,-0.00140359118081249,-0.00333934473799336,0.0147490022762928,-0.0150945232512328,-30,0,0,0,0,0,4,3,0.378648169128365,-1.51542209777024,1.5122595074849,0,0,0
846,-30.1705723733999,0.0376535895374387,0.0861873019459685,0.000593186837267831,-0.00457748417123766,-0.00802234858005791,-30.221585989265,0.0299767951690227,0.24331411266845,0.0145112189544924,-0.018707052768931,-0.00608027175437937,-30,0,0,0,0,0,4,3,-1.00794991691917,1.81075168655506,0.121398950101036,0,0,0
847,-30.1703110251599,0.0339814898984178,0.0785471149140042,-7.02531232420877E-05,-0.0027667216492285,-0.00725782927504605,-30.1402098901886,0.188827093622924,0.0485045054844664,-0.0109500056240548,-0.00522083621781182,-0.0136488860187835,-30,0,0,0,0,0,4,3,1.37542034278267,0.144429434535333,1.26787959090942,0,0,0
848,-30.1694556986117,0.0312869793796079,0.0712605021308237,0.00178090023314729,-0.00262230597672075,-0.00731594321459798,-30.2393457752131,-0.0996139148571782,0.227530631721121,0.014573975406274,-0.0121148690581197,-0.0221509865584586,-30,0,0,0,0,0,4,3,-0.978705990201113,1.41071473552633,1.76003739240362,0,0,0
849,-30.1674275207356,0.0293700393468554,0.064907097599817,0.00227603133134658,-0.00121157954241015,-0.00539101043984046,-30.1857211612919,0.0237056148638017,0.20071948993796,-0.00760165983810742,-0.00638541044295395,0.00386686143191804,-30,0,0,0,0,0,4,3,1.13160830639453,0.591129814567792,-0.788125123067725,0,0,0
850,-30.1650253242844,0.0284540216236813,0.0588284857336064,0.00252796708026033,-0.000620462362823789,-0.00676628689340291,-30.2663355513404,-0.0687491457040274,-0.0441847118071458,0.0166263780134915,-0.0124530992540029,-0.00309669868978194,-30,0,0,0,0,0,4,3,-1.12996669866844,1.38280821680835,0.398039292592485,0,0,0
851,-30.1627754472899,0.0285249726076833,0.0525859728470646,0.00197210347255663,0.00076235819055216,-0.00571857317288482,-29.9729275030011,0.0586717285968948,-0.00697270136067746,-0.00186836906639279,0.00762971492614358,-0.0161749612010299,-30,0,0,0,0,0,4,3,0.132691912641399,-0.880314949808147,1.63144152282434,0,0,0
852,-30.1601979615177,0.0288471760481677,0.047397415067193,0.00318318747981999,-0.000117957002536388,-0.00465889585159596,-30.1744269554295,0.0658538810835705,-0.0216809905802604,-0.0128938362238333,-0.0010619457626626,0.000184655384790035,-30,0,0,0,0,0,4,3,1.63823753324241,-0.0255131859008808,0.0248964426815173,0,0,0
853,-30.1564247352999,0.0287164567798751,0.0421667247755333,0.00436293952821695,-0.000143487644085985,-0.00580282865892598,-30.2180141071818,0.125440379271092,0.0395281993108716,-0.00244576602516734,-0.00258545854285721,-0.0229514255251113,-30,0,0,0,0,0,4,3,0.680604816880329,0.00766509574353669,2.21608615388939,0,0,0
854,-30.1510556510972,0.0285768016226383,0.0369116238295172,0.00637555888713044,-0.000135828218574452,-0.00470795901505236,-30.2626946373441,0.118801761673856,-0.0554062323562356,0.00144631695170129,0.00680136222451578,-0.0168103823552063,-30,0,0,0,0,0,4,3,0.380757579518059,-0.917739745799291,1.7918507002331,0,0,0
855,-30.1439282095973,0.0279821061123511,0.0327014547010772,0.00787962684225169,-0.00105357074259592,-0.00371281692234116,-30.2035805093329,0.0510710255017369,-0.013464190073879,0.0244623884086284,0.00834112251783039,0.0133609069895145,-30,0,0,0,0,0,4,3,-2.03907782219701,-0.936254302786513,-1.30916231880369,0,0,0
856,-30.1372436460786,0.0264604211451846,0.0292133246001898,0.00548964007507917,-0.00198980423852212,-0.00326274154966419,-29.9195512248003,-0.201878714179424,-0.120905928394968,0.0166995172211532,0.00369042250804228,0.00649968062818929,-30,0,0,0,0,0,4,3,-1.8308492725148,0.0347151775546191,-0.408156206028993,0,0,0
857,-30.1325602667701,0.0244879873019227,0.0264282740307005,0.0038774083486272,-0.0019550698232608,-0.00230688463269391,-30.1658304372222,-0.0826967238066136,0.213666235513557,-0.0085000414171526,0.0186986574724946,-0.00894734238624482,-30,0,0,0,0,0,4,3,1.18166501615958,-1.70447229963623,0.467401767597368,0,0,0
858,-30.1281026571142,0.0216806781445891,0.0238652869259892,0.00503767024501199,-0.00365955439278429,-0.00281942447982636,-30.1302846128488,-0.0984437158754246,0.151677175067198,0.00153040386304435,0.00802346739148801,-0.00809936860847784,-30,0,0,0,0,0,4,3,0.107528839393124,-0.605459307397952,0.506582510713389,0,0,0
859,-30.1228566444808,0.0177183967340407,0.0211771611940361,0.00545443899457323,-0.00426501448128329,-0.00255694659284326,-30.1227613556143,0.150185102711088,-0.0372645777861628,0.00657110960529738,-0.00672450819543588,0.00251140948088146,-30,0,0,0,0,0,4,3,-0.411588249301051,0.372080614121412,-0.17661179251582,0,0,0
860,-30.1176178650345,0.0136394274702498,0.0186873926285062,0.00502316787184346,-0.00389292959788392,-0.00242246223965885,-30.2828356212206,0.194616297837977,0.0381007363005,0.0113179326295413,0.0141793411291407,-0.00646381435439521,-30,0,0,0,0,0,4,3,-0.566122020512953,-1.80716670859002,0.570179962838521,0,0,0
861,-30.1126049797024,0.00884292063361593,0.0166538599013078,0.00500283659233274,-0.00570008985624799,-0.0016445939472512,-30.1438904039059,-0.159436734502449,-0.0397355932935657,-0.0244690922400182,-0.0109929077574172,0.00735304280082564,-30,0,0,0,0,0,4,3,2.7346900318136,1.41816424474662,-0.655833093495433,0,0,0
862,-30.1068583927335,0.00385190075361294,0.0138069471112737,0.00648964875013952,-0.0042819552468589,-0.00404965834645789,-30.2662278036129,0.184230462685461,0.0728239845122859,0.0282406626733393,-0.0109952228830919,-0.00433452572910899,-30,0,0,0,0,0,4,3,-2.29161066010815,0.731061362938274,0.287804603886327,0,0,0
863,-30.1010953276304,-6.45079954020577E-05,0.0106471934466277,0.00503700516895157,-0.00355086923508845,-0.00226942567361905,-30.1936248005608,0.080480803040061,-0.0665920140268011,-0.00946568557216865,-0.0223945489636873,-0.00596187088255079,-30,0,0,0,0,0,4,3,1.33381815833839,2.07849329028861,0.729371116308681,0,0,0
864,-30.0953328815177,-0.00257613461296907,0.00815949343607908,0.0064877693369358,-0.00147238964552951,-0.0027063919713804,-30.0922475515387,0.176893700084676,-0.0523604203074069,0.0268986535700859,0.0062736737320335,0.0106902166203295,-30,0,0,0,0,0,4,3,-2.5053702539312,-0.981154773372702,-0.964300821418134,0,0,0
865,-30.0900841686476,-0.00453908619379008,0.00597126765992115,0.00400996267198016,-0.00245351838979129,-0.00166933963577579,-30.0494457915715,-0.0540010839517742,-0.155190007660526,0.000136614770334645,-0.0129941860124081,-0.000223781414733057,-30,0,0,0,0,0,4,3,0.0852301061095432,1.40742076914436,0.332758156794357,0,0,0
866,-30.0859333007371,-0.00628889176429866,0.00437877803820116,0.00429182533387231,-0.00104609829066113,-0.00151571804549272,-30.0724093081074,4.23387269865832E-06,0.0628645407895707,-0.0133864588325477,-0.000112306513427116,-0.00168640532586008,-30,0,0,0,0,0,4,3,1.4834644994696,0.0112221835973143,0.0429114510068669,0,0,0
867,-30.0811028965089,-0.00732938389154672,0.00234660485342193,0.0053686924570166,-0.0010348918963072,-0.00254893640763159,-30.1151929272441,-0.0607004027225043,0.0595580757004143,0.0265187661117608,-0.0126086383906497,-0.0181538840852036,-30,0,0,0,0,0,4,3,-2.42149075668795,1.38226464450998,1.69627225711953,0,0,0
868,-30.0760100521026,-0.00767312684145335,0.00123826975175996,0.00481783595900115,0.000347399790213942,0.0003324289625013,-30.0206010806424,0.00280539162585148,0.0871346819071311,0.00590041021499629,-0.000669545782394746,0.00131596957197432,-30,0,0,0,0,0,4,3,-0.548838860214878,0.0613437949877716,-0.305866321011695,0,0,0
869,-30.0714999047791,-0.00729504944437137,0.001641513290667,0.00420250670149185,0.000408749219412993,0.000474238537257317,-29.8969841933372,0.126224191370586,0.0367244478996494,-0.0113240273172302,-0.00677392072803292,-0.0158543215285613,-30,0,0,0,0,0,4,3,0.926371118397376,0.42494369006212,1.51198325705683,0,0,0
870,-30.0664416479625,-0.00667382965613332,0.00231729323783027,0.00591412934880626,0.000833684114553404,0.000876832339381316,-30.1581541964893,-0.0338525081463334,0.148468180728714,0.00115353056565667,-0.00535013453611391,-0.00171068289884085,-30,0,0,0,0,0,4,3,0.20095533641296,0.602718469904057,-0.125868071573344,0,0,0
871,-30.0605046011981,-0.00553878468426014,0.00306560434337838,0.00595989791961116,0.00143640034921605,0.000619782161807289,-30.1661467740448,-0.255567760553026,0.0998764003605842,0.0166654613664064,0.00115794609425276,-0.00230099446581571,-30,0,0,0,0,0,4,3,-1.33425258855109,0.395340911680777,0.0303466458604027,0,0,0
872,-30.0550134851981,-0.0039047034056816,0.00415160913994083,0.00502260703753881,0.00183175551335667,0.00155249794145704,-29.9523279776559,-0.0668341203109568,0.023758048741814,-0.00659638173681829,0.0131000634857549,0.0086836819423708,-30,0,0,0,0,0,4,3,0.564294128993689,-1.17633810795358,-0.915884291720708,0,0,0
873,-30.050116072909,-0.0026611174560712,0.00516742842663355,0.00477191679350289,0.000655410732574059,0.000479216998878134,-29.8499514227763,-0.152730906063925,0.123007310717278,-0.00526441398762268,-0.0154684725355957,0.0071931177757333,-30,0,0,0,0,0,4,3,0.226344244314954,1.85230906568742,-0.965326399007887,0,0,0
874,-30.0456077622173,-0.00107955063809877,0.00521143567773122,0.0042444587752657,0.00250771669684476,-0.00039104901126584,-30.1556717145143,0.0716661644560311,0.0202653250884452,0.0131905407438562,0.0164676630307683,0.0129743318401008,-30,0,0,0,0,0,4,3,-1.00771064535694,-1.79009863198889,-1.33796383418697,0,0,0
875,-30.0421971909536,0.000533124143376541,0.00468742303619761,0.0025766157302889,0.000717627856407043,-0.000656496172431246,-29.9358418123571,-0.155103549578456,0.0151138286852589,-0.00621554832012122,0.0100036942851735,-0.0100449006451422,-30,0,0,0,0,0,4,3,0.493238456726359,-0.690162329360436,0.974262407143698,0,0,0
876,-30.0391077607844,0.000905671890651209,0.00419207150371585,0.00360234244223254,2.74609657554955E-05,-0.000334500234229828,-30.0801802284649,0.1235561168294,0.180949089651047,0.000788569183982542,-0.00771407892060394,0.00829612676695043,-30,0,0,0,0,0,4,3,0.0815035385315898,0.524295658401593,-1.19151085599714,0,0,0
877,-30.0359012526205,0.00119528254887109,0.00339427002826102,0.00281041715562761,0.000551754903152831,-0.00126087339240257,-29.9544166118124,0.0105872411324541,0.104599936214583,0.00548564637655275,-0.0128238513255528,-0.0019965063968081,-30,0,0,0,0,0,4,3,-0.63973141403055,1.26121065029037,-0.00954923274835695,0,0,0
878,-30.0333266988952,0.00237764861867187,0.00234417889530717,0.00233881845533693,0.00181297237107138,-0.000839170931803242,-29.8936641213871,-0.00516812624064107,-0.0116112651230484,0.00805431537394992,0.00685508141936822,-0.00945095694308327,-30,0,0,0,0,0,4,3,-1.01810329462085,-0.67517188945554,0.968318224554424,0,0,0
879,-30.0310126782374,0.00385304291284095,0.0021962688950341,0.00228962584592058,0.00113781203010138,0.000543367621187809,-29.8919563805759,0.00146723069339207,-0.00839244341622714,-0.00329907877831751,0.00705565780454458,-0.00593884381935712,-30,0,0,0,0,0,4,3,0.113820638983541,-0.708500241841242,0.610669268768166,0,0,0
880,-30.0284718209849,0.00463660721024829,0.00290487045094234,0.00279218753998781,0.000429311015072976,0.000873694378137384,-30.0038713750662,-0.0594538828879587,-0.159639685237885,-0.00527178537239827,-0.000808939566227451,0.0214759896142994,-30,0,0,0,0,0,4,3,0.534921287372292,0.199801722398662,-1.82831959095417,0,0,0
881,-30.0261400257697,0.00516581908544398,0.00293112199443788,0.001870927056231,0.000629105719732229,-0.000820927263455434,-29.9035361256821,-0.0512508411055353,0.100206134908146,0.0206579088477737,0.00761219597877114,0.0206263652540279,-30,0,0,0,0,0,4,3,-2.25871863341322,-0.658717915666044,-2.26304879521908,0,0,0
882,-30.025873088086,0.00546557965406464,0.00209649943362275,-0.00133705257243451,-2.95897274740031E-05,-0.000847406749877481,-29.9810391946962,0.103510730973035,-0.0214474752324557,-0.00296697743655345,-0.00141562857374773,-0.012873248063369,-30,0,0,0,0,0,4,3,0.258776133047698,-0.0654586045712966,1.33021975680181,0,0,0
883,-30.0266537864693,0.00540326360518825,0.00161924036473107,-0.000224127498458231,-9.5050139002431E-05,-0.000107425695761106,-30.1528643528883,0.0140919021739478,-0.0565951705139541,-0.00561898802089057,-0.0066523665695273,-0.00209411276102576,-30,0,0,0,0,0,4,3,0.867627507865709,0.637052852604834,0.322601617130484,0,0,0
884,-30.0264620185002,0.00562673769953378,0.00130954232079888,0.000607555406116089,0.000541993687595825,-0.000512203415021267,-29.736450467148,0.0157298402185312,0.0262322978385994,0.0122748771741626,0.00044726750997987,-0.00745752455964998,-30,0,0,0,0,0,4,3,-1.75458678312023,-0.0761864314350494,0.693287860287799,0,0,0
885,-30.0262341130243,0.00613065049734774,0.00165313884357737,-0.000151249521875866,0.000465826468389971,0.00119961592808357,-30.1563511320234,0.072567466066408,0.0669123082407389,-0.00249790161003068,0.00318851895812892,-0.0041974634795511,-30,0,0,0,0,0,4,3,0.562492425049894,-0.463986827945708,0.285921731473632,0,0,0
886,-30.0260896507573,0.00636448367993849,0.00274506757737945,0.000440117632648691,1.83384719307892E-06,0.000984075918594889,-30.1725678492511,-0.00718185930082129,-0.0434796920500181,-0.00205346069284747,-0.0153744581282531,-0.00949505198110819,-30,0,0,0,0,0,4,3,0.550481767786923,1.55180953142695,1.03646458221085,0,0,0
887,-30.0250923607183,0.00714222069301038,0.00389006078427169,0.0015545632819234,0.00155363825018056,0.00130560031063778,-30.0371757305768,0.00240341966296931,0.0205126144480608,0.00859993638250512,-0.00398879603522344,-0.00695342024218439,-30,0,0,0,0,0,4,3,-0.785642177096922,0.394072764196405,0.654316795322318,0,0,0
888,-30.0235870057208,0.00889290266391064,0.00569443169786614,0.00145643231796917,0.00194771986056911,0.00230317122789727,-29.9804754341485,0.095900402247267,-0.130043913885204,-0.00858622003931816,0.00649740116227652,-0.000564021159848788,-30,0,0,0,0,0,4,3,0.819572872228828,-0.841540920722186,0.316489943755287,0,0,0
889,-30.0217329244151,0.0104198504319305,0.00780814670693906,0.00225163008343384,0.00110617042283901,0.00192403865586697,-30.1087557270199,-0.184330203777466,0.2068850424491,0.00199260957810576,0.00240864415277666,0.00997536055771248,-30,0,0,0,0,0,4,3,0.0182504962291831,0.127795992277266,-1.41130614066945,0,0,0
890,-30.0199792965426,0.0115899219311244,0.00921772288337736,0.00125534302826424,0.00123396521255749,0.000895397039181556,-30.1990534845968,-0.0973376831648846,-0.101300177598376,-0.0116490178277461,-0.00684283876368799,-0.00486226812866875,-30,0,0,0,0,0,4,3,1.56300875196813,0.878959242698568,0.688827168063628,0,0,0
891,-30.0179333332454,0.0132633593628649,0.00979050194261478,0.00283640476829686,0.00211290827696247,0.000249723854062835,-30.029190241074,0.0683975208392921,0.2018169027777,0.0100906629155247,0.00159022402162354,0.001907616971427,-30,0,0,0,0,0,4,3,-0.950685809404392,-0.295817443840938,-0.5943955026981,0,0,0
892,-30.0156471872496,0.015228366754538,0.010157656977047,0.00173595762882269,0.00181710054204896,0.000484898609140215,-30.0832729524569,0.0824247555100157,-0.0187348560618889,0.0108914292831773,-0.00189343371645838,0.00787528346262196,-30,0,0,0,0,0,4,3,-0.922597023403851,0.024493860625807,-0.750058634138419,0,0,0
893,-30.0145067202189,0.0170577220388924,0.010696194971092,0.000545013320482257,0.00184160370767698,0.000592512002641401,-30.1429898050693,-0.00515250036128612,0.107286672050312,-0.00912902627012659,-0.0275865516955242,-0.0197381950173022,-30,0,0,0,0,0,4,3,1.19888223715118,2.76896017027499,1.75924615762959,0,0,0
894,-30.0129190788804,0.0202838030780675,0.0114709057851633,0.00263037659539446,0.00461055235467368,0.000956327221202816,-29.9633434128065,0.0853176971955747,-0.0194114751403098,0.0166959065199821,0.00821067311432948,-0.00859609099695354,-30,0,0,0,0,0,4,3,-1.74290382638523,-0.991702705824097,0.898432049975974,0,0,0
895,-30.0105854579771,0.0243985165049525,0.0133520230066425,0.00203738893248033,0.00361886888376247,0.0028060767953942,-30.0934416720154,0.0279522484071325,-0.0614301860882214,0.0081796627016917,0.0136300228046884,-0.00773567523807399,-30,0,0,0,0,0,4,3,-0.631082926138465,-1.41890677728311,0.896427895983842,0,0,0
896,-30.008453627882,0.027307938626357,0.016686884365197,0.00222657037516348,0.00219996948189118,0.00386359624215774,-30.038358340033,0.000481043818147855,0.0710230086855172,0.00733940676598015,0.00669885618061076,-0.0194568451487296,-30,0,0,0,0,0,4,3,-0.657223996532102,-0.670847705697371,1.80363849750193,0,0,0
897,-30.0058177400947,0.0291724918246046,0.0214067562089036,0.00304568535939465,0.00152913007669092,0.00557592251439549,-29.8038990872511,0.00943749158784101,0.0514551569505152,-0.00147233041902264,-0.00256017915072045,0.00978750811069094,-30,0,0,0,0,0,4,3,-0.244968783595572,0.237142931896363,-1.08166112497012,0,0,0
898,-30.0032450222329,0.0308201966196068,0.0266795078009174,0.00209958740948727,0.00176627485157726,0.00496984852117449,-29.8662313101431,-0.0916832377587286,-0.0260760560348706,-0.00604580835652528,0.00652157842007573,-0.00858315509944783,-30,0,0,0,0,0,4,3,0.337043455938777,-0.468791366490116,0.910467622014524,0,0,0
899,-30.0007045378459,0.0323520777071936,0.0318376763736558,0.00298149412409194,0.00129748053926293,0.00534624709758039,-29.9909093294175,0.0827833939865874,0.0612074892495765,0.0078777541290592,-0.0127185678251496,0.0211605639489463,-30,0,0,0,0,0,4,3,-0.805956754070931,1.10628999454179,-2.23847137339378,0,0,0
900,-29.9988056899313,0.0342027092147836,0.0366762668571662,0.000815924950893269,0.00240377752780199,0.00433153953669478,-29.8878084959614,0.00506933746094543,-0.0786047542031939,-0.000498612100634751,-0.00622994832184744,-0.00158731557248246,-30,0,0,0,0,0,4,3,-0.174521798013665,0.612856157262853,0.315941065654634,0,0,0
901,-29.9979403138298,0.0369129184985553,0.0411708471321972,0.000914923634107257,0.00301663577293813,0.00465759632691533,-29.8613832463912,0.0293618500192288,-0.0539558056796325,0.0148241876538979,-0.00216324573285176,-0.0136737899374124,-30,0,0,0,0,0,4,3,-1.75965227260742,0.157600873246719,1.4752906051005,0,0,0
902,-29.9971162016049,0.0400083670787245,0.0469632315928806,0.00073393434159138,0.00317425646860495,0.0069272274400301,-30.0246227124033,-0.0335772954761765,-0.00889024693085029,-0.0124473527117974,0.000134384424073675,0.00633141892963381,-30,0,0,0,0,0,4,3,1.29398069598639,0.0537161485449855,-0.61536139910168,0,0,0
903,-29.9961504566077,0.0432094756491008,0.0532030446809701,0.00119717712673398,0.00322795837689552,0.00555227573365746,-29.9670744300796,0.00386107995037309,-0.0642041154467199,0.0132237233253412,0.00351173155599001,-0.00404354752544182,-30,0,0,0,0,0,4,3,-1.38822347237498,-0.358895315499747,0.532762983437622,0,0,0
904,-29.9952495144129,0.0462579978815497,0.0594278557118219,0.000605085017776499,0.00286907825346339,0.00689751259526674,-29.96728375281,0.00513105830128113,0.154528254790431,0.0127395808079994,-0.00445947621275706,0.0158904828388059,-30,0,0,0,0,0,4,3,-1.33939057518001,0.435685504673143,-1.89810479346145,0,0,0
905,-29.9957921265179,0.049344928401274,0.0661318211753098,-0.00169041280431034,0.00330477668734635,0.00651105608094804,-29.9182747819371,0.0893119555651807,0.23585963244361,0.0142951896764886,0.0126163949583696,-0.0129767307365638,-30,0,0,0,0,0,4,3,-1.59296940377466,-1.44026340696732,0.825953808769163,0,0,0
906,-29.9977440150276,0.0519295852514863,0.0734930034605027,-0.0022128919857368,0.00186453086066137,0.00821145499752697,-30.0673946951907,-0.017884438800853,0.156077025873644,-0.00236704122890441,-0.00143043714421119,0.00402636173320437,-30,0,0,0,0,0,4,3,0.371493513271777,0.178812592022825,-0.714790225067725,0,0,0
907,-30.0000833425564,0.0538835230449608,0.0813138915324424,-0.00246597636216626,0.00204333898198714,0.00743039439533726,-30.1055916013608,0.0205297866580833,0.0200507919757953,0.017070689397543,-0.0125397241504811,0.0135587713820894,-30,0,0,0,0,0,4,3,-1.49588573703272,1.21291284173194,-1.39597872216053,0,0,0
908,-30.0035716584904,0.0565333310014792,0.0887855360304397,-0.00451062542760142,0.00325626678124458,0.00751345593240124,-29.9905782302726,0.0316975310436941,0.0637844096820462,-0.00701882395382747,0.000610101335158417,0.00103900056966075,-30,0,0,0,0,0,4,3,0.683038855927884,-0.12440519560323,-0.231468876330168,0,0,0
909,-30.0079276612147,0.0597273931326418,0.0959665993182973,-0.004201560843687,0.00313185413111219,0.00684858527874559,-29.9353635506712,0.280155782611544,0.0557372660032892,-0.00936186344653013,0.0207603074430679,-0.00210323174471802,-30,0,0,0,0,0,4,3,0.806913445995324,-2.63634230952988,0.0988486424652234,0,0,0
910,-30.0118135128419,0.0615410745710943,0.102553174073704,-0.00357028390989721,0.000495503290017791,0.00632439196688304,-29.9735348751332,0.147665557064266,0.354036288066077,0.0199797422776796,-0.000494898083608269,0.00841705376690449,-30,0,0,0,0,0,4,3,-2.05090447750155,-0.245841305767706,-1.5497779528226,0,0,0
911,-30.0166550675789,0.061913670343058,0.109066796654889,-0.00611271811383034,0.000249682747602223,0.0067035521129054,-30.0440206421327,-0.0260257561759623,0.23145639477299,-0.00892573916742333,0.00197097027251249,-0.00852775409887892,-30,0,0,0,0,0,4,3,0.98061520100772,-0.145045514899324,0.389862620341912,0,0,0
912,-30.0222874829341,0.0620908285237651,0.11554792063915,-0.00515223410053985,0.000104627057961474,0.00625843107110636,-29.9185423498435,0.220775544462248,-0.052635350398956,0.00997152685791436,0.00442728705909106,0.00822493607268536,-30,0,0,0,0,0,4,3,-1.16006798610451,-0.884279794833602,-0.717222906470624,0,0,0
913,-30.0281019094711,0.0617533245730329,0.121967295173993,-0.0064765285882938,-0.000779640880029207,0.00658068291432971,-30.0908167778908,0.0407256851277376,0.0297713605693724,-0.00608519139201187,-0.00327992736470274,0.00205650819225233,-30,0,0,0,0,0,4,3,0.790152694982832,0.246541366214799,-0.265193540363978,0,0,0
914,-30.0344001008227,0.0610969540490472,0.128166045888062,-0.00612006143634236,-0.000533108130051231,0.00581672387410452,-30.1515974911978,0.197184153458056,0.0358996106545851,-0.00978968754651236,0.00895659092862202,0.00357889695466557,-30,0,0,0,0,0,4,3,1.28216373704687,-1.29002739977831,-0.429688916775727,0,0,0
915,-30.0402307217838,0.0599188273220797,0.133366463718456,-0.00554151480913682,-0.00182314951364543,0.00458395469751496,-29.9266744758883,0.124998896583074,0.0987592955039378,0.0117385274448128,-0.0131608423439617,-0.00456822477305304,-30,0,0,0,0,0,4,3,-1.32050379270472,1.06608644123002,0.259303886297429,0,0,0
916,-30.0461393345459,0.0586287336872697,0.138509391839864,-0.00627540406587648,-0.000757048805849538,0.00570210513661726,-30.0563270363094,0.118020358989485,0.1707105407607,-0.00474650072618331,0.00537791416731549,-0.0100725562460856,-30,0,0,0,0,0,4,3,0.587304145237219,-0.773832134710519,0.66583454308716,0,0,0
917,-30.0519726549545,0.0574847695816873,0.144225230886924,-0.00539122677050553,-0.0015308867214314,0.00572933289205397,-29.784046083031,-0.0655800800751241,0.260281305739426,-0.0157327909499077,-0.0039599706855896,0.0285896802513217,-30,0,0,0,0,0,4,3,1.14137126105268,0.527157228709208,-3.37953063661102,0,0,0
918,-30.0581869188971,0.0562174571229575,0.148365272550989,-0.00703816508471836,-0.00100374408472785,0.00255119937960891,-30.1550182044141,0.176069124352251,0.255137492429205,-0.00334892938379515,-0.0014870807671014,-0.00476025189571555,-30,0,0,0,0,0,4,3,0.644929347207626,-0.203430171994363,-0.0342497952868547,0,0,0
919,-30.0650170384919,0.055111997732999,0.150666765172332,-0.0066222066180895,-0.00120718115699151,0.00205167241737469,-30.1028259610646,0.0401476927002241,0.153472185652269,0.00344881655025782,-0.001920444312633,0.0034450150448172,-30,0,0,0,0,0,4,3,-0.139229732896518,0.111749045862852,-0.651445875786259,0,0,0
920,-30.0719257593933,0.0539606934967381,0.152537400703004,-0.00719532908057254,-0.00109543109131698,0.00168975581867678,-30.0948136428328,0.145462634276456,-0.0694982123248922,-0.0150419358815483,-0.0116702037227136,-0.00414955809812266,-30,0,0,0,0,0,4,3,1.69382087382049,0.876095103718444,0.55395223446205,0,0,0
921,-30.0783384554186,0.0533033028661248,0.153802483117503,-0.00563028915957898,-0.000219353654161085,0.000839984190442492,-29.9451459982274,-0.0131731745571242,0.123580162182619,-0.0197597413403312,-0.00717580528248792,0.00102831613505491,-30,0,0,0,0,0,4,3,1.86626613048792,0.743926877363041,-0.349991937870728,0,0,0
922,-30.0834534444462,0.0534559051326284,0.153841543853234,-0.00460011752744257,0.000524553067038521,-0.000762140738130579,-29.8297585126162,0.0397891294992895,0.206675160121496,-0.00737710573272413,0.00350665595461643,-0.00226184025167941,-30,0,0,0,0,0,4,3,0.397227598504796,-0.430243854460222,-0.187166295075052,0,0,0
923,-30.0879886903616,0.0537653372973695,0.152864528260875,-0.00447048512449393,9.43048427379219E-05,-0.00119192469962491,-29.9695744153283,0.0443480262453799,0.0628837784577037,0.008403000100302,-0.0114252764126701,-0.00835888923160303,-30,0,0,0,0,0,4,3,-0.901151179373509,1.05383158877625,0.710121366244896,0,0,0
924,-30.0925190706531,0.0543865660753437,0.152236878841114,-0.00458996644383484,0.00114814655099563,-6.33395183946318E-05,-30.2077531026492,0.0279333148380911,0.257963774044609,-0.00884532190274743,0.00935037714864618,-0.0170735780277735,-30,0,0,0,0,0,4,3,1.30003839557315,-0.990904344540801,1.19143025468813,0,0,0
925,-30.0962337585793,0.0550392553052992,0.152108323517293,-0.00283944118209398,0.000157229194893085,-0.000194242145250326,-30.2715653609389,-0.0966125139821584,0.1181007249293,-0.00250160982996034,0.0146035651411961,0.0036787055501608,-30,0,0,0,0,0,4,3,0.793291704873849,-1.26713148615529,-0.60407200487468,0,0,0
926,-30.0990224281906,0.054562917530497,0.151410988584441,-0.00273816209715885,-0.00110991118584562,-0.00120045148169049,-30.1789130923685,0.0055921334514062,0.231919263582435,-0.0117640573825901,0.000576909455943421,0.00945195612270896,-30,0,0,0,0,0,4,3,1.53423192299608,-0.0688752124971545,-1.40903413943577,0,0,0
927,-30.1017463304977,0.0534185619420213,0.149161504906953,-0.00271020306756864,-0.00117880376800783,-0.00329852367267912,-30.2911496573754,0.107462523332311,0.140773450154085,-0.00150116948258551,0.00663832515754425,-0.00958513309248983,-30,0,0,0,0,0,4,3,0.732416263009414,-0.878757562419047,0.676966408940812,0,0,0
928,-30.1039650649899,0.0518003775165494,0.145823507988063,-0.00172727935429501,-0.00205756865798544,-0.00337773328318235,-30.0546217900135,0.000383047945508593,0.078817960128778,-0.00639618289827522,-0.00448600549722773,0.0227699785052349,-30,0,0,0,0,0,4,3,0.748861869854599,0.447834453831756,-2.43463377078105,0,0,0
929,-30.1063225523903,0.0499667243511962,0.141327307318144,-0.00298829027904818,-0.00160974393600857,-0.0056143288687183,-30.1805365176374,0.00410761497233713,0.330639241839449,-0.0143743494867269,0.00178617907326723,0.000465922137945583,-30,0,0,0,0,0,4,3,1.79850798394754,-0.186833137271397,-0.707870697473457,0,0,0
930,-30.1089554303571,0.0482635565769169,0.134809762219352,-0.0022779436454316,-0.00179659676262004,-0.00742095103208862,-29.9932061140498,0.168214229463727,0.0929017940948235,-0.0139577312686914,0.0149319533971394,-0.00306058115856035,-30,0,0,0,0,0,4,3,1.38218535496879,-1.82962379864139,0.120254527666388,0,0,0
931,-30.1107223743964,0.0455521435318191,0.12692106510749,-0.00125619035958285,-0.00362623521724883,-0.00835672106503649,-29.943153806027,-0.0710226790899939,0.18477502323269,-0.0107558538534657,0.00723032210389514,-0.0106712921930638,-30,0,0,0,0,0,4,3,0.961892997400659,-0.580986852209526,0.697579172841004,0,0,0
932,-30.111403400054,0.0416354138815094,0.118446880201895,-0.00010591687485776,-0.0042072318316578,-0.00859195743217902,-30.0120284288414,-0.115067857542475,0.176442099296308,-0.0010468203814037,0.0116035037777434,0.00265207569848043,-30,0,0,0,0,0,4,3,0.1287388958231,-0.930214662689388,-0.618091768440659,0,0,0
933,-30.1116984014535,0.0369630733802602,0.10958664985291,-0.000484218243716977,-0.00513744831439574,-0.00912840473619208,-30.1880788663328,0.0529538327597515,0.0436720107260111,-0.00627316450249521,0.00611223407627218,-0.032029034437476,-30,0,0,0,0,0,4,3,1.0034741829152,-0.717131073146722,3.11555942229557,0,0,0
934,-30.1107154233682,0.0314670585346682,0.101155532129274,0.00245055701923635,-0.00585458785395972,-0.00773461486315836,-30.1864159012612,-0.0116768775662013,0.26911979269697,0.00372008889257898,0.00450161405887851,-0.015588746237535,-30,0,0,0,0,0,4,3,0.000822913264415526,-0.426807650755448,1.02063503835956,0,0,0
935,-30.1079021578674,0.0253990700968859,0.0937607540835079,0.00317616868942529,-0.00628139478549714,-0.0070551273262834,-30.2411723550277,0.0381089947555825,0.0832837136784755,-0.00230171627164844,-0.00936371510470909,-0.00116031814218978,-30,0,0,0,0,0,4,3,0.712516337220174,0.860153520959744,-0.0505356131379728,0,0,0
936,-30.1045078843698,0.0195477513740566,0.0864184675827356,0.00361223300784234,-0.00542124889793359,-0.00762955970922509,-30.1578604679119,0.0707471041986028,0.150307000515912,0.00371202709541298,-0.0230707187756193,-0.00762785061525848,-30,0,0,0,0,0,4,3,-0.0554817737175644,2.16557766916473,0.462171060494023,0,0,0
937,-30.1007549312005,0.0152092943845843,0.0789566507528099,0.00389377137051463,-0.00325567030624541,-0.00729414593549538,-30.0949709205046,0.103010567172173,-0.0236970209290292,0.0157833137304298,-0.0184925192948175,-0.0117223056931811,-30,0,0,0,0,0,4,3,-1.38838953203373,1.6432307951374,1.21962461117617,0,0,0
938,-30.0969014630606,0.012775251517939,0.0725748291536268,0.0038136576170373,-0.00161242383155075,-0.00546947300418161,-30.0314985318768,-0.0162737622405407,0.081776660831759,0.00142813198380159,0.00239678447073899,-0.00508474171714584,-30,0,0,0,0,0,4,3,-0.079816134626553,-0.207130922592817,0.344920850051066,0,0,0
939,-30.0929967511966,0.0110592687404189,0.0672415522961854,0.00399584305589722,-0.00181955365511616,-0.00519712362711505,-30.0748786311178,0.0816231821568131,0.207471478171498,0.00859831201222611,-0.0129663572286912,-0.0207199736616189,-30,0,0,0,0,0,4,3,-0.710073938986944,1.13338935855549,1.65705440981889,0,0,0
940,-30.0886474288167,0.00980641742062527,0.0628594476288978,0.00470324046627927,-0.000686155537615469,-0.00356727116563429,-30.04992896736,0.040333020277938,0.221088564554052,0.0180027863498338,-0.00785364233563092,-0.0128789806440479,-30,0,0,0,0,0,4,3,-1.70042070026336,0.704698193007216,0.845720935296687,0,0,0
941,-30.084224080517,0.0094726230048131,0.0601899228689637,0.00414394063306762,1.85613935413254E-05,-0.00177162658822458,-29.9643214567548,-0.0905887277057438,0.0405419406158842,0.00361178986898325,-0.0100729920065466,0.00242162973490262,-30,0,0,0,0,0,4,3,-0.432536073388734,1.18847665606615,-0.32324685472203,0,0,0
942,-30.0803511623139,0.0100854283263599,0.0584542617928464,0.00360192138542026,0.00120704242905971,-0.00169954951824505,-30.191398600972,0.0447824566905386,0.29271245417017,-0.00850696056312361,-0.00701264979259925,0.00219380043128372,-30,0,0,0,0,0,4,3,1.23349325825627,0.611700065878848,-0.804804951468711,0,0,0
943,-30.0766263038577,0.0115983187094889,0.0560186289438206,0.00384741039648848,0.0018187287687901,-0.00317177465910097,-30.2392279464376,-0.0799016418653819,0.0667470350793266,0.0005984829643705,-0.0129174179535481,-0.00362018452198134,-30,0,0,0,0,0,4,3,0.418607596438232,1.45154507908557,0.228524382039481,0,0,0
944,-30.0725583390937,0.0141428234160835,0.0527611217942018,0.00428847605134172,0.00327026954679413,-0.00334335243834992,-30.0917281552314,-0.0947225464964763,0.103869050794567,0.00737411302045871,0.0146549410623114,-0.0122120740052021,-30,0,0,0,0,0,4,3,-0.553954991583013,-1.27604901323819,1.01346929893108,0,0,0
945,-30.0680948889669,0.0167750745261517,0.0499549585856282,0.0046387132390402,0.00199422716983522,-0.00226906465131375,-29.8797726911847,-0.0612435935840631,-0.052101406651657,0.0238766297408229,0.00274301921525108,0.0094161163943545,-30,0,0,0,0,0,4,3,-2.62811759171284,-0.151814734356982,-0.837408826132136,0,0,0
946,-30.0646645454339,0.0186934111184276,0.0483489896113527,0.00222232973840157,0.00184243986693083,-0.000942232531538693,-30.0458254319168,-0.0997758288140081,0.0122136631706656,-0.00252686010828473,0.00173377298608672,-0.0123985264450273,-30,0,0,0,0,0,4,3,0.344336874662052,0.0261743590193443,1.2154253181614,0,0,0
947,-30.0618851216772,0.0205489402140758,0.047685362672649,0.00333666810328896,0.0018686114233758,-0.000385311397375583,-30.0510401807853,-0.096051970792319,0.151552161508263,0.00720325622409846,0.00768823626216313,-0.0152597377372007,-30,0,0,0,0,0,4,3,-0.618245260839189,-0.576719684631675,1.22286945070354,0,0,0
948,-30.0583163447928,0.0221291989327302,0.0479323968950018,0.00380122357407261,0.00129189921131726,0.000879258196225809,-30.0590474651149,0.0560164868307611,0.169797642257809,-0.00389578911874349,0.018715412136204,-0.00184015040727562,-30,0,0,0,0,0,4,3,0.507673842104165,-1.98357418728193,-0.155580243788056,0,0,0
949,-30.0544027961493,0.022429311096362,0.0485619674353105,0.00402574858862238,-0.00069168049671752,0.000379827910483868,-30.2066465999816,0.0025484625013701,0.0718520093435526,0.01173879824571,-0.00115376747486122,-0.00999841842702109,-30,0,0,0,0,0,4,3,-0.760586624607712,0.110279822483382,0.856137824015004,0,0,0
950,-30.0503265755082,0.0217927787933311,0.0495007819512014,0.00412699135425138,-0.000581391947741652,0.00149777888510676,-30.1053857443069,0.0564264417394894,0.120474660720156,0.0166993729683181,-0.000765924240405628,0.0131191664644269,-30,0,0,0,0,0,4,3,-1.45916580821801,-0.0362604594384159,-1.552865967883,0,0,0
951,-30.0472683660863,0.0211932659314676,0.0509934832112399,0.00198942849115529,-0.000617637959534813,0.00148818672378026,-29.9447923391769,0.0519957205458987,0.0892897461228416,0.00303460341078214,0.0211084808468826,0.00978920156269503,-30,0,0,0,0,0,4,3,-0.413875662724415,-2.21483952578006,-1.15749964851519,0,0,0
952,-30.0458472781501,0.0194682121248554,0.0522297104129174,0.000852621167511821,-0.00283247390140113,0.000984569343849958,-30.0291955382576,-0.169337781481572,-0.162371437887544,0.00972185346106935,-0.00945633016045244,0.00523572737612124,-30,0,0,0,0,0,4,3,-0.913794269591763,1.28430857900839,-0.198829861837036,0,0,0
953,-30.0453818245638,0.0172779007168358,0.0534724097646708,7.84256115950911E-05,-0.00154815572152857,0.00150103276490903,-29.9240633407696,0.112132752374615,-0.0370915352043552,-0.00256376598019133,-0.00602967374668525,0.010596769573736,-30,0,0,0,0,0,4,3,0.104503279558403,0.378701869919295,-0.985493886964887,0,0,0
954,-30.0456327368313,0.0159190975724045,0.0545913753483958,-0.000580445995844244,-0.00116945567467711,0.000737072993295441,-30.0345271484305,-0.0466759881918552,0.2262533788113,0.00281763941884253,-0.0198802606466178,-0.0146747832409561,-30,0,0,0,0,0,4,3,-0.212709645023177,2.08137804104549,1.01497156647301,0,0,0
955,-30.0459166430161,0.0157903361195086,0.0557426222218919,1.28526500759524E-05,0.000911925366401955,0.00156526586035272,-30.0428735998182,0.0406498485167533,0.0402371018838548,0.00219117067868176,0.000493166051341877,-0.000581812173522565,-30,0,0,0,0,0,4,3,-0.13336986823174,-0.130616302167694,-0.0222929864154531,0,0,0
956,-30.0459605334389,0.0166369563644683,0.0573404534540863,-0.000100611164993421,0.000781310471331475,0.00163042943633532,-30.0919365775187,0.0269644713556827,-0.104445146265437,-0.0189386640104407,0.00627841837799544,-0.0090873109394627,-30,0,0,0,0,0,4,3,2.07773955608152,-0.681770780510909,1.11762138647714,0,0,0
957,-30.044949085261,0.0170773738486268,0.0585779332346247,0.0021233068954031,9.95183332937852E-05,0.000843953126711565,-30.1717971026879,0.00645675157111633,0.196531153800724,-0.000136992729319252,-0.000728663242388965,-0.0109236477380415,-30,0,0,0,0,0,4,3,0.357293478307734,0.0599528210966638,0.699302466202704,0,0,0
958,-30.042451293245,0.0172068696160322,0.0595177163542,0.00287233186915893,0.000159467846371573,0.00103542063321913,-30.0277812862406,0.0676818772002967,0.174278377551807,0.0164734206984628,-0.0177562455875055,0.00902861949952619,-30,0,0,0,0,0,4,3,-1.59177949736503,1.64026080434996,-1.25141870505623,0,0,0
959,-30.0405819650592,0.0181864782044622,0.0607041574302816,0.000866408082563598,0.00179974473296974,0.00133798650634915,-30.1085387145488,0.0519793582104549,-0.015273395176864,-0.00192549655993699,-0.00161673324131311,0.00685443452016044,-30,0,0,0,0,0,4,3,0.409627085091292,0.0577146077104012,-0.654896661662316,0,0,0
960,-30.0398211554383,0.02001508060958,0.0616604524522543,0.000655017534478376,0.00185745450563226,0.000574659255542247,-29.9623210336836,-0.00563191545621675,-0.00584825463248335,0.00938768282604851,0.0047224153968228,0.000947592830348133,-30,0,0,0,0,0,4,3,-1.01412621523775,-0.460977708769846,-0.0830627737698466,0,0,0
961,-30.0395436854194,0.0216420549746871,0.062571146657502,-9.98973291994115E-05,0.00139648755300983,0.00124692511089069,-30.1116566459981,0.0738992817343847,-0.0971113484545284,-0.00760160490724652,0.00769805806754994,-0.000357652673440018,-30,0,0,0,0,0,4,3,0.983473782720943,-0.917604370223764,0.229987964253059,0,0,0
962,-30.0392296634895,0.0225797407377446,0.0635250038499368,0.000727799261073668,0.000478872861047331,0.000660572956974536,-29.9708765843892,0.00102051468846362,0.0755172136542154,0.00923470679763685,0.00719249889550487,0.00446526324126534,-30,0,0,0,0,0,4,3,-0.981717510985295,-0.721290918927415,-0.597560751434965,0,0,0
963,-30.0390575834819,0.0226979753488474,0.0643361207873878,-0.000383556546155401,-0.000242408017291967,0.000961950589129703,-29.9273816115158,0.132106615530514,0.159495023792009,0.00176531444500687,-0.00625650845602122,-0.00977570400542904,-30,0,0,0,0,0,4,3,-0.321768221469005,0.361437614541093,0.658580352958887,0,0,0
964,-30.0393106486163,0.0226362914293583,0.0656306253430739,-0.000122395270567035,0.000119033499976762,0.00162699578538139,-29.9463510004621,0.154065789176764,0.119030947137732,0.00397936015967256,0.00888275246577801,0.0137991838947955,-30,0,0,0,0,0,4,3,-0.505234015043053,-1.19640682493133,-1.61798028375502,0,0,0
965,-30.0402034813341,0.022157126584874,0.0668889327894042,-0.00166345651082768,-0.00107736909127264,0.000890018693245023,-30.1215831270848,0.162562280664471,0.152814899083321,-0.00305527785313307,0.00420038686783578,0.00227173887343716,-30,0,0,0,0,0,4,3,0.548694039482929,-0.745163248112519,-0.532803685510358,0,0,0
966,-30.0418819012159,0.0207071762099596,0.0673888513460493,-0.00169358080807189,-0.00182253857218554,0.000109827409941116,-29.8381736707378,0.117576802631523,0.0652442114704014,-0.00167405992377397,0.00574447691710234,-0.00517562410907343,-30,0,0,0,0,0,4,3,-0.15624666614697,-0.80960129697328,0.38707398796654,0,0,0
967,-30.0434892672378,0.0184798405969537,0.0676790658811975,-0.00152105490464161,-0.00263213792555386,0.000470561671929094,-29.9363723070587,0.0200669469603635,0.0762852554843486,-0.0136052712859172,-0.0278693537004194,-0.00436166423423543,-30,0,0,0,0,0,4,3,1.23327174270909,2.74680147612121,0.283595912454846,0,0,0
968,-30.0444936215507,0.0172210999333911,0.0677818697156224,-0.000487836269118236,0.000114650598495313,-0.00026521570467858,-29.9332843334951,0.150159915627261,0.292817068584756,0.0150135920005349,-0.0232564565882089,0.00798913531708006,-30,0,0,0,0,0,4,3,-1.63479053306336,2.02532582756637,-1.38454766887752,0,0,0
969,-30.0460478746969,0.0183484242650767,0.0676457252245613,-0.00262059938466675,0.0021399928686019,-6.52235677112839E-06,-29.9876577737706,-0.0727035201646136,0.067960026091308,0.00305367471792938,0.0197469912360877,-0.00485285040020665,-30,0,0,0,0,0,4,3,-0.330051924251801,-1.82929208327954,0.349364987838049,0,0,0
970,-30.0486544672399,0.0195737765341188,0.067871506727855,-0.00259246220255957,0.000310704556681943,0.000458078281854707,-30.003355440288,-0.0497112929745109,0.169083337204033,0.0104454308078756,-0.00406653102937903,-0.00308078227237962,-30,0,0,0,0,0,4,3,-1.03783220021165,0.506075688886925,-0.0300884471701047,0,0,0
971,-30.05161105158,0.0201375271900056,0.0686959052781623,-0.00332051466537063,0.00081679129049508,0.00119090624553083,-30.1299548985211,-0.111187195939918,-0.0896663200935775,0.000996585417424199,0.0100761159135149,-0.00683562460863142,-30,0,0,0,0,0,4,3,0.160251255299785,-0.785237199471657,0.862895101050297,0,0,0
972,-30.0545617849672,0.0205617021031681,0.0701107833428048,-0.00258082816286701,3.15529963902089E-05,0.00163866751395733,-30.1078096950647,0.0629081154712686,0.0488682425033094,0.00254199560771599,0.00190574324286486,-0.0113412556114386,-30,0,0,0,0,0,4,3,-0.0385801706422867,-0.316390555229023,1.03638907613725,0,0,0
973,-30.0567750921211,0.0204350631251894,0.0721047768690578,-0.00184559896201017,-0.000284836406156435,0.00234913399204202,-30.0446678197822,-0.0370367008922243,0.0136283045381436,-0.00720647630214967,-0.0165228784485794,-0.0172983772248911,-30,0,0,0,0,0,4,3,0.809983269779463,1.72636124664239,1.70258111341282,0,0,0
974,-30.0577208249358,0.0210134073166828,0.0747182467761458,-4.57297499094268E-05,0.00144151741795668,0.0028773468677279,-30.0141580456183,-0.0562390062413216,-0.173466760366039,0.00293858074534528,-0.000760438435880141,-0.00645172557866621,-30,0,0,0,0,0,4,3,-0.265541983297995,0.188521856070657,0.992106078598698,0,0,0
975,-30.0574906263719,0.0225491899509977,0.0780184791370788,0.000506345435618782,0.00163004281276369,0.00372298114280491,-30.1932322918046,-0.0351796754291991,0.121737692171296,0.00429090540520869,0.00323455087419129,0.00167473724447846,-30,0,0,0,0,0,4,3,-0.0426259569116512,-0.253095736560731,-0.410949108790437,0,0,0
976,-30.0571529456934,0.0240526879436248,0.0816104760542683,0.000168952044300475,0.00137694723653342,0.00346110221335568,-30.0297167283934,0.0434185494715939,0.0655305282263932,-0.00695766258240378,0.0104337944432053,0.015151855243669,-30,0,0,0,0,0,4,3,0.75519971502727,-1.13021654326371,-1.64624658081969,0,0,0
977,-30.0573433553472,0.0248645254015519,0.0842307050233189,-0.000550195079099288,0.000246721464429754,0.0017795403240045,-30.1699841924062,-0.0110450627236596,0.0688785740179893,0.0145829943411814,0.00611700344327663,-0.000112370346782416,-30,0,0,0,0,0,4,3,-1.11833104930571,-0.589610218880344,-0.126520113357737,0,0,0
978,-30.0583183725398,0.0248164518027843,0.0863744210796686,-0.00139964694905531,-0.000342876917104472,0.00250810901751492,-30.0553758288705,0.0573181250993371,0.13320888718891,0.00945743684903992,-0.00170943090436384,-0.00428031679508684,-30,0,0,0,0,0,4,3,-0.834992027163037,0.0563068402377096,0.161613905130864,0,0,0
979,-30.0599404026853,0.0245017359849907,0.0892387204802703,-0.0018442281297603,-0.000286561052565193,0.00322060360727577,-29.9608082810587,0.0235925063378444,-0.0193343881366424,0.00811880124756872,-0.00523044159770101,-0.00399973470975898,-30,0,0,0,0,0,4,3,-0.890263562639458,0.475859147094412,0.438642247249183,0,0,0
980,-30.0619220933836,0.0244531126424633,0.0929291391642775,-0.00211891174912539,0.000189307906436142,0.00416030486806863,-30.0549057197188,0.193231852885658,0.0454135970645541,-0.00899704618892203,-0.0101347435745123,0.00891596403119002,-30,0,0,0,0,0,4,3,1.00951605832971,0.627010651679911,-0.982423597248111,0,0,0
981,-30.0640699525413,0.0249559236279915,0.0963781500789486,-0.00217716434172279,0.000816307089187909,0.00273773384681356,-30.032177669318,-0.125036776167704,0.215033617304103,0.0199658165169121,0.00591855470060007,-0.00196840454867143,-30,0,0,0,0,0,4,3,-1.93222631305518,-0.341781917724599,-0.233226779741062,0,0,0
982,-30.0669825331951,0.0256013548563842,0.0997486007319105,-0.00364767044777989,0.000474545613426477,0.00400353869865366,-30.1055089637404,-0.0857279412956673,0.178869468312093,-0.00943261397807703,0.00183425370930333,0.000615252860590658,-30,0,0,0,0,0,4,3,1.15427932528858,-0.0119694883389981,-0.419264222683251,0,0,0
983,-30.0704021367738,0.0260699131335607,0.103176078206383,-0.00319182458687228,0.00046256351504216,0.00285130230597964,-30.0128627251132,-0.0996948819787257,-0.0493261362226742,-0.00673059933866344,0.00386881058421298,0.00164871610875733,-30,0,0,0,0,0,4,3,0.698785384092747,-0.187491294463847,-0.0662193384303848,0,0,0
984,-30.0733875876764,0.0264387301707173,0.105738375332095,-0.00277922012248197,0.000275064719222805,0.00227318852935136,-30.0153810681504,-0.0517822990807484,0.10947135525699,-0.0124608372082342,-0.0039717148312342,0.0140242762663164,-30,0,0,0,0,0,4,3,1.27684585712413,0.500736081284917,-1.62137033714562,0,0,0
985,-30.0763466631491,0.026964159188373,0.106987866952204,-0.00313944381328689,0.000775786022321094,0.000225886997408491,-30.134772546699,0.0320575754347449,0.0787091059822349,0.00414804825971007,-0.0118093910221866,-0.0147391472532853,-30,0,0,0,0,0,4,3,-0.145259732573098,1.11682395134917,1.31649651336406,0,0,0
986,-30.0790481155341,0.028298361097961,0.107700213427819,-0.00226321538862144,0.00189261246482932,0.00119858137802518,-30.0124140660276,0.162229950471723,0.175130663777958,0.00908044029049591,0.0034706912782703,0.00296431499025294,-30,0,0,0,0,0,4,3,-0.883215896994321,-0.671529028770476,-0.64669282658121,0,0,0
987,-30.0818500472921,0.0298552170244032,0.109004771391727,-0.00334059101922381,0.00122109238827851,0.00141081006097631,-30.1191620754305,-0.00180797743115792,0.0860843153155508,-0.00440536069384204,0.0133663990291344,0.0100416997422514,-30,0,0,0,0,0,4,3,0.678860220245122,-1.33302394805113,-1.17633860485624,0,0,0
988,-30.0854059102756,0.0304097969875566,0.109763669609283,-0.00377145932864706,-0.000111939641674216,0.000107096365152326,-30.0996436625314,0.166074052090255,0.0592803278260471,-0.0113896562329984,0.00058988711838077,0.00617616001488804,-30,0,0,0,0,0,4,3,1.33825294836255,-0.391136816018588,-0.736176657140898,0,0,0
989,-30.0890098291496,0.0301022840652677,0.109119952996925,-0.00343675007551882,-0.00050309125376069,-0.00139461233566484,-29.9455921858622,-0.0519497389133328,0.253051861077675,-0.00442558084408437,0.00149077440323818,-0.017558811996249,-30,0,0,0,0,0,4,3,0.333742456132809,-0.0451779624971524,1.24977747746955,0,0,0
990,-30.0918737912871,0.0295766045168498,0.108010199912664,-0.00229102529687675,-0.000548271881743672,-0.000825180067556254,-30.1474657879696,-0.136874280162895,-0.00631990877194756,0.000975562045121383,0.0079791971866914,0.00428750017193684,-30,0,0,0,0,0,4,3,0.197375371426979,-0.52417115834335,-0.416110199649789,0,0,0
991,-30.0942586629179,0.0287662483138179,0.106965579304176,-0.00247882283568575,-0.00107244544430487,-0.00126401186583662,-30.0950823620913,0.0703558065915045,0.117964763154257,0.0120980368818113,-0.0117723804967805,-0.0106955619909423,-30,0,0,0,0,0,4,3,-1.01963896399857,1.03652643649504,0.833626672785719,0,0,0
992,-30.0967697851332,0.0282120729905934,0.106352276484166,-0.00254309196645635,-3.59075319948552E-05,3.74244080814361E-05,-30.2323765641123,-0.0589483769097188,0.19837332364634,0.00903852045799295,-0.0174084129331908,-0.00488182675672041,-30,0,0,0,0,0,4,3,-0.439098917574709,1.85873804713851,0.0914360283793616,0,0,0
993,-30.0994284506305,0.0291055394913531,0.106576921992596,-0.00277413993877354,0.0018228352662974,0.000411927187704792,-30.1693636559782,0.146859799856001,0.2027740921803,0.0128159099284012,-0.00230929333191467,0.0145506567555551,-30,0,0,0,0,0,4,3,-0.942863680883808,-0.0627902665205339,-1.86061385991611,0,0,0
994,-30.1032146906358,0.030896986166975,0.10671604724616,-0.00479847305276363,0.00176005372223252,-0.000133169590200903,-30.06461330698,0.0932850093226769,0.166701208566546,-0.00584024871431314,0.00656670878203888,-0.0143537622441848,-30,0,0,0,0,0,4,3,0.7132514853913,-0.843240896849242,1.10197380728539,0,0,0
995,-30.1073682315908,0.0322354191481242,0.10667605853095,-0.00350855751835268,0.000916806004814408,5.28710200195601E-05,-29.861705587981,-0.0780405656122173,0.072248409881727,0.000972467400981771,0.00919694822889314,0.00968342060467045,-30,0,0,0,0,0,4,3,-0.373835564136093,-0.763613691664879,-1.1128388802305,0,0,0
996,-30.1114208177458,0.0327704227329194,0.106492818722115,-0.00459672925246416,0.000153195508051898,-0.00041907829304033,-30.0347171746881,-0.139844553007463,0.244734697884556,0.00391661719652699,-0.00483605835909948,0.00325436183460647,-30,0,0,0,0,0,4,3,-0.322227370276568,0.763294941924874,-0.814905579229759,0,0,0
997,-30.116433314133,0.03330526955092,0.105917935905238,-0.00542833668581566,0.000916493297846615,-0.000730478694649135,-30.2585134331864,-0.0143992299680721,0.0696564627404943,-0.00106291983416836,-0.0110082470601142,0.00484978309892727,-30,0,0,0,0,0,4,3,0.623318849789553,1.12962316594757,-0.624291235373716,0,0,0
998,-30.1218928795626,0.0347865753008193,0.104741490408713,-0.00549100989297823,0.00204610936530401,-0.00162240174253974,-30.0232006313166,0.0268684734642762,0.0339388656595807,-0.00883140283820519,-0.00420359651112287,0.00892037923766002,-30,0,0,0,0,0,4,3,0.929541546453765,0.366622704183735,-0.959915655085163,0,0,0
999,-30.127440029853,0.0370159940468609,0.10244730628486,-0.00560362041998617,0.00241272146624692,-0.00296593790141198,-30.2709838705783,0.000686766927561297,0.0681410793631688,-0.00280722928732978,0.00969344824259375,0.0062356435686352,-30,0,0,0,0,0,4,3,0.822690669889596,-0.970718358114498,-0.759846515589857,0,0,0
1000,-30.1330611973663,0.0389433528575504,0.0989159546958222,-0.00563899049658636,0.00144199379017237,-0.00409675997195311,-30.1238228173388,0.0232661708905046,0.0672790456914067,-0.000495330265597865,0.00239780050807677,0.00609931872992499,-30,0,0,0,0,0,4,3,0.297178661237404,-0.286312392588687,-0.744489964375313,0,0,0
1001,-30.13888669272,0.040242191110503,0.0944558734758305,-0.00601217515341382,0.0011556776973722,-0.00482331042449238,-30.0250436904234,0.177038806753198,0.061809273878968,0.0015350635927043,0.00948994791353731,0.00546675970688905,-30,0,0,0,0,0,4,3,-0.103418978423618,-1.30307240486013,-0.670294518446841,0,0,0
1002,-30.1451905561612,0.0407463381854953,0.0894442914438807,-0.00659564405118271,-0.000147394085309549,-0.00519971066355114,-29.9577616813764,-0.0839121238041501,0.0662013289293755,-0.00486397938656645,0.00231503141912954,-0.00147301044722461,-30,0,0,0,0,0,4,3,0.401921301409354,-0.063678894304654,0.0148983868637104,0,0,0
1003,-30.1516540602658,0.0405671055220808,0.0840936189825294,-0.00633143151005113,-0.000211077252701134,-0.0055017009721676,-30.2260639244958,-0.138190070370431,0.193802230892133,-0.00770836701374351,-0.000845099591960304,-0.00397626269816515,-30,0,0,0,0,0,4,3,1.22296455036587,0.360890099936893,0.0100218080322483,0,0,0
1004,-30.1575841698645,0.0405364682253444,0.0781309800449249,-0.00552900864194664,0.000149799808661573,-0.00642377530426461,-30.2880812932243,-0.12764535708465,0.127150936736467,-0.0155220391922665,-0.000504792085543953,0.000682561007996768,-30,0,0,0,0,0,4,3,2.12836650567525,0.305769922723696,-0.322557974272611,0,0,0
1005,-30.1625384887495,0.0408391445344943,0.070795893717392,-0.00438007362820614,0.00045554679558102,-0.00824668042136719,-30.1691402817079,0.0202222493246335,-0.0101725734655189,-0.0115385035254889,0.00828629125532898,-0.00908952449845437,-30,0,0,0,0,0,4,3,1.49213091596477,-0.869073624182165,0.929297596776475,0,0,0
1006,-30.1660848691055,0.0408601500303227,0.0622891389949132,-0.00271280868761507,-0.00041354207779656,-0.00876724017908408,-30.1069717903761,-0.0688952496101363,-0.00994763667378469,-0.00552026389718654,0.00751637937522738,-0.012804264961167,-30,0,0,0,0,0,4,3,0.76596997047094,-0.613847438302465,1.30032176946427,0,0,0
1007,-30.1680643855713,0.040139682227503,0.0536558602464929,-0.00124614810940872,-0.0010273967544255,-0.00849967852210947,-30.2498729420164,-0.0564404933044476,0.0517083955021828,0.021496769748415,0.0130501750173889,-0.00778491964346492,-30,0,0,0,0,0,4,3,-1.64993109080879,-1.19213651513,0.675075173342126,0,0,0
1008,-30.1696083800131,0.0385162290952286,0.0459913377465994,-0.00184142432008883,-0.00221951518768729,-0.00682921993876453,-30.2772672677204,-0.12873056312881,0.0774844690904856,0.00874448053509156,-0.00883170578821244,-0.00975058167764002,-30,0,0,0,0,0,4,3,-0.319913518068298,1.14063170507886,0.820089229583031,0,0,0
1009,-30.1712537242654,0.0368670342949993,0.0395451911755537,-0.00144907043413748,-0.00107887948354145,-0.00606317114819277,-30.2482666013382,0.0395439735023212,-0.0546018585955588,0.00131030069591542,-0.00270542395553312,-0.0123694209204221,-30,0,0,0,0,0,4,3,0.365503133084769,0.191454448548669,1.34614580923332,0,0,0
1010,-30.1720825189678,0.035883883266082,0.0337800730812113,-0.000208366282256607,-0.000887427963579849,-0.00546736840345596,-30.2346862072416,0.00923236174939259,-0.00112515735781735,-0.00430861154774232,-0.0113945354925841,0.0211387655222876,-30,0,0,0,0,0,4,3,0.9002335692574,1.12098882575962,-2.11162623751313,0,0,0
1011,-30.1727959611318,0.0355569467914508,0.0272707850032397,-0.00121902197688928,0.000233549752467709,-0.00755095797280145,-30.2096696207061,0.0230050490430327,-0.0888743343575439,-0.0123393225469308,0.0112605492243864,-0.00778800702126655,-30,0,0,0,0,0,4,3,1.65327149610537,-1.17206502052471,0.956549370841743,0,0,0
1012,-30.1731183589598,0.0352044579137746,0.0194040373893495,0.000574078254616445,-0.000938532219211376,-0.00818297596530486,-30.1852951514634,-0.080300223172409,0.00657402878707018,0.00859312651335,-0.00131749979157836,-0.0338787871330977,-30,0,0,0,0,0,4,3,-0.488722348408236,0.292350425502654,3.37473065573563,0,0,0
1013,-30.1714409524464,0.0344121078742339,0.0125058352756992,0.0027813677565496,-0.00064617416506935,-0.00561396444139486,-30.107649410557,0.0139031751691411,0.107185158186772,0.00840363875659354,-0.0111906475550997,-0.00667354466867868,-30,0,0,0,0,0,4,3,-0.625065054545449,1.09125840517169,0.452984150494324,0,0,0
1014,-30.1687005095159,0.0343115680889274,0.00726666693562291,0.00269970974929639,0.000445091227575924,-0.00486435152904053,-30.13263553266,-0.0452702995550536,-0.00197777927778472,0.00824021592716629,-0.00592823142287838,-0.00834038465967605,-30,0,0,0,0,0,4,3,-0.558750527396629,0.683363741397945,0.837994024523174,0,0,0
1015,-30.1658741934951,0.0350983468971882,0.00287857394702624,0.00295316067647757,0.00112846152681201,-0.00391189545708306,-30.3875968894777,0.133473612757628,0.0939646104322324,-0.00267840811283227,-0.02395858898742,-0.00462049589832706,-30,0,0,0,0,0,4,3,1.04303459023861,2.12891167322674,0.274120368968241,0,0,0
1016,-30.1624808654366,0.0372912613181841,-0.00134658054034566,0.00383334705221818,0.00325736227263401,-0.00453862359653389,-29.9954422376133,0.0301486354106503,0.0694508162838607,0.00446425428210702,-0.0113448343204678,-0.00364734779175621,-30,0,0,0,0,0,4,3,-0.455540952984016,1.07418616122548,0.225833146607899,0,0,0
1017,-30.158717459293,0.0410857208649379,-0.00564931143404056,0.00369358567323071,0.00433155345520326,-0.00406679909104574,-30.1410663704776,-0.176213910584949,-0.0455759703611769,0.0162664488489964,-0.00834132485194424,-0.00748027713240862,-30,0,0,0,0,0,4,3,-1.34451214394434,1.18656030636432,0.839179653963216,0,0,0
1018,-30.1551532199973,0.046010565553442,-0.00894340708466756,0.00343527663196597,0.00551812870174064,-0.00252132799146811,-30.2861685581335,-0.105346109199901,0.0642568233051111,-2.90436176140982E-05,-0.00282417886664969,0.00432114862000405,-30,0,0,0,0,0,4,3,0.575241478028339,0.493110105064772,-0.560628508610628,0,0,0
1019,-30.1517460796276,0.0517752486805784,-0.0118755611392678,0.00337881003714037,0.00601123227135635,-0.00334296240365948,-30.2628535042359,-0.0221728972469507,-0.0905564318507909,0.0086105237509051,0.00308963130943497,-0.00324863541499572,-30,0,0,0,0,0,4,3,-0.335345366618691,-0.264617336449595,0.505976405201154,0,0,0
1020,-30.148291020406,0.0576541773017378,-0.0149359798848885,0.00353145196339012,0.00574661887139101,-0.00277790930543462,-30.2445197736833,0.0157396722317018,-0.0990243584137918,0.0115890727890542,0.00211856315901797,0.00471785816637785,-30,0,0,0,0,0,4,3,-0.669867731538728,-0.243335660365201,-0.273737099810201,0,0,0
1021,-30.1450871369245,0.0632791349674514,-0.0175600970731537,0.00287639585714265,0.00550329016047271,-0.00247016333964403,-30.1296190112057,0.0883034057250761,-0.0228705482054758,-0.00291813573533486,0.00173473297550506,-0.0156083172326793,-30,0,0,0,0,0,4,3,0.55105159594486,-0.350080109000658,1.60657281967888,0,0,0
1022,-30.1414276147838,0.0686073844489344,-0.0197228741649737,0.00444280106409803,0.00515320532328276,-0.00185576504820808,-29.9724772091744,0.106865507377657,0.0870592123914306,-0.0055530419666262,-0.0074235187998245,-0.0138627096827823,-30,0,0,0,0,0,4,3,0.50025861501147,0.528620865227136,1.21215254349537,0,0,0
1023,-30.1363670707512,0.0740248994382289,-0.0213820720706247,0.00567838900813799,0.0056818217227299,-0.00146292927398151,-30.3000708315834,0.087818085883248,-0.086294022229834,0.00557618380798851,0.00203904849619053,0.00779553859234082,-30,0,0,0,0,0,4,3,0.0425232823680224,-0.379541021385549,-0.606965814774414,0,0,0
1024,-30.130908782485,0.079516953815516,-0.0230702632716365,0.00523808223408204,0.00530227981112772,-0.0019133419108286,-30.0558726707377,0.0597257116117136,0.0350202071289396,0.00107007697277801,0.00639572659378645,-0.00773933078286453,-30,0,0,0,0,0,4,3,0.00473764419753324,-0.759024082602072,0.703892664028574,0,0,0
1025,-30.1254070200855,0.084439723289028,-0.0247662645844027,0.00576554854434793,0.00454325617780821,-0.00147878968810725,-30.2308761674621,0.0794314819213907,0.102718990837489,0.014380837258079,0.0190172343184979,0.0144347289132231,-30,0,0,0,0,0,4,3,-0.976331390883613,-2.06058639569257,-1.64891087299728,0,0,0
1026,-30.1205889668671,0.0879526947056437,-0.0264240815881898,0.0038704775739093,0.00248267901631332,-0.00183638400934865,-30.2303552619415,0.270035382641524,0.139592114035918,-0.0136967634713142,-0.00371655166758175,0.00230884175421723,-30,0,0,0,0,0,4,3,1.83038687101449,-0.168415598524873,-0.51006840349356,0,0,0
1027,-30.1163192926513,0.0903511591529646,-0.0291305353042168,0.00466845645432682,0.00231424353125864,-0.00357671401730551,-30.1355063172942,0.0461005678994393,-0.108586613611995,0.00477163558820391,0.0169907287766014,0.00887897530812008,-30,0,0,0,0,0,4,3,-0.206150924231954,-1.79127401345902,-0.670724303588019,0,0,0
1028,-30.1119775583057,0.0917697698604351,-0.0328580322753894,0.00401494705928954,0.000522971235193262,-0.00387812134621444,-30.1277270954971,0.123593444560994,-0.0392965265358984,-0.00837417097982461,0.00597045607883695,0.00273247539321166,-30,0,0,0,0,0,4,3,1.09287128897672,-0.844232497005683,-0.194654486249369,0,0,0
1029,-30.1076857977599,0.0918706223341473,-0.0372241448827737,0.00456834572463477,-0.000321273058817299,-0.00485423463780805,-30.1417688831549,0.0159892744733552,0.166755905352863,0.00760111494695858,0.0117925473180049,0.00760942220781684,-30,0,0,0,0,0,4,3,-0.476573728386109,-1.2112332807472,-1.09445403148741,0,0,0
1030,-30.1036937381305,0.0909437396943204,-0.0422641068053237,0.00341569459842613,-0.00153250204287544,-0.00522541240185481,-30.0695986316262,0.155881994795197,-0.119445383876066,0.00292460640974908,0.0140137732276791,-0.00775684360429919,-30,0,0,0,0,0,4,3,-0.153263377722559,-1.71314131235831,1.01457512818205,0,0,0
1031,-30.0999486994312,0.0885546713789449,-0.0471109214031774,0.0040745703206923,-0.00324564099464764,-0.00446837091292745,-30.152188046287,0.0948665003747132,-0.0779421241504255,0.00728397103283382,-0.013546565975739,-0.00548855383789549,-30,0,0,0,0,0,4,3,-0.424021010709351,1.16492359682448,0.7047396320904,0,0,0
1032,-30.0957499396458,0.0858914961234145,-0.0511990923481637,0.00432313718034019,-0.00208071237069292,-0.00370802892332843,-29.988842362607,0.106464192631835,0.00103953518011423,0.0222187148936053,-0.0073515909863703,-0.00628162658829071,-30,0,0,0,0,0,4,3,-2.2441867641465,0.52223071337336,0.626083588468843,0,0,0
1033,-30.0919235163731,0.0840719137968183,-0.0538610681689773,0.0033302162846588,-0.0015584572771483,-0.00161568250744404,-29.9148885865737,0.25783672877896,0.0304492376411833,-0.00290693492708254,0.00876390542278887,0.00843733656165086,-30,0,0,0,0,0,4,3,0.120470665855745,-1.39206399983681,-0.904632131447453,0,0,0
1034,-30.08890223287,0.0818174259171867,-0.0558260238113861,0.00271219054457246,-0.00295052321268633,-0.00231408008734206,-29.9905328121102,0.175079719501947,0.025207339412615,0.015213025565108,-0.0202568290816059,0.0130738104095975,-30,0,0,0,0,0,4,3,-1.54023693229039,1.6755234691567,-1.35779571978498,0,0,0
1035,-30.0872109216543,0.0797046747683727,-0.0580045442063758,0.000670501767596856,-0.00127498428737537,-0.00204247414561042,-30.0797712110898,0.197272408217111,-0.102313071491977,0.022476069620135,0.01601062338352,-0.00655474768721199,-30,0,0,0,0,0,4,3,-2.08806453983381,-1.99560715478622,0.860100911705152,0,0,0
1036,-30.0868951203685,0.0774318996184272,-0.0589819313360627,-3.83857897820359E-05,-0.00327056855582532,8.78695924674353E-05,-30.1195055625849,-0.018307941496,-0.117520375894136,-0.00911865166563149,-0.0110629515559712,-0.0376422462654311,-30,0,0,0,0,0,4,3,1.15087629173291,1.14291103858912,3.99926537833138,0,0,0
1037,-30.085041624406,0.0747327845774956,-0.0580431468967023,0.00374578679346157,-0.00212766692769526,0.00178880174984864,-30.2390250780401,-0.200823948055405,-0.102627073168053,-0.00287154954600431,-0.00199676293465578,0.0105011184461345,-30,0,0,0,0,0,4,3,0.765205110680575,0.601324189576388,-0.844857698277349,0,0,0
1038,-30.0813720347948,0.0729057783493623,-0.0568292903009942,0.00359312414370026,-0.00152635150461917,0.000638948436623125,-30.248302096374,0.0599168554514,-0.0700536203135193,-0.00098704385970431,0.00359517391188787,-0.00388600612785345,-30,0,0,0,0,0,4,3,0.595308578718525,-0.479351102091587,0.528707853412383,0,0,0
1039,-30.0773877837589,0.0711397503632054,-0.0562555196146623,0.00437535160222637,-0.00200570857199501,0.000508410199705375,-30.0511793993075,0.0766314437645906,-0.0036404880274982,0.0225668761496767,-0.000344752346669181,-0.000638381553467375,-30,0,0,0,0,0,4,3,-2.15432881635258,-0.118787652862263,0.0711191314017338,0,0,0
1040,-30.0736859222373,0.0690746640070564,-0.0549132602263622,0.00302877155371897,-0.00212447319962838,0.00217643197489246,-29.9984258087717,0.0756962918521234,-0.00675880256555425,-0.0031097083480493,-0.00641376249632777,-0.00244686435492862,-30,0,0,0,0,0,4,3,0.307822452348379,0.489983665928531,0.258204040623971,0,0,0
1041,-30.0704614642308,0.0671951846323151,-0.0527800286103697,0.00342013013928484,-0.00163449262926324,0.00208994212652362,-30.0414968604583,0.107862625407798,0.120083811337546,-0.00513173427056167,-0.00245046189066197,0.0117218024135674,-30,0,0,0,0,0,4,3,0.596167147972715,0.029320938250601,-1.41234786403183,0,0,0
1042,-30.067389508353,0.0655753512414154,-0.0513837375016564,0.00272345608929721,-0.00160517906051195,0.000702808662615739,-30.1488757751227,0.0200273382023017,-0.243935622380874,0.000276408825560155,-0.0141144309147598,0.0119691667407775,-30,0,0,0,0,0,4,3,0.270110667689407,1.37138841507138,-0.709045429316006,0,0,0
1043,-30.0648522710857,0.0646558672815297,-0.0510223796366141,0.00235086254134195,-0.000233794034047701,1.99966074100281E-05,-30.1667954593441,0.213859898180576,-0.0880764102523528,0.0187376407841664,0.00840233899859199,0.00938675218158285,-30,0,0,0,0,0,4,3,-1.54017315972838,-1.26795369622035,-0.76252239765358,0,0,0
1044,-30.063293278924,0.0637881067670408,-0.0506699283478748,0.000767284525503015,-0.00150173184718281,0.000685284965146528,-29.890654310026,-0.0860192050342695,0.00301641763698652,-0.00754583449241732,-0.00447024164617561,0.00316785040770185,-30,0,0,0,0,0,4,3,0.535892069293706,0.6190625746861,-0.322817876044158,0,0,0
1045,-30.0624792545111,0.0625959055731359,-0.0503017563143117,0.000860619183718172,-0.000882675215486988,5.10393578418249E-05,-30.2008950093256,0.0564722634031518,0.151245537131622,0.00789269405836028,-0.0115481376209781,-0.0100553807863839,-30,0,0,0,0,0,4,3,-0.387479387184873,1.0418692352915,0.703047004375144,0,0,0
1046,-30.0614784343744,0.0622341702075099,-0.0498841947896452,0.0011411987994542,0.000159198654735494,0.000784019584376412,-29.9761768425151,-0.0246286320740366,-0.249941414779824,0.00324500971698205,-0.00485351239733637,-0.00420976132003709,-30,0,0,0,0,0,4,3,-0.372147286668015,0.53460850388171,0.920858961563357,0,0,0
1047,-30.0601083353866,0.0626606783321436,-0.0486694582119384,0.00159920697364039,0.000693811788921517,0.0016453482797147,-30.003890371647,0.0141727532493163,-0.143729606953725,-0.00630480775470522,0.00498630452902493,0.00869123330389689,-30,0,0,0,0,0,4,3,0.63826151876455,-0.526975959401126,-0.581664116482239,0,0,0
1048,-30.058528308276,0.0630910012083051,-0.047464205105307,0.00156064473711086,0.000166828608053115,0.00076516947759773,-30.0057802465322,-0.000621966337385829,0.0971891082630457,0.00493469195786108,-0.0282288724562119,0.0228590374260139,-30,0,0,0,0,0,4,3,-0.481908702721707,2.82413117829596,-2.48028195912748,0,0,0
1049,-30.0580743229805,0.0646698992011835,-0.0473223301027016,-0.000652965805324423,0.00299096315035765,-0.000480897656471441,-30.0065719669226,0.0808614542669838,-0.138796612596005,-0.0108068438250794,-0.000660958872138752,0.000497033386953191,-30,0,0,0,0,0,4,3,1.09382831635306,-0.0956270213200924,0.227889886496691,0,0,0
1050,-30.0582914868788,0.0676130457359738,-0.0481558816237095,0.000218476138671222,0.00289532462626384,-0.00118640723613731,-30.1198418899336,0.0221004614610689,-0.0373550350553074,0.00916482271508857,-0.00627159193725255,0.0063131277456782,-30,0,0,0,0,0,4,3,-0.676798491641679,0.582958270803117,-0.556602704457205,0,0,0
1051,-30.0585076486337,0.0707998569505636,-0.0492703313932535,-0.000650762487967095,0.00347828971787624,-0.00104228557017135,-30.0398640894618,0.0486340932914147,0.0359343609334086,0.00194345700461625,-0.00874634906657132,0.00763645095694402,-30,0,0,0,0,0,4,3,-0.114617521538044,0.777366720074302,-0.835513817561219,0,0,0
1052,-30.0595189309397,0.0746668317528923,-0.0505449722840263,-0.00137190860907717,0.00425565706218357,-0.00150682572651135,-30.03983567158,0.0966337653098267,0.0491643328354141,0.00203088797663184,0.00617719815662207,-0.00458158410578147,-30,0,0,0,0,0,4,3,-0.123417454503276,-0.81098734628186,0.359829744907319,0,0,0
1053,-30.0607966755651,0.0785169982242118,-0.0518960720662104,-0.0011835038746072,0.00344467128900321,-0.00119541890703078,-30.1648361164783,0.046966452074367,0.0210795523633886,-0.00707186787619585,-0.00292531271464595,-0.013881827868669,-30,0,0,0,0,0,4,3,1.03685902057616,0.198598367315861,1.34602368214012,0,0,0
1054,-30.0611351993251,0.0820609670012423,-0.0530636805259074,0.000506474923319806,0.00364325956097155,-0.0011401910546677,-30.2030186650614,0.00325150498702624,-0.0163281503390199,0.0118480605032974,0.00417902203123435,0.00348662921830048,-30,0,0,0,0,0,4,3,-0.778768720206912,-0.424405213097487,-0.316006621152008,0,0,0
1055,-30.0610036749875,0.085492030871006,-0.054014868787771,-0.00024333357961025,0.00321886242902483,-0.00076201011265674,-29.9065006965238,0.146861283876557,-0.199169054056415,0.00528895488767514,-0.0125885948603857,-0.00309357258039239,-30,0,0,0,0,0,4,3,-0.715894095719872,0.96513691828546,0.707695366152068,0,0,0
1056,-30.061208955592,0.089193468439402,-0.0542829891913117,-0.00016698606172725,0.00418400748609616,0.000225757734658967,-29.8951807459383,0.0928682267339907,-0.0414144893721429,0.0173302430948421,-0.00110245602282953,-0.00506261856361822,-30,0,0,0,0,0,4,3,-1.9426628176076,-0.0754908511850281,0.589090835106108,0,0,0
1057,-30.0617760966036,0.0933397435069941,-0.0531308122023919,-0.000966860540649554,0.00410853777590302,0.00207878493690966,-30.1902910047269,0.178994615727216,-0.112561425493856,-0.000754270667820125,0.00557788713482303,0.00784953663279024,-30,0,0,0,0,0,4,3,0.456009076235887,-0.915777944936736,-0.559830812291311,0,0,0
1058,-30.0628139224623,0.0969903930398126,-0.0514137972964206,-0.00110895686405637,0.00319275456784618,0.00135527982250002,-30.1891379558917,0.097513628625111,-0.104274699207565,-0.0111068588527899,-0.00467246294655872,0.00831033541173925,-30,0,0,0,0,0,4,3,1.48896179706238,0.272219037405651,-0.622484142758795,0,0,0
1059,-30.0636875019364,0.100319251375927,-0.0508368166802978,-0.000638560040251284,0.00346495727958976,-0.000201425536910783,-30.0236320797763,0.081488309905335,-0.216518132506722,0.0108848106772515,0.0152664795633953,-0.0198492414886023,-30,0,0,0,0,0,4,3,-1.04121690817248,-1.6896245761502,2.41796041387368,0,0,0
1060,-30.0637341015917,0.102939405404707,-0.0498717041349054,0.000545906210687983,0.00177534554381467,0.00213137930862653,-30.1073846611801,0.148381070345561,0.0435151023665124,-0.00849310215971499,0.00600350673115077,-0.00302025727962434,-30,0,0,0,0,0,4,3,1.06407953833171,-0.897112813806199,0.214995523229409,0,0,0
1061,-30.0627673510627,0.104266191928155,-0.0480883720197551,0.00138743705904287,0.000878221530955532,0.00143509264316482,-30.0894567158842,0.0129224436743691,-0.0871316560890124,0.00281549496361713,0.012556974963484,-0.0134052891068622,-30,0,0,0,0,0,4,3,-0.10263606459327,-1.28154238369714,1.51479222286425,0,0,0
1062,-30.0608330719471,0.104503645061888,-0.046137796345828,0.00248135927956462,-0.000403318674576215,0.00246581329973661,-30.0546314644142,0.0430809555693522,-0.00625663375396768,-0.00496548356462346,-0.00349440257931149,0.00457990600153935,-30,0,0,0,0,0,4,3,0.605811285290717,0.263278346792445,-0.445477332645999,0,0,0
1063,-30.058331440171,0.104231965497892,-0.0440561956022475,0.00252173127820598,-0.000140047111492466,0.00169738265042237,-30.1178087865062,0.14420301724698,-0.224490213516436,0.00407624224897352,-0.015735927935971,0.00452723950252954,-30,0,0,0,0,0,4,3,-0.172006651884925,1.28518675910314,-0.00374352322008148,0,0,0
1064,-30.0558685098656,0.10473451532901,-0.0423027487277917,0.00240415869210422,0.00114514147947175,0.00180954037014114,-30.1216091920473,0.169626790145997,-0.243415311710551,0.00248084625247464,0.00272559356536037,0.00182122115774665,-30,0,0,0,0,0,4,3,-0.00486624115280326,-0.611812936828031,0.304708507646438,0,0,0
1065,-30.0533510164674,0.10557375331808,-0.040402882007945,0.00263087367523021,0.000533328815014426,0.00199014444594131,-30.0568379745448,0.15316574342548,-0.14968572883167,0.0145437966486776,-0.00216957345310464,-0.00720738462081392,-30,0,0,0,0,0,4,3,-1.34070371577811,-0.0893741415404961,1.02010991974473,0,0,0
1066,-30.0507575289213,0.106062406534065,-0.0375800592104757,0.00255648893901977,0.0004439697078352,0.00365552305160467,-29.940534806458,0.236434956147211,-0.255627147749077,0.019878093522171,0.00398218620067617,-0.00224345453498992,-30,0,0,0,0,0,4,3,-2.10673973930107,-0.871088532362039,0.735599748997146,0,0,0
1067,-30.0485911268994,0.106070847091863,-0.0328875296083751,0.00177679526361264,-0.000427095829556841,0.00572971987750022,-30.1144585495011,0.197654436641772,0.00425466967332563,0.00697917661260186,-0.0135323603669507,0.0154943363119365,-30,0,0,0,0,0,4,3,-0.469000562257962,0.957927163411527,-1.55794297054031,0,0,0
1068,-30.0475645367604,0.106122719099039,-0.0274822109960786,0.000276239704436343,0.000530835222703566,0.00508126808492794,-30.1045352917654,0.217556378183114,-0.0287823754245335,-0.0102863169713654,-0.0121117117444289,0.0137630698220223,-30,0,0,0,0,0,4,3,1.23770228066737,0.776058418076659,-1.31874223135316,0,0,0
1069,-30.0474030792111,0.107041579599248,-0.0233058381063567,4.6264050272641E-05,0.00130687949769598,0.00327153520579297,-29.9412885851037,0.00918785363993189,-0.00982630997102381,0.00381248520820751,-0.000510825261304297,0.000987736893948264,-30,0,0,0,0,0,4,3,-0.498671350613388,0.0327068188505659,-0.0791210694527788,0,0,0
1070,-30.0475477479002,0.108364818329467,-0.0198749277966341,-0.000335525023099042,0.0013395915830192,0.00359037444100713,-30.010013220193,0.26874177698455,-0.0247784666192044,0.0101059405096172,-0.0073836648610702,0.0143712294012117,-30,0,0,0,0,0,4,3,-0.990567610575636,0.20088293213792,-1.38756600688276,0,0,0
1071,-30.0487351384156,0.109804859283616,-0.016351542341639,-0.00203928432920435,0.00154048408597396,0.00345678837005996,-30.0642519595093,-0.11876735753217,-0.0770704533354474,0.000703879812711248,-0.0137260851765378,-0.016576479341469,-30,0,0,0,0,0,4,3,0.0581159377474878,1.61014323271812,1.8117888408178,0,0,0
1072,-30.0500584727095,0.112150418716623,-0.0123477026780338,-0.000607130696532146,0.00315062799193452,0.00455056448650039,-30.0604075631161,0.130246722322264,0.14377689264305,-0.00365022768715155,-0.00370729200227527,-0.00323338966382658,-30,0,0,0,0,0,4,3,0.485837894947342,0.110235755582999,0.0357851810965573,0,0,0
1073,-30.0504984329407,0.11535616562965,-0.00798064267913589,-0.000272870901589376,0.00326085859297288,0.00418348104451576,-29.8804770690612,0.0976695962927887,-0.179333560189712,0.0192615908596149,0.0263338250076605,0.000565513193079307,-30,0,0,0,0,0,4,3,-2.16520494783907,-2.82872169335163,0.302115801071493,0,0,0
1074,-30.0513437145237,0.11720267742716,-0.00287266099953009,-0.00141726693695183,0.000432160206128135,0.00603274706631423,-30.0627230107806,0.0251786824096444,-0.0365684691070927,0.00772785155426524,0.0202461711013781,0.0157715487881856,-30,0,0,0,0,0,4,3,-0.647339133865272,-2.0749744749571,-1.50401794060437,0,0,0
1075,-30.0535478371639,0.116597358058627,0.00292564638105033,-0.00299108423666989,-0.00164280843818273,0.00556423057686497,-30.0245375142341,0.139721909183143,0.0804269386346317,-0.01524632906132,0.00234038619410486,0.017893120274185,-30,0,0,0,0,0,4,3,1.5737079346001,-0.513482437776773,-1.95016590468776,0,0,0
1076,-30.0567937021397,0.114697804039842,0.00725672399150184,-0.00350120259139807,-0.00215630905958289,0.00309804023623469,-30.1316876750917,-0.014517949570931,-0.0600670925575384,-0.0126955345730291,-0.00503779609812439,0.0103389661098606,-30,0,0,0,0,0,4,3,1.53292880748633,0.532815508954302,-0.913762425870981,0,0,0
1077,-30.0601636713331,0.112807896809111,0.00946641477852631,-0.00323913963590438,-0.0016235105530527,0.00132128025461016,-30.032545614514,0.082135581140752,-0.0631367958486869,0.0040289625048071,-0.00377669229588675,-0.0030429593586812,-30,0,0,0,0,0,4,3,-0.337805021452796,0.213398067307171,0.430569527565494,0,0,0
1078,-30.0633459022587,0.111291089872257,0.0110486837444085,-0.00312520009262046,-0.00141010857580895,0.0018432318266164,-30.106830091787,0.307292432272136,-0.0969897471178768,-0.00387882632072394,0.00761184021235536,0.00158191063854618,-30,0,0,0,0,0,4,3,0.601542815646479,-1.37576888577981,0.0357884303811355,0,0,0
1079,-30.0662689730711,0.109193096892861,0.0126644005237931,-0.00272104195290825,-0.00278588385459543,0.00138811222668391,-29.9279726942644,-0.0419618929521314,0.109181918660004,0.00503309116853243,0.00132072245805769,-0.000739438198028439,-30,0,0,0,0,0,4,3,-0.647363728324519,-0.0481484599015062,-0.144420017517164,0,0,0
1080,-30.0692533432792,0.106383145954295,0.014250969896821,-0.003247607301405,-0.00283402551278322,0.00178514851486361,-30.0714721881963,0.0714520379865166,-0.0894823083672763,0.0100253466029444,-0.0154978265685061,0.00114915750188309,-30,0,0,0,0,0,4,3,-0.859590283901891,1.40687858087758,0.0640488665462432,0,0,0
1081,-30.0727504502294,0.104252568346112,0.0163830607023682,-0.00374644653941819,-0.00142713771796341,0.00247914762067583,-30.1649521030653,0.134323107683861,0.153150239120193,0.00786026307545051,-0.0031248925628678,-0.00237376051842236,-30,0,0,0,0,0,4,3,-0.45612210141443,0.0438430409190573,-0.0689244263981499,0,0,0
1082,-30.0766698144421,0.102847358219751,0.0190111965505909,-0.00409221239650611,-0.00138328985713933,0.00277720420108867,-30.1973517816171,0.158882585514305,-8.17168630667907E-05,0.00216930036692548,0.00103057040700196,0.0113771713607107,-30,0,0,0,0,0,4,3,0.17777352654164,-0.420822211728806,-1.13755370234494,0,0,0
1083,-30.0811483667034,0.101253657272857,0.0213542711671753,-0.00486508866082924,-0.00180411477874904,0.00190912176457868,-30.0978754564965,0.450375966471864,0.0651853898652739,-0.00827725390741456,-0.0017766353488183,0.00823773846716695,-30,0,0,0,0,0,4,3,1.02347630373441,-0.723088398061897,-0.954144626447243,0,0,0
1084,-30.0860621295171,0.099087995206739,0.0225599806746323,-0.00496275035453535,-0.00252721477149892,0.000502321100013779,-29.8075627646695,0.0176203964783075,-0.0716824639735513,-0.0106185608753246,-0.0108827946806375,-0.00603835648835849,-30,0,0,0,0,0,4,3,0.67698161687136,1.05303867510713,0.747200576782952,0,0,0
1085,-30.0905242893319,0.0970872983912726,0.0230304706875507,-0.00396157999362334,-0.00147418278167046,0.000438432238219372,-30.0160525252882,0.1590403087013,0.0797435541823526,0.0142565464100692,0.00833196194010845,-0.0166600342622247,-30,0,0,0,0,0,4,3,-1.39354959043046,-1.15127681141344,1.50651631785776,0,0,0
1086,-30.0943442126263,0.0950374864185098,0.024479052709473,-0.0036778099409981,-0.00262544364903042,0.00245867182970882,-30.078454711147,-0.0961305253793982,-0.0980422579938741,-0.000669785077905408,-0.00389663220757699,-0.00402172056427779,-30,0,0,0,0,0,4,3,0.223887930084597,0.581924271516495,0.598256572415528,0,0,0
1087,-30.0977212527396,0.0927030068691634,0.0270336898677131,-0.00307622430347565,-0.00204352133394016,0.00265047019868325,-30.134769317118,0.102760322776652,-0.0441084296866636,0.00492821276930131,0.00602433773543983,-0.00787254782439028,-30,0,0,0,0,0,4,3,-0.223282642694167,-0.807954419097286,0.875471641812355,0,0,0
1088,-30.1005299369327,0.0902555137937285,0.0300406740568097,-0.00254097924679715,-0.00285147274255895,0.00336337563799177,-30.0362038196604,0.0506701683595122,0.0795111812992155,-0.00565313834752635,0.0120792274319899,-0.00214113005980735,-30,0,0,0,0,0,4,3,0.637721474073414,-1.30926307991802,0.0550906433823043,0,0,0
1089,-30.1028501632777,0.0867494084407781,0.033167459937672,-0.00209957655959106,-0.00416074258566911,0.00289009720229086,-30.0550281679978,0.0511945222591484,0.0541951986303633,0.00155833501693881,0.00483652448563206,0.0165640418796163,-30,0,0,0,0,0,4,3,-0.045777165698287,-0.586041493081503,-1.76479458522235,0,0,0
1090,-30.105651360615,0.0822956473524071,0.0355131290181445,-0.00350306178981514,-0.00474678485536464,0.00180155760898561,-30.073122703945,0.0882727885028709,-0.029150189159438,-0.00368352149853536,-0.00965237149720904,-0.00982534680402522,-30,0,0,0,0,0,4,3,0.514597557743564,0.788691572715162,1.0408350587214,0,0,0
1091,-30.1085903020687,0.0779432069551573,0.0374363803157351,-0.00237475816339352,-0.00395809802126151,0.00204469363768293,-30.166048476954,-0.0484009490477341,-0.0925901517206157,-0.0207480607571206,-0.000676645340087118,-0.0106991867369478,-30,0,0,0,0,0,4,3,2.40690302962007,0.16446643210418,1.25509897713601,0,0,0
1092,-30.1097223230894,0.0740673324690549,0.0389338911317812,0.000110474411363446,-0.00379365636371712,0.000949772803591884,-30.1313028430593,-0.0540476868225751,-0.237259959443483,0.000312284499803944,-0.0161209684877456,-0.00474126137390254,-30,0,0,0,0,0,4,3,0.231377236138253,1.72019222241971,0.948646056277219,0,0,0
1093,-30.1091728544491,0.0711337740242364,0.0400843895469594,0.000988556687830456,-0.00207346592996954,0.00135102990537042,-29.9573341520904,-0.180744341700813,-0.033671697120124,0.00938614104880547,-0.0151701562714455,-0.0202150024069894,-30,0,0,0,0,0,4,3,-1.02394580069982,1.87850431054618,2.08884363493919,0,0,0
1094,-30.1076959070548,0.0699995701738077,0.0424820624468563,0.00196581024815785,-0.000194949200848272,0.00344410001995746,-30.0009365248437,0.121357255578555,-0.123721893700342,0.00426787192283585,0.00307111065961875,0.0219599967237144,-30,0,0,0,0,0,4,3,-0.424914142596152,-0.549825577118984,-1.94855588497076,0,0,0
1095,-30.106623201194,0.0695297131108013,0.045471354606088,0.000179402306151164,-0.000744771639338533,0.00253488591880015,-30.118588546983,-0.0162644726861663,0.0815876678310124,-0.00654545127239348,-0.0105422070478009,0.00999470836726546,-30,0,0,0,0,0,4,3,0.891722221205366,1.08674965015243,-1.16264617238857,0,0,0
1096,-30.1066183920199,0.0693283148072337,0.0472867664254601,-0.000170103270370181,0.00034196766593219,0.00109601874192045,-30.3862894884433,0.148132588338378,0.0783699205467492,-0.00873169994588029,-0.011651930591521,0.00583951180560482,-30,0,0,0,0,0,4,3,1.64574897147461,0.868927882475348,-0.74069102165398,0,0,0
1097,-30.1065632379794,0.0701047405717251,0.0475022909914144,0.000280021186369957,0.0012108774613362,-0.00066506845001315,-30.210823448652,-0.0138956458673938,0.0573901653040017,-0.00945879891814094,-0.00737667229086979,-0.00754281554420449,-30,0,0,0,0,0,4,3,1.36752678911809,0.765458520821767,0.639501223812446,0,0,0
1098,-30.1056087182444,0.071698343138944,0.0464974681991475,0.00162887247879218,0.0019763218566232,-0.00134487409342953,-30.1554517896805,0.0689930490687322,0.0595529583112602,-0.00115613466583394,0.0157465311685495,-0.00699990200841661,-30,0,0,0,0,0,4,3,0.42651704594449,-1.71263921499242,0.580884284219141,0,0,0
1099,-30.1036234600225,0.0728183468784891,0.0451602758440538,0.00234165433552063,0.000263678512571188,-0.00132966383919716,-30.0850872303554,0.00175936151324395,-0.0985315512563126,-0.00328614210358355,0.00160614558763801,-0.00581130457235036,-30,0,0,0,0,0,4,3,0.49878867106923,-0.164133281790289,0.778193559747662,0,0,0
1100,-30.1008258478258,0.0729999571677614,0.0438714327976453,0.00325358942145777,9.95404644305116E-05,-0.00124821990600129,-29.9394735356769,-0.000110872092469155,0.132235148250863,-0.0021085455623303,-0.0085076196424542,-0.0186653921979244,-30,0,0,0,0,0,4,3,0.0898016275867658,0.850983708430358,1.60206892329072,0,0,0
1101,-30.0969229616561,0.0735249926023119,0.0430807540777628,0.00455239174077658,0.000950524357813521,-0.000333424371694962,-29.9222608123264,0.0967056217704989,0.0949475591009549,0.0186501810555946,-0.0146666919323333,0.0073304584435968,-30,0,0,0,0,0,4,3,-2.02049648090665,1.27325794969233,-0.92294096256159,0,0,0
1102,-30.0933656868922,0.0751121579976233,0.0432374299819955,0.00256237903356049,0.00222380319221139,0.000647221159437491,-30.1094488223473,0.153111368965074,-0.0879547825623756,0.0111596805393503,0.0015965694614689,0.00859758252972557,-30,0,0,0,0,0,4,3,-0.897070409240341,-0.465879684077037,-0.683848687847806,0,0,0
1103,-30.0913532733653,0.0771030287638504,0.0440124472430213,0.00146250861839516,0.00175793259010263,0.00090305973483646,-29.9981744070575,0.0866474535436067,0.0247365253505188,-0.0190927463150844,0.0107732925035735,-0.00284290982217849,-30,0,0,0,0,0,4,3,1.90562344562348,-1.25062415744456,0.234817931516811,0,0,0
1104,-30.089206273505,0.0782356438323138,0.0442370100197231,0.00283119789977563,0.000507288275763177,-0.000454238728666144,-30.0894933487777,0.0584493950306682,-0.0263641273863936,0.0111210909708254,0.000880121864552582,-0.00385954323229508,-30,0,0,0,0,0,4,3,-0.933122399527102,-0.204910976516595,0.438682578002295,0,0,0
1105,-30.0864983034489,0.0786404859638265,0.0442755602690536,0.0025849648911432,0.000302387566986424,0.000531396579333937,-30.0447813174134,0.0146327231789234,0.207814553918775,0.0154463293914796,-0.0102518196801875,0.000981391729096258,-30,0,0,0,0,0,4,3,-1.45507030432124,0.995916521660901,-0.513768280747177,0,0,0
1106,-30.0845708585926,0.0794408421469675,0.0452065527644493,0.00127010452337027,0.00129831924234497,0.00133088093555559,-30.076685096703,-0.0387236682220393,0.16668205681464,-0.00255670735128377,-0.00375317715802035,-0.00315874804881217,-30,0,0,0,0,0,4,3,0.409040928534396,0.452765052246114,-0.017489308748063,0,0,0
1107,-30.083182349378,0.0809655427544783,0.0463642639081395,0.00150684343621886,0.00175107991771912,0.000984489401057139,-30.2466708332319,0.118986912435038,-0.0840193897765148,0.00809510372863718,0.00199084753303086,0.00157753568269334,-30,0,0,0,0,0,4,3,-0.31616870639989,-0.437058578173162,0.0102852112836956,0,0,0
1108,-30.0817725489434,0.0824980982835145,0.0474675910553592,0.00131281431089812,0.00131402471808227,0.00122221133039696,-30.1568926864983,0.0955018776952301,0.180443581958227,0.00480475947570114,0.00318755060425884,-0.0033162145612742,-30,0,0,0,0,0,4,3,-0.166690574573587,-0.509758815816344,-0.0292657077890341,0,0,0
1109,-30.0805255043031,0.0835572483112029,0.0487380027937436,0.00118130107815063,0.000804267657360164,0.00131864216847473,-30.1387241578741,0.17007553886315,-0.0843309039788684,0.00974879496099386,-0.000494608813814149,0.00549893406100028,-30,0,0,0,0,0,4,3,-0.697431180351098,-0.290690196344885,-0.381231598142291,0,0,0
1110,-30.0797128584675,0.0842161784593771,0.0502029556605763,0.000444058123610358,0.000513584625803338,0.00161142508870476,-30.1331937685617,0.0136007699547856,-0.0393818109405653,0.0160667384647265,0.00433607830346092,0.00495600264365532,-30,0,0,0,0,0,4,3,-1.34028630934935,-0.460809370255663,-0.416836642484401,0,0,0
1111,-30.0798512655769,0.0844993683560265,0.0522016683050869,-0.000720699474137386,5.27892534598725E-05,0.00238625694610474,-30.0159272930792,0.129567188091468,0.0470035113485514,-0.00603276987984835,0.0101553649305986,-0.0108555390192365,-30,0,0,0,0,0,4,3,0.635131574143259,-1.2746708692428,0.991546879226547,0,0,0
1112,-30.0799881131378,0.0839148234005852,0.0546407905251688,0.000447031714061625,-0.00122188768016696,0.00249173192948311,-30.0229563839003,0.0118590880877359,0.100707495959729,-0.00508910955654813,0.00103075216800084,0.0261626851763838,-30,0,0,0,0,0,4,3,0.554823723455421,-0.126793392975555,-2.81768350955784,0,0,0
1113,-30.0804737929501,0.0826295382337568,0.0560318172733191,-0.00141886942465601,-0.00134868901093917,0.000290731978564555,-29.9315827443373,0.289263999876258,-0.027971628517146,-0.00825126546316553,-0.00461335698770447,0.00100432631132007,-30,0,0,0,0,0,4,3,0.688292034991157,-0.117192300982069,-0.0444893740977153,0,0,0
1114,-30.0816989912973,0.0812222522388261,0.0560324777052032,-0.00103165001856234,-0.00146588868223897,-0.000289492165138032,-30.1946545010042,0.0763032236412834,0.141911371603022,-0.00145876322447566,-0.0116416164976916,0.0163457086337519,-30,0,0,0,0,0,4,3,0.53518532445592,1.01155520248659,-1.91839360658123,0,0,0
1115,-30.0833192066937,0.0802621410366827,0.0549307235205041,-0.00220913058028296,-0.000454340559908006,-0.00191375790216066,-30.096199012356,0.0306891709734771,0.0974588802122183,0.00467110492603586,0.000114479922038674,-0.0139568028564888,-30,0,0,0,0,0,4,3,-0.274712467891516,-0.0728263341508216,1.20076252522445,0,0,0
1116,-30.0851466163538,0.0797713936215857,0.0534910838585984,-0.0014454766336334,-0.000527163104221626,-0.000965687892802583,-30.1249189499211,0.235782823944646,0.0522103503623072,-0.00531309997050915,-0.00568723410582182,0.00533428286327968,-30,0,0,0,0,0,4,3,0.781147896893028,0.0971577626928907,-0.637848987052582,0,0,0
1117,-30.0866031956199,0.0792928075077206,0.0520146281751272,-0.00146790004845057,-0.00043001412830013,-0.00198721757846527,-30.1274905035579,0.0191648371037096,0.193540806181892,-0.00317563861968641,-0.01793410964269,-0.0084266443475543,-30,0,0,0,0,0,4,3,0.572544869084394,1.75508129006158,0.455582822391645,0,0,0
1118,-30.0877186010898,0.0797403341849721,0.0499374891571559,-0.000762946060236484,0.00132506138090552,-0.00216721300604149,-30.1003860972794,0.180115879596621,0.134749945491469,-0.00879443203406236,0.0095561157200773,-0.00398797489522764,-30,0,0,0,0,0,4,3,1.08021539796507,-1.31584333120097,0.129297598539827,0,0,0
1119,-30.0880998965092,0.0804074703825399,0.0473795968511945,1.89776715602586E-07,9.20662080077557E-06,-0.00294873649549753,-30.1198672902914,-0.0860690030067666,0.132866802811925,0.0103212405662827,-0.00371138082451664,-0.00347329015287281,-30,0,0,0,0,0,4,3,-0.792389476045537,0.543276088465197,0.0815954096634309,0,0,0
1120,-30.0883172095084,0.0806883215223493,0.0447599864580901,-0.000434668011057724,0.000552491221332965,-0.0022903897368009,-30.0031893161136,0.249141507585199,0.100771265202014,0.00322563343035202,0.00868329542261639,-0.00353449454467932,-30,0,0,0,0,0,4,3,-0.316184710808062,-1.36661255743204,0.151906924063903,0,0,0
1121,-30.0887939387947,0.0805575105102476,0.0426337895430571,-0.000518716237687266,-0.000814117854461933,-0.00196198442393384,-30.082071693373,0.206056360357884,0.154661533683563,-0.0100475585526356,-0.0134350403469284,0.0102943423295186,-30,0,0,0,0,0,4,3,1.16889924200952,0.931391313977073,-1.33875730031899,0,0,0
1122,-30.0894806191817,0.0802090837158324,0.039791550771855,-0.000855019385728438,0.000117260035055028,-0.00372242016852232,-29.9668974295998,0.170491795772675,0.278996733099091,0.00439661045637855,-0.0142392721220958,-0.0151690958432335,-30,0,0,0,0,0,4,3,-0.50586618643829,1.08294362066423,0.958916118125166,0,0,0
1123,-30.0901196841084,0.0808678216086792,0.036557593264102,-0.000422897338478446,0.00120020974118565,-0.00274558604809266,-30.0067166116598,0.0618838856828237,-0.0603280324807735,0.00786161127446131,0.0113065795545941,0.00337632083669729,-30,0,0,0,0,0,4,3,-0.772727904126558,-1.25442572682506,-0.216976018708182,0,0,0
1124,-30.0908706723709,0.0814408267565418,0.0340417396528312,-0.00107897410356074,-5.42079028168673E-05,-0.0022859820181345,-30.0277210712752,0.0261754786652305,0.174366275963058,0.000851678512175444,0.000718706732641814,-0.0137076678735597,-30,0,0,0,0,0,4,3,-0.0297257086671824,-0.124221630594642,1.02203423542985,0,0,0
1125,-30.091560758416,0.081324511108924,0.032076419680442,-0.000301057049223367,-0.000178428482079447,-0.00164482657583515,-29.9779406862051,0.143311677916763,0.224183788388439,0.00555243335946769,-0.0120212806515178,0.00844869563804208,-30,0,0,0,0,0,4,3,-0.599361963536558,0.915504709318252,-1.29323714058109,0,0,0
1126,-30.0925590353614,0.0816038432101736,0.0302611525350885,-0.00169555953191322,0.000737081692844295,-0.00198540649693574,-30.0738250992487,-0.02601773980707,0.017764148499172,-0.00345997769660826,0.000586196232677832,0.00103148547916528,-30,0,0,0,0,0,4,3,0.493647968158214,-0.00658414365364317,-0.138676844914873,0,0,0
1127,-30.0941605312261,0.0823376317165354,0.0280323295876878,-0.00150753336937969,0.000730492187597614,-0.0024722785056242,-30.2028782651806,0.126801123301284,-0.0270149531699783,-0.00947054623212251,0.00476478305498279,0.0132248781479583,-30,0,0,0,0,0,4,3,1.35281115357342,-0.730080552100848,-1.26845790845588,0,0,0
1128,-30.0957540913775,0.0827030795213513,0.0246299948898439,-0.00167998344183806,3.96298375328725E-07,-0.00433235073683078,-30.1548813860313,0.11266528038006,-0.0440627176249183,0.0073911029263899,-0.00219518374620133,-0.0114269640570645,-30,0,0,0,0,0,4,3,-0.429347520576413,-0.00581218613998793,1.23082184095628,0,0,0
1129,-30.0970864159213,0.0827005724609448,0.0208396105035754,-0.000984424441764343,-5.41043008654782E-06,-0.00324856956780508,-30.1681683470078,0.146135596596216,0.0506680123822471,-0.00774855562194448,0.00684633312684198,0.000935676434084855,-30,0,0,0,0,0,4,3,1.11119225621011,-0.97690450587663,-0.19490366817298,0,0,0
1130,-30.0978095511536,0.0822067065879776,0.0170866674739941,-0.000462056868853529,-0.000982326923143673,-0.0042574270522522,-30.0993951971404,0.0157508008229344,0.0560258594727412,-0.0117702920763054,0.0157019653558057,-0.00181153115081629,-30,0,0,0,0,0,4,3,1.37581960191143,-1.60169813722644,0.0691013961361467,0,0,0
1131,-30.0978254788845,0.0804235265161826,0.012301543244286,0.000429980239114997,-0.00258403968646852,-0.005313012168358,-30.1433322780995,0.178317790914045,0.0935790814678439,0.000727648442339228,-0.00650187559710578,0.0106831297726834,-30,0,0,0,0,0,4,3,0.213899711965098,0.293551977882487,-1.25547114020403,0,0,0
1132,-30.0978295725897,0.0779862649723102,0.00651070046999404,-0.000438365667406777,-0.00229049088723223,-0.00626848409265329,-30.1729393508035,0.181452052605634,-0.121273969111023,0.00930268831261852,0.00207085148273075,-0.0129951280161,-30,0,0,0,0,0,4,3,-0.584390129654882,-0.569989253484342,1.54206073983204,0,0,0
1133,-30.097845093331,0.0754107863771531,0.000939909699946629,0.000407628999557221,-0.00286047280200652,-0.00487327628106266,-30.2246404384734,0.231925321837228,0.095930285247333,-0.000646641291656003,-0.0124010344929297,0.0105100901745658,-30,0,0,0,0,0,4,3,0.513945006112487,0.776252805618509,-1.24286958795124,0,0,0
1134,-30.0977745503834,0.0729384398959649,-0.00452526903098313,-0.000266791443264651,-0.00208422636377328,-0.00605693675161023,-30.0858295127438,-0.095461380991474,-0.00489636338547865,0.00116606258657516,-0.0119852850602773,-0.0110501560916022,-30,0,0,0,0,0,4,3,0.0550527668301828,1.38945126801068,1.11480833593118,0,0,0
1135,-30.0975899357648,0.0715489416668117,-0.0102684571018624,0.000636158036321832,-0.000694774884448649,-0.00542963117039398,-30.122251954588,-0.0693352110569299,0.0153003259785302,0.00546843125778894,-0.00936915822424386,-0.0117172841462933,-30,0,0,0,0,0,4,3,-0.302339216602826,1.07558624453825,1.14112776267227,0,0,0
1136,-30.0966012850374,0.0713919651136126,-0.0152357803264865,0.00134134594910759,0.000380815403606985,-0.00450516393395762,-30.0498470717004,0.106604190030137,0.00797128066880385,0.00167607959834783,0.0047913714240017,-0.00904041142159901,-30,0,0,0,0,0,4,3,-0.067913816433944,-0.692345522460444,0.888098580822293,0,0,0
1137,-30.0949348152443,0.0714266105083667,-0.0194492556942544,0.00199171918858421,-0.00031152875781345,-0.00392192407690151,-30.1541432477636,0.27090178199186,-0.0999784296271683,-0.000278512712985603,-0.00212861349497595,-0.00667685204339517,-30,0,0,0,0,0,4,3,0.336137766825674,-0.328942214486126,0.867642063593853,0,0,0
1138,-30.0925017658133,0.0709506126070775,-0.0232457448431887,0.00287443874337699,-0.000640473936879964,-0.00367123964175351,-30.1695855819377,0.0887622863490245,-0.0738432654317177,0.00732569687973786,-0.00223928670088072,-0.00981528601206101,-30,0,0,0,0,0,4,3,-0.393398524098444,0.0464040973900227,1.12921513206954,0,0,0
1139,-30.0893060752188,0.0703333480864423,-0.0264237322599178,0.00351715852441106,-0.000594064834929359,-0.00268486574109109,-30.0889125418899,0.109220820571847,0.162902076291247,-0.00636661238486805,0.00731841622471413,0.00313590411765293,-30,0,0,0,0,0,4,3,0.814486322266585,-0.950283263615107,-0.639394564347787,0,0,0
1140,-30.0857959695856,0.0692641400692638,-0.0296348268971156,0.00350283285066701,-0.00154435724297016,-0.00373731750123528,-30.0601267104493,0.129007150456574,-0.0296666590512735,0.0155641006774009,0.00351169795468215,0.00795682104015043,-30,0,0,0,0,0,4,3,-1.43615664684149,-0.609184096381364,-0.736348785912496,0,0,0
1141,-30.0830281940549,0.0674152027024437,-0.0330383201407735,0.00203286274395655,-0.00215352654884711,-0.00306935123749957,-30.2493014856679,0.124697676706013,-0.0396682961252646,0.000447278851867864,-0.00455212103898834,-0.00604586240838742,-30,0,0,0,0,0,4,3,0.453875086148928,0.205816750486808,0.683922833089271,0,0,0
1142,-30.0805900029113,0.0653645849678186,-0.0360857438374807,0.0028435336528608,-0.00194771415026258,-0.0030256664796223,-30.0969623683788,0.100590775659121,-0.0768072430085381,-0.000951333724063468,-0.00317091758364909,-0.0102885077413301,-30,0,0,0,0,0,4,3,0.289058109163998,0.115910207046667,1.18246526015008,0,0,0
1143,-30.0771942946782,0.0634748298603133,-0.0388723305831244,0.00394799369215905,-0.00183180617734113,-0.00254774297760852,-30.051035488168,0.0476612942043749,-0.167426233009894,0.00364747119886532,0.000714383073573944,0.00547079939545811,-30,0,0,0,0,0,4,3,-0.262676143550509,-0.166760895766144,-0.212227473526023,0,0,0
1144,-30.0734143307861,0.0615596466994413,-0.0413896359452961,0.00361195056381652,-0.00199856442135721,-0.00248679603001726,-30.1637373708186,0.136579781087516,-0.359430555972411,-0.00335172034340645,0.0064712820680182,0.0011379272017873,-30,0,0,0,0,0,4,3,0.662646775977764,-0.920287768976852,0.605068391766091,0,0,0
1145,-30.0693641864179,0.059100937465046,-0.0439623816837241,0.00448830752909974,-0.00291885882863946,-0.00265887928684337,-30.0921956277448,0.0750320098625189,-0.223348678063767,0.00991100426937234,-0.0176145964426771,-0.0189632704969479,-30,0,0,0,0,0,4,3,-0.806709171447591,1.61139562454268,2.34302440582233,0,0,0
1146,-30.0641982100035,0.0569877850852695,-0.0455953446555486,0.00584408406808787,-0.00130745291921259,-0.000607331488690008,-30.1015289406983,-0.0206783189601216,0.0220164611584282,0.022866530833174,0.0115638105515016,0.0114376915296895,-30,0,0,0,0,0,4,3,-2.08359520192085,-1.11502441722991,-1.18780207528581,0,0,0
1147,-30.0594633210229,0.0551228326487159,-0.0457492240701395,0.00362589100325497,-0.00242245596608191,0.000300043063920738,-29.9738944776234,0.00406270891386917,-0.0347749923443834,-0.0040842824425966,0.00374765006750677,-0.0346544582845827,-30,0,0,0,0,0,4,3,0.356217199506424,-0.382890424578415,3.53499581314704,0,0,0
1148,-30.0543306859435,0.0525089327416768,-0.044520701868507,0.00663977285774965,-0.0028053476601464,0.00215636917544553,-30.1001334789913,0.131808344067445,-0.057662758134336,0.0228758537565992,-0.0150957672568071,-0.01363646035721,-30,0,0,0,0,0,4,3,-2.08731841767727,1.24596003754582,1.47897155198967,0,0,0
1149,-30.0477426924239,0.0503265811259972,-0.0410959455491587,0.00653675008263565,-0.00155936430099171,0.0046931696243016,-30.0652287345756,-0.0542609279853483,-0.0319464859032324,0.00648869111745585,-0.0088631014742812,0.00318452649935553,-30,0,0,0,0,0,4,3,-0.518411642594439,0.994832003398817,-0.254559678129088,0,0,0
1150,-30.041465471315,0.0492646374904561,-0.0362844485291525,0.00601774415343198,-0.000564526951961319,0.00492993800752105,-30.0656722704093,0.0163605110401932,0.0386001316669368,0.0261800387980645,0.00841249365804463,0.0133780648748221,-30,0,0,0,0,0,4,3,-2.48665933898778,-0.87397038788485,-1.41500675081608,0,0,0
1151,-30.0367666231964,0.0482631414601338,-0.0308085387276885,0.00338018317220381,-0.00143847183439493,0.00602243794292652,-30.0733555355757,0.104402219001203,0.0278684113043266,-0.00597484855119048,0.00590923312446962,-0.00744629394651655,-30,0,0,0,0,0,4,3,0.744195926270385,-0.799727750449367,0.688892572043001,0,0,0
1152,-30.0328867840142,0.0464248062577162,-0.0248800174409718,0.00437945696574399,-0.00223820702705909,0.00583439933735033,-29.8540344616125,0.192463259991005,0.018673678220064,-0.00154581172149538,-0.00190331602014,0.00649360112088755,-30,0,0,0,0,0,4,3,-0.137349904625519,-0.19459491796801,-0.686707468528883,0,0,0
1153,-30.0288218185022,0.0440893051776073,-0.0192086764404103,0.00375040852151077,-0.00243280097085236,0.00550841746200017,-29.9783056586825,-0.0503551040361987,-0.0872712492102437,0.00397219574109935,-0.0067012493289835,0.0191038854812197,-30,0,0,0,0,0,4,3,-0.440608256744954,0.770835140970748,-1.73584604970148,0,0,0
1154,-30.0258947760205,0.0420419265468032,-0.0140614350846297,0.00210352818335737,-0.00166196237506809,0.00478641304843498,-30.1480494484721,-0.0322757087271329,-0.0566244259194819,-0.0155330824426691,-0.0209991722633599,0.00783509035806214,-30,0,0,0,0,0,4,3,1.84940714121115,2.16446864379026,-0.67026018396725,0,0,0
1155,-30.0234961698738,0.0414621911140738,-0.0102208268272431,0.00269328918161103,0.000502486066467375,0.00289468238638023,-29.8292098273726,0.182265197286032,-0.189020914178687,0.0104730508064953,0.00478785768818496,-0.0116304753028927,-30,0,0,0,0,0,4,3,-1.38888542590432,-0.843316163390559,1.54108935864664,0,0,0
1156,-30.0206138309482,0.0415430304547673,-0.00631444973466929,0.00307181295195981,-0.000340814184190379,0.00491799705251256,-30.0242234229716,0.0286028325092444,0.0165194836973953,0.00650665967024422,-0.00243005542147499,0.00576257436206187,-30,0,0,0,0,0,4,3,-0.602219121081212,0.18579987712901,-0.609296403600978,0,0,0
1157,-30.0179674544674,0.0412951223158495,-0.00135017624995534,0.00222096119222542,-0.000155008319334059,0.00501073067799075,-29.9197520450725,0.0334451860958321,-0.0621963910680421,-0.00696644739442115,-0.00724057864899294,-0.00325883274442286,-30,0,0,0,0,0,4,3,0.536148829587207,0.65716749270763,0.45027605657837,0,0,0
1158,-30.0154054101161,0.0414686980649866,0.00357625577950351,0.00290309441657717,0.000502153780497091,0.00484199344985178,-29.9945393709736,0.0524143174461202,-0.104342804641184,0.014740947792886,0.00778939246008651,0.0137643242408962,-30,0,0,0,0,0,4,3,-1.48501603734135,-0.883767880900892,-1.16774681480725,0,0,0
1159,-30.0134174046309,0.0415289783971695,0.00864670552885427,0.00107301481733699,-0.000381599098476003,0.00529928926183539,-30.0291604169089,0.0426869012710617,0.0532974687147572,-0.00130908913978245,0.0128771744624601,-0.00239097853907825,-30,0,0,0,0,0,4,3,0.189229747795963,-1.37309124878813,0.132502916478311,0,0,0
1160,-30.0122347543091,0.0404608358526156,0.0139036267365988,0.00129226981306123,-0.001754692269066,0.00521451127596966,-29.8775433923116,-0.100765881324759,-0.249228764450257,-0.00420170957033467,-0.00411846770956874,-0.00706882713348151,-30,0,0,0,0,0,4,3,0.17525774165674,0.613378533606391,1.20534024224867,0,0,0
1161,-30.0104102683961,0.0390128351180244,0.0194060644573849,0.00235682370541082,-0.00114131473958388,0.00579014671518957,-29.9718253180983,0.0242477208642532,-0.0357531596628379,0.00754767042105583,0.0003474288875232,-0.00330807837651831,-30,0,0,0,0,0,4,3,-0.81111640590889,-0.0832383304808264,0.402314156977507,0,0,0
1162,-30.0081389966035,0.0378299100840809,0.0256330301981401,0.00218590334134755,-0.00122454413434358,0.00666382180714966,-29.9436108390841,-0.177861742076765,0.143647339993837,0.00665938652100214,-0.00176159253362023,0.00603263456755841,-30,0,0,0,0,0,4,3,-0.778716973932083,0.531882737515554,-0.890558136743516,0,0,0
1163,-30.0065430205389,0.0368713149648477,0.0323298106377525,0.00100606750394932,-0.000692653730884594,0.0067299891399229,-30.1426800574946,0.0520061278055946,0.0100066849962149,-0.00410213428728607,0.00156223750088462,0.00468900119293609,-30,0,0,0,0,0,4,3,0.695573543717817,-0.260236005699651,-0.488913489286039,0,0,0
1164,-30.0055211734743,0.0360485422501622,0.0386277961488965,0.0010374493014777,-0.000952897505136193,0.00586597804084811,-30.0518186392218,-0.188023284470793,0.117446853850406,-0.00631236740615468,-3.33431294634089E-05,0.00567201208357219,-30,0,0,0,0,0,4,3,0.73487401905911,0.379380881887928,-0.80209491605803,0,0,0
1165,-30.0045813648382,0.0352853338898205,0.0439514742129814,0.000841948669200104,-0.000573525035523545,0.00478141851199431,-30.0915822863344,0.111318357471339,-0.0376119279141828,0.00372866045888048,-0.00760692177469098,-0.00589060035574243,-30,0,0,0,0,0,4,3,-0.189701473219211,0.538055462526421,0.664283891402608,0,0,0
1166,-30.0035325820345,0.0349808401030075,0.0490019977007072,0.00125572690984818,-3.54670725220947E-05,0.00531954418816049,-30.1375795931794,0.015018262106577,0.10884311969486,0.00357096762175346,-0.00149927183374179,0.00514384802113441,-30,0,0,0,0,0,4,3,-0.0819375758165758,0.119890659161025,-0.732071041503162,0,0,0
1167,-30.0025937801467,0.0350053206911681,0.0541259874271765,0.00062179796412237,8.44239356969646E-05,0.00492857042744662,-30.0781118357545,-0.0911336936071678,0.199041586969163,-0.00770130484528491,0.00818564963760617,0.00544795666000057,-30,0,0,0,0,0,4,3,0.926354156037545,-0.636297576546282,-0.942878839938382,0,0,0
1168,-30.0020690425805,0.0347715930162662,0.0583937623909017,0.000427406832356977,-0.000551884195598482,0.00360702162049588,-29.9904451513091,0.0327189400750281,0.207857100481693,0.011553151293372,0.00626414259521036,0.00422173705372052,-30,0,0,0,0,0,4,3,-1.17442482671898,-0.691852139671092,-0.837887906335437,0,0,0
1169,-30.0023310088888,0.0338737902444886,0.0622097150944286,-0.000951250097944453,-0.00124372441301584,0.00402517162719778,-29.8722988372166,-0.0253793917916989,0.171275132691844,0.00151265041892769,-0.0160471898247061,-0.00130574160770465,-30,0,0,0,0,0,4,3,-0.406667367459539,1.65547776605401,-0.211976104613223,0,0,0
1170,-30.0034902733042,0.0334578088527447,0.0663269426752859,-0.00136723864943998,0.000411757542762634,0.00420937171755635,-30.1909065894893,0.221115821278429,0.120233151891107,0.00150717210969507,0.0113149350142561,-0.00342747695292216,-30,0,0,0,0,0,4,3,0.231095968009039,-1.57372514398247,0.102281391510003,0,0,0
1171,-30.0047479161674,0.0330827056545104,0.0704687494368544,-0.00114807148627024,-0.00116196999047426,0.00407419975068098,-29.9965213126908,-0.0574583056376867,0.177362404361819,0.00156922291741677,-0.00651485574505283,0.000118912609158529,-30,0,0,0,0,0,4,3,-0.163879666360128,0.766402185780656,-0.366616069639491,0,0,0
1172,-30.0060925567865,0.0323039399320506,0.0744917983142589,-0.00154122858595445,-0.00039556631903308,0.00397198059779948,-30.0632739721195,0.11574651136758,0.0886127454302482,-0.0120051119377229,-0.00587693685613304,-0.0144463255382771,-30,0,0,0,0,0,4,3,1.32705913801129,0.356200662878144,1.26740706296721,0,0,0
1173,-30.0067293028773,0.0320864703941529,0.0783090292672402,0.000267678370319666,-3.9378902747374E-05,0.00366211335167243,-30.0461191874858,0.0758987315640866,0.273377796771078,-0.0358676711601458,0.0109554714499413,0.0175823591053516,-30,0,0,0,0,0,4,3,3.67900549098615,-1.24734460812231,-2.30499150407731,0,0,0
1174,-30.0062772908185,0.0314234014444462,0.079801574713644,0.000635460104970395,-0.00128676440038782,-0.000677095055029223,-30.0916019323468,-0.123575813220706,0.0680431654794378,-0.00489980790366059,-0.00361562817835405,-0.0143701610888214,-30,0,0,0,0,0,4,3,0.673184655059576,0.608714444276818,1.30092977792327,0,0,0
1175,-30.0049224670182,0.0304409934863883,0.0792394849091801,0.00207423916318686,-0.000678056204387415,-0.000447374663544726,-30.0884847872655,0.0537590763725109,-0.0440314765508026,0.0073014030382645,8.95285453624934E-05,-0.0199773539053897,-30,0,0,0,0,0,4,3,-0.553170729295464,-0.116471007281271,2.08579834364058,0,0,0
1176,-30.0021833104267,0.0297047082557253,0.0796322022811602,0.0034044150528984,-0.00079451982009929,0.00123253774430107,-29.9657947945659,0.120555846980018,0.244557257728598,-0.00757216967036342,-0.0024250066290976,0.00623581255653319,-30,0,0,0,0,0,4,3,0.688806556168074,0.00138896894972418,-1.11269577111052,0,0,0
1177,-29.9990190621824,0.0289108819874281,0.080247259158301,0.00292383263604994,-0.000793138994747797,-2.32281733351589E-06,-29.9701167858614,-0.0482919817272923,0.139585941515244,-0.00128371158511817,0.0331572936943009,0.00852104142377305,-30,0,0,0,0,0,4,3,0.0686047302346595,-3.21914540597551,-1.13127602540779,0,0,0
1178,-29.9965296621263,0.0265081718513337,0.0798702688245165,0.00205482137111769,-0.00401228594235832,-0.000751478123550109,-29.8631116281616,0.313815517754164,0.0641711299588825,0.00989980981452417,-0.016122558357334,0.00322895744236291,-30,0,0,0,0,0,4,3,-1.26375772512927,0.984624800225076,-0.451238004154056,0,0,0
1179,-29.9950371475946,0.0229882070543646,0.0794816456873268,0.000930358488771835,-0.00302764798950757,-2.55377226497377E-05,-29.8166462512397,0.187260074239877,0.244645325131148,-0.0206627249135661,-0.0116142979977176,-0.0142486917555822,-30,0,0,0,0,0,4,3,1.69956499383605,0.786909651292008,0.93557852529592,0,0,0
1180,-29.9932254999838,0.0203540072301852,0.0790492899861708,0.00269277523279195,-0.00224075579869327,-0.000839530527897319,-30.0362373086296,0.0230307935849828,0.0560533853630264,0.0224262557248302,-0.00529219003530546,-0.0017513760644657,-30,0,0,0,0,0,4,3,-2.17015095522386,0.48315741636058,0.0630308357205167,0,0,0
1181,-29.99116036788,0.0183548441617315,0.0790897464790713,0.00143785024854338,-0.00175757518916379,0.000920700305982475,-29.765934425485,0.00404112107788207,0.22201694590123,0.00112578867495113,0.0029296956808893,0.00622099489298249,-30,0,0,0,0,0,4,3,-0.580710016525049,-0.301051810244694,-1.06613338110071,0,0,0
1182,-29.9903254399771,0.0164467483140478,0.0799166470820462,0.000231972024174341,-0.00205862157174943,0.000733346704876264,-30.0129928907824,-0.0247211546169441,-0.0465448293618674,0.0114977391541698,-0.00152281390777945,0.00242660588300118,-30,0,0,0,0,0,4,3,-1.12378813385222,0.201723700011833,-0.149570929576383,0,0,0
1183,-29.9904918242156,0.0144889973955196,0.0810487316432102,-0.000564574907033397,-0.00185688599391656,0.00153098548909142,-29.9380840622844,0.0287422338540397,0.101475564123046,-0.00715223213093742,-0.00573269979669586,0.00232515328605082,-30,0,0,0,0,0,4,3,0.591391337662528,0.515785511961507,-0.435466456851173,0,0,0
1184,-29.9910558992594,0.0128900056828473,0.0822061549826109,-0.000563725027905155,-0.00134110710725605,0.000783866530937441,-30.0955230696088,0.0074843329550031,0.0937556916020034,0.0155557414345336,0.0118688041453845,-0.0128876903124874,-30,0,0,0,0,0,4,3,-1.36452800423571,-1.20184908044845,1.10125764804473,0,0,0
1185,-29.9915882068864,0.0109479852266888,0.0838597798477717,-0.00050053653699695,-0.00254294084918198,0.00252337005796508,-29.8943497913086,-0.00506966389059674,0.0620436549730179,-0.000253308961585832,0.000651495165070382,-0.00230284074586905,-30,0,0,0,0,0,4,3,-0.185969521224162,-0.0550101887258447,0.106196764640869,0,0,0
1186,-29.9921031688769,0.00837754512965181,0.0864830748951668,-0.000529344552348024,-0.0025979489730347,0.00272322778756373,-29.9314745545533,-0.0390971637520023,0.0263761835093912,0.00191926351728498,0.00282296663623492,0.00774991401501302,-30,0,0,0,0,0,4,3,-0.328977242621876,-0.204102336119487,-0.827743768520085,0,0,0
1187,-29.9930640878651,0.00567754864850299,0.0890847699038601,-0.00139253982418904,-0.00280204839135335,0.00248033866383117,-30.0087115340082,-0.0902154761840325,0.238954723051717,-0.0132897049866373,-0.0126376490950418,-0.00297811823788157,-30,0,0,0,0,0,4,3,1.34639356668022,1.44419586187225,-0.180097622315278,0,0,0
1188,-29.994128573198,0.00359759349190688,0.0909652089632756,-0.000736670503293391,-0.00135786701857739,0.00128040825229381,-30.0134963310317,0.041220937813545,0.0679053242994937,0.00137686516009499,-0.0010846455543482,0.0065895905953916,-30,0,0,0,0,0,4,3,-0.110693853946029,0.0260226798077301,-0.794769708138148,0,0,0
1189,-29.9952191511391,0.00225274234886939,0.0920467644432446,-0.00144456153585508,-0.00133184372640887,0.000882847860484461,-29.9555331640063,-0.116242378218682,0.194616792574743,-0.0183331806450159,0.000652709143473019,0.0047455108928844,-30,0,0,0,0,0,4,3,1.74438439251423,0.167213842090063,-0.863784674437926,0,0,0
1190,-29.9964926002467,0.00100450085692797,0.091965933077353,-0.00110271840524757,-0.00116464910690893,-0.00104458295017781,-29.8925299115462,-0.14503534369864,0.181173193500066,0.00797286411613884,0.000557681369971507,0.0104271964573591,-30,0,0,0,0,0,4,3,-1.01222658852144,0.234302550400129,-1.40506603273604,0,0,0
1191,-29.9984639549823,-4.29892098707988E-05,0.0909031415046442,-0.00283999326716481,-0.000930336769129577,-0.00108065237822803,-29.9355604866102,-0.135347351709194,0.136723889821472,0.00108627567764281,-0.000626799480728216,-0.00166018053351696,-30,0,0,0,0,0,4,3,-0.237506594543981,0.33337465149121,-0.107429726291248,0,0,0
1192,-30.0014206941422,-0.000806635373298406,0.0898805261267739,-0.00307345707260942,-0.000596959662859987,-0.000964531514163926,-30.0686691241931,-0.0531968733583527,0.00580374196773407,-0.00481593288560586,0.0136074589115455,0.00065666056136113,-30,0,0,0,0,0,4,3,0.618931536946786,-1.25435214443784,-0.0772735400715811,0,0,0
1193,-30.0043438366442,-0.00203077402986159,0.0886390489106613,-0.00277293348536178,-0.00185131846808904,-0.00151848458316201,-30.0362540413629,-0.101598654176394,-0.147052579161867,-0.00833072672022729,0.00858040758686431,-0.00708298719452889,-30,0,0,0,0,0,4,3,0.905580754748505,-0.654843450333643,1.00240387777662,0,0,0
1194,-30.006447583773,-0.0042095154772066,0.087049364128886,-0.00143458503638245,-0.00250617085875734,-0.0016611526773216,-30.0421514514716,-0.0295511914134408,0.183114680957145,-0.00248075110548458,0.000273124877219457,-0.014959591126697,-30,0,0,0,0,0,4,3,0.332378013491601,0.0317898951049358,1.12972975075541,0,0,0
1195,-30.007332266964,-0.00669978959472995,0.0855845065640197,-0.000334697309271908,-0.00247438369651133,-0.00126878288896578,-29.8290125298059,-0.000994587587490059,-0.0532286346962181,0.00976792707124857,0.00467076075211785,0.000729317896896001,-30,0,0,0,0,0,4,3,-1.318767647513,-0.465086900036805,0.0335254797028361,0,0,0
1196,-30.0080482319295,-0.00940670699915565,0.0848496795159269,-0.00109701638538496,-0.0029394565061864,-0.000200716016557507,-30.1366374943729,0.0154405950888684,0.0543015852032621,-0.0186313544861,0.00357947012094199,0.00789476578508071,-30,0,0,0,0,0,4,3,2.13641043735578,-0.388828202271936,-0.898079748914595,0,0,0
1197,-30.0088746048755,-0.0125405854267302,0.0835168328892894,-0.000556178110267303,-0.0033283081401236,-0.00246508511976567,-29.9626776074509,-0.00452623977785451,0.196577913613497,-0.0152388916015423,-0.000257520389219442,0.00106817742123759,-30,0,0,0,0,0,4,3,1.44924437505601,0.0348045184776532,-0.499973569350753,0,0,0
1198,-30.0092052371992,-0.0158514955060389,0.0803139582085357,-0.000105376857052862,-0.00329351943605095,-0.00394075154270368,-29.9314505821644,-0.00477791211607726,0.141453173645731,0.0129334433584629,-0.00543578113937251,-0.00703839966543672,-30,0,0,0,0,0,4,3,-1.43044317151749,0.553133938169406,0.42093361925221,0,0,0
1199,-30.0095694721924,-0.0188684373270063,0.0770674117819263,-0.000622810702928135,-0.00274036994028107,-0.00255223790553072,-30.0071146845761,0.0330981811545771,0.242139234946256,-0.00270554806937086,-0.00227673833289937,-0.00300381333438506,-30,0,0,0,0,0,4,3,0.284784176089326,0.161477470980783,-0.183897136454006,0,0,0
1200,-30.0101853077873,-0.0215280667558016,0.0743397905677563,-0.000608926746017403,-0.00257889564084065,-0.00290300534104491,-29.8964269538603,-0.00511798627023733,-0.00380201896284629,0.00445544359366147,-0.0234666580324716,0.0134364428706827,-30,0,0,0,0,0,4,3,-0.652690451645627,2.35690177578763,-1.33604024914258,0,0,0
